method,overload,trial,window_idx,true_label,pred_label,correct,snr_db,spec_corr,class_name
PROPOSED,10,0,0,0,0,1,30.32,0.9997,normal
PROPOSED,10,0,1,0,0,1,30.42,0.9998,normal
PROPOSED,10,0,2,0,0,1,30.49,0.9997,normal
PROPOSED,10,0,3,0,0,1,29.83,0.9997,normal
PROPOSED,10,0,4,0,0,1,30.55,0.9998,normal
PROPOSED,10,0,5,0,0,1,31.24,0.9998,normal
PROPOSED,10,0,6,0,0,1,30.96,0.9998,normal
PROPOSED,10,0,7,0,0,1,30.03,0.9997,normal
PROPOSED,10,0,8,0,0,1,30.66,0.9998,normal
PROPOSED,10,0,9,0,0,1,31.72,0.9998,normal
PROPOSED,10,0,10,0,0,1,29.09,0.9997,normal
PROPOSED,10,0,11,0,0,1,30.73,0.9998,normal
PROPOSED,10,0,12,0,0,1,32.25,0.9998,normal
PROPOSED,10,0,13,0,0,1,30.13,0.9997,normal
PROPOSED,10,0,14,0,0,1,29.56,0.9997,normal
PROPOSED,10,0,15,0,0,1,30.90,0.9998,normal
PROPOSED,10,0,16,0,0,1,30.97,0.9998,normal
PROPOSED,10,0,17,0,0,1,31.23,0.9998,normal
PROPOSED,10,0,18,0,0,1,30.55,0.9997,normal
PROPOSED,10,0,19,1,1,1,18.81,0.9945,inner_race
PROPOSED,10,0,20,1,1,1,18.84,0.9943,inner_race
PROPOSED,10,0,21,1,1,1,19.98,0.9958,inner_race
PROPOSED,10,0,22,1,1,1,19.38,0.9957,inner_race
PROPOSED,10,0,23,1,1,1,20.79,0.9967,inner_race
PROPOSED,10,0,24,1,1,1,19.61,0.9951,inner_race
PROPOSED,10,0,25,1,1,1,18.13,0.9935,inner_race
PROPOSED,10,0,26,1,1,1,18.91,0.9950,inner_race
PROPOSED,10,0,27,1,1,1,18.52,0.9943,inner_race
PROPOSED,10,0,28,1,1,1,19.21,0.9946,inner_race
PROPOSED,10,0,29,1,1,1,19.82,0.9959,inner_race
PROPOSED,10,0,30,1,1,1,17.96,0.9940,inner_race
PROPOSED,10,0,31,1,1,1,18.54,0.9946,inner_race
PROPOSED,10,0,32,1,1,1,20.62,0.9962,inner_race
PROPOSED,10,0,33,1,1,1,19.89,0.9952,inner_race
PROPOSED,10,0,34,1,1,1,18.83,0.9953,inner_race
PROPOSED,10,0,35,1,1,1,18.34,0.9927,inner_race
PROPOSED,10,0,36,1,1,1,20.20,0.9959,inner_race
PROPOSED,10,0,37,1,1,1,19.76,0.9955,inner_race
PROPOSED,10,0,38,2,2,1,16.37,0.9927,ball_fault
PROPOSED,10,0,39,2,2,1,15.88,0.9936,ball_fault
PROPOSED,10,0,40,2,2,1,15.14,0.9896,ball_fault
PROPOSED,10,0,41,2,2,1,15.65,0.9913,ball_fault
PROPOSED,10,0,42,2,2,1,15.01,0.9890,ball_fault
PROPOSED,10,0,43,2,2,1,16.29,0.9927,ball_fault
PROPOSED,10,0,44,2,2,1,15.78,0.9920,ball_fault
PROPOSED,10,0,45,2,2,1,15.74,0.9908,ball_fault
PROPOSED,10,0,46,2,2,1,15.98,0.9914,ball_fault
PROPOSED,10,0,47,2,2,1,13.63,0.9878,ball_fault
PROPOSED,10,0,48,2,2,1,13.70,0.9868,ball_fault
PROPOSED,10,0,49,2,2,1,14.16,0.9887,ball_fault
PROPOSED,10,0,50,2,2,1,16.09,0.9924,ball_fault
PROPOSED,10,0,51,2,2,1,16.29,0.9934,ball_fault
PROPOSED,10,0,52,2,2,1,15.79,0.9921,ball_fault
PROPOSED,10,0,53,2,2,1,17.31,0.9935,ball_fault
PROPOSED,10,0,54,2,2,1,15.99,0.9916,ball_fault
PROPOSED,10,0,55,2,2,1,15.25,0.9917,ball_fault
PROPOSED,10,0,56,2,2,1,16.27,0.9940,ball_fault
PROPOSED,10,1,0,0,0,1,30.32,0.9997,normal
PROPOSED,10,1,1,0,0,1,30.31,0.9997,normal
PROPOSED,10,1,2,0,0,1,30.42,0.9997,normal
PROPOSED,10,1,3,0,0,1,29.99,0.9997,normal
PROPOSED,10,1,4,0,0,1,30.68,0.9998,normal
PROPOSED,10,1,5,0,0,1,31.10,0.9998,normal
PROPOSED,10,1,6,0,0,1,31.20,0.9998,normal
PROPOSED,10,1,7,0,0,1,30.08,0.9997,normal
PROPOSED,10,1,8,0,0,1,30.64,0.9998,normal
PROPOSED,10,1,9,0,0,1,31.72,0.9998,normal
PROPOSED,10,1,10,0,0,1,28.98,0.9996,normal
PROPOSED,10,1,11,0,0,1,30.51,0.9997,normal
PROPOSED,10,1,12,0,0,1,31.80,0.9998,normal
PROPOSED,10,1,13,0,0,1,29.49,0.9997,normal
PROPOSED,10,1,14,0,0,1,29.27,0.9997,normal
PROPOSED,10,1,15,0,0,1,30.90,0.9998,normal
PROPOSED,10,1,16,0,0,1,30.97,0.9998,normal
PROPOSED,10,1,17,0,0,1,31.33,0.9998,normal
PROPOSED,10,1,18,0,0,1,30.44,0.9997,normal
PROPOSED,10,1,19,1,1,1,18.81,0.9945,inner_race
PROPOSED,10,1,20,1,1,1,18.84,0.9943,inner_race
PROPOSED,10,1,21,1,1,1,19.80,0.9956,inner_race
PROPOSED,10,1,22,1,1,1,19.39,0.9957,inner_race
PROPOSED,10,1,23,1,1,1,20.96,0.9966,inner_race
PROPOSED,10,1,24,1,1,1,19.48,0.9950,inner_race
PROPOSED,10,1,25,1,1,1,18.13,0.9935,inner_race
PROPOSED,10,1,26,1,1,1,18.94,0.9950,inner_race
PROPOSED,10,1,27,1,1,1,18.74,0.9945,inner_race
PROPOSED,10,1,28,1,1,1,19.31,0.9948,inner_race
PROPOSED,10,1,29,1,1,1,20.13,0.9960,inner_race
PROPOSED,10,1,30,1,1,1,17.59,0.9936,inner_race
PROPOSED,10,1,31,1,1,1,18.52,0.9946,inner_race
PROPOSED,10,1,32,1,1,1,20.85,0.9964,inner_race
PROPOSED,10,1,33,1,1,1,19.73,0.9949,inner_race
PROPOSED,10,1,34,1,1,1,18.64,0.9947,inner_race
PROPOSED,10,1,35,1,1,1,18.47,0.9926,inner_race
PROPOSED,10,1,36,1,1,1,20.52,0.9963,inner_race
PROPOSED,10,1,37,1,1,1,19.28,0.9950,inner_race
PROPOSED,10,1,38,2,2,1,16.26,0.9926,ball_fault
PROPOSED,10,1,39,2,2,1,15.48,0.9931,ball_fault
PROPOSED,10,1,40,2,2,1,15.17,0.9897,ball_fault
PROPOSED,10,1,41,2,2,1,15.76,0.9916,ball_fault
PROPOSED,10,1,42,2,2,1,15.40,0.9897,ball_fault
PROPOSED,10,1,43,2,2,1,16.30,0.9927,ball_fault
PROPOSED,10,1,44,2,2,1,15.91,0.9914,ball_fault
PROPOSED,10,1,45,2,2,1,15.51,0.9906,ball_fault
PROPOSED,10,1,46,2,2,1,16.04,0.9915,ball_fault
PROPOSED,10,1,47,2,2,1,13.58,0.9877,ball_fault
PROPOSED,10,1,48,2,2,1,13.83,0.9872,ball_fault
PROPOSED,10,1,49,2,2,1,14.16,0.9886,ball_fault
PROPOSED,10,1,50,2,2,1,15.55,0.9915,ball_fault
PROPOSED,10,1,51,2,2,1,16.25,0.9934,ball_fault
PROPOSED,10,1,52,2,2,1,15.75,0.9920,ball_fault
PROPOSED,10,1,53,2,2,1,17.07,0.9932,ball_fault
PROPOSED,10,1,54,2,2,1,15.99,0.9916,ball_fault
PROPOSED,10,1,55,2,2,1,15.37,0.9917,ball_fault
PROPOSED,10,1,56,2,2,1,16.57,0.9944,ball_fault
PROPOSED,10,2,0,0,0,1,30.57,0.9998,normal
PROPOSED,10,2,1,0,0,1,30.42,0.9998,normal
PROPOSED,10,2,2,0,0,1,30.57,0.9998,normal
PROPOSED,10,2,3,0,0,1,29.85,0.9997,normal
PROPOSED,10,2,4,0,0,1,30.81,0.9998,normal
PROPOSED,10,2,5,0,0,1,31.43,0.9998,normal
PROPOSED,10,2,6,0,0,1,31.23,0.9998,normal
PROPOSED,10,2,7,0,0,1,29.98,0.9997,normal
PROPOSED,10,2,8,0,0,1,30.73,0.9998,normal
PROPOSED,10,2,9,0,0,1,31.72,0.9998,normal
PROPOSED,10,2,10,0,0,1,28.98,0.9996,normal
PROPOSED,10,2,11,0,0,1,30.70,0.9998,normal
PROPOSED,10,2,12,0,0,1,31.82,0.9998,normal
PROPOSED,10,2,13,0,0,1,29.51,0.9997,normal
PROPOSED,10,2,14,0,0,1,29.27,0.9997,normal
PROPOSED,10,2,15,0,0,1,30.81,0.9998,normal
PROPOSED,10,2,16,0,0,1,30.81,0.9997,normal
PROPOSED,10,2,17,0,0,1,31.09,0.9997,normal
PROPOSED,10,2,18,0,0,1,30.48,0.9998,normal
PROPOSED,10,2,19,1,1,1,18.81,0.9945,inner_race
PROPOSED,10,2,20,1,1,1,18.82,0.9941,inner_race
PROPOSED,10,2,21,1,1,1,19.80,0.9956,inner_race
PROPOSED,10,2,22,1,1,1,19.40,0.9957,inner_race
PROPOSED,10,2,23,1,1,1,21.05,0.9967,inner_race
PROPOSED,10,2,24,1,1,1,19.36,0.9949,inner_race
PROPOSED,10,2,25,1,1,1,18.13,0.9935,inner_race
PROPOSED,10,2,26,1,1,1,18.93,0.9950,inner_race
PROPOSED,10,2,27,1,1,1,18.56,0.9941,inner_race
PROPOSED,10,2,28,1,1,1,19.08,0.9946,inner_race
PROPOSED,10,2,29,1,1,1,19.64,0.9957,inner_race
PROPOSED,10,2,30,1,1,1,17.56,0.9937,inner_race
PROPOSED,10,2,31,1,1,1,18.52,0.9946,inner_race
PROPOSED,10,2,32,1,1,1,20.75,0.9964,inner_race
PROPOSED,10,2,33,1,1,1,19.84,0.9951,inner_race
PROPOSED,10,2,34,1,1,1,18.33,0.9945,inner_race
PROPOSED,10,2,35,1,1,1,18.55,0.9928,inner_race
PROPOSED,10,2,36,1,1,1,20.30,0.9961,inner_race
PROPOSED,10,2,37,1,1,1,19.18,0.9949,inner_race
PROPOSED,10,2,38,2,2,1,16.20,0.9928,ball_fault
PROPOSED,10,2,39,2,2,1,15.43,0.9928,ball_fault
PROPOSED,10,2,40,2,2,1,15.05,0.9896,ball_fault
PROPOSED,10,2,41,2,2,1,15.74,0.9911,ball_fault
PROPOSED,10,2,42,2,2,1,15.13,0.9894,ball_fault
PROPOSED,10,2,43,2,2,1,16.19,0.9924,ball_fault
PROPOSED,10,2,44,2,2,1,15.54,0.9916,ball_fault
PROPOSED,10,2,45,2,2,1,15.61,0.9907,ball_fault
PROPOSED,10,2,46,2,2,1,15.97,0.9913,ball_fault
PROPOSED,10,2,47,2,2,1,13.45,0.9873,ball_fault
PROPOSED,10,2,48,2,2,1,13.66,0.9866,ball_fault
PROPOSED,10,2,49,2,2,1,14.03,0.9881,ball_fault
PROPOSED,10,2,50,2,2,1,16.13,0.9923,ball_fault
PROPOSED,10,2,51,2,2,1,15.93,0.9928,ball_fault
PROPOSED,10,2,52,2,2,1,15.75,0.9920,ball_fault
PROPOSED,10,2,53,2,2,1,17.07,0.9932,ball_fault
PROPOSED,10,2,54,2,2,1,16.23,0.9920,ball_fault
PROPOSED,10,2,55,2,2,1,15.21,0.9914,ball_fault
PROPOSED,10,2,56,2,2,1,16.21,0.9938,ball_fault
PROPOSED,10,3,0,0,0,1,30.47,0.9998,normal
PROPOSED,10,3,1,0,0,1,30.37,0.9997,normal
PROPOSED,10,3,2,0,0,1,30.42,0.9997,normal
PROPOSED,10,3,3,0,0,1,29.83,0.9997,normal
PROPOSED,10,3,4,0,0,1,30.92,0.9998,normal
PROPOSED,10,3,5,0,0,1,31.43,0.9998,normal
PROPOSED,10,3,6,0,0,1,31.23,0.9998,normal
PROPOSED,10,3,7,0,0,1,30.03,0.9997,normal
PROPOSED,10,3,8,0,0,1,30.66,0.9998,normal
PROPOSED,10,3,9,0,0,1,31.72,0.9998,normal
PROPOSED,10,3,10,0,0,1,29.01,0.9997,normal
PROPOSED,10,3,11,0,0,1,30.70,0.9998,normal
PROPOSED,10,3,12,0,0,1,32.03,0.9998,normal
PROPOSED,10,3,13,0,0,1,31.50,0.9998,normal
PROPOSED,10,3,14,0,0,1,29.31,0.9997,normal
PROPOSED,10,3,15,0,0,1,30.90,0.9998,normal
PROPOSED,10,3,16,0,0,1,31.08,0.9998,normal
PROPOSED,10,3,17,0,0,1,31.48,0.9998,normal
PROPOSED,10,3,18,0,0,1,30.66,0.9998,normal
PROPOSED,10,3,19,1,1,1,18.90,0.9946,inner_race
PROPOSED,10,3,20,1,1,1,18.96,0.9945,inner_race
PROPOSED,10,3,21,1,1,1,19.87,0.9956,inner_race
PROPOSED,10,3,22,1,1,1,19.40,0.9957,inner_race
PROPOSED,10,3,23,1,1,1,21.00,0.9966,inner_race
PROPOSED,10,3,24,1,1,1,19.64,0.9951,inner_race
PROPOSED,10,3,25,1,1,1,18.34,0.9941,inner_race
PROPOSED,10,3,26,1,1,1,19.02,0.9951,inner_race
PROPOSED,10,3,27,1,1,1,18.43,0.9939,inner_race
PROPOSED,10,3,28,1,1,1,19.28,0.9949,inner_race
PROPOSED,10,3,29,1,1,1,19.92,0.9960,inner_race
PROPOSED,10,3,30,1,1,1,17.96,0.9940,inner_race
PROPOSED,10,3,31,1,1,1,18.54,0.9946,inner_race
PROPOSED,10,3,32,1,1,1,20.75,0.9963,inner_race
PROPOSED,10,3,33,1,1,1,19.84,0.9951,inner_race
PROPOSED,10,3,34,1,1,1,18.90,0.9952,inner_race
PROPOSED,10,3,35,1,1,1,18.66,0.9935,inner_race
PROPOSED,10,3,36,1,1,1,20.61,0.9963,inner_race
PROPOSED,10,3,37,1,1,1,19.44,0.9951,inner_race
PROPOSED,10,3,38,2,2,1,16.35,0.9929,ball_fault
PROPOSED,10,3,39,2,2,1,15.71,0.9933,ball_fault
PROPOSED,10,3,40,2,2,1,15.17,0.9897,ball_fault
PROPOSED,10,3,41,2,2,1,16.04,0.9918,ball_fault
PROPOSED,10,3,42,2,2,1,15.37,0.9896,ball_fault
PROPOSED,10,3,43,2,2,1,16.42,0.9928,ball_fault
PROPOSED,10,3,44,2,2,1,15.80,0.9919,ball_fault
PROPOSED,10,3,45,2,2,1,15.72,0.9908,ball_fault
PROPOSED,10,3,46,2,2,1,15.99,0.9912,ball_fault
PROPOSED,10,3,47,2,2,1,13.64,0.9878,ball_fault
PROPOSED,10,3,48,2,2,1,13.87,0.9874,ball_fault
PROPOSED,10,3,49,2,2,1,13.93,0.9875,ball_fault
PROPOSED,10,3,50,2,2,1,16.39,0.9928,ball_fault
PROPOSED,10,3,51,2,2,1,16.33,0.9934,ball_fault
PROPOSED,10,3,52,2,2,1,16.12,0.9925,ball_fault
PROPOSED,10,3,53,2,2,1,17.44,0.9938,ball_fault
PROPOSED,10,3,54,2,2,1,16.43,0.9922,ball_fault
PROPOSED,10,3,55,2,2,1,15.48,0.9921,ball_fault
PROPOSED,10,3,56,2,2,1,16.41,0.9943,ball_fault
PROPOSED,10,4,0,0,0,1,30.57,0.9998,normal
PROPOSED,10,4,1,0,0,1,30.49,0.9998,normal
PROPOSED,10,4,2,0,0,1,30.57,0.9998,normal
PROPOSED,10,4,3,0,0,1,29.98,0.9997,normal
PROPOSED,10,4,4,0,0,1,30.78,0.9998,normal
PROPOSED,10,4,5,0,0,1,31.37,0.9998,normal
PROPOSED,10,4,6,0,0,1,31.34,0.9998,normal
PROPOSED,10,4,7,0,0,1,30.33,0.9997,normal
PROPOSED,10,4,8,0,0,1,31.08,0.9998,normal
PROPOSED,10,4,9,0,0,1,31.96,0.9998,normal
PROPOSED,10,4,10,0,0,1,29.09,0.9997,normal
PROPOSED,10,4,11,0,0,1,30.82,0.9998,normal
PROPOSED,10,4,12,0,0,1,32.03,0.9998,normal
PROPOSED,10,4,13,0,0,1,29.65,0.9997,normal
PROPOSED,10,4,14,0,0,1,29.52,0.9997,normal
PROPOSED,10,4,15,0,0,1,30.90,0.9998,normal
PROPOSED,10,4,16,0,0,1,31.18,0.9998,normal
PROPOSED,10,4,17,0,0,1,31.48,0.9998,normal
PROPOSED,10,4,18,0,0,1,30.66,0.9998,normal
PROPOSED,10,4,19,1,1,1,19.04,0.9948,inner_race
PROPOSED,10,4,20,1,1,1,19.07,0.9945,inner_race
PROPOSED,10,4,21,1,1,1,20.09,0.9959,inner_race
PROPOSED,10,4,22,1,1,1,19.40,0.9957,inner_race
PROPOSED,10,4,23,1,1,1,21.01,0.9967,inner_race
PROPOSED,10,4,24,1,1,1,19.49,0.9950,inner_race
PROPOSED,10,4,25,1,1,1,18.31,0.9942,inner_race
PROPOSED,10,4,26,1,1,1,19.16,0.9952,inner_race
PROPOSED,10,4,27,1,1,1,18.76,0.9944,inner_race
PROPOSED,10,4,28,1,1,1,19.72,0.9951,inner_race
PROPOSED,10,4,29,1,1,1,19.85,0.9959,inner_race
PROPOSED,10,4,30,1,1,1,17.95,0.9940,inner_race
PROPOSED,10,4,31,1,1,1,18.52,0.9946,inner_race
PROPOSED,10,4,32,1,1,1,20.61,0.9962,inner_race
PROPOSED,10,4,33,1,1,1,19.81,0.9950,inner_race
PROPOSED,10,4,34,1,1,1,19.10,0.9951,inner_race
PROPOSED,10,4,35,1,1,1,18.34,0.9922,inner_race
PROPOSED,10,4,36,1,1,1,20.20,0.9959,inner_race
PROPOSED,10,4,37,1,1,1,19.68,0.9955,inner_race
PROPOSED,10,4,38,2,2,1,16.37,0.9927,ball_fault
PROPOSED,10,4,39,2,2,1,15.51,0.9930,ball_fault
PROPOSED,10,4,40,2,2,1,15.44,0.9904,ball_fault
PROPOSED,10,4,41,2,2,1,15.94,0.9915,ball_fault
PROPOSED,10,4,42,2,2,1,15.22,0.9895,ball_fault
PROPOSED,10,4,43,2,2,1,16.42,0.9927,ball_fault
PROPOSED,10,4,44,2,2,1,15.52,0.9918,ball_fault
PROPOSED,10,4,45,2,2,1,15.61,0.9907,ball_fault
PROPOSED,10,4,46,2,2,1,16.02,0.9914,ball_fault
PROPOSED,10,4,47,2,2,1,13.58,0.9877,ball_fault
PROPOSED,10,4,48,2,2,1,13.87,0.9874,ball_fault
PROPOSED,10,4,49,2,2,1,13.99,0.9873,ball_fault
PROPOSED,10,4,50,2,2,1,16.27,0.9924,ball_fault
PROPOSED,10,4,51,2,2,1,16.52,0.9939,ball_fault
PROPOSED,10,4,52,2,2,1,15.96,0.9922,ball_fault
PROPOSED,10,4,53,2,2,1,17.31,0.9935,ball_fault
PROPOSED,10,4,54,2,2,1,16.48,0.9924,ball_fault
PROPOSED,10,4,55,2,2,1,15.28,0.9916,ball_fault
PROPOSED,10,4,56,2,2,1,16.48,0.9944,ball_fault
PROPOSED,20,0,0,0,0,1,27.61,0.9995,normal
PROPOSED,20,0,1,0,0,1,26.91,0.9995,normal
PROPOSED,20,0,2,0,0,1,27.37,0.9994,normal
PROPOSED,20,0,3,0,0,1,27.00,0.9995,normal
PROPOSED,20,0,4,0,0,1,27.30,0.9995,normal
PROPOSED,20,0,5,0,0,1,28.07,0.9996,normal
PROPOSED,20,0,6,0,0,1,27.83,0.9995,normal
PROPOSED,20,0,7,0,0,1,27.02,0.9994,normal
PROPOSED,20,0,8,0,0,1,27.34,0.9995,normal
PROPOSED,20,0,9,0,0,1,27.86,0.9996,normal
PROPOSED,20,0,10,0,0,1,25.83,0.9993,normal
PROPOSED,20,0,11,0,0,1,26.59,0.9993,normal
PROPOSED,20,0,12,0,0,1,27.78,0.9995,normal
PROPOSED,20,0,13,0,0,1,26.73,0.9994,normal
PROPOSED,20,0,14,0,0,1,26.13,0.9994,normal
PROPOSED,20,0,15,0,0,1,27.70,0.9995,normal
PROPOSED,20,0,16,0,0,1,27.60,0.9996,normal
PROPOSED,20,0,17,0,0,1,27.45,0.9995,normal
PROPOSED,20,0,18,0,0,1,26.18,0.9993,normal
PROPOSED,20,0,19,1,1,1,14.98,0.9864,inner_race
PROPOSED,20,0,20,1,1,1,15.37,0.9887,inner_race
PROPOSED,20,0,21,1,1,1,16.58,0.9909,inner_race
PROPOSED,20,0,22,1,1,1,15.94,0.9897,inner_race
PROPOSED,20,0,23,1,1,1,16.82,0.9916,inner_race
PROPOSED,20,0,24,1,1,1,16.33,0.9899,inner_race
PROPOSED,20,0,25,1,1,1,14.70,0.9856,inner_race
PROPOSED,20,0,26,1,1,1,15.56,0.9884,inner_race
PROPOSED,20,0,27,1,1,1,15.69,0.9882,inner_race
PROPOSED,20,0,28,1,1,1,15.98,0.9906,inner_race
PROPOSED,20,0,29,1,1,1,16.35,0.9914,inner_race
PROPOSED,20,0,30,1,1,1,15.20,0.9882,inner_race
PROPOSED,20,0,31,1,1,1,14.84,0.9855,inner_race
PROPOSED,20,0,32,1,1,1,16.37,0.9912,inner_race
PROPOSED,20,0,33,1,1,1,15.86,0.9890,inner_race
PROPOSED,20,0,34,1,1,1,14.97,0.9874,inner_race
PROPOSED,20,0,35,1,1,1,15.67,0.9863,inner_race
PROPOSED,20,0,36,1,1,1,16.22,0.9906,inner_race
PROPOSED,20,0,37,1,1,1,15.63,0.9881,inner_race
PROPOSED,20,0,38,2,2,1,12.38,0.9831,ball_fault
PROPOSED,20,0,39,2,2,1,11.93,0.9831,ball_fault
PROPOSED,20,0,40,2,2,1,11.73,0.9804,ball_fault
PROPOSED,20,0,41,2,2,1,12.10,0.9814,ball_fault
PROPOSED,20,0,42,2,2,1,11.37,0.9755,ball_fault
PROPOSED,20,0,43,2,2,1,13.44,0.9860,ball_fault
PROPOSED,20,0,44,2,2,1,11.89,0.9822,ball_fault
PROPOSED,20,0,45,2,2,1,11.65,0.9787,ball_fault
PROPOSED,20,0,46,2,2,1,12.59,0.9794,ball_fault
PROPOSED,20,0,47,2,2,1,11.18,0.9773,ball_fault
PROPOSED,20,0,48,2,2,1,10.56,0.9706,ball_fault
PROPOSED,20,0,49,2,2,1,11.47,0.9780,ball_fault
PROPOSED,20,0,50,2,2,1,13.28,0.9854,ball_fault
PROPOSED,20,0,51,2,2,1,13.72,0.9869,ball_fault
PROPOSED,20,0,52,2,2,1,12.39,0.9809,ball_fault
PROPOSED,20,0,53,2,2,1,13.08,0.9823,ball_fault
PROPOSED,20,0,54,2,2,1,13.50,0.9854,ball_fault
PROPOSED,20,0,55,2,2,1,10.85,0.9776,ball_fault
PROPOSED,20,0,56,2,2,1,13.24,0.9870,ball_fault
PROPOSED,20,1,0,0,0,1,27.61,0.9995,normal
PROPOSED,20,1,1,0,0,1,27.05,0.9995,normal
PROPOSED,20,1,2,0,0,1,27.35,0.9994,normal
PROPOSED,20,1,3,0,0,1,27.03,0.9995,normal
PROPOSED,20,1,4,0,0,1,27.30,0.9995,normal
PROPOSED,20,1,5,0,0,1,28.07,0.9996,normal
PROPOSED,20,1,6,0,0,1,27.79,0.9995,normal
PROPOSED,20,1,7,0,0,1,27.02,0.9994,normal
PROPOSED,20,1,8,0,0,1,27.28,0.9995,normal
PROPOSED,20,1,9,0,0,1,27.90,0.9996,normal
PROPOSED,20,1,10,0,0,1,25.66,0.9992,normal
PROPOSED,20,1,11,0,0,1,26.45,0.9993,normal
PROPOSED,20,1,12,0,0,1,27.53,0.9994,normal
PROPOSED,20,1,13,0,0,1,26.73,0.9994,normal
PROPOSED,20,1,14,0,0,1,26.06,0.9993,normal
PROPOSED,20,1,15,0,0,1,27.57,0.9995,normal
PROPOSED,20,1,16,0,0,1,27.72,0.9996,normal
PROPOSED,20,1,17,0,0,1,27.46,0.9995,normal
PROPOSED,20,1,18,0,0,1,26.18,0.9993,normal
PROPOSED,20,1,19,1,1,1,14.81,0.9863,inner_race
PROPOSED,20,1,20,1,1,1,15.16,0.9880,inner_race
PROPOSED,20,1,21,1,1,1,16.38,0.9908,inner_race
PROPOSED,20,1,22,1,1,1,15.88,0.9896,inner_race
PROPOSED,20,1,23,1,1,1,16.82,0.9916,inner_race
PROPOSED,20,1,24,1,1,1,16.13,0.9902,inner_race
PROPOSED,20,1,25,1,1,1,14.61,0.9850,inner_race
PROPOSED,20,1,26,1,1,1,15.52,0.9882,inner_race
PROPOSED,20,1,27,1,1,1,15.77,0.9885,inner_race
PROPOSED,20,1,28,1,1,1,15.90,0.9906,inner_race
PROPOSED,20,1,29,1,1,1,16.16,0.9911,inner_race
PROPOSED,20,1,30,1,1,1,15.01,0.9874,inner_race
PROPOSED,20,1,31,1,1,1,14.73,0.9850,inner_race
PROPOSED,20,1,32,1,1,1,16.44,0.9916,inner_race
PROPOSED,20,1,33,1,1,1,15.62,0.9885,inner_race
PROPOSED,20,1,34,1,1,1,15.38,0.9878,inner_race
PROPOSED,20,1,35,1,1,1,15.79,0.9870,inner_race
PROPOSED,20,1,36,1,1,1,16.17,0.9907,inner_race
PROPOSED,20,1,37,1,1,1,15.58,0.9879,inner_race
PROPOSED,20,1,38,2,2,1,12.40,0.9828,ball_fault
PROPOSED,20,1,39,2,2,1,11.90,0.9834,ball_fault
PROPOSED,20,1,40,2,2,1,11.96,0.9810,ball_fault
PROPOSED,20,1,41,2,2,1,12.08,0.9819,ball_fault
PROPOSED,20,1,42,2,2,1,11.34,0.9759,ball_fault
PROPOSED,20,1,43,2,2,1,13.08,0.9855,ball_fault
PROPOSED,20,1,44,2,2,1,12.27,0.9830,ball_fault
PROPOSED,20,1,45,2,2,1,11.57,0.9784,ball_fault
PROPOSED,20,1,46,2,2,1,12.61,0.9793,ball_fault
PROPOSED,20,1,47,2,2,1,11.18,0.9773,ball_fault
PROPOSED,20,1,48,2,2,1,10.56,0.9706,ball_fault
PROPOSED,20,1,49,2,2,1,11.26,0.9769,ball_fault
PROPOSED,20,1,50,2,2,1,13.42,0.9862,ball_fault
PROPOSED,20,1,51,2,2,1,13.47,0.9858,ball_fault
PROPOSED,20,1,52,2,2,1,12.67,0.9824,ball_fault
PROPOSED,20,1,53,2,2,1,13.40,0.9843,ball_fault
PROPOSED,20,1,54,2,2,1,13.41,0.9856,ball_fault
PROPOSED,20,1,55,2,2,1,10.73,0.9780,ball_fault
PROPOSED,20,1,56,2,2,1,13.16,0.9864,ball_fault
PROPOSED,20,2,0,0,0,1,27.61,0.9995,normal
PROPOSED,20,2,1,0,0,1,26.98,0.9995,normal
PROPOSED,20,2,2,0,0,1,27.64,0.9995,normal
PROPOSED,20,2,3,0,0,1,27.05,0.9995,normal
PROPOSED,20,2,4,0,0,1,27.39,0.9995,normal
PROPOSED,20,2,5,0,0,1,27.86,0.9996,normal
PROPOSED,20,2,6,0,0,1,27.79,0.9995,normal
PROPOSED,20,2,7,0,0,1,26.94,0.9993,normal
PROPOSED,20,2,8,0,0,1,27.28,0.9995,normal
PROPOSED,20,2,9,0,0,1,27.90,0.9996,normal
PROPOSED,20,2,10,0,0,1,25.75,0.9993,normal
PROPOSED,20,2,11,0,0,1,26.44,0.9993,normal
PROPOSED,20,2,12,0,0,1,27.37,0.9994,normal
PROPOSED,20,2,13,0,0,1,26.73,0.9994,normal
PROPOSED,20,2,14,0,0,1,25.85,0.9993,normal
PROPOSED,20,2,15,0,0,1,27.57,0.9995,normal
PROPOSED,20,2,16,0,0,1,27.70,0.9996,normal
PROPOSED,20,2,17,0,0,1,27.35,0.9995,normal
PROPOSED,20,2,18,0,0,1,26.25,0.9993,normal
PROPOSED,20,2,19,1,1,1,14.84,0.9870,inner_race
PROPOSED,20,2,20,1,1,1,15.19,0.9880,inner_race
PROPOSED,20,2,21,1,1,1,16.49,0.9909,inner_race
PROPOSED,20,2,22,1,1,1,15.94,0.9897,inner_race
PROPOSED,20,2,23,1,1,1,16.82,0.9916,inner_race
PROPOSED,20,2,24,1,1,1,16.47,0.9910,inner_race
PROPOSED,20,2,25,1,1,1,14.70,0.9856,inner_race
PROPOSED,20,2,26,1,1,1,15.60,0.9884,inner_race
PROPOSED,20,2,27,1,1,1,15.82,0.9886,inner_race
PROPOSED,20,2,28,1,1,1,15.80,0.9898,inner_race
PROPOSED,20,2,29,1,1,1,16.16,0.9911,inner_race
PROPOSED,20,2,30,1,1,1,15.01,0.9874,inner_race
PROPOSED,20,2,31,1,1,1,14.89,0.9863,inner_race
PROPOSED,20,2,32,1,1,1,16.58,0.9919,inner_race
PROPOSED,20,2,33,1,1,1,15.86,0.9890,inner_race
PROPOSED,20,2,34,1,1,1,15.02,0.9868,inner_race
PROPOSED,20,2,35,1,1,1,15.84,0.9872,inner_race
PROPOSED,20,2,36,1,1,1,16.16,0.9901,inner_race
PROPOSED,20,2,37,1,1,1,15.29,0.9869,inner_race
PROPOSED,20,2,38,2,2,1,12.39,0.9829,ball_fault
PROPOSED,20,2,39,2,2,1,12.00,0.9843,ball_fault
PROPOSED,20,2,40,2,2,1,11.96,0.9811,ball_fault
PROPOSED,20,2,41,2,2,1,12.14,0.9825,ball_fault
PROPOSED,20,2,42,2,2,1,11.43,0.9763,ball_fault
PROPOSED,20,2,43,2,2,1,13.04,0.9852,ball_fault
PROPOSED,20,2,44,2,2,1,11.94,0.9824,ball_fault
PROPOSED,20,2,45,2,2,1,11.65,0.9787,ball_fault
PROPOSED,20,2,46,2,2,1,12.69,0.9796,ball_fault
PROPOSED,20,2,47,2,2,1,11.25,0.9783,ball_fault
PROPOSED,20,2,48,2,2,1,10.63,0.9710,ball_fault
PROPOSED,20,2,49,2,2,1,11.36,0.9772,ball_fault
PROPOSED,20,2,50,2,2,1,13.66,0.9861,ball_fault
PROPOSED,20,2,51,2,2,1,13.39,0.9856,ball_fault
PROPOSED,20,2,52,2,2,1,12.23,0.9808,ball_fault
PROPOSED,20,2,53,2,2,1,13.33,0.9835,ball_fault
PROPOSED,20,2,54,2,2,1,13.41,0.9855,ball_fault
PROPOSED,20,2,55,2,2,1,10.68,0.9768,ball_fault
PROPOSED,20,2,56,2,2,1,13.16,0.9864,ball_fault
PROPOSED,20,3,0,0,0,1,27.61,0.9995,normal
PROPOSED,20,3,1,0,0,1,26.98,0.9995,normal
PROPOSED,20,3,2,0,0,1,27.24,0.9994,normal
PROPOSED,20,3,3,0,0,1,27.03,0.9995,normal
PROPOSED,20,3,4,0,0,1,27.41,0.9995,normal
PROPOSED,20,3,5,0,0,1,28.05,0.9996,normal
PROPOSED,20,3,6,0,0,1,27.79,0.9995,normal
PROPOSED,20,3,7,0,0,1,26.94,0.9994,normal
PROPOSED,20,3,8,0,0,1,27.40,0.9995,normal
PROPOSED,20,3,9,0,0,1,27.85,0.9996,normal
PROPOSED,20,3,10,0,0,1,25.74,0.9993,normal
PROPOSED,20,3,11,0,0,1,26.48,0.9993,normal
PROPOSED,20,3,12,0,0,1,27.09,0.9994,normal
PROPOSED,20,3,13,0,0,1,26.68,0.9994,normal
PROPOSED,20,3,14,0,0,1,25.98,0.9993,normal
PROPOSED,20,3,15,0,0,1,27.57,0.9995,normal
PROPOSED,20,3,16,0,0,1,27.68,0.9996,normal
PROPOSED,20,3,17,0,0,1,27.43,0.9995,normal
PROPOSED,20,3,18,0,0,1,26.27,0.9993,normal
PROPOSED,20,3,19,1,1,1,14.84,0.9870,inner_race
PROPOSED,20,3,20,1,1,1,15.21,0.9883,inner_race
PROPOSED,20,3,21,1,1,1,16.44,0.9907,inner_race
PROPOSED,20,3,22,1,1,1,15.88,0.9896,inner_race
PROPOSED,20,3,23,1,1,1,16.82,0.9916,inner_race
PROPOSED,20,3,24,1,1,1,16.13,0.9902,inner_race
PROPOSED,20,3,25,1,1,1,14.61,0.9850,inner_race
PROPOSED,20,3,26,1,1,1,15.52,0.9882,inner_race
PROPOSED,20,3,27,1,1,1,15.69,0.9882,inner_race
PROPOSED,20,3,28,1,1,1,15.91,0.9902,inner_race
PROPOSED,20,3,29,1,1,1,16.16,0.9911,inner_race
PROPOSED,20,3,30,1,1,1,15.01,0.9874,inner_race
PROPOSED,20,3,31,1,1,1,14.79,0.9850,inner_race
PROPOSED,20,3,32,1,1,1,16.43,0.9913,inner_race
PROPOSED,20,3,33,1,1,1,15.62,0.9885,inner_race
PROPOSED,20,3,34,1,1,1,15.29,0.9876,inner_race
PROPOSED,20,3,35,1,1,1,15.75,0.9868,inner_race
PROPOSED,20,3,36,1,1,1,16.09,0.9905,inner_race
PROPOSED,20,3,37,1,1,1,15.63,0.9881,inner_race
PROPOSED,20,3,38,2,2,1,12.20,0.9806,ball_fault
PROPOSED,20,3,39,2,2,1,11.88,0.9847,ball_fault
PROPOSED,20,3,40,2,2,1,11.84,0.9806,ball_fault
PROPOSED,20,3,41,2,2,1,12.10,0.9814,ball_fault
PROPOSED,20,3,42,2,2,1,11.44,0.9757,ball_fault
PROPOSED,20,3,43,2,2,1,13.33,0.9859,ball_fault
PROPOSED,20,3,44,2,2,1,12.01,0.9823,ball_fault
PROPOSED,20,3,45,2,2,1,11.59,0.9781,ball_fault
PROPOSED,20,3,46,2,2,1,12.61,0.9793,ball_fault
PROPOSED,20,3,47,2,2,1,11.15,0.9765,ball_fault
PROPOSED,20,3,48,2,2,1,10.63,0.9709,ball_fault
PROPOSED,20,3,49,2,2,1,11.30,0.9769,ball_fault
PROPOSED,20,3,50,2,2,1,13.03,0.9852,ball_fault
PROPOSED,20,3,51,2,2,1,13.39,0.9856,ball_fault
PROPOSED,20,3,52,2,2,1,12.15,0.9805,ball_fault
PROPOSED,20,3,53,2,2,1,13.08,0.9823,ball_fault
PROPOSED,20,3,54,2,2,1,13.32,0.9852,ball_fault
PROPOSED,20,3,55,2,2,1,10.77,0.9786,ball_fault
PROPOSED,20,3,56,2,2,1,13.19,0.9867,ball_fault
PROPOSED,20,4,0,0,0,1,27.61,0.9995,normal
PROPOSED,20,4,1,0,0,1,27.05,0.9995,normal
PROPOSED,20,4,2,0,0,1,27.20,0.9994,normal
PROPOSED,20,4,3,0,0,1,26.97,0.9995,normal
PROPOSED,20,4,4,0,0,1,27.22,0.9995,normal
PROPOSED,20,4,5,0,0,1,27.98,0.9996,normal
PROPOSED,20,4,6,0,0,1,27.86,0.9995,normal
PROPOSED,20,4,7,0,0,1,26.94,0.9993,normal
PROPOSED,20,4,8,0,0,1,27.19,0.9994,normal
PROPOSED,20,4,9,0,0,1,27.90,0.9996,normal
PROPOSED,20,4,10,0,0,1,25.66,0.9992,normal
PROPOSED,20,4,11,0,0,1,26.49,0.9993,normal
PROPOSED,20,4,12,0,0,1,27.34,0.9994,normal
PROPOSED,20,4,13,0,0,1,26.74,0.9994,normal
PROPOSED,20,4,14,0,0,1,26.13,0.9994,normal
PROPOSED,20,4,15,0,0,1,27.57,0.9995,normal
PROPOSED,20,4,16,0,0,1,27.60,0.9996,normal
PROPOSED,20,4,17,0,0,1,27.40,0.9995,normal
PROPOSED,20,4,18,0,0,1,26.18,0.9993,normal
PROPOSED,20,4,19,1,1,1,14.79,0.9874,inner_race
PROPOSED,20,4,20,1,1,1,15.16,0.9880,inner_race
PROPOSED,20,4,21,1,1,1,16.38,0.9908,inner_race
PROPOSED,20,4,22,1,1,1,15.88,0.9896,inner_race
PROPOSED,20,4,23,1,1,1,16.82,0.9916,inner_race
PROPOSED,20,4,24,1,1,1,16.22,0.9902,inner_race
PROPOSED,20,4,25,1,1,1,14.70,0.9856,inner_race
PROPOSED,20,4,26,1,1,1,15.60,0.9884,inner_race
PROPOSED,20,4,27,1,1,1,15.81,0.9884,inner_race
PROPOSED,20,4,28,1,1,1,15.88,0.9902,inner_race
PROPOSED,20,4,29,1,1,1,16.26,0.9913,inner_race
PROPOSED,20,4,30,1,1,1,15.30,0.9883,inner_race
PROPOSED,20,4,31,1,1,1,14.99,0.9865,inner_race
PROPOSED,20,4,32,1,1,1,16.37,0.9912,inner_race
PROPOSED,20,4,33,1,1,1,15.86,0.9890,inner_race
PROPOSED,20,4,34,1,1,1,14.90,0.9873,inner_race
PROPOSED,20,4,35,1,1,1,15.86,0.9872,inner_race
PROPOSED,20,4,36,1,1,1,16.41,0.9911,inner_race
PROPOSED,20,4,37,1,1,1,15.17,0.9859,inner_race
PROPOSED,20,4,38,2,2,1,12.20,0.9806,ball_fault
PROPOSED,20,4,39,2,2,1,11.91,0.9830,ball_fault
PROPOSED,20,4,40,2,2,1,11.98,0.9812,ball_fault
PROPOSED,20,4,41,2,2,1,12.30,0.9824,ball_fault
PROPOSED,20,4,42,2,2,1,11.37,0.9755,ball_fault
PROPOSED,20,4,43,2,2,1,13.08,0.9855,ball_fault
PROPOSED,20,4,44,2,2,1,11.79,0.9804,ball_fault
PROPOSED,20,4,45,2,2,1,11.65,0.9787,ball_fault
PROPOSED,20,4,46,2,2,1,12.83,0.9809,ball_fault
PROPOSED,20,4,47,2,2,1,11.32,0.9782,ball_fault
PROPOSED,20,4,48,2,2,1,10.63,0.9710,ball_fault
PROPOSED,20,4,49,2,2,1,11.43,0.9779,ball_fault
PROPOSED,20,4,50,2,2,1,13.28,0.9855,ball_fault
PROPOSED,20,4,51,2,2,1,13.43,0.9856,ball_fault
PROPOSED,20,4,52,2,2,1,12.23,0.9808,ball_fault
PROPOSED,20,4,53,2,2,1,13.08,0.9823,ball_fault
PROPOSED,20,4,54,2,2,1,13.41,0.9855,ball_fault
PROPOSED,20,4,55,2,2,1,10.88,0.9782,ball_fault
PROPOSED,20,4,56,2,2,1,13.12,0.9863,ball_fault
PROPOSED,30,0,0,0,0,1,26.34,0.9994,normal
PROPOSED,30,0,1,0,0,1,26.08,0.9994,normal
PROPOSED,30,0,2,0,0,1,26.45,0.9993,normal
PROPOSED,30,0,3,0,0,1,25.83,0.9993,normal
PROPOSED,30,0,4,0,0,1,26.28,0.9994,normal
PROPOSED,30,0,5,0,0,1,26.84,0.9995,normal
PROPOSED,30,0,6,0,0,1,26.92,0.9994,normal
PROPOSED,30,0,7,0,0,1,25.90,0.9992,normal
PROPOSED,30,0,8,0,0,1,26.20,0.9993,normal
PROPOSED,30,0,9,0,0,1,26.91,0.9995,normal
PROPOSED,30,0,10,0,0,1,24.81,0.9991,normal
PROPOSED,30,0,11,0,0,1,25.55,0.9992,normal
PROPOSED,30,0,12,0,0,1,26.04,0.9992,normal
PROPOSED,30,0,13,0,0,1,25.81,0.9993,normal
PROPOSED,30,0,14,0,0,1,25.25,0.9992,normal
PROPOSED,30,0,15,0,0,1,26.31,0.9993,normal
PROPOSED,30,0,16,0,0,1,26.18,0.9994,normal
PROPOSED,30,0,17,0,0,1,26.21,0.9994,normal
PROPOSED,30,0,18,0,0,1,25.24,0.9991,normal
PROPOSED,30,0,19,1,1,1,13.74,0.9829,inner_race
PROPOSED,30,0,20,1,1,1,14.00,0.9844,inner_race
PROPOSED,30,0,21,1,1,1,15.71,0.9883,inner_race
PROPOSED,30,0,22,1,1,1,14.91,0.9875,inner_race
PROPOSED,30,0,23,1,1,1,15.59,0.9887,inner_race
PROPOSED,30,0,24,1,1,1,15.28,0.9877,inner_race
PROPOSED,30,0,25,1,1,1,13.95,0.9828,inner_race
PROPOSED,30,0,26,1,1,1,14.66,0.9867,inner_race
PROPOSED,30,0,27,1,1,1,14.65,0.9845,inner_race
PROPOSED,30,0,28,1,1,1,14.38,0.9861,inner_race
PROPOSED,30,0,29,1,1,1,14.62,0.9880,inner_race
PROPOSED,30,0,30,1,1,1,13.97,0.9847,inner_race
PROPOSED,30,0,31,1,1,1,13.48,0.9810,inner_race
PROPOSED,30,0,32,1,1,1,15.50,0.9892,inner_race
PROPOSED,30,0,33,1,1,1,13.85,0.9828,inner_race
PROPOSED,30,0,34,1,1,1,14.26,0.9854,inner_race
PROPOSED,30,0,35,1,1,1,15.11,0.9844,inner_race
PROPOSED,30,0,36,1,1,1,14.75,0.9876,inner_race
PROPOSED,30,0,37,1,1,1,13.91,0.9810,inner_race
PROPOSED,30,0,38,2,2,1,11.47,0.9778,ball_fault
PROPOSED,30,0,39,2,2,1,11.03,0.9784,ball_fault
PROPOSED,30,0,40,2,2,1,10.83,0.9751,ball_fault
PROPOSED,30,0,41,2,2,1,11.22,0.9762,ball_fault
PROPOSED,30,0,42,2,2,1,10.17,0.9684,ball_fault
PROPOSED,30,0,43,2,2,1,11.94,0.9796,ball_fault
PROPOSED,30,0,44,2,2,1,11.31,0.9794,ball_fault
PROPOSED,30,0,45,2,2,1,10.88,0.9727,ball_fault
PROPOSED,30,0,46,2,2,1,11.60,0.9750,ball_fault
PROPOSED,30,0,47,2,2,1,10.44,0.9735,ball_fault
PROPOSED,30,0,48,2,2,1,10.33,0.9701,ball_fault
PROPOSED,30,0,49,2,2,1,10.36,0.9702,ball_fault
PROPOSED,30,0,50,2,2,1,12.03,0.9813,ball_fault
PROPOSED,30,0,51,2,2,1,11.72,0.9795,ball_fault
PROPOSED,30,0,52,2,2,1,10.67,0.9706,ball_fault
PROPOSED,30,0,53,2,2,1,11.59,0.9759,ball_fault
PROPOSED,30,0,54,2,2,1,11.80,0.9779,ball_fault
PROPOSED,30,0,55,2,2,1,10.01,0.9727,ball_fault
PROPOSED,30,0,56,2,2,1,11.93,0.9801,ball_fault
PROPOSED,30,1,0,0,0,1,26.41,0.9994,normal
PROPOSED,30,1,1,0,0,1,25.99,0.9994,normal
PROPOSED,30,1,2,0,0,1,26.51,0.9993,normal
PROPOSED,30,1,3,0,0,1,25.90,0.9993,normal
PROPOSED,30,1,4,0,0,1,26.33,0.9994,normal
PROPOSED,30,1,5,0,0,1,26.87,0.9995,normal
PROPOSED,30,1,6,0,0,1,26.88,0.9994,normal
PROPOSED,30,1,7,0,0,1,25.86,0.9991,normal
PROPOSED,30,1,8,0,0,1,26.20,0.9993,normal
PROPOSED,30,1,9,0,0,1,26.84,0.9995,normal
PROPOSED,30,1,10,0,0,1,24.60,0.9990,normal
PROPOSED,30,1,11,0,0,1,25.74,0.9992,normal
PROPOSED,30,1,12,0,0,1,26.04,0.9992,normal
PROPOSED,30,1,13,0,0,1,25.81,0.9993,normal
PROPOSED,30,1,14,0,0,1,25.10,0.9992,normal
PROPOSED,30,1,15,0,0,1,26.31,0.9993,normal
PROPOSED,30,1,16,0,0,1,26.18,0.9994,normal
PROPOSED,30,1,17,0,0,1,26.21,0.9994,normal
PROPOSED,30,1,18,0,0,1,25.24,0.9991,normal
PROPOSED,30,1,19,1,1,1,13.62,0.9821,inner_race
PROPOSED,30,1,20,1,1,1,14.14,0.9852,inner_race
PROPOSED,30,1,21,1,1,1,15.73,0.9881,inner_race
PROPOSED,30,1,22,1,1,1,15.00,0.9878,inner_race
PROPOSED,30,1,23,1,1,1,15.17,0.9863,inner_race
PROPOSED,30,1,24,1,1,1,15.59,0.9889,inner_race
PROPOSED,30,1,25,1,1,1,13.95,0.9828,inner_race
PROPOSED,30,1,26,1,1,1,14.70,0.9866,inner_race
PROPOSED,30,1,27,1,1,1,14.64,0.9843,inner_race
PROPOSED,30,1,28,1,1,1,14.77,0.9876,inner_race
PROPOSED,30,1,29,1,1,1,14.77,0.9893,inner_race
PROPOSED,30,1,30,1,1,1,13.94,0.9833,inner_race
PROPOSED,30,1,31,1,1,1,13.40,0.9803,inner_race
PROPOSED,30,1,32,1,1,1,15.38,0.9889,inner_race
PROPOSED,30,1,33,1,1,1,13.95,0.9828,inner_race
PROPOSED,30,1,34,1,1,1,14.18,0.9849,inner_race
PROPOSED,30,1,35,1,1,1,15.11,0.9844,inner_race
PROPOSED,30,1,36,1,1,1,14.60,0.9874,inner_race
PROPOSED,30,1,37,1,1,1,13.91,0.9810,inner_race
PROPOSED,30,1,38,2,2,1,11.47,0.9778,ball_fault
PROPOSED,30,1,39,2,2,1,11.03,0.9784,ball_fault
PROPOSED,30,1,40,2,2,1,10.91,0.9756,ball_fault
PROPOSED,30,1,41,2,2,1,11.19,0.9753,ball_fault
PROPOSED,30,1,42,2,2,1,9.90,0.9650,ball_fault
PROPOSED,30,1,43,2,2,1,11.82,0.9793,ball_fault
PROPOSED,30,1,44,2,2,1,11.33,0.9786,ball_fault
PROPOSED,30,1,45,2,2,1,11.22,0.9734,ball_fault
PROPOSED,30,1,46,2,2,1,11.43,0.9752,ball_fault
PROPOSED,30,1,47,2,2,1,10.52,0.9734,ball_fault
PROPOSED,30,1,48,2,2,1,10.33,0.9701,ball_fault
PROPOSED,30,1,49,2,2,1,10.30,0.9695,ball_fault
PROPOSED,30,1,50,2,2,1,12.61,0.9833,ball_fault
PROPOSED,30,1,51,2,2,1,11.63,0.9794,ball_fault
PROPOSED,30,1,52,2,2,1,10.73,0.9713,ball_fault
PROPOSED,30,1,53,2,2,1,11.65,0.9761,ball_fault
PROPOSED,30,1,54,2,2,1,11.88,0.9779,ball_fault
PROPOSED,30,1,55,2,2,1,9.94,0.9726,ball_fault
PROPOSED,30,1,56,2,2,1,12.06,0.9812,ball_fault
PROPOSED,30,2,0,0,0,1,26.30,0.9994,normal
PROPOSED,30,2,1,0,0,1,26.10,0.9994,normal
PROPOSED,30,2,2,0,0,1,26.49,0.9993,normal
PROPOSED,30,2,3,0,0,1,25.90,0.9993,normal
PROPOSED,30,2,4,0,0,1,26.34,0.9994,normal
PROPOSED,30,2,5,0,0,1,26.87,0.9995,normal
PROPOSED,30,2,6,0,0,1,26.88,0.9994,normal
PROPOSED,30,2,7,0,0,1,25.90,0.9992,normal
PROPOSED,30,2,8,0,0,1,26.29,0.9994,normal
PROPOSED,30,2,9,0,0,1,26.83,0.9995,normal
PROPOSED,30,2,10,0,0,1,24.60,0.9990,normal
PROPOSED,30,2,11,0,0,1,25.70,0.9992,normal
PROPOSED,30,2,12,0,0,1,26.31,0.9992,normal
PROPOSED,30,2,13,0,0,1,25.81,0.9994,normal
PROPOSED,30,2,14,0,0,1,25.02,0.9992,normal
PROPOSED,30,2,15,0,0,1,26.32,0.9993,normal
PROPOSED,30,2,16,0,0,1,26.20,0.9994,normal
PROPOSED,30,2,17,0,0,1,26.38,0.9994,normal
PROPOSED,30,2,18,0,0,1,25.23,0.9991,normal
PROPOSED,30,2,19,1,1,1,13.67,0.9835,inner_race
PROPOSED,30,2,20,1,1,1,13.95,0.9841,inner_race
PROPOSED,30,2,21,1,1,1,15.66,0.9880,inner_race
PROPOSED,30,2,22,1,1,1,15.00,0.9878,inner_race
PROPOSED,30,2,23,1,1,1,15.13,0.9862,inner_race
PROPOSED,30,2,24,1,1,1,15.42,0.9883,inner_race
PROPOSED,30,2,25,1,1,1,14.22,0.9834,inner_race
PROPOSED,30,2,26,1,1,1,14.70,0.9866,inner_race
PROPOSED,30,2,27,1,1,1,14.62,0.9843,inner_race
PROPOSED,30,2,28,1,1,1,14.55,0.9868,inner_race
PROPOSED,30,2,29,1,1,1,14.52,0.9885,inner_race
PROPOSED,30,2,30,1,1,1,13.94,0.9833,inner_race
PROPOSED,30,2,31,1,1,1,13.61,0.9820,inner_race
PROPOSED,30,2,32,1,1,1,15.52,0.9888,inner_race
PROPOSED,30,2,33,1,1,1,13.95,0.9828,inner_race
PROPOSED,30,2,34,1,1,1,13.35,0.9821,inner_race
PROPOSED,30,2,35,1,1,1,15.11,0.9844,inner_race
PROPOSED,30,2,36,1,1,1,14.77,0.9870,inner_race
PROPOSED,30,2,37,1,1,1,14.12,0.9820,inner_race
PROPOSED,30,2,38,2,2,1,11.38,0.9776,ball_fault
PROPOSED,30,2,39,2,2,1,11.05,0.9783,ball_fault
PROPOSED,30,2,40,2,2,1,10.83,0.9751,ball_fault
PROPOSED,30,2,41,2,2,1,11.33,0.9762,ball_fault
PROPOSED,30,2,42,2,2,1,9.74,0.9643,ball_fault
PROPOSED,30,2,43,2,2,1,11.94,0.9796,ball_fault
PROPOSED,30,2,44,2,2,1,11.35,0.9787,ball_fault
PROPOSED,30,2,45,2,2,1,10.88,0.9727,ball_fault
PROPOSED,30,2,46,2,2,1,11.40,0.9750,ball_fault
PROPOSED,30,2,47,2,2,1,10.43,0.9734,ball_fault
PROPOSED,30,2,48,2,2,1,10.40,0.9708,ball_fault
PROPOSED,30,2,49,2,2,1,10.29,0.9697,ball_fault
PROPOSED,30,2,50,2,2,1,12.21,0.9819,ball_fault
PROPOSED,30,2,51,2,2,1,11.66,0.9796,ball_fault
PROPOSED,30,2,52,2,2,1,10.96,0.9737,ball_fault
PROPOSED,30,2,53,2,2,1,11.66,0.9765,ball_fault
PROPOSED,30,2,54,2,2,1,11.80,0.9779,ball_fault
PROPOSED,30,2,55,2,2,1,9.94,0.9726,ball_fault
PROPOSED,30,2,56,2,2,1,11.93,0.9801,ball_fault
PROPOSED,30,3,0,0,0,1,26.30,0.9994,normal
PROPOSED,30,3,1,0,0,1,26.07,0.9994,normal
PROPOSED,30,3,2,0,0,1,26.49,0.9993,normal
PROPOSED,30,3,3,0,0,1,25.83,0.9993,normal
PROPOSED,30,3,4,0,0,1,26.28,0.9994,normal
PROPOSED,30,3,5,0,0,1,26.84,0.9995,normal
PROPOSED,30,3,6,0,0,1,26.88,0.9994,normal
PROPOSED,30,3,7,0,0,1,25.90,0.9992,normal
PROPOSED,30,3,8,0,0,1,26.26,0.9993,normal
PROPOSED,30,3,9,0,0,1,26.94,0.9995,normal
PROPOSED,30,3,10,0,0,1,24.74,0.9991,normal
PROPOSED,30,3,11,0,0,1,25.59,0.9992,normal
PROPOSED,30,3,12,0,0,1,26.20,0.9992,normal
PROPOSED,30,3,13,0,0,1,25.81,0.9993,normal
PROPOSED,30,3,14,0,0,1,25.02,0.9992,normal
PROPOSED,30,3,15,0,0,1,26.32,0.9993,normal
PROPOSED,30,3,16,0,0,1,26.20,0.9994,normal
PROPOSED,30,3,17,0,0,1,26.28,0.9994,normal
PROPOSED,30,3,18,0,0,1,25.23,0.9991,normal
PROPOSED,30,3,19,1,1,1,13.67,0.9835,inner_race
PROPOSED,30,3,20,1,1,1,13.93,0.9847,inner_race
PROPOSED,30,3,21,1,1,1,15.65,0.9885,inner_race
PROPOSED,30,3,22,1,1,1,14.91,0.9875,inner_race
PROPOSED,30,3,23,1,1,1,15.13,0.9862,inner_race
PROPOSED,30,3,24,1,1,1,15.33,0.9871,inner_race
PROPOSED,30,3,25,1,1,1,13.95,0.9828,inner_race
PROPOSED,30,3,26,1,1,1,14.55,0.9864,inner_race
PROPOSED,30,3,27,1,1,1,14.64,0.9843,inner_race
PROPOSED,30,3,28,1,1,1,14.68,0.9873,inner_race
PROPOSED,30,3,29,1,1,1,14.79,0.9891,inner_race
PROPOSED,30,3,30,1,1,1,14.09,0.9837,inner_race
PROPOSED,30,3,31,1,1,1,13.77,0.9830,inner_race
PROPOSED,30,3,32,1,1,1,15.37,0.9887,inner_race
PROPOSED,30,3,33,1,1,1,13.85,0.9828,inner_race
PROPOSED,30,3,34,1,1,1,14.19,0.9846,inner_race
PROPOSED,30,3,35,1,1,1,15.04,0.9837,inner_race
PROPOSED,30,3,36,1,1,1,14.75,0.9876,inner_race
PROPOSED,30,3,37,1,1,1,14.61,0.9847,inner_race
PROPOSED,30,3,38,2,2,1,11.47,0.9778,ball_fault
PROPOSED,30,3,39,2,2,1,11.15,0.9794,ball_fault
PROPOSED,30,3,40,2,2,1,10.83,0.9751,ball_fault
PROPOSED,30,3,41,2,2,1,11.24,0.9765,ball_fault
PROPOSED,30,3,42,2,2,1,9.74,0.9643,ball_fault
PROPOSED,30,3,43,2,2,1,11.73,0.9788,ball_fault
PROPOSED,30,3,44,2,2,1,11.08,0.9775,ball_fault
PROPOSED,30,3,45,2,2,1,11.15,0.9730,ball_fault
PROPOSED,30,3,46,2,2,1,11.50,0.9756,ball_fault
PROPOSED,30,3,47,2,2,1,10.52,0.9734,ball_fault
PROPOSED,30,3,48,2,2,1,10.25,0.9699,ball_fault
PROPOSED,30,3,49,2,2,1,10.37,0.9707,ball_fault
PROPOSED,30,3,50,2,2,1,12.64,0.9836,ball_fault
PROPOSED,30,3,51,2,2,1,11.79,0.9805,ball_fault
PROPOSED,30,3,52,2,2,1,10.73,0.9713,ball_fault
PROPOSED,30,3,53,2,2,1,11.90,0.9770,ball_fault
PROPOSED,30,3,54,2,2,1,11.96,0.9797,ball_fault
PROPOSED,30,3,55,2,2,1,9.87,0.9732,ball_fault
PROPOSED,30,3,56,2,2,1,12.06,0.9812,ball_fault
PROPOSED,30,4,0,0,0,1,26.34,0.9994,normal
PROPOSED,30,4,1,0,0,1,25.95,0.9994,normal
PROPOSED,30,4,2,0,0,1,26.74,0.9994,normal
PROPOSED,30,4,3,0,0,1,25.89,0.9993,normal
PROPOSED,30,4,4,0,0,1,26.34,0.9994,normal
PROPOSED,30,4,5,0,0,1,26.84,0.9995,normal
PROPOSED,30,4,6,0,0,1,26.88,0.9994,normal
PROPOSED,30,4,7,0,0,1,25.83,0.9991,normal
PROPOSED,30,4,8,0,0,1,26.23,0.9993,normal
PROPOSED,30,4,9,0,0,1,26.77,0.9995,normal
PROPOSED,30,4,10,0,0,1,24.60,0.9990,normal
PROPOSED,30,4,11,0,0,1,25.79,0.9992,normal
PROPOSED,30,4,12,0,0,1,26.04,0.9992,normal
PROPOSED,30,4,13,0,0,1,25.91,0.9994,normal
PROPOSED,30,4,14,0,0,1,25.17,0.9992,normal
PROPOSED,30,4,15,0,0,1,26.24,0.9993,normal
PROPOSED,30,4,16,0,0,1,26.20,0.9994,normal
PROPOSED,30,4,17,0,0,1,26.28,0.9994,normal
PROPOSED,30,4,18,0,0,1,25.28,0.9991,normal
PROPOSED,30,4,19,1,1,1,13.67,0.9835,inner_race
PROPOSED,30,4,20,1,1,1,13.91,0.9847,inner_race
PROPOSED,30,4,21,1,1,1,15.62,0.9880,inner_race
PROPOSED,30,4,22,1,1,1,15.00,0.9878,inner_race
PROPOSED,30,4,23,1,1,1,15.20,0.9863,inner_race
PROPOSED,30,4,24,1,1,1,15.42,0.9883,inner_race
PROPOSED,30,4,25,1,1,1,13.95,0.9828,inner_race
PROPOSED,30,4,26,1,1,1,14.69,0.9869,inner_race
PROPOSED,30,4,27,1,1,1,14.64,0.9843,inner_race
PROPOSED,30,4,28,1,1,1,14.49,0.9863,inner_race
PROPOSED,30,4,29,1,1,1,14.75,0.9882,inner_race
PROPOSED,30,4,30,1,1,1,14.09,0.9837,inner_race
PROPOSED,30,4,31,1,1,1,13.39,0.9801,inner_race
PROPOSED,30,4,32,1,1,1,15.32,0.9886,inner_race
PROPOSED,30,4,33,1,1,1,13.95,0.9828,inner_race
PROPOSED,30,4,34,1,1,1,14.19,0.9846,inner_race
PROPOSED,30,4,35,1,1,1,15.02,0.9839,inner_race
PROPOSED,30,4,36,1,1,1,14.60,0.9873,inner_race
PROPOSED,30,4,37,1,1,1,14.49,0.9844,inner_race
PROPOSED,30,4,38,2,2,1,11.38,0.9776,ball_fault
PROPOSED,30,4,39,2,2,1,11.00,0.9783,ball_fault
PROPOSED,30,4,40,2,2,1,10.79,0.9752,ball_fault
PROPOSED,30,4,41,2,2,1,11.22,0.9762,ball_fault
PROPOSED,30,4,42,2,2,1,9.74,0.9643,ball_fault
PROPOSED,30,4,43,2,2,1,11.88,0.9794,ball_fault
PROPOSED,30,4,44,2,2,1,11.03,0.9776,ball_fault
PROPOSED,30,4,45,2,2,1,10.95,0.9732,ball_fault
PROPOSED,30,4,46,2,2,1,11.48,0.9755,ball_fault
PROPOSED,30,4,47,2,2,1,10.44,0.9735,ball_fault
PROPOSED,30,4,48,2,2,1,10.30,0.9699,ball_fault
PROPOSED,30,4,49,2,2,1,10.19,0.9690,ball_fault
PROPOSED,30,4,50,2,2,1,12.03,0.9813,ball_fault
PROPOSED,30,4,51,2,2,1,11.86,0.9797,ball_fault
PROPOSED,30,4,52,2,2,1,10.96,0.9737,ball_fault
PROPOSED,30,4,53,2,2,1,11.71,0.9766,ball_fault
PROPOSED,30,4,54,2,2,1,11.81,0.9780,ball_fault
PROPOSED,30,4,55,2,2,1,9.95,0.9725,ball_fault
PROPOSED,30,4,56,2,2,1,12.14,0.9819,ball_fault
PROPOSED,50,0,0,0,0,1,25.58,0.9993,normal
PROPOSED,50,0,1,0,0,1,25.22,0.9992,normal
PROPOSED,50,0,2,0,0,1,25.85,0.9992,normal
PROPOSED,50,0,3,0,0,1,25.01,0.9992,normal
PROPOSED,50,0,4,0,0,1,25.45,0.9993,normal
PROPOSED,50,0,5,0,0,1,25.98,0.9993,normal
PROPOSED,50,0,6,0,0,1,26.04,0.9993,normal
PROPOSED,50,0,7,0,0,1,25.04,0.9990,normal
PROPOSED,50,0,8,0,0,1,25.52,0.9993,normal
PROPOSED,50,0,9,0,0,1,26.16,0.9994,normal
PROPOSED,50,0,10,0,0,1,23.74,0.9988,normal
PROPOSED,50,0,11,0,0,1,24.89,0.9990,normal
PROPOSED,50,0,12,0,0,1,25.42,0.9991,normal
PROPOSED,50,0,13,0,0,1,25.11,0.9992,normal
PROPOSED,50,0,14,0,0,1,24.30,0.9990,normal
PROPOSED,50,0,15,0,0,1,25.59,0.9993,normal
PROPOSED,50,0,16,0,0,1,25.53,0.9993,normal
PROPOSED,50,0,17,0,0,1,25.52,0.9993,normal
PROPOSED,50,0,18,0,0,1,24.47,0.9989,normal
PROPOSED,50,0,19,1,1,1,13.15,0.9815,inner_race
PROPOSED,50,0,20,1,1,1,13.03,0.9811,inner_race
PROPOSED,50,0,21,1,1,1,14.04,0.9842,inner_race
PROPOSED,50,0,22,1,1,1,14.10,0.9860,inner_race
PROPOSED,50,0,23,1,1,1,14.65,0.9856,inner_race
PROPOSED,50,0,24,1,1,1,14.40,0.9843,inner_race
PROPOSED,50,0,25,1,1,1,13.37,0.9818,inner_race
PROPOSED,50,0,26,1,1,1,13.64,0.9847,inner_race
PROPOSED,50,0,27,1,1,1,13.63,0.9804,inner_race
PROPOSED,50,0,28,1,1,1,13.68,0.9838,inner_race
PROPOSED,50,0,29,1,1,1,13.65,0.9850,inner_race
PROPOSED,50,0,30,1,1,1,12.90,0.9804,inner_race
PROPOSED,50,0,31,1,1,1,12.82,0.9772,inner_race
PROPOSED,50,0,32,1,1,1,14.63,0.9867,inner_race
PROPOSED,50,0,33,1,1,1,13.49,0.9802,inner_race
PROPOSED,50,0,34,1,1,1,12.73,0.9793,inner_race
PROPOSED,50,0,35,1,1,1,14.01,0.9808,inner_race
PROPOSED,50,0,36,1,1,1,13.40,0.9832,inner_race
PROPOSED,50,0,37,1,1,1,12.30,0.9728,inner_race
PROPOSED,50,0,38,2,2,1,10.24,0.9706,ball_fault
PROPOSED,50,0,39,2,2,1,10.32,0.9738,ball_fault
PROPOSED,50,0,40,2,2,1,9.90,0.9691,ball_fault
PROPOSED,50,0,41,2,2,1,10.49,0.9722,ball_fault
PROPOSED,50,0,42,2,2,1,9.07,0.9546,ball_fault
PROPOSED,50,0,43,2,2,1,10.74,0.9751,ball_fault
PROPOSED,50,0,44,2,2,1,10.45,0.9749,ball_fault
PROPOSED,50,0,45,2,2,1,10.31,0.9663,ball_fault
PROPOSED,50,0,46,2,2,1,10.41,0.9657,ball_fault
PROPOSED,50,0,47,2,2,1,9.95,0.9708,ball_fault
PROPOSED,50,0,48,2,2,1,9.44,0.9648,ball_fault
PROPOSED,50,0,49,2,2,1,9.52,0.9651,ball_fault
PROPOSED,50,0,50,2,2,1,11.31,0.9775,ball_fault
PROPOSED,50,0,51,2,2,1,11.48,0.9784,ball_fault
PROPOSED,50,0,52,2,2,1,10.03,0.9665,ball_fault
PROPOSED,50,0,53,2,2,1,10.66,0.9678,ball_fault
PROPOSED,50,0,54,2,2,1,11.03,0.9722,ball_fault
PROPOSED,50,0,55,2,2,1,9.13,0.9652,ball_fault
PROPOSED,50,0,56,2,2,1,11.25,0.9773,ball_fault
PROPOSED,50,1,0,0,0,1,25.67,0.9993,normal
PROPOSED,50,1,1,0,0,1,25.22,0.9992,normal
PROPOSED,50,1,2,0,0,1,25.92,0.9992,normal
PROPOSED,50,1,3,0,0,1,25.08,0.9992,normal
PROPOSED,50,1,4,0,0,1,25.49,0.9993,normal
PROPOSED,50,1,5,0,0,1,25.94,0.9993,normal
PROPOSED,50,1,6,0,0,1,26.04,0.9993,normal
PROPOSED,50,1,7,0,0,1,25.04,0.9990,normal
PROPOSED,50,1,8,0,0,1,25.56,0.9993,normal
PROPOSED,50,1,9,0,0,1,26.16,0.9994,normal
PROPOSED,50,1,10,0,0,1,23.92,0.9988,normal
PROPOSED,50,1,11,0,0,1,24.92,0.9990,normal
PROPOSED,50,1,12,0,0,1,25.21,0.9990,normal
PROPOSED,50,1,13,0,0,1,25.11,0.9992,normal
PROPOSED,50,1,14,0,0,1,24.40,0.9990,normal
PROPOSED,50,1,15,0,0,1,25.59,0.9993,normal
PROPOSED,50,1,16,0,0,1,25.53,0.9993,normal
PROPOSED,50,1,17,0,0,1,25.64,0.9993,normal
PROPOSED,50,1,18,0,0,1,24.47,0.9989,normal
PROPOSED,50,1,19,1,1,1,12.90,0.9801,inner_race
PROPOSED,50,1,20,1,1,1,13.19,0.9820,inner_race
PROPOSED,50,1,21,1,1,1,14.04,0.9842,inner_race
PROPOSED,50,1,22,1,1,1,14.10,0.9860,inner_race
PROPOSED,50,1,23,1,1,1,14.51,0.9846,inner_race
PROPOSED,50,1,24,1,1,1,14.40,0.9843,inner_race
PROPOSED,50,1,25,1,1,1,13.00,0.9792,inner_race
PROPOSED,50,1,26,1,1,1,13.01,0.9808,inner_race
PROPOSED,50,1,27,1,1,1,13.51,0.9801,inner_race
PROPOSED,50,1,28,1,1,1,13.62,0.9838,inner_race
PROPOSED,50,1,29,1,1,1,13.63,0.9852,inner_race
PROPOSED,50,1,30,1,1,1,12.88,0.9804,inner_race
PROPOSED,50,1,31,1,1,1,12.84,0.9769,inner_race
PROPOSED,50,1,32,1,1,1,14.69,0.9867,inner_race
PROPOSED,50,1,33,1,1,1,13.31,0.9802,inner_race
PROPOSED,50,1,34,1,1,1,12.81,0.9797,inner_race
PROPOSED,50,1,35,1,1,1,14.01,0.9808,inner_race
PROPOSED,50,1,36,1,1,1,13.26,0.9825,inner_race
PROPOSED,50,1,37,1,1,1,12.30,0.9728,inner_race
PROPOSED,50,1,38,2,2,1,10.24,0.9706,ball_fault
PROPOSED,50,1,39,2,2,1,10.31,0.9736,ball_fault
PROPOSED,50,1,40,2,2,1,9.70,0.9673,ball_fault
PROPOSED,50,1,41,2,2,1,10.51,0.9718,ball_fault
PROPOSED,50,1,42,2,2,1,9.04,0.9574,ball_fault
PROPOSED,50,1,43,2,2,1,10.72,0.9750,ball_fault
PROPOSED,50,1,44,2,2,1,10.57,0.9754,ball_fault
PROPOSED,50,1,45,2,2,1,10.38,0.9674,ball_fault
PROPOSED,50,1,46,2,2,1,10.41,0.9657,ball_fault
PROPOSED,50,1,47,2,2,1,9.95,0.9708,ball_fault
PROPOSED,50,1,48,2,2,1,9.44,0.9648,ball_fault
PROPOSED,50,1,49,2,2,1,9.52,0.9651,ball_fault
PROPOSED,50,1,50,2,2,1,11.40,0.9778,ball_fault
PROPOSED,50,1,51,2,2,1,11.59,0.9794,ball_fault
PROPOSED,50,1,52,2,2,1,9.94,0.9660,ball_fault
PROPOSED,50,1,53,2,2,1,11.02,0.9705,ball_fault
PROPOSED,50,1,54,2,2,1,10.97,0.9711,ball_fault
PROPOSED,50,1,55,2,2,1,9.13,0.9652,ball_fault
PROPOSED,50,1,56,2,2,1,11.24,0.9773,ball_fault
PROPOSED,50,2,0,0,0,1,25.50,0.9993,normal
PROPOSED,50,2,1,0,0,1,25.22,0.9992,normal
PROPOSED,50,2,2,0,0,1,25.90,0.9992,normal
PROPOSED,50,2,3,0,0,1,25.01,0.9992,normal
PROPOSED,50,2,4,0,0,1,25.52,0.9993,normal
PROPOSED,50,2,5,0,0,1,25.92,0.9993,normal
PROPOSED,50,2,6,0,0,1,26.04,0.9993,normal
PROPOSED,50,2,7,0,0,1,25.04,0.9990,normal
PROPOSED,50,2,8,0,0,1,25.77,0.9993,normal
PROPOSED,50,2,9,0,0,1,26.16,0.9994,normal
PROPOSED,50,2,10,0,0,1,23.90,0.9988,normal
PROPOSED,50,2,11,0,0,1,24.89,0.9990,normal
PROPOSED,50,2,12,0,0,1,25.32,0.9991,normal
PROPOSED,50,2,13,0,0,1,25.21,0.9992,normal
PROPOSED,50,2,14,0,0,1,24.36,0.9990,normal
PROPOSED,50,2,15,0,0,1,25.59,0.9993,normal
PROPOSED,50,2,16,0,0,1,25.53,0.9993,normal
PROPOSED,50,2,17,0,0,1,25.62,0.9993,normal
PROPOSED,50,2,18,0,0,1,24.47,0.9989,normal
PROPOSED,50,2,19,1,1,1,13.14,0.9801,inner_race
PROPOSED,50,2,20,1,1,1,13.19,0.9820,inner_race
PROPOSED,50,2,21,1,1,1,14.09,0.9844,inner_race
PROPOSED,50,2,22,1,1,1,14.16,0.9861,inner_race
PROPOSED,50,2,23,1,1,1,14.94,0.9868,inner_race
PROPOSED,50,2,24,1,1,1,14.40,0.9843,inner_race
PROPOSED,50,2,25,1,1,1,13.27,0.9813,inner_race
PROPOSED,50,2,26,1,1,1,13.01,0.9808,inner_race
PROPOSED,50,2,27,1,1,1,13.51,0.9801,inner_race
PROPOSED,50,2,28,1,1,1,13.53,0.9838,inner_race
PROPOSED,50,2,29,1,1,1,13.63,0.9852,inner_race
PROPOSED,50,2,30,1,1,1,12.90,0.9804,inner_race
PROPOSED,50,2,31,1,1,1,12.82,0.9772,inner_race
PROPOSED,50,2,32,1,1,1,14.81,0.9867,inner_race
PROPOSED,50,2,33,1,1,1,13.55,0.9807,inner_race
PROPOSED,50,2,34,1,1,1,13.30,0.9822,inner_race
PROPOSED,50,2,35,1,1,1,14.01,0.9808,inner_race
PROPOSED,50,2,36,1,1,1,13.40,0.9832,inner_race
PROPOSED,50,2,37,1,1,1,12.30,0.9728,inner_race
PROPOSED,50,2,38,2,2,1,10.24,0.9706,ball_fault
PROPOSED,50,2,39,2,2,1,10.32,0.9738,ball_fault
PROPOSED,50,2,40,2,2,1,9.78,0.9692,ball_fault
PROPOSED,50,2,41,2,2,1,10.39,0.9713,ball_fault
PROPOSED,50,2,42,2,2,1,9.16,0.9565,ball_fault
PROPOSED,50,2,43,2,2,1,10.92,0.9758,ball_fault
PROPOSED,50,2,44,2,2,1,10.45,0.9749,ball_fault
PROPOSED,50,2,45,2,2,1,10.31,0.9663,ball_fault
PROPOSED,50,2,46,2,2,1,10.41,0.9657,ball_fault
PROPOSED,50,2,47,2,2,1,9.95,0.9708,ball_fault
PROPOSED,50,2,48,2,2,1,9.44,0.9648,ball_fault
PROPOSED,50,2,49,2,2,1,9.44,0.9639,ball_fault
PROPOSED,50,2,50,2,2,1,11.40,0.9777,ball_fault
PROPOSED,50,2,51,2,2,1,11.59,0.9794,ball_fault
PROPOSED,50,2,52,2,2,1,10.05,0.9661,ball_fault
PROPOSED,50,2,53,2,2,1,10.99,0.9705,ball_fault
PROPOSED,50,2,54,2,2,1,10.97,0.9711,ball_fault
PROPOSED,50,2,55,2,2,1,9.29,0.9678,ball_fault
PROPOSED,50,2,56,2,2,1,11.25,0.9773,ball_fault
PROPOSED,50,3,0,0,0,1,25.67,0.9993,normal
PROPOSED,50,3,1,0,0,1,25.22,0.9992,normal
PROPOSED,50,3,2,0,0,1,25.82,0.9992,normal
PROPOSED,50,3,3,0,0,1,25.08,0.9992,normal
PROPOSED,50,3,4,0,0,1,25.45,0.9993,normal
PROPOSED,50,3,5,0,0,1,25.93,0.9993,normal
PROPOSED,50,3,6,0,0,1,26.07,0.9993,normal
PROPOSED,50,3,7,0,0,1,25.04,0.9990,normal
PROPOSED,50,3,8,0,0,1,25.52,0.9993,normal
PROPOSED,50,3,9,0,0,1,26.16,0.9994,normal
PROPOSED,50,3,10,0,0,1,23.85,0.9988,normal
PROPOSED,50,3,11,0,0,1,24.92,0.9990,normal
PROPOSED,50,3,12,0,0,1,25.27,0.9990,normal
PROPOSED,50,3,13,0,0,1,25.17,0.9992,normal
PROPOSED,50,3,14,0,0,1,24.32,0.9989,normal
PROPOSED,50,3,15,0,0,1,25.59,0.9993,normal
PROPOSED,50,3,16,0,0,1,25.53,0.9993,normal
PROPOSED,50,3,17,0,0,1,25.64,0.9993,normal
PROPOSED,50,3,18,0,0,1,24.47,0.9989,normal
PROPOSED,50,3,19,1,1,1,12.90,0.9801,inner_race
PROPOSED,50,3,20,1,1,1,13.30,0.9826,inner_race
PROPOSED,50,3,21,1,1,1,14.04,0.9842,inner_race
PROPOSED,50,3,22,1,1,1,14.16,0.9861,inner_race
PROPOSED,50,3,23,1,1,1,14.45,0.9845,inner_race
PROPOSED,50,3,24,1,1,1,14.58,0.9849,inner_race
PROPOSED,50,3,25,1,1,1,13.27,0.9813,inner_race
PROPOSED,50,3,26,1,1,1,13.64,0.9849,inner_race
PROPOSED,50,3,27,1,1,1,13.51,0.9801,inner_race
PROPOSED,50,3,28,1,1,1,13.68,0.9838,inner_race
PROPOSED,50,3,29,1,1,1,13.89,0.9858,inner_race
PROPOSED,50,3,30,1,1,1,12.88,0.9804,inner_race
PROPOSED,50,3,31,1,1,1,12.84,0.9769,inner_race
PROPOSED,50,3,32,1,1,1,14.63,0.9866,inner_race
PROPOSED,50,3,33,1,1,1,13.49,0.9802,inner_race
PROPOSED,50,3,34,1,1,1,13.12,0.9812,inner_race
PROPOSED,50,3,35,1,1,1,14.01,0.9808,inner_race
PROPOSED,50,3,36,1,1,1,13.40,0.9832,inner_race
PROPOSED,50,3,37,1,1,1,12.65,0.9756,inner_race
PROPOSED,50,3,38,2,2,1,10.24,0.9706,ball_fault
PROPOSED,50,3,39,2,2,1,10.30,0.9741,ball_fault
PROPOSED,50,3,40,2,2,1,9.90,0.9692,ball_fault
PROPOSED,50,3,41,2,2,1,10.49,0.9722,ball_fault
PROPOSED,50,3,42,2,2,1,9.50,0.9621,ball_fault
PROPOSED,50,3,43,2,2,1,10.92,0.9758,ball_fault
PROPOSED,50,3,44,2,2,1,10.27,0.9740,ball_fault
PROPOSED,50,3,45,2,2,1,10.31,0.9663,ball_fault
PROPOSED,50,3,46,2,2,1,10.81,0.9702,ball_fault
PROPOSED,50,3,47,2,2,1,9.65,0.9686,ball_fault
PROPOSED,50,3,48,2,2,1,9.55,0.9641,ball_fault
PROPOSED,50,3,49,2,2,1,9.52,0.9651,ball_fault
PROPOSED,50,3,50,2,2,1,11.18,0.9757,ball_fault
PROPOSED,50,3,51,2,2,1,11.59,0.9794,ball_fault
PROPOSED,50,3,52,2,2,1,10.03,0.9665,ball_fault
PROPOSED,50,3,53,2,2,1,11.02,0.9705,ball_fault
PROPOSED,50,3,54,2,2,1,11.03,0.9722,ball_fault
PROPOSED,50,3,55,2,2,1,9.12,0.9657,ball_fault
PROPOSED,50,3,56,2,2,1,11.24,0.9773,ball_fault
PROPOSED,50,4,0,0,0,1,25.58,0.9993,normal
PROPOSED,50,4,1,0,0,1,25.32,0.9992,normal
PROPOSED,50,4,2,0,0,1,25.82,0.9992,normal
PROPOSED,50,4,3,0,0,1,25.08,0.9992,normal
PROPOSED,50,4,4,0,0,1,25.44,0.9993,normal
PROPOSED,50,4,5,0,0,1,25.90,0.9993,normal
PROPOSED,50,4,6,0,0,1,26.04,0.9993,normal
PROPOSED,50,4,7,0,0,1,25.11,0.9990,normal
PROPOSED,50,4,8,0,0,1,25.66,0.9993,normal
PROPOSED,50,4,9,0,0,1,26.17,0.9994,normal
PROPOSED,50,4,10,0,0,1,23.92,0.9988,normal
PROPOSED,50,4,11,0,0,1,25.03,0.9990,normal
PROPOSED,50,4,12,0,0,1,25.21,0.9990,normal
PROPOSED,50,4,13,0,0,1,25.16,0.9992,normal
PROPOSED,50,4,14,0,0,1,24.44,0.9990,normal
PROPOSED,50,4,15,0,0,1,25.59,0.9993,normal
PROPOSED,50,4,16,0,0,1,25.53,0.9993,normal
PROPOSED,50,4,17,0,0,1,25.63,0.9993,normal
PROPOSED,50,4,18,0,0,1,24.47,0.9989,normal
PROPOSED,50,4,19,1,1,1,13.06,0.9808,inner_race
PROPOSED,50,4,20,1,1,1,13.19,0.9820,inner_race
PROPOSED,50,4,21,1,1,1,14.04,0.9842,inner_race
PROPOSED,50,4,22,1,1,1,14.19,0.9860,inner_race
PROPOSED,50,4,23,1,1,1,15.11,0.9875,inner_race
PROPOSED,50,4,24,1,1,1,14.44,0.9843,inner_race
PROPOSED,50,4,25,1,1,1,13.27,0.9813,inner_race
PROPOSED,50,4,26,1,1,1,13.64,0.9849,inner_race
PROPOSED,50,4,27,1,1,1,13.51,0.9801,inner_race
PROPOSED,50,4,28,1,1,1,13.53,0.9838,inner_race
PROPOSED,50,4,29,1,1,1,13.63,0.9852,inner_race
PROPOSED,50,4,30,1,1,1,12.88,0.9804,inner_race
PROPOSED,50,4,31,1,1,1,12.82,0.9772,inner_race
PROPOSED,50,4,32,1,1,1,14.64,0.9867,inner_race
PROPOSED,50,4,33,1,1,1,13.49,0.9802,inner_race
PROPOSED,50,4,34,1,1,1,12.81,0.9797,inner_race
PROPOSED,50,4,35,1,1,1,14.01,0.9808,inner_race
PROPOSED,50,4,36,1,1,1,13.40,0.9832,inner_race
PROPOSED,50,4,37,1,1,1,12.84,0.9764,inner_race
PROPOSED,50,4,38,2,2,1,10.24,0.9706,ball_fault
PROPOSED,50,4,39,2,2,1,10.32,0.9738,ball_fault
PROPOSED,50,4,40,2,2,1,9.68,0.9669,ball_fault
PROPOSED,50,4,41,2,2,1,10.49,0.9722,ball_fault
PROPOSED,50,4,42,2,2,1,8.93,0.9533,ball_fault
PROPOSED,50,4,43,2,2,1,11.03,0.9764,ball_fault
PROPOSED,50,4,44,2,2,1,9.84,0.9692,ball_fault
PROPOSED,50,4,45,2,2,1,10.31,0.9663,ball_fault
PROPOSED,50,4,46,2,2,1,10.41,0.9638,ball_fault
PROPOSED,50,4,47,2,2,1,9.95,0.9708,ball_fault
PROPOSED,50,4,48,2,2,1,9.44,0.9648,ball_fault
PROPOSED,50,4,49,2,2,1,9.52,0.9651,ball_fault
PROPOSED,50,4,50,2,2,1,11.21,0.9762,ball_fault
PROPOSED,50,4,51,2,2,1,11.66,0.9799,ball_fault
PROPOSED,50,4,52,2,2,1,10.03,0.9665,ball_fault
PROPOSED,50,4,53,2,2,1,10.91,0.9697,ball_fault
PROPOSED,50,4,54,2,2,1,11.04,0.9723,ball_fault
PROPOSED,50,4,55,2,2,1,9.35,0.9676,ball_fault
PROPOSED,50,4,56,2,2,1,11.25,0.9773,ball_fault
PROPOSED,80,0,0,0,0,1,25.10,0.9992,normal
PROPOSED,80,0,1,0,0,1,24.63,0.9991,normal
PROPOSED,80,0,2,0,0,1,25.62,0.9993,normal
PROPOSED,80,0,3,0,0,1,24.68,0.9991,normal
PROPOSED,80,0,4,0,0,1,24.81,0.9992,normal
PROPOSED,80,0,5,0,0,1,25.30,0.9992,normal
PROPOSED,80,0,6,0,0,1,25.62,0.9993,normal
PROPOSED,80,0,7,0,0,1,24.70,0.9989,normal
PROPOSED,80,0,8,0,0,1,25.11,0.9992,normal
PROPOSED,80,0,9,0,0,1,25.60,0.9994,normal
PROPOSED,80,0,10,0,0,1,23.58,0.9988,normal
PROPOSED,80,0,11,0,0,1,24.57,0.9989,normal
PROPOSED,80,0,12,0,0,1,24.68,0.9989,normal
PROPOSED,80,0,13,0,0,1,24.73,0.9991,normal
PROPOSED,80,0,14,0,0,1,24.10,0.9990,normal
PROPOSED,80,0,15,0,0,1,25.21,0.9993,normal
PROPOSED,80,0,16,0,0,1,24.99,0.9991,normal
PROPOSED,80,0,17,0,0,1,25.09,0.9992,normal
PROPOSED,80,0,18,0,0,1,24.28,0.9989,normal
PROPOSED,80,0,19,1,1,1,12.61,0.9781,inner_race
PROPOSED,80,0,20,1,1,1,12.93,0.9797,inner_race
PROPOSED,80,0,21,1,1,1,14.26,0.9841,inner_race
PROPOSED,80,0,22,1,1,1,13.86,0.9852,inner_race
PROPOSED,80,0,23,1,1,1,14.08,0.9829,inner_race
PROPOSED,80,0,24,1,1,1,13.81,0.9813,inner_race
PROPOSED,80,0,25,1,1,1,12.77,0.9786,inner_race
PROPOSED,80,0,26,1,1,1,12.50,0.9802,inner_race
PROPOSED,80,0,27,1,1,1,12.98,0.9780,inner_race
PROPOSED,80,0,28,1,1,1,12.98,0.9820,inner_race
PROPOSED,80,0,29,1,1,1,13.27,0.9843,inner_race
PROPOSED,80,0,30,1,1,1,12.57,0.9766,inner_race
PROPOSED,80,0,31,1,1,1,12.53,0.9759,inner_race
PROPOSED,80,0,32,1,1,1,12.40,0.9755,inner_race
PROPOSED,80,0,33,1,1,1,12.69,0.9752,inner_race
PROPOSED,80,0,34,1,1,1,12.45,0.9776,inner_race
PROPOSED,80,0,35,1,1,1,13.59,0.9798,inner_race
PROPOSED,80,0,36,1,1,1,12.89,0.9803,inner_race
PROPOSED,80,0,37,1,1,1,11.72,0.9703,inner_race
PROPOSED,80,0,38,2,2,1,9.82,0.9679,ball_fault
PROPOSED,80,0,39,2,2,1,10.07,0.9719,ball_fault
PROPOSED,80,0,40,2,2,1,9.31,0.9646,ball_fault
PROPOSED,80,0,41,2,2,1,10.02,0.9688,ball_fault
PROPOSED,80,0,42,2,2,1,8.79,0.9545,ball_fault
PROPOSED,80,0,43,2,2,1,10.77,0.9730,ball_fault
PROPOSED,80,0,44,2,2,1,10.20,0.9742,ball_fault
PROPOSED,80,0,45,2,2,1,9.83,0.9649,ball_fault
PROPOSED,80,0,46,2,2,1,10.16,0.9656,ball_fault
PROPOSED,80,0,47,2,2,1,9.34,0.9638,ball_fault
PROPOSED,80,0,48,2,2,1,8.99,0.9608,ball_fault
PROPOSED,80,0,49,2,2,1,8.54,0.9567,ball_fault
PROPOSED,80,0,50,2,2,1,10.69,0.9756,ball_fault
PROPOSED,80,0,51,2,2,1,11.21,0.9765,ball_fault
PROPOSED,80,0,52,2,2,1,9.62,0.9637,ball_fault
PROPOSED,80,0,53,2,2,1,10.20,0.9658,ball_fault
PROPOSED,80,0,54,2,2,1,10.46,0.9682,ball_fault
PROPOSED,80,0,55,2,2,1,8.63,0.9593,ball_fault
PROPOSED,80,0,56,2,2,1,10.87,0.9768,ball_fault
PROPOSED,80,1,0,0,0,1,25.10,0.9992,normal
PROPOSED,80,1,1,0,0,1,24.63,0.9991,normal
PROPOSED,80,1,2,0,0,1,25.62,0.9993,normal
PROPOSED,80,1,3,0,0,1,24.68,0.9991,normal
PROPOSED,80,1,4,0,0,1,24.80,0.9992,normal
PROPOSED,80,1,5,0,0,1,25.30,0.9992,normal
PROPOSED,80,1,6,0,0,1,25.62,0.9993,normal
PROPOSED,80,1,7,0,0,1,24.70,0.9989,normal
PROPOSED,80,1,8,0,0,1,25.11,0.9992,normal
PROPOSED,80,1,9,0,0,1,25.68,0.9994,normal
PROPOSED,80,1,10,0,0,1,23.49,0.9987,normal
PROPOSED,80,1,11,0,0,1,24.57,0.9989,normal
PROPOSED,80,1,12,0,0,1,24.75,0.9989,normal
PROPOSED,80,1,13,0,0,1,24.71,0.9991,normal
PROPOSED,80,1,14,0,0,1,24.10,0.9990,normal
PROPOSED,80,1,15,0,0,1,25.21,0.9993,normal
PROPOSED,80,1,16,0,0,1,24.92,0.9991,normal
PROPOSED,80,1,17,0,0,1,25.01,0.9992,normal
PROPOSED,80,1,18,0,0,1,24.01,0.9988,normal
PROPOSED,80,1,19,1,1,1,12.53,0.9771,inner_race
PROPOSED,80,1,20,1,1,1,12.96,0.9800,inner_race
PROPOSED,80,1,21,1,1,1,14.24,0.9841,inner_race
PROPOSED,80,1,22,1,1,1,13.74,0.9847,inner_race
PROPOSED,80,1,23,1,1,1,14.63,0.9857,inner_race
PROPOSED,80,1,24,1,1,1,14.15,0.9834,inner_race
PROPOSED,80,1,25,1,1,1,13.00,0.9809,inner_race
PROPOSED,80,1,26,1,1,1,12.91,0.9825,inner_race
PROPOSED,80,1,27,1,1,1,12.98,0.9780,inner_race
PROPOSED,80,1,28,1,1,1,12.98,0.9820,inner_race
PROPOSED,80,1,29,1,1,1,13.53,0.9853,inner_race
PROPOSED,80,1,30,1,1,1,12.64,0.9770,inner_race
PROPOSED,80,1,31,1,1,1,12.45,0.9757,inner_race
PROPOSED,80,1,32,1,1,1,12.29,0.9747,inner_race
PROPOSED,80,1,33,1,1,1,12.88,0.9773,inner_race
PROPOSED,80,1,34,1,1,1,12.48,0.9784,inner_race
PROPOSED,80,1,35,1,1,1,13.37,0.9786,inner_race
PROPOSED,80,1,36,1,1,1,13.23,0.9822,inner_race
PROPOSED,80,1,37,1,1,1,11.59,0.9690,inner_race
PROPOSED,80,1,38,2,2,1,9.82,0.9679,ball_fault
PROPOSED,80,1,39,2,2,1,9.90,0.9699,ball_fault
PROPOSED,80,1,40,2,2,1,9.21,0.9627,ball_fault
PROPOSED,80,1,41,2,2,1,10.04,0.9700,ball_fault
PROPOSED,80,1,42,2,2,1,9.25,0.9628,ball_fault
PROPOSED,80,1,43,2,2,1,10.33,0.9721,ball_fault
PROPOSED,80,1,44,2,2,1,8.59,0.9527,ball_fault
PROPOSED,80,1,45,2,2,1,9.89,0.9646,ball_fault
PROPOSED,80,1,46,2,2,1,9.86,0.9627,ball_fault
PROPOSED,80,1,47,2,2,1,9.49,0.9672,ball_fault
PROPOSED,80,1,48,2,2,1,8.99,0.9608,ball_fault
PROPOSED,80,1,49,2,2,1,8.58,0.9574,ball_fault
PROPOSED,80,1,50,2,2,1,10.96,0.9770,ball_fault
PROPOSED,80,1,51,2,2,1,11.26,0.9764,ball_fault
PROPOSED,80,1,52,2,2,1,9.55,0.9621,ball_fault
PROPOSED,80,1,53,2,2,1,10.56,0.9669,ball_fault
PROPOSED,80,1,54,2,2,1,10.62,0.9704,ball_fault
PROPOSED,80,1,55,2,2,1,8.69,0.9582,ball_fault
PROPOSED,80,1,56,2,2,1,10.87,0.9768,ball_fault
PROPOSED,80,2,0,0,0,1,25.10,0.9992,normal
PROPOSED,80,2,1,0,0,1,24.48,0.9990,normal
PROPOSED,80,2,2,0,0,1,25.62,0.9993,normal
PROPOSED,80,2,3,0,0,1,24.68,0.9991,normal
PROPOSED,80,2,4,0,0,1,24.81,0.9992,normal
PROPOSED,80,2,5,0,0,1,25.30,0.9992,normal
PROPOSED,80,2,6,0,0,1,25.62,0.9993,normal
PROPOSED,80,2,7,0,0,1,24.78,0.9990,normal
PROPOSED,80,2,8,0,0,1,25.15,0.9992,normal
PROPOSED,80,2,9,0,0,1,25.60,0.9994,normal
PROPOSED,80,2,10,0,0,1,23.54,0.9987,normal
PROPOSED,80,2,11,0,0,1,24.60,0.9989,normal
PROPOSED,80,2,12,0,0,1,24.76,0.9989,normal
PROPOSED,80,2,13,0,0,1,24.73,0.9991,normal
PROPOSED,80,2,14,0,0,1,24.11,0.9990,normal
PROPOSED,80,2,15,0,0,1,25.21,0.9993,normal
PROPOSED,80,2,16,0,0,1,24.92,0.9991,normal
PROPOSED,80,2,17,0,0,1,25.09,0.9992,normal
PROPOSED,80,2,18,0,0,1,24.04,0.9988,normal
PROPOSED,80,2,19,1,1,1,12.57,0.9779,inner_race
PROPOSED,80,2,20,1,1,1,12.82,0.9795,inner_race
PROPOSED,80,2,21,1,1,1,13.72,0.9822,inner_race
PROPOSED,80,2,22,1,1,1,13.74,0.9848,inner_race
PROPOSED,80,2,23,1,1,1,14.28,0.9839,inner_race
PROPOSED,80,2,24,1,1,1,13.75,0.9813,inner_race
PROPOSED,80,2,25,1,1,1,12.91,0.9804,inner_race
PROPOSED,80,2,26,1,1,1,12.56,0.9801,inner_race
PROPOSED,80,2,27,1,1,1,12.98,0.9780,inner_race
PROPOSED,80,2,28,1,1,1,12.98,0.9820,inner_race
PROPOSED,80,2,29,1,1,1,13.30,0.9844,inner_race
PROPOSED,80,2,30,1,1,1,12.57,0.9766,inner_race
PROPOSED,80,2,31,1,1,1,12.24,0.9747,inner_race
PROPOSED,80,2,32,1,1,1,12.36,0.9750,inner_race
PROPOSED,80,2,33,1,1,1,12.88,0.9777,inner_race
PROPOSED,80,2,34,1,1,1,12.49,0.9786,inner_race
PROPOSED,80,2,35,1,1,1,13.52,0.9794,inner_race
PROPOSED,80,2,36,1,1,1,12.83,0.9803,inner_race
PROPOSED,80,2,37,1,1,1,11.76,0.9691,inner_race
PROPOSED,80,2,38,2,2,1,9.89,0.9679,ball_fault
PROPOSED,80,2,39,2,2,1,9.90,0.9701,ball_fault
PROPOSED,80,2,40,2,2,1,9.21,0.9624,ball_fault
PROPOSED,80,2,41,2,2,1,10.02,0.9696,ball_fault
PROPOSED,80,2,42,2,2,1,8.92,0.9545,ball_fault
PROPOSED,80,2,43,2,2,1,10.51,0.9727,ball_fault
PROPOSED,80,2,44,2,2,1,10.13,0.9732,ball_fault
PROPOSED,80,2,45,2,2,1,9.76,0.9646,ball_fault
PROPOSED,80,2,46,2,2,1,9.92,0.9630,ball_fault
PROPOSED,80,2,47,2,2,1,9.56,0.9681,ball_fault
PROPOSED,80,2,48,2,2,1,9.00,0.9610,ball_fault
PROPOSED,80,2,49,2,2,1,9.11,0.9636,ball_fault
PROPOSED,80,2,50,2,2,1,10.96,0.9770,ball_fault
PROPOSED,80,2,51,2,2,1,11.26,0.9764,ball_fault
PROPOSED,80,2,52,2,2,1,9.50,0.9622,ball_fault
PROPOSED,80,2,53,2,2,1,10.56,0.9669,ball_fault
PROPOSED,80,2,54,2,2,1,10.48,0.9684,ball_fault
PROPOSED,80,2,55,2,2,1,8.54,0.9581,ball_fault
PROPOSED,80,2,56,2,2,1,10.81,0.9762,ball_fault
PROPOSED,80,3,0,0,0,1,25.10,0.9992,normal
PROPOSED,80,3,1,0,0,1,24.63,0.9991,normal
PROPOSED,80,3,2,0,0,1,25.62,0.9993,normal
PROPOSED,80,3,3,0,0,1,24.61,0.9990,normal
PROPOSED,80,3,4,0,0,1,24.81,0.9992,normal
PROPOSED,80,3,5,0,0,1,25.30,0.9992,normal
PROPOSED,80,3,6,0,0,1,25.63,0.9993,normal
PROPOSED,80,3,7,0,0,1,24.70,0.9989,normal
PROPOSED,80,3,8,0,0,1,25.17,0.9992,normal
PROPOSED,80,3,9,0,0,1,25.68,0.9994,normal
PROPOSED,80,3,10,0,0,1,23.49,0.9987,normal
PROPOSED,80,3,11,0,0,1,24.60,0.9989,normal
PROPOSED,80,3,12,0,0,1,24.66,0.9989,normal
PROPOSED,80,3,13,0,0,1,24.80,0.9991,normal
PROPOSED,80,3,14,0,0,1,24.21,0.9990,normal
PROPOSED,80,3,15,0,0,1,25.21,0.9993,normal
PROPOSED,80,3,16,0,0,1,24.92,0.9991,normal
PROPOSED,80,3,17,0,0,1,25.01,0.9992,normal
PROPOSED,80,3,18,0,0,1,24.02,0.9988,normal
PROPOSED,80,3,19,1,1,1,12.54,0.9778,inner_race
PROPOSED,80,3,20,1,1,1,12.82,0.9791,inner_race
PROPOSED,80,3,21,1,1,1,14.28,0.9840,inner_race
PROPOSED,80,3,22,1,1,1,13.72,0.9848,inner_race
PROPOSED,80,3,23,1,1,1,14.27,0.9840,inner_race
PROPOSED,80,3,24,1,1,1,13.85,0.9821,inner_race
PROPOSED,80,3,25,1,1,1,13.12,0.9813,inner_race
PROPOSED,80,3,26,1,1,1,13.22,0.9832,inner_race
PROPOSED,80,3,27,1,1,1,13.07,0.9783,inner_race
PROPOSED,80,3,28,1,1,1,13.16,0.9821,inner_race
PROPOSED,80,3,29,1,1,1,13.51,0.9850,inner_race
PROPOSED,80,3,30,1,1,1,12.64,0.9772,inner_race
PROPOSED,80,3,31,1,1,1,12.46,0.9758,inner_race
PROPOSED,80,3,32,1,1,1,12.40,0.9755,inner_race
PROPOSED,80,3,33,1,1,1,12.91,0.9779,inner_race
PROPOSED,80,3,34,1,1,1,12.54,0.9788,inner_race
PROPOSED,80,3,35,1,1,1,13.52,0.9794,inner_race
PROPOSED,80,3,36,1,1,1,12.83,0.9803,inner_race
PROPOSED,80,3,37,1,1,1,12.26,0.9754,inner_race
PROPOSED,80,3,38,2,2,1,9.82,0.9679,ball_fault
PROPOSED,80,3,39,2,2,1,9.91,0.9702,ball_fault
PROPOSED,80,3,40,2,2,1,9.24,0.9633,ball_fault
PROPOSED,80,3,41,2,2,1,10.02,0.9696,ball_fault
PROPOSED,80,3,42,2,2,1,8.88,0.9544,ball_fault
PROPOSED,80,3,43,2,2,1,10.51,0.9727,ball_fault
PROPOSED,80,3,44,2,2,1,8.67,0.9532,ball_fault
PROPOSED,80,3,45,2,2,1,9.89,0.9646,ball_fault
PROPOSED,80,3,46,2,2,1,9.92,0.9630,ball_fault
PROPOSED,80,3,47,2,2,1,9.48,0.9696,ball_fault
PROPOSED,80,3,48,2,2,1,8.89,0.9591,ball_fault
PROPOSED,80,3,49,2,2,1,9.08,0.9629,ball_fault
PROPOSED,80,3,50,2,2,1,10.97,0.9764,ball_fault
PROPOSED,80,3,51,2,2,1,11.28,0.9767,ball_fault
PROPOSED,80,3,52,2,2,1,9.62,0.9633,ball_fault
PROPOSED,80,3,53,2,2,1,10.56,0.9669,ball_fault
PROPOSED,80,3,54,2,2,1,10.56,0.9693,ball_fault
PROPOSED,80,3,55,2,2,1,8.70,0.9595,ball_fault
PROPOSED,80,3,56,2,2,1,10.81,0.9762,ball_fault
PROPOSED,80,4,0,0,0,1,25.10,0.9992,normal
PROPOSED,80,4,1,0,0,1,24.69,0.9991,normal
PROPOSED,80,4,2,0,0,1,25.59,0.9993,normal
PROPOSED,80,4,3,0,0,1,24.68,0.9991,normal
PROPOSED,80,4,4,0,0,1,25.00,0.9992,normal
PROPOSED,80,4,5,0,0,1,25.55,0.9993,normal
PROPOSED,80,4,6,0,0,1,25.63,0.9993,normal
PROPOSED,80,4,7,0,0,1,24.78,0.9990,normal
PROPOSED,80,4,8,0,0,1,25.15,0.9992,normal
PROPOSED,80,4,9,0,0,1,25.68,0.9994,normal
PROPOSED,80,4,10,0,0,1,23.58,0.9988,normal
PROPOSED,80,4,11,0,0,1,24.65,0.9989,normal
PROPOSED,80,4,12,0,0,1,24.68,0.9989,normal
PROPOSED,80,4,13,0,0,1,24.80,0.9991,normal
PROPOSED,80,4,14,0,0,1,24.04,0.9989,normal
PROPOSED,80,4,15,0,0,1,25.28,0.9993,normal
PROPOSED,80,4,16,0,0,1,24.99,0.9991,normal
PROPOSED,80,4,17,0,0,1,25.09,0.9992,normal
PROPOSED,80,4,18,0,0,1,24.02,0.9988,normal
PROPOSED,80,4,19,1,1,1,12.57,0.9771,inner_race
PROPOSED,80,4,20,1,1,1,12.76,0.9792,inner_race
PROPOSED,80,4,21,1,1,1,14.43,0.9842,inner_race
PROPOSED,80,4,22,1,1,1,13.86,0.9852,inner_race
PROPOSED,80,4,23,1,1,1,14.27,0.9840,inner_race
PROPOSED,80,4,24,1,1,1,13.99,0.9823,inner_race
PROPOSED,80,4,25,1,1,1,13.03,0.9806,inner_race
PROPOSED,80,4,26,1,1,1,12.46,0.9793,inner_race
PROPOSED,80,4,27,1,1,1,12.98,0.9780,inner_race
PROPOSED,80,4,28,1,1,1,12.98,0.9820,inner_race
PROPOSED,80,4,29,1,1,1,13.27,0.9843,inner_race
PROPOSED,80,4,30,1,1,1,12.64,0.9772,inner_race
PROPOSED,80,4,31,1,1,1,12.44,0.9755,inner_race
PROPOSED,80,4,32,1,1,1,12.36,0.9750,inner_race
PROPOSED,80,4,33,1,1,1,12.88,0.9773,inner_race
PROPOSED,80,4,34,1,1,1,12.47,0.9786,inner_race
PROPOSED,80,4,35,1,1,1,13.52,0.9794,inner_race
PROPOSED,80,4,36,1,1,1,12.87,0.9801,inner_race
PROPOSED,80,4,37,1,1,1,11.59,0.9690,inner_race
PROPOSED,80,4,38,2,2,1,9.82,0.9679,ball_fault
PROPOSED,80,4,39,2,2,1,9.90,0.9714,ball_fault
PROPOSED,80,4,40,2,2,1,9.14,0.9623,ball_fault
PROPOSED,80,4,41,2,2,1,10.04,0.9700,ball_fault
PROPOSED,80,4,42,2,2,1,8.79,0.9545,ball_fault
PROPOSED,80,4,43,2,2,1,10.78,0.9731,ball_fault
PROPOSED,80,4,44,2,2,1,8.59,0.9527,ball_fault
PROPOSED,80,4,45,2,2,1,9.82,0.9634,ball_fault
PROPOSED,80,4,46,2,2,1,9.84,0.9622,ball_fault
PROPOSED,80,4,47,2,2,1,9.42,0.9667,ball_fault
PROPOSED,80,4,48,2,2,1,8.99,0.9608,ball_fault
PROPOSED,80,4,49,2,2,1,8.58,0.9574,ball_fault
PROPOSED,80,4,50,2,2,1,11.03,0.9766,ball_fault
PROPOSED,80,4,51,2,2,1,11.21,0.9765,ball_fault
PROPOSED,80,4,52,2,2,1,9.62,0.9631,ball_fault
PROPOSED,80,4,53,2,2,1,10.56,0.9669,ball_fault
PROPOSED,80,4,54,2,2,1,10.59,0.9698,ball_fault
PROPOSED,80,4,55,2,2,1,8.63,0.9593,ball_fault
PROPOSED,80,4,56,2,2,1,10.81,0.9762,ball_fault
PROPOSED,100,0,0,0,0,1,25.01,0.9992,normal
PROPOSED,100,0,1,0,0,1,24.50,0.9991,normal
PROPOSED,100,0,2,0,0,1,25.59,0.9993,normal
PROPOSED,100,0,3,0,0,1,24.48,0.9990,normal
PROPOSED,100,0,4,0,0,1,24.52,0.9991,normal
PROPOSED,100,0,5,0,0,1,25.12,0.9992,normal
PROPOSED,100,0,6,0,0,1,25.54,0.9993,normal
PROPOSED,100,0,7,0,0,1,24.55,0.9989,normal
PROPOSED,100,0,8,0,0,1,25.05,0.9992,normal
PROPOSED,100,0,9,0,0,1,25.11,0.9993,normal
PROPOSED,100,0,10,0,0,1,23.36,0.9987,normal
PROPOSED,100,0,11,0,0,1,24.39,0.9988,normal
PROPOSED,100,0,12,0,0,1,24.51,0.9989,normal
PROPOSED,100,0,13,0,0,1,24.57,0.9991,normal
PROPOSED,100,0,14,0,0,1,23.86,0.9989,normal
PROPOSED,100,0,15,0,0,1,25.22,0.9993,normal
PROPOSED,100,0,16,0,0,1,24.88,0.9991,normal
PROPOSED,100,0,17,0,0,1,24.78,0.9991,normal
PROPOSED,100,0,18,0,0,1,24.15,0.9988,normal
PROPOSED,100,0,19,1,1,1,12.25,0.9754,inner_race
PROPOSED,100,0,20,1,1,1,12.80,0.9789,inner_race
PROPOSED,100,0,21,1,1,1,13.42,0.9821,inner_race
PROPOSED,100,0,22,1,1,1,13.75,0.9846,inner_race
PROPOSED,100,0,23,1,1,1,13.97,0.9820,inner_race
PROPOSED,100,0,24,1,1,1,13.69,0.9809,inner_race
PROPOSED,100,0,25,1,1,1,12.52,0.9782,inner_race
PROPOSED,100,0,26,1,1,1,13.00,0.9830,inner_race
PROPOSED,100,0,27,1,1,1,12.82,0.9771,inner_race
PROPOSED,100,0,28,1,1,1,12.74,0.9802,inner_race
PROPOSED,100,0,29,1,1,1,13.27,0.9843,inner_race
PROPOSED,100,0,30,1,1,1,12.25,0.9758,inner_race
PROPOSED,100,0,31,1,1,1,12.26,0.9746,inner_race
PROPOSED,100,0,32,1,1,1,12.19,0.9737,inner_race
PROPOSED,100,0,33,1,1,1,12.47,0.9736,inner_race
PROPOSED,100,0,34,1,1,1,12.47,0.9780,inner_race
PROPOSED,100,0,35,1,1,1,13.23,0.9787,inner_race
PROPOSED,100,0,36,1,1,1,12.82,0.9802,inner_race
PROPOSED,100,0,37,1,1,1,11.90,0.9753,inner_race
PROPOSED,100,0,38,2,2,1,9.59,0.9672,ball_fault
PROPOSED,100,0,39,2,2,1,9.87,0.9717,ball_fault
PROPOSED,100,0,40,2,2,1,9.03,0.9607,ball_fault
PROPOSED,100,0,41,2,2,1,9.94,0.9678,ball_fault
PROPOSED,100,0,42,2,2,1,8.88,0.9554,ball_fault
PROPOSED,100,0,43,2,2,1,10.53,0.9743,ball_fault
PROPOSED,100,0,44,2,2,1,9.91,0.9697,ball_fault
PROPOSED,100,0,45,2,2,1,9.59,0.9623,ball_fault
PROPOSED,100,0,46,2,2,1,10.08,0.9648,ball_fault
PROPOSED,100,0,47,2,2,1,9.30,0.9663,ball_fault
PROPOSED,100,0,48,2,2,1,8.95,0.9602,ball_fault
PROPOSED,100,0,49,2,2,1,8.49,0.9568,ball_fault
PROPOSED,100,0,50,2,2,1,10.57,0.9753,ball_fault
PROPOSED,100,0,51,2,2,1,11.06,0.9752,ball_fault
PROPOSED,100,0,52,2,2,1,9.34,0.9601,ball_fault
PROPOSED,100,0,53,2,2,1,10.39,0.9673,ball_fault
PROPOSED,100,0,54,2,2,1,10.27,0.9667,ball_fault
PROPOSED,100,0,55,2,2,1,8.54,0.9568,ball_fault
PROPOSED,100,0,56,2,2,1,10.63,0.9762,ball_fault
PROPOSED,100,1,0,0,0,1,25.10,0.9992,normal
PROPOSED,100,1,1,0,0,1,24.55,0.9991,normal
PROPOSED,100,1,2,0,0,1,25.50,0.9993,normal
PROPOSED,100,1,3,0,0,1,24.54,0.9990,normal
PROPOSED,100,1,4,0,0,1,24.52,0.9991,normal
PROPOSED,100,1,5,0,0,1,25.22,0.9992,normal
PROPOSED,100,1,6,0,0,1,25.52,0.9993,normal
PROPOSED,100,1,7,0,0,1,24.50,0.9989,normal
PROPOSED,100,1,8,0,0,1,25.04,0.9992,normal
PROPOSED,100,1,9,0,0,1,25.06,0.9993,normal
PROPOSED,100,1,10,0,0,1,23.42,0.9987,normal
PROPOSED,100,1,11,0,0,1,24.39,0.9988,normal
PROPOSED,100,1,12,0,0,1,24.80,0.9990,normal
PROPOSED,100,1,13,0,0,1,24.66,0.9991,normal
PROPOSED,100,1,14,0,0,1,24.03,0.9990,normal
PROPOSED,100,1,15,0,0,1,25.18,0.9993,normal
PROPOSED,100,1,16,0,0,1,24.88,0.9991,normal
PROPOSED,100,1,17,0,0,1,24.78,0.9991,normal
PROPOSED,100,1,18,0,0,1,23.89,0.9987,normal
PROPOSED,100,1,19,1,1,1,12.36,0.9764,inner_race
PROPOSED,100,1,20,1,1,1,12.60,0.9773,inner_race
PROPOSED,100,1,21,1,1,1,13.40,0.9823,inner_race
PROPOSED,100,1,22,1,1,1,13.72,0.9849,inner_race
PROPOSED,100,1,23,1,1,1,13.94,0.9815,inner_race
PROPOSED,100,1,24,1,1,1,13.79,0.9813,inner_race
PROPOSED,100,1,25,1,1,1,12.82,0.9800,inner_race
PROPOSED,100,1,26,1,1,1,12.45,0.9794,inner_race
PROPOSED,100,1,27,1,1,1,12.82,0.9771,inner_race
PROPOSED,100,1,28,1,1,1,12.93,0.9807,inner_race
PROPOSED,100,1,29,1,1,1,13.25,0.9844,inner_race
PROPOSED,100,1,30,1,1,1,12.25,0.9758,inner_race
PROPOSED,100,1,31,1,1,1,12.31,0.9754,inner_race
PROPOSED,100,1,32,1,1,1,12.19,0.9737,inner_race
PROPOSED,100,1,33,1,1,1,12.47,0.9736,inner_race
PROPOSED,100,1,34,1,1,1,12.40,0.9779,inner_race
PROPOSED,100,1,35,1,1,1,13.23,0.9787,inner_race
PROPOSED,100,1,36,1,1,1,12.74,0.9802,inner_race
PROPOSED,100,1,37,1,1,1,11.77,0.9745,inner_race
PROPOSED,100,1,38,2,2,1,9.52,0.9661,ball_fault
PROPOSED,100,1,39,2,2,1,9.75,0.9693,ball_fault
PROPOSED,100,1,40,2,2,1,9.03,0.9607,ball_fault
PROPOSED,100,1,41,2,2,1,9.94,0.9678,ball_fault
PROPOSED,100,1,42,2,2,1,8.68,0.9525,ball_fault
PROPOSED,100,1,43,2,2,1,10.62,0.9745,ball_fault
PROPOSED,100,1,44,2,2,1,8.53,0.9517,ball_fault
PROPOSED,100,1,45,2,2,1,9.54,0.9613,ball_fault
PROPOSED,100,1,46,2,2,1,9.68,0.9606,ball_fault
PROPOSED,100,1,47,2,2,1,9.37,0.9667,ball_fault
PROPOSED,100,1,48,2,2,1,8.96,0.9604,ball_fault
PROPOSED,100,1,49,2,2,1,8.49,0.9568,ball_fault
PROPOSED,100,1,50,2,2,1,10.66,0.9753,ball_fault
PROPOSED,100,1,51,2,2,1,11.06,0.9758,ball_fault
PROPOSED,100,1,52,2,2,1,9.45,0.9617,ball_fault
PROPOSED,100,1,53,2,2,1,10.39,0.9673,ball_fault
PROPOSED,100,1,54,2,2,1,10.29,0.9673,ball_fault
PROPOSED,100,1,55,2,2,1,8.58,0.9603,ball_fault
PROPOSED,100,1,56,2,2,1,10.55,0.9756,ball_fault
PROPOSED,100,2,0,0,0,1,25.08,0.9992,normal
PROPOSED,100,2,1,0,0,1,24.55,0.9991,normal
PROPOSED,100,2,2,0,0,1,25.42,0.9992,normal
PROPOSED,100,2,3,0,0,1,24.54,0.9990,normal
PROPOSED,100,2,4,0,0,1,24.67,0.9991,normal
PROPOSED,100,2,5,0,0,1,25.22,0.9992,normal
PROPOSED,100,2,6,0,0,1,25.57,0.9993,normal
PROPOSED,100,2,7,0,0,1,24.55,0.9989,normal
PROPOSED,100,2,8,0,0,1,25.10,0.9992,normal
PROPOSED,100,2,9,0,0,1,25.23,0.9993,normal
PROPOSED,100,2,10,0,0,1,23.42,0.9987,normal
PROPOSED,100,2,11,0,0,1,24.44,0.9988,normal
PROPOSED,100,2,12,0,0,1,24.53,0.9988,normal
PROPOSED,100,2,13,0,0,1,24.66,0.9991,normal
PROPOSED,100,2,14,0,0,1,24.01,0.9989,normal
PROPOSED,100,2,15,0,0,1,25.22,0.9993,normal
PROPOSED,100,2,16,0,0,1,24.88,0.9991,normal
PROPOSED,100,2,17,0,0,1,24.78,0.9991,normal
PROPOSED,100,2,18,0,0,1,24.08,0.9988,normal
PROPOSED,100,2,19,1,1,1,12.20,0.9753,inner_race
PROPOSED,100,2,20,1,1,1,12.61,0.9776,inner_race
PROPOSED,100,2,21,1,1,1,13.56,0.9824,inner_race
PROPOSED,100,2,22,1,1,1,13.72,0.9849,inner_race
PROPOSED,100,2,23,1,1,1,13.94,0.9815,inner_race
PROPOSED,100,2,24,1,1,1,13.99,0.9827,inner_race
PROPOSED,100,2,25,1,1,1,12.82,0.9800,inner_race
PROPOSED,100,2,26,1,1,1,12.45,0.9794,inner_race
PROPOSED,100,2,27,1,1,1,12.82,0.9771,inner_race
PROPOSED,100,2,28,1,1,1,12.89,0.9802,inner_race
PROPOSED,100,2,29,1,1,1,13.44,0.9850,inner_race
PROPOSED,100,2,30,1,1,1,12.32,0.9759,inner_race
PROPOSED,100,2,31,1,1,1,12.33,0.9751,inner_race
PROPOSED,100,2,32,1,1,1,13.86,0.9835,inner_race
PROPOSED,100,2,33,1,1,1,12.47,0.9736,inner_race
PROPOSED,100,2,34,1,1,1,12.41,0.9771,inner_race
PROPOSED,100,2,35,1,1,1,13.25,0.9789,inner_race
PROPOSED,100,2,36,1,1,1,12.93,0.9801,inner_race
PROPOSED,100,2,37,1,1,1,11.35,0.9700,inner_race
PROPOSED,100,2,38,2,2,1,9.46,0.9695,ball_fault
PROPOSED,100,2,39,2,2,1,9.82,0.9694,ball_fault
PROPOSED,100,2,40,2,2,1,9.01,0.9595,ball_fault
PROPOSED,100,2,41,2,2,1,9.94,0.9678,ball_fault
PROPOSED,100,2,42,2,2,1,8.87,0.9558,ball_fault
PROPOSED,100,2,43,2,2,1,10.64,0.9747,ball_fault
PROPOSED,100,2,44,2,2,1,9.88,0.9692,ball_fault
PROPOSED,100,2,45,2,2,1,9.59,0.9623,ball_fault
PROPOSED,100,2,46,2,2,1,9.68,0.9606,ball_fault
PROPOSED,100,2,47,2,2,1,9.37,0.9667,ball_fault
PROPOSED,100,2,48,2,2,1,8.95,0.9602,ball_fault
PROPOSED,100,2,49,2,2,1,8.49,0.9568,ball_fault
PROPOSED,100,2,50,2,2,1,10.50,0.9733,ball_fault
PROPOSED,100,2,51,2,2,1,11.06,0.9752,ball_fault
PROPOSED,100,2,52,2,2,1,9.42,0.9614,ball_fault
PROPOSED,100,2,53,2,2,1,10.39,0.9673,ball_fault
PROPOSED,100,2,54,2,2,1,10.27,0.9667,ball_fault
PROPOSED,100,2,55,2,2,1,8.54,0.9568,ball_fault
PROPOSED,100,2,56,2,2,1,10.63,0.9762,ball_fault
PROPOSED,100,3,0,0,0,1,25.08,0.9992,normal
PROPOSED,100,3,1,0,0,1,24.55,0.9991,normal
PROPOSED,100,3,2,0,0,1,25.50,0.9993,normal
PROPOSED,100,3,3,0,0,1,24.50,0.9990,normal
PROPOSED,100,3,4,0,0,1,24.67,0.9991,normal
PROPOSED,100,3,5,0,0,1,25.21,0.9992,normal
PROPOSED,100,3,6,0,0,1,25.54,0.9993,normal
PROPOSED,100,3,7,0,0,1,24.55,0.9989,normal
PROPOSED,100,3,8,0,0,1,25.05,0.9992,normal
PROPOSED,100,3,9,0,0,1,25.22,0.9993,normal
PROPOSED,100,3,10,0,0,1,23.42,0.9987,normal
PROPOSED,100,3,11,0,0,1,24.42,0.9988,normal
PROPOSED,100,3,12,0,0,1,24.53,0.9988,normal
PROPOSED,100,3,13,0,0,1,24.66,0.9991,normal
PROPOSED,100,3,14,0,0,1,24.01,0.9989,normal
PROPOSED,100,3,15,0,0,1,25.22,0.9993,normal
PROPOSED,100,3,16,0,0,1,24.88,0.9991,normal
PROPOSED,100,3,17,0,0,1,24.78,0.9991,normal
PROPOSED,100,3,18,0,0,1,24.12,0.9988,normal
PROPOSED,100,3,19,1,1,1,12.20,0.9753,inner_race
PROPOSED,100,3,20,1,1,1,12.61,0.9776,inner_race
PROPOSED,100,3,21,1,1,1,13.53,0.9820,inner_race
PROPOSED,100,3,22,1,1,1,13.72,0.9849,inner_race
PROPOSED,100,3,23,1,1,1,13.94,0.9815,inner_race
PROPOSED,100,3,24,1,1,1,13.76,0.9819,inner_race
PROPOSED,100,3,25,1,1,1,12.82,0.9800,inner_race
PROPOSED,100,3,26,1,1,1,12.45,0.9794,inner_race
PROPOSED,100,3,27,1,1,1,12.82,0.9771,inner_race
PROPOSED,100,3,28,1,1,1,12.81,0.9805,inner_race
PROPOSED,100,3,29,1,1,1,13.44,0.9850,inner_race
PROPOSED,100,3,30,1,1,1,12.32,0.9759,inner_race
PROPOSED,100,3,31,1,1,1,12.22,0.9747,inner_race
PROPOSED,100,3,32,1,1,1,13.86,0.9835,inner_race
PROPOSED,100,3,33,1,1,1,12.41,0.9748,inner_race
PROPOSED,100,3,34,1,1,1,12.47,0.9780,inner_race
PROPOSED,100,3,35,1,1,1,13.25,0.9789,inner_race
PROPOSED,100,3,36,1,1,1,12.93,0.9801,inner_race
PROPOSED,100,3,37,1,1,1,11.35,0.9700,inner_race
PROPOSED,100,3,38,2,2,1,9.59,0.9672,ball_fault
PROPOSED,100,3,39,2,2,1,9.82,0.9694,ball_fault
PROPOSED,100,3,40,2,2,1,9.08,0.9601,ball_fault
PROPOSED,100,3,41,2,2,1,9.94,0.9678,ball_fault
PROPOSED,100,3,42,2,2,1,8.88,0.9554,ball_fault
PROPOSED,100,3,43,2,2,1,10.62,0.9745,ball_fault
PROPOSED,100,3,44,2,2,1,8.53,0.9517,ball_fault
PROPOSED,100,3,45,2,2,1,9.59,0.9623,ball_fault
PROPOSED,100,3,46,2,2,1,9.68,0.9606,ball_fault
PROPOSED,100,3,47,2,2,1,9.36,0.9683,ball_fault
PROPOSED,100,3,48,2,2,1,8.81,0.9612,ball_fault
PROPOSED,100,3,49,2,2,1,8.49,0.9568,ball_fault
PROPOSED,100,3,50,2,2,1,10.50,0.9733,ball_fault
PROPOSED,100,3,51,2,2,1,11.06,0.9752,ball_fault
PROPOSED,100,3,52,2,2,1,9.48,0.9620,ball_fault
PROPOSED,100,3,53,2,2,1,10.39,0.9673,ball_fault
PROPOSED,100,3,54,2,2,1,10.27,0.9667,ball_fault
PROPOSED,100,3,55,2,2,1,8.49,0.9562,ball_fault
PROPOSED,100,3,56,2,2,1,10.63,0.9762,ball_fault
PROPOSED,100,4,0,0,0,1,25.08,0.9992,normal
PROPOSED,100,4,1,0,0,1,24.55,0.9991,normal
PROPOSED,100,4,2,0,0,1,25.42,0.9992,normal
PROPOSED,100,4,3,0,0,1,24.58,0.9990,normal
PROPOSED,100,4,4,0,0,1,24.67,0.9991,normal
PROPOSED,100,4,5,0,0,1,25.21,0.9992,normal
PROPOSED,100,4,6,0,0,1,25.57,0.9993,normal
PROPOSED,100,4,7,0,0,1,24.55,0.9989,normal
PROPOSED,100,4,8,0,0,1,25.09,0.9992,normal
PROPOSED,100,4,9,0,0,1,25.28,0.9993,normal
PROPOSED,100,4,10,0,0,1,23.42,0.9987,normal
PROPOSED,100,4,11,0,0,1,24.44,0.9988,normal
PROPOSED,100,4,12,0,0,1,24.58,0.9989,normal
PROPOSED,100,4,13,0,0,1,24.66,0.9991,normal
PROPOSED,100,4,14,0,0,1,23.97,0.9989,normal
PROPOSED,100,4,15,0,0,1,25.15,0.9993,normal
PROPOSED,100,4,16,0,0,1,24.88,0.9991,normal
PROPOSED,100,4,17,0,0,1,24.78,0.9991,normal
PROPOSED,100,4,18,0,0,1,24.16,0.9988,normal
PROPOSED,100,4,19,1,1,1,12.20,0.9753,inner_race
PROPOSED,100,4,20,1,1,1,12.61,0.9776,inner_race
PROPOSED,100,4,21,1,1,1,13.43,0.9821,inner_race
PROPOSED,100,4,22,1,1,1,13.72,0.9849,inner_race
PROPOSED,100,4,23,1,1,1,13.94,0.9815,inner_race
PROPOSED,100,4,24,1,1,1,13.73,0.9812,inner_race
PROPOSED,100,4,25,1,1,1,12.82,0.9800,inner_race
PROPOSED,100,4,26,1,1,1,12.90,0.9823,inner_race
PROPOSED,100,4,27,1,1,1,12.82,0.9771,inner_race
PROPOSED,100,4,28,1,1,1,12.81,0.9805,inner_race
PROPOSED,100,4,29,1,1,1,13.34,0.9849,inner_race
PROPOSED,100,4,30,1,1,1,12.32,0.9759,inner_race
PROPOSED,100,4,31,1,1,1,12.22,0.9747,inner_race
PROPOSED,100,4,32,1,1,1,13.87,0.9833,inner_race
PROPOSED,100,4,33,1,1,1,12.47,0.9736,inner_race
PROPOSED,100,4,34,1,1,1,12.47,0.9780,inner_race
PROPOSED,100,4,35,1,1,1,13.25,0.9789,inner_race
PROPOSED,100,4,36,1,1,1,12.96,0.9802,inner_race
PROPOSED,100,4,37,1,1,1,11.50,0.9683,inner_race
PROPOSED,100,4,38,2,2,1,9.59,0.9672,ball_fault
PROPOSED,100,4,39,2,2,1,9.82,0.9694,ball_fault
PROPOSED,100,4,40,2,2,1,9.01,0.9595,ball_fault
PROPOSED,100,4,41,2,2,1,9.94,0.9678,ball_fault
PROPOSED,100,4,42,2,2,1,8.88,0.9554,ball_fault
PROPOSED,100,4,43,2,2,1,10.64,0.9747,ball_fault
PROPOSED,100,4,44,2,2,1,9.58,0.9675,ball_fault
PROPOSED,100,4,45,2,2,1,9.59,0.9623,ball_fault
PROPOSED,100,4,46,2,2,1,9.68,0.9606,ball_fault
PROPOSED,100,4,47,2,2,1,9.37,0.9667,ball_fault
PROPOSED,100,4,48,2,2,1,8.95,0.9602,ball_fault
PROPOSED,100,4,49,2,2,1,8.49,0.9568,ball_fault
PROPOSED,100,4,50,2,2,1,10.74,0.9750,ball_fault
PROPOSED,100,4,51,2,2,1,11.06,0.9752,ball_fault
PROPOSED,100,4,52,2,2,1,9.45,0.9617,ball_fault
PROPOSED,100,4,53,2,2,1,10.39,0.9673,ball_fault
PROPOSED,100,4,54,2,2,1,10.27,0.9667,ball_fault
PROPOSED,100,4,55,2,2,1,8.56,0.9575,ball_fault
PROPOSED,100,4,56,2,2,1,10.63,0.9762,ball_fault
PROPOSED_SPEC,10,0,0,0,0,1,30.63,0.9997,normal
PROPOSED_SPEC,10,0,1,0,0,1,30.53,0.9998,normal
PROPOSED_SPEC,10,0,2,0,0,1,30.69,0.9998,normal
PROPOSED_SPEC,10,0,3,0,0,1,30.53,0.9998,normal
PROPOSED_SPEC,10,0,4,0,0,1,31.02,0.9998,normal
PROPOSED_SPEC,10,0,5,0,0,1,31.57,0.9998,normal
PROPOSED_SPEC,10,0,6,0,0,1,31.58,0.9998,normal
PROPOSED_SPEC,10,0,7,0,0,1,30.23,0.9997,normal
PROPOSED_SPEC,10,0,8,0,0,1,31.17,0.9998,normal
PROPOSED_SPEC,10,0,9,0,0,1,31.88,0.9998,normal
PROPOSED_SPEC,10,0,10,0,0,1,29.31,0.9997,normal
PROPOSED_SPEC,10,0,11,0,0,1,31.04,0.9998,normal
PROPOSED_SPEC,10,0,12,0,0,1,32.25,0.9998,normal
PROPOSED_SPEC,10,0,13,0,0,1,30.21,0.9997,normal
PROPOSED_SPEC,10,0,14,0,0,1,29.49,0.9997,normal
PROPOSED_SPEC,10,0,15,0,0,1,31.19,0.9998,normal
PROPOSED_SPEC,10,0,16,0,0,1,31.16,0.9998,normal
PROPOSED_SPEC,10,0,17,0,0,1,31.39,0.9998,normal
PROPOSED_SPEC,10,0,18,0,0,1,30.65,0.9997,normal
PROPOSED_SPEC,10,0,19,1,1,1,19.00,0.9944,inner_race
PROPOSED_SPEC,10,0,20,1,1,1,19.05,0.9947,inner_race
PROPOSED_SPEC,10,0,21,1,1,1,20.40,0.9962,inner_race
PROPOSED_SPEC,10,0,22,1,1,1,19.73,0.9962,inner_race
PROPOSED_SPEC,10,0,23,1,1,1,21.12,0.9969,inner_race
PROPOSED_SPEC,10,0,24,1,1,1,19.78,0.9953,inner_race
PROPOSED_SPEC,10,0,25,1,1,1,18.37,0.9939,inner_race
PROPOSED_SPEC,10,0,26,1,1,1,19.33,0.9955,inner_race
PROPOSED_SPEC,10,0,27,1,1,1,18.78,0.9942,inner_race
PROPOSED_SPEC,10,0,28,1,1,1,19.64,0.9954,inner_race
PROPOSED_SPEC,10,0,29,1,1,1,20.23,0.9962,inner_race
PROPOSED_SPEC,10,0,30,1,1,1,18.11,0.9944,inner_race
PROPOSED_SPEC,10,0,31,1,1,1,18.86,0.9946,inner_race
PROPOSED_SPEC,10,0,32,1,1,1,21.24,0.9966,inner_race
PROPOSED_SPEC,10,0,33,1,1,1,20.15,0.9954,inner_race
PROPOSED_SPEC,10,0,34,1,1,1,19.84,0.9958,inner_race
PROPOSED_SPEC,10,0,35,1,1,1,19.44,0.9946,inner_race
PROPOSED_SPEC,10,0,36,1,1,1,20.69,0.9963,inner_race
PROPOSED_SPEC,10,0,37,1,1,1,19.94,0.9956,inner_race
PROPOSED_SPEC,10,0,38,2,2,1,16.84,0.9936,ball_fault
PROPOSED_SPEC,10,0,39,2,2,1,16.04,0.9940,ball_fault
PROPOSED_SPEC,10,0,40,2,2,1,15.51,0.9916,ball_fault
PROPOSED_SPEC,10,0,41,2,2,1,16.68,0.9926,ball_fault
PROPOSED_SPEC,10,0,42,2,2,1,15.84,0.9910,ball_fault
PROPOSED_SPEC,10,0,43,2,2,1,16.55,0.9932,ball_fault
PROPOSED_SPEC,10,0,44,2,2,1,16.46,0.9929,ball_fault
PROPOSED_SPEC,10,0,45,2,2,1,16.62,0.9931,ball_fault
PROPOSED_SPEC,10,0,46,2,2,1,16.30,0.9917,ball_fault
PROPOSED_SPEC,10,0,47,2,2,1,13.88,0.9884,ball_fault
PROPOSED_SPEC,10,0,48,2,2,1,13.85,0.9865,ball_fault
PROPOSED_SPEC,10,0,49,2,2,1,14.15,0.9882,ball_fault
PROPOSED_SPEC,10,0,50,2,2,1,15.64,0.9912,ball_fault
PROPOSED_SPEC,10,0,51,2,2,1,16.61,0.9941,ball_fault
PROPOSED_SPEC,10,0,52,2,2,1,16.09,0.9925,ball_fault
PROPOSED_SPEC,10,0,53,2,2,1,17.77,0.9943,ball_fault
PROPOSED_SPEC,10,0,54,2,2,1,16.24,0.9918,ball_fault
PROPOSED_SPEC,10,0,55,2,2,1,15.53,0.9922,ball_fault
PROPOSED_SPEC,10,0,56,2,2,1,16.56,0.9941,ball_fault
PROPOSED_SPEC,10,1,0,0,0,1,30.73,0.9998,normal
PROPOSED_SPEC,10,1,1,0,0,1,30.64,0.9998,normal
PROPOSED_SPEC,10,1,2,0,0,1,31.02,0.9998,normal
PROPOSED_SPEC,10,1,3,0,0,1,30.37,0.9998,normal
PROPOSED_SPEC,10,1,4,0,0,1,30.83,0.9998,normal
PROPOSED_SPEC,10,1,5,0,0,1,31.58,0.9998,normal
PROPOSED_SPEC,10,1,6,0,0,1,31.53,0.9998,normal
PROPOSED_SPEC,10,1,7,0,0,1,30.18,0.9997,normal
PROPOSED_SPEC,10,1,8,0,0,1,30.92,0.9998,normal
PROPOSED_SPEC,10,1,9,0,0,1,31.88,0.9998,normal
PROPOSED_SPEC,10,1,10,0,0,1,29.22,0.9997,normal
PROPOSED_SPEC,10,1,11,0,0,1,31.04,0.9998,normal
PROPOSED_SPEC,10,1,12,0,0,1,32.62,0.9999,normal
PROPOSED_SPEC,10,1,13,0,0,1,30.08,0.9997,normal
PROPOSED_SPEC,10,1,14,0,0,1,29.37,0.9997,normal
PROPOSED_SPEC,10,1,15,0,0,1,31.18,0.9998,normal
PROPOSED_SPEC,10,1,16,0,0,1,31.16,0.9998,normal
PROPOSED_SPEC,10,1,17,0,0,1,31.37,0.9998,normal
PROPOSED_SPEC,10,1,18,0,0,1,30.70,0.9998,normal
PROPOSED_SPEC,10,1,19,1,1,1,18.84,0.9940,inner_race
PROPOSED_SPEC,10,1,20,1,1,1,19.28,0.9950,inner_race
PROPOSED_SPEC,10,1,21,1,1,1,20.40,0.9962,inner_race
PROPOSED_SPEC,10,1,22,1,1,1,19.86,0.9964,inner_race
PROPOSED_SPEC,10,1,23,1,1,1,21.12,0.9969,inner_race
PROPOSED_SPEC,10,1,24,1,1,1,19.72,0.9952,inner_race
PROPOSED_SPEC,10,1,25,1,1,1,18.46,0.9938,inner_race
PROPOSED_SPEC,10,1,26,1,1,1,19.46,0.9957,inner_race
PROPOSED_SPEC,10,1,27,1,1,1,18.78,0.9944,inner_race
PROPOSED_SPEC,10,1,28,1,1,1,19.69,0.9955,inner_race
PROPOSED_SPEC,10,1,29,1,1,1,20.04,0.9960,inner_race
PROPOSED_SPEC,10,1,30,1,1,1,18.13,0.9944,inner_race
PROPOSED_SPEC,10,1,31,1,1,1,18.74,0.9946,inner_race
PROPOSED_SPEC,10,1,32,1,1,1,21.00,0.9964,inner_race
PROPOSED_SPEC,10,1,33,1,1,1,19.79,0.9950,inner_race
PROPOSED_SPEC,10,1,34,1,1,1,19.36,0.9956,inner_race
PROPOSED_SPEC,10,1,35,1,1,1,18.97,0.9941,inner_race
PROPOSED_SPEC,10,1,36,1,1,1,20.38,0.9960,inner_race
PROPOSED_SPEC,10,1,37,1,1,1,19.95,0.9956,inner_race
PROPOSED_SPEC,10,1,38,2,2,1,16.25,0.9931,ball_fault
PROPOSED_SPEC,10,1,39,2,2,1,16.24,0.9941,ball_fault
PROPOSED_SPEC,10,1,40,2,2,1,15.31,0.9913,ball_fault
PROPOSED_SPEC,10,1,41,2,2,1,16.17,0.9919,ball_fault
PROPOSED_SPEC,10,1,42,2,2,1,15.36,0.9902,ball_fault
PROPOSED_SPEC,10,1,43,2,2,1,16.53,0.9930,ball_fault
PROPOSED_SPEC,10,1,44,2,2,1,15.95,0.9923,ball_fault
PROPOSED_SPEC,10,1,45,2,2,1,15.90,0.9918,ball_fault
PROPOSED_SPEC,10,1,46,2,2,1,16.16,0.9915,ball_fault
PROPOSED_SPEC,10,1,47,2,2,1,13.84,0.9885,ball_fault
PROPOSED_SPEC,10,1,48,2,2,1,13.95,0.9866,ball_fault
PROPOSED_SPEC,10,1,49,2,2,1,14.74,0.9901,ball_fault
PROPOSED_SPEC,10,1,50,2,2,1,16.29,0.9923,ball_fault
PROPOSED_SPEC,10,1,51,2,2,1,16.35,0.9929,ball_fault
PROPOSED_SPEC,10,1,52,2,2,1,16.81,0.9938,ball_fault
PROPOSED_SPEC,10,1,53,2,2,1,17.60,0.9942,ball_fault
PROPOSED_SPEC,10,1,54,2,2,1,16.50,0.9923,ball_fault
PROPOSED_SPEC,10,1,55,2,2,1,15.49,0.9922,ball_fault
PROPOSED_SPEC,10,1,56,2,2,1,16.47,0.9940,ball_fault
PROPOSED_SPEC,10,2,0,0,0,1,30.75,0.9998,normal
PROPOSED_SPEC,10,2,1,0,0,1,30.64,0.9998,normal
PROPOSED_SPEC,10,2,2,0,0,1,31.13,0.9998,normal
PROPOSED_SPEC,10,2,3,0,0,1,30.40,0.9998,normal
PROPOSED_SPEC,10,2,4,0,0,1,31.29,0.9998,normal
PROPOSED_SPEC,10,2,5,0,0,1,31.43,0.9998,normal
PROPOSED_SPEC,10,2,6,0,0,1,31.42,0.9998,normal
PROPOSED_SPEC,10,2,7,0,0,1,30.18,0.9997,normal
PROPOSED_SPEC,10,2,8,0,0,1,30.86,0.9998,normal
PROPOSED_SPEC,10,2,9,0,0,1,31.70,0.9998,normal
PROPOSED_SPEC,10,2,10,0,0,1,29.22,0.9997,normal
PROPOSED_SPEC,10,2,11,0,0,1,30.79,0.9998,normal
PROPOSED_SPEC,10,2,12,0,0,1,32.41,0.9998,normal
PROPOSED_SPEC,10,2,13,0,0,1,30.09,0.9997,normal
PROPOSED_SPEC,10,2,14,0,0,1,29.44,0.9997,normal
PROPOSED_SPEC,10,2,15,0,0,1,31.18,0.9998,normal
PROPOSED_SPEC,10,2,16,0,0,1,31.16,0.9998,normal
PROPOSED_SPEC,10,2,17,0,0,1,31.21,0.9998,normal
PROPOSED_SPEC,10,2,18,0,0,1,30.64,0.9997,normal
PROPOSED_SPEC,10,2,19,1,1,1,18.90,0.9942,inner_race
PROPOSED_SPEC,10,2,20,1,1,1,19.05,0.9947,inner_race
PROPOSED_SPEC,10,2,21,1,1,1,19.91,0.9959,inner_race
PROPOSED_SPEC,10,2,22,1,1,1,19.73,0.9962,inner_race
PROPOSED_SPEC,10,2,23,1,1,1,21.12,0.9969,inner_race
PROPOSED_SPEC,10,2,24,1,1,1,19.72,0.9952,inner_race
PROPOSED_SPEC,10,2,25,1,1,1,18.54,0.9938,inner_race
PROPOSED_SPEC,10,2,26,1,1,1,19.21,0.9953,inner_race
PROPOSED_SPEC,10,2,27,1,1,1,18.68,0.9940,inner_race
PROPOSED_SPEC,10,2,28,1,1,1,19.62,0.9952,inner_race
PROPOSED_SPEC,10,2,29,1,1,1,19.92,0.9959,inner_race
PROPOSED_SPEC,10,2,30,1,1,1,17.97,0.9942,inner_race
PROPOSED_SPEC,10,2,31,1,1,1,18.93,0.9948,inner_race
PROPOSED_SPEC,10,2,32,1,1,1,20.99,0.9964,inner_race
PROPOSED_SPEC,10,2,33,1,1,1,19.85,0.9951,inner_race
PROPOSED_SPEC,10,2,34,1,1,1,19.28,0.9954,inner_race
PROPOSED_SPEC,10,2,35,1,1,1,18.86,0.9937,inner_race
PROPOSED_SPEC,10,2,36,1,1,1,20.14,0.9958,inner_race
PROPOSED_SPEC,10,2,37,1,1,1,19.81,0.9954,inner_race
PROPOSED_SPEC,10,2,38,2,2,1,16.71,0.9931,ball_fault
PROPOSED_SPEC,10,2,39,2,2,1,15.97,0.9940,ball_fault
PROPOSED_SPEC,10,2,40,2,2,1,15.53,0.9916,ball_fault
PROPOSED_SPEC,10,2,41,2,2,1,16.67,0.9927,ball_fault
PROPOSED_SPEC,10,2,42,2,2,1,16.23,0.9918,ball_fault
PROPOSED_SPEC,10,2,43,2,2,1,16.84,0.9937,ball_fault
PROPOSED_SPEC,10,2,44,2,2,1,16.19,0.9927,ball_fault
PROPOSED_SPEC,10,2,45,2,2,1,16.19,0.9924,ball_fault
PROPOSED_SPEC,10,2,46,2,2,1,16.26,0.9919,ball_fault
PROPOSED_SPEC,10,2,47,2,2,1,13.86,0.9883,ball_fault
PROPOSED_SPEC,10,2,48,2,2,1,13.85,0.9865,ball_fault
PROPOSED_SPEC,10,2,49,2,2,1,14.25,0.9890,ball_fault
PROPOSED_SPEC,10,2,50,2,2,1,16.69,0.9931,ball_fault
PROPOSED_SPEC,10,2,51,2,2,1,16.79,0.9942,ball_fault
PROPOSED_SPEC,10,2,52,2,2,1,16.79,0.9938,ball_fault
PROPOSED_SPEC,10,2,53,2,2,1,17.83,0.9946,ball_fault
PROPOSED_SPEC,10,2,54,2,2,1,16.10,0.9914,ball_fault
PROPOSED_SPEC,10,2,55,2,2,1,15.29,0.9919,ball_fault
PROPOSED_SPEC,10,2,56,2,2,1,16.46,0.9940,ball_fault
PROPOSED_SPEC,10,3,0,0,0,1,31.10,0.9998,normal
PROPOSED_SPEC,10,3,1,0,0,1,30.86,0.9998,normal
PROPOSED_SPEC,10,3,2,0,0,1,31.16,0.9998,normal
PROPOSED_SPEC,10,3,3,0,0,1,30.44,0.9998,normal
PROPOSED_SPEC,10,3,4,0,0,1,31.01,0.9998,normal
PROPOSED_SPEC,10,3,5,0,0,1,31.55,0.9998,normal
PROPOSED_SPEC,10,3,6,0,0,1,31.53,0.9998,normal
PROPOSED_SPEC,10,3,7,0,0,1,30.36,0.9997,normal
PROPOSED_SPEC,10,3,8,0,0,1,30.86,0.9998,normal
PROPOSED_SPEC,10,3,9,0,0,1,31.70,0.9998,normal
PROPOSED_SPEC,10,3,10,0,0,1,29.19,0.9997,normal
PROPOSED_SPEC,10,3,11,0,0,1,30.79,0.9998,normal
PROPOSED_SPEC,10,3,12,0,0,1,32.12,0.9998,normal
PROPOSED_SPEC,10,3,13,0,0,1,29.82,0.9997,normal
PROPOSED_SPEC,10,3,14,0,0,1,29.44,0.9997,normal
PROPOSED_SPEC,10,3,15,0,0,1,31.18,0.9998,normal
PROPOSED_SPEC,10,3,16,0,0,1,31.04,0.9998,normal
PROPOSED_SPEC,10,3,17,0,0,1,31.30,0.9998,normal
PROPOSED_SPEC,10,3,18,0,0,1,30.65,0.9997,normal
PROPOSED_SPEC,10,3,19,1,1,1,19.10,0.9945,inner_race
PROPOSED_SPEC,10,3,20,1,1,1,19.05,0.9947,inner_race
PROPOSED_SPEC,10,3,21,1,1,1,20.20,0.9962,inner_race
PROPOSED_SPEC,10,3,22,1,1,1,19.73,0.9962,inner_race
PROPOSED_SPEC,10,3,23,1,1,1,21.16,0.9967,inner_race
PROPOSED_SPEC,10,3,24,1,1,1,19.54,0.9949,inner_race
PROPOSED_SPEC,10,3,25,1,1,1,18.24,0.9935,inner_race
PROPOSED_SPEC,10,3,26,1,1,1,19.13,0.9951,inner_race
PROPOSED_SPEC,10,3,27,1,1,1,18.77,0.9942,inner_race
PROPOSED_SPEC,10,3,28,1,1,1,19.59,0.9954,inner_race
PROPOSED_SPEC,10,3,29,1,1,1,20.23,0.9962,inner_race
PROPOSED_SPEC,10,3,30,1,1,1,18.02,0.9942,inner_race
PROPOSED_SPEC,10,3,31,1,1,1,18.95,0.9948,inner_race
PROPOSED_SPEC,10,3,32,1,1,1,21.00,0.9964,inner_race
PROPOSED_SPEC,10,3,33,1,1,1,20.03,0.9953,inner_race
PROPOSED_SPEC,10,3,34,1,1,1,19.48,0.9957,inner_race
PROPOSED_SPEC,10,3,35,1,1,1,18.86,0.9937,inner_race
PROPOSED_SPEC,10,3,36,1,1,1,20.38,0.9960,inner_race
PROPOSED_SPEC,10,3,37,1,1,1,19.94,0.9956,inner_race
PROPOSED_SPEC,10,3,38,2,2,1,16.43,0.9931,ball_fault
PROPOSED_SPEC,10,3,39,2,2,1,15.82,0.9936,ball_fault
PROPOSED_SPEC,10,3,40,2,2,1,15.05,0.9907,ball_fault
PROPOSED_SPEC,10,3,41,2,2,1,16.11,0.9920,ball_fault
PROPOSED_SPEC,10,3,42,2,2,1,15.46,0.9904,ball_fault
PROPOSED_SPEC,10,3,43,2,2,1,16.27,0.9924,ball_fault
PROPOSED_SPEC,10,3,44,2,2,1,15.56,0.9919,ball_fault
PROPOSED_SPEC,10,3,45,2,2,1,16.17,0.9923,ball_fault
PROPOSED_SPEC,10,3,46,2,2,1,16.06,0.9914,ball_fault
PROPOSED_SPEC,10,3,47,2,2,1,13.67,0.9881,ball_fault
PROPOSED_SPEC,10,3,48,2,2,1,13.73,0.9861,ball_fault
PROPOSED_SPEC,10,3,49,2,2,1,13.95,0.9878,ball_fault
PROPOSED_SPEC,10,3,50,2,2,1,16.06,0.9916,ball_fault
PROPOSED_SPEC,10,3,51,2,2,1,16.52,0.9939,ball_fault
PROPOSED_SPEC,10,3,52,2,2,1,16.32,0.9930,ball_fault
PROPOSED_SPEC,10,3,53,2,2,1,17.57,0.9941,ball_fault
PROPOSED_SPEC,10,3,54,2,2,1,16.35,0.9918,ball_fault
PROPOSED_SPEC,10,3,55,2,2,1,15.45,0.9923,ball_fault
PROPOSED_SPEC,10,3,56,2,2,1,16.46,0.9941,ball_fault
PROPOSED_SPEC,10,4,0,0,0,1,30.63,0.9997,normal
PROPOSED_SPEC,10,4,1,0,0,1,30.49,0.9998,normal
PROPOSED_SPEC,10,4,2,0,0,1,30.93,0.9998,normal
PROPOSED_SPEC,10,4,3,0,0,1,30.25,0.9997,normal
PROPOSED_SPEC,10,4,4,0,0,1,31.01,0.9998,normal
PROPOSED_SPEC,10,4,5,0,0,1,31.59,0.9998,normal
PROPOSED_SPEC,10,4,6,0,0,1,31.58,0.9998,normal
PROPOSED_SPEC,10,4,7,0,0,1,30.26,0.9997,normal
PROPOSED_SPEC,10,4,8,0,0,1,30.96,0.9998,normal
PROPOSED_SPEC,10,4,9,0,0,1,32.08,0.9999,normal
PROPOSED_SPEC,10,4,10,0,0,1,29.42,0.9997,normal
PROPOSED_SPEC,10,4,11,0,0,1,31.37,0.9998,normal
PROPOSED_SPEC,10,4,12,0,0,1,32.86,0.9999,normal
PROPOSED_SPEC,10,4,13,0,0,1,29.96,0.9997,normal
PROPOSED_SPEC,10,4,14,0,0,1,29.40,0.9997,normal
PROPOSED_SPEC,10,4,15,0,0,1,31.18,0.9998,normal
PROPOSED_SPEC,10,4,16,0,0,1,31.22,0.9998,normal
PROPOSED_SPEC,10,4,17,0,0,1,31.31,0.9998,normal
PROPOSED_SPEC,10,4,18,0,0,1,30.59,0.9997,normal
PROPOSED_SPEC,10,4,19,1,1,1,18.75,0.9938,inner_race
PROPOSED_SPEC,10,4,20,1,1,1,19.75,0.9955,inner_race
PROPOSED_SPEC,10,4,21,1,1,1,19.99,0.9960,inner_race
PROPOSED_SPEC,10,4,22,1,1,1,19.86,0.9964,inner_race
PROPOSED_SPEC,10,4,23,1,1,1,21.12,0.9969,inner_race
PROPOSED_SPEC,10,4,24,1,1,1,19.54,0.9949,inner_race
PROPOSED_SPEC,10,4,25,1,1,1,18.32,0.9935,inner_race
PROPOSED_SPEC,10,4,26,1,1,1,19.33,0.9955,inner_race
PROPOSED_SPEC,10,4,27,1,1,1,18.79,0.9942,inner_race
PROPOSED_SPEC,10,4,28,1,1,1,19.72,0.9954,inner_race
PROPOSED_SPEC,10,4,29,1,1,1,20.19,0.9962,inner_race
PROPOSED_SPEC,10,4,30,1,1,1,18.12,0.9943,inner_race
PROPOSED_SPEC,10,4,31,1,1,1,18.46,0.9943,inner_race
PROPOSED_SPEC,10,4,32,1,1,1,21.11,0.9965,inner_race
PROPOSED_SPEC,10,4,33,1,1,1,20.01,0.9953,inner_race
PROPOSED_SPEC,10,4,34,1,1,1,19.26,0.9955,inner_race
PROPOSED_SPEC,10,4,35,1,1,1,18.86,0.9937,inner_race
PROPOSED_SPEC,10,4,36,1,1,1,20.14,0.9958,inner_race
PROPOSED_SPEC,10,4,37,1,1,1,19.59,0.9952,inner_race
PROPOSED_SPEC,10,4,38,2,2,1,16.46,0.9929,ball_fault
PROPOSED_SPEC,10,4,39,2,2,1,15.87,0.9936,ball_fault
PROPOSED_SPEC,10,4,40,2,2,1,15.14,0.9906,ball_fault
PROPOSED_SPEC,10,4,41,2,2,1,15.90,0.9915,ball_fault
PROPOSED_SPEC,10,4,42,2,2,1,15.47,0.9902,ball_fault
PROPOSED_SPEC,10,4,43,2,2,1,16.34,0.9925,ball_fault
PROPOSED_SPEC,10,4,44,2,2,1,15.74,0.9920,ball_fault
PROPOSED_SPEC,10,4,45,2,2,1,15.79,0.9915,ball_fault
PROPOSED_SPEC,10,4,46,2,2,1,16.11,0.9916,ball_fault
PROPOSED_SPEC,10,4,47,2,2,1,13.71,0.9881,ball_fault
PROPOSED_SPEC,10,4,48,2,2,1,13.74,0.9864,ball_fault
PROPOSED_SPEC,10,4,49,2,2,1,13.95,0.9878,ball_fault
PROPOSED_SPEC,10,4,50,2,2,1,15.52,0.9911,ball_fault
PROPOSED_SPEC,10,4,51,2,2,1,16.26,0.9929,ball_fault
PROPOSED_SPEC,10,4,52,2,2,1,16.32,0.9930,ball_fault
PROPOSED_SPEC,10,4,53,2,2,1,17.93,0.9946,ball_fault
PROPOSED_SPEC,10,4,54,2,2,1,16.55,0.9926,ball_fault
PROPOSED_SPEC,10,4,55,2,2,1,15.45,0.9923,ball_fault
PROPOSED_SPEC,10,4,56,2,2,1,16.36,0.9938,ball_fault
PROPOSED_SPEC,20,0,0,0,0,1,27.65,0.9996,normal
PROPOSED_SPEC,20,0,1,0,0,1,27.02,0.9995,normal
PROPOSED_SPEC,20,0,2,0,0,1,27.78,0.9995,normal
PROPOSED_SPEC,20,0,3,0,0,1,26.96,0.9995,normal
PROPOSED_SPEC,20,0,4,0,0,1,27.42,0.9995,normal
PROPOSED_SPEC,20,0,5,0,0,1,28.13,0.9996,normal
PROPOSED_SPEC,20,0,6,0,0,1,28.05,0.9996,normal
PROPOSED_SPEC,20,0,7,0,0,1,27.03,0.9993,normal
PROPOSED_SPEC,20,0,8,0,0,1,27.47,0.9995,normal
PROPOSED_SPEC,20,0,9,0,0,1,27.87,0.9996,normal
PROPOSED_SPEC,20,0,10,0,0,1,25.79,0.9993,normal
PROPOSED_SPEC,20,0,11,0,0,1,26.82,0.9994,normal
PROPOSED_SPEC,20,0,12,0,0,1,27.56,0.9994,normal
PROPOSED_SPEC,20,0,13,0,0,1,27.03,0.9995,normal
PROPOSED_SPEC,20,0,14,0,0,1,26.12,0.9993,normal
PROPOSED_SPEC,20,0,15,0,0,1,27.55,0.9995,normal
PROPOSED_SPEC,20,0,16,0,0,1,27.69,0.9996,normal
PROPOSED_SPEC,20,0,17,0,0,1,27.05,0.9995,normal
PROPOSED_SPEC,20,0,18,0,0,1,26.31,0.9993,normal
PROPOSED_SPEC,20,0,19,1,1,1,14.50,0.9847,inner_race
PROPOSED_SPEC,20,0,20,1,1,1,15.39,0.9885,inner_race
PROPOSED_SPEC,20,0,21,1,1,1,16.49,0.9907,inner_race
PROPOSED_SPEC,20,0,22,1,1,1,15.97,0.9906,inner_race
PROPOSED_SPEC,20,0,23,1,1,1,16.43,0.9899,inner_race
PROPOSED_SPEC,20,0,24,1,1,1,16.27,0.9895,inner_race
PROPOSED_SPEC,20,0,25,1,1,1,14.71,0.9865,inner_race
PROPOSED_SPEC,20,0,26,1,1,1,15.32,0.9883,inner_race
PROPOSED_SPEC,20,0,27,1,1,1,15.93,0.9894,inner_race
PROPOSED_SPEC,20,0,28,1,1,1,16.14,0.9908,inner_race
PROPOSED_SPEC,20,0,29,1,1,1,16.26,0.9915,inner_race
PROPOSED_SPEC,20,0,30,1,1,1,14.76,0.9862,inner_race
PROPOSED_SPEC,20,0,31,1,1,1,14.97,0.9863,inner_race
PROPOSED_SPEC,20,0,32,1,1,1,16.64,0.9909,inner_race
PROPOSED_SPEC,20,0,33,1,1,1,15.84,0.9883,inner_race
PROPOSED_SPEC,20,0,34,1,1,1,14.83,0.9867,inner_race
PROPOSED_SPEC,20,0,35,1,1,1,15.72,0.9868,inner_race
PROPOSED_SPEC,20,0,36,1,1,1,16.63,0.9911,inner_race
PROPOSED_SPEC,20,0,37,1,1,1,15.78,0.9888,inner_race
PROPOSED_SPEC,20,0,38,2,2,1,12.24,0.9796,ball_fault
PROPOSED_SPEC,20,0,39,2,2,1,11.91,0.9814,ball_fault
PROPOSED_SPEC,20,0,40,2,2,1,11.96,0.9806,ball_fault
PROPOSED_SPEC,20,0,41,2,2,1,12.10,0.9815,ball_fault
PROPOSED_SPEC,20,0,42,2,2,1,11.58,0.9768,ball_fault
PROPOSED_SPEC,20,0,43,2,2,1,13.05,0.9849,ball_fault
PROPOSED_SPEC,20,0,44,2,2,1,11.94,0.9818,ball_fault
PROPOSED_SPEC,20,0,45,2,2,1,12.09,0.9799,ball_fault
PROPOSED_SPEC,20,0,46,2,2,1,12.53,0.9777,ball_fault
PROPOSED_SPEC,20,0,47,2,2,1,11.31,0.9778,ball_fault
PROPOSED_SPEC,20,0,48,2,2,1,11.10,0.9759,ball_fault
PROPOSED_SPEC,20,0,49,2,2,1,11.47,0.9785,ball_fault
PROPOSED_SPEC,20,0,50,2,2,1,13.77,0.9874,ball_fault
PROPOSED_SPEC,20,0,51,2,2,1,13.54,0.9855,ball_fault
PROPOSED_SPEC,20,0,52,2,2,1,12.47,0.9817,ball_fault
PROPOSED_SPEC,20,0,53,2,2,1,13.07,0.9832,ball_fault
PROPOSED_SPEC,20,0,54,2,2,1,13.30,0.9842,ball_fault
PROPOSED_SPEC,20,0,55,2,2,1,10.80,0.9791,ball_fault
PROPOSED_SPEC,20,0,56,2,2,1,13.21,0.9869,ball_fault
PROPOSED_SPEC,20,1,0,0,0,1,27.65,0.9996,normal
PROPOSED_SPEC,20,1,1,0,0,1,27.04,0.9995,normal
PROPOSED_SPEC,20,1,2,0,0,1,27.95,0.9995,normal
PROPOSED_SPEC,20,1,3,0,0,1,27.15,0.9995,normal
PROPOSED_SPEC,20,1,4,0,0,1,27.55,0.9995,normal
PROPOSED_SPEC,20,1,5,0,0,1,28.62,0.9997,normal
PROPOSED_SPEC,20,1,6,0,0,1,28.35,0.9996,normal
PROPOSED_SPEC,20,1,7,0,0,1,26.95,0.9993,normal
PROPOSED_SPEC,20,1,8,0,0,1,27.38,0.9995,normal
PROPOSED_SPEC,20,1,9,0,0,1,27.87,0.9996,normal
PROPOSED_SPEC,20,1,10,0,0,1,25.88,0.9993,normal
PROPOSED_SPEC,20,1,11,0,0,1,26.61,0.9993,normal
PROPOSED_SPEC,20,1,12,0,0,1,27.62,0.9995,normal
PROPOSED_SPEC,20,1,13,0,0,1,26.95,0.9995,normal
PROPOSED_SPEC,20,1,14,0,0,1,26.22,0.9994,normal
PROPOSED_SPEC,20,1,15,0,0,1,27.76,0.9995,normal
PROPOSED_SPEC,20,1,16,0,0,1,27.71,0.9996,normal
PROPOSED_SPEC,20,1,17,0,0,1,27.12,0.9995,normal
PROPOSED_SPEC,20,1,18,0,0,1,26.31,0.9993,normal
PROPOSED_SPEC,20,1,19,1,1,1,14.83,0.9854,inner_race
PROPOSED_SPEC,20,1,20,1,1,1,15.65,0.9888,inner_race
PROPOSED_SPEC,20,1,21,1,1,1,16.75,0.9913,inner_race
PROPOSED_SPEC,20,1,22,1,1,1,16.10,0.9910,inner_race
PROPOSED_SPEC,20,1,23,1,1,1,17.00,0.9914,inner_race
PROPOSED_SPEC,20,1,24,1,1,1,16.29,0.9896,inner_race
PROPOSED_SPEC,20,1,25,1,1,1,14.71,0.9865,inner_race
PROPOSED_SPEC,20,1,26,1,1,1,15.21,0.9875,inner_race
PROPOSED_SPEC,20,1,27,1,1,1,15.83,0.9891,inner_race
PROPOSED_SPEC,20,1,28,1,1,1,16.14,0.9908,inner_race
PROPOSED_SPEC,20,1,29,1,1,1,16.24,0.9916,inner_race
PROPOSED_SPEC,20,1,30,1,1,1,14.74,0.9857,inner_race
PROPOSED_SPEC,20,1,31,1,1,1,15.18,0.9874,inner_race
PROPOSED_SPEC,20,1,32,1,1,1,16.41,0.9905,inner_race
PROPOSED_SPEC,20,1,33,1,1,1,15.74,0.9882,inner_race
PROPOSED_SPEC,20,1,34,1,1,1,15.29,0.9874,inner_race
PROPOSED_SPEC,20,1,35,1,1,1,16.17,0.9876,inner_race
PROPOSED_SPEC,20,1,36,1,1,1,16.42,0.9903,inner_race
PROPOSED_SPEC,20,1,37,1,1,1,15.95,0.9887,inner_race
PROPOSED_SPEC,20,1,38,2,2,1,12.50,0.9819,ball_fault
PROPOSED_SPEC,20,1,39,2,2,1,12.16,0.9834,ball_fault
PROPOSED_SPEC,20,1,40,2,2,1,12.22,0.9817,ball_fault
PROPOSED_SPEC,20,1,41,2,2,1,12.36,0.9816,ball_fault
PROPOSED_SPEC,20,1,42,2,2,1,11.51,0.9763,ball_fault
PROPOSED_SPEC,20,1,43,2,2,1,13.12,0.9852,ball_fault
PROPOSED_SPEC,20,1,44,2,2,1,11.93,0.9819,ball_fault
PROPOSED_SPEC,20,1,45,2,2,1,11.91,0.9784,ball_fault
PROPOSED_SPEC,20,1,46,2,2,1,12.61,0.9789,ball_fault
PROPOSED_SPEC,20,1,47,2,2,1,11.21,0.9765,ball_fault
PROPOSED_SPEC,20,1,48,2,2,1,11.28,0.9755,ball_fault
PROPOSED_SPEC,20,1,49,2,2,1,11.43,0.9783,ball_fault
PROPOSED_SPEC,20,1,50,2,2,1,12.98,0.9846,ball_fault
PROPOSED_SPEC,20,1,51,2,2,1,13.45,0.9862,ball_fault
PROPOSED_SPEC,20,1,52,2,2,1,12.37,0.9808,ball_fault
PROPOSED_SPEC,20,1,53,2,2,1,13.07,0.9832,ball_fault
PROPOSED_SPEC,20,1,54,2,2,1,13.32,0.9843,ball_fault
PROPOSED_SPEC,20,1,55,2,2,1,10.83,0.9783,ball_fault
PROPOSED_SPEC,20,1,56,2,2,1,13.21,0.9869,ball_fault
PROPOSED_SPEC,20,2,0,0,0,1,27.64,0.9996,normal
PROPOSED_SPEC,20,2,1,0,0,1,27.11,0.9995,normal
PROPOSED_SPEC,20,2,2,0,0,1,27.35,0.9994,normal
PROPOSED_SPEC,20,2,3,0,0,1,26.99,0.9995,normal
PROPOSED_SPEC,20,2,4,0,0,1,27.38,0.9995,normal
PROPOSED_SPEC,20,2,5,0,0,1,28.03,0.9996,normal
PROPOSED_SPEC,20,2,6,0,0,1,27.86,0.9995,normal
PROPOSED_SPEC,20,2,7,0,0,1,27.03,0.9993,normal
PROPOSED_SPEC,20,2,8,0,0,1,27.33,0.9995,normal
PROPOSED_SPEC,20,2,9,0,0,1,27.92,0.9996,normal
PROPOSED_SPEC,20,2,10,0,0,1,25.80,0.9993,normal
PROPOSED_SPEC,20,2,11,0,0,1,26.69,0.9994,normal
PROPOSED_SPEC,20,2,12,0,0,1,27.59,0.9995,normal
PROPOSED_SPEC,20,2,13,0,0,1,26.74,0.9995,normal
PROPOSED_SPEC,20,2,14,0,0,1,25.93,0.9993,normal
PROPOSED_SPEC,20,2,15,0,0,1,27.63,0.9995,normal
PROPOSED_SPEC,20,2,16,0,0,1,27.69,0.9996,normal
PROPOSED_SPEC,20,2,17,0,0,1,27.18,0.9995,normal
PROPOSED_SPEC,20,2,18,0,0,1,26.25,0.9993,normal
PROPOSED_SPEC,20,2,19,1,1,1,14.28,0.9841,inner_race
PROPOSED_SPEC,20,2,20,1,1,1,15.40,0.9887,inner_race
PROPOSED_SPEC,20,2,21,1,1,1,16.47,0.9908,inner_race
PROPOSED_SPEC,20,2,22,1,1,1,15.97,0.9906,inner_race
PROPOSED_SPEC,20,2,23,1,1,1,16.64,0.9906,inner_race
PROPOSED_SPEC,20,2,24,1,1,1,16.32,0.9901,inner_race
PROPOSED_SPEC,20,2,25,1,1,1,15.01,0.9873,inner_race
PROPOSED_SPEC,20,2,26,1,1,1,15.35,0.9885,inner_race
PROPOSED_SPEC,20,2,27,1,1,1,15.83,0.9891,inner_race
PROPOSED_SPEC,20,2,28,1,1,1,16.20,0.9906,inner_race
PROPOSED_SPEC,20,2,29,1,1,1,16.13,0.9913,inner_race
PROPOSED_SPEC,20,2,30,1,1,1,14.51,0.9846,inner_race
PROPOSED_SPEC,20,2,31,1,1,1,14.56,0.9842,inner_race
PROPOSED_SPEC,20,2,32,1,1,1,16.41,0.9905,inner_race
PROPOSED_SPEC,20,2,33,1,1,1,15.64,0.9879,inner_race
PROPOSED_SPEC,20,2,34,1,1,1,15.08,0.9862,inner_race
PROPOSED_SPEC,20,2,35,1,1,1,15.82,0.9865,inner_race
PROPOSED_SPEC,20,2,36,1,1,1,16.63,0.9911,inner_race
PROPOSED_SPEC,20,2,37,1,1,1,15.60,0.9878,inner_race
PROPOSED_SPEC,20,2,38,2,2,1,12.40,0.9806,ball_fault
PROPOSED_SPEC,20,2,39,2,2,1,11.82,0.9821,ball_fault
PROPOSED_SPEC,20,2,40,2,2,1,12.05,0.9813,ball_fault
PROPOSED_SPEC,20,2,41,2,2,1,12.05,0.9810,ball_fault
PROPOSED_SPEC,20,2,42,2,2,1,11.45,0.9756,ball_fault
PROPOSED_SPEC,20,2,43,2,2,1,13.32,0.9855,ball_fault
PROPOSED_SPEC,20,2,44,2,2,1,12.35,0.9831,ball_fault
PROPOSED_SPEC,20,2,45,2,2,1,11.91,0.9784,ball_fault
PROPOSED_SPEC,20,2,46,2,2,1,12.53,0.9777,ball_fault
PROPOSED_SPEC,20,2,47,2,2,1,11.14,0.9754,ball_fault
PROPOSED_SPEC,20,2,48,2,2,1,11.21,0.9756,ball_fault
PROPOSED_SPEC,20,2,49,2,2,1,11.50,0.9787,ball_fault
PROPOSED_SPEC,20,2,50,2,2,1,13.50,0.9865,ball_fault
PROPOSED_SPEC,20,2,51,2,2,1,13.71,0.9869,ball_fault
PROPOSED_SPEC,20,2,52,2,2,1,12.37,0.9808,ball_fault
PROPOSED_SPEC,20,2,53,2,2,1,13.44,0.9841,ball_fault
PROPOSED_SPEC,20,2,54,2,2,1,13.50,0.9853,ball_fault
PROPOSED_SPEC,20,2,55,2,2,1,10.90,0.9789,ball_fault
PROPOSED_SPEC,20,2,56,2,2,1,13.13,0.9866,ball_fault
PROPOSED_SPEC,20,3,0,0,0,1,27.65,0.9996,normal
PROPOSED_SPEC,20,3,1,0,0,1,27.02,0.9995,normal
PROPOSED_SPEC,20,3,2,0,0,1,27.47,0.9995,normal
PROPOSED_SPEC,20,3,3,0,0,1,26.96,0.9995,normal
PROPOSED_SPEC,20,3,4,0,0,1,27.38,0.9995,normal
PROPOSED_SPEC,20,3,5,0,0,1,28.12,0.9996,normal
PROPOSED_SPEC,20,3,6,0,0,1,27.81,0.9995,normal
PROPOSED_SPEC,20,3,7,0,0,1,26.95,0.9993,normal
PROPOSED_SPEC,20,3,8,0,0,1,27.42,0.9995,normal
PROPOSED_SPEC,20,3,9,0,0,1,27.92,0.9996,normal
PROPOSED_SPEC,20,3,10,0,0,1,25.96,0.9993,normal
PROPOSED_SPEC,20,3,11,0,0,1,26.75,0.9994,normal
PROPOSED_SPEC,20,3,12,0,0,1,27.72,0.9995,normal
PROPOSED_SPEC,20,3,13,0,0,1,26.75,0.9995,normal
PROPOSED_SPEC,20,3,14,0,0,1,26.11,0.9993,normal
PROPOSED_SPEC,20,3,15,0,0,1,27.63,0.9995,normal
PROPOSED_SPEC,20,3,16,0,0,1,27.69,0.9996,normal
PROPOSED_SPEC,20,3,17,0,0,1,27.05,0.9995,normal
PROPOSED_SPEC,20,3,18,0,0,1,26.31,0.9993,normal
PROPOSED_SPEC,20,3,19,1,1,1,14.53,0.9849,inner_race
PROPOSED_SPEC,20,3,20,1,1,1,15.48,0.9887,inner_race
PROPOSED_SPEC,20,3,21,1,1,1,16.53,0.9910,inner_race
PROPOSED_SPEC,20,3,22,1,1,1,16.10,0.9910,inner_race
PROPOSED_SPEC,20,3,23,1,1,1,16.74,0.9908,inner_race
PROPOSED_SPEC,20,3,24,1,1,1,16.59,0.9906,inner_race
PROPOSED_SPEC,20,3,25,1,1,1,15.01,0.9873,inner_race
PROPOSED_SPEC,20,3,26,1,1,1,15.28,0.9883,inner_race
PROPOSED_SPEC,20,3,27,1,1,1,15.83,0.9891,inner_race
PROPOSED_SPEC,20,3,28,1,1,1,16.00,0.9905,inner_race
PROPOSED_SPEC,20,3,29,1,1,1,16.14,0.9911,inner_race
PROPOSED_SPEC,20,3,30,1,1,1,14.79,0.9863,inner_race
PROPOSED_SPEC,20,3,31,1,1,1,15.09,0.9869,inner_race
PROPOSED_SPEC,20,3,32,1,1,1,16.53,0.9911,inner_race
PROPOSED_SPEC,20,3,33,1,1,1,15.74,0.9882,inner_race
PROPOSED_SPEC,20,3,34,1,1,1,15.07,0.9869,inner_race
PROPOSED_SPEC,20,3,35,1,1,1,15.81,0.9869,inner_race
PROPOSED_SPEC,20,3,36,1,1,1,16.42,0.9903,inner_race
PROPOSED_SPEC,20,3,37,1,1,1,15.85,0.9888,inner_race
PROPOSED_SPEC,20,3,38,2,2,1,12.02,0.9808,ball_fault
PROPOSED_SPEC,20,3,39,2,2,1,11.82,0.9821,ball_fault
PROPOSED_SPEC,20,3,40,2,2,1,12.02,0.9812,ball_fault
PROPOSED_SPEC,20,3,41,2,2,1,12.21,0.9811,ball_fault
PROPOSED_SPEC,20,3,42,2,2,1,11.49,0.9752,ball_fault
PROPOSED_SPEC,20,3,43,2,2,1,13.43,0.9859,ball_fault
PROPOSED_SPEC,20,3,44,2,2,1,12.12,0.9825,ball_fault
PROPOSED_SPEC,20,3,45,2,2,1,11.91,0.9784,ball_fault
PROPOSED_SPEC,20,3,46,2,2,1,12.53,0.9777,ball_fault
PROPOSED_SPEC,20,3,47,2,2,1,11.14,0.9754,ball_fault
PROPOSED_SPEC,20,3,48,2,2,1,11.21,0.9756,ball_fault
PROPOSED_SPEC,20,3,49,2,2,1,10.70,0.9738,ball_fault
PROPOSED_SPEC,20,3,50,2,2,1,13.38,0.9861,ball_fault
PROPOSED_SPEC,20,3,51,2,2,1,13.45,0.9855,ball_fault
PROPOSED_SPEC,20,3,52,2,2,1,12.37,0.9808,ball_fault
PROPOSED_SPEC,20,3,53,2,2,1,13.01,0.9836,ball_fault
PROPOSED_SPEC,20,3,54,2,2,1,13.50,0.9845,ball_fault
PROPOSED_SPEC,20,3,55,2,2,1,10.78,0.9772,ball_fault
PROPOSED_SPEC,20,3,56,2,2,1,13.13,0.9866,ball_fault
PROPOSED_SPEC,20,4,0,0,0,1,27.60,0.9996,normal
PROPOSED_SPEC,20,4,1,0,0,1,27.02,0.9995,normal
PROPOSED_SPEC,20,4,2,0,0,1,27.23,0.9994,normal
PROPOSED_SPEC,20,4,3,0,0,1,26.96,0.9995,normal
PROPOSED_SPEC,20,4,4,0,0,1,27.38,0.9995,normal
PROPOSED_SPEC,20,4,5,0,0,1,28.12,0.9996,normal
PROPOSED_SPEC,20,4,6,0,0,1,27.86,0.9995,normal
PROPOSED_SPEC,20,4,7,0,0,1,26.99,0.9993,normal
PROPOSED_SPEC,20,4,8,0,0,1,27.30,0.9994,normal
PROPOSED_SPEC,20,4,9,0,0,1,27.87,0.9996,normal
PROPOSED_SPEC,20,4,10,0,0,1,25.79,0.9993,normal
PROPOSED_SPEC,20,4,11,0,0,1,26.95,0.9994,normal
PROPOSED_SPEC,20,4,12,0,0,1,27.56,0.9994,normal
PROPOSED_SPEC,20,4,13,0,0,1,26.95,0.9995,normal
PROPOSED_SPEC,20,4,14,0,0,1,26.22,0.9994,normal
PROPOSED_SPEC,20,4,15,0,0,1,27.63,0.9995,normal
PROPOSED_SPEC,20,4,16,0,0,1,27.71,0.9996,normal
PROPOSED_SPEC,20,4,17,0,0,1,27.05,0.9995,normal
PROPOSED_SPEC,20,4,18,0,0,1,26.25,0.9993,normal
PROPOSED_SPEC,20,4,19,1,1,1,14.50,0.9847,inner_race
PROPOSED_SPEC,20,4,20,1,1,1,15.39,0.9885,inner_race
PROPOSED_SPEC,20,4,21,1,1,1,16.46,0.9909,inner_race
PROPOSED_SPEC,20,4,22,1,1,1,15.97,0.9906,inner_race
PROPOSED_SPEC,20,4,23,1,1,1,16.75,0.9908,inner_race
PROPOSED_SPEC,20,4,24,1,1,1,16.32,0.9901,inner_race
PROPOSED_SPEC,20,4,25,1,1,1,15.07,0.9873,inner_race
PROPOSED_SPEC,20,4,26,1,1,1,15.43,0.9884,inner_race
PROPOSED_SPEC,20,4,27,1,1,1,15.83,0.9891,inner_race
PROPOSED_SPEC,20,4,28,1,1,1,16.00,0.9905,inner_race
PROPOSED_SPEC,20,4,29,1,1,1,16.26,0.9915,inner_race
PROPOSED_SPEC,20,4,30,1,1,1,14.74,0.9857,inner_race
PROPOSED_SPEC,20,4,31,1,1,1,14.83,0.9853,inner_race
PROPOSED_SPEC,20,4,32,1,1,1,16.63,0.9913,inner_race
PROPOSED_SPEC,20,4,33,1,1,1,15.64,0.9879,inner_race
PROPOSED_SPEC,20,4,34,1,1,1,15.07,0.9869,inner_race
PROPOSED_SPEC,20,4,35,1,1,1,15.76,0.9865,inner_race
PROPOSED_SPEC,20,4,36,1,1,1,16.40,0.9903,inner_race
PROPOSED_SPEC,20,4,37,1,1,1,15.84,0.9889,inner_race
PROPOSED_SPEC,20,4,38,2,2,1,12.24,0.9796,ball_fault
PROPOSED_SPEC,20,4,39,2,2,1,12.15,0.9830,ball_fault
PROPOSED_SPEC,20,4,40,2,2,1,11.94,0.9812,ball_fault
PROPOSED_SPEC,20,4,41,2,2,1,12.05,0.9810,ball_fault
PROPOSED_SPEC,20,4,42,2,2,1,11.53,0.9761,ball_fault
PROPOSED_SPEC,20,4,43,2,2,1,13.17,0.9852,ball_fault
PROPOSED_SPEC,20,4,44,2,2,1,11.84,0.9820,ball_fault
PROPOSED_SPEC,20,4,45,2,2,1,11.91,0.9784,ball_fault
PROPOSED_SPEC,20,4,46,2,2,1,12.53,0.9777,ball_fault
PROPOSED_SPEC,20,4,47,2,2,1,11.11,0.9758,ball_fault
PROPOSED_SPEC,20,4,48,2,2,1,11.09,0.9758,ball_fault
PROPOSED_SPEC,20,4,49,2,2,1,11.37,0.9782,ball_fault
PROPOSED_SPEC,20,4,50,2,2,1,13.42,0.9854,ball_fault
PROPOSED_SPEC,20,4,51,2,2,1,13.45,0.9855,ball_fault
PROPOSED_SPEC,20,4,52,2,2,1,12.37,0.9808,ball_fault
PROPOSED_SPEC,20,4,53,2,2,1,13.24,0.9842,ball_fault
PROPOSED_SPEC,20,4,54,2,2,1,13.37,0.9848,ball_fault
PROPOSED_SPEC,20,4,55,2,2,1,10.84,0.9782,ball_fault
PROPOSED_SPEC,20,4,56,2,2,1,13.13,0.9866,ball_fault
PROPOSED_SPEC,30,0,0,0,0,1,26.19,0.9994,normal
PROPOSED_SPEC,30,0,1,0,0,1,26.06,0.9994,normal
PROPOSED_SPEC,30,0,2,0,0,1,26.51,0.9994,normal
PROPOSED_SPEC,30,0,3,0,0,1,25.86,0.9993,normal
PROPOSED_SPEC,30,0,4,0,0,1,26.27,0.9994,normal
PROPOSED_SPEC,30,0,5,0,0,1,26.89,0.9995,normal
PROPOSED_SPEC,30,0,6,0,0,1,27.01,0.9995,normal
PROPOSED_SPEC,30,0,7,0,0,1,25.88,0.9992,normal
PROPOSED_SPEC,30,0,8,0,0,1,26.24,0.9993,normal
PROPOSED_SPEC,30,0,9,0,0,1,26.77,0.9994,normal
PROPOSED_SPEC,30,0,10,0,0,1,24.73,0.9990,normal
PROPOSED_SPEC,30,0,11,0,0,1,25.68,0.9992,normal
PROPOSED_SPEC,30,0,12,0,0,1,26.24,0.9992,normal
PROPOSED_SPEC,30,0,13,0,0,1,25.90,0.9994,normal
PROPOSED_SPEC,30,0,14,0,0,1,25.11,0.9992,normal
PROPOSED_SPEC,30,0,15,0,0,1,26.39,0.9994,normal
PROPOSED_SPEC,30,0,16,0,0,1,26.32,0.9994,normal
PROPOSED_SPEC,30,0,17,0,0,1,26.08,0.9994,normal
PROPOSED_SPEC,30,0,18,0,0,1,25.21,0.9991,normal
PROPOSED_SPEC,30,0,19,1,1,1,13.36,0.9818,inner_race
PROPOSED_SPEC,30,0,20,1,1,1,13.95,0.9851,inner_race
PROPOSED_SPEC,30,0,21,1,1,1,15.67,0.9882,inner_race
PROPOSED_SPEC,30,0,22,1,1,1,14.86,0.9879,inner_race
PROPOSED_SPEC,30,0,23,1,1,1,15.91,0.9896,inner_race
PROPOSED_SPEC,30,0,24,1,1,1,15.49,0.9883,inner_race
PROPOSED_SPEC,30,0,25,1,1,1,14.15,0.9832,inner_race
PROPOSED_SPEC,30,0,26,1,1,1,14.40,0.9855,inner_race
PROPOSED_SPEC,30,0,27,1,1,1,14.70,0.9847,inner_race
PROPOSED_SPEC,30,0,28,1,1,1,14.50,0.9856,inner_race
PROPOSED_SPEC,30,0,29,1,1,1,15.09,0.9893,inner_race
PROPOSED_SPEC,30,0,30,1,1,1,13.91,0.9831,inner_race
PROPOSED_SPEC,30,0,31,1,1,1,13.66,0.9811,inner_race
PROPOSED_SPEC,30,0,32,1,1,1,15.75,0.9886,inner_race
PROPOSED_SPEC,30,0,33,1,1,1,13.97,0.9820,inner_race
PROPOSED_SPEC,30,0,34,1,1,1,14.24,0.9849,inner_race
PROPOSED_SPEC,30,0,35,1,1,1,15.13,0.9844,inner_race
PROPOSED_SPEC,30,0,36,1,1,1,14.88,0.9870,inner_race
PROPOSED_SPEC,30,0,37,1,1,1,13.88,0.9820,inner_race
PROPOSED_SPEC,30,0,38,2,2,1,11.35,0.9774,ball_fault
PROPOSED_SPEC,30,0,39,2,2,1,11.01,0.9798,ball_fault
PROPOSED_SPEC,30,0,40,2,2,1,10.83,0.9762,ball_fault
PROPOSED_SPEC,30,0,41,2,2,1,10.94,0.9743,ball_fault
PROPOSED_SPEC,30,0,42,2,2,1,10.30,0.9681,ball_fault
PROPOSED_SPEC,30,0,43,2,2,1,11.77,0.9795,ball_fault
PROPOSED_SPEC,30,0,44,2,2,1,11.52,0.9798,ball_fault
PROPOSED_SPEC,30,0,45,2,2,1,10.85,0.9718,ball_fault
PROPOSED_SPEC,30,0,46,2,2,1,11.75,0.9757,ball_fault
PROPOSED_SPEC,30,0,47,2,2,1,10.62,0.9731,ball_fault
PROPOSED_SPEC,30,0,48,2,2,1,10.40,0.9707,ball_fault
PROPOSED_SPEC,30,0,49,2,2,1,10.42,0.9708,ball_fault
PROPOSED_SPEC,30,0,50,2,2,1,12.18,0.9828,ball_fault
PROPOSED_SPEC,30,0,51,2,2,1,12.33,0.9804,ball_fault
PROPOSED_SPEC,30,0,52,2,2,1,11.01,0.9752,ball_fault
PROPOSED_SPEC,30,0,53,2,2,1,12.02,0.9789,ball_fault
PROPOSED_SPEC,30,0,54,2,2,1,11.97,0.9787,ball_fault
PROPOSED_SPEC,30,0,55,2,2,1,10.01,0.9727,ball_fault
PROPOSED_SPEC,30,0,56,2,2,1,12.03,0.9820,ball_fault
PROPOSED_SPEC,30,1,0,0,0,1,26.19,0.9994,normal
PROPOSED_SPEC,30,1,1,0,0,1,26.06,0.9994,normal
PROPOSED_SPEC,30,1,2,0,0,1,26.43,0.9994,normal
PROPOSED_SPEC,30,1,3,0,0,1,25.97,0.9993,normal
PROPOSED_SPEC,30,1,4,0,0,1,26.25,0.9994,normal
PROPOSED_SPEC,30,1,5,0,0,1,26.92,0.9995,normal
PROPOSED_SPEC,30,1,6,0,0,1,27.01,0.9995,normal
PROPOSED_SPEC,30,1,7,0,0,1,25.88,0.9992,normal
PROPOSED_SPEC,30,1,8,0,0,1,26.24,0.9993,normal
PROPOSED_SPEC,30,1,9,0,0,1,26.69,0.9994,normal
PROPOSED_SPEC,30,1,10,0,0,1,24.73,0.9990,normal
PROPOSED_SPEC,30,1,11,0,0,1,25.53,0.9992,normal
PROPOSED_SPEC,30,1,12,0,0,1,25.97,0.9992,normal
PROPOSED_SPEC,30,1,13,0,0,1,25.74,0.9993,normal
PROPOSED_SPEC,30,1,14,0,0,1,25.11,0.9992,normal
PROPOSED_SPEC,30,1,15,0,0,1,26.38,0.9994,normal
PROPOSED_SPEC,30,1,16,0,0,1,26.32,0.9994,normal
PROPOSED_SPEC,30,1,17,0,0,1,26.07,0.9994,normal
PROPOSED_SPEC,30,1,18,0,0,1,25.22,0.9991,normal
PROPOSED_SPEC,30,1,19,1,1,1,13.55,0.9822,inner_race
PROPOSED_SPEC,30,1,20,1,1,1,13.95,0.9851,inner_race
PROPOSED_SPEC,30,1,21,1,1,1,15.67,0.9882,inner_race
PROPOSED_SPEC,30,1,22,1,1,1,14.86,0.9879,inner_race
PROPOSED_SPEC,30,1,23,1,1,1,15.91,0.9896,inner_race
PROPOSED_SPEC,30,1,24,1,1,1,15.43,0.9877,inner_race
PROPOSED_SPEC,30,1,25,1,1,1,13.86,0.9829,inner_race
PROPOSED_SPEC,30,1,26,1,1,1,14.40,0.9855,inner_race
PROPOSED_SPEC,30,1,27,1,1,1,14.51,0.9848,inner_race
PROPOSED_SPEC,30,1,28,1,1,1,14.51,0.9848,inner_race
PROPOSED_SPEC,30,1,29,1,1,1,14.94,0.9894,inner_race
PROPOSED_SPEC,30,1,30,1,1,1,13.79,0.9830,inner_race
PROPOSED_SPEC,30,1,31,1,1,1,13.81,0.9817,inner_race
PROPOSED_SPEC,30,1,32,1,1,1,15.64,0.9886,inner_race
PROPOSED_SPEC,30,1,33,1,1,1,13.97,0.9820,inner_race
PROPOSED_SPEC,30,1,34,1,1,1,14.35,0.9844,inner_race
PROPOSED_SPEC,30,1,35,1,1,1,15.13,0.9844,inner_race
PROPOSED_SPEC,30,1,36,1,1,1,14.75,0.9857,inner_race
PROPOSED_SPEC,30,1,37,1,1,1,14.08,0.9829,inner_race
PROPOSED_SPEC,30,1,38,2,2,1,11.34,0.9775,ball_fault
PROPOSED_SPEC,30,1,39,2,2,1,11.20,0.9803,ball_fault
PROPOSED_SPEC,30,1,40,2,2,1,10.71,0.9752,ball_fault
PROPOSED_SPEC,30,1,41,2,2,1,11.03,0.9761,ball_fault
PROPOSED_SPEC,30,1,42,2,2,1,10.29,0.9679,ball_fault
PROPOSED_SPEC,30,1,43,2,2,1,11.47,0.9790,ball_fault
PROPOSED_SPEC,30,1,44,2,2,1,11.52,0.9798,ball_fault
PROPOSED_SPEC,30,1,45,2,2,1,10.85,0.9718,ball_fault
PROPOSED_SPEC,30,1,46,2,2,1,11.75,0.9757,ball_fault
PROPOSED_SPEC,30,1,47,2,2,1,10.58,0.9724,ball_fault
PROPOSED_SPEC,30,1,48,2,2,1,10.27,0.9706,ball_fault
PROPOSED_SPEC,30,1,49,2,2,1,10.43,0.9707,ball_fault
PROPOSED_SPEC,30,1,50,2,2,1,12.18,0.9828,ball_fault
PROPOSED_SPEC,30,1,51,2,2,1,12.34,0.9812,ball_fault
PROPOSED_SPEC,30,1,52,2,2,1,11.01,0.9752,ball_fault
PROPOSED_SPEC,30,1,53,2,2,1,12.22,0.9797,ball_fault
PROPOSED_SPEC,30,1,54,2,2,1,11.97,0.9787,ball_fault
PROPOSED_SPEC,30,1,55,2,2,1,10.02,0.9722,ball_fault
PROPOSED_SPEC,30,1,56,2,2,1,11.95,0.9821,ball_fault
PROPOSED_SPEC,30,2,0,0,0,1,26.19,0.9994,normal
PROPOSED_SPEC,30,2,1,0,0,1,26.06,0.9994,normal
PROPOSED_SPEC,30,2,2,0,0,1,26.36,0.9994,normal
PROPOSED_SPEC,30,2,3,0,0,1,25.86,0.9993,normal
PROPOSED_SPEC,30,2,4,0,0,1,26.28,0.9994,normal
PROPOSED_SPEC,30,2,5,0,0,1,27.14,0.9995,normal
PROPOSED_SPEC,30,2,6,0,0,1,27.01,0.9995,normal
PROPOSED_SPEC,30,2,7,0,0,1,25.95,0.9992,normal
PROPOSED_SPEC,30,2,8,0,0,1,26.43,0.9993,normal
PROPOSED_SPEC,30,2,9,0,0,1,26.72,0.9994,normal
PROPOSED_SPEC,30,2,10,0,0,1,24.74,0.9990,normal
PROPOSED_SPEC,30,2,11,0,0,1,25.66,0.9992,normal
PROPOSED_SPEC,30,2,12,0,0,1,26.09,0.9992,normal
PROPOSED_SPEC,30,2,13,0,0,1,25.81,0.9993,normal
PROPOSED_SPEC,30,2,14,0,0,1,25.35,0.9992,normal
PROPOSED_SPEC,30,2,15,0,0,1,26.39,0.9994,normal
PROPOSED_SPEC,30,2,16,0,0,1,26.32,0.9994,normal
PROPOSED_SPEC,30,2,17,0,0,1,26.08,0.9994,normal
PROPOSED_SPEC,30,2,18,0,0,1,25.33,0.9991,normal
PROPOSED_SPEC,30,2,19,1,1,1,13.45,0.9821,inner_race
PROPOSED_SPEC,30,2,20,1,1,1,13.85,0.9845,inner_race
PROPOSED_SPEC,30,2,21,1,1,1,15.73,0.9878,inner_race
PROPOSED_SPEC,30,2,22,1,1,1,14.86,0.9879,inner_race
PROPOSED_SPEC,30,2,23,1,1,1,15.91,0.9896,inner_race
PROPOSED_SPEC,30,2,24,1,1,1,15.49,0.9883,inner_race
PROPOSED_SPEC,30,2,25,1,1,1,14.10,0.9839,inner_race
PROPOSED_SPEC,30,2,26,1,1,1,14.60,0.9858,inner_race
PROPOSED_SPEC,30,2,27,1,1,1,14.79,0.9861,inner_race
PROPOSED_SPEC,30,2,28,1,1,1,14.50,0.9856,inner_race
PROPOSED_SPEC,30,2,29,1,1,1,15.05,0.9896,inner_race
PROPOSED_SPEC,30,2,30,1,1,1,13.89,0.9828,inner_race
PROPOSED_SPEC,30,2,31,1,1,1,13.73,0.9819,inner_race
PROPOSED_SPEC,30,2,32,1,1,1,15.77,0.9888,inner_race
PROPOSED_SPEC,30,2,33,1,1,1,14.30,0.9828,inner_race
PROPOSED_SPEC,30,2,34,1,1,1,14.24,0.9849,inner_race
PROPOSED_SPEC,30,2,35,1,1,1,15.13,0.9844,inner_race
PROPOSED_SPEC,30,2,36,1,1,1,14.93,0.9871,inner_race
PROPOSED_SPEC,30,2,37,1,1,1,14.37,0.9846,inner_race
PROPOSED_SPEC,30,2,38,2,2,1,11.42,0.9789,ball_fault
PROPOSED_SPEC,30,2,39,2,2,1,11.01,0.9798,ball_fault
PROPOSED_SPEC,30,2,40,2,2,1,10.78,0.9766,ball_fault
PROPOSED_SPEC,30,2,41,2,2,1,10.77,0.9733,ball_fault
PROPOSED_SPEC,30,2,42,2,2,1,10.16,0.9672,ball_fault
PROPOSED_SPEC,30,2,43,2,2,1,11.71,0.9802,ball_fault
PROPOSED_SPEC,30,2,44,2,2,1,11.07,0.9785,ball_fault
PROPOSED_SPEC,30,2,45,2,2,1,11.10,0.9730,ball_fault
PROPOSED_SPEC,30,2,46,2,2,1,11.75,0.9757,ball_fault
PROPOSED_SPEC,30,2,47,2,2,1,10.63,0.9729,ball_fault
PROPOSED_SPEC,30,2,48,2,2,1,10.32,0.9706,ball_fault
PROPOSED_SPEC,30,2,49,2,2,1,10.31,0.9684,ball_fault
PROPOSED_SPEC,30,2,50,2,2,1,12.48,0.9833,ball_fault
PROPOSED_SPEC,30,2,51,2,2,1,12.62,0.9816,ball_fault
PROPOSED_SPEC,30,2,52,2,2,1,11.20,0.9758,ball_fault
PROPOSED_SPEC,30,2,53,2,2,1,11.96,0.9784,ball_fault
PROPOSED_SPEC,30,2,54,2,2,1,12.05,0.9795,ball_fault
PROPOSED_SPEC,30,2,55,2,2,1,9.90,0.9715,ball_fault
PROPOSED_SPEC,30,2,56,2,2,1,11.94,0.9821,ball_fault
PROPOSED_SPEC,30,3,0,0,0,1,26.19,0.9994,normal
PROPOSED_SPEC,30,3,1,0,0,1,26.11,0.9994,normal
PROPOSED_SPEC,30,3,2,0,0,1,26.56,0.9994,normal
PROPOSED_SPEC,30,3,3,0,0,1,25.86,0.9993,normal
PROPOSED_SPEC,30,3,4,0,0,1,26.28,0.9994,normal
PROPOSED_SPEC,30,3,5,0,0,1,27.07,0.9995,normal
PROPOSED_SPEC,30,3,6,0,0,1,27.01,0.9995,normal
PROPOSED_SPEC,30,3,7,0,0,1,25.88,0.9992,normal
PROPOSED_SPEC,30,3,8,0,0,1,26.45,0.9993,normal
PROPOSED_SPEC,30,3,9,0,0,1,26.77,0.9994,normal
PROPOSED_SPEC,30,3,10,0,0,1,24.74,0.9990,normal
PROPOSED_SPEC,30,3,11,0,0,1,25.66,0.9992,normal
PROPOSED_SPEC,30,3,12,0,0,1,26.25,0.9992,normal
PROPOSED_SPEC,30,3,13,0,0,1,25.81,0.9993,normal
PROPOSED_SPEC,30,3,14,0,0,1,25.20,0.9992,normal
PROPOSED_SPEC,30,3,15,0,0,1,26.36,0.9994,normal
PROPOSED_SPEC,30,3,16,0,0,1,26.46,0.9994,normal
PROPOSED_SPEC,30,3,17,0,0,1,26.08,0.9994,normal
PROPOSED_SPEC,30,3,18,0,0,1,25.14,0.9991,normal
PROPOSED_SPEC,30,3,19,1,1,1,13.60,0.9824,inner_race
PROPOSED_SPEC,30,3,20,1,1,1,13.96,0.9844,inner_race
PROPOSED_SPEC,30,3,21,1,1,1,15.64,0.9872,inner_race
PROPOSED_SPEC,30,3,22,1,1,1,14.86,0.9879,inner_race
PROPOSED_SPEC,30,3,23,1,1,1,15.86,0.9890,inner_race
PROPOSED_SPEC,30,3,24,1,1,1,15.34,0.9876,inner_race
PROPOSED_SPEC,30,3,25,1,1,1,13.94,0.9834,inner_race
PROPOSED_SPEC,30,3,26,1,1,1,14.40,0.9855,inner_race
PROPOSED_SPEC,30,3,27,1,1,1,14.51,0.9848,inner_race
PROPOSED_SPEC,30,3,28,1,1,1,14.62,0.9856,inner_race
PROPOSED_SPEC,30,3,29,1,1,1,14.94,0.9894,inner_race
PROPOSED_SPEC,30,3,30,1,1,1,13.89,0.9828,inner_race
PROPOSED_SPEC,30,3,31,1,1,1,13.72,0.9817,inner_race
PROPOSED_SPEC,30,3,32,1,1,1,15.77,0.9888,inner_race
PROPOSED_SPEC,30,3,33,1,1,1,13.98,0.9822,inner_race
PROPOSED_SPEC,30,3,34,1,1,1,13.58,0.9823,inner_race
PROPOSED_SPEC,30,3,35,1,1,1,15.13,0.9846,inner_race
PROPOSED_SPEC,30,3,36,1,1,1,14.77,0.9863,inner_race
PROPOSED_SPEC,30,3,37,1,1,1,14.65,0.9864,inner_race
PROPOSED_SPEC,30,3,38,2,2,1,11.29,0.9770,ball_fault
PROPOSED_SPEC,30,3,39,2,2,1,10.86,0.9758,ball_fault
PROPOSED_SPEC,30,3,40,2,2,1,10.78,0.9766,ball_fault
PROPOSED_SPEC,30,3,41,2,2,1,11.03,0.9761,ball_fault
PROPOSED_SPEC,30,3,42,2,2,1,10.37,0.9699,ball_fault
PROPOSED_SPEC,30,3,43,2,2,1,11.64,0.9783,ball_fault
PROPOSED_SPEC,30,3,44,2,2,1,11.49,0.9797,ball_fault
PROPOSED_SPEC,30,3,45,2,2,1,10.85,0.9718,ball_fault
PROPOSED_SPEC,30,3,46,2,2,1,11.75,0.9757,ball_fault
PROPOSED_SPEC,30,3,47,2,2,1,10.53,0.9727,ball_fault
PROPOSED_SPEC,30,3,48,2,2,1,10.40,0.9707,ball_fault
PROPOSED_SPEC,30,3,49,2,2,1,10.46,0.9714,ball_fault
PROPOSED_SPEC,30,3,50,2,2,1,12.12,0.9818,ball_fault
PROPOSED_SPEC,30,3,51,2,2,1,11.86,0.9793,ball_fault
PROPOSED_SPEC,30,3,52,2,2,1,11.10,0.9743,ball_fault
PROPOSED_SPEC,30,3,53,2,2,1,12.13,0.9801,ball_fault
PROPOSED_SPEC,30,3,54,2,2,1,12.08,0.9800,ball_fault
PROPOSED_SPEC,30,3,55,2,2,1,9.96,0.9724,ball_fault
PROPOSED_SPEC,30,3,56,2,2,1,11.95,0.9821,ball_fault
PROPOSED_SPEC,30,4,0,0,0,1,26.19,0.9994,normal
PROPOSED_SPEC,30,4,1,0,0,1,26.08,0.9994,normal
PROPOSED_SPEC,30,4,2,0,0,1,26.46,0.9994,normal
PROPOSED_SPEC,30,4,3,0,0,1,25.92,0.9993,normal
PROPOSED_SPEC,30,4,4,0,0,1,26.33,0.9994,normal
PROPOSED_SPEC,30,4,5,0,0,1,26.89,0.9995,normal
PROPOSED_SPEC,30,4,6,0,0,1,27.02,0.9995,normal
PROPOSED_SPEC,30,4,7,0,0,1,25.88,0.9992,normal
PROPOSED_SPEC,30,4,8,0,0,1,26.24,0.9993,normal
PROPOSED_SPEC,30,4,9,0,0,1,26.77,0.9994,normal
PROPOSED_SPEC,30,4,10,0,0,1,24.77,0.9990,normal
PROPOSED_SPEC,30,4,11,0,0,1,25.68,0.9992,normal
PROPOSED_SPEC,30,4,12,0,0,1,25.88,0.9992,normal
PROPOSED_SPEC,30,4,13,0,0,1,25.74,0.9993,normal
PROPOSED_SPEC,30,4,14,0,0,1,25.06,0.9992,normal
PROPOSED_SPEC,30,4,15,0,0,1,26.36,0.9994,normal
PROPOSED_SPEC,30,4,16,0,0,1,26.32,0.9994,normal
PROPOSED_SPEC,30,4,17,0,0,1,26.08,0.9994,normal
PROPOSED_SPEC,30,4,18,0,0,1,25.24,0.9991,normal
PROPOSED_SPEC,30,4,19,1,1,1,13.60,0.9824,inner_race
PROPOSED_SPEC,30,4,20,1,1,1,13.95,0.9851,inner_race
PROPOSED_SPEC,30,4,21,1,1,1,15.83,0.9886,inner_race
PROPOSED_SPEC,30,4,22,1,1,1,14.86,0.9879,inner_race
PROPOSED_SPEC,30,4,23,1,1,1,15.91,0.9896,inner_race
PROPOSED_SPEC,30,4,24,1,1,1,15.42,0.9879,inner_race
PROPOSED_SPEC,30,4,25,1,1,1,13.94,0.9834,inner_race
PROPOSED_SPEC,30,4,26,1,1,1,14.40,0.9855,inner_race
PROPOSED_SPEC,30,4,27,1,1,1,14.70,0.9847,inner_race
PROPOSED_SPEC,30,4,28,1,1,1,14.51,0.9856,inner_race
PROPOSED_SPEC,30,4,29,1,1,1,15.09,0.9893,inner_race
PROPOSED_SPEC,30,4,30,1,1,1,13.79,0.9830,inner_race
PROPOSED_SPEC,30,4,31,1,1,1,13.75,0.9819,inner_race
PROPOSED_SPEC,30,4,32,1,1,1,15.60,0.9891,inner_race
PROPOSED_SPEC,30,4,33,1,1,1,13.90,0.9815,inner_race
PROPOSED_SPEC,30,4,34,1,1,1,14.24,0.9849,inner_race
PROPOSED_SPEC,30,4,35,1,1,1,15.13,0.9844,inner_race
PROPOSED_SPEC,30,4,36,1,1,1,15.00,0.9874,inner_race
PROPOSED_SPEC,30,4,37,1,1,1,13.70,0.9805,inner_race
PROPOSED_SPEC,30,4,38,2,2,1,11.44,0.9778,ball_fault
PROPOSED_SPEC,30,4,39,2,2,1,10.89,0.9764,ball_fault
PROPOSED_SPEC,30,4,40,2,2,1,10.78,0.9766,ball_fault
PROPOSED_SPEC,30,4,41,2,2,1,11.04,0.9760,ball_fault
PROPOSED_SPEC,30,4,42,2,2,1,10.34,0.9687,ball_fault
PROPOSED_SPEC,30,4,43,2,2,1,11.94,0.9798,ball_fault
PROPOSED_SPEC,30,4,44,2,2,1,11.07,0.9785,ball_fault
PROPOSED_SPEC,30,4,45,2,2,1,10.85,0.9718,ball_fault
PROPOSED_SPEC,30,4,46,2,2,1,11.82,0.9760,ball_fault
PROPOSED_SPEC,30,4,47,2,2,1,10.69,0.9727,ball_fault
PROPOSED_SPEC,30,4,48,2,2,1,10.40,0.9707,ball_fault
PROPOSED_SPEC,30,4,49,2,2,1,10.31,0.9684,ball_fault
PROPOSED_SPEC,30,4,50,2,2,1,12.53,0.9842,ball_fault
PROPOSED_SPEC,30,4,51,2,2,1,12.33,0.9804,ball_fault
PROPOSED_SPEC,30,4,52,2,2,1,11.01,0.9752,ball_fault
PROPOSED_SPEC,30,4,53,2,2,1,11.90,0.9792,ball_fault
PROPOSED_SPEC,30,4,54,2,2,1,12.05,0.9795,ball_fault
PROPOSED_SPEC,30,4,55,2,2,1,9.90,0.9715,ball_fault
PROPOSED_SPEC,30,4,56,2,2,1,12.01,0.9820,ball_fault
PROPOSED_SPEC,50,0,0,0,0,1,25.68,0.9993,normal
PROPOSED_SPEC,50,0,1,0,0,1,25.13,0.9992,normal
PROPOSED_SPEC,50,0,2,0,0,1,25.95,0.9993,normal
PROPOSED_SPEC,50,0,3,0,0,1,25.03,0.9992,normal
PROPOSED_SPEC,50,0,4,0,0,1,25.46,0.9993,normal
PROPOSED_SPEC,50,0,5,0,0,1,25.91,0.9993,normal
PROPOSED_SPEC,50,0,6,0,0,1,26.15,0.9993,normal
PROPOSED_SPEC,50,0,7,0,0,1,25.05,0.9990,normal
PROPOSED_SPEC,50,0,8,0,0,1,25.69,0.9992,normal
PROPOSED_SPEC,50,0,9,0,0,1,25.96,0.9994,normal
PROPOSED_SPEC,50,0,10,0,0,1,23.91,0.9988,normal
PROPOSED_SPEC,50,0,11,0,0,1,25.14,0.9990,normal
PROPOSED_SPEC,50,0,12,0,0,1,25.26,0.9990,normal
PROPOSED_SPEC,50,0,13,0,0,1,25.19,0.9992,normal
PROPOSED_SPEC,50,0,14,0,0,1,24.34,0.9990,normal
PROPOSED_SPEC,50,0,15,0,0,1,25.59,0.9993,normal
PROPOSED_SPEC,50,0,16,0,0,1,25.70,0.9993,normal
PROPOSED_SPEC,50,0,17,0,0,1,25.57,0.9993,normal
PROPOSED_SPEC,50,0,18,0,0,1,24.56,0.9989,normal
PROPOSED_SPEC,50,0,19,1,1,1,12.60,0.9780,inner_race
PROPOSED_SPEC,50,0,20,1,1,1,13.32,0.9811,inner_race
PROPOSED_SPEC,50,0,21,1,1,1,14.54,0.9855,inner_race
PROPOSED_SPEC,50,0,22,1,1,1,14.07,0.9866,inner_race
PROPOSED_SPEC,50,0,23,1,1,1,14.99,0.9871,inner_race
PROPOSED_SPEC,50,0,24,1,1,1,14.39,0.9846,inner_race
PROPOSED_SPEC,50,0,25,1,1,1,12.85,0.9786,inner_race
PROPOSED_SPEC,50,0,26,1,1,1,12.94,0.9795,inner_race
PROPOSED_SPEC,50,0,27,1,1,1,13.43,0.9798,inner_race
PROPOSED_SPEC,50,0,28,1,1,1,13.36,0.9836,inner_race
PROPOSED_SPEC,50,0,29,1,1,1,13.60,0.9849,inner_race
PROPOSED_SPEC,50,0,30,1,1,1,12.80,0.9780,inner_race
PROPOSED_SPEC,50,0,31,1,1,1,12.98,0.9784,inner_race
PROPOSED_SPEC,50,0,32,1,1,1,12.61,0.9765,inner_race
PROPOSED_SPEC,50,0,33,1,1,1,13.30,0.9796,inner_race
PROPOSED_SPEC,50,0,34,1,1,1,12.94,0.9798,inner_race
PROPOSED_SPEC,50,0,35,1,1,1,14.01,0.9808,inner_race
PROPOSED_SPEC,50,0,36,1,1,1,13.85,0.9840,inner_race
PROPOSED_SPEC,50,0,37,1,1,1,13.40,0.9812,inner_race
PROPOSED_SPEC,50,0,38,2,2,1,10.30,0.9717,ball_fault
PROPOSED_SPEC,50,0,39,2,2,1,10.35,0.9735,ball_fault
PROPOSED_SPEC,50,0,40,2,2,1,9.77,0.9691,ball_fault
PROPOSED_SPEC,50,0,41,2,2,1,10.13,0.9672,ball_fault
PROPOSED_SPEC,50,0,42,2,2,1,9.53,0.9625,ball_fault
PROPOSED_SPEC,50,0,43,2,2,1,11.00,0.9750,ball_fault
PROPOSED_SPEC,50,0,44,2,2,1,10.19,0.9726,ball_fault
PROPOSED_SPEC,50,0,45,2,2,1,10.35,0.9673,ball_fault
PROPOSED_SPEC,50,0,46,2,2,1,10.78,0.9726,ball_fault
PROPOSED_SPEC,50,0,47,2,2,1,10.00,0.9704,ball_fault
PROPOSED_SPEC,50,0,48,2,2,1,9.46,0.9642,ball_fault
PROPOSED_SPEC,50,0,49,2,2,1,9.43,0.9635,ball_fault
PROPOSED_SPEC,50,0,50,2,2,1,11.25,0.9769,ball_fault
PROPOSED_SPEC,50,0,51,2,2,1,11.14,0.9761,ball_fault
PROPOSED_SPEC,50,0,52,2,2,1,9.89,0.9644,ball_fault
PROPOSED_SPEC,50,0,53,2,2,1,10.81,0.9703,ball_fault
PROPOSED_SPEC,50,0,54,2,2,1,10.98,0.9703,ball_fault
PROPOSED_SPEC,50,0,55,2,2,1,9.07,0.9635,ball_fault
PROPOSED_SPEC,50,0,56,2,2,1,11.24,0.9787,ball_fault
PROPOSED_SPEC,50,1,0,0,0,1,25.62,0.9993,normal
PROPOSED_SPEC,50,1,1,0,0,1,25.13,0.9992,normal
PROPOSED_SPEC,50,1,2,0,0,1,25.79,0.9993,normal
PROPOSED_SPEC,50,1,3,0,0,1,24.89,0.9992,normal
PROPOSED_SPEC,50,1,4,0,0,1,25.44,0.9993,normal
PROPOSED_SPEC,50,1,5,0,0,1,25.91,0.9993,normal
PROPOSED_SPEC,50,1,6,0,0,1,26.15,0.9993,normal
PROPOSED_SPEC,50,1,7,0,0,1,25.13,0.9990,normal
PROPOSED_SPEC,50,1,8,0,0,1,25.58,0.9993,normal
PROPOSED_SPEC,50,1,9,0,0,1,26.01,0.9994,normal
PROPOSED_SPEC,50,1,10,0,0,1,23.89,0.9988,normal
PROPOSED_SPEC,50,1,11,0,0,1,25.06,0.9990,normal
PROPOSED_SPEC,50,1,12,0,0,1,25.33,0.9990,normal
PROPOSED_SPEC,50,1,13,0,0,1,25.19,0.9992,normal
PROPOSED_SPEC,50,1,14,0,0,1,24.31,0.9990,normal
PROPOSED_SPEC,50,1,15,0,0,1,25.59,0.9993,normal
PROPOSED_SPEC,50,1,16,0,0,1,25.70,0.9993,normal
PROPOSED_SPEC,50,1,17,0,0,1,25.57,0.9993,normal
PROPOSED_SPEC,50,1,18,0,0,1,24.77,0.9990,normal
PROPOSED_SPEC,50,1,19,1,1,1,12.60,0.9780,inner_race
PROPOSED_SPEC,50,1,20,1,1,1,13.32,0.9811,inner_race
PROPOSED_SPEC,50,1,21,1,1,1,14.71,0.9864,inner_race
PROPOSED_SPEC,50,1,22,1,1,1,14.07,0.9866,inner_race
PROPOSED_SPEC,50,1,23,1,1,1,15.18,0.9879,inner_race
PROPOSED_SPEC,50,1,24,1,1,1,14.33,0.9849,inner_race
PROPOSED_SPEC,50,1,25,1,1,1,12.85,0.9786,inner_race
PROPOSED_SPEC,50,1,26,1,1,1,12.94,0.9795,inner_race
PROPOSED_SPEC,50,1,27,1,1,1,13.43,0.9798,inner_race
PROPOSED_SPEC,50,1,28,1,1,1,13.63,0.9839,inner_race
PROPOSED_SPEC,50,1,29,1,1,1,13.75,0.9848,inner_race
PROPOSED_SPEC,50,1,30,1,1,1,12.80,0.9780,inner_race
PROPOSED_SPEC,50,1,31,1,1,1,12.89,0.9771,inner_race
PROPOSED_SPEC,50,1,32,1,1,1,14.54,0.9862,inner_race
PROPOSED_SPEC,50,1,33,1,1,1,13.20,0.9789,inner_race
PROPOSED_SPEC,50,1,34,1,1,1,12.96,0.9791,inner_race
PROPOSED_SPEC,50,1,35,1,1,1,14.19,0.9808,inner_race
PROPOSED_SPEC,50,1,36,1,1,1,13.65,0.9826,inner_race
PROPOSED_SPEC,50,1,37,1,1,1,12.95,0.9788,inner_race
PROPOSED_SPEC,50,1,38,2,2,1,10.32,0.9715,ball_fault
PROPOSED_SPEC,50,1,39,2,2,1,10.41,0.9738,ball_fault
PROPOSED_SPEC,50,1,40,2,2,1,9.77,0.9691,ball_fault
PROPOSED_SPEC,50,1,41,2,2,1,10.11,0.9671,ball_fault
PROPOSED_SPEC,50,1,42,2,2,1,9.53,0.9625,ball_fault
PROPOSED_SPEC,50,1,43,2,2,1,11.08,0.9758,ball_fault
PROPOSED_SPEC,50,1,44,2,2,1,10.30,0.9743,ball_fault
PROPOSED_SPEC,50,1,45,2,2,1,10.35,0.9673,ball_fault
PROPOSED_SPEC,50,1,46,2,2,1,10.73,0.9719,ball_fault
PROPOSED_SPEC,50,1,47,2,2,1,9.98,0.9691,ball_fault
PROPOSED_SPEC,50,1,48,2,2,1,9.60,0.9647,ball_fault
PROPOSED_SPEC,50,1,49,2,2,1,9.43,0.9635,ball_fault
PROPOSED_SPEC,50,1,50,2,2,1,11.02,0.9750,ball_fault
PROPOSED_SPEC,50,1,51,2,2,1,11.14,0.9761,ball_fault
PROPOSED_SPEC,50,1,52,2,2,1,9.92,0.9645,ball_fault
PROPOSED_SPEC,50,1,53,2,2,1,10.85,0.9705,ball_fault
PROPOSED_SPEC,50,1,54,2,2,1,11.23,0.9730,ball_fault
PROPOSED_SPEC,50,1,55,2,2,1,9.07,0.9635,ball_fault
PROPOSED_SPEC,50,1,56,2,2,1,11.22,0.9788,ball_fault
PROPOSED_SPEC,50,2,0,0,0,1,25.68,0.9993,normal
PROPOSED_SPEC,50,2,1,0,0,1,25.16,0.9992,normal
PROPOSED_SPEC,50,2,2,0,0,1,25.86,0.9993,normal
PROPOSED_SPEC,50,2,3,0,0,1,25.03,0.9992,normal
PROPOSED_SPEC,50,2,4,0,0,1,25.46,0.9993,normal
PROPOSED_SPEC,50,2,5,0,0,1,25.92,0.9993,normal
PROPOSED_SPEC,50,2,6,0,0,1,26.16,0.9993,normal
PROPOSED_SPEC,50,2,7,0,0,1,25.05,0.9990,normal
PROPOSED_SPEC,50,2,8,0,0,1,25.66,0.9993,normal
PROPOSED_SPEC,50,2,9,0,0,1,25.95,0.9994,normal
PROPOSED_SPEC,50,2,10,0,0,1,23.91,0.9988,normal
PROPOSED_SPEC,50,2,11,0,0,1,25.14,0.9990,normal
PROPOSED_SPEC,50,2,12,0,0,1,25.33,0.9990,normal
PROPOSED_SPEC,50,2,13,0,0,1,25.19,0.9992,normal
PROPOSED_SPEC,50,2,14,0,0,1,24.34,0.9990,normal
PROPOSED_SPEC,50,2,15,0,0,1,25.67,0.9993,normal
PROPOSED_SPEC,50,2,16,0,0,1,25.70,0.9993,normal
PROPOSED_SPEC,50,2,17,0,0,1,25.58,0.9993,normal
PROPOSED_SPEC,50,2,18,0,0,1,24.56,0.9989,normal
PROPOSED_SPEC,50,2,19,1,1,1,12.70,0.9797,inner_race
PROPOSED_SPEC,50,2,20,1,1,1,13.36,0.9817,inner_race
PROPOSED_SPEC,50,2,21,1,1,1,14.67,0.9863,inner_race
PROPOSED_SPEC,50,2,22,1,1,1,14.22,0.9871,inner_race
PROPOSED_SPEC,50,2,23,1,1,1,15.19,0.9879,inner_race
PROPOSED_SPEC,50,2,24,1,1,1,14.32,0.9850,inner_race
PROPOSED_SPEC,50,2,25,1,1,1,12.85,0.9786,inner_race
PROPOSED_SPEC,50,2,26,1,1,1,13.18,0.9810,inner_race
PROPOSED_SPEC,50,2,27,1,1,1,13.43,0.9800,inner_race
PROPOSED_SPEC,50,2,28,1,1,1,13.48,0.9828,inner_race
PROPOSED_SPEC,50,2,29,1,1,1,13.94,0.9868,inner_race
PROPOSED_SPEC,50,2,30,1,1,1,12.88,0.9784,inner_race
PROPOSED_SPEC,50,2,31,1,1,1,12.97,0.9775,inner_race
PROPOSED_SPEC,50,2,32,1,1,1,14.55,0.9860,inner_race
PROPOSED_SPEC,50,2,33,1,1,1,13.06,0.9778,inner_race
PROPOSED_SPEC,50,2,34,1,1,1,12.94,0.9798,inner_race
PROPOSED_SPEC,50,2,35,1,1,1,14.01,0.9808,inner_race
PROPOSED_SPEC,50,2,36,1,1,1,13.65,0.9826,inner_race
PROPOSED_SPEC,50,2,37,1,1,1,13.26,0.9809,inner_race
PROPOSED_SPEC,50,2,38,2,2,1,10.30,0.9717,ball_fault
PROPOSED_SPEC,50,2,39,2,2,1,10.41,0.9731,ball_fault
PROPOSED_SPEC,50,2,40,2,2,1,9.92,0.9696,ball_fault
PROPOSED_SPEC,50,2,41,2,2,1,10.08,0.9711,ball_fault
PROPOSED_SPEC,50,2,42,2,2,1,9.61,0.9640,ball_fault
PROPOSED_SPEC,50,2,43,2,2,1,11.02,0.9763,ball_fault
PROPOSED_SPEC,50,2,44,2,2,1,10.23,0.9745,ball_fault
PROPOSED_SPEC,50,2,45,2,2,1,10.35,0.9673,ball_fault
PROPOSED_SPEC,50,2,46,2,2,1,10.73,0.9719,ball_fault
PROPOSED_SPEC,50,2,47,2,2,1,9.94,0.9694,ball_fault
PROPOSED_SPEC,50,2,48,2,2,1,9.64,0.9657,ball_fault
PROPOSED_SPEC,50,2,49,2,2,1,8.96,0.9590,ball_fault
PROPOSED_SPEC,50,2,50,2,2,1,11.25,0.9769,ball_fault
PROPOSED_SPEC,50,2,51,2,2,1,11.14,0.9761,ball_fault
PROPOSED_SPEC,50,2,52,2,2,1,9.92,0.9645,ball_fault
PROPOSED_SPEC,50,2,53,2,2,1,10.85,0.9705,ball_fault
PROPOSED_SPEC,50,2,54,2,2,1,11.04,0.9704,ball_fault
PROPOSED_SPEC,50,2,55,2,2,1,9.10,0.9626,ball_fault
PROPOSED_SPEC,50,2,56,2,2,1,11.24,0.9787,ball_fault
PROPOSED_SPEC,50,3,0,0,0,1,25.68,0.9993,normal
PROPOSED_SPEC,50,3,1,0,0,1,25.24,0.9992,normal
PROPOSED_SPEC,50,3,2,0,0,1,25.86,0.9993,normal
PROPOSED_SPEC,50,3,3,0,0,1,25.03,0.9992,normal
PROPOSED_SPEC,50,3,4,0,0,1,25.57,0.9993,normal
PROPOSED_SPEC,50,3,5,0,0,1,25.95,0.9993,normal
PROPOSED_SPEC,50,3,6,0,0,1,26.11,0.9993,normal
PROPOSED_SPEC,50,3,7,0,0,1,25.08,0.9990,normal
PROPOSED_SPEC,50,3,8,0,0,1,25.55,0.9992,normal
PROPOSED_SPEC,50,3,9,0,0,1,26.02,0.9994,normal
PROPOSED_SPEC,50,3,10,0,0,1,23.84,0.9988,normal
PROPOSED_SPEC,50,3,11,0,0,1,25.14,0.9990,normal
PROPOSED_SPEC,50,3,12,0,0,1,25.46,0.9991,normal
PROPOSED_SPEC,50,3,13,0,0,1,25.27,0.9993,normal
PROPOSED_SPEC,50,3,14,0,0,1,24.36,0.9990,normal
PROPOSED_SPEC,50,3,15,0,0,1,25.57,0.9993,normal
PROPOSED_SPEC,50,3,16,0,0,1,25.62,0.9993,normal
PROPOSED_SPEC,50,3,17,0,0,1,25.56,0.9993,normal
PROPOSED_SPEC,50,3,18,0,0,1,24.66,0.9990,normal
PROPOSED_SPEC,50,3,19,1,1,1,12.61,0.9784,inner_race
PROPOSED_SPEC,50,3,20,1,1,1,13.36,0.9817,inner_race
PROPOSED_SPEC,50,3,21,1,1,1,14.54,0.9855,inner_race
PROPOSED_SPEC,50,3,22,1,1,1,14.07,0.9866,inner_race
PROPOSED_SPEC,50,3,23,1,1,1,14.99,0.9871,inner_race
PROPOSED_SPEC,50,3,24,1,1,1,14.39,0.9846,inner_race
PROPOSED_SPEC,50,3,25,1,1,1,12.91,0.9790,inner_race
PROPOSED_SPEC,50,3,26,1,1,1,12.94,0.9795,inner_race
PROPOSED_SPEC,50,3,27,1,1,1,13.50,0.9803,inner_race
PROPOSED_SPEC,50,3,28,1,1,1,13.63,0.9839,inner_race
PROPOSED_SPEC,50,3,29,1,1,1,13.75,0.9848,inner_race
PROPOSED_SPEC,50,3,30,1,1,1,12.80,0.9780,inner_race
PROPOSED_SPEC,50,3,31,1,1,1,12.97,0.9776,inner_race
PROPOSED_SPEC,50,3,32,1,1,1,14.55,0.9860,inner_race
PROPOSED_SPEC,50,3,33,1,1,1,13.00,0.9774,inner_race
PROPOSED_SPEC,50,3,34,1,1,1,12.99,0.9792,inner_race
PROPOSED_SPEC,50,3,35,1,1,1,14.07,0.9813,inner_race
PROPOSED_SPEC,50,3,36,1,1,1,13.65,0.9826,inner_race
PROPOSED_SPEC,50,3,37,1,1,1,13.51,0.9823,inner_race
PROPOSED_SPEC,50,3,38,2,2,1,10.32,0.9715,ball_fault
PROPOSED_SPEC,50,3,39,2,2,1,10.35,0.9735,ball_fault
PROPOSED_SPEC,50,3,40,2,2,1,9.77,0.9698,ball_fault
PROPOSED_SPEC,50,3,41,2,2,1,10.10,0.9715,ball_fault
PROPOSED_SPEC,50,3,42,2,2,1,9.34,0.9601,ball_fault
PROPOSED_SPEC,50,3,43,2,2,1,10.88,0.9744,ball_fault
PROPOSED_SPEC,50,3,44,2,2,1,10.23,0.9745,ball_fault
PROPOSED_SPEC,50,3,45,2,2,1,10.35,0.9673,ball_fault
PROPOSED_SPEC,50,3,46,2,2,1,10.70,0.9724,ball_fault
PROPOSED_SPEC,50,3,47,2,2,1,10.11,0.9707,ball_fault
PROPOSED_SPEC,50,3,48,2,2,1,9.64,0.9659,ball_fault
PROPOSED_SPEC,50,3,49,2,2,1,9.53,0.9656,ball_fault
PROPOSED_SPEC,50,3,50,2,2,1,11.25,0.9769,ball_fault
PROPOSED_SPEC,50,3,51,2,2,1,11.14,0.9761,ball_fault
PROPOSED_SPEC,50,3,52,2,2,1,10.14,0.9679,ball_fault
PROPOSED_SPEC,50,3,53,2,2,1,10.83,0.9703,ball_fault
PROPOSED_SPEC,50,3,54,2,2,1,11.20,0.9725,ball_fault
PROPOSED_SPEC,50,3,55,2,2,1,9.07,0.9635,ball_fault
PROPOSED_SPEC,50,3,56,2,2,1,11.24,0.9787,ball_fault
PROPOSED_SPEC,50,4,0,0,0,1,25.68,0.9993,normal
PROPOSED_SPEC,50,4,1,0,0,1,25.13,0.9992,normal
PROPOSED_SPEC,50,4,2,0,0,1,25.86,0.9993,normal
PROPOSED_SPEC,50,4,3,0,0,1,25.03,0.9992,normal
PROPOSED_SPEC,50,4,4,0,0,1,25.48,0.9993,normal
PROPOSED_SPEC,50,4,5,0,0,1,25.96,0.9993,normal
PROPOSED_SPEC,50,4,6,0,0,1,26.16,0.9993,normal
PROPOSED_SPEC,50,4,7,0,0,1,25.05,0.9990,normal
PROPOSED_SPEC,50,4,8,0,0,1,25.50,0.9992,normal
PROPOSED_SPEC,50,4,9,0,0,1,25.89,0.9994,normal
PROPOSED_SPEC,50,4,10,0,0,1,23.91,0.9988,normal
PROPOSED_SPEC,50,4,11,0,0,1,25.03,0.9990,normal
PROPOSED_SPEC,50,4,12,0,0,1,25.34,0.9990,normal
PROPOSED_SPEC,50,4,13,0,0,1,25.23,0.9992,normal
PROPOSED_SPEC,50,4,14,0,0,1,24.34,0.9990,normal
PROPOSED_SPEC,50,4,15,0,0,1,25.67,0.9993,normal
PROPOSED_SPEC,50,4,16,0,0,1,25.70,0.9993,normal
PROPOSED_SPEC,50,4,17,0,0,1,25.57,0.9993,normal
PROPOSED_SPEC,50,4,18,0,0,1,24.66,0.9990,normal
PROPOSED_SPEC,50,4,19,1,1,1,12.83,0.9802,inner_race
PROPOSED_SPEC,50,4,20,1,1,1,13.36,0.9817,inner_race
PROPOSED_SPEC,50,4,21,1,1,1,14.57,0.9855,inner_race
PROPOSED_SPEC,50,4,22,1,1,1,14.22,0.9871,inner_race
PROPOSED_SPEC,50,4,23,1,1,1,14.64,0.9850,inner_race
PROPOSED_SPEC,50,4,24,1,1,1,14.33,0.9849,inner_race
PROPOSED_SPEC,50,4,25,1,1,1,12.85,0.9786,inner_race
PROPOSED_SPEC,50,4,26,1,1,1,12.96,0.9797,inner_race
PROPOSED_SPEC,50,4,27,1,1,1,13.50,0.9803,inner_race
PROPOSED_SPEC,50,4,28,1,1,1,13.48,0.9828,inner_race
PROPOSED_SPEC,50,4,29,1,1,1,14.03,0.9871,inner_race
PROPOSED_SPEC,50,4,30,1,1,1,12.84,0.9786,inner_race
PROPOSED_SPEC,50,4,31,1,1,1,12.97,0.9776,inner_race
PROPOSED_SPEC,50,4,32,1,1,1,14.51,0.9860,inner_race
PROPOSED_SPEC,50,4,33,1,1,1,13.05,0.9777,inner_race
PROPOSED_SPEC,50,4,34,1,1,1,12.94,0.9798,inner_race
PROPOSED_SPEC,50,4,35,1,1,1,14.20,0.9810,inner_race
PROPOSED_SPEC,50,4,36,1,1,1,13.93,0.9834,inner_race
PROPOSED_SPEC,50,4,37,1,1,1,13.26,0.9809,inner_race
PROPOSED_SPEC,50,4,38,2,2,1,10.30,0.9717,ball_fault
PROPOSED_SPEC,50,4,39,2,2,1,10.45,0.9742,ball_fault
PROPOSED_SPEC,50,4,40,2,2,1,9.93,0.9693,ball_fault
PROPOSED_SPEC,50,4,41,2,2,1,10.08,0.9711,ball_fault
PROPOSED_SPEC,50,4,42,2,2,1,9.40,0.9613,ball_fault
PROPOSED_SPEC,50,4,43,2,2,1,11.17,0.9770,ball_fault
PROPOSED_SPEC,50,4,44,2,2,1,10.10,0.9711,ball_fault
PROPOSED_SPEC,50,4,45,2,2,1,10.35,0.9673,ball_fault
PROPOSED_SPEC,50,4,46,2,2,1,10.73,0.9719,ball_fault
PROPOSED_SPEC,50,4,47,2,2,1,10.11,0.9707,ball_fault
PROPOSED_SPEC,50,4,48,2,2,1,9.46,0.9642,ball_fault
PROPOSED_SPEC,50,4,49,2,2,1,9.43,0.9635,ball_fault
PROPOSED_SPEC,50,4,50,2,2,1,11.59,0.9788,ball_fault
PROPOSED_SPEC,50,4,51,2,2,1,11.14,0.9761,ball_fault
PROPOSED_SPEC,50,4,52,2,2,1,9.92,0.9645,ball_fault
PROPOSED_SPEC,50,4,53,2,2,1,10.91,0.9708,ball_fault
PROPOSED_SPEC,50,4,54,2,2,1,11.20,0.9725,ball_fault
PROPOSED_SPEC,50,4,55,2,2,1,9.08,0.9630,ball_fault
PROPOSED_SPEC,50,4,56,2,2,1,11.24,0.9787,ball_fault
PROPOSED_SPEC,80,0,0,0,0,1,25.16,0.9992,normal
PROPOSED_SPEC,80,0,1,0,0,1,24.68,0.9992,normal
PROPOSED_SPEC,80,0,2,0,0,1,25.62,0.9993,normal
PROPOSED_SPEC,80,0,3,0,0,1,24.50,0.9991,normal
PROPOSED_SPEC,80,0,4,0,0,1,25.05,0.9992,normal
PROPOSED_SPEC,80,0,5,0,0,1,25.44,0.9993,normal
PROPOSED_SPEC,80,0,6,0,0,1,25.69,0.9993,normal
PROPOSED_SPEC,80,0,7,0,0,1,24.56,0.9989,normal
PROPOSED_SPEC,80,0,8,0,0,1,25.10,0.9992,normal
PROPOSED_SPEC,80,0,9,0,0,1,25.57,0.9994,normal
PROPOSED_SPEC,80,0,10,0,0,1,23.45,0.9987,normal
PROPOSED_SPEC,80,0,11,0,0,1,24.92,0.9990,normal
PROPOSED_SPEC,80,0,12,0,0,1,24.64,0.9989,normal
PROPOSED_SPEC,80,0,13,0,0,1,24.88,0.9992,normal
PROPOSED_SPEC,80,0,14,0,0,1,23.85,0.9989,normal
PROPOSED_SPEC,80,0,15,0,0,1,25.06,0.9992,normal
PROPOSED_SPEC,80,0,16,0,0,1,25.05,0.9992,normal
PROPOSED_SPEC,80,0,17,0,0,1,24.85,0.9991,normal
PROPOSED_SPEC,80,0,18,0,0,1,24.25,0.9988,normal
PROPOSED_SPEC,80,0,19,1,1,1,12.16,0.9756,inner_race
PROPOSED_SPEC,80,0,20,1,1,1,12.95,0.9800,inner_race
PROPOSED_SPEC,80,0,21,1,1,1,13.51,0.9824,inner_race
PROPOSED_SPEC,80,0,22,1,1,1,13.73,0.9856,inner_race
PROPOSED_SPEC,80,0,23,1,1,1,14.09,0.9841,inner_race
PROPOSED_SPEC,80,0,24,1,1,1,13.77,0.9828,inner_race
PROPOSED_SPEC,80,0,25,1,1,1,12.70,0.9781,inner_race
PROPOSED_SPEC,80,0,26,1,1,1,12.51,0.9792,inner_race
PROPOSED_SPEC,80,0,27,1,1,1,12.86,0.9767,inner_race
PROPOSED_SPEC,80,0,28,1,1,1,13.23,0.9817,inner_race
PROPOSED_SPEC,80,0,29,1,1,1,13.53,0.9845,inner_race
PROPOSED_SPEC,80,0,30,1,1,1,12.42,0.9767,inner_race
PROPOSED_SPEC,80,0,31,1,1,1,12.40,0.9750,inner_race
PROPOSED_SPEC,80,0,32,1,1,1,14.45,0.9851,inner_race
PROPOSED_SPEC,80,0,33,1,1,1,12.70,0.9752,inner_race
PROPOSED_SPEC,80,0,34,1,1,1,12.19,0.9791,inner_race
PROPOSED_SPEC,80,0,35,1,1,1,13.37,0.9767,inner_race
PROPOSED_SPEC,80,0,36,1,1,1,13.47,0.9834,inner_race
PROPOSED_SPEC,80,0,37,1,1,1,12.45,0.9747,inner_race
PROPOSED_SPEC,80,0,38,2,2,1,9.82,0.9685,ball_fault
PROPOSED_SPEC,80,0,39,2,2,1,9.87,0.9690,ball_fault
PROPOSED_SPEC,80,0,40,2,2,1,9.19,0.9638,ball_fault
PROPOSED_SPEC,80,0,41,2,2,1,9.76,0.9687,ball_fault
PROPOSED_SPEC,80,0,42,2,2,1,9.09,0.9585,ball_fault
PROPOSED_SPEC,80,0,43,2,2,1,10.69,0.9738,ball_fault
PROPOSED_SPEC,80,0,44,2,2,1,9.52,0.9679,ball_fault
PROPOSED_SPEC,80,0,45,2,2,1,9.89,0.9642,ball_fault
PROPOSED_SPEC,80,0,46,2,2,1,9.83,0.9620,ball_fault
PROPOSED_SPEC,80,0,47,2,2,1,9.60,0.9674,ball_fault
PROPOSED_SPEC,80,0,48,2,2,1,9.14,0.9621,ball_fault
PROPOSED_SPEC,80,0,49,2,2,1,8.52,0.9572,ball_fault
PROPOSED_SPEC,80,0,50,2,2,1,10.72,0.9756,ball_fault
PROPOSED_SPEC,80,0,51,2,2,1,10.94,0.9757,ball_fault
PROPOSED_SPEC,80,0,52,2,2,1,9.46,0.9601,ball_fault
PROPOSED_SPEC,80,0,53,2,2,1,10.50,0.9676,ball_fault
PROPOSED_SPEC,80,0,54,2,2,1,10.45,0.9678,ball_fault
PROPOSED_SPEC,80,0,55,2,2,1,8.45,0.9562,ball_fault
PROPOSED_SPEC,80,0,56,2,2,1,10.53,0.9748,ball_fault
PROPOSED_SPEC,80,1,0,0,0,1,25.16,0.9992,normal
PROPOSED_SPEC,80,1,1,0,0,1,24.68,0.9992,normal
PROPOSED_SPEC,80,1,2,0,0,1,25.56,0.9992,normal
PROPOSED_SPEC,80,1,3,0,0,1,24.49,0.9991,normal
PROPOSED_SPEC,80,1,4,0,0,1,25.18,0.9993,normal
PROPOSED_SPEC,80,1,5,0,0,1,25.65,0.9993,normal
PROPOSED_SPEC,80,1,6,0,0,1,25.65,0.9993,normal
PROPOSED_SPEC,80,1,7,0,0,1,24.56,0.9989,normal
PROPOSED_SPEC,80,1,8,0,0,1,25.09,0.9992,normal
PROPOSED_SPEC,80,1,9,0,0,1,25.57,0.9994,normal
PROPOSED_SPEC,80,1,10,0,0,1,23.45,0.9987,normal
PROPOSED_SPEC,80,1,11,0,0,1,24.97,0.9990,normal
PROPOSED_SPEC,80,1,12,0,0,1,24.69,0.9989,normal
PROPOSED_SPEC,80,1,13,0,0,1,24.88,0.9992,normal
PROPOSED_SPEC,80,1,14,0,0,1,23.84,0.9989,normal
PROPOSED_SPEC,80,1,15,0,0,1,25.00,0.9992,normal
PROPOSED_SPEC,80,1,16,0,0,1,25.05,0.9992,normal
PROPOSED_SPEC,80,1,17,0,0,1,24.85,0.9991,normal
PROPOSED_SPEC,80,1,18,0,0,1,24.25,0.9988,normal
PROPOSED_SPEC,80,1,19,1,1,1,12.18,0.9766,inner_race
PROPOSED_SPEC,80,1,20,1,1,1,12.98,0.9795,inner_race
PROPOSED_SPEC,80,1,21,1,1,1,13.51,0.9824,inner_race
PROPOSED_SPEC,80,1,22,1,1,1,13.73,0.9856,inner_race
PROPOSED_SPEC,80,1,23,1,1,1,14.39,0.9858,inner_race
PROPOSED_SPEC,80,1,24,1,1,1,13.74,0.9820,inner_race
PROPOSED_SPEC,80,1,25,1,1,1,12.78,0.9780,inner_race
PROPOSED_SPEC,80,1,26,1,1,1,12.51,0.9792,inner_race
PROPOSED_SPEC,80,1,27,1,1,1,12.86,0.9767,inner_race
PROPOSED_SPEC,80,1,28,1,1,1,12.94,0.9811,inner_race
PROPOSED_SPEC,80,1,29,1,1,1,13.45,0.9843,inner_race
PROPOSED_SPEC,80,1,30,1,1,1,12.48,0.9762,inner_race
PROPOSED_SPEC,80,1,31,1,1,1,12.40,0.9750,inner_race
PROPOSED_SPEC,80,1,32,1,1,1,12.36,0.9740,inner_race
PROPOSED_SPEC,80,1,33,1,1,1,12.70,0.9752,inner_race
PROPOSED_SPEC,80,1,34,1,1,1,12.14,0.9775,inner_race
PROPOSED_SPEC,80,1,35,1,1,1,13.37,0.9767,inner_race
PROPOSED_SPEC,80,1,36,1,1,1,12.85,0.9790,inner_race
PROPOSED_SPEC,80,1,37,1,1,1,12.45,0.9747,inner_race
PROPOSED_SPEC,80,1,38,2,2,1,9.82,0.9685,ball_fault
PROPOSED_SPEC,80,1,39,2,2,1,9.87,0.9690,ball_fault
PROPOSED_SPEC,80,1,40,2,2,1,9.13,0.9636,ball_fault
PROPOSED_SPEC,80,1,41,2,2,1,9.76,0.9687,ball_fault
PROPOSED_SPEC,80,1,42,2,2,1,9.11,0.9599,ball_fault
PROPOSED_SPEC,80,1,43,2,2,1,10.92,0.9752,ball_fault
PROPOSED_SPEC,80,1,44,2,2,1,9.52,0.9679,ball_fault
PROPOSED_SPEC,80,1,45,2,2,1,9.89,0.9642,ball_fault
PROPOSED_SPEC,80,1,46,2,2,1,9.83,0.9620,ball_fault
PROPOSED_SPEC,80,1,47,2,2,1,9.53,0.9659,ball_fault
PROPOSED_SPEC,80,1,48,2,2,1,9.14,0.9621,ball_fault
PROPOSED_SPEC,80,1,49,2,2,1,8.84,0.9588,ball_fault
PROPOSED_SPEC,80,1,50,2,2,1,10.72,0.9756,ball_fault
PROPOSED_SPEC,80,1,51,2,2,1,10.94,0.9749,ball_fault
PROPOSED_SPEC,80,1,52,2,2,1,9.55,0.9613,ball_fault
PROPOSED_SPEC,80,1,53,2,2,1,10.60,0.9684,ball_fault
PROPOSED_SPEC,80,1,54,2,2,1,10.45,0.9678,ball_fault
PROPOSED_SPEC,80,1,55,2,2,1,8.45,0.9562,ball_fault
PROPOSED_SPEC,80,1,56,2,2,1,10.70,0.9753,ball_fault
PROPOSED_SPEC,80,2,0,0,0,1,25.16,0.9992,normal
PROPOSED_SPEC,80,2,1,0,0,1,24.71,0.9991,normal
PROPOSED_SPEC,80,2,2,0,0,1,25.56,0.9992,normal
PROPOSED_SPEC,80,2,3,0,0,1,24.49,0.9991,normal
PROPOSED_SPEC,80,2,4,0,0,1,25.19,0.9993,normal
PROPOSED_SPEC,80,2,5,0,0,1,25.44,0.9993,normal
PROPOSED_SPEC,80,2,6,0,0,1,25.65,0.9993,normal
PROPOSED_SPEC,80,2,7,0,0,1,24.56,0.9989,normal
PROPOSED_SPEC,80,2,8,0,0,1,25.10,0.9992,normal
PROPOSED_SPEC,80,2,9,0,0,1,25.59,0.9994,normal
PROPOSED_SPEC,80,2,10,0,0,1,23.45,0.9987,normal
PROPOSED_SPEC,80,2,11,0,0,1,24.92,0.9990,normal
PROPOSED_SPEC,80,2,12,0,0,1,24.69,0.9989,normal
PROPOSED_SPEC,80,2,13,0,0,1,24.88,0.9992,normal
PROPOSED_SPEC,80,2,14,0,0,1,24.00,0.9989,normal
PROPOSED_SPEC,80,2,15,0,0,1,25.06,0.9992,normal
PROPOSED_SPEC,80,2,16,0,0,1,25.05,0.9992,normal
PROPOSED_SPEC,80,2,17,0,0,1,24.85,0.9991,normal
PROPOSED_SPEC,80,2,18,0,0,1,24.27,0.9989,normal
PROPOSED_SPEC,80,2,19,1,1,1,12.16,0.9756,inner_race
PROPOSED_SPEC,80,2,20,1,1,1,12.97,0.9792,inner_race
PROPOSED_SPEC,80,2,21,1,1,1,13.47,0.9821,inner_race
PROPOSED_SPEC,80,2,22,1,1,1,13.73,0.9856,inner_race
PROPOSED_SPEC,80,2,23,1,1,1,14.39,0.9858,inner_race
PROPOSED_SPEC,80,2,24,1,1,1,13.74,0.9820,inner_race
PROPOSED_SPEC,80,2,25,1,1,1,12.93,0.9777,inner_race
PROPOSED_SPEC,80,2,26,1,1,1,12.96,0.9819,inner_race
PROPOSED_SPEC,80,2,27,1,1,1,12.86,0.9767,inner_race
PROPOSED_SPEC,80,2,28,1,1,1,13.18,0.9818,inner_race
PROPOSED_SPEC,80,2,29,1,1,1,13.53,0.9845,inner_race
PROPOSED_SPEC,80,2,30,1,1,1,12.48,0.9762,inner_race
PROPOSED_SPEC,80,2,31,1,1,1,12.40,0.9750,inner_race
PROPOSED_SPEC,80,2,32,1,1,1,14.04,0.9842,inner_race
PROPOSED_SPEC,80,2,33,1,1,1,12.70,0.9752,inner_race
PROPOSED_SPEC,80,2,34,1,1,1,12.14,0.9775,inner_race
PROPOSED_SPEC,80,2,35,1,1,1,13.37,0.9767,inner_race
PROPOSED_SPEC,80,2,36,1,1,1,12.84,0.9798,inner_race
PROPOSED_SPEC,80,2,37,1,1,1,12.45,0.9747,inner_race
PROPOSED_SPEC,80,2,38,2,2,1,9.82,0.9685,ball_fault
PROPOSED_SPEC,80,2,39,2,2,1,9.87,0.9690,ball_fault
PROPOSED_SPEC,80,2,40,2,2,1,9.12,0.9632,ball_fault
PROPOSED_SPEC,80,2,41,2,2,1,9.79,0.9692,ball_fault
PROPOSED_SPEC,80,2,42,2,2,1,9.23,0.9601,ball_fault
PROPOSED_SPEC,80,2,43,2,2,1,10.92,0.9752,ball_fault
PROPOSED_SPEC,80,2,44,2,2,1,9.52,0.9679,ball_fault
PROPOSED_SPEC,80,2,45,2,2,1,9.89,0.9642,ball_fault
PROPOSED_SPEC,80,2,46,2,2,1,10.25,0.9662,ball_fault
PROPOSED_SPEC,80,2,47,2,2,1,9.53,0.9659,ball_fault
PROPOSED_SPEC,80,2,48,2,2,1,9.12,0.9617,ball_fault
PROPOSED_SPEC,80,2,49,2,2,1,8.93,0.9603,ball_fault
PROPOSED_SPEC,80,2,50,2,2,1,10.72,0.9756,ball_fault
PROPOSED_SPEC,80,2,51,2,2,1,10.94,0.9749,ball_fault
PROPOSED_SPEC,80,2,52,2,2,1,9.52,0.9620,ball_fault
PROPOSED_SPEC,80,2,53,2,2,1,10.50,0.9676,ball_fault
PROPOSED_SPEC,80,2,54,2,2,1,10.45,0.9678,ball_fault
PROPOSED_SPEC,80,2,55,2,2,1,8.45,0.9562,ball_fault
PROPOSED_SPEC,80,2,56,2,2,1,10.55,0.9756,ball_fault
PROPOSED_SPEC,80,3,0,0,0,1,25.16,0.9992,normal
PROPOSED_SPEC,80,3,1,0,0,1,24.68,0.9992,normal
PROPOSED_SPEC,80,3,2,0,0,1,25.62,0.9993,normal
PROPOSED_SPEC,80,3,3,0,0,1,24.49,0.9991,normal
PROPOSED_SPEC,80,3,4,0,0,1,25.19,0.9993,normal
PROPOSED_SPEC,80,3,5,0,0,1,25.44,0.9993,normal
PROPOSED_SPEC,80,3,6,0,0,1,25.69,0.9993,normal
PROPOSED_SPEC,80,3,7,0,0,1,24.56,0.9989,normal
PROPOSED_SPEC,80,3,8,0,0,1,25.10,0.9992,normal
PROPOSED_SPEC,80,3,9,0,0,1,25.57,0.9994,normal
PROPOSED_SPEC,80,3,10,0,0,1,23.46,0.9987,normal
PROPOSED_SPEC,80,3,11,0,0,1,24.92,0.9990,normal
PROPOSED_SPEC,80,3,12,0,0,1,24.69,0.9989,normal
PROPOSED_SPEC,80,3,13,0,0,1,24.88,0.9992,normal
PROPOSED_SPEC,80,3,14,0,0,1,24.11,0.9990,normal
PROPOSED_SPEC,80,3,15,0,0,1,25.00,0.9992,normal
PROPOSED_SPEC,80,3,16,0,0,1,25.05,0.9992,normal
PROPOSED_SPEC,80,3,17,0,0,1,24.85,0.9991,normal
PROPOSED_SPEC,80,3,18,0,0,1,24.25,0.9988,normal
PROPOSED_SPEC,80,3,19,1,1,1,12.19,0.9764,inner_race
PROPOSED_SPEC,80,3,20,1,1,1,12.95,0.9800,inner_race
PROPOSED_SPEC,80,3,21,1,1,1,13.51,0.9824,inner_race
PROPOSED_SPEC,80,3,22,1,1,1,13.75,0.9855,inner_race
PROPOSED_SPEC,80,3,23,1,1,1,14.01,0.9838,inner_race
PROPOSED_SPEC,80,3,24,1,1,1,13.74,0.9820,inner_race
PROPOSED_SPEC,80,3,25,1,1,1,12.78,0.9780,inner_race
PROPOSED_SPEC,80,3,26,1,1,1,12.55,0.9792,inner_race
PROPOSED_SPEC,80,3,27,1,1,1,12.86,0.9767,inner_race
PROPOSED_SPEC,80,3,28,1,1,1,13.10,0.9818,inner_race
PROPOSED_SPEC,80,3,29,1,1,1,13.67,0.9853,inner_race
PROPOSED_SPEC,80,3,30,1,1,1,12.48,0.9762,inner_race
PROPOSED_SPEC,80,3,31,1,1,1,12.39,0.9753,inner_race
PROPOSED_SPEC,80,3,32,1,1,1,13.62,0.9822,inner_race
PROPOSED_SPEC,80,3,33,1,1,1,12.70,0.9752,inner_race
PROPOSED_SPEC,80,3,34,1,1,1,11.95,0.9766,inner_race
PROPOSED_SPEC,80,3,35,1,1,1,13.37,0.9767,inner_race
PROPOSED_SPEC,80,3,36,1,1,1,13.15,0.9812,inner_race
PROPOSED_SPEC,80,3,37,1,1,1,12.45,0.9747,inner_race
PROPOSED_SPEC,80,3,38,2,2,1,9.82,0.9685,ball_fault
PROPOSED_SPEC,80,3,39,2,2,1,9.87,0.9690,ball_fault
PROPOSED_SPEC,80,3,40,2,2,1,9.19,0.9638,ball_fault
PROPOSED_SPEC,80,3,41,2,2,1,9.79,0.9692,ball_fault
PROPOSED_SPEC,80,3,42,2,2,1,9.17,0.9607,ball_fault
PROPOSED_SPEC,80,3,43,2,2,1,10.69,0.9738,ball_fault
PROPOSED_SPEC,80,3,44,2,2,1,9.86,0.9714,ball_fault
PROPOSED_SPEC,80,3,45,2,2,1,10.01,0.9643,ball_fault
PROPOSED_SPEC,80,3,46,2,2,1,9.83,0.9620,ball_fault
PROPOSED_SPEC,80,3,47,2,2,1,9.47,0.9653,ball_fault
PROPOSED_SPEC,80,3,48,2,2,1,9.14,0.9621,ball_fault
PROPOSED_SPEC,80,3,49,2,2,1,8.84,0.9588,ball_fault
PROPOSED_SPEC,80,3,50,2,2,1,10.72,0.9756,ball_fault
PROPOSED_SPEC,80,3,51,2,2,1,10.94,0.9749,ball_fault
PROPOSED_SPEC,80,3,52,2,2,1,9.46,0.9601,ball_fault
PROPOSED_SPEC,80,3,53,2,2,1,10.50,0.9676,ball_fault
PROPOSED_SPEC,80,3,54,2,2,1,10.45,0.9678,ball_fault
PROPOSED_SPEC,80,3,55,2,2,1,8.29,0.9551,ball_fault
PROPOSED_SPEC,80,3,56,2,2,1,10.53,0.9748,ball_fault
PROPOSED_SPEC,80,4,0,0,0,1,25.16,0.9992,normal
PROPOSED_SPEC,80,4,1,0,0,1,24.68,0.9992,normal
PROPOSED_SPEC,80,4,2,0,0,1,25.37,0.9992,normal
PROPOSED_SPEC,80,4,3,0,0,1,24.49,0.9991,normal
PROPOSED_SPEC,80,4,4,0,0,1,25.18,0.9993,normal
PROPOSED_SPEC,80,4,5,0,0,1,25.79,0.9993,normal
PROPOSED_SPEC,80,4,6,0,0,1,25.70,0.9993,normal
PROPOSED_SPEC,80,4,7,0,0,1,24.72,0.9989,normal
PROPOSED_SPEC,80,4,8,0,0,1,25.16,0.9992,normal
PROPOSED_SPEC,80,4,9,0,0,1,25.57,0.9994,normal
PROPOSED_SPEC,80,4,10,0,0,1,23.48,0.9987,normal
PROPOSED_SPEC,80,4,11,0,0,1,24.92,0.9990,normal
PROPOSED_SPEC,80,4,12,0,0,1,24.86,0.9990,normal
PROPOSED_SPEC,80,4,13,0,0,1,24.88,0.9992,normal
PROPOSED_SPEC,80,4,14,0,0,1,23.99,0.9989,normal
PROPOSED_SPEC,80,4,15,0,0,1,25.06,0.9992,normal
PROPOSED_SPEC,80,4,16,0,0,1,25.05,0.9992,normal
PROPOSED_SPEC,80,4,17,0,0,1,24.85,0.9991,normal
PROPOSED_SPEC,80,4,18,0,0,1,24.35,0.9989,normal
PROPOSED_SPEC,80,4,19,1,1,1,12.16,0.9756,inner_race
PROPOSED_SPEC,80,4,20,1,1,1,12.99,0.9791,inner_race
PROPOSED_SPEC,80,4,21,1,1,1,13.51,0.9824,inner_race
PROPOSED_SPEC,80,4,22,1,1,1,13.73,0.9856,inner_race
PROPOSED_SPEC,80,4,23,1,1,1,14.06,0.9842,inner_race
PROPOSED_SPEC,80,4,24,1,1,1,13.90,0.9835,inner_race
PROPOSED_SPEC,80,4,25,1,1,1,12.93,0.9777,inner_race
PROPOSED_SPEC,80,4,26,1,1,1,13.06,0.9829,inner_race
PROPOSED_SPEC,80,4,27,1,1,1,12.86,0.9767,inner_race
PROPOSED_SPEC,80,4,28,1,1,1,13.18,0.9818,inner_race
PROPOSED_SPEC,80,4,29,1,1,1,13.67,0.9853,inner_race
PROPOSED_SPEC,80,4,30,1,1,1,12.38,0.9771,inner_race
PROPOSED_SPEC,80,4,31,1,1,1,12.40,0.9750,inner_race
PROPOSED_SPEC,80,4,32,1,1,1,12.36,0.9740,inner_race
PROPOSED_SPEC,80,4,33,1,1,1,12.85,0.9767,inner_race
PROPOSED_SPEC,80,4,34,1,1,1,12.68,0.9809,inner_race
PROPOSED_SPEC,80,4,35,1,1,1,13.37,0.9767,inner_race
PROPOSED_SPEC,80,4,36,1,1,1,13.49,0.9832,inner_race
PROPOSED_SPEC,80,4,37,1,1,1,12.69,0.9783,inner_race
PROPOSED_SPEC,80,4,38,2,2,1,9.80,0.9665,ball_fault
PROPOSED_SPEC,80,4,39,2,2,1,9.90,0.9689,ball_fault
PROPOSED_SPEC,80,4,40,2,2,1,9.12,0.9632,ball_fault
PROPOSED_SPEC,80,4,41,2,2,1,9.79,0.9692,ball_fault
PROPOSED_SPEC,80,4,42,2,2,1,9.29,0.9636,ball_fault
PROPOSED_SPEC,80,4,43,2,2,1,10.69,0.9724,ball_fault
PROPOSED_SPEC,80,4,44,2,2,1,8.69,0.9542,ball_fault
PROPOSED_SPEC,80,4,45,2,2,1,9.89,0.9642,ball_fault
PROPOSED_SPEC,80,4,46,2,2,1,9.83,0.9620,ball_fault
PROPOSED_SPEC,80,4,47,2,2,1,9.53,0.9659,ball_fault
PROPOSED_SPEC,80,4,48,2,2,1,9.14,0.9621,ball_fault
PROPOSED_SPEC,80,4,49,2,2,1,8.84,0.9588,ball_fault
PROPOSED_SPEC,80,4,50,2,2,1,10.90,0.9761,ball_fault
PROPOSED_SPEC,80,4,51,2,2,1,11.08,0.9762,ball_fault
PROPOSED_SPEC,80,4,52,2,2,1,9.55,0.9613,ball_fault
PROPOSED_SPEC,80,4,53,2,2,1,10.50,0.9676,ball_fault
PROPOSED_SPEC,80,4,54,2,2,1,10.47,0.9683,ball_fault
PROPOSED_SPEC,80,4,55,2,2,1,8.45,0.9584,ball_fault
PROPOSED_SPEC,80,4,56,2,2,1,10.53,0.9748,ball_fault
PROPOSED_SPEC,100,0,0,0,0,1,25.00,0.9992,normal
PROPOSED_SPEC,100,0,1,0,0,1,24.52,0.9991,normal
PROPOSED_SPEC,100,0,2,0,0,1,25.35,0.9992,normal
PROPOSED_SPEC,100,0,3,0,0,1,24.33,0.9990,normal
PROPOSED_SPEC,100,0,4,0,0,1,24.83,0.9992,normal
PROPOSED_SPEC,100,0,5,0,0,1,25.25,0.9992,normal
PROPOSED_SPEC,100,0,6,0,0,1,25.56,0.9993,normal
PROPOSED_SPEC,100,0,7,0,0,1,24.42,0.9988,normal
PROPOSED_SPEC,100,0,8,0,0,1,25.13,0.9991,normal
PROPOSED_SPEC,100,0,9,0,0,1,25.10,0.9993,normal
PROPOSED_SPEC,100,0,10,0,0,1,23.27,0.9987,normal
PROPOSED_SPEC,100,0,11,0,0,1,24.84,0.9990,normal
PROPOSED_SPEC,100,0,12,0,0,1,24.50,0.9989,normal
PROPOSED_SPEC,100,0,13,0,0,1,24.63,0.9991,normal
PROPOSED_SPEC,100,0,14,0,0,1,23.78,0.9988,normal
PROPOSED_SPEC,100,0,15,0,0,1,24.97,0.9992,normal
PROPOSED_SPEC,100,0,16,0,0,1,24.92,0.9991,normal
PROPOSED_SPEC,100,0,17,0,0,1,24.74,0.9991,normal
PROPOSED_SPEC,100,0,18,0,0,1,24.20,0.9988,normal
PROPOSED_SPEC,100,0,19,1,1,1,12.07,0.9752,inner_race
PROPOSED_SPEC,100,0,20,1,1,1,12.88,0.9786,inner_race
PROPOSED_SPEC,100,0,21,1,1,1,13.43,0.9826,inner_race
PROPOSED_SPEC,100,0,22,1,1,1,13.65,0.9851,inner_race
PROPOSED_SPEC,100,0,23,1,1,1,13.85,0.9841,inner_race
PROPOSED_SPEC,100,0,24,1,1,1,13.62,0.9817,inner_race
PROPOSED_SPEC,100,0,25,1,1,1,12.67,0.9778,inner_race
PROPOSED_SPEC,100,0,26,1,1,1,12.41,0.9787,inner_race
PROPOSED_SPEC,100,0,27,1,1,1,12.71,0.9760,inner_race
PROPOSED_SPEC,100,0,28,1,1,1,12.90,0.9813,inner_race
PROPOSED_SPEC,100,0,29,1,1,1,13.45,0.9843,inner_race
PROPOSED_SPEC,100,0,30,1,1,1,12.21,0.9759,inner_race
PROPOSED_SPEC,100,0,31,1,1,1,12.36,0.9756,inner_race
PROPOSED_SPEC,100,0,32,1,1,1,13.87,0.9836,inner_race
PROPOSED_SPEC,100,0,33,1,1,1,12.75,0.9757,inner_race
PROPOSED_SPEC,100,0,34,1,1,1,11.83,0.9766,inner_race
PROPOSED_SPEC,100,0,35,1,1,1,13.20,0.9786,inner_race
PROPOSED_SPEC,100,0,36,1,1,1,13.03,0.9804,inner_race
PROPOSED_SPEC,100,0,37,1,1,1,12.45,0.9779,inner_race
PROPOSED_SPEC,100,0,38,2,2,1,9.45,0.9675,ball_fault
PROPOSED_SPEC,100,0,39,2,2,1,9.79,0.9682,ball_fault
PROPOSED_SPEC,100,0,40,2,2,1,8.90,0.9630,ball_fault
PROPOSED_SPEC,100,0,41,2,2,1,9.60,0.9678,ball_fault
PROPOSED_SPEC,100,0,42,2,2,1,8.97,0.9597,ball_fault
PROPOSED_SPEC,100,0,43,2,2,1,10.34,0.9710,ball_fault
PROPOSED_SPEC,100,0,44,2,2,1,9.90,0.9713,ball_fault
PROPOSED_SPEC,100,0,45,2,2,1,9.64,0.9610,ball_fault
PROPOSED_SPEC,100,0,46,2,2,1,9.51,0.9596,ball_fault
PROPOSED_SPEC,100,0,47,2,2,1,9.25,0.9620,ball_fault
PROPOSED_SPEC,100,0,48,2,2,1,9.03,0.9603,ball_fault
PROPOSED_SPEC,100,0,49,2,2,1,8.94,0.9586,ball_fault
PROPOSED_SPEC,100,0,50,2,2,1,10.59,0.9750,ball_fault
PROPOSED_SPEC,100,0,51,2,2,1,11.04,0.9747,ball_fault
PROPOSED_SPEC,100,0,52,2,2,1,9.37,0.9610,ball_fault
PROPOSED_SPEC,100,0,53,2,2,1,10.27,0.9679,ball_fault
PROPOSED_SPEC,100,0,54,2,2,1,10.23,0.9652,ball_fault
PROPOSED_SPEC,100,0,55,2,2,1,8.41,0.9569,ball_fault
PROPOSED_SPEC,100,0,56,2,2,1,10.41,0.9754,ball_fault
PROPOSED_SPEC,100,1,0,0,0,1,25.00,0.9992,normal
PROPOSED_SPEC,100,1,1,0,0,1,24.52,0.9991,normal
PROPOSED_SPEC,100,1,2,0,0,1,25.51,0.9993,normal
PROPOSED_SPEC,100,1,3,0,0,1,24.33,0.9990,normal
PROPOSED_SPEC,100,1,4,0,0,1,24.83,0.9992,normal
PROPOSED_SPEC,100,1,5,0,0,1,25.25,0.9992,normal
PROPOSED_SPEC,100,1,6,0,0,1,25.56,0.9993,normal
PROPOSED_SPEC,100,1,7,0,0,1,24.42,0.9988,normal
PROPOSED_SPEC,100,1,8,0,0,1,25.13,0.9991,normal
PROPOSED_SPEC,100,1,9,0,0,1,25.03,0.9993,normal
PROPOSED_SPEC,100,1,10,0,0,1,23.27,0.9987,normal
PROPOSED_SPEC,100,1,11,0,0,1,24.81,0.9990,normal
PROPOSED_SPEC,100,1,12,0,0,1,24.50,0.9989,normal
PROPOSED_SPEC,100,1,13,0,0,1,24.63,0.9991,normal
PROPOSED_SPEC,100,1,14,0,0,1,23.78,0.9988,normal
PROPOSED_SPEC,100,1,15,0,0,1,24.97,0.9992,normal
PROPOSED_SPEC,100,1,16,0,0,1,24.92,0.9991,normal
PROPOSED_SPEC,100,1,17,0,0,1,24.69,0.9991,normal
PROPOSED_SPEC,100,1,18,0,0,1,23.98,0.9988,normal
PROPOSED_SPEC,100,1,19,1,1,1,12.07,0.9752,inner_race
PROPOSED_SPEC,100,1,20,1,1,1,12.87,0.9786,inner_race
PROPOSED_SPEC,100,1,21,1,1,1,13.43,0.9826,inner_race
PROPOSED_SPEC,100,1,22,1,1,1,13.65,0.9851,inner_race
PROPOSED_SPEC,100,1,23,1,1,1,13.85,0.9841,inner_race
PROPOSED_SPEC,100,1,24,1,1,1,13.88,0.9836,inner_race
PROPOSED_SPEC,100,1,25,1,1,1,12.67,0.9778,inner_race
PROPOSED_SPEC,100,1,26,1,1,1,12.37,0.9788,inner_race
PROPOSED_SPEC,100,1,27,1,1,1,12.70,0.9757,inner_race
PROPOSED_SPEC,100,1,28,1,1,1,12.90,0.9813,inner_race
PROPOSED_SPEC,100,1,29,1,1,1,13.26,0.9837,inner_race
PROPOSED_SPEC,100,1,30,1,1,1,12.20,0.9755,inner_race
PROPOSED_SPEC,100,1,31,1,1,1,12.31,0.9747,inner_race
PROPOSED_SPEC,100,1,32,1,1,1,13.96,0.9843,inner_race
PROPOSED_SPEC,100,1,33,1,1,1,12.74,0.9758,inner_race
PROPOSED_SPEC,100,1,34,1,1,1,12.07,0.9766,inner_race
PROPOSED_SPEC,100,1,35,1,1,1,13.20,0.9786,inner_race
PROPOSED_SPEC,100,1,36,1,1,1,12.97,0.9801,inner_race
PROPOSED_SPEC,100,1,37,1,1,1,12.43,0.9780,inner_race
PROPOSED_SPEC,100,1,38,2,2,1,9.45,0.9675,ball_fault
PROPOSED_SPEC,100,1,39,2,2,1,9.74,0.9671,ball_fault
PROPOSED_SPEC,100,1,40,2,2,1,8.90,0.9630,ball_fault
PROPOSED_SPEC,100,1,41,2,2,1,9.60,0.9678,ball_fault
PROPOSED_SPEC,100,1,42,2,2,1,8.97,0.9601,ball_fault
PROPOSED_SPEC,100,1,43,2,2,1,10.82,0.9754,ball_fault
PROPOSED_SPEC,100,1,44,2,2,1,8.57,0.9537,ball_fault
PROPOSED_SPEC,100,1,45,2,2,1,9.77,0.9616,ball_fault
PROPOSED_SPEC,100,1,46,2,2,1,9.80,0.9619,ball_fault
PROPOSED_SPEC,100,1,47,2,2,1,9.25,0.9620,ball_fault
PROPOSED_SPEC,100,1,48,2,2,1,9.03,0.9604,ball_fault
PROPOSED_SPEC,100,1,49,2,2,1,8.94,0.9586,ball_fault
PROPOSED_SPEC,100,1,50,2,2,1,10.42,0.9724,ball_fault
PROPOSED_SPEC,100,1,51,2,2,1,11.04,0.9747,ball_fault
PROPOSED_SPEC,100,1,52,2,2,1,9.37,0.9610,ball_fault
PROPOSED_SPEC,100,1,53,2,2,1,10.41,0.9681,ball_fault
PROPOSED_SPEC,100,1,54,2,2,1,10.23,0.9652,ball_fault
PROPOSED_SPEC,100,1,55,2,2,1,8.45,0.9588,ball_fault
PROPOSED_SPEC,100,1,56,2,2,1,10.41,0.9754,ball_fault
PROPOSED_SPEC,100,2,0,0,0,1,25.02,0.9992,normal
PROPOSED_SPEC,100,2,1,0,0,1,24.52,0.9991,normal
PROPOSED_SPEC,100,2,2,0,0,1,25.35,0.9992,normal
PROPOSED_SPEC,100,2,3,0,0,1,24.33,0.9990,normal
PROPOSED_SPEC,100,2,4,0,0,1,24.83,0.9992,normal
PROPOSED_SPEC,100,2,5,0,0,1,25.25,0.9992,normal
PROPOSED_SPEC,100,2,6,0,0,1,25.56,0.9993,normal
PROPOSED_SPEC,100,2,7,0,0,1,24.42,0.9988,normal
PROPOSED_SPEC,100,2,8,0,0,1,25.13,0.9991,normal
PROPOSED_SPEC,100,2,9,0,0,1,25.03,0.9993,normal
PROPOSED_SPEC,100,2,10,0,0,1,23.27,0.9987,normal
PROPOSED_SPEC,100,2,11,0,0,1,24.84,0.9990,normal
PROPOSED_SPEC,100,2,12,0,0,1,24.55,0.9989,normal
PROPOSED_SPEC,100,2,13,0,0,1,24.63,0.9991,normal
PROPOSED_SPEC,100,2,14,0,0,1,23.78,0.9988,normal
PROPOSED_SPEC,100,2,15,0,0,1,24.97,0.9992,normal
PROPOSED_SPEC,100,2,16,0,0,1,24.92,0.9991,normal
PROPOSED_SPEC,100,2,17,0,0,1,24.69,0.9991,normal
PROPOSED_SPEC,100,2,18,0,0,1,23.98,0.9988,normal
PROPOSED_SPEC,100,2,19,1,1,1,12.23,0.9755,inner_race
PROPOSED_SPEC,100,2,20,1,1,1,12.84,0.9792,inner_race
PROPOSED_SPEC,100,2,21,1,1,1,14.05,0.9839,inner_race
PROPOSED_SPEC,100,2,22,1,1,1,13.65,0.9851,inner_race
PROPOSED_SPEC,100,2,23,1,1,1,13.85,0.9841,inner_race
PROPOSED_SPEC,100,2,24,1,1,1,13.62,0.9817,inner_race
PROPOSED_SPEC,100,2,25,1,1,1,12.68,0.9782,inner_race
PROPOSED_SPEC,100,2,26,1,1,1,12.54,0.9798,inner_race
PROPOSED_SPEC,100,2,27,1,1,1,12.71,0.9760,inner_race
PROPOSED_SPEC,100,2,28,1,1,1,12.90,0.9813,inner_race
PROPOSED_SPEC,100,2,29,1,1,1,13.45,0.9843,inner_race
PROPOSED_SPEC,100,2,30,1,1,1,12.21,0.9759,inner_race
PROPOSED_SPEC,100,2,31,1,1,1,12.31,0.9747,inner_race
PROPOSED_SPEC,100,2,32,1,1,1,13.96,0.9843,inner_race
PROPOSED_SPEC,100,2,33,1,1,1,12.75,0.9757,inner_race
PROPOSED_SPEC,100,2,34,1,1,1,12.20,0.9785,inner_race
PROPOSED_SPEC,100,2,35,1,1,1,13.28,0.9792,inner_race
PROPOSED_SPEC,100,2,36,1,1,1,12.79,0.9789,inner_race
PROPOSED_SPEC,100,2,37,1,1,1,12.45,0.9779,inner_race
PROPOSED_SPEC,100,2,38,2,2,1,9.45,0.9675,ball_fault
PROPOSED_SPEC,100,2,39,2,2,1,9.74,0.9675,ball_fault
PROPOSED_SPEC,100,2,40,2,2,1,8.90,0.9630,ball_fault
PROPOSED_SPEC,100,2,41,2,2,1,9.65,0.9656,ball_fault
PROPOSED_SPEC,100,2,42,2,2,1,8.97,0.9597,ball_fault
PROPOSED_SPEC,100,2,43,2,2,1,10.59,0.9722,ball_fault
PROPOSED_SPEC,100,2,44,2,2,1,8.57,0.9537,ball_fault
PROPOSED_SPEC,100,2,45,2,2,1,9.77,0.9616,ball_fault
PROPOSED_SPEC,100,2,46,2,2,1,9.63,0.9594,ball_fault
PROPOSED_SPEC,100,2,47,2,2,1,9.25,0.9620,ball_fault
PROPOSED_SPEC,100,2,48,2,2,1,9.03,0.9604,ball_fault
PROPOSED_SPEC,100,2,49,2,2,1,8.50,0.9555,ball_fault
PROPOSED_SPEC,100,2,50,2,2,1,10.34,0.9721,ball_fault
PROPOSED_SPEC,100,2,51,2,2,1,11.04,0.9747,ball_fault
PROPOSED_SPEC,100,2,52,2,2,1,9.34,0.9609,ball_fault
PROPOSED_SPEC,100,2,53,2,2,1,10.27,0.9679,ball_fault
PROPOSED_SPEC,100,2,54,2,2,1,10.23,0.9652,ball_fault
PROPOSED_SPEC,100,2,55,2,2,1,8.41,0.9569,ball_fault
PROPOSED_SPEC,100,2,56,2,2,1,10.41,0.9754,ball_fault
PROPOSED_SPEC,100,3,0,0,0,1,25.06,0.9992,normal
PROPOSED_SPEC,100,3,1,0,0,1,24.52,0.9991,normal
PROPOSED_SPEC,100,3,2,0,0,1,25.23,0.9992,normal
PROPOSED_SPEC,100,3,3,0,0,1,24.33,0.9990,normal
PROPOSED_SPEC,100,3,4,0,0,1,24.83,0.9992,normal
PROPOSED_SPEC,100,3,5,0,0,1,25.25,0.9992,normal
PROPOSED_SPEC,100,3,6,0,0,1,25.56,0.9993,normal
PROPOSED_SPEC,100,3,7,0,0,1,24.42,0.9988,normal
PROPOSED_SPEC,100,3,8,0,0,1,25.13,0.9991,normal
PROPOSED_SPEC,100,3,9,0,0,1,25.32,0.9993,normal
PROPOSED_SPEC,100,3,10,0,0,1,23.27,0.9987,normal
PROPOSED_SPEC,100,3,11,0,0,1,24.84,0.9990,normal
PROPOSED_SPEC,100,3,12,0,0,1,24.55,0.9989,normal
PROPOSED_SPEC,100,3,13,0,0,1,24.63,0.9991,normal
PROPOSED_SPEC,100,3,14,0,0,1,23.78,0.9988,normal
PROPOSED_SPEC,100,3,15,0,0,1,24.97,0.9992,normal
PROPOSED_SPEC,100,3,16,0,0,1,24.92,0.9991,normal
PROPOSED_SPEC,100,3,17,0,0,1,24.73,0.9991,normal
PROPOSED_SPEC,100,3,18,0,0,1,23.98,0.9988,normal
PROPOSED_SPEC,100,3,19,1,1,1,12.07,0.9752,inner_race
PROPOSED_SPEC,100,3,20,1,1,1,12.84,0.9792,inner_race
PROPOSED_SPEC,100,3,21,1,1,1,13.45,0.9825,inner_race
PROPOSED_SPEC,100,3,22,1,1,1,13.65,0.9851,inner_race
PROPOSED_SPEC,100,3,23,1,1,1,13.85,0.9841,inner_race
PROPOSED_SPEC,100,3,24,1,1,1,13.62,0.9817,inner_race
PROPOSED_SPEC,100,3,25,1,1,1,12.64,0.9765,inner_race
PROPOSED_SPEC,100,3,26,1,1,1,12.37,0.9788,inner_race
PROPOSED_SPEC,100,3,27,1,1,1,12.71,0.9760,inner_race
PROPOSED_SPEC,100,3,28,1,1,1,12.90,0.9813,inner_race
PROPOSED_SPEC,100,3,29,1,1,1,13.26,0.9837,inner_race
PROPOSED_SPEC,100,3,30,1,1,1,12.21,0.9759,inner_race
PROPOSED_SPEC,100,3,31,1,1,1,12.11,0.9736,inner_race
PROPOSED_SPEC,100,3,32,1,1,1,13.96,0.9843,inner_race
PROPOSED_SPEC,100,3,33,1,1,1,12.74,0.9758,inner_race
PROPOSED_SPEC,100,3,34,1,1,1,12.15,0.9790,inner_race
PROPOSED_SPEC,100,3,35,1,1,1,13.20,0.9786,inner_race
PROPOSED_SPEC,100,3,36,1,1,1,12.67,0.9787,inner_race
PROPOSED_SPEC,100,3,37,1,1,1,12.21,0.9728,inner_race
PROPOSED_SPEC,100,3,38,2,2,1,9.49,0.9685,ball_fault
PROPOSED_SPEC,100,3,39,2,2,1,9.77,0.9681,ball_fault
PROPOSED_SPEC,100,3,40,2,2,1,8.93,0.9629,ball_fault
PROPOSED_SPEC,100,3,41,2,2,1,9.60,0.9678,ball_fault
PROPOSED_SPEC,100,3,42,2,2,1,8.89,0.9572,ball_fault
PROPOSED_SPEC,100,3,43,2,2,1,10.32,0.9707,ball_fault
PROPOSED_SPEC,100,3,44,2,2,1,9.69,0.9696,ball_fault
PROPOSED_SPEC,100,3,45,2,2,1,9.84,0.9625,ball_fault
PROPOSED_SPEC,100,3,46,2,2,1,9.52,0.9580,ball_fault
PROPOSED_SPEC,100,3,47,2,2,1,9.25,0.9620,ball_fault
PROPOSED_SPEC,100,3,48,2,2,1,8.97,0.9602,ball_fault
PROPOSED_SPEC,100,3,49,2,2,1,8.82,0.9570,ball_fault
PROPOSED_SPEC,100,3,50,2,2,1,10.47,0.9738,ball_fault
PROPOSED_SPEC,100,3,51,2,2,1,10.87,0.9740,ball_fault
PROPOSED_SPEC,100,3,52,2,2,1,9.31,0.9605,ball_fault
PROPOSED_SPEC,100,3,53,2,2,1,10.37,0.9668,ball_fault
PROPOSED_SPEC,100,3,54,2,2,1,10.23,0.9652,ball_fault
PROPOSED_SPEC,100,3,55,2,2,1,8.41,0.9569,ball_fault
PROPOSED_SPEC,100,3,56,2,2,1,10.41,0.9754,ball_fault
PROPOSED_SPEC,100,4,0,0,0,1,25.00,0.9992,normal
PROPOSED_SPEC,100,4,1,0,0,1,24.42,0.9991,normal
PROPOSED_SPEC,100,4,2,0,0,1,25.35,0.9992,normal
PROPOSED_SPEC,100,4,3,0,0,1,24.33,0.9990,normal
PROPOSED_SPEC,100,4,4,0,0,1,24.83,0.9992,normal
PROPOSED_SPEC,100,4,5,0,0,1,25.26,0.9992,normal
PROPOSED_SPEC,100,4,6,0,0,1,25.56,0.9993,normal
PROPOSED_SPEC,100,4,7,0,0,1,24.50,0.9989,normal
PROPOSED_SPEC,100,4,8,0,0,1,24.99,0.9992,normal
PROPOSED_SPEC,100,4,9,0,0,1,25.32,0.9993,normal
PROPOSED_SPEC,100,4,10,0,0,1,23.27,0.9987,normal
PROPOSED_SPEC,100,4,11,0,0,1,24.84,0.9990,normal
PROPOSED_SPEC,100,4,12,0,0,1,24.55,0.9989,normal
PROPOSED_SPEC,100,4,13,0,0,1,24.63,0.9991,normal
PROPOSED_SPEC,100,4,14,0,0,1,23.76,0.9988,normal
PROPOSED_SPEC,100,4,15,0,0,1,24.97,0.9992,normal
PROPOSED_SPEC,100,4,16,0,0,1,24.92,0.9991,normal
PROPOSED_SPEC,100,4,17,0,0,1,24.69,0.9991,normal
PROPOSED_SPEC,100,4,18,0,0,1,23.91,0.9988,normal
PROPOSED_SPEC,100,4,19,1,1,1,12.13,0.9749,inner_race
PROPOSED_SPEC,100,4,20,1,1,1,12.67,0.9782,inner_race
PROPOSED_SPEC,100,4,21,1,1,1,13.42,0.9822,inner_race
PROPOSED_SPEC,100,4,22,1,1,1,13.65,0.9851,inner_race
PROPOSED_SPEC,100,4,23,1,1,1,13.85,0.9841,inner_race
PROPOSED_SPEC,100,4,24,1,1,1,13.62,0.9817,inner_race
PROPOSED_SPEC,100,4,25,1,1,1,12.67,0.9778,inner_race
PROPOSED_SPEC,100,4,26,1,1,1,12.37,0.9788,inner_race
PROPOSED_SPEC,100,4,27,1,1,1,12.68,0.9758,inner_race
PROPOSED_SPEC,100,4,28,1,1,1,12.90,0.9813,inner_race
PROPOSED_SPEC,100,4,29,1,1,1,13.50,0.9844,inner_race
PROPOSED_SPEC,100,4,30,1,1,1,12.21,0.9759,inner_race
PROPOSED_SPEC,100,4,31,1,1,1,11.87,0.9717,inner_race
PROPOSED_SPEC,100,4,32,1,1,1,13.96,0.9843,inner_race
PROPOSED_SPEC,100,4,33,1,1,1,12.74,0.9758,inner_race
PROPOSED_SPEC,100,4,34,1,1,1,12.15,0.9790,inner_race
PROPOSED_SPEC,100,4,35,1,1,1,13.20,0.9786,inner_race
PROPOSED_SPEC,100,4,36,1,1,1,12.97,0.9801,inner_race
PROPOSED_SPEC,100,4,37,1,1,1,12.35,0.9775,inner_race
PROPOSED_SPEC,100,4,38,2,2,1,9.45,0.9675,ball_fault
PROPOSED_SPEC,100,4,39,2,2,1,9.74,0.9675,ball_fault
PROPOSED_SPEC,100,4,40,2,2,1,8.90,0.9630,ball_fault
PROPOSED_SPEC,100,4,41,2,2,1,9.60,0.9678,ball_fault
PROPOSED_SPEC,100,4,42,2,2,1,8.84,0.9563,ball_fault
PROPOSED_SPEC,100,4,43,2,2,1,10.59,0.9722,ball_fault
PROPOSED_SPEC,100,4,44,2,2,1,8.57,0.9537,ball_fault
PROPOSED_SPEC,100,4,45,2,2,1,9.77,0.9616,ball_fault
PROPOSED_SPEC,100,4,46,2,2,1,9.52,0.9580,ball_fault
PROPOSED_SPEC,100,4,47,2,2,1,9.25,0.9620,ball_fault
PROPOSED_SPEC,100,4,48,2,2,1,9.03,0.9604,ball_fault
PROPOSED_SPEC,100,4,49,2,2,1,8.94,0.9586,ball_fault
PROPOSED_SPEC,100,4,50,2,2,1,10.47,0.9738,ball_fault
PROPOSED_SPEC,100,4,51,2,2,1,11.04,0.9747,ball_fault
PROPOSED_SPEC,100,4,52,2,2,1,9.37,0.9610,ball_fault
PROPOSED_SPEC,100,4,53,2,2,1,10.37,0.9668,ball_fault
PROPOSED_SPEC,100,4,54,2,2,1,10.23,0.9652,ball_fault
PROPOSED_SPEC,100,4,55,2,2,1,8.41,0.9569,ball_fault
PROPOSED_SPEC,100,4,56,2,2,1,10.41,0.9754,ball_fault
RDP,10,0,0,0,0,1,32.36,0.9998,normal
RDP,10,0,1,0,0,1,32.14,0.9998,normal
RDP,10,0,2,0,0,1,32.94,0.9999,normal
RDP,10,0,3,0,0,1,31.54,0.9998,normal
RDP,10,0,4,0,0,1,32.49,0.9999,normal
RDP,10,0,5,0,0,1,33.43,0.9999,normal
RDP,10,0,6,0,0,1,32.62,0.9999,normal
RDP,10,0,7,0,0,1,32.12,0.9998,normal
RDP,10,0,8,0,0,1,32.37,0.9998,normal
RDP,10,0,9,0,0,1,33.67,0.9999,normal
RDP,10,0,10,0,0,1,31.21,0.9998,normal
RDP,10,0,11,0,0,1,32.51,0.9998,normal
RDP,10,0,12,0,0,1,34.38,0.9999,normal
RDP,10,0,13,0,0,1,33.05,0.9999,normal
RDP,10,0,14,0,0,1,30.95,0.9998,normal
RDP,10,0,15,0,0,1,32.86,0.9999,normal
RDP,10,0,16,0,0,1,32.93,0.9999,normal
RDP,10,0,17,0,0,1,32.38,0.9998,normal
RDP,10,0,18,0,0,1,32.15,0.9998,normal
RDP,10,0,19,1,1,1,20.30,0.9961,inner_race
RDP,10,0,20,1,1,1,20.27,0.9959,inner_race
RDP,10,0,21,1,1,1,22.24,0.9974,inner_race
RDP,10,0,22,1,1,1,21.20,0.9971,inner_race
RDP,10,0,23,1,1,1,22.58,0.9976,inner_race
RDP,10,0,24,1,1,1,21.48,0.9967,inner_race
RDP,10,0,25,1,1,1,21.03,0.9970,inner_race
RDP,10,0,26,1,1,1,20.30,0.9963,inner_race
RDP,10,0,27,1,1,1,20.28,0.9957,inner_race
RDP,10,0,28,1,1,1,20.97,0.9966,inner_race
RDP,10,0,29,1,1,1,21.27,0.9967,inner_race
RDP,10,0,30,1,1,1,19.64,0.9954,inner_race
RDP,10,0,31,1,1,1,20.34,0.9963,inner_race
RDP,10,0,32,1,1,1,22.54,0.9975,inner_race
RDP,10,0,33,1,1,1,21.27,0.9963,inner_race
RDP,10,0,34,1,1,1,21.93,0.9974,inner_race
RDP,10,0,35,1,1,1,20.68,0.9959,inner_race
RDP,10,0,36,1,1,1,21.28,0.9967,inner_race
RDP,10,0,37,1,1,1,21.05,0.9968,inner_race
RDP,10,0,38,2,2,1,17.19,0.9940,ball_fault
RDP,10,0,39,2,2,1,17.46,0.9948,ball_fault
RDP,10,0,40,2,2,1,16.06,0.9926,ball_fault
RDP,10,0,41,2,2,1,16.97,0.9930,ball_fault
RDP,10,0,42,2,2,1,17.02,0.9936,ball_fault
RDP,10,0,43,2,2,1,18.59,0.9956,ball_fault
RDP,10,0,44,2,2,1,17.56,0.9949,ball_fault
RDP,10,0,45,2,2,1,17.74,0.9942,ball_fault
RDP,10,0,46,2,2,1,17.84,0.9944,ball_fault
RDP,10,0,47,2,2,1,17.51,0.9945,ball_fault
RDP,10,0,48,2,2,1,15.65,0.9910,ball_fault
RDP,10,0,49,2,2,1,16.04,0.9926,ball_fault
RDP,10,0,50,2,2,1,18.43,0.9955,ball_fault
RDP,10,0,51,2,2,1,18.68,0.9959,ball_fault
RDP,10,0,52,2,2,1,17.94,0.9953,ball_fault
RDP,10,0,53,2,2,1,19.27,0.9956,ball_fault
RDP,10,0,54,2,2,1,18.10,0.9943,ball_fault
RDP,10,0,55,2,2,1,16.33,0.9934,ball_fault
RDP,10,0,56,2,2,1,17.15,0.9953,ball_fault
RDP,20,0,0,0,0,1,28.55,0.9996,normal
RDP,20,0,1,0,0,1,27.94,0.9996,normal
RDP,20,0,2,0,0,1,28.63,0.9996,normal
RDP,20,0,3,0,0,1,27.77,0.9995,normal
RDP,20,0,4,0,0,1,28.33,0.9996,normal
RDP,20,0,5,0,0,1,28.99,0.9997,normal
RDP,20,0,6,0,0,1,28.88,0.9996,normal
RDP,20,0,7,0,0,1,27.72,0.9995,normal
RDP,20,0,8,0,0,1,28.18,0.9996,normal
RDP,20,0,9,0,0,1,29.03,0.9996,normal
RDP,20,0,10,0,0,1,26.97,0.9994,normal
RDP,20,0,11,0,0,1,28.37,0.9996,normal
RDP,20,0,12,0,0,1,29.33,0.9997,normal
RDP,20,0,13,0,0,1,28.40,0.9996,normal
RDP,20,0,14,0,0,1,26.78,0.9995,normal
RDP,20,0,15,0,0,1,28.51,0.9996,normal
RDP,20,0,16,0,0,1,28.81,0.9997,normal
RDP,20,0,17,0,0,1,28.51,0.9996,normal
RDP,20,0,18,0,0,1,27.72,0.9995,normal
RDP,20,0,19,1,1,1,16.27,0.9897,inner_race
RDP,20,0,20,1,1,1,16.50,0.9912,inner_race
RDP,20,0,21,1,1,1,17.81,0.9933,inner_race
RDP,20,0,22,1,1,1,17.39,0.9933,inner_race
RDP,20,0,23,1,1,1,17.90,0.9934,inner_race
RDP,20,0,24,1,1,1,17.45,0.9925,inner_race
RDP,20,0,25,1,1,1,16.44,0.9910,inner_race
RDP,20,0,26,1,1,1,15.95,0.9894,inner_race
RDP,20,0,27,1,1,1,16.07,0.9893,inner_race
RDP,20,0,28,1,1,1,17.22,0.9930,inner_race
RDP,20,0,29,1,1,1,17.16,0.9922,inner_race
RDP,20,0,30,1,1,1,16.06,0.9906,inner_race
RDP,20,0,31,1,1,1,16.12,0.9900,inner_race
RDP,20,0,32,1,1,1,17.92,0.9940,inner_race
RDP,20,0,33,1,1,1,16.83,0.9908,inner_race
RDP,20,0,34,1,1,1,16.94,0.9921,inner_race
RDP,20,0,35,1,1,1,16.76,0.9893,inner_race
RDP,20,0,36,1,1,1,17.24,0.9929,inner_race
RDP,20,0,37,1,1,1,16.39,0.9904,inner_race
RDP,20,0,38,2,2,1,13.07,0.9857,ball_fault
RDP,20,0,39,2,2,1,13.26,0.9872,ball_fault
RDP,20,0,40,2,2,1,12.48,0.9835,ball_fault
RDP,20,0,41,2,2,1,12.87,0.9841,ball_fault
RDP,20,0,42,2,2,1,13.03,0.9839,ball_fault
RDP,20,0,43,2,2,1,14.48,0.9877,ball_fault
RDP,20,0,44,2,2,1,13.29,0.9856,ball_fault
RDP,20,0,45,2,2,1,13.70,0.9858,ball_fault
RDP,20,0,46,2,2,1,13.62,0.9856,ball_fault
RDP,20,0,47,2,2,1,12.93,0.9867,ball_fault
RDP,20,0,48,2,2,1,12.10,0.9803,ball_fault
RDP,20,0,49,2,2,1,12.13,0.9812,ball_fault
RDP,20,0,50,2,2,1,13.99,0.9881,ball_fault
RDP,20,0,51,2,2,1,14.28,0.9897,ball_fault
RDP,20,0,52,2,2,1,13.32,0.9852,ball_fault
RDP,20,0,53,2,2,1,14.10,0.9865,ball_fault
RDP,20,0,54,2,2,1,14.31,0.9875,ball_fault
RDP,20,0,55,2,2,1,12.04,0.9851,ball_fault
RDP,20,0,56,2,2,1,13.61,0.9889,ball_fault
RDP,30,0,0,0,0,1,27.19,0.9995,normal
RDP,30,0,1,0,0,1,26.52,0.9995,normal
RDP,30,0,2,0,0,1,27.48,0.9995,normal
RDP,30,0,3,0,0,1,26.72,0.9994,normal
RDP,30,0,4,0,0,1,27.01,0.9995,normal
RDP,30,0,5,0,0,1,27.54,0.9996,normal
RDP,30,0,6,0,0,1,27.49,0.9995,normal
RDP,30,0,7,0,0,1,26.53,0.9993,normal
RDP,30,0,8,0,0,1,27.17,0.9995,normal
RDP,30,0,9,0,0,1,27.59,0.9995,normal
RDP,30,0,10,0,0,1,25.62,0.9993,normal
RDP,30,0,11,0,0,1,26.46,0.9994,normal
RDP,30,0,12,0,0,1,27.44,0.9994,normal
RDP,30,0,13,0,0,1,26.75,0.9994,normal
RDP,30,0,14,0,0,1,25.63,0.9993,normal
RDP,30,0,15,0,0,1,27.11,0.9995,normal
RDP,30,0,16,0,0,1,27.05,0.9995,normal
RDP,30,0,17,0,0,1,27.14,0.9995,normal
RDP,30,0,18,0,0,1,26.01,0.9993,normal
RDP,30,0,19,1,1,1,14.83,0.9858,inner_race
RDP,30,0,20,1,1,1,14.88,0.9864,inner_race
RDP,30,0,21,1,1,1,16.37,0.9906,inner_race
RDP,30,0,22,1,1,1,15.93,0.9901,inner_race
RDP,30,0,23,1,1,1,16.53,0.9907,inner_race
RDP,30,0,24,1,1,1,16.18,0.9891,inner_race
RDP,30,0,25,1,1,1,14.97,0.9871,inner_race
RDP,30,0,26,1,1,1,14.76,0.9871,inner_race
RDP,30,0,27,1,1,1,14.81,0.9860,inner_race
RDP,30,0,28,1,1,1,15.73,0.9904,inner_race
RDP,30,0,29,1,1,1,15.57,0.9901,inner_race
RDP,30,0,30,1,1,1,14.90,0.9870,inner_race
RDP,30,0,31,1,1,1,14.66,0.9860,inner_race
RDP,30,0,32,1,1,1,16.53,0.9920,inner_race
RDP,30,0,33,1,1,1,15.11,0.9877,inner_race
RDP,30,0,34,1,1,1,15.56,0.9877,inner_race
RDP,30,0,35,1,1,1,15.64,0.9869,inner_race
RDP,30,0,36,1,1,1,15.59,0.9898,inner_race
RDP,30,0,37,1,1,1,14.91,0.9857,inner_race
RDP,30,0,38,2,2,1,11.97,0.9806,ball_fault
RDP,30,0,39,2,2,1,11.74,0.9820,ball_fault
RDP,30,0,40,2,2,1,11.14,0.9759,ball_fault
RDP,30,0,41,2,2,1,11.69,0.9801,ball_fault
RDP,30,0,42,2,2,1,11.66,0.9774,ball_fault
RDP,30,0,43,2,2,1,13.13,0.9844,ball_fault
RDP,30,0,44,2,2,1,12.02,0.9820,ball_fault
RDP,30,0,45,2,2,1,12.20,0.9796,ball_fault
RDP,30,0,46,2,2,1,12.39,0.9801,ball_fault
RDP,30,0,47,2,2,1,11.64,0.9806,ball_fault
RDP,30,0,48,2,2,1,10.90,0.9753,ball_fault
RDP,30,0,49,2,2,1,10.95,0.9753,ball_fault
RDP,30,0,50,2,2,1,12.77,0.9837,ball_fault
RDP,30,0,51,2,2,1,13.07,0.9848,ball_fault
RDP,30,0,52,2,2,1,11.87,0.9780,ball_fault
RDP,30,0,53,2,2,1,12.59,0.9807,ball_fault
RDP,30,0,54,2,2,1,12.77,0.9827,ball_fault
RDP,30,0,55,2,2,1,10.79,0.9797,ball_fault
RDP,30,0,56,2,2,1,12.47,0.9849,ball_fault
RDP,50,0,0,0,0,1,26.06,0.9993,normal
RDP,50,0,1,0,0,1,25.59,0.9993,normal
RDP,50,0,2,0,0,1,26.51,0.9994,normal
RDP,50,0,3,0,0,1,25.78,0.9993,normal
RDP,50,0,4,0,0,1,26.06,0.9994,normal
RDP,50,0,5,0,0,1,26.47,0.9995,normal
RDP,50,0,6,0,0,1,26.55,0.9994,normal
RDP,50,0,7,0,0,1,25.55,0.9991,normal
RDP,50,0,8,0,0,1,25.97,0.9993,normal
RDP,50,0,9,0,0,1,26.55,0.9995,normal
RDP,50,0,10,0,0,1,24.50,0.9991,normal
RDP,50,0,11,0,0,1,25.44,0.9991,normal
RDP,50,0,12,0,0,1,26.00,0.9992,normal
RDP,50,0,13,0,0,1,25.80,0.9994,normal
RDP,50,0,14,0,0,1,24.72,0.9991,normal
RDP,50,0,15,0,0,1,25.90,0.9993,normal
RDP,50,0,16,0,0,1,25.71,0.9993,normal
RDP,50,0,17,0,0,1,26.06,0.9993,normal
RDP,50,0,18,0,0,1,25.04,0.9991,normal
RDP,50,0,19,1,1,1,13.73,0.9821,inner_race
RDP,50,0,20,1,1,1,13.80,0.9822,inner_race
RDP,50,0,21,1,1,1,15.23,0.9867,inner_race
RDP,50,0,22,1,1,1,14.96,0.9881,inner_race
RDP,50,0,23,1,1,1,15.10,0.9875,inner_race
RDP,50,0,24,1,1,1,15.34,0.9874,inner_race
RDP,50,0,25,1,1,1,13.84,0.9824,inner_race
RDP,50,0,26,1,1,1,13.71,0.9847,inner_race
RDP,50,0,27,1,1,1,13.70,0.9813,inner_race
RDP,50,0,28,1,1,1,14.57,0.9863,inner_race
RDP,50,0,29,1,1,1,14.38,0.9888,inner_race
RDP,50,0,30,1,1,1,13.49,0.9832,inner_race
RDP,50,0,31,1,1,1,13.47,0.9810,inner_race
RDP,50,0,32,1,1,1,15.25,0.9881,inner_race
RDP,50,0,33,1,1,1,13.94,0.9833,inner_race
RDP,50,0,34,1,1,1,14.17,0.9835,inner_race
RDP,50,0,35,1,1,1,14.30,0.9816,inner_race
RDP,50,0,36,1,1,1,14.33,0.9868,inner_race
RDP,50,0,37,1,1,1,13.68,0.9813,inner_race
RDP,50,0,38,2,2,1,10.83,0.9755,ball_fault
RDP,50,0,39,2,2,1,10.70,0.9763,ball_fault
RDP,50,0,40,2,2,1,10.16,0.9697,ball_fault
RDP,50,0,41,2,2,1,10.92,0.9732,ball_fault
RDP,50,0,42,2,2,1,10.23,0.9682,ball_fault
RDP,50,0,43,2,2,1,11.85,0.9787,ball_fault
RDP,50,0,44,2,2,1,11.27,0.9792,ball_fault
RDP,50,0,45,2,2,1,10.95,0.9717,ball_fault
RDP,50,0,46,2,2,1,11.19,0.9763,ball_fault
RDP,50,0,47,2,2,1,10.49,0.9717,ball_fault
RDP,50,0,48,2,2,1,10.01,0.9666,ball_fault
RDP,50,0,49,2,2,1,9.61,0.9644,ball_fault
RDP,50,0,50,2,2,1,11.73,0.9804,ball_fault
RDP,50,0,51,2,2,1,11.75,0.9769,ball_fault
RDP,50,0,52,2,2,1,10.85,0.9715,ball_fault
RDP,50,0,53,2,2,1,11.64,0.9774,ball_fault
RDP,50,0,54,2,2,1,11.43,0.9759,ball_fault
RDP,50,0,55,2,2,1,9.50,0.9715,ball_fault
RDP,50,0,56,2,2,1,11.59,0.9784,ball_fault
RDP,80,0,0,0,0,1,25.43,0.9993,normal
RDP,80,0,1,0,0,1,24.89,0.9991,normal
RDP,80,0,2,0,0,1,26.09,0.9993,normal
RDP,80,0,3,0,0,1,25.03,0.9992,normal
RDP,80,0,4,0,0,1,25.39,0.9993,normal
RDP,80,0,5,0,0,1,25.88,0.9993,normal
RDP,80,0,6,0,0,1,26.05,0.9993,normal
RDP,80,0,7,0,0,1,25.04,0.9990,normal
RDP,80,0,8,0,0,1,25.63,0.9993,normal
RDP,80,0,9,0,0,1,26.09,0.9994,normal
RDP,80,0,10,0,0,1,23.77,0.9988,normal
RDP,80,0,11,0,0,1,24.95,0.9990,normal
RDP,80,0,12,0,0,1,25.27,0.9990,normal
RDP,80,0,13,0,0,1,25.21,0.9992,normal
RDP,80,0,14,0,0,1,24.29,0.9990,normal
RDP,80,0,15,0,0,1,25.47,0.9993,normal
RDP,80,0,16,0,0,1,25.13,0.9992,normal
RDP,80,0,17,0,0,1,25.34,0.9992,normal
RDP,80,0,18,0,0,1,24.58,0.9989,normal
RDP,80,0,19,1,1,1,13.04,0.9787,inner_race
RDP,80,0,20,1,1,1,13.31,0.9807,inner_race
RDP,80,0,21,1,1,1,14.70,0.9850,inner_race
RDP,80,0,22,1,1,1,14.40,0.9863,inner_race
RDP,80,0,23,1,1,1,14.42,0.9847,inner_race
RDP,80,0,24,1,1,1,14.73,0.9862,inner_race
RDP,80,0,25,1,1,1,13.13,0.9795,inner_race
RDP,80,0,26,1,1,1,13.19,0.9834,inner_race
RDP,80,0,27,1,1,1,13.08,0.9790,inner_race
RDP,80,0,28,1,1,1,13.59,0.9835,inner_race
RDP,80,0,29,1,1,1,13.86,0.9868,inner_race
RDP,80,0,30,1,1,1,12.85,0.9811,inner_race
RDP,80,0,31,1,1,1,12.94,0.9789,inner_race
RDP,80,0,32,1,1,1,14.49,0.9862,inner_race
RDP,80,0,33,1,1,1,13.26,0.9801,inner_race
RDP,80,0,34,1,1,1,13.42,0.9812,inner_race
RDP,80,0,35,1,1,1,13.76,0.9804,inner_race
RDP,80,0,36,1,1,1,13.52,0.9836,inner_race
RDP,80,0,37,1,1,1,12.63,0.9752,inner_race
RDP,80,0,38,2,2,1,10.10,0.9714,ball_fault
RDP,80,0,39,2,2,1,10.25,0.9740,ball_fault
RDP,80,0,40,2,2,1,9.47,0.9655,ball_fault
RDP,80,0,41,2,2,1,10.42,0.9708,ball_fault
RDP,80,0,42,2,2,1,9.65,0.9634,ball_fault
RDP,80,0,43,2,2,1,11.41,0.9766,ball_fault
RDP,80,0,44,2,2,1,10.58,0.9762,ball_fault
RDP,80,0,45,2,2,1,10.33,0.9657,ball_fault
RDP,80,0,46,2,2,1,10.67,0.9719,ball_fault
RDP,80,0,47,2,2,1,9.79,0.9675,ball_fault
RDP,80,0,48,2,2,1,9.33,0.9612,ball_fault
RDP,80,0,49,2,2,1,9.17,0.9603,ball_fault
RDP,80,0,50,2,2,1,11.14,0.9778,ball_fault
RDP,80,0,51,2,2,1,11.19,0.9758,ball_fault
RDP,80,0,52,2,2,1,9.97,0.9671,ball_fault
RDP,80,0,53,2,2,1,10.81,0.9727,ball_fault
RDP,80,0,54,2,2,1,10.79,0.9716,ball_fault
RDP,80,0,55,2,2,1,9.02,0.9647,ball_fault
RDP,80,0,56,2,2,1,10.98,0.9768,ball_fault
RDP,100,0,0,0,0,1,25.29,0.9992,normal
RDP,100,0,1,0,0,1,24.75,0.9991,normal
RDP,100,0,2,0,0,1,25.92,0.9993,normal
RDP,100,0,3,0,0,1,24.85,0.9991,normal
RDP,100,0,4,0,0,1,25.20,0.9993,normal
RDP,100,0,5,0,0,1,25.70,0.9993,normal
RDP,100,0,6,0,0,1,25.81,0.9993,normal
RDP,100,0,7,0,0,1,24.89,0.9990,normal
RDP,100,0,8,0,0,1,25.46,0.9992,normal
RDP,100,0,9,0,0,1,25.85,0.9994,normal
RDP,100,0,10,0,0,1,23.60,0.9988,normal
RDP,100,0,11,0,0,1,24.78,0.9990,normal
RDP,100,0,12,0,0,1,25.11,0.9990,normal
RDP,100,0,13,0,0,1,25.02,0.9992,normal
RDP,100,0,14,0,0,1,24.20,0.9990,normal
RDP,100,0,15,0,0,1,25.32,0.9993,normal
RDP,100,0,16,0,0,1,24.99,0.9991,normal
RDP,100,0,17,0,0,1,25.19,0.9992,normal
RDP,100,0,18,0,0,1,24.48,0.9989,normal
RDP,100,0,19,1,1,1,12.84,0.9775,inner_race
RDP,100,0,20,1,1,1,13.11,0.9800,inner_race
RDP,100,0,21,1,1,1,14.41,0.9838,inner_race
RDP,100,0,22,1,1,1,14.04,0.9855,inner_race
RDP,100,0,23,1,1,1,14.34,0.9843,inner_race
RDP,100,0,24,1,1,1,14.40,0.9855,inner_race
RDP,100,0,25,1,1,1,13.14,0.9793,inner_race
RDP,100,0,26,1,1,1,12.99,0.9826,inner_race
RDP,100,0,27,1,1,1,12.92,0.9787,inner_race
RDP,100,0,28,1,1,1,13.45,0.9829,inner_race
RDP,100,0,29,1,1,1,13.63,0.9857,inner_race
RDP,100,0,30,1,1,1,12.71,0.9786,inner_race
RDP,100,0,31,1,1,1,12.82,0.9780,inner_race
RDP,100,0,32,1,1,1,14.34,0.9855,inner_race
RDP,100,0,33,1,1,1,13.05,0.9789,inner_race
RDP,100,0,34,1,1,1,13.22,0.9807,inner_race
RDP,100,0,35,1,1,1,13.53,0.9791,inner_race
RDP,100,0,36,1,1,1,13.35,0.9828,inner_race
RDP,100,0,37,1,1,1,12.40,0.9752,inner_race
RDP,100,0,38,2,2,1,9.73,0.9679,ball_fault
RDP,100,0,39,2,2,1,10.08,0.9720,ball_fault
RDP,100,0,40,2,2,1,9.35,0.9637,ball_fault
RDP,100,0,41,2,2,1,10.12,0.9703,ball_fault
RDP,100,0,42,2,2,1,9.53,0.9633,ball_fault
RDP,100,0,43,2,2,1,11.34,0.9763,ball_fault
RDP,100,0,44,2,2,1,10.50,0.9756,ball_fault
RDP,100,0,45,2,2,1,10.08,0.9656,ball_fault
RDP,100,0,46,2,2,1,10.52,0.9712,ball_fault
RDP,100,0,47,2,2,1,9.53,0.9667,ball_fault
RDP,100,0,48,2,2,1,9.29,0.9615,ball_fault
RDP,100,0,49,2,2,1,8.91,0.9580,ball_fault
RDP,100,0,50,2,2,1,10.91,0.9770,ball_fault
RDP,100,0,51,2,2,1,11.06,0.9756,ball_fault
RDP,100,0,52,2,2,1,9.81,0.9658,ball_fault
RDP,100,0,53,2,2,1,10.54,0.9712,ball_fault
RDP,100,0,54,2,2,1,10.57,0.9698,ball_fault
RDP,100,0,55,2,2,1,8.86,0.9621,ball_fault
RDP,100,0,56,2,2,1,10.85,0.9762,ball_fault
LTTB,10,0,0,0,0,1,24.00,0.9989,normal
LTTB,10,0,1,0,0,1,22.90,0.9987,normal
LTTB,10,0,2,0,0,1,24.21,0.9992,normal
LTTB,10,0,3,0,0,1,23.39,0.9991,normal
LTTB,10,0,4,0,0,1,23.83,0.9990,normal
LTTB,10,0,5,0,0,1,24.64,0.9990,normal
LTTB,10,0,6,0,0,1,25.27,0.9992,normal
LTTB,10,0,7,0,0,1,23.90,0.9988,normal
LTTB,10,0,8,0,0,1,23.74,0.9988,normal
LTTB,10,0,9,0,0,1,23.95,0.9990,normal
LTTB,10,0,10,0,0,1,23.28,0.9989,normal
LTTB,10,0,11,0,0,1,23.69,0.9988,normal
LTTB,10,0,12,0,0,1,23.59,0.9987,normal
LTTB,10,0,13,0,0,1,23.75,0.9988,normal
LTTB,10,0,14,0,0,1,23.32,0.9987,normal
LTTB,10,0,15,0,0,1,24.22,0.9989,normal
LTTB,10,0,16,0,0,1,23.59,0.9987,normal
LTTB,10,0,17,0,0,1,23.44,0.9988,normal
LTTB,10,0,18,0,0,1,23.87,0.9989,normal
LTTB,10,0,19,1,1,1,9.99,0.9585,inner_race
LTTB,10,0,20,1,1,1,10.44,0.9636,inner_race
LTTB,10,0,21,1,1,1,9.65,0.9488,inner_race
LTTB,10,0,22,1,1,1,9.50,0.9489,inner_race
LTTB,10,0,23,1,1,1,9.30,0.9450,inner_race
LTTB,10,0,24,1,1,1,10.06,0.9549,inner_race
LTTB,10,0,25,1,1,1,9.76,0.9577,inner_race
LTTB,10,0,26,1,1,1,9.44,0.9518,inner_race
LTTB,10,0,27,1,1,1,9.29,0.9436,inner_race
LTTB,10,0,28,1,1,1,10.50,0.9658,inner_race
LTTB,10,0,29,1,1,1,9.87,0.9609,inner_race
LTTB,10,0,30,1,1,1,9.99,0.9639,inner_race
LTTB,10,0,31,1,1,1,9.74,0.9560,inner_race
LTTB,10,0,32,1,1,1,10.86,0.9630,inner_race
LTTB,10,0,33,1,1,1,9.39,0.9504,inner_race
LTTB,10,0,34,1,1,1,10.26,0.9604,inner_race
LTTB,10,0,35,1,1,1,10.13,0.9510,inner_race
LTTB,10,0,36,1,1,1,10.11,0.9631,inner_race
LTTB,10,0,37,1,1,1,9.01,0.9449,inner_race
LTTB,10,0,38,2,2,1,9.27,0.9591,ball_fault
LTTB,10,0,39,2,2,1,8.93,0.9588,ball_fault
LTTB,10,0,40,2,2,1,8.78,0.9558,ball_fault
LTTB,10,0,41,2,2,1,9.37,0.9621,ball_fault
LTTB,10,0,42,2,2,1,9.29,0.9596,ball_fault
LTTB,10,0,43,2,2,1,9.05,0.9519,ball_fault
LTTB,10,0,44,2,2,1,9.65,0.9627,ball_fault
LTTB,10,0,45,2,2,1,10.05,0.9637,ball_fault
LTTB,10,0,46,2,2,1,9.66,0.9621,ball_fault
LTTB,10,0,47,2,2,1,8.74,0.9555,ball_fault
LTTB,10,0,48,2,2,1,9.19,0.9559,ball_fault
LTTB,10,0,49,2,2,1,8.99,0.9645,ball_fault
LTTB,10,0,50,2,2,1,9.40,0.9603,ball_fault
LTTB,10,0,51,2,2,1,10.03,0.9678,ball_fault
LTTB,10,0,52,2,2,1,9.23,0.9582,ball_fault
LTTB,10,0,53,2,2,1,9.58,0.9598,ball_fault
LTTB,10,0,54,2,2,1,9.60,0.9582,ball_fault
LTTB,10,0,55,2,2,1,8.72,0.9571,ball_fault
LTTB,10,0,56,2,2,1,9.49,0.9655,ball_fault
LTTB,20,0,0,0,0,1,22.16,0.9984,normal
LTTB,20,0,1,0,0,1,21.84,0.9984,normal
LTTB,20,0,2,0,0,1,21.50,0.9981,normal
LTTB,20,0,3,0,0,1,22.34,0.9985,normal
LTTB,20,0,4,0,0,1,22.03,0.9984,normal
LTTB,20,0,5,0,0,1,22.78,0.9984,normal
LTTB,20,0,6,0,0,1,23.10,0.9986,normal
LTTB,20,0,7,0,0,1,21.62,0.9981,normal
LTTB,20,0,8,0,0,1,22.32,0.9984,normal
LTTB,20,0,9,0,0,1,22.00,0.9982,normal
LTTB,20,0,10,0,0,1,20.44,0.9979,normal
LTTB,20,0,11,0,0,1,22.02,0.9982,normal
LTTB,20,0,12,0,0,1,22.67,0.9986,normal
LTTB,20,0,13,0,0,1,21.20,0.9979,normal
LTTB,20,0,14,0,0,1,21.25,0.9978,normal
LTTB,20,0,15,0,0,1,22.27,0.9986,normal
LTTB,20,0,16,0,0,1,21.85,0.9982,normal
LTTB,20,0,17,0,0,1,21.44,0.9981,normal
LTTB,20,0,18,0,0,1,21.07,0.9980,normal
LTTB,20,0,19,1,1,1,7.62,0.9248,inner_race
LTTB,20,0,20,1,1,1,8.72,0.9447,inner_race
LTTB,20,0,21,1,1,1,8.25,0.9373,inner_race
LTTB,20,0,22,1,1,1,7.72,0.9200,inner_race
LTTB,20,0,23,1,1,1,7.97,0.9230,inner_race
LTTB,20,0,24,1,1,1,8.93,0.9471,inner_race
LTTB,20,0,25,1,1,1,8.40,0.9397,inner_race
LTTB,20,0,26,1,1,1,7.47,0.9251,inner_race
LTTB,20,0,27,1,1,1,7.64,0.9235,inner_race
LTTB,20,0,28,1,1,1,8.48,0.9447,inner_race
LTTB,20,0,29,1,1,1,8.21,0.9337,inner_race
LTTB,20,0,30,1,1,1,8.40,0.9409,inner_race
LTTB,20,0,31,1,1,1,8.93,0.9563,inner_race
LTTB,20,0,32,1,1,1,8.68,0.9399,inner_race
LTTB,20,0,33,1,1,1,7.33,0.9175,inner_race
LTTB,20,0,34,1,1,1,9.06,0.9450,inner_race
LTTB,20,0,35,1,1,1,9.32,0.9376,inner_race
LTTB,20,0,36,1,1,1,8.14,0.9345,inner_race
LTTB,20,0,37,1,1,1,7.48,0.9249,inner_race
LTTB,20,0,38,2,2,1,7.53,0.9414,ball_fault
LTTB,20,0,39,2,2,1,7.43,0.9366,ball_fault
LTTB,20,0,40,2,2,1,7.52,0.9411,ball_fault
LTTB,20,0,41,2,2,1,7.59,0.9360,ball_fault
LTTB,20,0,42,2,2,1,7.53,0.9431,ball_fault
LTTB,20,0,43,2,2,1,7.65,0.9418,ball_fault
LTTB,20,0,44,2,2,1,7.64,0.9435,ball_fault
LTTB,20,0,45,2,2,1,8.77,0.9496,ball_fault
LTTB,20,0,46,2,2,1,8.64,0.9517,ball_fault
LTTB,20,0,47,2,2,1,7.44,0.9419,ball_fault
LTTB,20,0,48,2,2,1,7.62,0.9400,ball_fault
LTTB,20,0,49,2,2,1,7.16,0.9359,ball_fault
LTTB,20,0,50,2,2,1,7.63,0.9434,ball_fault
LTTB,20,0,51,2,2,1,8.25,0.9420,ball_fault
LTTB,20,0,52,2,2,1,7.32,0.9414,ball_fault
LTTB,20,0,53,2,2,1,7.69,0.9375,ball_fault
LTTB,20,0,54,2,2,1,7.87,0.9382,ball_fault
LTTB,20,0,55,2,2,1,7.36,0.9414,ball_fault
LTTB,20,0,56,2,2,1,7.53,0.9452,ball_fault
LTTB,30,0,0,0,0,1,21.95,0.9981,normal
LTTB,30,0,1,0,0,1,21.13,0.9981,normal
LTTB,30,0,2,0,0,1,20.75,0.9979,normal
LTTB,30,0,3,0,0,1,21.37,0.9982,normal
LTTB,30,0,4,0,0,1,21.50,0.9982,normal
LTTB,30,0,5,0,0,1,21.97,0.9984,normal
LTTB,30,0,6,0,0,1,22.39,0.9984,normal
LTTB,30,0,7,0,0,1,20.30,0.9977,normal
LTTB,30,0,8,0,0,1,21.60,0.9980,normal
LTTB,30,0,9,0,0,1,21.24,0.9982,normal
LTTB,30,0,10,0,0,1,19.74,0.9973,normal
LTTB,30,0,11,0,0,1,21.41,0.9979,normal
LTTB,30,0,12,0,0,1,21.55,0.9982,normal
LTTB,30,0,13,0,0,1,20.64,0.9978,normal
LTTB,30,0,14,0,0,1,21.52,0.9982,normal
LTTB,30,0,15,0,0,1,21.72,0.9985,normal
LTTB,30,0,16,0,0,1,21.02,0.9977,normal
LTTB,30,0,17,0,0,1,20.72,0.9975,normal
LTTB,30,0,18,0,0,1,20.44,0.9979,normal
LTTB,30,0,19,1,1,1,7.71,0.9190,inner_race
LTTB,30,0,20,1,1,1,8.14,0.9349,inner_race
LTTB,30,0,21,1,1,1,7.10,0.9165,inner_race
LTTB,30,0,22,1,1,1,6.80,0.8985,inner_race
LTTB,30,0,23,1,1,1,8.56,0.9415,inner_race
LTTB,30,0,24,1,1,1,8.71,0.9445,inner_race
LTTB,30,0,25,1,1,1,8.09,0.9306,inner_race
LTTB,30,0,26,1,1,1,7.64,0.9218,inner_race
LTTB,30,0,27,1,1,1,6.74,0.9155,inner_race
LTTB,30,0,28,1,1,1,7.00,0.8962,inner_race
LTTB,30,0,29,1,1,1,8.19,0.9391,inner_race
LTTB,30,0,30,1,1,1,7.44,0.9168,inner_race
LTTB,30,0,31,1,1,1,7.99,0.9380,inner_race
LTTB,30,0,32,1,1,1,7.59,0.9217,inner_race
LTTB,30,0,33,1,1,1,7.73,0.9191,inner_race
LTTB,30,0,34,1,1,1,8.34,0.9337,inner_race
LTTB,30,0,35,1,1,1,7.49,0.9016,inner_race
LTTB,30,0,36,1,1,1,7.15,0.9041,inner_race
LTTB,30,0,37,1,1,1,7.37,0.9171,inner_race
LTTB,30,0,38,2,2,1,6.99,0.9317,ball_fault
LTTB,30,0,39,2,2,1,6.27,0.9289,ball_fault
LTTB,30,0,40,2,2,1,7.07,0.9325,ball_fault
LTTB,30,0,41,2,2,1,6.82,0.9220,ball_fault
LTTB,30,0,42,2,2,1,7.50,0.9370,ball_fault
LTTB,30,0,43,2,2,1,7.67,0.9399,ball_fault
LTTB,30,0,44,2,2,1,5.75,0.8931,ball_fault
LTTB,30,0,45,2,2,1,7.99,0.9422,ball_fault
LTTB,30,0,46,2,2,1,8.02,0.9433,ball_fault
LTTB,30,0,47,2,2,1,6.42,0.9224,ball_fault
LTTB,30,0,48,2,2,1,6.19,0.9033,ball_fault
LTTB,30,0,49,2,2,1,7.19,0.9381,ball_fault
LTTB,30,0,50,2,2,1,7.19,0.9336,ball_fault
LTTB,30,0,51,2,2,1,7.71,0.9330,ball_fault
LTTB,30,0,52,2,2,1,6.54,0.9209,ball_fault
LTTB,30,0,53,2,2,1,6.76,0.9275,ball_fault
LTTB,30,0,54,2,2,1,7.14,0.9234,ball_fault
LTTB,30,0,55,2,2,1,6.95,0.9327,ball_fault
LTTB,30,0,56,2,2,1,6.34,0.9180,ball_fault
LTTB,50,0,0,0,0,1,21.51,0.9981,normal
LTTB,50,0,1,0,0,1,20.18,0.9976,normal
LTTB,50,0,2,0,0,1,20.85,0.9977,normal
LTTB,50,0,3,0,0,1,20.77,0.9979,normal
LTTB,50,0,4,0,0,1,20.96,0.9980,normal
LTTB,50,0,5,0,0,1,21.11,0.9981,normal
LTTB,50,0,6,0,0,1,21.58,0.9982,normal
LTTB,50,0,7,0,0,1,19.82,0.9976,normal
LTTB,50,0,8,0,0,1,20.57,0.9975,normal
LTTB,50,0,9,0,0,1,21.19,0.9979,normal
LTTB,50,0,10,0,0,1,19.69,0.9971,normal
LTTB,50,0,11,0,0,1,20.73,0.9979,normal
LTTB,50,0,12,0,0,1,20.98,0.9979,normal
LTTB,50,0,13,0,0,1,20.75,0.9978,normal
LTTB,50,0,14,0,0,1,20.17,0.9977,normal
LTTB,50,0,15,0,0,1,21.62,0.9983,normal
LTTB,50,0,16,0,0,1,20.95,0.9977,normal
LTTB,50,0,17,0,0,1,20.24,0.9975,normal
LTTB,50,0,18,0,0,1,20.21,0.9975,normal
LTTB,50,0,19,1,1,1,6.36,0.8883,inner_race
LTTB,50,0,20,1,1,1,6.90,0.9140,inner_race
LTTB,50,0,21,1,1,1,6.55,0.9066,inner_race
LTTB,50,0,22,1,1,1,6.48,0.8889,inner_race
LTTB,50,0,23,1,1,1,6.58,0.9043,inner_race
LTTB,50,0,24,1,1,1,7.49,0.9130,inner_race
LTTB,50,0,25,1,1,1,6.87,0.9074,inner_race
LTTB,50,0,26,1,1,1,6.42,0.9027,inner_race
LTTB,50,0,27,1,1,1,6.29,0.8953,inner_race
LTTB,50,0,28,1,1,1,7.45,0.9041,inner_race
LTTB,50,0,29,1,1,1,6.95,0.9117,inner_race
LTTB,50,0,30,1,1,1,6.65,0.8944,inner_race
LTTB,50,0,31,1,1,1,7.95,0.9356,inner_race
LTTB,50,0,32,1,1,1,7.79,0.9215,inner_race
LTTB,50,0,33,1,1,1,5.47,0.8393,inner_race
LTTB,50,0,34,1,1,1,6.49,0.8925,inner_race
LTTB,50,0,35,1,1,1,7.24,0.8896,inner_race
LTTB,50,0,36,1,1,1,7.02,0.9132,inner_race
LTTB,50,0,37,1,1,1,6.20,0.8807,inner_race
LTTB,50,0,38,2,2,1,6.24,0.9176,ball_fault
LTTB,50,0,39,2,2,1,4.88,0.8779,ball_fault
LTTB,50,0,40,2,2,1,5.95,0.9011,ball_fault
LTTB,50,0,41,2,2,1,5.32,0.8752,ball_fault
LTTB,50,0,42,2,2,1,6.31,0.9095,ball_fault
LTTB,50,0,43,2,2,1,6.65,0.9169,ball_fault
LTTB,50,0,44,2,2,1,5.12,0.8791,ball_fault
LTTB,50,0,45,2,2,1,5.59,0.8737,ball_fault
LTTB,50,0,46,2,2,1,6.18,0.8959,ball_fault
LTTB,50,0,47,2,2,1,4.94,0.8687,ball_fault
LTTB,50,0,48,2,2,1,5.85,0.8850,ball_fault
LTTB,50,0,49,2,2,1,6.44,0.9230,ball_fault
LTTB,50,0,50,2,2,1,5.99,0.8960,ball_fault
LTTB,50,0,51,2,2,1,5.42,0.8732,ball_fault
LTTB,50,0,52,2,2,1,5.58,0.9043,ball_fault
LTTB,50,0,53,2,2,1,6.15,0.9051,ball_fault
LTTB,50,0,54,2,2,1,6.46,0.9207,ball_fault
LTTB,50,0,55,2,2,1,5.31,0.9038,ball_fault
LTTB,50,0,56,2,2,1,7.15,0.9272,ball_fault
LTTB,80,0,0,0,0,1,21.24,0.9981,normal
LTTB,80,0,1,0,0,1,20.31,0.9977,normal
LTTB,80,0,2,0,0,1,20.54,0.9975,normal
LTTB,80,0,3,0,0,1,20.29,0.9977,normal
LTTB,80,0,4,0,0,1,20.68,0.9979,normal
LTTB,80,0,5,0,0,1,20.73,0.9976,normal
LTTB,80,0,6,0,0,1,21.58,0.9981,normal
LTTB,80,0,7,0,0,1,19.91,0.9971,normal
LTTB,80,0,8,0,0,1,20.59,0.9978,normal
LTTB,80,0,9,0,0,1,20.38,0.9976,normal
LTTB,80,0,10,0,0,1,19.48,0.9970,normal
LTTB,80,0,11,0,0,1,20.87,0.9978,normal
LTTB,80,0,12,0,0,1,20.70,0.9977,normal
LTTB,80,0,13,0,0,1,20.07,0.9973,normal
LTTB,80,0,14,0,0,1,20.15,0.9973,normal
LTTB,80,0,15,0,0,1,20.56,0.9979,normal
LTTB,80,0,16,0,0,1,20.58,0.9976,normal
LTTB,80,0,17,0,0,1,19.64,0.9971,normal
LTTB,80,0,18,0,0,1,19.69,0.9972,normal
LTTB,80,0,19,1,1,1,6.09,0.8746,inner_race
LTTB,80,0,20,1,1,1,7.31,0.9222,inner_race
LTTB,80,0,21,1,1,1,7.21,0.9152,inner_race
LTTB,80,0,22,1,1,1,6.61,0.8939,inner_race
LTTB,80,0,23,1,1,1,6.40,0.8825,inner_race
LTTB,80,0,24,1,1,1,7.26,0.9068,inner_race
LTTB,80,0,25,1,1,1,6.91,0.8959,inner_race
LTTB,80,0,26,1,1,1,7.13,0.9163,inner_race
LTTB,80,0,27,1,1,1,6.63,0.8973,inner_race
LTTB,80,0,28,1,1,1,7.44,0.9034,inner_race
LTTB,80,0,29,1,1,1,7.12,0.9146,inner_race
LTTB,80,0,30,1,1,1,6.94,0.9064,inner_race
LTTB,80,0,31,1,1,1,6.36,0.9077,inner_race
LTTB,80,0,32,1,1,1,7.17,0.9129,inner_race
LTTB,80,0,33,1,1,1,5.89,0.8723,inner_race
LTTB,80,0,34,1,1,1,6.62,0.9048,inner_race
LTTB,80,0,35,1,1,1,7.01,0.8892,inner_race
LTTB,80,0,36,1,1,1,6.06,0.8757,inner_race
LTTB,80,0,37,1,1,1,3.86,0.7529,inner_race
LTTB,80,0,38,2,2,1,5.57,0.8916,ball_fault
LTTB,80,0,39,2,2,1,5.00,0.8737,ball_fault
LTTB,80,0,40,2,2,1,5.15,0.8784,ball_fault
LTTB,80,0,41,2,2,1,5.98,0.8975,ball_fault
LTTB,80,0,42,2,2,1,4.02,0.8372,ball_fault
LTTB,80,0,43,2,2,1,4.92,0.8602,ball_fault
LTTB,80,0,44,2,2,1,4.92,0.8608,ball_fault
LTTB,80,0,45,2,2,1,5.42,0.8743,ball_fault
LTTB,80,0,46,2,2,1,5.39,0.8758,ball_fault
LTTB,80,0,47,2,2,1,4.39,0.8562,ball_fault
LTTB,80,0,48,2,2,1,4.69,0.8547,ball_fault
LTTB,80,0,49,2,2,1,4.80,0.8563,ball_fault
LTTB,80,0,50,2,2,1,5.50,0.8843,ball_fault
LTTB,80,0,51,2,2,1,6.70,0.9103,ball_fault
LTTB,80,0,52,2,2,1,5.34,0.8872,ball_fault
LTTB,80,0,53,2,2,1,5.95,0.9006,ball_fault
LTTB,80,0,54,2,2,1,5.56,0.8811,ball_fault
LTTB,80,0,55,2,2,1,3.92,0.8243,ball_fault
LTTB,80,0,56,2,2,1,5.25,0.8897,ball_fault
LTTB,100,0,0,0,0,1,21.06,0.9980,normal
LTTB,100,0,1,0,0,1,19.43,0.9975,normal
LTTB,100,0,2,0,0,1,21.14,0.9978,normal
LTTB,100,0,3,0,0,1,20.45,0.9978,normal
LTTB,100,0,4,0,0,1,21.08,0.9980,normal
LTTB,100,0,5,0,0,1,20.32,0.9974,normal
LTTB,100,0,6,0,0,1,21.09,0.9980,normal
LTTB,100,0,7,0,0,1,19.85,0.9973,normal
LTTB,100,0,8,0,0,1,20.76,0.9978,normal
LTTB,100,0,9,0,0,1,20.70,0.9975,normal
LTTB,100,0,10,0,0,1,18.98,0.9969,normal
LTTB,100,0,11,0,0,1,20.40,0.9975,normal
LTTB,100,0,12,0,0,1,20.74,0.9978,normal
LTTB,100,0,13,0,0,1,20.69,0.9978,normal
LTTB,100,0,14,0,0,1,19.98,0.9974,normal
LTTB,100,0,15,0,0,1,20.04,0.9976,normal
LTTB,100,0,16,0,0,1,19.78,0.9973,normal
LTTB,100,0,17,0,0,1,19.47,0.9970,normal
LTTB,100,0,18,0,0,1,20.24,0.9979,normal
LTTB,100,0,19,1,1,1,6.41,0.8968,inner_race
LTTB,100,0,20,1,1,1,6.92,0.9019,inner_race
LTTB,100,0,21,1,1,1,6.61,0.8923,inner_race
LTTB,100,0,22,1,1,1,6.04,0.8757,inner_race
LTTB,100,0,23,1,1,1,6.17,0.8772,inner_race
LTTB,100,0,24,1,1,1,6.85,0.8950,inner_race
LTTB,100,0,25,1,1,1,6.45,0.8857,inner_race
LTTB,100,0,26,1,1,1,5.86,0.8699,inner_race
LTTB,100,0,27,1,1,1,5.78,0.8827,inner_race
LTTB,100,0,28,1,1,1,7.25,0.9030,inner_race
LTTB,100,0,29,1,1,1,6.57,0.8926,inner_race
LTTB,100,0,30,1,1,1,6.30,0.8905,inner_race
LTTB,100,0,31,1,1,1,6.89,0.9025,inner_race
LTTB,100,0,32,1,1,1,7.77,0.9208,inner_race
LTTB,100,0,33,1,1,1,4.22,0.7791,inner_race
LTTB,100,0,34,1,1,1,6.06,0.8721,inner_race
LTTB,100,0,35,1,1,1,6.51,0.8692,inner_race
LTTB,100,0,36,1,1,1,7.16,0.9166,inner_race
LTTB,100,0,37,1,1,1,4.76,0.8151,inner_race
LTTB,100,0,38,2,2,1,5.65,0.9025,ball_fault
LTTB,100,0,39,2,2,1,5.31,0.8931,ball_fault
LTTB,100,0,40,2,2,1,4.57,0.8501,ball_fault
LTTB,100,0,41,2,2,1,5.36,0.8984,ball_fault
LTTB,100,0,42,2,2,1,5.23,0.8819,ball_fault
LTTB,100,0,43,2,2,1,5.17,0.8672,ball_fault
LTTB,100,0,44,2,2,1,5.62,0.8900,ball_fault
LTTB,100,0,45,2,2,1,7.05,0.9177,ball_fault
LTTB,100,0,46,2,2,1,5.87,0.8826,ball_fault
LTTB,100,0,47,2,2,1,4.86,0.8712,ball_fault
LTTB,100,0,48,2,2,1,5.40,0.8768,ball_fault
LTTB,100,0,49,2,2,1,4.02,0.8288,ball_fault
LTTB,100,0,50,2,2,1,5.67,0.8960,ball_fault
LTTB,100,0,51,2,2,1,5.16,0.8746,ball_fault
LTTB,100,0,52,2,2,1,4.86,0.8704,ball_fault
LTTB,100,0,53,2,2,1,5.67,0.8902,ball_fault
LTTB,100,0,54,2,2,1,6.26,0.9110,ball_fault
LTTB,100,0,55,2,2,1,4.30,0.8455,ball_fault
LTTB,100,0,56,2,2,1,4.89,0.8712,ball_fault
DROP,10,0,0,0,0,1,-2.87,0.0000,normal
DROP,10,0,1,0,0,1,-1.17,0.0000,normal
DROP,10,0,2,0,0,1,-3.13,0.0000,normal
DROP,10,0,3,0,0,1,0.19,0.0000,normal
DROP,10,0,4,0,0,1,-2.21,0.0000,normal
DROP,10,0,5,0,0,1,-1.72,0.0000,normal
DROP,10,0,6,0,0,1,-3.45,0.0000,normal
DROP,10,0,7,0,0,1,0.07,0.0000,normal
DROP,10,0,8,0,0,1,0.47,0.0000,normal
DROP,10,0,9,0,0,1,0.22,0.0000,normal
DROP,10,0,10,0,0,1,0.17,0.0000,normal
DROP,10,0,11,0,0,1,1.01,0.0000,normal
DROP,10,0,12,0,0,1,-6.68,0.0000,normal
DROP,10,0,13,0,0,1,-0.09,0.0000,normal
DROP,10,0,14,0,0,1,0.04,0.0000,normal
DROP,10,0,15,0,0,1,-5.04,0.0000,normal
DROP,10,0,16,0,0,1,0.25,0.0000,normal
DROP,10,0,17,0,0,1,0.08,0.0000,normal
DROP,10,0,18,0,0,1,-3.86,0.0000,normal
DROP,10,0,19,1,1,1,-0.32,0.0000,inner_race
DROP,10,0,20,1,1,1,-0.08,0.0000,inner_race
DROP,10,0,21,1,1,1,0.80,0.0000,inner_race
DROP,10,0,22,1,1,1,0.06,0.0000,inner_race
DROP,10,0,23,1,1,1,-0.75,0.0000,inner_race
DROP,10,0,24,1,0,0,-4.12,0.0000,inner_race
DROP,10,0,25,1,0,0,-1.17,0.0000,inner_race
DROP,10,0,26,1,1,1,-0.13,0.0000,inner_race
DROP,10,0,27,1,0,0,-8.31,0.0000,inner_race
DROP,10,0,28,1,1,1,-0.26,0.0000,inner_race
DROP,10,0,29,1,1,1,-1.85,0.0000,inner_race
DROP,10,0,30,1,1,1,0.23,0.0000,inner_race
DROP,10,0,31,1,1,1,-0.10,0.0000,inner_race
DROP,10,0,32,1,1,1,0.08,0.0000,inner_race
DROP,10,0,33,1,2,0,0.23,0.0000,inner_race
DROP,10,0,34,1,0,0,-0.18,0.0000,inner_race
DROP,10,0,35,1,0,0,-3.89,0.0000,inner_race
DROP,10,0,36,1,0,0,-3.26,0.0000,inner_race
DROP,10,0,37,1,0,0,-0.87,0.0000,inner_race
DROP,10,0,38,2,2,1,-0.96,0.0000,ball_fault
DROP,10,0,39,2,0,0,-0.74,0.0000,ball_fault
DROP,10,0,40,2,0,0,-1.74,0.0000,ball_fault
DROP,10,0,41,2,0,0,-3.50,0.0000,ball_fault
DROP,10,0,42,2,2,1,0.18,0.0000,ball_fault
DROP,10,0,43,2,0,0,-1.91,0.0000,ball_fault
DROP,10,0,44,2,2,1,-0.73,0.0000,ball_fault
DROP,10,0,45,2,0,0,-5.97,0.0000,ball_fault
DROP,10,0,46,2,2,1,0.32,0.0000,ball_fault
DROP,10,0,47,2,0,0,-1.05,0.0000,ball_fault
DROP,10,0,48,2,0,0,-4.51,0.0000,ball_fault
DROP,10,0,49,2,2,1,-1.26,0.0000,ball_fault
DROP,10,0,50,2,0,0,-0.90,0.0000,ball_fault
DROP,10,0,51,2,2,1,-0.44,0.0000,ball_fault
DROP,10,0,52,2,0,0,-2.21,0.0000,ball_fault
DROP,10,0,53,2,2,1,-0.23,0.0000,ball_fault
DROP,10,0,54,2,0,0,-0.45,0.0000,ball_fault
DROP,10,0,55,2,0,0,-1.73,0.0000,ball_fault
DROP,10,0,56,2,0,0,-3.71,0.0000,ball_fault
DROP,10,1,0,0,0,1,-2.87,0.0000,normal
DROP,10,1,1,0,0,1,-1.17,0.0000,normal
DROP,10,1,2,0,0,1,-3.13,0.0000,normal
DROP,10,1,3,0,0,1,0.19,0.0000,normal
DROP,10,1,4,0,0,1,-2.21,0.0000,normal
DROP,10,1,5,0,0,1,-1.72,0.0000,normal
DROP,10,1,6,0,0,1,-3.45,0.0000,normal
DROP,10,1,7,0,0,1,0.07,0.0000,normal
DROP,10,1,8,0,0,1,0.47,0.0000,normal
DROP,10,1,9,0,0,1,0.22,0.0000,normal
DROP,10,1,10,0,0,1,0.17,0.0000,normal
DROP,10,1,11,0,0,1,1.01,0.0000,normal
DROP,10,1,12,0,0,1,-6.68,0.0000,normal
DROP,10,1,13,0,0,1,-0.09,0.0000,normal
DROP,10,1,14,0,0,1,0.04,0.0000,normal
DROP,10,1,15,0,0,1,-5.04,0.0000,normal
DROP,10,1,16,0,0,1,0.25,0.0000,normal
DROP,10,1,17,0,0,1,0.08,0.0000,normal
DROP,10,1,18,0,0,1,-3.86,0.0000,normal
DROP,10,1,19,1,1,1,-0.32,0.0000,inner_race
DROP,10,1,20,1,1,1,-0.08,0.0000,inner_race
DROP,10,1,21,1,1,1,0.80,0.0000,inner_race
DROP,10,1,22,1,1,1,0.06,0.0000,inner_race
DROP,10,1,23,1,1,1,-0.75,0.0000,inner_race
DROP,10,1,24,1,0,0,-4.12,0.0000,inner_race
DROP,10,1,25,1,0,0,-1.17,0.0000,inner_race
DROP,10,1,26,1,1,1,-0.13,0.0000,inner_race
DROP,10,1,27,1,0,0,-8.31,0.0000,inner_race
DROP,10,1,28,1,1,1,-0.26,0.0000,inner_race
DROP,10,1,29,1,1,1,-1.85,0.0000,inner_race
DROP,10,1,30,1,1,1,0.23,0.0000,inner_race
DROP,10,1,31,1,1,1,-0.10,0.0000,inner_race
DROP,10,1,32,1,1,1,0.08,0.0000,inner_race
DROP,10,1,33,1,2,0,0.23,0.0000,inner_race
DROP,10,1,34,1,0,0,-0.18,0.0000,inner_race
DROP,10,1,35,1,0,0,-3.89,0.0000,inner_race
DROP,10,1,36,1,0,0,-3.26,0.0000,inner_race
DROP,10,1,37,1,0,0,-0.87,0.0000,inner_race
DROP,10,1,38,2,2,1,-0.96,0.0000,ball_fault
DROP,10,1,39,2,0,0,-0.74,0.0000,ball_fault
DROP,10,1,40,2,0,0,-1.74,0.0000,ball_fault
DROP,10,1,41,2,0,0,-3.50,0.0000,ball_fault
DROP,10,1,42,2,2,1,0.18,0.0000,ball_fault
DROP,10,1,43,2,0,0,-1.91,0.0000,ball_fault
DROP,10,1,44,2,2,1,-0.73,0.0000,ball_fault
DROP,10,1,45,2,0,0,-5.97,0.0000,ball_fault
DROP,10,1,46,2,2,1,0.32,0.0000,ball_fault
DROP,10,1,47,2,0,0,-1.05,0.0000,ball_fault
DROP,10,1,48,2,0,0,-4.51,0.0000,ball_fault
DROP,10,1,49,2,2,1,-1.26,0.0000,ball_fault
DROP,10,1,50,2,0,0,-0.90,0.0000,ball_fault
DROP,10,1,51,2,2,1,-0.44,0.0000,ball_fault
DROP,10,1,52,2,0,0,-2.21,0.0000,ball_fault
DROP,10,1,53,2,2,1,-0.23,0.0000,ball_fault
DROP,10,1,54,2,0,0,-0.45,0.0000,ball_fault
DROP,10,1,55,2,0,0,-1.73,0.0000,ball_fault
DROP,10,1,56,2,0,0,-3.71,0.0000,ball_fault
DROP,10,2,0,0,0,1,-2.87,0.0000,normal
DROP,10,2,1,0,0,1,-1.17,0.0000,normal
DROP,10,2,2,0,0,1,-3.13,0.0000,normal
DROP,10,2,3,0,0,1,0.19,0.0000,normal
DROP,10,2,4,0,0,1,-2.21,0.0000,normal
DROP,10,2,5,0,0,1,-1.72,0.0000,normal
DROP,10,2,6,0,0,1,-3.45,0.0000,normal
DROP,10,2,7,0,0,1,0.07,0.0000,normal
DROP,10,2,8,0,0,1,0.47,0.0000,normal
DROP,10,2,9,0,0,1,0.22,0.0000,normal
DROP,10,2,10,0,0,1,0.17,0.0000,normal
DROP,10,2,11,0,0,1,1.01,0.0000,normal
DROP,10,2,12,0,0,1,-6.68,0.0000,normal
DROP,10,2,13,0,0,1,-0.09,0.0000,normal
DROP,10,2,14,0,0,1,0.04,0.0000,normal
DROP,10,2,15,0,0,1,-5.04,0.0000,normal
DROP,10,2,16,0,0,1,0.25,0.0000,normal
DROP,10,2,17,0,0,1,0.08,0.0000,normal
DROP,10,2,18,0,0,1,-3.86,0.0000,normal
DROP,10,2,19,1,1,1,-0.32,0.0000,inner_race
DROP,10,2,20,1,1,1,-0.08,0.0000,inner_race
DROP,10,2,21,1,1,1,0.80,0.0000,inner_race
DROP,10,2,22,1,1,1,0.06,0.0000,inner_race
DROP,10,2,23,1,1,1,-0.75,0.0000,inner_race
DROP,10,2,24,1,0,0,-4.12,0.0000,inner_race
DROP,10,2,25,1,0,0,-1.17,0.0000,inner_race
DROP,10,2,26,1,1,1,-0.13,0.0000,inner_race
DROP,10,2,27,1,0,0,-8.31,0.0000,inner_race
DROP,10,2,28,1,1,1,-0.26,0.0000,inner_race
DROP,10,2,29,1,1,1,-1.85,0.0000,inner_race
DROP,10,2,30,1,1,1,0.23,0.0000,inner_race
DROP,10,2,31,1,1,1,-0.10,0.0000,inner_race
DROP,10,2,32,1,1,1,0.08,0.0000,inner_race
DROP,10,2,33,1,2,0,0.23,0.0000,inner_race
DROP,10,2,34,1,0,0,-0.18,0.0000,inner_race
DROP,10,2,35,1,0,0,-3.89,0.0000,inner_race
DROP,10,2,36,1,0,0,-3.26,0.0000,inner_race
DROP,10,2,37,1,0,0,-0.87,0.0000,inner_race
DROP,10,2,38,2,2,1,-0.96,0.0000,ball_fault
DROP,10,2,39,2,0,0,-0.74,0.0000,ball_fault
DROP,10,2,40,2,0,0,-1.74,0.0000,ball_fault
DROP,10,2,41,2,0,0,-3.50,0.0000,ball_fault
DROP,10,2,42,2,2,1,0.18,0.0000,ball_fault
DROP,10,2,43,2,0,0,-1.91,0.0000,ball_fault
DROP,10,2,44,2,2,1,-0.73,0.0000,ball_fault
DROP,10,2,45,2,0,0,-5.97,0.0000,ball_fault
DROP,10,2,46,2,2,1,0.32,0.0000,ball_fault
DROP,10,2,47,2,0,0,-1.05,0.0000,ball_fault
DROP,10,2,48,2,0,0,-4.51,0.0000,ball_fault
DROP,10,2,49,2,2,1,-1.26,0.0000,ball_fault
DROP,10,2,50,2,0,0,-0.90,0.0000,ball_fault
DROP,10,2,51,2,2,1,-0.44,0.0000,ball_fault
DROP,10,2,52,2,0,0,-2.21,0.0000,ball_fault
DROP,10,2,53,2,2,1,-0.23,0.0000,ball_fault
DROP,10,2,54,2,0,0,-0.45,0.0000,ball_fault
DROP,10,2,55,2,0,0,-1.73,0.0000,ball_fault
DROP,10,2,56,2,0,0,-3.71,0.0000,ball_fault
DROP,10,3,0,0,0,1,-2.87,0.0000,normal
DROP,10,3,1,0,0,1,-1.17,0.0000,normal
DROP,10,3,2,0,0,1,-3.13,0.0000,normal
DROP,10,3,3,0,0,1,0.19,0.0000,normal
DROP,10,3,4,0,0,1,-2.21,0.0000,normal
DROP,10,3,5,0,0,1,-1.72,0.0000,normal
DROP,10,3,6,0,0,1,-3.45,0.0000,normal
DROP,10,3,7,0,0,1,0.07,0.0000,normal
DROP,10,3,8,0,0,1,0.47,0.0000,normal
DROP,10,3,9,0,0,1,0.22,0.0000,normal
DROP,10,3,10,0,0,1,0.17,0.0000,normal
DROP,10,3,11,0,0,1,1.01,0.0000,normal
DROP,10,3,12,0,0,1,-6.68,0.0000,normal
DROP,10,3,13,0,0,1,-0.09,0.0000,normal
DROP,10,3,14,0,0,1,0.04,0.0000,normal
DROP,10,3,15,0,0,1,-5.04,0.0000,normal
DROP,10,3,16,0,0,1,0.25,0.0000,normal
DROP,10,3,17,0,0,1,0.08,0.0000,normal
DROP,10,3,18,0,0,1,-3.86,0.0000,normal
DROP,10,3,19,1,1,1,-0.32,0.0000,inner_race
DROP,10,3,20,1,1,1,-0.08,0.0000,inner_race
DROP,10,3,21,1,1,1,0.80,0.0000,inner_race
DROP,10,3,22,1,1,1,0.06,0.0000,inner_race
DROP,10,3,23,1,1,1,-0.75,0.0000,inner_race
DROP,10,3,24,1,0,0,-4.12,0.0000,inner_race
DROP,10,3,25,1,0,0,-1.17,0.0000,inner_race
DROP,10,3,26,1,1,1,-0.13,0.0000,inner_race
DROP,10,3,27,1,0,0,-8.31,0.0000,inner_race
DROP,10,3,28,1,1,1,-0.26,0.0000,inner_race
DROP,10,3,29,1,1,1,-1.85,0.0000,inner_race
DROP,10,3,30,1,1,1,0.23,0.0000,inner_race
DROP,10,3,31,1,1,1,-0.10,0.0000,inner_race
DROP,10,3,32,1,1,1,0.08,0.0000,inner_race
DROP,10,3,33,1,2,0,0.23,0.0000,inner_race
DROP,10,3,34,1,0,0,-0.18,0.0000,inner_race
DROP,10,3,35,1,0,0,-3.89,0.0000,inner_race
DROP,10,3,36,1,0,0,-3.26,0.0000,inner_race
DROP,10,3,37,1,0,0,-0.87,0.0000,inner_race
DROP,10,3,38,2,2,1,-0.96,0.0000,ball_fault
DROP,10,3,39,2,0,0,-0.74,0.0000,ball_fault
DROP,10,3,40,2,0,0,-1.74,0.0000,ball_fault
DROP,10,3,41,2,0,0,-3.50,0.0000,ball_fault
DROP,10,3,42,2,2,1,0.18,0.0000,ball_fault
DROP,10,3,43,2,0,0,-1.91,0.0000,ball_fault
DROP,10,3,44,2,2,1,-0.73,0.0000,ball_fault
DROP,10,3,45,2,0,0,-5.97,0.0000,ball_fault
DROP,10,3,46,2,2,1,0.32,0.0000,ball_fault
DROP,10,3,47,2,0,0,-1.05,0.0000,ball_fault
DROP,10,3,48,2,0,0,-4.51,0.0000,ball_fault
DROP,10,3,49,2,2,1,-1.26,0.0000,ball_fault
DROP,10,3,50,2,0,0,-0.90,0.0000,ball_fault
DROP,10,3,51,2,2,1,-0.44,0.0000,ball_fault
DROP,10,3,52,2,0,0,-2.21,0.0000,ball_fault
DROP,10,3,53,2,2,1,-0.23,0.0000,ball_fault
DROP,10,3,54,2,0,0,-0.45,0.0000,ball_fault
DROP,10,3,55,2,0,0,-1.73,0.0000,ball_fault
DROP,10,3,56,2,0,0,-3.71,0.0000,ball_fault
DROP,10,4,0,0,0,1,-2.87,0.0000,normal
DROP,10,4,1,0,0,1,-1.17,0.0000,normal
DROP,10,4,2,0,0,1,-3.13,0.0000,normal
DROP,10,4,3,0,0,1,0.19,0.0000,normal
DROP,10,4,4,0,0,1,-2.21,0.0000,normal
DROP,10,4,5,0,0,1,-1.72,0.0000,normal
DROP,10,4,6,0,0,1,-3.45,0.0000,normal
DROP,10,4,7,0,0,1,0.07,0.0000,normal
DROP,10,4,8,0,0,1,0.47,0.0000,normal
DROP,10,4,9,0,0,1,0.22,0.0000,normal
DROP,10,4,10,0,0,1,0.17,0.0000,normal
DROP,10,4,11,0,0,1,1.01,0.0000,normal
DROP,10,4,12,0,0,1,-6.68,0.0000,normal
DROP,10,4,13,0,0,1,-0.09,0.0000,normal
DROP,10,4,14,0,0,1,0.04,0.0000,normal
DROP,10,4,15,0,0,1,-5.04,0.0000,normal
DROP,10,4,16,0,0,1,0.25,0.0000,normal
DROP,10,4,17,0,0,1,0.08,0.0000,normal
DROP,10,4,18,0,0,1,-3.86,0.0000,normal
DROP,10,4,19,1,1,1,-0.32,0.0000,inner_race
DROP,10,4,20,1,1,1,-0.08,0.0000,inner_race
DROP,10,4,21,1,1,1,0.80,0.0000,inner_race
DROP,10,4,22,1,1,1,0.06,0.0000,inner_race
DROP,10,4,23,1,1,1,-0.75,0.0000,inner_race
DROP,10,4,24,1,0,0,-4.12,0.0000,inner_race
DROP,10,4,25,1,0,0,-1.17,0.0000,inner_race
DROP,10,4,26,1,1,1,-0.13,0.0000,inner_race
DROP,10,4,27,1,0,0,-8.31,0.0000,inner_race
DROP,10,4,28,1,1,1,-0.26,0.0000,inner_race
DROP,10,4,29,1,1,1,-1.85,0.0000,inner_race
DROP,10,4,30,1,1,1,0.23,0.0000,inner_race
DROP,10,4,31,1,1,1,-0.10,0.0000,inner_race
DROP,10,4,32,1,1,1,0.08,0.0000,inner_race
DROP,10,4,33,1,2,0,0.23,0.0000,inner_race
DROP,10,4,34,1,0,0,-0.18,0.0000,inner_race
DROP,10,4,35,1,0,0,-3.89,0.0000,inner_race
DROP,10,4,36,1,0,0,-3.26,0.0000,inner_race
DROP,10,4,37,1,0,0,-0.87,0.0000,inner_race
DROP,10,4,38,2,2,1,-0.96,0.0000,ball_fault
DROP,10,4,39,2,0,0,-0.74,0.0000,ball_fault
DROP,10,4,40,2,0,0,-1.74,0.0000,ball_fault
DROP,10,4,41,2,0,0,-3.50,0.0000,ball_fault
DROP,10,4,42,2,2,1,0.18,0.0000,ball_fault
DROP,10,4,43,2,0,0,-1.91,0.0000,ball_fault
DROP,10,4,44,2,2,1,-0.73,0.0000,ball_fault
DROP,10,4,45,2,0,0,-5.97,0.0000,ball_fault
DROP,10,4,46,2,2,1,0.32,0.0000,ball_fault
DROP,10,4,47,2,0,0,-1.05,0.0000,ball_fault
DROP,10,4,48,2,0,0,-4.51,0.0000,ball_fault
DROP,10,4,49,2,2,1,-1.26,0.0000,ball_fault
DROP,10,4,50,2,0,0,-0.90,0.0000,ball_fault
DROP,10,4,51,2,2,1,-0.44,0.0000,ball_fault
DROP,10,4,52,2,0,0,-2.21,0.0000,ball_fault
DROP,10,4,53,2,2,1,-0.23,0.0000,ball_fault
DROP,10,4,54,2,0,0,-0.45,0.0000,ball_fault
DROP,10,4,55,2,0,0,-1.73,0.0000,ball_fault
DROP,10,4,56,2,0,0,-3.71,0.0000,ball_fault
DROP,20,0,0,0,0,1,-0.92,0.0000,normal
DROP,20,0,1,0,0,1,-2.99,0.0000,normal
DROP,20,0,2,0,0,1,0.16,0.0000,normal
DROP,20,0,3,0,0,1,-1.34,0.0000,normal
DROP,20,0,4,0,0,1,-6.05,0.0000,normal
DROP,20,0,5,0,0,1,-3.19,0.0000,normal
DROP,20,0,6,0,0,1,-1.07,0.0000,normal
DROP,20,0,7,0,0,1,-1.02,0.0000,normal
DROP,20,0,8,0,0,1,-3.70,0.0000,normal
DROP,20,0,9,0,0,1,0.01,0.0000,normal
DROP,20,0,10,0,0,1,0.09,0.0000,normal
DROP,20,0,11,0,0,1,-5.72,0.0000,normal
DROP,20,0,12,0,0,1,-0.88,0.0000,normal
DROP,20,0,13,0,0,1,0.05,0.0000,normal
DROP,20,0,14,0,0,1,-5.44,0.0000,normal
DROP,20,0,15,0,0,1,0.41,0.0000,normal
DROP,20,0,16,0,0,1,-4.24,0.0000,normal
DROP,20,0,17,0,0,1,0.12,0.0000,normal
DROP,20,0,18,0,0,1,-5.66,0.0000,normal
DROP,20,0,19,1,0,0,-2.65,0.0000,inner_race
DROP,20,0,20,1,0,0,-1.31,0.0000,inner_race
DROP,20,0,21,1,0,0,-11.56,0.0000,inner_race
DROP,20,0,22,1,0,0,-2.63,0.0000,inner_race
DROP,20,0,23,1,1,1,0.46,0.0000,inner_race
DROP,20,0,24,1,1,1,0.09,0.0000,inner_race
DROP,20,0,25,1,0,0,0.08,0.0000,inner_race
DROP,20,0,26,1,0,0,-1.02,0.0000,inner_race
DROP,20,0,27,1,0,0,-0.59,0.0000,inner_race
DROP,20,0,28,1,0,0,-0.49,0.0000,inner_race
DROP,20,0,29,1,0,0,-1.87,0.0000,inner_race
DROP,20,0,30,1,0,0,-5.69,0.0000,inner_race
DROP,20,0,31,1,0,0,-0.45,0.0000,inner_race
DROP,20,0,32,1,0,0,-3.07,0.0000,inner_race
DROP,20,0,33,1,0,0,-1.52,0.0000,inner_race
DROP,20,0,34,1,0,0,-2.27,0.0000,inner_race
DROP,20,0,35,1,0,0,-0.11,0.0000,inner_race
DROP,20,0,36,1,0,0,-1.23,0.0000,inner_race
DROP,20,0,37,1,0,0,-1.79,0.0000,inner_race
DROP,20,0,38,2,2,1,-0.82,0.0000,ball_fault
DROP,20,0,39,2,0,0,-0.18,0.0000,ball_fault
DROP,20,0,40,2,0,0,-0.55,0.0000,ball_fault
DROP,20,0,41,2,0,0,-0.95,0.0000,ball_fault
DROP,20,0,42,2,1,0,0.14,0.0000,ball_fault
DROP,20,0,43,2,2,1,-0.20,0.0000,ball_fault
DROP,20,0,44,2,0,0,-3.67,0.0000,ball_fault
DROP,20,0,45,2,0,0,-0.84,0.0000,ball_fault
DROP,20,0,46,2,1,0,-0.09,0.0000,ball_fault
DROP,20,0,47,2,0,0,-1.76,0.0000,ball_fault
DROP,20,0,48,2,0,0,-1.76,0.0000,ball_fault
DROP,20,0,49,2,0,0,-3.18,0.0000,ball_fault
DROP,20,0,50,2,0,0,-1.80,0.0000,ball_fault
DROP,20,0,51,2,2,1,-0.10,0.0000,ball_fault
DROP,20,0,52,2,2,1,0.30,0.0000,ball_fault
DROP,20,0,53,2,2,1,-1.27,0.0000,ball_fault
DROP,20,0,54,2,2,1,0.37,0.0000,ball_fault
DROP,20,0,55,2,2,1,0.23,0.0000,ball_fault
DROP,20,0,56,2,2,1,-0.12,0.0000,ball_fault
DROP,20,1,0,0,0,1,-0.92,0.0000,normal
DROP,20,1,1,0,0,1,-2.99,0.0000,normal
DROP,20,1,2,0,0,1,0.16,0.0000,normal
DROP,20,1,3,0,0,1,-1.34,0.0000,normal
DROP,20,1,4,0,0,1,-6.05,0.0000,normal
DROP,20,1,5,0,0,1,-3.19,0.0000,normal
DROP,20,1,6,0,0,1,-1.07,0.0000,normal
DROP,20,1,7,0,0,1,-1.02,0.0000,normal
DROP,20,1,8,0,0,1,-3.70,0.0000,normal
DROP,20,1,9,0,0,1,0.01,0.0000,normal
DROP,20,1,10,0,0,1,0.09,0.0000,normal
DROP,20,1,11,0,0,1,-5.72,0.0000,normal
DROP,20,1,12,0,0,1,-0.88,0.0000,normal
DROP,20,1,13,0,0,1,0.05,0.0000,normal
DROP,20,1,14,0,0,1,-5.44,0.0000,normal
DROP,20,1,15,0,0,1,0.41,0.0000,normal
DROP,20,1,16,0,0,1,-4.24,0.0000,normal
DROP,20,1,17,0,0,1,0.12,0.0000,normal
DROP,20,1,18,0,0,1,-5.66,0.0000,normal
DROP,20,1,19,1,0,0,-2.65,0.0000,inner_race
DROP,20,1,20,1,0,0,-1.31,0.0000,inner_race
DROP,20,1,21,1,0,0,-11.56,0.0000,inner_race
DROP,20,1,22,1,0,0,-2.63,0.0000,inner_race
DROP,20,1,23,1,1,1,0.46,0.0000,inner_race
DROP,20,1,24,1,1,1,0.09,0.0000,inner_race
DROP,20,1,25,1,0,0,0.08,0.0000,inner_race
DROP,20,1,26,1,0,0,-1.02,0.0000,inner_race
DROP,20,1,27,1,0,0,-0.59,0.0000,inner_race
DROP,20,1,28,1,0,0,-0.49,0.0000,inner_race
DROP,20,1,29,1,0,0,-1.87,0.0000,inner_race
DROP,20,1,30,1,0,0,-5.69,0.0000,inner_race
DROP,20,1,31,1,0,0,-0.45,0.0000,inner_race
DROP,20,1,32,1,0,0,-3.07,0.0000,inner_race
DROP,20,1,33,1,0,0,-1.52,0.0000,inner_race
DROP,20,1,34,1,0,0,-2.27,0.0000,inner_race
DROP,20,1,35,1,0,0,-0.11,0.0000,inner_race
DROP,20,1,36,1,0,0,-1.23,0.0000,inner_race
DROP,20,1,37,1,0,0,-1.79,0.0000,inner_race
DROP,20,1,38,2,2,1,-0.82,0.0000,ball_fault
DROP,20,1,39,2,0,0,-0.18,0.0000,ball_fault
DROP,20,1,40,2,0,0,-0.55,0.0000,ball_fault
DROP,20,1,41,2,0,0,-0.95,0.0000,ball_fault
DROP,20,1,42,2,1,0,0.14,0.0000,ball_fault
DROP,20,1,43,2,2,1,-0.20,0.0000,ball_fault
DROP,20,1,44,2,0,0,-3.67,0.0000,ball_fault
DROP,20,1,45,2,0,0,-0.84,0.0000,ball_fault
DROP,20,1,46,2,1,0,-0.09,0.0000,ball_fault
DROP,20,1,47,2,0,0,-1.76,0.0000,ball_fault
DROP,20,1,48,2,0,0,-1.76,0.0000,ball_fault
DROP,20,1,49,2,0,0,-3.18,0.0000,ball_fault
DROP,20,1,50,2,0,0,-1.80,0.0000,ball_fault
DROP,20,1,51,2,2,1,-0.10,0.0000,ball_fault
DROP,20,1,52,2,2,1,0.30,0.0000,ball_fault
DROP,20,1,53,2,2,1,-1.27,0.0000,ball_fault
DROP,20,1,54,2,2,1,0.37,0.0000,ball_fault
DROP,20,1,55,2,2,1,0.23,0.0000,ball_fault
DROP,20,1,56,2,2,1,-0.12,0.0000,ball_fault
DROP,20,2,0,0,0,1,-0.92,0.0000,normal
DROP,20,2,1,0,0,1,-2.99,0.0000,normal
DROP,20,2,2,0,0,1,0.16,0.0000,normal
DROP,20,2,3,0,0,1,-1.34,0.0000,normal
DROP,20,2,4,0,0,1,-6.05,0.0000,normal
DROP,20,2,5,0,0,1,-3.19,0.0000,normal
DROP,20,2,6,0,0,1,-1.07,0.0000,normal
DROP,20,2,7,0,0,1,-1.02,0.0000,normal
DROP,20,2,8,0,0,1,-3.70,0.0000,normal
DROP,20,2,9,0,0,1,0.01,0.0000,normal
DROP,20,2,10,0,0,1,0.09,0.0000,normal
DROP,20,2,11,0,0,1,-5.72,0.0000,normal
DROP,20,2,12,0,0,1,-0.88,0.0000,normal
DROP,20,2,13,0,0,1,0.05,0.0000,normal
DROP,20,2,14,0,0,1,-5.44,0.0000,normal
DROP,20,2,15,0,0,1,0.41,0.0000,normal
DROP,20,2,16,0,0,1,-4.24,0.0000,normal
DROP,20,2,17,0,0,1,0.12,0.0000,normal
DROP,20,2,18,0,0,1,-5.66,0.0000,normal
DROP,20,2,19,1,0,0,-2.65,0.0000,inner_race
DROP,20,2,20,1,0,0,-1.31,0.0000,inner_race
DROP,20,2,21,1,0,0,-11.56,0.0000,inner_race
DROP,20,2,22,1,0,0,-2.63,0.0000,inner_race
DROP,20,2,23,1,1,1,0.46,0.0000,inner_race
DROP,20,2,24,1,1,1,0.09,0.0000,inner_race
DROP,20,2,25,1,0,0,0.08,0.0000,inner_race
DROP,20,2,26,1,0,0,-1.02,0.0000,inner_race
DROP,20,2,27,1,0,0,-0.59,0.0000,inner_race
DROP,20,2,28,1,0,0,-0.49,0.0000,inner_race
DROP,20,2,29,1,0,0,-1.87,0.0000,inner_race
DROP,20,2,30,1,0,0,-5.69,0.0000,inner_race
DROP,20,2,31,1,0,0,-0.45,0.0000,inner_race
DROP,20,2,32,1,0,0,-3.07,0.0000,inner_race
DROP,20,2,33,1,0,0,-1.52,0.0000,inner_race
DROP,20,2,34,1,0,0,-2.27,0.0000,inner_race
DROP,20,2,35,1,0,0,-0.11,0.0000,inner_race
DROP,20,2,36,1,0,0,-1.23,0.0000,inner_race
DROP,20,2,37,1,0,0,-1.79,0.0000,inner_race
DROP,20,2,38,2,2,1,-0.82,0.0000,ball_fault
DROP,20,2,39,2,0,0,-0.18,0.0000,ball_fault
DROP,20,2,40,2,0,0,-0.55,0.0000,ball_fault
DROP,20,2,41,2,0,0,-0.95,0.0000,ball_fault
DROP,20,2,42,2,1,0,0.14,0.0000,ball_fault
DROP,20,2,43,2,2,1,-0.20,0.0000,ball_fault
DROP,20,2,44,2,0,0,-3.67,0.0000,ball_fault
DROP,20,2,45,2,0,0,-0.84,0.0000,ball_fault
DROP,20,2,46,2,1,0,-0.09,0.0000,ball_fault
DROP,20,2,47,2,0,0,-1.76,0.0000,ball_fault
DROP,20,2,48,2,0,0,-1.76,0.0000,ball_fault
DROP,20,2,49,2,0,0,-3.18,0.0000,ball_fault
DROP,20,2,50,2,0,0,-1.80,0.0000,ball_fault
DROP,20,2,51,2,2,1,-0.10,0.0000,ball_fault
DROP,20,2,52,2,2,1,0.30,0.0000,ball_fault
DROP,20,2,53,2,2,1,-1.27,0.0000,ball_fault
DROP,20,2,54,2,2,1,0.37,0.0000,ball_fault
DROP,20,2,55,2,2,1,0.23,0.0000,ball_fault
DROP,20,2,56,2,2,1,-0.12,0.0000,ball_fault
DROP,20,3,0,0,0,1,-0.92,0.0000,normal
DROP,20,3,1,0,0,1,-2.99,0.0000,normal
DROP,20,3,2,0,0,1,0.16,0.0000,normal
DROP,20,3,3,0,0,1,-1.34,0.0000,normal
DROP,20,3,4,0,0,1,-6.05,0.0000,normal
DROP,20,3,5,0,0,1,-3.19,0.0000,normal
DROP,20,3,6,0,0,1,-1.07,0.0000,normal
DROP,20,3,7,0,0,1,-1.02,0.0000,normal
DROP,20,3,8,0,0,1,-3.70,0.0000,normal
DROP,20,3,9,0,0,1,0.01,0.0000,normal
DROP,20,3,10,0,0,1,0.09,0.0000,normal
DROP,20,3,11,0,0,1,-5.72,0.0000,normal
DROP,20,3,12,0,0,1,-0.88,0.0000,normal
DROP,20,3,13,0,0,1,0.05,0.0000,normal
DROP,20,3,14,0,0,1,-5.44,0.0000,normal
DROP,20,3,15,0,0,1,0.41,0.0000,normal
DROP,20,3,16,0,0,1,-4.24,0.0000,normal
DROP,20,3,17,0,0,1,0.12,0.0000,normal
DROP,20,3,18,0,0,1,-5.66,0.0000,normal
DROP,20,3,19,1,0,0,-2.65,0.0000,inner_race
DROP,20,3,20,1,0,0,-1.31,0.0000,inner_race
DROP,20,3,21,1,0,0,-11.56,0.0000,inner_race
DROP,20,3,22,1,0,0,-2.63,0.0000,inner_race
DROP,20,3,23,1,1,1,0.46,0.0000,inner_race
DROP,20,3,24,1,1,1,0.09,0.0000,inner_race
DROP,20,3,25,1,0,0,0.08,0.0000,inner_race
DROP,20,3,26,1,0,0,-1.02,0.0000,inner_race
DROP,20,3,27,1,0,0,-0.59,0.0000,inner_race
DROP,20,3,28,1,0,0,-0.49,0.0000,inner_race
DROP,20,3,29,1,0,0,-1.87,0.0000,inner_race
DROP,20,3,30,1,0,0,-5.69,0.0000,inner_race
DROP,20,3,31,1,0,0,-0.45,0.0000,inner_race
DROP,20,3,32,1,0,0,-3.07,0.0000,inner_race
DROP,20,3,33,1,0,0,-1.52,0.0000,inner_race
DROP,20,3,34,1,0,0,-2.27,0.0000,inner_race
DROP,20,3,35,1,0,0,-0.11,0.0000,inner_race
DROP,20,3,36,1,0,0,-1.23,0.0000,inner_race
DROP,20,3,37,1,0,0,-1.79,0.0000,inner_race
DROP,20,3,38,2,2,1,-0.82,0.0000,ball_fault
DROP,20,3,39,2,0,0,-0.18,0.0000,ball_fault
DROP,20,3,40,2,0,0,-0.55,0.0000,ball_fault
DROP,20,3,41,2,0,0,-0.95,0.0000,ball_fault
DROP,20,3,42,2,1,0,0.14,0.0000,ball_fault
DROP,20,3,43,2,2,1,-0.20,0.0000,ball_fault
DROP,20,3,44,2,0,0,-3.67,0.0000,ball_fault
DROP,20,3,45,2,0,0,-0.84,0.0000,ball_fault
DROP,20,3,46,2,1,0,-0.09,0.0000,ball_fault
DROP,20,3,47,2,0,0,-1.76,0.0000,ball_fault
DROP,20,3,48,2,0,0,-1.76,0.0000,ball_fault
DROP,20,3,49,2,0,0,-3.18,0.0000,ball_fault
DROP,20,3,50,2,0,0,-1.80,0.0000,ball_fault
DROP,20,3,51,2,2,1,-0.10,0.0000,ball_fault
DROP,20,3,52,2,2,1,0.30,0.0000,ball_fault
DROP,20,3,53,2,2,1,-1.27,0.0000,ball_fault
DROP,20,3,54,2,2,1,0.37,0.0000,ball_fault
DROP,20,3,55,2,2,1,0.23,0.0000,ball_fault
DROP,20,3,56,2,2,1,-0.12,0.0000,ball_fault
DROP,20,4,0,0,0,1,-0.92,0.0000,normal
DROP,20,4,1,0,0,1,-2.99,0.0000,normal
DROP,20,4,2,0,0,1,0.16,0.0000,normal
DROP,20,4,3,0,0,1,-1.34,0.0000,normal
DROP,20,4,4,0,0,1,-6.05,0.0000,normal
DROP,20,4,5,0,0,1,-3.19,0.0000,normal
DROP,20,4,6,0,0,1,-1.07,0.0000,normal
DROP,20,4,7,0,0,1,-1.02,0.0000,normal
DROP,20,4,8,0,0,1,-3.70,0.0000,normal
DROP,20,4,9,0,0,1,0.01,0.0000,normal
DROP,20,4,10,0,0,1,0.09,0.0000,normal
DROP,20,4,11,0,0,1,-5.72,0.0000,normal
DROP,20,4,12,0,0,1,-0.88,0.0000,normal
DROP,20,4,13,0,0,1,0.05,0.0000,normal
DROP,20,4,14,0,0,1,-5.44,0.0000,normal
DROP,20,4,15,0,0,1,0.41,0.0000,normal
DROP,20,4,16,0,0,1,-4.24,0.0000,normal
DROP,20,4,17,0,0,1,0.12,0.0000,normal
DROP,20,4,18,0,0,1,-5.66,0.0000,normal
DROP,20,4,19,1,0,0,-2.65,0.0000,inner_race
DROP,20,4,20,1,0,0,-1.31,0.0000,inner_race
DROP,20,4,21,1,0,0,-11.56,0.0000,inner_race
DROP,20,4,22,1,0,0,-2.63,0.0000,inner_race
DROP,20,4,23,1,1,1,0.46,0.0000,inner_race
DROP,20,4,24,1,1,1,0.09,0.0000,inner_race
DROP,20,4,25,1,0,0,0.08,0.0000,inner_race
DROP,20,4,26,1,0,0,-1.02,0.0000,inner_race
DROP,20,4,27,1,0,0,-0.59,0.0000,inner_race
DROP,20,4,28,1,0,0,-0.49,0.0000,inner_race
DROP,20,4,29,1,0,0,-1.87,0.0000,inner_race
DROP,20,4,30,1,0,0,-5.69,0.0000,inner_race
DROP,20,4,31,1,0,0,-0.45,0.0000,inner_race
DROP,20,4,32,1,0,0,-3.07,0.0000,inner_race
DROP,20,4,33,1,0,0,-1.52,0.0000,inner_race
DROP,20,4,34,1,0,0,-2.27,0.0000,inner_race
DROP,20,4,35,1,0,0,-0.11,0.0000,inner_race
DROP,20,4,36,1,0,0,-1.23,0.0000,inner_race
DROP,20,4,37,1,0,0,-1.79,0.0000,inner_race
DROP,20,4,38,2,2,1,-0.82,0.0000,ball_fault
DROP,20,4,39,2,0,0,-0.18,0.0000,ball_fault
DROP,20,4,40,2,0,0,-0.55,0.0000,ball_fault
DROP,20,4,41,2,0,0,-0.95,0.0000,ball_fault
DROP,20,4,42,2,1,0,0.14,0.0000,ball_fault
DROP,20,4,43,2,2,1,-0.20,0.0000,ball_fault
DROP,20,4,44,2,0,0,-3.67,0.0000,ball_fault
DROP,20,4,45,2,0,0,-0.84,0.0000,ball_fault
DROP,20,4,46,2,1,0,-0.09,0.0000,ball_fault
DROP,20,4,47,2,0,0,-1.76,0.0000,ball_fault
DROP,20,4,48,2,0,0,-1.76,0.0000,ball_fault
DROP,20,4,49,2,0,0,-3.18,0.0000,ball_fault
DROP,20,4,50,2,0,0,-1.80,0.0000,ball_fault
DROP,20,4,51,2,2,1,-0.10,0.0000,ball_fault
DROP,20,4,52,2,2,1,0.30,0.0000,ball_fault
DROP,20,4,53,2,2,1,-1.27,0.0000,ball_fault
DROP,20,4,54,2,2,1,0.37,0.0000,ball_fault
DROP,20,4,55,2,2,1,0.23,0.0000,ball_fault
DROP,20,4,56,2,2,1,-0.12,0.0000,ball_fault
DROP,30,0,0,0,0,1,0.17,0.0000,normal
DROP,30,0,1,0,0,1,-1.37,0.0000,normal
DROP,30,0,2,0,0,1,-3.33,0.0000,normal
DROP,30,0,3,0,0,1,-0.25,0.0000,normal
DROP,30,0,4,0,0,1,0.19,0.0000,normal
DROP,30,0,5,0,0,1,-1.05,0.0000,normal
DROP,30,0,6,0,0,1,-2.30,0.0000,normal
DROP,30,0,7,0,0,1,0.05,0.0000,normal
DROP,30,0,8,0,0,1,-6.16,0.0000,normal
DROP,30,0,9,0,0,1,-0.69,0.0000,normal
DROP,30,0,10,0,0,1,-0.93,0.0000,normal
DROP,30,0,11,0,0,1,-5.16,0.0000,normal
DROP,30,0,12,0,0,1,0.24,0.0000,normal
DROP,30,0,13,0,0,1,-0.51,0.0000,normal
DROP,30,0,14,0,0,1,-1.45,0.0000,normal
DROP,30,0,15,0,0,1,-5.52,0.0000,normal
DROP,30,0,16,0,0,1,-2.39,0.0000,normal
DROP,30,0,17,0,0,1,-2.73,0.0000,normal
DROP,30,0,18,0,0,1,-4.66,0.0000,normal
DROP,30,0,19,1,0,0,-5.81,0.0000,inner_race
DROP,30,0,20,1,0,0,-7.51,0.0000,inner_race
DROP,30,0,21,1,2,0,0.08,0.0000,inner_race
DROP,30,0,22,1,0,0,-2.53,0.0000,inner_race
DROP,30,0,23,1,0,0,-1.75,0.0000,inner_race
DROP,30,0,24,1,1,1,0.01,0.0000,inner_race
DROP,30,0,25,1,0,0,-2.65,0.0000,inner_race
DROP,30,0,26,1,0,0,-0.61,0.0000,inner_race
DROP,30,0,27,1,0,0,-0.28,0.0000,inner_race
DROP,30,0,28,1,0,0,-0.71,0.0000,inner_race
DROP,30,0,29,1,0,0,-0.56,0.0000,inner_race
DROP,30,0,30,1,0,0,0.04,0.0000,inner_race
DROP,30,0,31,1,0,0,-1.55,0.0000,inner_race
DROP,30,0,32,1,0,0,-7.70,0.0000,inner_race
DROP,30,0,33,1,0,0,-0.60,0.0000,inner_race
DROP,30,0,34,1,0,0,-0.58,0.0000,inner_race
DROP,30,0,35,1,0,0,-1.28,0.0000,inner_race
DROP,30,0,36,1,0,0,-0.47,0.0000,inner_race
DROP,30,0,37,1,0,0,0.01,0.0000,inner_race
DROP,30,0,38,2,2,1,-0.22,0.0000,ball_fault
DROP,30,0,39,2,0,0,-0.68,0.0000,ball_fault
DROP,30,0,40,2,2,1,-0.03,0.0000,ball_fault
DROP,30,0,41,2,2,1,0.07,0.0000,ball_fault
DROP,30,0,42,2,0,0,-2.54,0.0000,ball_fault
DROP,30,0,43,2,0,0,-3.47,0.0000,ball_fault
DROP,30,0,44,2,0,0,-4.58,0.0000,ball_fault
DROP,30,0,45,2,2,1,0.14,0.0000,ball_fault
DROP,30,0,46,2,0,0,-5.61,0.0000,ball_fault
DROP,30,0,47,2,2,1,-0.56,0.0000,ball_fault
DROP,30,0,48,2,0,0,-3.08,0.0000,ball_fault
DROP,30,0,49,2,0,0,-2.26,0.0000,ball_fault
DROP,30,0,50,2,0,0,-0.36,0.0000,ball_fault
DROP,30,0,51,2,0,0,-3.49,0.0000,ball_fault
DROP,30,0,52,2,2,1,0.24,0.0000,ball_fault
DROP,30,0,53,2,0,0,-6.59,0.0000,ball_fault
DROP,30,0,54,2,0,0,-4.64,0.0000,ball_fault
DROP,30,0,55,2,0,0,-1.81,0.0000,ball_fault
DROP,30,0,56,2,0,0,-1.62,0.0000,ball_fault
DROP,30,1,0,0,0,1,0.17,0.0000,normal
DROP,30,1,1,0,0,1,-1.37,0.0000,normal
DROP,30,1,2,0,0,1,-3.33,0.0000,normal
DROP,30,1,3,0,0,1,-0.25,0.0000,normal
DROP,30,1,4,0,0,1,0.19,0.0000,normal
DROP,30,1,5,0,0,1,-1.05,0.0000,normal
DROP,30,1,6,0,0,1,-2.30,0.0000,normal
DROP,30,1,7,0,0,1,0.05,0.0000,normal
DROP,30,1,8,0,0,1,-6.16,0.0000,normal
DROP,30,1,9,0,0,1,-0.69,0.0000,normal
DROP,30,1,10,0,0,1,-0.93,0.0000,normal
DROP,30,1,11,0,0,1,-5.16,0.0000,normal
DROP,30,1,12,0,0,1,0.24,0.0000,normal
DROP,30,1,13,0,0,1,-0.51,0.0000,normal
DROP,30,1,14,0,0,1,-1.45,0.0000,normal
DROP,30,1,15,0,0,1,-5.52,0.0000,normal
DROP,30,1,16,0,0,1,-2.39,0.0000,normal
DROP,30,1,17,0,0,1,-2.73,0.0000,normal
DROP,30,1,18,0,0,1,-4.66,0.0000,normal
DROP,30,1,19,1,0,0,-5.81,0.0000,inner_race
DROP,30,1,20,1,0,0,-7.51,0.0000,inner_race
DROP,30,1,21,1,2,0,0.08,0.0000,inner_race
DROP,30,1,22,1,0,0,-2.53,0.0000,inner_race
DROP,30,1,23,1,0,0,-1.75,0.0000,inner_race
DROP,30,1,24,1,1,1,0.01,0.0000,inner_race
DROP,30,1,25,1,0,0,-2.65,0.0000,inner_race
DROP,30,1,26,1,0,0,-0.61,0.0000,inner_race
DROP,30,1,27,1,0,0,-0.28,0.0000,inner_race
DROP,30,1,28,1,0,0,-0.71,0.0000,inner_race
DROP,30,1,29,1,0,0,-0.56,0.0000,inner_race
DROP,30,1,30,1,0,0,0.04,0.0000,inner_race
DROP,30,1,31,1,0,0,-1.55,0.0000,inner_race
DROP,30,1,32,1,0,0,-7.70,0.0000,inner_race
DROP,30,1,33,1,0,0,-0.60,0.0000,inner_race
DROP,30,1,34,1,0,0,-0.58,0.0000,inner_race
DROP,30,1,35,1,0,0,-1.28,0.0000,inner_race
DROP,30,1,36,1,0,0,-0.47,0.0000,inner_race
DROP,30,1,37,1,0,0,0.01,0.0000,inner_race
DROP,30,1,38,2,2,1,-0.22,0.0000,ball_fault
DROP,30,1,39,2,0,0,-0.68,0.0000,ball_fault
DROP,30,1,40,2,2,1,-0.03,0.0000,ball_fault
DROP,30,1,41,2,2,1,0.07,0.0000,ball_fault
DROP,30,1,42,2,0,0,-2.54,0.0000,ball_fault
DROP,30,1,43,2,0,0,-3.47,0.0000,ball_fault
DROP,30,1,44,2,0,0,-4.58,0.0000,ball_fault
DROP,30,1,45,2,2,1,0.14,0.0000,ball_fault
DROP,30,1,46,2,0,0,-5.61,0.0000,ball_fault
DROP,30,1,47,2,2,1,-0.56,0.0000,ball_fault
DROP,30,1,48,2,0,0,-3.08,0.0000,ball_fault
DROP,30,1,49,2,0,0,-2.26,0.0000,ball_fault
DROP,30,1,50,2,0,0,-0.36,0.0000,ball_fault
DROP,30,1,51,2,0,0,-3.49,0.0000,ball_fault
DROP,30,1,52,2,2,1,0.24,0.0000,ball_fault
DROP,30,1,53,2,0,0,-6.59,0.0000,ball_fault
DROP,30,1,54,2,0,0,-4.64,0.0000,ball_fault
DROP,30,1,55,2,0,0,-1.81,0.0000,ball_fault
DROP,30,1,56,2,0,0,-1.62,0.0000,ball_fault
DROP,30,2,0,0,0,1,0.17,0.0000,normal
DROP,30,2,1,0,0,1,-1.37,0.0000,normal
DROP,30,2,2,0,0,1,-3.33,0.0000,normal
DROP,30,2,3,0,0,1,-0.25,0.0000,normal
DROP,30,2,4,0,0,1,0.19,0.0000,normal
DROP,30,2,5,0,0,1,-1.05,0.0000,normal
DROP,30,2,6,0,0,1,-2.30,0.0000,normal
DROP,30,2,7,0,0,1,0.05,0.0000,normal
DROP,30,2,8,0,0,1,-6.16,0.0000,normal
DROP,30,2,9,0,0,1,-0.69,0.0000,normal
DROP,30,2,10,0,0,1,-0.93,0.0000,normal
DROP,30,2,11,0,0,1,-5.16,0.0000,normal
DROP,30,2,12,0,0,1,0.24,0.0000,normal
DROP,30,2,13,0,0,1,-0.51,0.0000,normal
DROP,30,2,14,0,0,1,-1.45,0.0000,normal
DROP,30,2,15,0,0,1,-5.52,0.0000,normal
DROP,30,2,16,0,0,1,-2.39,0.0000,normal
DROP,30,2,17,0,0,1,-2.73,0.0000,normal
DROP,30,2,18,0,0,1,-4.66,0.0000,normal
DROP,30,2,19,1,0,0,-5.81,0.0000,inner_race
DROP,30,2,20,1,0,0,-7.51,0.0000,inner_race
DROP,30,2,21,1,2,0,0.08,0.0000,inner_race
DROP,30,2,22,1,0,0,-2.53,0.0000,inner_race
DROP,30,2,23,1,0,0,-1.75,0.0000,inner_race
DROP,30,2,24,1,1,1,0.01,0.0000,inner_race
DROP,30,2,25,1,0,0,-2.65,0.0000,inner_race
DROP,30,2,26,1,0,0,-0.61,0.0000,inner_race
DROP,30,2,27,1,0,0,-0.28,0.0000,inner_race
DROP,30,2,28,1,0,0,-0.71,0.0000,inner_race
DROP,30,2,29,1,0,0,-0.56,0.0000,inner_race
DROP,30,2,30,1,0,0,0.04,0.0000,inner_race
DROP,30,2,31,1,0,0,-1.55,0.0000,inner_race
DROP,30,2,32,1,0,0,-7.70,0.0000,inner_race
DROP,30,2,33,1,0,0,-0.60,0.0000,inner_race
DROP,30,2,34,1,0,0,-0.58,0.0000,inner_race
DROP,30,2,35,1,0,0,-1.28,0.0000,inner_race
DROP,30,2,36,1,0,0,-0.47,0.0000,inner_race
DROP,30,2,37,1,0,0,0.01,0.0000,inner_race
DROP,30,2,38,2,2,1,-0.22,0.0000,ball_fault
DROP,30,2,39,2,0,0,-0.68,0.0000,ball_fault
DROP,30,2,40,2,2,1,-0.03,0.0000,ball_fault
DROP,30,2,41,2,2,1,0.07,0.0000,ball_fault
DROP,30,2,42,2,0,0,-2.54,0.0000,ball_fault
DROP,30,2,43,2,0,0,-3.47,0.0000,ball_fault
DROP,30,2,44,2,0,0,-4.58,0.0000,ball_fault
DROP,30,2,45,2,2,1,0.14,0.0000,ball_fault
DROP,30,2,46,2,0,0,-5.61,0.0000,ball_fault
DROP,30,2,47,2,2,1,-0.56,0.0000,ball_fault
DROP,30,2,48,2,0,0,-3.08,0.0000,ball_fault
DROP,30,2,49,2,0,0,-2.26,0.0000,ball_fault
DROP,30,2,50,2,0,0,-0.36,0.0000,ball_fault
DROP,30,2,51,2,0,0,-3.49,0.0000,ball_fault
DROP,30,2,52,2,2,1,0.24,0.0000,ball_fault
DROP,30,2,53,2,0,0,-6.59,0.0000,ball_fault
DROP,30,2,54,2,0,0,-4.64,0.0000,ball_fault
DROP,30,2,55,2,0,0,-1.81,0.0000,ball_fault
DROP,30,2,56,2,0,0,-1.62,0.0000,ball_fault
DROP,30,3,0,0,0,1,0.17,0.0000,normal
DROP,30,3,1,0,0,1,-1.37,0.0000,normal
DROP,30,3,2,0,0,1,-3.33,0.0000,normal
DROP,30,3,3,0,0,1,-0.25,0.0000,normal
DROP,30,3,4,0,0,1,0.19,0.0000,normal
DROP,30,3,5,0,0,1,-1.05,0.0000,normal
DROP,30,3,6,0,0,1,-2.30,0.0000,normal
DROP,30,3,7,0,0,1,0.05,0.0000,normal
DROP,30,3,8,0,0,1,-6.16,0.0000,normal
DROP,30,3,9,0,0,1,-0.69,0.0000,normal
DROP,30,3,10,0,0,1,-0.93,0.0000,normal
DROP,30,3,11,0,0,1,-5.16,0.0000,normal
DROP,30,3,12,0,0,1,0.24,0.0000,normal
DROP,30,3,13,0,0,1,-0.51,0.0000,normal
DROP,30,3,14,0,0,1,-1.45,0.0000,normal
DROP,30,3,15,0,0,1,-5.52,0.0000,normal
DROP,30,3,16,0,0,1,-2.39,0.0000,normal
DROP,30,3,17,0,0,1,-2.73,0.0000,normal
DROP,30,3,18,0,0,1,-4.66,0.0000,normal
DROP,30,3,19,1,0,0,-5.81,0.0000,inner_race
DROP,30,3,20,1,0,0,-7.51,0.0000,inner_race
DROP,30,3,21,1,2,0,0.08,0.0000,inner_race
DROP,30,3,22,1,0,0,-2.53,0.0000,inner_race
DROP,30,3,23,1,0,0,-1.75,0.0000,inner_race
DROP,30,3,24,1,1,1,0.01,0.0000,inner_race
DROP,30,3,25,1,0,0,-2.65,0.0000,inner_race
DROP,30,3,26,1,0,0,-0.61,0.0000,inner_race
DROP,30,3,27,1,0,0,-0.28,0.0000,inner_race
DROP,30,3,28,1,0,0,-0.71,0.0000,inner_race
DROP,30,3,29,1,0,0,-0.56,0.0000,inner_race
DROP,30,3,30,1,0,0,0.04,0.0000,inner_race
DROP,30,3,31,1,0,0,-1.55,0.0000,inner_race
DROP,30,3,32,1,0,0,-7.70,0.0000,inner_race
DROP,30,3,33,1,0,0,-0.60,0.0000,inner_race
DROP,30,3,34,1,0,0,-0.58,0.0000,inner_race
DROP,30,3,35,1,0,0,-1.28,0.0000,inner_race
DROP,30,3,36,1,0,0,-0.47,0.0000,inner_race
DROP,30,3,37,1,0,0,0.01,0.0000,inner_race
DROP,30,3,38,2,2,1,-0.22,0.0000,ball_fault
DROP,30,3,39,2,0,0,-0.68,0.0000,ball_fault
DROP,30,3,40,2,2,1,-0.03,0.0000,ball_fault
DROP,30,3,41,2,2,1,0.07,0.0000,ball_fault
DROP,30,3,42,2,0,0,-2.54,0.0000,ball_fault
DROP,30,3,43,2,0,0,-3.47,0.0000,ball_fault
DROP,30,3,44,2,0,0,-4.58,0.0000,ball_fault
DROP,30,3,45,2,2,1,0.14,0.0000,ball_fault
DROP,30,3,46,2,0,0,-5.61,0.0000,ball_fault
DROP,30,3,47,2,2,1,-0.56,0.0000,ball_fault
DROP,30,3,48,2,0,0,-3.08,0.0000,ball_fault
DROP,30,3,49,2,0,0,-2.26,0.0000,ball_fault
DROP,30,3,50,2,0,0,-0.36,0.0000,ball_fault
DROP,30,3,51,2,0,0,-3.49,0.0000,ball_fault
DROP,30,3,52,2,2,1,0.24,0.0000,ball_fault
DROP,30,3,53,2,0,0,-6.59,0.0000,ball_fault
DROP,30,3,54,2,0,0,-4.64,0.0000,ball_fault
DROP,30,3,55,2,0,0,-1.81,0.0000,ball_fault
DROP,30,3,56,2,0,0,-1.62,0.0000,ball_fault
DROP,30,4,0,0,0,1,0.17,0.0000,normal
DROP,30,4,1,0,0,1,-1.37,0.0000,normal
DROP,30,4,2,0,0,1,-3.33,0.0000,normal
DROP,30,4,3,0,0,1,-0.25,0.0000,normal
DROP,30,4,4,0,0,1,0.19,0.0000,normal
DROP,30,4,5,0,0,1,-1.05,0.0000,normal
DROP,30,4,6,0,0,1,-2.30,0.0000,normal
DROP,30,4,7,0,0,1,0.05,0.0000,normal
DROP,30,4,8,0,0,1,-6.16,0.0000,normal
DROP,30,4,9,0,0,1,-0.69,0.0000,normal
DROP,30,4,10,0,0,1,-0.93,0.0000,normal
DROP,30,4,11,0,0,1,-5.16,0.0000,normal
DROP,30,4,12,0,0,1,0.24,0.0000,normal
DROP,30,4,13,0,0,1,-0.51,0.0000,normal
DROP,30,4,14,0,0,1,-1.45,0.0000,normal
DROP,30,4,15,0,0,1,-5.52,0.0000,normal
DROP,30,4,16,0,0,1,-2.39,0.0000,normal
DROP,30,4,17,0,0,1,-2.73,0.0000,normal
DROP,30,4,18,0,0,1,-4.66,0.0000,normal
DROP,30,4,19,1,0,0,-5.81,0.0000,inner_race
DROP,30,4,20,1,0,0,-7.51,0.0000,inner_race
DROP,30,4,21,1,2,0,0.08,0.0000,inner_race
DROP,30,4,22,1,0,0,-2.53,0.0000,inner_race
DROP,30,4,23,1,0,0,-1.75,0.0000,inner_race
DROP,30,4,24,1,1,1,0.01,0.0000,inner_race
DROP,30,4,25,1,0,0,-2.65,0.0000,inner_race
DROP,30,4,26,1,0,0,-0.61,0.0000,inner_race
DROP,30,4,27,1,0,0,-0.28,0.0000,inner_race
DROP,30,4,28,1,0,0,-0.71,0.0000,inner_race
DROP,30,4,29,1,0,0,-0.56,0.0000,inner_race
DROP,30,4,30,1,0,0,0.04,0.0000,inner_race
DROP,30,4,31,1,0,0,-1.55,0.0000,inner_race
DROP,30,4,32,1,0,0,-7.70,0.0000,inner_race
DROP,30,4,33,1,0,0,-0.60,0.0000,inner_race
DROP,30,4,34,1,0,0,-0.58,0.0000,inner_race
DROP,30,4,35,1,0,0,-1.28,0.0000,inner_race
DROP,30,4,36,1,0,0,-0.47,0.0000,inner_race
DROP,30,4,37,1,0,0,0.01,0.0000,inner_race
DROP,30,4,38,2,2,1,-0.22,0.0000,ball_fault
DROP,30,4,39,2,0,0,-0.68,0.0000,ball_fault
DROP,30,4,40,2,2,1,-0.03,0.0000,ball_fault
DROP,30,4,41,2,2,1,0.07,0.0000,ball_fault
DROP,30,4,42,2,0,0,-2.54,0.0000,ball_fault
DROP,30,4,43,2,0,0,-3.47,0.0000,ball_fault
DROP,30,4,44,2,0,0,-4.58,0.0000,ball_fault
DROP,30,4,45,2,2,1,0.14,0.0000,ball_fault
DROP,30,4,46,2,0,0,-5.61,0.0000,ball_fault
DROP,30,4,47,2,2,1,-0.56,0.0000,ball_fault
DROP,30,4,48,2,0,0,-3.08,0.0000,ball_fault
DROP,30,4,49,2,0,0,-2.26,0.0000,ball_fault
DROP,30,4,50,2,0,0,-0.36,0.0000,ball_fault
DROP,30,4,51,2,0,0,-3.49,0.0000,ball_fault
DROP,30,4,52,2,2,1,0.24,0.0000,ball_fault
DROP,30,4,53,2,0,0,-6.59,0.0000,ball_fault
DROP,30,4,54,2,0,0,-4.64,0.0000,ball_fault
DROP,30,4,55,2,0,0,-1.81,0.0000,ball_fault
DROP,30,4,56,2,0,0,-1.62,0.0000,ball_fault
DROP,50,0,0,0,0,1,-2.78,0.0000,normal
DROP,50,0,1,0,0,1,-0.22,0.0000,normal
DROP,50,0,2,0,0,1,0.27,0.0000,normal
DROP,50,0,3,0,0,1,-1.75,0.0000,normal
DROP,50,0,4,0,0,1,0.00,0.0000,normal
DROP,50,0,5,0,0,1,-3.97,0.0000,normal
DROP,50,0,6,0,0,1,-1.53,0.0000,normal
DROP,50,0,7,0,0,1,-6.07,0.0000,normal
DROP,50,0,8,0,0,1,-0.16,0.0000,normal
DROP,50,0,9,0,0,1,-5.39,0.0000,normal
DROP,50,0,10,0,0,1,-2.06,0.0000,normal
DROP,50,0,11,0,0,1,-0.76,0.0000,normal
DROP,50,0,12,0,0,1,-7.35,0.0000,normal
DROP,50,0,13,0,0,1,0.13,0.0000,normal
DROP,50,0,14,0,0,1,0.02,0.0000,normal
DROP,50,0,15,0,0,1,0.22,0.0000,normal
DROP,50,0,16,0,0,1,-2.64,0.0000,normal
DROP,50,0,17,0,0,1,-0.74,0.0000,normal
DROP,50,0,18,0,0,1,-1.46,0.0000,normal
DROP,50,0,19,1,0,0,-4.67,0.0000,inner_race
DROP,50,0,20,1,0,0,-1.06,0.0000,inner_race
DROP,50,0,21,1,0,0,-3.08,0.0000,inner_race
DROP,50,0,22,1,2,0,0.07,0.0000,inner_race
DROP,50,0,23,1,0,0,-11.56,0.0000,inner_race
DROP,50,0,24,1,0,0,-4.87,0.0000,inner_race
DROP,50,0,25,1,0,0,-0.04,0.0000,inner_race
DROP,50,0,26,1,2,0,0.01,0.0000,inner_race
DROP,50,0,27,1,1,1,0.04,0.0000,inner_race
DROP,50,0,28,1,0,0,-0.77,0.0000,inner_race
DROP,50,0,29,1,2,0,0.03,0.0000,inner_race
DROP,50,0,30,1,0,0,-0.08,0.0000,inner_race
DROP,50,0,31,1,0,0,-4.53,0.0000,inner_race
DROP,50,0,32,1,0,0,-0.23,0.0000,inner_race
DROP,50,0,33,1,0,0,-7.74,0.0000,inner_race
DROP,50,0,34,1,0,0,-10.39,0.0000,inner_race
DROP,50,0,35,1,0,0,-0.55,0.0000,inner_race
DROP,50,0,36,1,0,0,-1.60,0.0000,inner_race
DROP,50,0,37,1,0,0,0.02,0.0000,inner_race
DROP,50,0,38,2,0,0,-2.30,0.0000,ball_fault
DROP,50,0,39,2,0,0,-0.74,0.0000,ball_fault
DROP,50,0,40,2,2,1,-0.08,0.0000,ball_fault
DROP,50,0,41,2,2,1,-0.23,0.0000,ball_fault
DROP,50,0,42,2,0,0,0.03,0.0000,ball_fault
DROP,50,0,43,2,0,0,-0.19,0.0000,ball_fault
DROP,50,0,44,2,0,0,-2.59,0.0000,ball_fault
DROP,50,0,45,2,2,1,-0.24,0.0000,ball_fault
DROP,50,0,46,2,0,0,-2.60,0.0000,ball_fault
DROP,50,0,47,2,0,0,-3.33,0.0000,ball_fault
DROP,50,0,48,2,0,0,-3.93,0.0000,ball_fault
DROP,50,0,49,2,0,0,-3.36,0.0000,ball_fault
DROP,50,0,50,2,0,0,-1.71,0.0000,ball_fault
DROP,50,0,51,2,2,1,0.09,0.0000,ball_fault
DROP,50,0,52,2,2,1,-0.23,0.0000,ball_fault
DROP,50,0,53,2,0,0,-8.02,0.0000,ball_fault
DROP,50,0,54,2,0,0,-3.42,0.0000,ball_fault
DROP,50,0,55,2,0,0,-4.36,0.0000,ball_fault
DROP,50,0,56,2,0,0,-2.50,0.0000,ball_fault
DROP,50,1,0,0,0,1,-2.78,0.0000,normal
DROP,50,1,1,0,0,1,-0.22,0.0000,normal
DROP,50,1,2,0,0,1,0.27,0.0000,normal
DROP,50,1,3,0,0,1,-1.75,0.0000,normal
DROP,50,1,4,0,0,1,0.00,0.0000,normal
DROP,50,1,5,0,0,1,-3.97,0.0000,normal
DROP,50,1,6,0,0,1,-1.53,0.0000,normal
DROP,50,1,7,0,0,1,-6.07,0.0000,normal
DROP,50,1,8,0,0,1,-0.16,0.0000,normal
DROP,50,1,9,0,0,1,-5.39,0.0000,normal
DROP,50,1,10,0,0,1,-2.06,0.0000,normal
DROP,50,1,11,0,0,1,-0.76,0.0000,normal
DROP,50,1,12,0,0,1,-7.35,0.0000,normal
DROP,50,1,13,0,0,1,0.13,0.0000,normal
DROP,50,1,14,0,0,1,0.02,0.0000,normal
DROP,50,1,15,0,0,1,0.22,0.0000,normal
DROP,50,1,16,0,0,1,-2.64,0.0000,normal
DROP,50,1,17,0,0,1,-0.74,0.0000,normal
DROP,50,1,18,0,0,1,-1.46,0.0000,normal
DROP,50,1,19,1,0,0,-4.67,0.0000,inner_race
DROP,50,1,20,1,0,0,-1.06,0.0000,inner_race
DROP,50,1,21,1,0,0,-3.08,0.0000,inner_race
DROP,50,1,22,1,2,0,0.07,0.0000,inner_race
DROP,50,1,23,1,0,0,-11.56,0.0000,inner_race
DROP,50,1,24,1,0,0,-4.87,0.0000,inner_race
DROP,50,1,25,1,0,0,-0.04,0.0000,inner_race
DROP,50,1,26,1,2,0,0.01,0.0000,inner_race
DROP,50,1,27,1,1,1,0.04,0.0000,inner_race
DROP,50,1,28,1,0,0,-0.77,0.0000,inner_race
DROP,50,1,29,1,2,0,0.03,0.0000,inner_race
DROP,50,1,30,1,0,0,-0.08,0.0000,inner_race
DROP,50,1,31,1,0,0,-4.53,0.0000,inner_race
DROP,50,1,32,1,0,0,-0.23,0.0000,inner_race
DROP,50,1,33,1,0,0,-7.74,0.0000,inner_race
DROP,50,1,34,1,0,0,-10.39,0.0000,inner_race
DROP,50,1,35,1,0,0,-0.55,0.0000,inner_race
DROP,50,1,36,1,0,0,-1.60,0.0000,inner_race
DROP,50,1,37,1,0,0,0.02,0.0000,inner_race
DROP,50,1,38,2,0,0,-2.30,0.0000,ball_fault
DROP,50,1,39,2,0,0,-0.74,0.0000,ball_fault
DROP,50,1,40,2,2,1,-0.08,0.0000,ball_fault
DROP,50,1,41,2,2,1,-0.23,0.0000,ball_fault
DROP,50,1,42,2,0,0,0.03,0.0000,ball_fault
DROP,50,1,43,2,0,0,-0.19,0.0000,ball_fault
DROP,50,1,44,2,0,0,-2.59,0.0000,ball_fault
DROP,50,1,45,2,2,1,-0.24,0.0000,ball_fault
DROP,50,1,46,2,0,0,-2.60,0.0000,ball_fault
DROP,50,1,47,2,0,0,-3.33,0.0000,ball_fault
DROP,50,1,48,2,0,0,-3.93,0.0000,ball_fault
DROP,50,1,49,2,0,0,-3.36,0.0000,ball_fault
DROP,50,1,50,2,0,0,-1.71,0.0000,ball_fault
DROP,50,1,51,2,2,1,0.09,0.0000,ball_fault
DROP,50,1,52,2,2,1,-0.23,0.0000,ball_fault
DROP,50,1,53,2,0,0,-8.02,0.0000,ball_fault
DROP,50,1,54,2,0,0,-3.42,0.0000,ball_fault
DROP,50,1,55,2,0,0,-4.36,0.0000,ball_fault
DROP,50,1,56,2,0,0,-2.50,0.0000,ball_fault
DROP,50,2,0,0,0,1,-2.78,0.0000,normal
DROP,50,2,1,0,0,1,-0.22,0.0000,normal
DROP,50,2,2,0,0,1,0.27,0.0000,normal
DROP,50,2,3,0,0,1,-1.75,0.0000,normal
DROP,50,2,4,0,0,1,0.00,0.0000,normal
DROP,50,2,5,0,0,1,-3.97,0.0000,normal
DROP,50,2,6,0,0,1,-1.53,0.0000,normal
DROP,50,2,7,0,0,1,-6.07,0.0000,normal
DROP,50,2,8,0,0,1,-0.16,0.0000,normal
DROP,50,2,9,0,0,1,-5.39,0.0000,normal
DROP,50,2,10,0,0,1,-2.06,0.0000,normal
DROP,50,2,11,0,0,1,-0.76,0.0000,normal
DROP,50,2,12,0,0,1,-7.35,0.0000,normal
DROP,50,2,13,0,0,1,0.13,0.0000,normal
DROP,50,2,14,0,0,1,0.02,0.0000,normal
DROP,50,2,15,0,0,1,0.22,0.0000,normal
DROP,50,2,16,0,0,1,-2.64,0.0000,normal
DROP,50,2,17,0,0,1,-0.74,0.0000,normal
DROP,50,2,18,0,0,1,-1.46,0.0000,normal
DROP,50,2,19,1,0,0,-4.67,0.0000,inner_race
DROP,50,2,20,1,0,0,-1.06,0.0000,inner_race
DROP,50,2,21,1,0,0,-3.08,0.0000,inner_race
DROP,50,2,22,1,2,0,0.07,0.0000,inner_race
DROP,50,2,23,1,0,0,-11.56,0.0000,inner_race
DROP,50,2,24,1,0,0,-4.87,0.0000,inner_race
DROP,50,2,25,1,0,0,-0.04,0.0000,inner_race
DROP,50,2,26,1,2,0,0.01,0.0000,inner_race
DROP,50,2,27,1,1,1,0.04,0.0000,inner_race
DROP,50,2,28,1,0,0,-0.77,0.0000,inner_race
DROP,50,2,29,1,2,0,0.03,0.0000,inner_race
DROP,50,2,30,1,0,0,-0.08,0.0000,inner_race
DROP,50,2,31,1,0,0,-4.53,0.0000,inner_race
DROP,50,2,32,1,0,0,-0.23,0.0000,inner_race
DROP,50,2,33,1,0,0,-7.74,0.0000,inner_race
DROP,50,2,34,1,0,0,-10.39,0.0000,inner_race
DROP,50,2,35,1,0,0,-0.55,0.0000,inner_race
DROP,50,2,36,1,0,0,-1.60,0.0000,inner_race
DROP,50,2,37,1,0,0,0.02,0.0000,inner_race
DROP,50,2,38,2,0,0,-2.30,0.0000,ball_fault
DROP,50,2,39,2,0,0,-0.74,0.0000,ball_fault
DROP,50,2,40,2,2,1,-0.08,0.0000,ball_fault
DROP,50,2,41,2,2,1,-0.23,0.0000,ball_fault
DROP,50,2,42,2,0,0,0.03,0.0000,ball_fault
DROP,50,2,43,2,0,0,-0.19,0.0000,ball_fault
DROP,50,2,44,2,0,0,-2.59,0.0000,ball_fault
DROP,50,2,45,2,2,1,-0.24,0.0000,ball_fault
DROP,50,2,46,2,0,0,-2.60,0.0000,ball_fault
DROP,50,2,47,2,0,0,-3.33,0.0000,ball_fault
DROP,50,2,48,2,0,0,-3.93,0.0000,ball_fault
DROP,50,2,49,2,0,0,-3.36,0.0000,ball_fault
DROP,50,2,50,2,0,0,-1.71,0.0000,ball_fault
DROP,50,2,51,2,2,1,0.09,0.0000,ball_fault
DROP,50,2,52,2,2,1,-0.23,0.0000,ball_fault
DROP,50,2,53,2,0,0,-8.02,0.0000,ball_fault
DROP,50,2,54,2,0,0,-3.42,0.0000,ball_fault
DROP,50,2,55,2,0,0,-4.36,0.0000,ball_fault
DROP,50,2,56,2,0,0,-2.50,0.0000,ball_fault
DROP,50,3,0,0,0,1,-2.78,0.0000,normal
DROP,50,3,1,0,0,1,-0.22,0.0000,normal
DROP,50,3,2,0,0,1,0.27,0.0000,normal
DROP,50,3,3,0,0,1,-1.75,0.0000,normal
DROP,50,3,4,0,0,1,0.00,0.0000,normal
DROP,50,3,5,0,0,1,-3.97,0.0000,normal
DROP,50,3,6,0,0,1,-1.53,0.0000,normal
DROP,50,3,7,0,0,1,-6.07,0.0000,normal
DROP,50,3,8,0,0,1,-0.16,0.0000,normal
DROP,50,3,9,0,0,1,-5.39,0.0000,normal
DROP,50,3,10,0,0,1,-2.06,0.0000,normal
DROP,50,3,11,0,0,1,-0.76,0.0000,normal
DROP,50,3,12,0,0,1,-7.35,0.0000,normal
DROP,50,3,13,0,0,1,0.13,0.0000,normal
DROP,50,3,14,0,0,1,0.02,0.0000,normal
DROP,50,3,15,0,0,1,0.22,0.0000,normal
DROP,50,3,16,0,0,1,-2.64,0.0000,normal
DROP,50,3,17,0,0,1,-0.74,0.0000,normal
DROP,50,3,18,0,0,1,-1.46,0.0000,normal
DROP,50,3,19,1,0,0,-4.67,0.0000,inner_race
DROP,50,3,20,1,0,0,-1.06,0.0000,inner_race
DROP,50,3,21,1,0,0,-3.08,0.0000,inner_race
DROP,50,3,22,1,2,0,0.07,0.0000,inner_race
DROP,50,3,23,1,0,0,-11.56,0.0000,inner_race
DROP,50,3,24,1,0,0,-4.87,0.0000,inner_race
DROP,50,3,25,1,0,0,-0.04,0.0000,inner_race
DROP,50,3,26,1,2,0,0.01,0.0000,inner_race
DROP,50,3,27,1,1,1,0.04,0.0000,inner_race
DROP,50,3,28,1,0,0,-0.77,0.0000,inner_race
DROP,50,3,29,1,2,0,0.03,0.0000,inner_race
DROP,50,3,30,1,0,0,-0.08,0.0000,inner_race
DROP,50,3,31,1,0,0,-4.53,0.0000,inner_race
DROP,50,3,32,1,0,0,-0.23,0.0000,inner_race
DROP,50,3,33,1,0,0,-7.74,0.0000,inner_race
DROP,50,3,34,1,0,0,-10.39,0.0000,inner_race
DROP,50,3,35,1,0,0,-0.55,0.0000,inner_race
DROP,50,3,36,1,0,0,-1.60,0.0000,inner_race
DROP,50,3,37,1,0,0,0.02,0.0000,inner_race
DROP,50,3,38,2,0,0,-2.30,0.0000,ball_fault
DROP,50,3,39,2,0,0,-0.74,0.0000,ball_fault
DROP,50,3,40,2,2,1,-0.08,0.0000,ball_fault
DROP,50,3,41,2,2,1,-0.23,0.0000,ball_fault
DROP,50,3,42,2,0,0,0.03,0.0000,ball_fault
DROP,50,3,43,2,0,0,-0.19,0.0000,ball_fault
DROP,50,3,44,2,0,0,-2.59,0.0000,ball_fault
DROP,50,3,45,2,2,1,-0.24,0.0000,ball_fault
DROP,50,3,46,2,0,0,-2.60,0.0000,ball_fault
DROP,50,3,47,2,0,0,-3.33,0.0000,ball_fault
DROP,50,3,48,2,0,0,-3.93,0.0000,ball_fault
DROP,50,3,49,2,0,0,-3.36,0.0000,ball_fault
DROP,50,3,50,2,0,0,-1.71,0.0000,ball_fault
DROP,50,3,51,2,2,1,0.09,0.0000,ball_fault
DROP,50,3,52,2,2,1,-0.23,0.0000,ball_fault
DROP,50,3,53,2,0,0,-8.02,0.0000,ball_fault
DROP,50,3,54,2,0,0,-3.42,0.0000,ball_fault
DROP,50,3,55,2,0,0,-4.36,0.0000,ball_fault
DROP,50,3,56,2,0,0,-2.50,0.0000,ball_fault
DROP,50,4,0,0,0,1,-2.78,0.0000,normal
DROP,50,4,1,0,0,1,-0.22,0.0000,normal
DROP,50,4,2,0,0,1,0.27,0.0000,normal
DROP,50,4,3,0,0,1,-1.75,0.0000,normal
DROP,50,4,4,0,0,1,0.00,0.0000,normal
DROP,50,4,5,0,0,1,-3.97,0.0000,normal
DROP,50,4,6,0,0,1,-1.53,0.0000,normal
DROP,50,4,7,0,0,1,-6.07,0.0000,normal
DROP,50,4,8,0,0,1,-0.16,0.0000,normal
DROP,50,4,9,0,0,1,-5.39,0.0000,normal
DROP,50,4,10,0,0,1,-2.06,0.0000,normal
DROP,50,4,11,0,0,1,-0.76,0.0000,normal
DROP,50,4,12,0,0,1,-7.35,0.0000,normal
DROP,50,4,13,0,0,1,0.13,0.0000,normal
DROP,50,4,14,0,0,1,0.02,0.0000,normal
DROP,50,4,15,0,0,1,0.22,0.0000,normal
DROP,50,4,16,0,0,1,-2.64,0.0000,normal
DROP,50,4,17,0,0,1,-0.74,0.0000,normal
DROP,50,4,18,0,0,1,-1.46,0.0000,normal
DROP,50,4,19,1,0,0,-4.67,0.0000,inner_race
DROP,50,4,20,1,0,0,-1.06,0.0000,inner_race
DROP,50,4,21,1,0,0,-3.08,0.0000,inner_race
DROP,50,4,22,1,2,0,0.07,0.0000,inner_race
DROP,50,4,23,1,0,0,-11.56,0.0000,inner_race
DROP,50,4,24,1,0,0,-4.87,0.0000,inner_race
DROP,50,4,25,1,0,0,-0.04,0.0000,inner_race
DROP,50,4,26,1,2,0,0.01,0.0000,inner_race
DROP,50,4,27,1,1,1,0.04,0.0000,inner_race
DROP,50,4,28,1,0,0,-0.77,0.0000,inner_race
DROP,50,4,29,1,2,0,0.03,0.0000,inner_race
DROP,50,4,30,1,0,0,-0.08,0.0000,inner_race
DROP,50,4,31,1,0,0,-4.53,0.0000,inner_race
DROP,50,4,32,1,0,0,-0.23,0.0000,inner_race
DROP,50,4,33,1,0,0,-7.74,0.0000,inner_race
DROP,50,4,34,1,0,0,-10.39,0.0000,inner_race
DROP,50,4,35,1,0,0,-0.55,0.0000,inner_race
DROP,50,4,36,1,0,0,-1.60,0.0000,inner_race
DROP,50,4,37,1,0,0,0.02,0.0000,inner_race
DROP,50,4,38,2,0,0,-2.30,0.0000,ball_fault
DROP,50,4,39,2,0,0,-0.74,0.0000,ball_fault
DROP,50,4,40,2,2,1,-0.08,0.0000,ball_fault
DROP,50,4,41,2,2,1,-0.23,0.0000,ball_fault
DROP,50,4,42,2,0,0,0.03,0.0000,ball_fault
DROP,50,4,43,2,0,0,-0.19,0.0000,ball_fault
DROP,50,4,44,2,0,0,-2.59,0.0000,ball_fault
DROP,50,4,45,2,2,1,-0.24,0.0000,ball_fault
DROP,50,4,46,2,0,0,-2.60,0.0000,ball_fault
DROP,50,4,47,2,0,0,-3.33,0.0000,ball_fault
DROP,50,4,48,2,0,0,-3.93,0.0000,ball_fault
DROP,50,4,49,2,0,0,-3.36,0.0000,ball_fault
DROP,50,4,50,2,0,0,-1.71,0.0000,ball_fault
DROP,50,4,51,2,2,1,0.09,0.0000,ball_fault
DROP,50,4,52,2,2,1,-0.23,0.0000,ball_fault
DROP,50,4,53,2,0,0,-8.02,0.0000,ball_fault
DROP,50,4,54,2,0,0,-3.42,0.0000,ball_fault
DROP,50,4,55,2,0,0,-4.36,0.0000,ball_fault
DROP,50,4,56,2,0,0,-2.50,0.0000,ball_fault
DROP,80,0,0,0,0,1,0.09,0.0000,normal
DROP,80,0,1,0,0,1,0.19,0.0000,normal
DROP,80,0,2,0,0,1,-5.97,0.0000,normal
DROP,80,0,3,0,0,1,-2.08,0.0000,normal
DROP,80,0,4,0,0,1,0.18,0.0000,normal
DROP,80,0,5,0,0,1,0.12,0.0000,normal
DROP,80,0,6,0,0,1,-0.02,0.0000,normal
DROP,80,0,7,0,0,1,0.12,0.0000,normal
DROP,80,0,8,0,0,1,-2.39,0.0000,normal
DROP,80,0,9,0,0,1,-3.86,0.0000,normal
DROP,80,0,10,0,0,1,-0.57,0.0000,normal
DROP,80,0,11,0,0,1,-4.86,0.0000,normal
DROP,80,0,12,0,0,1,-0.73,0.0000,normal
DROP,80,0,13,0,0,1,-0.16,0.0000,normal
DROP,80,0,14,0,0,1,-3.81,0.0000,normal
DROP,80,0,15,0,0,1,-9.15,0.0000,normal
DROP,80,0,16,0,0,1,-0.90,0.0000,normal
DROP,80,0,17,0,0,1,-6.02,0.0000,normal
DROP,80,0,18,0,0,1,-0.96,0.0000,normal
DROP,80,0,19,1,0,0,-0.06,0.0000,inner_race
DROP,80,0,20,1,0,0,-2.65,0.0000,inner_race
DROP,80,0,21,1,0,0,-2.09,0.0000,inner_race
DROP,80,0,22,1,0,0,-6.26,0.0000,inner_race
DROP,80,0,23,1,0,0,-6.90,0.0000,inner_race
DROP,80,0,24,1,1,1,0.06,0.0000,inner_race
DROP,80,0,25,1,0,0,-4.28,0.0000,inner_race
DROP,80,0,26,1,0,0,-2.62,0.0000,inner_race
DROP,80,0,27,1,0,0,-1.88,0.0000,inner_race
DROP,80,0,28,1,0,0,-1.09,0.0000,inner_race
DROP,80,0,29,1,1,1,0.04,0.0000,inner_race
DROP,80,0,30,1,0,0,-2.12,0.0000,inner_race
DROP,80,0,31,1,0,0,-6.15,0.0000,inner_race
DROP,80,0,32,1,0,0,-2.59,0.0000,inner_race
DROP,80,0,33,1,0,0,-5.24,0.0000,inner_race
DROP,80,0,34,1,0,0,-1.73,0.0000,inner_race
DROP,80,0,35,1,0,0,-0.74,0.0000,inner_race
DROP,80,0,36,1,0,0,-0.09,0.0000,inner_race
DROP,80,0,37,1,0,0,-0.85,0.0000,inner_race
DROP,80,0,38,2,0,0,-0.49,0.0000,ball_fault
DROP,80,0,39,2,0,0,-0.23,0.0000,ball_fault
DROP,80,0,40,2,0,0,-0.23,0.0000,ball_fault
DROP,80,0,41,2,0,0,-3.57,0.0000,ball_fault
DROP,80,0,42,2,0,0,-0.30,0.0000,ball_fault
DROP,80,0,43,2,0,0,-0.83,0.0000,ball_fault
DROP,80,0,44,2,0,0,-2.99,0.0000,ball_fault
DROP,80,0,45,2,0,0,-2.58,0.0000,ball_fault
DROP,80,0,46,2,0,0,-5.37,0.0000,ball_fault
DROP,80,0,47,2,0,0,-0.39,0.0000,ball_fault
DROP,80,0,48,2,0,0,-3.02,0.0000,ball_fault
DROP,80,0,49,2,0,0,-6.02,0.0000,ball_fault
DROP,80,0,50,2,0,0,-1.14,0.0000,ball_fault
DROP,80,0,51,2,2,1,0.13,0.0000,ball_fault
DROP,80,0,52,2,0,0,-1.35,0.0000,ball_fault
DROP,80,0,53,2,1,0,0.10,0.0000,ball_fault
DROP,80,0,54,2,0,0,-5.10,0.0000,ball_fault
DROP,80,0,55,2,0,0,-4.97,0.0000,ball_fault
DROP,80,0,56,2,0,0,-1.17,0.0000,ball_fault
DROP,80,1,0,0,0,1,0.09,0.0000,normal
DROP,80,1,1,0,0,1,0.19,0.0000,normal
DROP,80,1,2,0,0,1,-5.97,0.0000,normal
DROP,80,1,3,0,0,1,-2.08,0.0000,normal
DROP,80,1,4,0,0,1,0.18,0.0000,normal
DROP,80,1,5,0,0,1,0.12,0.0000,normal
DROP,80,1,6,0,0,1,-0.02,0.0000,normal
DROP,80,1,7,0,0,1,0.12,0.0000,normal
DROP,80,1,8,0,0,1,-2.39,0.0000,normal
DROP,80,1,9,0,0,1,-3.86,0.0000,normal
DROP,80,1,10,0,0,1,-0.57,0.0000,normal
DROP,80,1,11,0,0,1,-4.86,0.0000,normal
DROP,80,1,12,0,0,1,-0.73,0.0000,normal
DROP,80,1,13,0,0,1,-0.16,0.0000,normal
DROP,80,1,14,0,0,1,-3.81,0.0000,normal
DROP,80,1,15,0,0,1,-9.15,0.0000,normal
DROP,80,1,16,0,0,1,-0.90,0.0000,normal
DROP,80,1,17,0,0,1,-6.02,0.0000,normal
DROP,80,1,18,0,0,1,-0.96,0.0000,normal
DROP,80,1,19,1,0,0,-0.06,0.0000,inner_race
DROP,80,1,20,1,0,0,-2.65,0.0000,inner_race
DROP,80,1,21,1,0,0,-2.09,0.0000,inner_race
DROP,80,1,22,1,0,0,-6.26,0.0000,inner_race
DROP,80,1,23,1,0,0,-6.90,0.0000,inner_race
DROP,80,1,24,1,1,1,0.06,0.0000,inner_race
DROP,80,1,25,1,0,0,-4.28,0.0000,inner_race
DROP,80,1,26,1,0,0,-2.62,0.0000,inner_race
DROP,80,1,27,1,0,0,-1.88,0.0000,inner_race
DROP,80,1,28,1,0,0,-1.09,0.0000,inner_race
DROP,80,1,29,1,1,1,0.04,0.0000,inner_race
DROP,80,1,30,1,0,0,-2.12,0.0000,inner_race
DROP,80,1,31,1,0,0,-6.15,0.0000,inner_race
DROP,80,1,32,1,0,0,-2.59,0.0000,inner_race
DROP,80,1,33,1,0,0,-5.24,0.0000,inner_race
DROP,80,1,34,1,0,0,-1.73,0.0000,inner_race
DROP,80,1,35,1,0,0,-0.74,0.0000,inner_race
DROP,80,1,36,1,0,0,-0.09,0.0000,inner_race
DROP,80,1,37,1,0,0,-0.85,0.0000,inner_race
DROP,80,1,38,2,0,0,-0.49,0.0000,ball_fault
DROP,80,1,39,2,0,0,-0.23,0.0000,ball_fault
DROP,80,1,40,2,0,0,-0.23,0.0000,ball_fault
DROP,80,1,41,2,0,0,-3.57,0.0000,ball_fault
DROP,80,1,42,2,0,0,-0.30,0.0000,ball_fault
DROP,80,1,43,2,0,0,-0.83,0.0000,ball_fault
DROP,80,1,44,2,0,0,-2.99,0.0000,ball_fault
DROP,80,1,45,2,0,0,-2.58,0.0000,ball_fault
DROP,80,1,46,2,0,0,-5.37,0.0000,ball_fault
DROP,80,1,47,2,0,0,-0.39,0.0000,ball_fault
DROP,80,1,48,2,0,0,-3.02,0.0000,ball_fault
DROP,80,1,49,2,0,0,-6.02,0.0000,ball_fault
DROP,80,1,50,2,0,0,-1.14,0.0000,ball_fault
DROP,80,1,51,2,2,1,0.13,0.0000,ball_fault
DROP,80,1,52,2,0,0,-1.35,0.0000,ball_fault
DROP,80,1,53,2,1,0,0.10,0.0000,ball_fault
DROP,80,1,54,2,0,0,-5.10,0.0000,ball_fault
DROP,80,1,55,2,0,0,-4.97,0.0000,ball_fault
DROP,80,1,56,2,0,0,-1.17,0.0000,ball_fault
DROP,80,2,0,0,0,1,0.09,0.0000,normal
DROP,80,2,1,0,0,1,0.19,0.0000,normal
DROP,80,2,2,0,0,1,-5.97,0.0000,normal
DROP,80,2,3,0,0,1,-2.08,0.0000,normal
DROP,80,2,4,0,0,1,0.18,0.0000,normal
DROP,80,2,5,0,0,1,0.12,0.0000,normal
DROP,80,2,6,0,0,1,-0.02,0.0000,normal
DROP,80,2,7,0,0,1,0.12,0.0000,normal
DROP,80,2,8,0,0,1,-2.39,0.0000,normal
DROP,80,2,9,0,0,1,-3.86,0.0000,normal
DROP,80,2,10,0,0,1,-0.57,0.0000,normal
DROP,80,2,11,0,0,1,-4.86,0.0000,normal
DROP,80,2,12,0,0,1,-0.73,0.0000,normal
DROP,80,2,13,0,0,1,-0.16,0.0000,normal
DROP,80,2,14,0,0,1,-3.81,0.0000,normal
DROP,80,2,15,0,0,1,-9.15,0.0000,normal
DROP,80,2,16,0,0,1,-0.90,0.0000,normal
DROP,80,2,17,0,0,1,-6.02,0.0000,normal
DROP,80,2,18,0,0,1,-0.96,0.0000,normal
DROP,80,2,19,1,0,0,-0.06,0.0000,inner_race
DROP,80,2,20,1,0,0,-2.65,0.0000,inner_race
DROP,80,2,21,1,0,0,-2.09,0.0000,inner_race
DROP,80,2,22,1,0,0,-6.26,0.0000,inner_race
DROP,80,2,23,1,0,0,-6.90,0.0000,inner_race
DROP,80,2,24,1,1,1,0.06,0.0000,inner_race
DROP,80,2,25,1,0,0,-4.28,0.0000,inner_race
DROP,80,2,26,1,0,0,-2.62,0.0000,inner_race
DROP,80,2,27,1,0,0,-1.88,0.0000,inner_race
DROP,80,2,28,1,0,0,-1.09,0.0000,inner_race
DROP,80,2,29,1,1,1,0.04,0.0000,inner_race
DROP,80,2,30,1,0,0,-2.12,0.0000,inner_race
DROP,80,2,31,1,0,0,-6.15,0.0000,inner_race
DROP,80,2,32,1,0,0,-2.59,0.0000,inner_race
DROP,80,2,33,1,0,0,-5.24,0.0000,inner_race
DROP,80,2,34,1,0,0,-1.73,0.0000,inner_race
DROP,80,2,35,1,0,0,-0.74,0.0000,inner_race
DROP,80,2,36,1,0,0,-0.09,0.0000,inner_race
DROP,80,2,37,1,0,0,-0.85,0.0000,inner_race
DROP,80,2,38,2,0,0,-0.49,0.0000,ball_fault
DROP,80,2,39,2,0,0,-0.23,0.0000,ball_fault
DROP,80,2,40,2,0,0,-0.23,0.0000,ball_fault
DROP,80,2,41,2,0,0,-3.57,0.0000,ball_fault
DROP,80,2,42,2,0,0,-0.30,0.0000,ball_fault
DROP,80,2,43,2,0,0,-0.83,0.0000,ball_fault
DROP,80,2,44,2,0,0,-2.99,0.0000,ball_fault
DROP,80,2,45,2,0,0,-2.58,0.0000,ball_fault
DROP,80,2,46,2,0,0,-5.37,0.0000,ball_fault
DROP,80,2,47,2,0,0,-0.39,0.0000,ball_fault
DROP,80,2,48,2,0,0,-3.02,0.0000,ball_fault
DROP,80,2,49,2,0,0,-6.02,0.0000,ball_fault
DROP,80,2,50,2,0,0,-1.14,0.0000,ball_fault
DROP,80,2,51,2,2,1,0.13,0.0000,ball_fault
DROP,80,2,52,2,0,0,-1.35,0.0000,ball_fault
DROP,80,2,53,2,1,0,0.10,0.0000,ball_fault
DROP,80,2,54,2,0,0,-5.10,0.0000,ball_fault
DROP,80,2,55,2,0,0,-4.97,0.0000,ball_fault
DROP,80,2,56,2,0,0,-1.17,0.0000,ball_fault
DROP,80,3,0,0,0,1,0.09,0.0000,normal
DROP,80,3,1,0,0,1,0.19,0.0000,normal
DROP,80,3,2,0,0,1,-5.97,0.0000,normal
DROP,80,3,3,0,0,1,-2.08,0.0000,normal
DROP,80,3,4,0,0,1,0.18,0.0000,normal
DROP,80,3,5,0,0,1,0.12,0.0000,normal
DROP,80,3,6,0,0,1,-0.02,0.0000,normal
DROP,80,3,7,0,0,1,0.12,0.0000,normal
DROP,80,3,8,0,0,1,-2.39,0.0000,normal
DROP,80,3,9,0,0,1,-3.86,0.0000,normal
DROP,80,3,10,0,0,1,-0.57,0.0000,normal
DROP,80,3,11,0,0,1,-4.86,0.0000,normal
DROP,80,3,12,0,0,1,-0.73,0.0000,normal
DROP,80,3,13,0,0,1,-0.16,0.0000,normal
DROP,80,3,14,0,0,1,-3.81,0.0000,normal
DROP,80,3,15,0,0,1,-9.15,0.0000,normal
DROP,80,3,16,0,0,1,-0.90,0.0000,normal
DROP,80,3,17,0,0,1,-6.02,0.0000,normal
DROP,80,3,18,0,0,1,-0.96,0.0000,normal
DROP,80,3,19,1,0,0,-0.06,0.0000,inner_race
DROP,80,3,20,1,0,0,-2.65,0.0000,inner_race
DROP,80,3,21,1,0,0,-2.09,0.0000,inner_race
DROP,80,3,22,1,0,0,-6.26,0.0000,inner_race
DROP,80,3,23,1,0,0,-6.90,0.0000,inner_race
DROP,80,3,24,1,1,1,0.06,0.0000,inner_race
DROP,80,3,25,1,0,0,-4.28,0.0000,inner_race
DROP,80,3,26,1,0,0,-2.62,0.0000,inner_race
DROP,80,3,27,1,0,0,-1.88,0.0000,inner_race
DROP,80,3,28,1,0,0,-1.09,0.0000,inner_race
DROP,80,3,29,1,1,1,0.04,0.0000,inner_race
DROP,80,3,30,1,0,0,-2.12,0.0000,inner_race
DROP,80,3,31,1,0,0,-6.15,0.0000,inner_race
DROP,80,3,32,1,0,0,-2.59,0.0000,inner_race
DROP,80,3,33,1,0,0,-5.24,0.0000,inner_race
DROP,80,3,34,1,0,0,-1.73,0.0000,inner_race
DROP,80,3,35,1,0,0,-0.74,0.0000,inner_race
DROP,80,3,36,1,0,0,-0.09,0.0000,inner_race
DROP,80,3,37,1,0,0,-0.85,0.0000,inner_race
DROP,80,3,38,2,0,0,-0.49,0.0000,ball_fault
DROP,80,3,39,2,0,0,-0.23,0.0000,ball_fault
DROP,80,3,40,2,0,0,-0.23,0.0000,ball_fault
DROP,80,3,41,2,0,0,-3.57,0.0000,ball_fault
DROP,80,3,42,2,0,0,-0.30,0.0000,ball_fault
DROP,80,3,43,2,0,0,-0.83,0.0000,ball_fault
DROP,80,3,44,2,0,0,-2.99,0.0000,ball_fault
DROP,80,3,45,2,0,0,-2.58,0.0000,ball_fault
DROP,80,3,46,2,0,0,-5.37,0.0000,ball_fault
DROP,80,3,47,2,0,0,-0.39,0.0000,ball_fault
DROP,80,3,48,2,0,0,-3.02,0.0000,ball_fault
DROP,80,3,49,2,0,0,-6.02,0.0000,ball_fault
DROP,80,3,50,2,0,0,-1.14,0.0000,ball_fault
DROP,80,3,51,2,2,1,0.13,0.0000,ball_fault
DROP,80,3,52,2,0,0,-1.35,0.0000,ball_fault
DROP,80,3,53,2,1,0,0.10,0.0000,ball_fault
DROP,80,3,54,2,0,0,-5.10,0.0000,ball_fault
DROP,80,3,55,2,0,0,-4.97,0.0000,ball_fault
DROP,80,3,56,2,0,0,-1.17,0.0000,ball_fault
DROP,80,4,0,0,0,1,0.09,0.0000,normal
DROP,80,4,1,0,0,1,0.19,0.0000,normal
DROP,80,4,2,0,0,1,-5.97,0.0000,normal
DROP,80,4,3,0,0,1,-2.08,0.0000,normal
DROP,80,4,4,0,0,1,0.18,0.0000,normal
DROP,80,4,5,0,0,1,0.12,0.0000,normal
DROP,80,4,6,0,0,1,-0.02,0.0000,normal
DROP,80,4,7,0,0,1,0.12,0.0000,normal
DROP,80,4,8,0,0,1,-2.39,0.0000,normal
DROP,80,4,9,0,0,1,-3.86,0.0000,normal
DROP,80,4,10,0,0,1,-0.57,0.0000,normal
DROP,80,4,11,0,0,1,-4.86,0.0000,normal
DROP,80,4,12,0,0,1,-0.73,0.0000,normal
DROP,80,4,13,0,0,1,-0.16,0.0000,normal
DROP,80,4,14,0,0,1,-3.81,0.0000,normal
DROP,80,4,15,0,0,1,-9.15,0.0000,normal
DROP,80,4,16,0,0,1,-0.90,0.0000,normal
DROP,80,4,17,0,0,1,-6.02,0.0000,normal
DROP,80,4,18,0,0,1,-0.96,0.0000,normal
DROP,80,4,19,1,0,0,-0.06,0.0000,inner_race
DROP,80,4,20,1,0,0,-2.65,0.0000,inner_race
DROP,80,4,21,1,0,0,-2.09,0.0000,inner_race
DROP,80,4,22,1,0,0,-6.26,0.0000,inner_race
DROP,80,4,23,1,0,0,-6.90,0.0000,inner_race
DROP,80,4,24,1,1,1,0.06,0.0000,inner_race
DROP,80,4,25,1,0,0,-4.28,0.0000,inner_race
DROP,80,4,26,1,0,0,-2.62,0.0000,inner_race
DROP,80,4,27,1,0,0,-1.88,0.0000,inner_race
DROP,80,4,28,1,0,0,-1.09,0.0000,inner_race
DROP,80,4,29,1,1,1,0.04,0.0000,inner_race
DROP,80,4,30,1,0,0,-2.12,0.0000,inner_race
DROP,80,4,31,1,0,0,-6.15,0.0000,inner_race
DROP,80,4,32,1,0,0,-2.59,0.0000,inner_race
DROP,80,4,33,1,0,0,-5.24,0.0000,inner_race
DROP,80,4,34,1,0,0,-1.73,0.0000,inner_race
DROP,80,4,35,1,0,0,-0.74,0.0000,inner_race
DROP,80,4,36,1,0,0,-0.09,0.0000,inner_race
DROP,80,4,37,1,0,0,-0.85,0.0000,inner_race
DROP,80,4,38,2,0,0,-0.49,0.0000,ball_fault
DROP,80,4,39,2,0,0,-0.23,0.0000,ball_fault
DROP,80,4,40,2,0,0,-0.23,0.0000,ball_fault
DROP,80,4,41,2,0,0,-3.57,0.0000,ball_fault
DROP,80,4,42,2,0,0,-0.30,0.0000,ball_fault
DROP,80,4,43,2,0,0,-0.83,0.0000,ball_fault
DROP,80,4,44,2,0,0,-2.99,0.0000,ball_fault
DROP,80,4,45,2,0,0,-2.58,0.0000,ball_fault
DROP,80,4,46,2,0,0,-5.37,0.0000,ball_fault
DROP,80,4,47,2,0,0,-0.39,0.0000,ball_fault
DROP,80,4,48,2,0,0,-3.02,0.0000,ball_fault
DROP,80,4,49,2,0,0,-6.02,0.0000,ball_fault
DROP,80,4,50,2,0,0,-1.14,0.0000,ball_fault
DROP,80,4,51,2,2,1,0.13,0.0000,ball_fault
DROP,80,4,52,2,0,0,-1.35,0.0000,ball_fault
DROP,80,4,53,2,1,0,0.10,0.0000,ball_fault
DROP,80,4,54,2,0,0,-5.10,0.0000,ball_fault
DROP,80,4,55,2,0,0,-4.97,0.0000,ball_fault
DROP,80,4,56,2,0,0,-1.17,0.0000,ball_fault
DROP,100,0,0,0,0,1,-2.39,0.0000,normal
DROP,100,0,1,0,0,1,-0.91,0.0000,normal
DROP,100,0,2,0,0,1,-7.18,0.0000,normal
DROP,100,0,3,0,0,1,-1.70,0.0000,normal
DROP,100,0,4,0,0,1,-3.33,0.0000,normal
DROP,100,0,5,0,0,1,0.06,0.0000,normal
DROP,100,0,6,0,0,1,-0.01,0.0000,normal
DROP,100,0,7,0,0,1,-0.97,0.0000,normal
DROP,100,0,8,0,0,1,-0.30,0.0000,normal
DROP,100,0,9,0,0,1,-4.51,0.0000,normal
DROP,100,0,10,0,0,1,-0.16,0.0000,normal
DROP,100,0,11,0,0,1,-1.49,0.0000,normal
DROP,100,0,12,0,0,1,0.10,0.0000,normal
DROP,100,0,13,0,0,1,-1.33,0.0000,normal
DROP,100,0,14,0,0,1,-1.78,0.0000,normal
DROP,100,0,15,0,0,1,-6.93,0.0000,normal
DROP,100,0,16,0,0,1,0.13,0.0000,normal
DROP,100,0,17,0,0,1,-2.73,0.0000,normal
DROP,100,0,18,0,0,1,-0.84,0.0000,normal
DROP,100,0,19,1,0,0,-0.02,0.0000,inner_race
DROP,100,0,20,1,0,0,-1.34,0.0000,inner_race
DROP,100,0,21,1,0,0,0.02,0.0000,inner_race
DROP,100,0,22,1,0,0,-0.75,0.0000,inner_race
DROP,100,0,23,1,1,1,0.03,0.0000,inner_race
DROP,100,0,24,1,0,0,-0.10,0.0000,inner_race
DROP,100,0,25,1,0,0,-2.75,0.0000,inner_race
DROP,100,0,26,1,0,0,-0.03,0.0000,inner_race
DROP,100,0,27,1,0,0,-1.28,0.0000,inner_race
DROP,100,0,28,1,0,0,0.02,0.0000,inner_race
DROP,100,0,29,1,0,0,-4.20,0.0000,inner_race
DROP,100,0,30,1,0,0,0.02,0.0000,inner_race
DROP,100,0,31,1,0,0,-1.13,0.0000,inner_race
DROP,100,0,32,1,0,0,-4.97,0.0000,inner_race
DROP,100,0,33,1,1,1,0.00,0.0000,inner_race
DROP,100,0,34,1,1,1,0.11,0.0000,inner_race
DROP,100,0,35,1,0,0,-1.01,0.0000,inner_race
DROP,100,0,36,1,0,0,-1.71,0.0000,inner_race
DROP,100,0,37,1,0,0,-0.66,0.0000,inner_race
DROP,100,0,38,2,0,0,-4.27,0.0000,ball_fault
DROP,100,0,39,2,0,0,-0.61,0.0000,ball_fault
DROP,100,0,40,2,0,0,-5.81,0.0000,ball_fault
DROP,100,0,41,2,0,0,-1.25,0.0000,ball_fault
DROP,100,0,42,2,0,0,0.05,0.0000,ball_fault
DROP,100,0,43,2,0,0,-0.26,0.0000,ball_fault
DROP,100,0,44,2,0,0,-1.21,0.0000,ball_fault
DROP,100,0,45,2,0,0,-1.62,0.0000,ball_fault
DROP,100,0,46,2,0,0,-1.85,0.0000,ball_fault
DROP,100,0,47,2,0,0,-4.53,0.0000,ball_fault
DROP,100,0,48,2,0,0,-1.32,0.0000,ball_fault
DROP,100,0,49,2,0,0,-3.85,0.0000,ball_fault
DROP,100,0,50,2,0,0,0.05,0.0000,ball_fault
DROP,100,0,51,2,0,0,-6.17,0.0000,ball_fault
DROP,100,0,52,2,0,0,-6.59,0.0000,ball_fault
DROP,100,0,53,2,0,0,-6.05,0.0000,ball_fault
DROP,100,0,54,2,0,0,-1.36,0.0000,ball_fault
DROP,100,0,55,2,0,0,0.06,0.0000,ball_fault
DROP,100,0,56,2,0,0,-5.57,0.0000,ball_fault
DROP,100,1,0,0,0,1,-2.39,0.0000,normal
DROP,100,1,1,0,0,1,-0.91,0.0000,normal
DROP,100,1,2,0,0,1,-7.18,0.0000,normal
DROP,100,1,3,0,0,1,-1.70,0.0000,normal
DROP,100,1,4,0,0,1,-3.33,0.0000,normal
DROP,100,1,5,0,0,1,0.06,0.0000,normal
DROP,100,1,6,0,0,1,-0.01,0.0000,normal
DROP,100,1,7,0,0,1,-0.97,0.0000,normal
DROP,100,1,8,0,0,1,-0.30,0.0000,normal
DROP,100,1,9,0,0,1,-4.51,0.0000,normal
DROP,100,1,10,0,0,1,-0.16,0.0000,normal
DROP,100,1,11,0,0,1,-1.49,0.0000,normal
DROP,100,1,12,0,0,1,0.10,0.0000,normal
DROP,100,1,13,0,0,1,-1.33,0.0000,normal
DROP,100,1,14,0,0,1,-1.78,0.0000,normal
DROP,100,1,15,0,0,1,-6.93,0.0000,normal
DROP,100,1,16,0,0,1,0.13,0.0000,normal
DROP,100,1,17,0,0,1,-2.73,0.0000,normal
DROP,100,1,18,0,0,1,-0.84,0.0000,normal
DROP,100,1,19,1,0,0,-0.02,0.0000,inner_race
DROP,100,1,20,1,0,0,-1.34,0.0000,inner_race
DROP,100,1,21,1,0,0,0.02,0.0000,inner_race
DROP,100,1,22,1,0,0,-0.75,0.0000,inner_race
DROP,100,1,23,1,1,1,0.03,0.0000,inner_race
DROP,100,1,24,1,0,0,-0.10,0.0000,inner_race
DROP,100,1,25,1,0,0,-2.75,0.0000,inner_race
DROP,100,1,26,1,0,0,-0.03,0.0000,inner_race
DROP,100,1,27,1,0,0,-1.28,0.0000,inner_race
DROP,100,1,28,1,0,0,0.02,0.0000,inner_race
DROP,100,1,29,1,0,0,-4.20,0.0000,inner_race
DROP,100,1,30,1,0,0,0.02,0.0000,inner_race
DROP,100,1,31,1,0,0,-1.13,0.0000,inner_race
DROP,100,1,32,1,0,0,-4.97,0.0000,inner_race
DROP,100,1,33,1,1,1,0.00,0.0000,inner_race
DROP,100,1,34,1,1,1,0.11,0.0000,inner_race
DROP,100,1,35,1,0,0,-1.01,0.0000,inner_race
DROP,100,1,36,1,0,0,-1.71,0.0000,inner_race
DROP,100,1,37,1,0,0,-0.66,0.0000,inner_race
DROP,100,1,38,2,0,0,-4.27,0.0000,ball_fault
DROP,100,1,39,2,0,0,-0.61,0.0000,ball_fault
DROP,100,1,40,2,0,0,-5.81,0.0000,ball_fault
DROP,100,1,41,2,0,0,-1.25,0.0000,ball_fault
DROP,100,1,42,2,0,0,0.05,0.0000,ball_fault
DROP,100,1,43,2,0,0,-0.26,0.0000,ball_fault
DROP,100,1,44,2,0,0,-1.21,0.0000,ball_fault
DROP,100,1,45,2,0,0,-1.62,0.0000,ball_fault
DROP,100,1,46,2,0,0,-1.85,0.0000,ball_fault
DROP,100,1,47,2,0,0,-4.53,0.0000,ball_fault
DROP,100,1,48,2,0,0,-1.32,0.0000,ball_fault
DROP,100,1,49,2,0,0,-3.85,0.0000,ball_fault
DROP,100,1,50,2,0,0,0.05,0.0000,ball_fault
DROP,100,1,51,2,0,0,-6.17,0.0000,ball_fault
DROP,100,1,52,2,0,0,-6.59,0.0000,ball_fault
DROP,100,1,53,2,0,0,-6.05,0.0000,ball_fault
DROP,100,1,54,2,0,0,-1.36,0.0000,ball_fault
DROP,100,1,55,2,0,0,0.06,0.0000,ball_fault
DROP,100,1,56,2,0,0,-5.57,0.0000,ball_fault
DROP,100,2,0,0,0,1,-2.39,0.0000,normal
DROP,100,2,1,0,0,1,-0.91,0.0000,normal
DROP,100,2,2,0,0,1,-7.18,0.0000,normal
DROP,100,2,3,0,0,1,-1.70,0.0000,normal
DROP,100,2,4,0,0,1,-3.33,0.0000,normal
DROP,100,2,5,0,0,1,0.06,0.0000,normal
DROP,100,2,6,0,0,1,-0.01,0.0000,normal
DROP,100,2,7,0,0,1,-0.97,0.0000,normal
DROP,100,2,8,0,0,1,-0.30,0.0000,normal
DROP,100,2,9,0,0,1,-4.51,0.0000,normal
DROP,100,2,10,0,0,1,-0.16,0.0000,normal
DROP,100,2,11,0,0,1,-1.49,0.0000,normal
DROP,100,2,12,0,0,1,0.10,0.0000,normal
DROP,100,2,13,0,0,1,-1.33,0.0000,normal
DROP,100,2,14,0,0,1,-1.78,0.0000,normal
DROP,100,2,15,0,0,1,-6.93,0.0000,normal
DROP,100,2,16,0,0,1,0.13,0.0000,normal
DROP,100,2,17,0,0,1,-2.73,0.0000,normal
DROP,100,2,18,0,0,1,-0.84,0.0000,normal
DROP,100,2,19,1,0,0,-0.02,0.0000,inner_race
DROP,100,2,20,1,0,0,-1.34,0.0000,inner_race
DROP,100,2,21,1,0,0,0.02,0.0000,inner_race
DROP,100,2,22,1,0,0,-0.75,0.0000,inner_race
DROP,100,2,23,1,1,1,0.03,0.0000,inner_race
DROP,100,2,24,1,0,0,-0.10,0.0000,inner_race
DROP,100,2,25,1,0,0,-2.75,0.0000,inner_race
DROP,100,2,26,1,0,0,-0.03,0.0000,inner_race
DROP,100,2,27,1,0,0,-1.28,0.0000,inner_race
DROP,100,2,28,1,0,0,0.02,0.0000,inner_race
DROP,100,2,29,1,0,0,-4.20,0.0000,inner_race
DROP,100,2,30,1,0,0,0.02,0.0000,inner_race
DROP,100,2,31,1,0,0,-1.13,0.0000,inner_race
DROP,100,2,32,1,0,0,-4.97,0.0000,inner_race
DROP,100,2,33,1,1,1,0.00,0.0000,inner_race
DROP,100,2,34,1,1,1,0.11,0.0000,inner_race
DROP,100,2,35,1,0,0,-1.01,0.0000,inner_race
DROP,100,2,36,1,0,0,-1.71,0.0000,inner_race
DROP,100,2,37,1,0,0,-0.66,0.0000,inner_race
DROP,100,2,38,2,0,0,-4.27,0.0000,ball_fault
DROP,100,2,39,2,0,0,-0.61,0.0000,ball_fault
DROP,100,2,40,2,0,0,-5.81,0.0000,ball_fault
DROP,100,2,41,2,0,0,-1.25,0.0000,ball_fault
DROP,100,2,42,2,0,0,0.05,0.0000,ball_fault
DROP,100,2,43,2,0,0,-0.26,0.0000,ball_fault
DROP,100,2,44,2,0,0,-1.21,0.0000,ball_fault
DROP,100,2,45,2,0,0,-1.62,0.0000,ball_fault
DROP,100,2,46,2,0,0,-1.85,0.0000,ball_fault
DROP,100,2,47,2,0,0,-4.53,0.0000,ball_fault
DROP,100,2,48,2,0,0,-1.32,0.0000,ball_fault
DROP,100,2,49,2,0,0,-3.85,0.0000,ball_fault
DROP,100,2,50,2,0,0,0.05,0.0000,ball_fault
DROP,100,2,51,2,0,0,-6.17,0.0000,ball_fault
DROP,100,2,52,2,0,0,-6.59,0.0000,ball_fault
DROP,100,2,53,2,0,0,-6.05,0.0000,ball_fault
DROP,100,2,54,2,0,0,-1.36,0.0000,ball_fault
DROP,100,2,55,2,0,0,0.06,0.0000,ball_fault
DROP,100,2,56,2,0,0,-5.57,0.0000,ball_fault
DROP,100,3,0,0,0,1,-2.39,0.0000,normal
DROP,100,3,1,0,0,1,-0.91,0.0000,normal
DROP,100,3,2,0,0,1,-7.18,0.0000,normal
DROP,100,3,3,0,0,1,-1.70,0.0000,normal
DROP,100,3,4,0,0,1,-3.33,0.0000,normal
DROP,100,3,5,0,0,1,0.06,0.0000,normal
DROP,100,3,6,0,0,1,-0.01,0.0000,normal
DROP,100,3,7,0,0,1,-0.97,0.0000,normal
DROP,100,3,8,0,0,1,-0.30,0.0000,normal
DROP,100,3,9,0,0,1,-4.51,0.0000,normal
DROP,100,3,10,0,0,1,-0.16,0.0000,normal
DROP,100,3,11,0,0,1,-1.49,0.0000,normal
DROP,100,3,12,0,0,1,0.10,0.0000,normal
DROP,100,3,13,0,0,1,-1.33,0.0000,normal
DROP,100,3,14,0,0,1,-1.78,0.0000,normal
DROP,100,3,15,0,0,1,-6.93,0.0000,normal
DROP,100,3,16,0,0,1,0.13,0.0000,normal
DROP,100,3,17,0,0,1,-2.73,0.0000,normal
DROP,100,3,18,0,0,1,-0.84,0.0000,normal
DROP,100,3,19,1,0,0,-0.02,0.0000,inner_race
DROP,100,3,20,1,0,0,-1.34,0.0000,inner_race
DROP,100,3,21,1,0,0,0.02,0.0000,inner_race
DROP,100,3,22,1,0,0,-0.75,0.0000,inner_race
DROP,100,3,23,1,1,1,0.03,0.0000,inner_race
DROP,100,3,24,1,0,0,-0.10,0.0000,inner_race
DROP,100,3,25,1,0,0,-2.75,0.0000,inner_race
DROP,100,3,26,1,0,0,-0.03,0.0000,inner_race
DROP,100,3,27,1,0,0,-1.28,0.0000,inner_race
DROP,100,3,28,1,0,0,0.02,0.0000,inner_race
DROP,100,3,29,1,0,0,-4.20,0.0000,inner_race
DROP,100,3,30,1,0,0,0.02,0.0000,inner_race
DROP,100,3,31,1,0,0,-1.13,0.0000,inner_race
DROP,100,3,32,1,0,0,-4.97,0.0000,inner_race
DROP,100,3,33,1,1,1,0.00,0.0000,inner_race
DROP,100,3,34,1,1,1,0.11,0.0000,inner_race
DROP,100,3,35,1,0,0,-1.01,0.0000,inner_race
DROP,100,3,36,1,0,0,-1.71,0.0000,inner_race
DROP,100,3,37,1,0,0,-0.66,0.0000,inner_race
DROP,100,3,38,2,0,0,-4.27,0.0000,ball_fault
DROP,100,3,39,2,0,0,-0.61,0.0000,ball_fault
DROP,100,3,40,2,0,0,-5.81,0.0000,ball_fault
DROP,100,3,41,2,0,0,-1.25,0.0000,ball_fault
DROP,100,3,42,2,0,0,0.05,0.0000,ball_fault
DROP,100,3,43,2,0,0,-0.26,0.0000,ball_fault
DROP,100,3,44,2,0,0,-1.21,0.0000,ball_fault
DROP,100,3,45,2,0,0,-1.62,0.0000,ball_fault
DROP,100,3,46,2,0,0,-1.85,0.0000,ball_fault
DROP,100,3,47,2,0,0,-4.53,0.0000,ball_fault
DROP,100,3,48,2,0,0,-1.32,0.0000,ball_fault
DROP,100,3,49,2,0,0,-3.85,0.0000,ball_fault
DROP,100,3,50,2,0,0,0.05,0.0000,ball_fault
DROP,100,3,51,2,0,0,-6.17,0.0000,ball_fault
DROP,100,3,52,2,0,0,-6.59,0.0000,ball_fault
DROP,100,3,53,2,0,0,-6.05,0.0000,ball_fault
DROP,100,3,54,2,0,0,-1.36,0.0000,ball_fault
DROP,100,3,55,2,0,0,0.06,0.0000,ball_fault
DROP,100,3,56,2,0,0,-5.57,0.0000,ball_fault
DROP,100,4,0,0,0,1,-2.39,0.0000,normal
DROP,100,4,1,0,0,1,-0.91,0.0000,normal
DROP,100,4,2,0,0,1,-7.18,0.0000,normal
DROP,100,4,3,0,0,1,-1.70,0.0000,normal
DROP,100,4,4,0,0,1,-3.33,0.0000,normal
DROP,100,4,5,0,0,1,0.06,0.0000,normal
DROP,100,4,6,0,0,1,-0.01,0.0000,normal
DROP,100,4,7,0,0,1,-0.97,0.0000,normal
DROP,100,4,8,0,0,1,-0.30,0.0000,normal
DROP,100,4,9,0,0,1,-4.51,0.0000,normal
DROP,100,4,10,0,0,1,-0.16,0.0000,normal
DROP,100,4,11,0,0,1,-1.49,0.0000,normal
DROP,100,4,12,0,0,1,0.10,0.0000,normal
DROP,100,4,13,0,0,1,-1.33,0.0000,normal
DROP,100,4,14,0,0,1,-1.78,0.0000,normal
DROP,100,4,15,0,0,1,-6.93,0.0000,normal
DROP,100,4,16,0,0,1,0.13,0.0000,normal
DROP,100,4,17,0,0,1,-2.73,0.0000,normal
DROP,100,4,18,0,0,1,-0.84,0.0000,normal
DROP,100,4,19,1,0,0,-0.02,0.0000,inner_race
DROP,100,4,20,1,0,0,-1.34,0.0000,inner_race
DROP,100,4,21,1,0,0,0.02,0.0000,inner_race
DROP,100,4,22,1,0,0,-0.75,0.0000,inner_race
DROP,100,4,23,1,1,1,0.03,0.0000,inner_race
DROP,100,4,24,1,0,0,-0.10,0.0000,inner_race
DROP,100,4,25,1,0,0,-2.75,0.0000,inner_race
DROP,100,4,26,1,0,0,-0.03,0.0000,inner_race
DROP,100,4,27,1,0,0,-1.28,0.0000,inner_race
DROP,100,4,28,1,0,0,0.02,0.0000,inner_race
DROP,100,4,29,1,0,0,-4.20,0.0000,inner_race
DROP,100,4,30,1,0,0,0.02,0.0000,inner_race
DROP,100,4,31,1,0,0,-1.13,0.0000,inner_race
DROP,100,4,32,1,0,0,-4.97,0.0000,inner_race
DROP,100,4,33,1,1,1,0.00,0.0000,inner_race
DROP,100,4,34,1,1,1,0.11,0.0000,inner_race
DROP,100,4,35,1,0,0,-1.01,0.0000,inner_race
DROP,100,4,36,1,0,0,-1.71,0.0000,inner_race
DROP,100,4,37,1,0,0,-0.66,0.0000,inner_race
DROP,100,4,38,2,0,0,-4.27,0.0000,ball_fault
DROP,100,4,39,2,0,0,-0.61,0.0000,ball_fault
DROP,100,4,40,2,0,0,-5.81,0.0000,ball_fault
DROP,100,4,41,2,0,0,-1.25,0.0000,ball_fault
DROP,100,4,42,2,0,0,0.05,0.0000,ball_fault
DROP,100,4,43,2,0,0,-0.26,0.0000,ball_fault
DROP,100,4,44,2,0,0,-1.21,0.0000,ball_fault
DROP,100,4,45,2,0,0,-1.62,0.0000,ball_fault
DROP,100,4,46,2,0,0,-1.85,0.0000,ball_fault
DROP,100,4,47,2,0,0,-4.53,0.0000,ball_fault
DROP,100,4,48,2,0,0,-1.32,0.0000,ball_fault
DROP,100,4,49,2,0,0,-3.85,0.0000,ball_fault
DROP,100,4,50,2,0,0,0.05,0.0000,ball_fault
DROP,100,4,51,2,0,0,-6.17,0.0000,ball_fault
DROP,100,4,52,2,0,0,-6.59,0.0000,ball_fault
DROP,100,4,53,2,0,0,-6.05,0.0000,ball_fault
DROP,100,4,54,2,0,0,-1.36,0.0000,ball_fault
DROP,100,4,55,2,0,0,0.06,0.0000,ball_fault
DROP,100,4,56,2,0,0,-5.57,0.0000,ball_fault
