signal,method,bin,norm_freq,orig_mag,recon_mag,abs_error,rel_error
vib_normal_0hp,IMP_INTERP_ERROR,0,0.000000,6.936047,6.789600,0.146447,0.021114
vib_normal_0hp,IMP_INTERP_ERROR,1,0.001953,0.467408,0.461084,0.006324,0.013529
vib_normal_0hp,IMP_INTERP_ERROR,2,0.003906,4.452111,4.485119,0.033008,0.007414
vib_normal_0hp,IMP_INTERP_ERROR,3,0.005859,1.911404,1.879662,0.031741,0.016606
vib_normal_0hp,IMP_INTERP_ERROR,4,0.007812,4.788894,4.789632,0.000738,0.000154
vib_normal_0hp,IMP_INTERP_ERROR,5,0.009766,1.219636,1.202455,0.017182,0.014087
vib_normal_0hp,IMP_INTERP_ERROR,6,0.011719,3.610080,3.559688,0.050392,0.013959
vib_normal_0hp,IMP_INTERP_ERROR,7,0.013672,11.759982,11.719667,0.040316,0.003428
vib_normal_0hp,IMP_INTERP_ERROR,8,0.015625,0.453676,0.470372,0.016696,0.036801
vib_normal_0hp,IMP_INTERP_ERROR,9,0.017578,2.542436,2.582431,0.039995,0.015731
vib_normal_0hp,IMP_INTERP_ERROR,10,0.019531,2.056728,2.039312,0.017416,0.008468
vib_normal_0hp,IMP_INTERP_ERROR,11,0.021484,1.786622,1.791750,0.005128,0.002870
vib_normal_0hp,IMP_INTERP_ERROR,12,0.023438,3.578474,3.609777,0.031302,0.008747
vib_normal_0hp,IMP_INTERP_ERROR,13,0.025391,0.837006,0.836910,0.000096,0.000115
vib_normal_0hp,IMP_INTERP_ERROR,14,0.027344,0.576944,0.672929,0.095985,0.166367
vib_normal_0hp,IMP_INTERP_ERROR,15,0.029297,4.743683,4.781605,0.037922,0.007994
vib_normal_0hp,IMP_INTERP_ERROR,16,0.031250,0.947990,0.919571,0.028419,0.029978
vib_normal_0hp,IMP_INTERP_ERROR,17,0.033203,1.413153,1.466330,0.053177,0.037630
vib_normal_0hp,IMP_INTERP_ERROR,18,0.035156,0.438342,0.512820,0.074478,0.169908
vib_normal_0hp,IMP_INTERP_ERROR,19,0.037109,0.889238,0.969879,0.080641,0.090686
vib_normal_0hp,IMP_INTERP_ERROR,20,0.039062,0.249758,0.356111,0.106353,0.425826
vib_normal_0hp,IMP_INTERP_ERROR,21,0.041016,0.750516,0.716774,0.033742,0.044959
vib_normal_0hp,IMP_INTERP_ERROR,22,0.042969,0.391957,0.399876,0.007919,0.020204
vib_normal_0hp,IMP_INTERP_ERROR,23,0.044922,0.348913,0.368722,0.019808,0.056772
vib_normal_0hp,IMP_INTERP_ERROR,24,0.046875,0.510972,0.464901,0.046071,0.090164
vib_normal_0hp,IMP_INTERP_ERROR,25,0.048828,0.395898,0.429307,0.033410,0.084390
vib_normal_0hp,IMP_INTERP_ERROR,26,0.050781,0.752021,0.727276,0.024745,0.032905
vib_normal_0hp,IMP_INTERP_ERROR,27,0.052734,0.678608,0.697226,0.018618,0.027435
vib_normal_0hp,IMP_INTERP_ERROR,28,0.054688,3.811568,3.849153,0.037586,0.009861
vib_normal_0hp,IMP_INTERP_ERROR,29,0.056641,3.928666,3.858459,0.070206,0.017870
vib_normal_0hp,IMP_INTERP_ERROR,30,0.058594,1.454437,1.466453,0.012015,0.008261
vib_normal_0hp,IMP_INTERP_ERROR,31,0.060547,3.678700,3.613700,0.065000,0.017669
vib_normal_0hp,IMP_INTERP_ERROR,32,0.062500,0.843138,0.950158,0.107019,0.126930
vib_normal_0hp,IMP_INTERP_ERROR,33,0.064453,0.284985,0.321055,0.036070,0.126568
vib_normal_0hp,IMP_INTERP_ERROR,34,0.066406,1.363918,1.373208,0.009290,0.006811
vib_normal_0hp,IMP_INTERP_ERROR,35,0.068359,2.737004,2.734028,0.002977,0.001088
vib_normal_0hp,IMP_INTERP_ERROR,36,0.070312,2.393241,2.353963,0.039278,0.016412
vib_normal_0hp,IMP_INTERP_ERROR,37,0.072266,2.022654,2.078703,0.056050,0.027711
vib_normal_0hp,IMP_INTERP_ERROR,38,0.074219,0.814021,0.730392,0.083630,0.102736
vib_normal_0hp,IMP_INTERP_ERROR,39,0.076172,1.432742,1.435523,0.002781,0.001941
vib_normal_0hp,IMP_INTERP_ERROR,40,0.078125,0.539235,0.579889,0.040654,0.075392
vib_normal_0hp,IMP_INTERP_ERROR,41,0.080078,2.025535,2.051744,0.026209,0.012939
vib_normal_0hp,IMP_INTERP_ERROR,42,0.082031,2.382928,2.366437,0.016491,0.006920
vib_normal_0hp,IMP_INTERP_ERROR,43,0.083984,5.794625,5.824912,0.030287,0.005227
vib_normal_0hp,IMP_INTERP_ERROR,44,0.085938,12.038282,11.968421,0.069861,0.005803
vib_normal_0hp,IMP_INTERP_ERROR,45,0.087891,11.320222,11.229043,0.091179,0.008055
vib_normal_0hp,IMP_INTERP_ERROR,46,0.089844,4.910025,4.864718,0.045306,0.009227
vib_normal_0hp,IMP_INTERP_ERROR,47,0.091797,6.353243,6.253702,0.099541,0.015668
vib_normal_0hp,IMP_INTERP_ERROR,48,0.093750,3.310559,3.313003,0.002444,0.000738
vib_normal_0hp,IMP_INTERP_ERROR,49,0.095703,0.761392,0.785550,0.024158,0.031728
vib_normal_0hp,IMP_INTERP_ERROR,50,0.097656,0.565206,0.509886,0.055320,0.097876
vib_normal_0hp,IMP_INTERP_ERROR,51,0.099609,0.514048,0.501562,0.012486,0.024289
vib_normal_0hp,IMP_INTERP_ERROR,52,0.101562,0.629513,0.622176,0.007336,0.011654
vib_normal_0hp,IMP_INTERP_ERROR,53,0.103516,0.786706,0.814474,0.027769,0.035297
vib_normal_0hp,IMP_INTERP_ERROR,54,0.105469,0.494864,0.467394,0.027470,0.055510
vib_normal_0hp,IMP_INTERP_ERROR,55,0.107422,0.488308,0.437056,0.051252,0.104958
vib_normal_0hp,IMP_INTERP_ERROR,56,0.109375,1.571674,1.566984,0.004690,0.002984
vib_normal_0hp,IMP_INTERP_ERROR,57,0.111328,1.780623,1.677067,0.103556,0.058157
vib_normal_0hp,IMP_INTERP_ERROR,58,0.113281,0.546440,0.565553,0.019112,0.034976
vib_normal_0hp,IMP_INTERP_ERROR,59,0.115234,0.910047,1.006596,0.096549,0.106092
vib_normal_0hp,IMP_INTERP_ERROR,60,0.117188,0.538508,0.466922,0.071586,0.132934
vib_normal_0hp,IMP_INTERP_ERROR,61,0.119141,0.527142,0.533269,0.006127,0.011623
vib_normal_0hp,IMP_INTERP_ERROR,62,0.121094,0.532826,0.553860,0.021034,0.039476
vib_normal_0hp,IMP_INTERP_ERROR,63,0.123047,0.648924,0.704782,0.055858,0.086078
vib_normal_0hp,IMP_INTERP_ERROR,64,0.125000,0.250825,0.228842,0.021983,0.087643
vib_normal_0hp,IMP_INTERP_ERROR,65,0.126953,0.383610,0.402082,0.018472,0.048152
vib_normal_0hp,IMP_INTERP_ERROR,66,0.128906,0.298577,0.281950,0.016628,0.055689
vib_normal_0hp,IMP_INTERP_ERROR,67,0.130859,0.191343,0.188321,0.003022,0.015796
vib_normal_0hp,IMP_INTERP_ERROR,68,0.132812,0.067645,0.095044,0.027399,0.405040
vib_normal_0hp,IMP_INTERP_ERROR,69,0.134766,0.411449,0.333565,0.077883,0.189291
vib_normal_0hp,IMP_INTERP_ERROR,70,0.136719,0.328108,0.254833,0.073275,0.223326
vib_normal_0hp,IMP_INTERP_ERROR,71,0.138672,0.437623,0.398388,0.039235,0.089656
vib_normal_0hp,IMP_INTERP_ERROR,72,0.140625,0.493405,0.498423,0.005017,0.010169
vib_normal_0hp,IMP_INTERP_ERROR,73,0.142578,0.415890,0.378033,0.037858,0.091028
vib_normal_0hp,IMP_INTERP_ERROR,74,0.144531,0.372076,0.376455,0.004379,0.011768
vib_normal_0hp,IMP_INTERP_ERROR,75,0.146484,0.169585,0.175609,0.006023,0.035519
vib_normal_0hp,IMP_INTERP_ERROR,76,0.148438,0.278223,0.240555,0.037669,0.135391
vib_normal_0hp,IMP_INTERP_ERROR,77,0.150391,0.300156,0.338477,0.038321,0.127671
vib_normal_0hp,IMP_INTERP_ERROR,78,0.152344,0.388947,0.307697,0.081251,0.208899
vib_normal_0hp,IMP_INTERP_ERROR,79,0.154297,0.472943,0.467158,0.005785,0.012233
vib_normal_0hp,IMP_INTERP_ERROR,80,0.156250,0.091327,0.107804,0.016476,0.180407
vib_normal_0hp,IMP_INTERP_ERROR,81,0.158203,0.553691,0.542465,0.011226,0.020275
vib_normal_0hp,IMP_INTERP_ERROR,82,0.160156,0.185570,0.147319,0.038250,0.206123
vib_normal_0hp,IMP_INTERP_ERROR,83,0.162109,0.418754,0.296110,0.122644,0.292878
vib_normal_0hp,IMP_INTERP_ERROR,84,0.164062,0.594953,0.634161,0.039208,0.065901
vib_normal_0hp,IMP_INTERP_ERROR,85,0.166016,0.273973,0.324047,0.050074,0.182770
vib_normal_0hp,IMP_INTERP_ERROR,86,0.167969,0.997475,0.966708,0.030767,0.030845
vib_normal_0hp,IMP_INTERP_ERROR,87,0.169922,0.714547,0.648006,0.066541,0.093123
vib_normal_0hp,IMP_INTERP_ERROR,88,0.171875,1.603860,1.381621,0.222239,0.138565
vib_normal_0hp,IMP_INTERP_ERROR,89,0.173828,1.931857,1.701938,0.229919,0.119014
vib_normal_0hp,IMP_INTERP_ERROR,90,0.175781,4.743342,4.579377,0.163965,0.034567
vib_normal_0hp,IMP_INTERP_ERROR,91,0.177734,0.798295,0.843905,0.045610,0.057134
vib_normal_0hp,IMP_INTERP_ERROR,92,0.179688,0.625201,0.610297,0.014904,0.023839
vib_normal_0hp,IMP_INTERP_ERROR,93,0.181641,0.431935,0.443734,0.011799,0.027316
vib_normal_0hp,IMP_INTERP_ERROR,94,0.183594,0.408072,0.415880,0.007808,0.019133
vib_normal_0hp,IMP_INTERP_ERROR,95,0.185547,0.480849,0.339121,0.141727,0.294744
vib_normal_0hp,IMP_INTERP_ERROR,96,0.187500,0.287288,0.378024,0.090736,0.315837
vib_normal_0hp,IMP_INTERP_ERROR,97,0.189453,0.252758,0.138390,0.114368,0.452482
vib_normal_0hp,IMP_INTERP_ERROR,98,0.191406,0.224635,0.181394,0.043241,0.192496
vib_normal_0hp,IMP_INTERP_ERROR,99,0.193359,0.273428,0.342066,0.068639,0.251030
vib_normal_0hp,IMP_INTERP_ERROR,100,0.195312,0.276220,0.212661,0.063559,0.230104
vib_normal_0hp,IMP_INTERP_ERROR,101,0.197266,0.369297,0.357864,0.011433,0.030958
vib_normal_0hp,IMP_INTERP_ERROR,102,0.199219,0.198188,0.119349,0.078839,0.397798
vib_normal_0hp,IMP_INTERP_ERROR,103,0.201172,0.143827,0.192980,0.049153,0.341747
vib_normal_0hp,IMP_INTERP_ERROR,104,0.203125,0.194506,0.200572,0.006066,0.031186
vib_normal_0hp,IMP_INTERP_ERROR,105,0.205078,0.121358,0.112093,0.009264,0.076337
vib_normal_0hp,IMP_INTERP_ERROR,106,0.207031,0.140722,0.126749,0.013973,0.099294
vib_normal_0hp,IMP_INTERP_ERROR,107,0.208984,0.119734,0.101227,0.018507,0.154567
vib_normal_0hp,IMP_INTERP_ERROR,108,0.210938,0.077263,0.066818,0.010445,0.135186
vib_normal_0hp,IMP_INTERP_ERROR,109,0.212891,0.152671,0.107707,0.044964,0.294517
vib_normal_0hp,IMP_INTERP_ERROR,110,0.214844,0.377331,0.337638,0.039693,0.105194
vib_normal_0hp,IMP_INTERP_ERROR,111,0.216797,0.101451,0.101593,0.000142,0.001398
vib_normal_0hp,IMP_INTERP_ERROR,112,0.218750,0.214282,0.213074,0.001208,0.005638
vib_normal_0hp,IMP_INTERP_ERROR,113,0.220703,0.308617,0.339586,0.030970,0.100351
vib_normal_0hp,IMP_INTERP_ERROR,114,0.222656,0.079205,0.021748,0.057457,0.725417
vib_normal_0hp,IMP_INTERP_ERROR,115,0.224609,0.066007,0.087689,0.021682,0.328478
vib_normal_0hp,IMP_INTERP_ERROR,116,0.226562,0.115326,0.220113,0.104787,0.908619
vib_normal_0hp,IMP_INTERP_ERROR,117,0.228516,0.061584,0.120909,0.059325,0.963327
vib_normal_0hp,IMP_INTERP_ERROR,118,0.230469,0.094656,0.061283,0.033373,0.352571
vib_normal_0hp,IMP_INTERP_ERROR,119,0.232422,0.068031,0.129756,0.061726,0.907316
vib_normal_0hp,IMP_INTERP_ERROR,120,0.234375,0.178131,0.254486,0.076355,0.428642
vib_normal_0hp,IMP_INTERP_ERROR,121,0.236328,0.118276,0.159492,0.041217,0.348479
vib_normal_0hp,IMP_INTERP_ERROR,122,0.238281,0.181523,0.229804,0.048280,0.265972
vib_normal_0hp,IMP_INTERP_ERROR,123,0.240234,0.187071,0.144498,0.042573,0.227579
vib_normal_0hp,IMP_INTERP_ERROR,124,0.242188,0.054484,0.015351,0.039132,0.718242
vib_normal_0hp,IMP_INTERP_ERROR,125,0.244141,0.114165,0.080663,0.033502,0.293454
vib_normal_0hp,IMP_INTERP_ERROR,126,0.246094,0.246170,0.248411,0.002241,0.009102
vib_normal_0hp,IMP_INTERP_ERROR,127,0.248047,0.050719,0.120377,0.069658,1.373417
vib_normal_0hp,IMP_INTERP_ERROR,128,0.250000,0.240872,0.255335,0.014462,0.060040
vib_normal_0hp,IMP_INTERP_ERROR,129,0.251953,0.321845,0.288616,0.033229,0.103246
vib_normal_0hp,IMP_INTERP_ERROR,130,0.253906,0.129325,0.163180,0.033855,0.261785
vib_normal_0hp,IMP_INTERP_ERROR,131,0.255859,0.246618,0.182750,0.063868,0.258975
vib_normal_0hp,IMP_INTERP_ERROR,132,0.257812,0.076819,0.109282,0.032463,0.422592
vib_normal_0hp,IMP_INTERP_ERROR,133,0.259766,0.147260,0.116576,0.030685,0.208372
vib_normal_0hp,IMP_INTERP_ERROR,134,0.261719,0.084163,0.064394,0.019769,0.234886
vib_normal_0hp,IMP_INTERP_ERROR,135,0.263672,0.228289,0.283425,0.055136,0.241516
vib_normal_0hp,IMP_INTERP_ERROR,136,0.265625,0.209429,0.265680,0.056252,0.268596
vib_normal_0hp,IMP_INTERP_ERROR,137,0.267578,0.238383,0.175084,0.063299,0.265533
vib_normal_0hp,IMP_INTERP_ERROR,138,0.269531,0.138593,0.128209,0.010384,0.074925
vib_normal_0hp,IMP_INTERP_ERROR,139,0.271484,0.048149,0.104962,0.056813,1.179929
vib_normal_0hp,IMP_INTERP_ERROR,140,0.273438,0.050075,0.047547,0.002527,0.050472
vib_normal_0hp,IMP_INTERP_ERROR,141,0.275391,0.079433,0.058669,0.020764,0.261402
vib_normal_0hp,IMP_INTERP_ERROR,142,0.277344,0.130837,0.122973,0.007863,0.060102
vib_normal_0hp,IMP_INTERP_ERROR,143,0.279297,0.100739,0.053258,0.047481,0.471331
vib_normal_0hp,IMP_INTERP_ERROR,144,0.281250,0.095214,0.080939,0.014274,0.149917
vib_normal_0hp,IMP_INTERP_ERROR,145,0.283203,0.086741,0.113800,0.027059,0.311958
vib_normal_0hp,IMP_INTERP_ERROR,146,0.285156,0.102836,0.116356,0.013520,0.131474
vib_normal_0hp,IMP_INTERP_ERROR,147,0.287109,0.260314,0.212552,0.047761,0.183476
vib_normal_0hp,IMP_INTERP_ERROR,148,0.289062,0.044097,0.120791,0.076693,1.739183
vib_normal_0hp,IMP_INTERP_ERROR,149,0.291016,0.051878,0.079170,0.027291,0.526061
vib_normal_0hp,IMP_INTERP_ERROR,150,0.292969,0.081214,0.099272,0.018057,0.222343
vib_normal_0hp,IMP_INTERP_ERROR,151,0.294922,0.087804,0.084573,0.003230,0.036789
vib_normal_0hp,IMP_INTERP_ERROR,152,0.296875,0.066064,0.068106,0.002042,0.030910
vib_normal_0hp,IMP_INTERP_ERROR,153,0.298828,0.111780,0.047122,0.064658,0.578440
vib_normal_0hp,IMP_INTERP_ERROR,154,0.300781,0.088468,0.051975,0.036492,0.412493
vib_normal_0hp,IMP_INTERP_ERROR,155,0.302734,0.021151,0.008812,0.012339,0.583377
vib_normal_0hp,IMP_INTERP_ERROR,156,0.304688,0.020017,0.123830,0.103813,5.186128
vib_normal_0hp,IMP_INTERP_ERROR,157,0.306641,0.082702,0.189606,0.106904,1.292640
vib_normal_0hp,IMP_INTERP_ERROR,158,0.308594,0.095591,0.143029,0.047438,0.496265
vib_normal_0hp,IMP_INTERP_ERROR,159,0.310547,0.060266,0.084910,0.024644,0.408927
vib_normal_0hp,IMP_INTERP_ERROR,160,0.312500,0.070842,0.124702,0.053860,0.760288
vib_normal_0hp,IMP_INTERP_ERROR,161,0.314453,0.035009,0.097956,0.062947,1.798006
vib_normal_0hp,IMP_INTERP_ERROR,162,0.316406,0.075004,0.032492,0.042512,0.566797
vib_normal_0hp,IMP_INTERP_ERROR,163,0.318359,0.064701,0.119734,0.055033,0.850578
vib_normal_0hp,IMP_INTERP_ERROR,164,0.320312,0.087449,0.063542,0.023907,0.273383
vib_normal_0hp,IMP_INTERP_ERROR,165,0.322266,0.084490,0.114745,0.030255,0.358085
vib_normal_0hp,IMP_INTERP_ERROR,166,0.324219,0.039339,0.068930,0.029591,0.752207
vib_normal_0hp,IMP_INTERP_ERROR,167,0.326172,0.067475,0.147267,0.079792,1.182551
vib_normal_0hp,IMP_INTERP_ERROR,168,0.328125,0.085096,0.071764,0.013332,0.156667
vib_normal_0hp,IMP_INTERP_ERROR,169,0.330078,0.044307,0.110024,0.065717,1.483234
vib_normal_0hp,IMP_INTERP_ERROR,170,0.332031,0.020851,0.058575,0.037725,1.809285
vib_normal_0hp,IMP_INTERP_ERROR,171,0.333984,0.056840,0.053159,0.003682,0.064772
vib_normal_0hp,IMP_INTERP_ERROR,172,0.335938,0.070401,0.117734,0.047333,0.672332
vib_normal_0hp,IMP_INTERP_ERROR,173,0.337891,0.037787,0.036482,0.001305,0.034546
vib_normal_0hp,IMP_INTERP_ERROR,174,0.339844,0.041920,0.048520,0.006600,0.157436
vib_normal_0hp,IMP_INTERP_ERROR,175,0.341797,0.083469,0.047528,0.035940,0.430582
vib_normal_0hp,IMP_INTERP_ERROR,176,0.343750,0.095084,0.133213,0.038129,0.401001
vib_normal_0hp,IMP_INTERP_ERROR,177,0.345703,0.109424,0.155432,0.046008,0.420456
vib_normal_0hp,IMP_INTERP_ERROR,178,0.347656,0.071377,0.076927,0.005551,0.077764
vib_normal_0hp,IMP_INTERP_ERROR,179,0.349609,0.102968,0.114827,0.011858,0.115166
vib_normal_0hp,IMP_INTERP_ERROR,180,0.351562,0.109586,0.159137,0.049551,0.452167
vib_normal_0hp,IMP_INTERP_ERROR,181,0.353516,0.064166,0.116157,0.051992,0.810270
vib_normal_0hp,IMP_INTERP_ERROR,182,0.355469,0.092874,0.036150,0.056724,0.610761
vib_normal_0hp,IMP_INTERP_ERROR,183,0.357422,0.064225,0.078511,0.014286,0.222444
vib_normal_0hp,IMP_INTERP_ERROR,184,0.359375,0.082910,0.149836,0.066926,0.807212
vib_normal_0hp,IMP_INTERP_ERROR,185,0.361328,0.008646,0.036134,0.027488,3.179233
vib_normal_0hp,IMP_INTERP_ERROR,186,0.363281,0.023127,0.032996,0.009869,0.426734
vib_normal_0hp,IMP_INTERP_ERROR,187,0.365234,0.056217,0.109962,0.053745,0.956012
vib_normal_0hp,IMP_INTERP_ERROR,188,0.367188,0.081724,0.072026,0.009698,0.118668
vib_normal_0hp,IMP_INTERP_ERROR,189,0.369141,0.163662,0.082431,0.081231,0.496334
vib_normal_0hp,IMP_INTERP_ERROR,190,0.371094,0.198884,0.113887,0.084997,0.427370
vib_normal_0hp,IMP_INTERP_ERROR,191,0.373047,0.024433,0.082216,0.057783,2.364898
vib_normal_0hp,IMP_INTERP_ERROR,192,0.375000,0.093506,0.025537,0.067969,0.726894
vib_normal_0hp,IMP_INTERP_ERROR,193,0.376953,0.020584,0.141804,0.121221,5.889175
vib_normal_0hp,IMP_INTERP_ERROR,194,0.378906,0.120257,0.073161,0.047096,0.391630
vib_normal_0hp,IMP_INTERP_ERROR,195,0.380859,0.055826,0.029480,0.026345,0.471924
vib_normal_0hp,IMP_INTERP_ERROR,196,0.382812,0.078744,0.174105,0.095362,1.211039
vib_normal_0hp,IMP_INTERP_ERROR,197,0.384766,0.057558,0.067233,0.009674,0.168080
vib_normal_0hp,IMP_INTERP_ERROR,198,0.386719,0.038318,0.082216,0.043898,1.145630
vib_normal_0hp,IMP_INTERP_ERROR,199,0.388672,0.103222,0.131358,0.028136,0.272577
vib_normal_0hp,IMP_INTERP_ERROR,200,0.390625,0.031272,0.067216,0.035944,1.149378
vib_normal_0hp,IMP_INTERP_ERROR,201,0.392578,0.024682,0.049087,0.024405,0.988759
vib_normal_0hp,IMP_INTERP_ERROR,202,0.394531,0.055411,0.073860,0.018450,0.332964
vib_normal_0hp,IMP_INTERP_ERROR,203,0.396484,0.021797,0.112543,0.090746,4.163199
vib_normal_0hp,IMP_INTERP_ERROR,204,0.398438,0.131751,0.120395,0.011355,0.086189
vib_normal_0hp,IMP_INTERP_ERROR,205,0.400391,0.209107,0.182255,0.026851,0.128410
vib_normal_0hp,IMP_INTERP_ERROR,206,0.402344,0.081699,0.082450,0.000751,0.009194
vib_normal_0hp,IMP_INTERP_ERROR,207,0.404297,0.147683,0.179438,0.031755,0.215022
vib_normal_0hp,IMP_INTERP_ERROR,208,0.406250,0.082585,0.123140,0.040555,0.491070
vib_normal_0hp,IMP_INTERP_ERROR,209,0.408203,0.114318,0.139489,0.025172,0.220190
vib_normal_0hp,IMP_INTERP_ERROR,210,0.410156,0.246078,0.311879,0.065801,0.267397
vib_normal_0hp,IMP_INTERP_ERROR,211,0.412109,0.228088,0.282887,0.054799,0.240254
vib_normal_0hp,IMP_INTERP_ERROR,212,0.414062,0.054460,0.097211,0.042751,0.785005
vib_normal_0hp,IMP_INTERP_ERROR,213,0.416016,0.057259,0.088666,0.031407,0.548513
vib_normal_0hp,IMP_INTERP_ERROR,214,0.417969,0.072447,0.099612,0.027165,0.374965
vib_normal_0hp,IMP_INTERP_ERROR,215,0.419922,0.051492,0.131219,0.079726,1.548322
vib_normal_0hp,IMP_INTERP_ERROR,216,0.421875,0.012871,0.057481,0.044611,3.466108
vib_normal_0hp,IMP_INTERP_ERROR,217,0.423828,0.039107,0.059915,0.020809,0.532102
vib_normal_0hp,IMP_INTERP_ERROR,218,0.425781,0.032751,0.059355,0.026604,0.812303
vib_normal_0hp,IMP_INTERP_ERROR,219,0.427734,0.042406,0.100516,0.058110,1.370335
vib_normal_0hp,IMP_INTERP_ERROR,220,0.429688,0.025319,0.016005,0.009313,0.367847
vib_normal_0hp,IMP_INTERP_ERROR,221,0.431641,0.014509,0.092892,0.078383,5.402456
vib_normal_0hp,IMP_INTERP_ERROR,222,0.433594,0.009992,0.066348,0.056355,5.639815
vib_normal_0hp,IMP_INTERP_ERROR,223,0.435547,0.052514,0.083080,0.030567,0.582075
vib_normal_0hp,IMP_INTERP_ERROR,224,0.437500,0.045024,0.072440,0.027416,0.608926
vib_normal_0hp,IMP_INTERP_ERROR,225,0.439453,0.025433,0.176120,0.150688,5.924901
vib_normal_0hp,IMP_INTERP_ERROR,226,0.441406,0.038573,0.172925,0.134352,3.483046
vib_normal_0hp,IMP_INTERP_ERROR,227,0.443359,0.057452,0.073194,0.015741,0.273992
vib_normal_0hp,IMP_INTERP_ERROR,228,0.445312,0.030708,0.044318,0.013610,0.443210
vib_normal_0hp,IMP_INTERP_ERROR,229,0.447266,0.052417,0.064054,0.011637,0.222000
vib_normal_0hp,IMP_INTERP_ERROR,230,0.449219,0.017167,0.135326,0.118160,6.883104
vib_normal_0hp,IMP_INTERP_ERROR,231,0.451172,0.039776,0.087593,0.047818,1.202185
vib_normal_0hp,IMP_INTERP_ERROR,232,0.453125,0.025692,0.032362,0.006669,0.259577
vib_normal_0hp,IMP_INTERP_ERROR,233,0.455078,0.018993,0.032445,0.013452,0.708252
vib_normal_0hp,IMP_INTERP_ERROR,234,0.457031,0.030676,0.127064,0.096387,3.142056
vib_normal_0hp,IMP_INTERP_ERROR,235,0.458984,0.013765,0.125118,0.111353,8.089293
vib_normal_0hp,IMP_INTERP_ERROR,236,0.460938,0.032421,0.045330,0.012910,0.398189
vib_normal_0hp,IMP_INTERP_ERROR,237,0.462891,0.022262,0.024938,0.002677,0.120243
vib_normal_0hp,IMP_INTERP_ERROR,238,0.464844,0.015066,0.067747,0.052681,3.496704
vib_normal_0hp,IMP_INTERP_ERROR,239,0.466797,0.003128,0.066205,0.063077,20.164158
vib_normal_0hp,IMP_INTERP_ERROR,240,0.468750,0.014704,0.092421,0.077717,5.285527
vib_normal_0hp,IMP_INTERP_ERROR,241,0.470703,0.020154,0.061427,0.041274,2.047929
vib_normal_0hp,IMP_INTERP_ERROR,242,0.472656,0.016399,0.019560,0.003160,0.192717
vib_normal_0hp,IMP_INTERP_ERROR,243,0.474609,0.015050,0.118517,0.103467,6.874950
vib_normal_0hp,IMP_INTERP_ERROR,244,0.476562,0.008852,0.076803,0.067951,7.676442
vib_normal_0hp,IMP_INTERP_ERROR,245,0.478516,0.013904,0.087986,0.074082,5.328112
vib_normal_0hp,IMP_INTERP_ERROR,246,0.480469,0.015618,0.063576,0.047958,3.070597
vib_normal_0hp,IMP_INTERP_ERROR,247,0.482422,0.012737,0.049289,0.036552,2.869805
vib_normal_0hp,IMP_INTERP_ERROR,248,0.484375,0.012293,0.079006,0.066713,5.426870
vib_normal_0hp,IMP_INTERP_ERROR,249,0.486328,0.013596,0.024666,0.011070,0.814216
vib_normal_0hp,IMP_INTERP_ERROR,250,0.488281,0.013288,0.015637,0.002349,0.176810
vib_normal_0hp,IMP_INTERP_ERROR,251,0.490234,0.011737,0.039121,0.027384,2.333163
vib_normal_0hp,IMP_INTERP_ERROR,252,0.492188,0.015428,0.024740,0.009312,0.603545
vib_normal_0hp,IMP_INTERP_ERROR,253,0.494141,0.012755,0.025320,0.012565,0.985116
vib_normal_0hp,IMP_INTERP_ERROR,254,0.496094,0.013539,0.059867,0.046328,3.421860
vib_normal_0hp,IMP_INTERP_ERROR,255,0.498047,0.011949,0.079147,0.067198,5.623784
vib_normal_0hp,RDP_OFFLINE,0,0.000000,6.936047,6.673499,0.262548,0.037853
vib_normal_0hp,RDP_OFFLINE,1,0.001953,0.467408,0.558715,0.091307,0.195348
vib_normal_0hp,RDP_OFFLINE,2,0.003906,4.452111,4.533083,0.080972,0.018187
vib_normal_0hp,RDP_OFFLINE,3,0.005859,1.911404,1.786483,0.124921,0.065355
vib_normal_0hp,RDP_OFFLINE,4,0.007812,4.788894,4.929558,0.140664,0.029373
vib_normal_0hp,RDP_OFFLINE,5,0.009766,1.219636,1.145891,0.073746,0.060465
vib_normal_0hp,RDP_OFFLINE,6,0.011719,3.610080,3.577605,0.032474,0.008995
vib_normal_0hp,RDP_OFFLINE,7,0.013672,11.759982,11.721187,0.038795,0.003299
vib_normal_0hp,RDP_OFFLINE,8,0.015625,0.453676,0.497227,0.043551,0.095996
vib_normal_0hp,RDP_OFFLINE,9,0.017578,2.542436,2.526026,0.016410,0.006454
vib_normal_0hp,RDP_OFFLINE,10,0.019531,2.056728,2.225370,0.168642,0.081995
vib_normal_0hp,RDP_OFFLINE,11,0.021484,1.786622,1.924867,0.138245,0.077378
vib_normal_0hp,RDP_OFFLINE,12,0.023438,3.578474,3.511103,0.067371,0.018827
vib_normal_0hp,RDP_OFFLINE,13,0.025391,0.837006,0.862788,0.025781,0.030802
vib_normal_0hp,RDP_OFFLINE,14,0.027344,0.576944,0.771286,0.194341,0.336846
vib_normal_0hp,RDP_OFFLINE,15,0.029297,4.743683,4.623209,0.120474,0.025397
vib_normal_0hp,RDP_OFFLINE,16,0.031250,0.947990,0.971355,0.023365,0.024647
vib_normal_0hp,RDP_OFFLINE,17,0.033203,1.413153,1.505486,0.092333,0.065338
vib_normal_0hp,RDP_OFFLINE,18,0.035156,0.438342,0.354210,0.084132,0.191933
vib_normal_0hp,RDP_OFFLINE,19,0.037109,0.889238,0.878582,0.010657,0.011984
vib_normal_0hp,RDP_OFFLINE,20,0.039062,0.249758,0.540972,0.291214,1.165987
vib_normal_0hp,RDP_OFFLINE,21,0.041016,0.750516,0.750346,0.000171,0.000227
vib_normal_0hp,RDP_OFFLINE,22,0.042969,0.391957,0.401402,0.009445,0.024097
vib_normal_0hp,RDP_OFFLINE,23,0.044922,0.348913,0.320552,0.028362,0.081285
vib_normal_0hp,RDP_OFFLINE,24,0.046875,0.510972,0.327400,0.183571,0.359260
vib_normal_0hp,RDP_OFFLINE,25,0.048828,0.395898,0.440747,0.044849,0.113285
vib_normal_0hp,RDP_OFFLINE,26,0.050781,0.752021,0.671126,0.080895,0.107570
vib_normal_0hp,RDP_OFFLINE,27,0.052734,0.678608,0.731832,0.053224,0.078430
vib_normal_0hp,RDP_OFFLINE,28,0.054688,3.811568,3.841506,0.029939,0.007855
vib_normal_0hp,RDP_OFFLINE,29,0.056641,3.928666,3.778448,0.150218,0.038236
vib_normal_0hp,RDP_OFFLINE,30,0.058594,1.454437,1.445460,0.008977,0.006172
vib_normal_0hp,RDP_OFFLINE,31,0.060547,3.678700,3.511466,0.167234,0.045460
vib_normal_0hp,RDP_OFFLINE,32,0.062500,0.843138,0.919418,0.076279,0.090471
vib_normal_0hp,RDP_OFFLINE,33,0.064453,0.284985,0.293874,0.008890,0.031194
vib_normal_0hp,RDP_OFFLINE,34,0.066406,1.363918,1.264018,0.099900,0.073245
vib_normal_0hp,RDP_OFFLINE,35,0.068359,2.737004,2.561918,0.175086,0.063970
vib_normal_0hp,RDP_OFFLINE,36,0.070312,2.393241,2.409762,0.016521,0.006903
vib_normal_0hp,RDP_OFFLINE,37,0.072266,2.022654,1.945924,0.076730,0.037935
vib_normal_0hp,RDP_OFFLINE,38,0.074219,0.814021,0.596300,0.217721,0.267464
vib_normal_0hp,RDP_OFFLINE,39,0.076172,1.432742,1.521402,0.088660,0.061881
vib_normal_0hp,RDP_OFFLINE,40,0.078125,0.539235,0.628391,0.089156,0.165338
vib_normal_0hp,RDP_OFFLINE,41,0.080078,2.025535,2.046123,0.020588,0.010164
vib_normal_0hp,RDP_OFFLINE,42,0.082031,2.382928,2.275762,0.107167,0.044973
vib_normal_0hp,RDP_OFFLINE,43,0.083984,5.794625,5.715138,0.079488,0.013718
vib_normal_0hp,RDP_OFFLINE,44,0.085938,12.038282,11.628938,0.409344,0.034004
vib_normal_0hp,RDP_OFFLINE,45,0.087891,11.320222,10.926463,0.393760,0.034784
vib_normal_0hp,RDP_OFFLINE,46,0.089844,4.910025,4.665765,0.244260,0.049747
vib_normal_0hp,RDP_OFFLINE,47,0.091797,6.353243,6.198570,0.154673,0.024345
vib_normal_0hp,RDP_OFFLINE,48,0.093750,3.310559,3.310727,0.000168,0.000051
vib_normal_0hp,RDP_OFFLINE,49,0.095703,0.761392,0.687994,0.073399,0.096400
vib_normal_0hp,RDP_OFFLINE,50,0.097656,0.565206,0.418858,0.146348,0.258929
vib_normal_0hp,RDP_OFFLINE,51,0.099609,0.514048,0.481852,0.032196,0.062632
vib_normal_0hp,RDP_OFFLINE,52,0.101562,0.629513,0.693684,0.064171,0.101938
vib_normal_0hp,RDP_OFFLINE,53,0.103516,0.786706,0.728078,0.058627,0.074523
vib_normal_0hp,RDP_OFFLINE,54,0.105469,0.494864,0.370311,0.124553,0.251692
vib_normal_0hp,RDP_OFFLINE,55,0.107422,0.488308,0.424297,0.064011,0.131087
vib_normal_0hp,RDP_OFFLINE,56,0.109375,1.571674,1.659943,0.088269,0.056163
vib_normal_0hp,RDP_OFFLINE,57,0.111328,1.780623,1.669008,0.111615,0.062683
vib_normal_0hp,RDP_OFFLINE,58,0.113281,0.546440,0.583656,0.037216,0.068106
vib_normal_0hp,RDP_OFFLINE,59,0.115234,0.910047,1.114250,0.204203,0.224387
vib_normal_0hp,RDP_OFFLINE,60,0.117188,0.538508,0.406228,0.132280,0.245641
vib_normal_0hp,RDP_OFFLINE,61,0.119141,0.527142,0.540177,0.013035,0.024728
vib_normal_0hp,RDP_OFFLINE,62,0.121094,0.532826,0.613337,0.080511,0.151101
vib_normal_0hp,RDP_OFFLINE,63,0.123047,0.648924,0.710710,0.061785,0.095212
vib_normal_0hp,RDP_OFFLINE,64,0.125000,0.250825,0.140353,0.110472,0.440433
vib_normal_0hp,RDP_OFFLINE,65,0.126953,0.383610,0.258936,0.124674,0.325002
vib_normal_0hp,RDP_OFFLINE,66,0.128906,0.298577,0.278381,0.020197,0.067643
vib_normal_0hp,RDP_OFFLINE,67,0.130859,0.191343,0.201875,0.010532,0.055042
vib_normal_0hp,RDP_OFFLINE,68,0.132812,0.067645,0.163691,0.096047,1.419870
vib_normal_0hp,RDP_OFFLINE,69,0.134766,0.411449,0.299755,0.111694,0.271465
vib_normal_0hp,RDP_OFFLINE,70,0.136719,0.328108,0.325205,0.002903,0.008848
vib_normal_0hp,RDP_OFFLINE,71,0.138672,0.437623,0.376340,0.061284,0.140037
vib_normal_0hp,RDP_OFFLINE,72,0.140625,0.493405,0.497484,0.004079,0.008267
vib_normal_0hp,RDP_OFFLINE,73,0.142578,0.415890,0.318130,0.097760,0.235063
vib_normal_0hp,RDP_OFFLINE,74,0.144531,0.372076,0.548866,0.176790,0.475143
vib_normal_0hp,RDP_OFFLINE,75,0.146484,0.169585,0.062942,0.106644,0.628849
vib_normal_0hp,RDP_OFFLINE,76,0.148438,0.278223,0.368421,0.090197,0.324191
vib_normal_0hp,RDP_OFFLINE,77,0.150391,0.300156,0.318510,0.018354,0.061149
vib_normal_0hp,RDP_OFFLINE,78,0.152344,0.388947,0.382741,0.006206,0.015956
vib_normal_0hp,RDP_OFFLINE,79,0.154297,0.472943,0.466010,0.006933,0.014659
vib_normal_0hp,RDP_OFFLINE,80,0.156250,0.091327,0.045320,0.046008,0.503768
vib_normal_0hp,RDP_OFFLINE,81,0.158203,0.553691,0.464511,0.089181,0.161066
vib_normal_0hp,RDP_OFFLINE,82,0.160156,0.185570,0.238034,0.052464,0.282719
vib_normal_0hp,RDP_OFFLINE,83,0.162109,0.418754,0.212183,0.206570,0.493298
vib_normal_0hp,RDP_OFFLINE,84,0.164062,0.594953,0.664667,0.069714,0.117176
vib_normal_0hp,RDP_OFFLINE,85,0.166016,0.273973,0.181006,0.092967,0.339329
vib_normal_0hp,RDP_OFFLINE,86,0.167969,0.997475,0.852223,0.145252,0.145620
vib_normal_0hp,RDP_OFFLINE,87,0.169922,0.714547,0.655740,0.058806,0.082299
vib_normal_0hp,RDP_OFFLINE,88,0.171875,1.603860,1.228582,0.375278,0.233984
vib_normal_0hp,RDP_OFFLINE,89,0.173828,1.931857,1.786349,0.145508,0.075320
vib_normal_0hp,RDP_OFFLINE,90,0.175781,4.743342,4.382312,0.361029,0.076113
vib_normal_0hp,RDP_OFFLINE,91,0.177734,0.798295,0.962986,0.164692,0.206304
vib_normal_0hp,RDP_OFFLINE,92,0.179688,0.625201,0.365595,0.259606,0.415236
vib_normal_0hp,RDP_OFFLINE,93,0.181641,0.431935,0.406225,0.025710,0.059523
vib_normal_0hp,RDP_OFFLINE,94,0.183594,0.408072,0.357796,0.050276,0.123204
vib_normal_0hp,RDP_OFFLINE,95,0.185547,0.480849,0.333081,0.147767,0.307306
vib_normal_0hp,RDP_OFFLINE,96,0.187500,0.287288,0.317389,0.030101,0.104777
vib_normal_0hp,RDP_OFFLINE,97,0.189453,0.252758,0.191785,0.060974,0.241233
vib_normal_0hp,RDP_OFFLINE,98,0.191406,0.224635,0.188647,0.035988,0.160208
vib_normal_0hp,RDP_OFFLINE,99,0.193359,0.273428,0.337288,0.063860,0.233553
vib_normal_0hp,RDP_OFFLINE,100,0.195312,0.276220,0.311794,0.035574,0.128789
vib_normal_0hp,RDP_OFFLINE,101,0.197266,0.369297,0.435374,0.066077,0.178927
vib_normal_0hp,RDP_OFFLINE,102,0.199219,0.198188,0.111725,0.086463,0.436268
vib_normal_0hp,RDP_OFFLINE,103,0.201172,0.143827,0.178728,0.034901,0.242657
vib_normal_0hp,RDP_OFFLINE,104,0.203125,0.194506,0.242102,0.047596,0.244701
vib_normal_0hp,RDP_OFFLINE,105,0.205078,0.121358,0.159817,0.038460,0.316912
vib_normal_0hp,RDP_OFFLINE,106,0.207031,0.140722,0.138218,0.002504,0.017791
vib_normal_0hp,RDP_OFFLINE,107,0.208984,0.119734,0.172094,0.052360,0.437304
vib_normal_0hp,RDP_OFFLINE,108,0.210938,0.077263,0.108479,0.031216,0.404028
vib_normal_0hp,RDP_OFFLINE,109,0.212891,0.152671,0.120194,0.032477,0.212728
vib_normal_0hp,RDP_OFFLINE,110,0.214844,0.377331,0.333712,0.043619,0.115600
vib_normal_0hp,RDP_OFFLINE,111,0.216797,0.101451,0.062796,0.038655,0.381024
vib_normal_0hp,RDP_OFFLINE,112,0.218750,0.214282,0.165116,0.049166,0.229447
vib_normal_0hp,RDP_OFFLINE,113,0.220703,0.308617,0.414061,0.105445,0.341668
vib_normal_0hp,RDP_OFFLINE,114,0.222656,0.079205,0.060221,0.018984,0.239679
vib_normal_0hp,RDP_OFFLINE,115,0.224609,0.066007,0.162164,0.096157,1.456771
vib_normal_0hp,RDP_OFFLINE,116,0.226562,0.115326,0.125159,0.009833,0.085262
vib_normal_0hp,RDP_OFFLINE,117,0.228516,0.061584,0.232335,0.170752,2.772675
vib_normal_0hp,RDP_OFFLINE,118,0.230469,0.094656,0.085205,0.009451,0.099847
vib_normal_0hp,RDP_OFFLINE,119,0.232422,0.068031,0.219364,0.151334,2.224482
vib_normal_0hp,RDP_OFFLINE,120,0.234375,0.178131,0.133605,0.044527,0.249965
vib_normal_0hp,RDP_OFFLINE,121,0.236328,0.118276,0.232088,0.113813,0.962265
vib_normal_0hp,RDP_OFFLINE,122,0.238281,0.181523,0.305091,0.123567,0.680724
vib_normal_0hp,RDP_OFFLINE,123,0.240234,0.187071,0.166769,0.020302,0.108526
vib_normal_0hp,RDP_OFFLINE,124,0.242188,0.054484,0.063548,0.009065,0.166379
vib_normal_0hp,RDP_OFFLINE,125,0.244141,0.114165,0.054248,0.059918,0.524833
vib_normal_0hp,RDP_OFFLINE,126,0.246094,0.246170,0.285497,0.039327,0.159754
vib_normal_0hp,RDP_OFFLINE,127,0.248047,0.050719,0.092542,0.041823,0.824600
vib_normal_0hp,RDP_OFFLINE,128,0.250000,0.240872,0.242663,0.001790,0.007433
vib_normal_0hp,RDP_OFFLINE,129,0.251953,0.321845,0.275345,0.046500,0.144479
vib_normal_0hp,RDP_OFFLINE,130,0.253906,0.129325,0.167390,0.038065,0.294334
vib_normal_0hp,RDP_OFFLINE,131,0.255859,0.246618,0.192732,0.053886,0.218501
vib_normal_0hp,RDP_OFFLINE,132,0.257812,0.076819,0.064420,0.012399,0.161411
vib_normal_0hp,RDP_OFFLINE,133,0.259766,0.147260,0.068012,0.079248,0.538149
vib_normal_0hp,RDP_OFFLINE,134,0.261719,0.084163,0.222801,0.138639,1.647270
vib_normal_0hp,RDP_OFFLINE,135,0.263672,0.228289,0.294305,0.066016,0.289176
vib_normal_0hp,RDP_OFFLINE,136,0.265625,0.209429,0.239144,0.029715,0.141888
vib_normal_0hp,RDP_OFFLINE,137,0.267578,0.238383,0.140281,0.098102,0.411532
vib_normal_0hp,RDP_OFFLINE,138,0.269531,0.138593,0.186671,0.048078,0.346900
vib_normal_0hp,RDP_OFFLINE,139,0.271484,0.048149,0.027841,0.020308,0.421780
vib_normal_0hp,RDP_OFFLINE,140,0.273438,0.050075,0.054343,0.004269,0.085250
vib_normal_0hp,RDP_OFFLINE,141,0.275391,0.079433,0.104871,0.025438,0.320251
vib_normal_0hp,RDP_OFFLINE,142,0.277344,0.130837,0.134148,0.003312,0.025312
vib_normal_0hp,RDP_OFFLINE,143,0.279297,0.100739,0.041634,0.059105,0.586718
vib_normal_0hp,RDP_OFFLINE,144,0.281250,0.095214,0.020303,0.074910,0.786761
vib_normal_0hp,RDP_OFFLINE,145,0.283203,0.086741,0.159919,0.073179,0.843647
vib_normal_0hp,RDP_OFFLINE,146,0.285156,0.102836,0.132484,0.029648,0.288306
vib_normal_0hp,RDP_OFFLINE,147,0.287109,0.260314,0.212530,0.047784,0.183564
vib_normal_0hp,RDP_OFFLINE,148,0.289062,0.044097,0.174265,0.130168,2.951828
vib_normal_0hp,RDP_OFFLINE,149,0.291016,0.051878,0.091607,0.039729,0.765804
vib_normal_0hp,RDP_OFFLINE,150,0.292969,0.081214,0.169769,0.088555,1.090380
vib_normal_0hp,RDP_OFFLINE,151,0.294922,0.087804,0.148499,0.060696,0.691266
vib_normal_0hp,RDP_OFFLINE,152,0.296875,0.066064,0.089565,0.023501,0.355732
vib_normal_0hp,RDP_OFFLINE,153,0.298828,0.111780,0.095214,0.016566,0.148202
vib_normal_0hp,RDP_OFFLINE,154,0.300781,0.088468,0.077299,0.011169,0.126245
vib_normal_0hp,RDP_OFFLINE,155,0.302734,0.021151,0.034782,0.013631,0.644468
vib_normal_0hp,RDP_OFFLINE,156,0.304688,0.020017,0.255249,0.235232,11.751389
vib_normal_0hp,RDP_OFFLINE,157,0.306641,0.082702,0.219883,0.137181,1.658743
vib_normal_0hp,RDP_OFFLINE,158,0.308594,0.095591,0.118207,0.022616,0.236593
vib_normal_0hp,RDP_OFFLINE,159,0.310547,0.060266,0.036757,0.023509,0.390091
vib_normal_0hp,RDP_OFFLINE,160,0.312500,0.070842,0.136839,0.065997,0.931605
vib_normal_0hp,RDP_OFFLINE,161,0.314453,0.035009,0.100566,0.065557,1.872561
vib_normal_0hp,RDP_OFFLINE,162,0.316406,0.075004,0.069030,0.005975,0.079658
vib_normal_0hp,RDP_OFFLINE,163,0.318359,0.064701,0.185928,0.121227,1.873656
vib_normal_0hp,RDP_OFFLINE,164,0.320312,0.087449,0.023851,0.063599,0.727262
vib_normal_0hp,RDP_OFFLINE,165,0.322266,0.084490,0.072604,0.011887,0.140686
vib_normal_0hp,RDP_OFFLINE,166,0.324219,0.039339,0.161438,0.122099,3.103765
vib_normal_0hp,RDP_OFFLINE,167,0.326172,0.067475,0.081884,0.014410,0.213555
vib_normal_0hp,RDP_OFFLINE,168,0.328125,0.085096,0.085888,0.000792,0.009309
vib_normal_0hp,RDP_OFFLINE,169,0.330078,0.044307,0.058197,0.013890,0.313496
vib_normal_0hp,RDP_OFFLINE,170,0.332031,0.020851,0.081651,0.060800,2.915992
vib_normal_0hp,RDP_OFFLINE,171,0.333984,0.056840,0.090991,0.034151,0.600818
vib_normal_0hp,RDP_OFFLINE,172,0.335938,0.070401,0.174250,0.103849,1.475099
vib_normal_0hp,RDP_OFFLINE,173,0.337891,0.037787,0.044344,0.006557,0.173527
vib_normal_0hp,RDP_OFFLINE,174,0.339844,0.041920,0.077140,0.035219,0.840146
vib_normal_0hp,RDP_OFFLINE,175,0.341797,0.083469,0.076430,0.007039,0.084326
vib_normal_0hp,RDP_OFFLINE,176,0.343750,0.095084,0.256557,0.161473,1.698210
vib_normal_0hp,RDP_OFFLINE,177,0.345703,0.109424,0.080463,0.028961,0.264666
vib_normal_0hp,RDP_OFFLINE,178,0.347656,0.071377,0.056150,0.015227,0.213335
vib_normal_0hp,RDP_OFFLINE,179,0.349609,0.102968,0.237446,0.134478,1.306011
vib_normal_0hp,RDP_OFFLINE,180,0.351562,0.109586,0.308352,0.198766,1.813796
vib_normal_0hp,RDP_OFFLINE,181,0.353516,0.064166,0.173609,0.109443,1.705633
vib_normal_0hp,RDP_OFFLINE,182,0.355469,0.092874,0.046596,0.046278,0.498287
vib_normal_0hp,RDP_OFFLINE,183,0.357422,0.064225,0.106119,0.041895,0.652313
vib_normal_0hp,RDP_OFFLINE,184,0.359375,0.082910,0.124484,0.041574,0.501439
vib_normal_0hp,RDP_OFFLINE,185,0.361328,0.008646,0.033622,0.024976,2.888736
vib_normal_0hp,RDP_OFFLINE,186,0.363281,0.023127,0.058679,0.035553,1.537289
vib_normal_0hp,RDP_OFFLINE,187,0.365234,0.056217,0.055624,0.000594,0.010558
vib_normal_0hp,RDP_OFFLINE,188,0.367188,0.081724,0.130521,0.048797,0.597096
vib_normal_0hp,RDP_OFFLINE,189,0.369141,0.163662,0.051653,0.112010,0.684395
vib_normal_0hp,RDP_OFFLINE,190,0.371094,0.198884,0.130910,0.067974,0.341776
vib_normal_0hp,RDP_OFFLINE,191,0.373047,0.024433,0.100398,0.075965,3.109040
vib_normal_0hp,RDP_OFFLINE,192,0.375000,0.093506,0.102052,0.008546,0.091392
vib_normal_0hp,RDP_OFFLINE,193,0.376953,0.020584,0.143854,0.123271,5.988759
vib_normal_0hp,RDP_OFFLINE,194,0.378906,0.120257,0.174023,0.053766,0.447095
vib_normal_0hp,RDP_OFFLINE,195,0.380859,0.055826,0.108134,0.052308,0.936994
vib_normal_0hp,RDP_OFFLINE,196,0.382812,0.078744,0.218899,0.140156,1.779898
vib_normal_0hp,RDP_OFFLINE,197,0.384766,0.057558,0.076247,0.018688,0.324680
vib_normal_0hp,RDP_OFFLINE,198,0.386719,0.038318,0.038518,0.000200,0.005223
vib_normal_0hp,RDP_OFFLINE,199,0.388672,0.103222,0.151821,0.048599,0.470818
vib_normal_0hp,RDP_OFFLINE,200,0.390625,0.031272,0.165354,0.134082,4.287568
vib_normal_0hp,RDP_OFFLINE,201,0.392578,0.024682,0.053487,0.028805,1.167025
vib_normal_0hp,RDP_OFFLINE,202,0.394531,0.055411,0.111861,0.056450,1.018755
vib_normal_0hp,RDP_OFFLINE,203,0.396484,0.021797,0.140440,0.118643,5.443037
vib_normal_0hp,RDP_OFFLINE,204,0.398438,0.131751,0.181331,0.049580,0.376320
vib_normal_0hp,RDP_OFFLINE,205,0.400391,0.209107,0.274384,0.065277,0.312171
vib_normal_0hp,RDP_OFFLINE,206,0.402344,0.081699,0.089850,0.008151,0.099767
vib_normal_0hp,RDP_OFFLINE,207,0.404297,0.147683,0.264873,0.117190,0.793522
vib_normal_0hp,RDP_OFFLINE,208,0.406250,0.082585,0.066047,0.016538,0.200249
vib_normal_0hp,RDP_OFFLINE,209,0.408203,0.114318,0.218163,0.103845,0.908395
vib_normal_0hp,RDP_OFFLINE,210,0.410156,0.246078,0.429864,0.183786,0.746859
vib_normal_0hp,RDP_OFFLINE,211,0.412109,0.228088,0.202884,0.025205,0.110504
vib_normal_0hp,RDP_OFFLINE,212,0.414062,0.054460,0.029856,0.024604,0.451778
vib_normal_0hp,RDP_OFFLINE,213,0.416016,0.057259,0.126952,0.069693,1.217161
vib_normal_0hp,RDP_OFFLINE,214,0.417969,0.072447,0.184843,0.112396,1.551420
vib_normal_0hp,RDP_OFFLINE,215,0.419922,0.051492,0.027386,0.024106,0.468143
vib_normal_0hp,RDP_OFFLINE,216,0.421875,0.012871,0.083053,0.070182,5.452888
vib_normal_0hp,RDP_OFFLINE,217,0.423828,0.039107,0.038417,0.000690,0.017636
vib_normal_0hp,RDP_OFFLINE,218,0.425781,0.032751,0.150900,0.118149,3.607449
vib_normal_0hp,RDP_OFFLINE,219,0.427734,0.042406,0.169065,0.126659,2.986816
vib_normal_0hp,RDP_OFFLINE,220,0.429688,0.025319,0.127141,0.101822,4.021619
vib_normal_0hp,RDP_OFFLINE,221,0.431641,0.014509,0.015096,0.000587,0.040460
vib_normal_0hp,RDP_OFFLINE,222,0.433594,0.009992,0.162707,0.152715,15.283031
vib_normal_0hp,RDP_OFFLINE,223,0.435547,0.052514,0.162051,0.109537,2.085882
vib_normal_0hp,RDP_OFFLINE,224,0.437500,0.045024,0.157187,0.112164,2.491210
vib_normal_0hp,RDP_OFFLINE,225,0.439453,0.025433,0.336085,0.310653,12.214588
vib_normal_0hp,RDP_OFFLINE,226,0.441406,0.038573,0.093827,0.055254,1.432442
vib_normal_0hp,RDP_OFFLINE,227,0.443359,0.057452,0.090015,0.032563,0.566777
vib_normal_0hp,RDP_OFFLINE,228,0.445312,0.030708,0.131293,0.100585,3.275516
vib_normal_0hp,RDP_OFFLINE,229,0.447266,0.052417,0.054001,0.001584,0.030216
vib_normal_0hp,RDP_OFFLINE,230,0.449219,0.017167,0.075751,0.058585,3.412711
vib_normal_0hp,RDP_OFFLINE,231,0.451172,0.039776,0.104017,0.064241,1.615093
vib_normal_0hp,RDP_OFFLINE,232,0.453125,0.025692,0.110705,0.085012,3.308855
vib_normal_0hp,RDP_OFFLINE,233,0.455078,0.018993,0.058653,0.039660,2.088126
vib_normal_0hp,RDP_OFFLINE,234,0.457031,0.030676,0.066186,0.035509,1.157547
vib_normal_0hp,RDP_OFFLINE,235,0.458984,0.013765,0.049639,0.035874,2.606079
vib_normal_0hp,RDP_OFFLINE,236,0.460938,0.032421,0.137763,0.105343,3.249243
vib_normal_0hp,RDP_OFFLINE,237,0.462891,0.022262,0.051130,0.028868,1.296763
vib_normal_0hp,RDP_OFFLINE,238,0.464844,0.015066,0.132156,0.117090,7.771838
vib_normal_0hp,RDP_OFFLINE,239,0.466797,0.003128,0.085532,0.082404,26.342533
vib_normal_0hp,RDP_OFFLINE,240,0.468750,0.014704,0.089314,0.074610,5.074212
vib_normal_0hp,RDP_OFFLINE,241,0.470703,0.020154,0.040040,0.019887,0.986737
vib_normal_0hp,RDP_OFFLINE,242,0.472656,0.016399,0.082870,0.066471,4.053311
vib_normal_0hp,RDP_OFFLINE,243,0.474609,0.015050,0.211589,0.196540,13.059172
vib_normal_0hp,RDP_OFFLINE,244,0.476562,0.008852,0.104173,0.095321,10.768490
vib_normal_0hp,RDP_OFFLINE,245,0.478516,0.013904,0.078831,0.064927,4.669691
vib_normal_0hp,RDP_OFFLINE,246,0.480469,0.015618,0.012734,0.002885,0.184706
vib_normal_0hp,RDP_OFFLINE,247,0.482422,0.012737,0.078349,0.065613,5.151393
vib_normal_0hp,RDP_OFFLINE,248,0.484375,0.012293,0.168773,0.156480,12.729110
vib_normal_0hp,RDP_OFFLINE,249,0.486328,0.013596,0.068109,0.054513,4.009476
vib_normal_0hp,RDP_OFFLINE,250,0.488281,0.013288,0.060301,0.047013,3.538074
vib_normal_0hp,RDP_OFFLINE,251,0.490234,0.011737,0.078978,0.067241,5.729058
vib_normal_0hp,RDP_OFFLINE,252,0.492188,0.015428,0.023080,0.007652,0.495950
vib_normal_0hp,RDP_OFFLINE,253,0.494141,0.012755,0.038125,0.025370,1.989057
vib_normal_0hp,RDP_OFFLINE,254,0.496094,0.013539,0.097300,0.083761,6.186747
vib_normal_0hp,RDP_OFFLINE,255,0.498047,0.011949,0.113903,0.101954,8.532484
vib_normal_0hp,LTTB_OFFLINE,0,0.000000,6.936047,6.353286,0.582761,0.084019
vib_normal_0hp,LTTB_OFFLINE,1,0.001953,0.467408,0.660282,0.192874,0.412645
vib_normal_0hp,LTTB_OFFLINE,2,0.003906,4.452111,4.566973,0.114862,0.025800
vib_normal_0hp,LTTB_OFFLINE,3,0.005859,1.911404,1.884536,0.026867,0.014056
vib_normal_0hp,LTTB_OFFLINE,4,0.007812,4.788894,4.842065,0.053171,0.011103
vib_normal_0hp,LTTB_OFFLINE,5,0.009766,1.219636,1.242350,0.022714,0.018624
vib_normal_0hp,LTTB_OFFLINE,6,0.011719,3.610080,3.895858,0.285778,0.079161
vib_normal_0hp,LTTB_OFFLINE,7,0.013672,11.759982,11.578372,0.181611,0.015443
vib_normal_0hp,LTTB_OFFLINE,8,0.015625,0.453676,0.778830,0.325153,0.716707
vib_normal_0hp,LTTB_OFFLINE,9,0.017578,2.542436,2.310786,0.231649,0.091113
vib_normal_0hp,LTTB_OFFLINE,10,0.019531,2.056728,2.169138,0.112410,0.054655
vib_normal_0hp,LTTB_OFFLINE,11,0.021484,1.786622,1.771173,0.015449,0.008647
vib_normal_0hp,LTTB_OFFLINE,12,0.023438,3.578474,3.619842,0.041368,0.011560
vib_normal_0hp,LTTB_OFFLINE,13,0.025391,0.837006,0.902257,0.065250,0.077957
vib_normal_0hp,LTTB_OFFLINE,14,0.027344,0.576944,0.485596,0.091349,0.158332
vib_normal_0hp,LTTB_OFFLINE,15,0.029297,4.743683,4.871846,0.128163,0.027018
vib_normal_0hp,LTTB_OFFLINE,16,0.031250,0.947990,0.913762,0.034228,0.036106
vib_normal_0hp,LTTB_OFFLINE,17,0.033203,1.413153,1.296236,0.116917,0.082735
vib_normal_0hp,LTTB_OFFLINE,18,0.035156,0.438342,0.458919,0.020577,0.046942
vib_normal_0hp,LTTB_OFFLINE,19,0.037109,0.889238,0.973683,0.084445,0.094963
vib_normal_0hp,LTTB_OFFLINE,20,0.039062,0.249758,0.427139,0.177382,0.710216
vib_normal_0hp,LTTB_OFFLINE,21,0.041016,0.750516,0.599646,0.150870,0.201022
vib_normal_0hp,LTTB_OFFLINE,22,0.042969,0.391957,0.583097,0.191140,0.487655
vib_normal_0hp,LTTB_OFFLINE,23,0.044922,0.348913,0.233734,0.115179,0.330108
vib_normal_0hp,LTTB_OFFLINE,24,0.046875,0.510972,0.608583,0.097611,0.191031
vib_normal_0hp,LTTB_OFFLINE,25,0.048828,0.395898,0.266037,0.129861,0.328017
vib_normal_0hp,LTTB_OFFLINE,26,0.050781,0.752021,0.917676,0.165655,0.220280
vib_normal_0hp,LTTB_OFFLINE,27,0.052734,0.678608,0.609987,0.068621,0.101121
vib_normal_0hp,LTTB_OFFLINE,28,0.054688,3.811568,3.703485,0.108082,0.028356
vib_normal_0hp,LTTB_OFFLINE,29,0.056641,3.928666,3.757947,0.170719,0.043455
vib_normal_0hp,LTTB_OFFLINE,30,0.058594,1.454437,1.586892,0.132455,0.091069
vib_normal_0hp,LTTB_OFFLINE,31,0.060547,3.678700,3.646419,0.032281,0.008775
vib_normal_0hp,LTTB_OFFLINE,32,0.062500,0.843138,0.902242,0.059104,0.070099
vib_normal_0hp,LTTB_OFFLINE,33,0.064453,0.284985,0.267350,0.017635,0.061881
vib_normal_0hp,LTTB_OFFLINE,34,0.066406,1.363918,1.238716,0.125202,0.091796
vib_normal_0hp,LTTB_OFFLINE,35,0.068359,2.737004,2.778532,0.041528,0.015173
vib_normal_0hp,LTTB_OFFLINE,36,0.070312,2.393241,2.055947,0.337294,0.140936
vib_normal_0hp,LTTB_OFFLINE,37,0.072266,2.022654,1.998870,0.023784,0.011759
vib_normal_0hp,LTTB_OFFLINE,38,0.074219,0.814021,0.798552,0.015469,0.019004
vib_normal_0hp,LTTB_OFFLINE,39,0.076172,1.432742,1.525371,0.092629,0.064652
vib_normal_0hp,LTTB_OFFLINE,40,0.078125,0.539235,0.600053,0.060818,0.112786
vib_normal_0hp,LTTB_OFFLINE,41,0.080078,2.025535,1.813949,0.211585,0.104459
vib_normal_0hp,LTTB_OFFLINE,42,0.082031,2.382928,2.263846,0.119082,0.049973
vib_normal_0hp,LTTB_OFFLINE,43,0.083984,5.794625,5.569592,0.225034,0.038835
vib_normal_0hp,LTTB_OFFLINE,44,0.085938,12.038282,11.197214,0.841068,0.069866
vib_normal_0hp,LTTB_OFFLINE,45,0.087891,11.320222,10.675326,0.644896,0.056969
vib_normal_0hp,LTTB_OFFLINE,46,0.089844,4.910025,4.569324,0.340701,0.069389
vib_normal_0hp,LTTB_OFFLINE,47,0.091797,6.353243,5.959815,0.393428,0.061926
vib_normal_0hp,LTTB_OFFLINE,48,0.093750,3.310559,3.006697,0.303862,0.091786
vib_normal_0hp,LTTB_OFFLINE,49,0.095703,0.761392,0.845150,0.083758,0.110006
vib_normal_0hp,LTTB_OFFLINE,50,0.097656,0.565206,0.427880,0.137326,0.242966
vib_normal_0hp,LTTB_OFFLINE,51,0.099609,0.514048,0.422119,0.091929,0.178833
vib_normal_0hp,LTTB_OFFLINE,52,0.101562,0.629513,0.703430,0.073917,0.117419
vib_normal_0hp,LTTB_OFFLINE,53,0.103516,0.786706,0.574521,0.212184,0.269713
vib_normal_0hp,LTTB_OFFLINE,54,0.105469,0.494864,0.404292,0.090571,0.183023
vib_normal_0hp,LTTB_OFFLINE,55,0.107422,0.488308,0.656447,0.168139,0.344329
vib_normal_0hp,LTTB_OFFLINE,56,0.109375,1.571674,1.456609,0.115065,0.073212
vib_normal_0hp,LTTB_OFFLINE,57,0.111328,1.780623,1.613286,0.167337,0.093977
vib_normal_0hp,LTTB_OFFLINE,58,0.113281,0.546440,0.534940,0.011500,0.021045
vib_normal_0hp,LTTB_OFFLINE,59,0.115234,0.910047,0.829188,0.080859,0.088851
vib_normal_0hp,LTTB_OFFLINE,60,0.117188,0.538508,0.388597,0.149911,0.278382
vib_normal_0hp,LTTB_OFFLINE,61,0.119141,0.527142,0.472828,0.054314,0.103035
vib_normal_0hp,LTTB_OFFLINE,62,0.121094,0.532826,0.668244,0.135418,0.254149
vib_normal_0hp,LTTB_OFFLINE,63,0.123047,0.648924,0.640739,0.008185,0.012614
vib_normal_0hp,LTTB_OFFLINE,64,0.125000,0.250825,0.036041,0.214785,0.856312
vib_normal_0hp,LTTB_OFFLINE,65,0.126953,0.383610,0.419315,0.035705,0.093077
vib_normal_0hp,LTTB_OFFLINE,66,0.128906,0.298577,0.370621,0.072044,0.241290
vib_normal_0hp,LTTB_OFFLINE,67,0.130859,0.191343,0.024158,0.167185,0.873744
vib_normal_0hp,LTTB_OFFLINE,68,0.132812,0.067645,0.142446,0.074801,1.105790
vib_normal_0hp,LTTB_OFFLINE,69,0.134766,0.411449,0.545336,0.133887,0.325403
vib_normal_0hp,LTTB_OFFLINE,70,0.136719,0.328108,0.182427,0.145682,0.444005
vib_normal_0hp,LTTB_OFFLINE,71,0.138672,0.437623,0.139934,0.297689,0.680241
vib_normal_0hp,LTTB_OFFLINE,72,0.140625,0.493405,0.171739,0.321666,0.651931
vib_normal_0hp,LTTB_OFFLINE,73,0.142578,0.415890,0.289680,0.126210,0.303469
vib_normal_0hp,LTTB_OFFLINE,74,0.144531,0.372076,0.211156,0.160920,0.432492
vib_normal_0hp,LTTB_OFFLINE,75,0.146484,0.169585,0.280514,0.110929,0.654120
vib_normal_0hp,LTTB_OFFLINE,76,0.148438,0.278223,0.101040,0.177184,0.636839
vib_normal_0hp,LTTB_OFFLINE,77,0.150391,0.300156,0.191127,0.109028,0.363239
vib_normal_0hp,LTTB_OFFLINE,78,0.152344,0.388947,0.158673,0.230274,0.592044
vib_normal_0hp,LTTB_OFFLINE,79,0.154297,0.472943,0.530292,0.057349,0.121259
vib_normal_0hp,LTTB_OFFLINE,80,0.156250,0.091327,0.175589,0.084261,0.922631
vib_normal_0hp,LTTB_OFFLINE,81,0.158203,0.553691,0.479097,0.074595,0.134722
vib_normal_0hp,LTTB_OFFLINE,82,0.160156,0.185570,0.314665,0.129095,0.695671
vib_normal_0hp,LTTB_OFFLINE,83,0.162109,0.418754,0.428340,0.009587,0.022894
vib_normal_0hp,LTTB_OFFLINE,84,0.164062,0.594953,0.548772,0.046181,0.077621
vib_normal_0hp,LTTB_OFFLINE,85,0.166016,0.273973,0.190736,0.083238,0.303816
vib_normal_0hp,LTTB_OFFLINE,86,0.167969,0.997475,0.713629,0.283846,0.284564
vib_normal_0hp,LTTB_OFFLINE,87,0.169922,0.714547,0.652805,0.061742,0.086407
vib_normal_0hp,LTTB_OFFLINE,88,0.171875,1.603860,1.225764,0.378096,0.235741
vib_normal_0hp,LTTB_OFFLINE,89,0.173828,1.931857,1.610412,0.321445,0.166392
vib_normal_0hp,LTTB_OFFLINE,90,0.175781,4.743342,3.861470,0.881872,0.185918
vib_normal_0hp,LTTB_OFFLINE,91,0.177734,0.798295,0.625106,0.173188,0.216948
vib_normal_0hp,LTTB_OFFLINE,92,0.179688,0.625201,0.364030,0.261171,0.417740
vib_normal_0hp,LTTB_OFFLINE,93,0.181641,0.431935,0.310501,0.121434,0.281139
vib_normal_0hp,LTTB_OFFLINE,94,0.183594,0.408072,0.422846,0.014773,0.036203
vib_normal_0hp,LTTB_OFFLINE,95,0.185547,0.480849,0.453970,0.026878,0.055898
vib_normal_0hp,LTTB_OFFLINE,96,0.187500,0.287288,0.228453,0.058834,0.204793
vib_normal_0hp,LTTB_OFFLINE,97,0.189453,0.252758,0.151723,0.101036,0.399732
vib_normal_0hp,LTTB_OFFLINE,98,0.191406,0.224635,0.159380,0.065255,0.290493
vib_normal_0hp,LTTB_OFFLINE,99,0.193359,0.273428,0.246774,0.026653,0.097479
vib_normal_0hp,LTTB_OFFLINE,100,0.195312,0.276220,0.236509,0.039712,0.143768
vib_normal_0hp,LTTB_OFFLINE,101,0.197266,0.369297,0.420603,0.051306,0.138929
vib_normal_0hp,LTTB_OFFLINE,102,0.199219,0.198188,0.238792,0.040603,0.204873
vib_normal_0hp,LTTB_OFFLINE,103,0.201172,0.143827,0.054403,0.089424,0.621746
vib_normal_0hp,LTTB_OFFLINE,104,0.203125,0.194506,0.091409,0.103097,0.530044
vib_normal_0hp,LTTB_OFFLINE,105,0.205078,0.121358,0.202222,0.080864,0.666329
vib_normal_0hp,LTTB_OFFLINE,106,0.207031,0.140722,0.254684,0.113962,0.809841
vib_normal_0hp,LTTB_OFFLINE,107,0.208984,0.119734,0.104192,0.015542,0.129807
vib_normal_0hp,LTTB_OFFLINE,108,0.210938,0.077263,0.320281,0.243018,3.145356
vib_normal_0hp,LTTB_OFFLINE,109,0.212891,0.152671,0.150129,0.002542,0.016652
vib_normal_0hp,LTTB_OFFLINE,110,0.214844,0.377331,0.310522,0.066809,0.177058
vib_normal_0hp,LTTB_OFFLINE,111,0.216797,0.101451,0.078372,0.023079,0.227491
vib_normal_0hp,LTTB_OFFLINE,112,0.218750,0.214282,0.072815,0.141468,0.660192
vib_normal_0hp,LTTB_OFFLINE,113,0.220703,0.308617,0.307263,0.001353,0.004385
vib_normal_0hp,LTTB_OFFLINE,114,0.222656,0.079205,0.226166,0.146961,1.855453
vib_normal_0hp,LTTB_OFFLINE,115,0.224609,0.066007,0.101674,0.035667,0.540348
vib_normal_0hp,LTTB_OFFLINE,116,0.226562,0.115326,0.308865,0.193539,1.678190
vib_normal_0hp,LTTB_OFFLINE,117,0.228516,0.061584,0.317968,0.256384,4.163175
vib_normal_0hp,LTTB_OFFLINE,118,0.230469,0.094656,0.252961,0.158305,1.672432
vib_normal_0hp,LTTB_OFFLINE,119,0.232422,0.068031,0.023565,0.044466,0.653614
vib_normal_0hp,LTTB_OFFLINE,120,0.234375,0.178131,0.263630,0.085499,0.479976
vib_normal_0hp,LTTB_OFFLINE,121,0.236328,0.118276,0.252472,0.134197,1.134609
vib_normal_0hp,LTTB_OFFLINE,122,0.238281,0.181523,0.222879,0.041356,0.227828
vib_normal_0hp,LTTB_OFFLINE,123,0.240234,0.187071,0.345876,0.158805,0.848904
vib_normal_0hp,LTTB_OFFLINE,124,0.242188,0.054484,0.005061,0.049422,0.907104
vib_normal_0hp,LTTB_OFFLINE,125,0.244141,0.114165,0.092692,0.021473,0.188090
vib_normal_0hp,LTTB_OFFLINE,126,0.246094,0.246170,0.119663,0.126508,0.513903
vib_normal_0hp,LTTB_OFFLINE,127,0.248047,0.050719,0.224931,0.174212,3.434856
vib_normal_0hp,LTTB_OFFLINE,128,0.250000,0.240872,0.185792,0.055081,0.228672
vib_normal_0hp,LTTB_OFFLINE,129,0.251953,0.321845,0.131677,0.190168,0.590869
vib_normal_0hp,LTTB_OFFLINE,130,0.253906,0.129325,0.155058,0.025733,0.198976
vib_normal_0hp,LTTB_OFFLINE,131,0.255859,0.246618,0.221230,0.025388,0.102945
vib_normal_0hp,LTTB_OFFLINE,132,0.257812,0.076819,0.114812,0.037993,0.494583
vib_normal_0hp,LTTB_OFFLINE,133,0.259766,0.147260,0.336499,0.189239,1.285061
vib_normal_0hp,LTTB_OFFLINE,134,0.261719,0.084163,0.166352,0.082190,0.976556
vib_normal_0hp,LTTB_OFFLINE,135,0.263672,0.228289,0.037181,0.191108,0.837132
vib_normal_0hp,LTTB_OFFLINE,136,0.265625,0.209429,0.164073,0.045356,0.216569
vib_normal_0hp,LTTB_OFFLINE,137,0.267578,0.238383,0.038958,0.199425,0.836575
vib_normal_0hp,LTTB_OFFLINE,138,0.269531,0.138593,0.066778,0.071815,0.518172
vib_normal_0hp,LTTB_OFFLINE,139,0.271484,0.048149,0.160620,0.112471,2.335867
vib_normal_0hp,LTTB_OFFLINE,140,0.273438,0.050075,0.140859,0.090785,1.812991
vib_normal_0hp,LTTB_OFFLINE,141,0.275391,0.079433,0.093832,0.014400,0.181284
vib_normal_0hp,LTTB_OFFLINE,142,0.277344,0.130837,0.230043,0.099207,0.758248
vib_normal_0hp,LTTB_OFFLINE,143,0.279297,0.100739,0.225439,0.124700,1.237850
vib_normal_0hp,LTTB_OFFLINE,144,0.281250,0.095214,0.146121,0.050907,0.534663
vib_normal_0hp,LTTB_OFFLINE,145,0.283203,0.086741,0.079982,0.006759,0.077920
vib_normal_0hp,LTTB_OFFLINE,146,0.285156,0.102836,0.093677,0.009158,0.089059
vib_normal_0hp,LTTB_OFFLINE,147,0.287109,0.260314,0.467788,0.207474,0.797014
vib_normal_0hp,LTTB_OFFLINE,148,0.289062,0.044097,0.089783,0.045686,1.036015
vib_normal_0hp,LTTB_OFFLINE,149,0.291016,0.051878,0.077586,0.025707,0.495531
vib_normal_0hp,LTTB_OFFLINE,150,0.292969,0.081214,0.115643,0.034428,0.423918
vib_normal_0hp,LTTB_OFFLINE,151,0.294922,0.087804,0.266742,0.178939,2.037940
vib_normal_0hp,LTTB_OFFLINE,152,0.296875,0.066064,0.017035,0.049028,0.742138
vib_normal_0hp,LTTB_OFFLINE,153,0.298828,0.111780,0.310996,0.199216,1.782208
vib_normal_0hp,LTTB_OFFLINE,154,0.300781,0.088468,0.220581,0.132113,1.493350
vib_normal_0hp,LTTB_OFFLINE,155,0.302734,0.021151,0.148860,0.127709,6.037962
vib_normal_0hp,LTTB_OFFLINE,156,0.304688,0.020017,0.035812,0.015795,0.789051
vib_normal_0hp,LTTB_OFFLINE,157,0.306641,0.082702,0.032114,0.050588,0.611691
vib_normal_0hp,LTTB_OFFLINE,158,0.308594,0.095591,0.087352,0.008238,0.086181
vib_normal_0hp,LTTB_OFFLINE,159,0.310547,0.060266,0.104455,0.044189,0.733241
vib_normal_0hp,LTTB_OFFLINE,160,0.312500,0.070842,0.169066,0.098224,1.386519
vib_normal_0hp,LTTB_OFFLINE,161,0.314453,0.035009,0.113671,0.078661,2.246883
vib_normal_0hp,LTTB_OFFLINE,162,0.316406,0.075004,0.145384,0.070379,0.938340
vib_normal_0hp,LTTB_OFFLINE,163,0.318359,0.064701,0.089269,0.024569,0.379728
vib_normal_0hp,LTTB_OFFLINE,164,0.320312,0.087449,0.046985,0.040464,0.462715
vib_normal_0hp,LTTB_OFFLINE,165,0.322266,0.084490,0.354924,0.270434,3.200776
vib_normal_0hp,LTTB_OFFLINE,166,0.324219,0.039339,0.147090,0.107751,2.739038
vib_normal_0hp,LTTB_OFFLINE,167,0.326172,0.067475,0.162075,0.094600,1.402011
vib_normal_0hp,LTTB_OFFLINE,168,0.328125,0.085096,0.100384,0.015288,0.179658
vib_normal_0hp,LTTB_OFFLINE,169,0.330078,0.044307,0.090721,0.046414,1.047561
vib_normal_0hp,LTTB_OFFLINE,170,0.332031,0.020851,0.187557,0.166706,7.995305
vib_normal_0hp,LTTB_OFFLINE,171,0.333984,0.056840,0.126319,0.069479,1.222354
vib_normal_0hp,LTTB_OFFLINE,172,0.335938,0.070401,0.243217,0.172816,2.454724
vib_normal_0hp,LTTB_OFFLINE,173,0.337891,0.037787,0.216650,0.178862,4.733428
vib_normal_0hp,LTTB_OFFLINE,174,0.339844,0.041920,0.209252,0.167331,3.991650
vib_normal_0hp,LTTB_OFFLINE,175,0.341797,0.083469,0.107971,0.024503,0.293556
vib_normal_0hp,LTTB_OFFLINE,176,0.343750,0.095084,0.096727,0.001644,0.017285
vib_normal_0hp,LTTB_OFFLINE,177,0.345703,0.109424,0.089488,0.019935,0.182185
vib_normal_0hp,LTTB_OFFLINE,178,0.347656,0.071377,0.224209,0.152832,2.141206
vib_normal_0hp,LTTB_OFFLINE,179,0.349609,0.102968,0.125442,0.022474,0.218262
vib_normal_0hp,LTTB_OFFLINE,180,0.351562,0.109586,0.137211,0.027626,0.252091
vib_normal_0hp,LTTB_OFFLINE,181,0.353516,0.064166,0.189031,0.124865,1.945977
vib_normal_0hp,LTTB_OFFLINE,182,0.355469,0.092874,0.158758,0.065884,0.709384
vib_normal_0hp,LTTB_OFFLINE,183,0.357422,0.064225,0.132053,0.067829,1.056111
vib_normal_0hp,LTTB_OFFLINE,184,0.359375,0.082910,0.119092,0.036182,0.436396
vib_normal_0hp,LTTB_OFFLINE,185,0.361328,0.008646,0.054583,0.045936,5.313011
vib_normal_0hp,LTTB_OFFLINE,186,0.363281,0.023127,0.156461,0.133334,5.765375
vib_normal_0hp,LTTB_OFFLINE,187,0.365234,0.056217,0.189823,0.133605,2.376584
vib_normal_0hp,LTTB_OFFLINE,188,0.367188,0.081724,0.116090,0.034366,0.420516
vib_normal_0hp,LTTB_OFFLINE,189,0.369141,0.163662,0.222103,0.058441,0.357081
vib_normal_0hp,LTTB_OFFLINE,190,0.371094,0.198884,0.106885,0.091999,0.462576
vib_normal_0hp,LTTB_OFFLINE,191,0.373047,0.024433,0.151527,0.127094,5.201640
vib_normal_0hp,LTTB_OFFLINE,192,0.375000,0.093506,0.110086,0.016580,0.177312
vib_normal_0hp,LTTB_OFFLINE,193,0.376953,0.020584,0.057910,0.037327,1.813409
vib_normal_0hp,LTTB_OFFLINE,194,0.378906,0.120257,0.193745,0.073488,0.611092
vib_normal_0hp,LTTB_OFFLINE,195,0.380859,0.055826,0.077877,0.022051,0.394999
vib_normal_0hp,LTTB_OFFLINE,196,0.382812,0.078744,0.267774,0.189030,2.400574
vib_normal_0hp,LTTB_OFFLINE,197,0.384766,0.057558,0.219242,0.161684,2.809037
vib_normal_0hp,LTTB_OFFLINE,198,0.386719,0.038318,0.060374,0.022057,0.575625
vib_normal_0hp,LTTB_OFFLINE,199,0.388672,0.103222,0.169539,0.066318,0.642475
vib_normal_0hp,LTTB_OFFLINE,200,0.390625,0.031272,0.180369,0.149097,4.767707
vib_normal_0hp,LTTB_OFFLINE,201,0.392578,0.024682,0.171865,0.147183,5.963121
vib_normal_0hp,LTTB_OFFLINE,202,0.394531,0.055411,0.207499,0.152088,2.744740
vib_normal_0hp,LTTB_OFFLINE,203,0.396484,0.021797,0.080718,0.058921,2.703154
vib_normal_0hp,LTTB_OFFLINE,204,0.398438,0.131751,0.143898,0.012147,0.092201
vib_normal_0hp,LTTB_OFFLINE,205,0.400391,0.209107,0.286899,0.077792,0.372021
vib_normal_0hp,LTTB_OFFLINE,206,0.402344,0.081699,0.043344,0.038355,0.469465
vib_normal_0hp,LTTB_OFFLINE,207,0.404297,0.147683,0.352274,0.204591,1.385336
vib_normal_0hp,LTTB_OFFLINE,208,0.406250,0.082585,0.154334,0.071749,0.868785
vib_normal_0hp,LTTB_OFFLINE,209,0.408203,0.114318,0.146846,0.032529,0.284546
vib_normal_0hp,LTTB_OFFLINE,210,0.410156,0.246078,0.044744,0.201335,0.818173
vib_normal_0hp,LTTB_OFFLINE,211,0.412109,0.228088,0.053087,0.175001,0.767254
vib_normal_0hp,LTTB_OFFLINE,212,0.414062,0.054460,0.190252,0.135792,2.493437
vib_normal_0hp,LTTB_OFFLINE,213,0.416016,0.057259,0.071451,0.014192,0.247859
vib_normal_0hp,LTTB_OFFLINE,214,0.417969,0.072447,0.059950,0.012498,0.172508
vib_normal_0hp,LTTB_OFFLINE,215,0.419922,0.051492,0.112501,0.061009,1.184822
vib_normal_0hp,LTTB_OFFLINE,216,0.421875,0.012871,0.075904,0.063034,4.897498
vib_normal_0hp,LTTB_OFFLINE,217,0.423828,0.039107,0.130411,0.091304,2.334757
vib_normal_0hp,LTTB_OFFLINE,218,0.425781,0.032751,0.065736,0.032985,1.007130
vib_normal_0hp,LTTB_OFFLINE,219,0.427734,0.042406,0.057016,0.014611,0.344540
vib_normal_0hp,LTTB_OFFLINE,220,0.429688,0.025319,0.104274,0.078955,3.118454
vib_normal_0hp,LTTB_OFFLINE,221,0.431641,0.014509,0.188259,0.173750,11.975518
vib_normal_0hp,LTTB_OFFLINE,222,0.433594,0.009992,0.144897,0.134904,13.500634
vib_normal_0hp,LTTB_OFFLINE,223,0.435547,0.052514,0.040104,0.012410,0.236321
vib_normal_0hp,LTTB_OFFLINE,224,0.437500,0.045024,0.256446,0.211422,4.695783
vib_normal_0hp,LTTB_OFFLINE,225,0.439453,0.025433,0.221578,0.196145,7.712254
vib_normal_0hp,LTTB_OFFLINE,226,0.441406,0.038573,0.304389,0.265816,6.891218
vib_normal_0hp,LTTB_OFFLINE,227,0.443359,0.057452,0.085800,0.028348,0.493417
vib_normal_0hp,LTTB_OFFLINE,228,0.445312,0.030708,0.042334,0.011626,0.378589
vib_normal_0hp,LTTB_OFFLINE,229,0.447266,0.052417,0.067972,0.015555,0.296757
vib_normal_0hp,LTTB_OFFLINE,230,0.449219,0.017167,0.197181,0.180015,10.486328
vib_normal_0hp,LTTB_OFFLINE,231,0.451172,0.039776,0.162343,0.122568,3.081483
vib_normal_0hp,LTTB_OFFLINE,232,0.453125,0.025692,0.044537,0.018845,0.733477
vib_normal_0hp,LTTB_OFFLINE,233,0.455078,0.018993,0.252695,0.233702,12.304677
vib_normal_0hp,LTTB_OFFLINE,234,0.457031,0.030676,0.139897,0.109220,3.560401
vib_normal_0hp,LTTB_OFFLINE,235,0.458984,0.013765,0.104897,0.091132,6.620330
vib_normal_0hp,LTTB_OFFLINE,236,0.460938,0.032421,0.047397,0.014976,0.461941
vib_normal_0hp,LTTB_OFFLINE,237,0.462891,0.022262,0.069886,0.047624,2.139297
vib_normal_0hp,LTTB_OFFLINE,238,0.464844,0.015066,0.125658,0.110592,7.340571
vib_normal_0hp,LTTB_OFFLINE,239,0.466797,0.003128,0.138156,0.135028,43.165275
vib_normal_0hp,LTTB_OFFLINE,240,0.468750,0.014704,0.179717,0.165013,11.222493
vib_normal_0hp,LTTB_OFFLINE,241,0.470703,0.020154,0.071179,0.051025,2.531777
vib_normal_0hp,LTTB_OFFLINE,242,0.472656,0.016399,0.129728,0.113329,6.910647
vib_normal_0hp,LTTB_OFFLINE,243,0.474609,0.015050,0.383687,0.368637,24.494277
vib_normal_0hp,LTTB_OFFLINE,244,0.476562,0.008852,0.011511,0.002659,0.300446
vib_normal_0hp,LTTB_OFFLINE,245,0.478516,0.013904,0.178456,0.164552,11.834897
vib_normal_0hp,LTTB_OFFLINE,246,0.480469,0.015618,0.152585,0.136967,8.769555
vib_normal_0hp,LTTB_OFFLINE,247,0.482422,0.012737,0.120425,0.107688,8.454874
vib_normal_0hp,LTTB_OFFLINE,248,0.484375,0.012293,0.411695,0.399402,32.489984
vib_normal_0hp,LTTB_OFFLINE,249,0.486328,0.013596,0.204982,0.191386,14.076591
vib_normal_0hp,LTTB_OFFLINE,250,0.488281,0.013288,0.174547,0.161259,12.135972
vib_normal_0hp,LTTB_OFFLINE,251,0.490234,0.011737,0.291783,0.280046,23.860376
vib_normal_0hp,LTTB_OFFLINE,252,0.492188,0.015428,0.190592,0.175164,11.353413
vib_normal_0hp,LTTB_OFFLINE,253,0.494141,0.012755,0.142993,0.130238,10.210982
vib_normal_0hp,LTTB_OFFLINE,254,0.496094,0.013539,0.155001,0.141463,10.448635
vib_normal_0hp,LTTB_OFFLINE,255,0.498047,0.011949,0.312763,0.300814,25.174888
vib_normal_0hp,IMP_INTERP_COMPOSITE,0,0.000000,6.936047,6.776040,0.160007,0.023069
vib_normal_0hp,IMP_INTERP_COMPOSITE,1,0.001953,0.467408,0.455481,0.011927,0.025517
vib_normal_0hp,IMP_INTERP_COMPOSITE,2,0.003906,4.452111,4.498366,0.046255,0.010390
vib_normal_0hp,IMP_INTERP_COMPOSITE,3,0.005859,1.911404,1.881978,0.029426,0.015395
vib_normal_0hp,IMP_INTERP_COMPOSITE,4,0.007812,4.788894,4.788122,0.000772,0.000161
vib_normal_0hp,IMP_INTERP_COMPOSITE,5,0.009766,1.219636,1.190839,0.028797,0.023611
vib_normal_0hp,IMP_INTERP_COMPOSITE,6,0.011719,3.610080,3.567870,0.042209,0.011692
vib_normal_0hp,IMP_INTERP_COMPOSITE,7,0.013672,11.759982,11.710287,0.049696,0.004226
vib_normal_0hp,IMP_INTERP_COMPOSITE,8,0.015625,0.453676,0.483843,0.030167,0.066494
vib_normal_0hp,IMP_INTERP_COMPOSITE,9,0.017578,2.542436,2.595988,0.053552,0.021063
vib_normal_0hp,IMP_INTERP_COMPOSITE,10,0.019531,2.056728,2.047480,0.009248,0.004497
vib_normal_0hp,IMP_INTERP_COMPOSITE,11,0.021484,1.786622,1.805183,0.018561,0.010389
vib_normal_0hp,IMP_INTERP_COMPOSITE,12,0.023438,3.578474,3.618206,0.039731,0.011103
vib_normal_0hp,IMP_INTERP_COMPOSITE,13,0.025391,0.837006,0.850452,0.013445,0.016064
vib_normal_0hp,IMP_INTERP_COMPOSITE,14,0.027344,0.576944,0.663706,0.086762,0.150381
vib_normal_0hp,IMP_INTERP_COMPOSITE,15,0.029297,4.743683,4.786158,0.042475,0.008954
vib_normal_0hp,IMP_INTERP_COMPOSITE,16,0.031250,0.947990,0.933032,0.014958,0.015778
vib_normal_0hp,IMP_INTERP_COMPOSITE,17,0.033203,1.413153,1.472583,0.059429,0.042054
vib_normal_0hp,IMP_INTERP_COMPOSITE,18,0.035156,0.438342,0.509364,0.071021,0.162023
vib_normal_0hp,IMP_INTERP_COMPOSITE,19,0.037109,0.889238,0.962779,0.073540,0.082700
vib_normal_0hp,IMP_INTERP_COMPOSITE,20,0.039062,0.249758,0.355783,0.106025,0.424511
vib_normal_0hp,IMP_INTERP_COMPOSITE,21,0.041016,0.750516,0.726154,0.024362,0.032461
vib_normal_0hp,IMP_INTERP_COMPOSITE,22,0.042969,0.391957,0.387181,0.004776,0.012185
vib_normal_0hp,IMP_INTERP_COMPOSITE,23,0.044922,0.348913,0.376503,0.027589,0.079072
vib_normal_0hp,IMP_INTERP_COMPOSITE,24,0.046875,0.510972,0.473418,0.037554,0.073495
vib_normal_0hp,IMP_INTERP_COMPOSITE,25,0.048828,0.395898,0.416469,0.020572,0.051962
vib_normal_0hp,IMP_INTERP_COMPOSITE,26,0.050781,0.752021,0.727195,0.024826,0.033012
vib_normal_0hp,IMP_INTERP_COMPOSITE,27,0.052734,0.678608,0.698861,0.020252,0.029844
vib_normal_0hp,IMP_INTERP_COMPOSITE,28,0.054688,3.811568,3.862711,0.051144,0.013418
vib_normal_0hp,IMP_INTERP_COMPOSITE,29,0.056641,3.928666,3.847691,0.080975,0.020611
vib_normal_0hp,IMP_INTERP_COMPOSITE,30,0.058594,1.454437,1.471635,0.017198,0.011825
vib_normal_0hp,IMP_INTERP_COMPOSITE,31,0.060547,3.678700,3.611687,0.067012,0.018216
vib_normal_0hp,IMP_INTERP_COMPOSITE,32,0.062500,0.843138,0.949723,0.106584,0.126414
vib_normal_0hp,IMP_INTERP_COMPOSITE,33,0.064453,0.284985,0.315634,0.030650,0.107549
vib_normal_0hp,IMP_INTERP_COMPOSITE,34,0.066406,1.363918,1.365463,0.001545,0.001133
vib_normal_0hp,IMP_INTERP_COMPOSITE,35,0.068359,2.737004,2.734479,0.002525,0.000923
vib_normal_0hp,IMP_INTERP_COMPOSITE,36,0.070312,2.393241,2.362435,0.030806,0.012872
vib_normal_0hp,IMP_INTERP_COMPOSITE,37,0.072266,2.022654,2.066390,0.043736,0.021623
vib_normal_0hp,IMP_INTERP_COMPOSITE,38,0.074219,0.814021,0.733255,0.080767,0.099219
vib_normal_0hp,IMP_INTERP_COMPOSITE,39,0.076172,1.432742,1.448727,0.015985,0.011157
vib_normal_0hp,IMP_INTERP_COMPOSITE,40,0.078125,0.539235,0.567236,0.028001,0.051928
vib_normal_0hp,IMP_INTERP_COMPOSITE,41,0.080078,2.025535,2.061012,0.035477,0.017515
vib_normal_0hp,IMP_INTERP_COMPOSITE,42,0.082031,2.382928,2.353191,0.029737,0.012479
vib_normal_0hp,IMP_INTERP_COMPOSITE,43,0.083984,5.794625,5.824773,0.030148,0.005203
vib_normal_0hp,IMP_INTERP_COMPOSITE,44,0.085938,12.038282,11.981934,0.056348,0.004681
vib_normal_0hp,IMP_INTERP_COMPOSITE,45,0.087891,11.320222,11.215532,0.104690,0.009248
vib_normal_0hp,IMP_INTERP_COMPOSITE,46,0.089844,4.910025,4.871942,0.038083,0.007756
vib_normal_0hp,IMP_INTERP_COMPOSITE,47,0.091797,6.353243,6.241444,0.111799,0.017597
vib_normal_0hp,IMP_INTERP_COMPOSITE,48,0.093750,3.310559,3.300642,0.009917,0.002996
vib_normal_0hp,IMP_INTERP_COMPOSITE,49,0.095703,0.761392,0.794631,0.033239,0.043656
vib_normal_0hp,IMP_INTERP_COMPOSITE,50,0.097656,0.565206,0.508959,0.056247,0.099516
vib_normal_0hp,IMP_INTERP_COMPOSITE,51,0.099609,0.514048,0.490211,0.023837,0.046371
vib_normal_0hp,IMP_INTERP_COMPOSITE,52,0.101562,0.629513,0.614129,0.015384,0.024438
vib_normal_0hp,IMP_INTERP_COMPOSITE,53,0.103516,0.786706,0.807823,0.021117,0.026843
vib_normal_0hp,IMP_INTERP_COMPOSITE,54,0.105469,0.494864,0.454158,0.040706,0.082257
vib_normal_0hp,IMP_INTERP_COMPOSITE,55,0.107422,0.488308,0.443223,0.045085,0.092329
vib_normal_0hp,IMP_INTERP_COMPOSITE,56,0.109375,1.571674,1.558608,0.013066,0.008313
vib_normal_0hp,IMP_INTERP_COMPOSITE,57,0.111328,1.780623,1.680035,0.100588,0.056490
vib_normal_0hp,IMP_INTERP_COMPOSITE,58,0.113281,0.546440,0.552172,0.005731,0.010488
vib_normal_0hp,IMP_INTERP_COMPOSITE,59,0.115234,0.910047,0.993062,0.083015,0.091220
vib_normal_0hp,IMP_INTERP_COMPOSITE,60,0.117188,0.538508,0.476032,0.062476,0.116017
vib_normal_0hp,IMP_INTERP_COMPOSITE,61,0.119141,0.527142,0.540741,0.013599,0.025798
vib_normal_0hp,IMP_INTERP_COMPOSITE,62,0.121094,0.532826,0.540565,0.007739,0.014524
vib_normal_0hp,IMP_INTERP_COMPOSITE,63,0.123047,0.648924,0.713385,0.064460,0.099334
vib_normal_0hp,IMP_INTERP_COMPOSITE,64,0.125000,0.250825,0.239461,0.011364,0.045306
vib_normal_0hp,IMP_INTERP_COMPOSITE,65,0.126953,0.383610,0.390535,0.006924,0.018050
vib_normal_0hp,IMP_INTERP_COMPOSITE,66,0.128906,0.298577,0.290298,0.008279,0.027729
vib_normal_0hp,IMP_INTERP_COMPOSITE,67,0.130859,0.191343,0.176781,0.014563,0.076107
vib_normal_0hp,IMP_INTERP_COMPOSITE,68,0.132812,0.067645,0.096379,0.028734,0.424785
vib_normal_0hp,IMP_INTERP_COMPOSITE,69,0.134766,0.411449,0.346206,0.065243,0.158569
vib_normal_0hp,IMP_INTERP_COMPOSITE,70,0.136719,0.328108,0.242859,0.085249,0.259820
vib_normal_0hp,IMP_INTERP_COMPOSITE,71,0.138672,0.437623,0.387544,0.050079,0.114435
vib_normal_0hp,IMP_INTERP_COMPOSITE,72,0.140625,0.493405,0.484868,0.008537,0.017303
vib_normal_0hp,IMP_INTERP_COMPOSITE,73,0.142578,0.415890,0.391304,0.024586,0.059116
vib_normal_0hp,IMP_INTERP_COMPOSITE,74,0.144531,0.372076,0.383932,0.011856,0.031863
vib_normal_0hp,IMP_INTERP_COMPOSITE,75,0.146484,0.169585,0.189168,0.019583,0.115475
vib_normal_0hp,IMP_INTERP_COMPOSITE,76,0.148438,0.278223,0.232863,0.045361,0.163036
vib_normal_0hp,IMP_INTERP_COMPOSITE,77,0.150391,0.300156,0.338952,0.038797,0.129255
vib_normal_0hp,IMP_INTERP_COMPOSITE,78,0.152344,0.388947,0.321190,0.067758,0.174208
vib_normal_0hp,IMP_INTERP_COMPOSITE,79,0.154297,0.472943,0.462707,0.010236,0.021643
vib_normal_0hp,IMP_INTERP_COMPOSITE,80,0.156250,0.091327,0.121313,0.029986,0.328330
vib_normal_0hp,IMP_INTERP_COMPOSITE,81,0.158203,0.553691,0.529032,0.024660,0.044537
vib_normal_0hp,IMP_INTERP_COMPOSITE,82,0.160156,0.185570,0.142466,0.043103,0.232276
vib_normal_0hp,IMP_INTERP_COMPOSITE,83,0.162109,0.418754,0.307335,0.111418,0.266071
vib_normal_0hp,IMP_INTERP_COMPOSITE,84,0.164062,0.594953,0.629761,0.034808,0.058506
vib_normal_0hp,IMP_INTERP_COMPOSITE,85,0.166016,0.273973,0.310611,0.036637,0.133725
vib_normal_0hp,IMP_INTERP_COMPOSITE,86,0.167969,0.997475,0.977048,0.020428,0.020479
vib_normal_0hp,IMP_INTERP_COMPOSITE,87,0.169922,0.714547,0.656696,0.057851,0.080961
vib_normal_0hp,IMP_INTERP_COMPOSITE,88,0.171875,1.603860,1.390473,0.213387,0.133046
vib_normal_0hp,IMP_INTERP_COMPOSITE,89,0.173828,1.931857,1.706693,0.225164,0.116553
vib_normal_0hp,IMP_INTERP_COMPOSITE,90,0.175781,4.743342,4.592860,0.150481,0.031725
vib_normal_0hp,IMP_INTERP_COMPOSITE,91,0.177734,0.798295,0.847222,0.048927,0.061289
vib_normal_0hp,IMP_INTERP_COMPOSITE,92,0.179688,0.625201,0.600466,0.024735,0.039563
vib_normal_0hp,IMP_INTERP_COMPOSITE,93,0.181641,0.431935,0.433654,0.001719,0.003980
vib_normal_0hp,IMP_INTERP_COMPOSITE,94,0.183594,0.408072,0.422635,0.014562,0.035685
vib_normal_0hp,IMP_INTERP_COMPOSITE,95,0.185547,0.480849,0.352269,0.128580,0.267401
vib_normal_0hp,IMP_INTERP_COMPOSITE,96,0.187500,0.287288,0.378692,0.091405,0.318165
vib_normal_0hp,IMP_INTERP_COMPOSITE,97,0.189453,0.252758,0.125806,0.126952,0.502268
vib_normal_0hp,IMP_INTERP_COMPOSITE,98,0.191406,0.224635,0.186594,0.038041,0.169346
vib_normal_0hp,IMP_INTERP_COMPOSITE,99,0.193359,0.273428,0.353295,0.079867,0.292095
vib_normal_0hp,IMP_INTERP_COMPOSITE,100,0.195312,0.276220,0.226214,0.050006,0.181037
vib_normal_0hp,IMP_INTERP_COMPOSITE,101,0.197266,0.369297,0.344340,0.024957,0.067579
vib_normal_0hp,IMP_INTERP_COMPOSITE,102,0.199219,0.198188,0.108016,0.090173,0.454985
vib_normal_0hp,IMP_INTERP_COMPOSITE,103,0.201172,0.143827,0.204229,0.060402,0.419960
vib_normal_0hp,IMP_INTERP_COMPOSITE,104,0.203125,0.194506,0.212689,0.018183,0.093484
vib_normal_0hp,IMP_INTERP_COMPOSITE,105,0.205078,0.121358,0.123037,0.001679,0.013837
vib_normal_0hp,IMP_INTERP_COMPOSITE,106,0.207031,0.140722,0.113297,0.027425,0.194886
vib_normal_0hp,IMP_INTERP_COMPOSITE,107,0.208984,0.119734,0.089125,0.030609,0.255641
vib_normal_0hp,IMP_INTERP_COMPOSITE,108,0.210938,0.077263,0.077295,0.000032,0.000414
vib_normal_0hp,IMP_INTERP_COMPOSITE,109,0.212891,0.152671,0.108946,0.043725,0.286401
vib_normal_0hp,IMP_INTERP_COMPOSITE,110,0.214844,0.377331,0.334365,0.042966,0.113867
vib_normal_0hp,IMP_INTERP_COMPOSITE,111,0.216797,0.101451,0.106860,0.005409,0.053313
vib_normal_0hp,IMP_INTERP_COMPOSITE,112,0.218750,0.214282,0.219318,0.005035,0.023499
vib_normal_0hp,IMP_INTERP_COMPOSITE,113,0.220703,0.308617,0.331787,0.023170,0.075077
vib_normal_0hp,IMP_INTERP_COMPOSITE,114,0.222656,0.079205,0.008659,0.070546,0.890675
vib_normal_0hp,IMP_INTERP_COMPOSITE,115,0.224609,0.066007,0.078237,0.012230,0.185282
vib_normal_0hp,IMP_INTERP_COMPOSITE,116,0.226562,0.115326,0.218383,0.103057,0.893611
vib_normal_0hp,IMP_INTERP_COMPOSITE,117,0.228516,0.061584,0.107958,0.046374,0.753031
vib_normal_0hp,IMP_INTERP_COMPOSITE,118,0.230469,0.094656,0.062276,0.032379,0.342076
vib_normal_0hp,IMP_INTERP_COMPOSITE,119,0.232422,0.068031,0.119832,0.051801,0.761431
vib_normal_0hp,IMP_INTERP_COMPOSITE,120,0.234375,0.178131,0.242880,0.064748,0.363487
vib_normal_0hp,IMP_INTERP_COMPOSITE,121,0.236328,0.118276,0.166295,0.048019,0.405995
vib_normal_0hp,IMP_INTERP_COMPOSITE,122,0.238281,0.181523,0.223537,0.042014,0.231451
vib_normal_0hp,IMP_INTERP_COMPOSITE,123,0.240234,0.187071,0.146105,0.040966,0.218988
vib_normal_0hp,IMP_INTERP_COMPOSITE,124,0.242188,0.054484,0.012534,0.041949,0.769946
vib_normal_0hp,IMP_INTERP_COMPOSITE,125,0.244141,0.114165,0.089179,0.024987,0.218866
vib_normal_0hp,IMP_INTERP_COMPOSITE,126,0.246094,0.246170,0.261438,0.015267,0.062020
vib_normal_0hp,IMP_INTERP_COMPOSITE,127,0.248047,0.050719,0.111551,0.060832,1.199402
vib_normal_0hp,IMP_INTERP_COMPOSITE,128,0.250000,0.240872,0.251811,0.010938,0.045411
vib_normal_0hp,IMP_INTERP_COMPOSITE,129,0.251953,0.321845,0.279080,0.042765,0.132874
vib_normal_0hp,IMP_INTERP_COMPOSITE,130,0.253906,0.129325,0.150271,0.020946,0.161963
vib_normal_0hp,IMP_INTERP_COMPOSITE,131,0.255859,0.246618,0.196114,0.050504,0.204785
vib_normal_0hp,IMP_INTERP_COMPOSITE,132,0.257812,0.076819,0.106526,0.029707,0.386715
vib_normal_0hp,IMP_INTERP_COMPOSITE,133,0.259766,0.147260,0.122733,0.024527,0.166558
vib_normal_0hp,IMP_INTERP_COMPOSITE,134,0.261719,0.084163,0.068863,0.015300,0.181787
vib_normal_0hp,IMP_INTERP_COMPOSITE,135,0.263672,0.228289,0.271791,0.043502,0.190555
vib_normal_0hp,IMP_INTERP_COMPOSITE,136,0.265625,0.209429,0.264803,0.055374,0.264406
vib_normal_0hp,IMP_INTERP_COMPOSITE,137,0.267578,0.238383,0.169493,0.068890,0.288990
vib_normal_0hp,IMP_INTERP_COMPOSITE,138,0.269531,0.138593,0.120577,0.018017,0.129996
vib_normal_0hp,IMP_INTERP_COMPOSITE,139,0.271484,0.048149,0.118373,0.070224,1.458459
vib_normal_0hp,IMP_INTERP_COMPOSITE,140,0.273438,0.050075,0.035941,0.014133,0.282245
vib_normal_0hp,IMP_INTERP_COMPOSITE,141,0.275391,0.079433,0.070150,0.009282,0.116854
vib_normal_0hp,IMP_INTERP_COMPOSITE,142,0.277344,0.130837,0.126962,0.003875,0.029616
vib_normal_0hp,IMP_INTERP_COMPOSITE,143,0.279297,0.100739,0.066769,0.033970,0.337209
vib_normal_0hp,IMP_INTERP_COMPOSITE,144,0.281250,0.095214,0.067381,0.027833,0.292318
vib_normal_0hp,IMP_INTERP_COMPOSITE,145,0.283203,0.086741,0.108977,0.022236,0.256356
vib_normal_0hp,IMP_INTERP_COMPOSITE,146,0.285156,0.102836,0.129712,0.026876,0.261353
vib_normal_0hp,IMP_INTERP_COMPOSITE,147,0.287109,0.260314,0.223789,0.036525,0.140310
vib_normal_0hp,IMP_INTERP_COMPOSITE,148,0.289062,0.044097,0.110058,0.065960,1.495790
vib_normal_0hp,IMP_INTERP_COMPOSITE,149,0.291016,0.051878,0.066869,0.014991,0.288961
vib_normal_0hp,IMP_INTERP_COMPOSITE,150,0.292969,0.081214,0.099478,0.018264,0.224883
vib_normal_0hp,IMP_INTERP_COMPOSITE,151,0.294922,0.087804,0.097472,0.009669,0.110118
vib_normal_0hp,IMP_INTERP_COMPOSITE,152,0.296875,0.066064,0.068888,0.002824,0.042746
vib_normal_0hp,IMP_INTERP_COMPOSITE,153,0.298828,0.111780,0.041100,0.070680,0.632315
vib_normal_0hp,IMP_INTERP_COMPOSITE,154,0.300781,0.088468,0.058847,0.029621,0.334819
vib_normal_0hp,IMP_INTERP_COMPOSITE,155,0.302734,0.021151,0.022326,0.001175,0.055555
vib_normal_0hp,IMP_INTERP_COMPOSITE,156,0.304688,0.020017,0.127133,0.107115,5.351118
vib_normal_0hp,IMP_INTERP_COMPOSITE,157,0.306641,0.082702,0.185976,0.103274,1.248750
vib_normal_0hp,IMP_INTERP_COMPOSITE,158,0.308594,0.095591,0.138155,0.042564,0.445274
vib_normal_0hp,IMP_INTERP_COMPOSITE,159,0.310547,0.060266,0.073645,0.013379,0.222002
vib_normal_0hp,IMP_INTERP_COMPOSITE,160,0.312500,0.070842,0.114520,0.043678,0.616554
vib_normal_0hp,IMP_INTERP_COMPOSITE,161,0.314453,0.035009,0.084676,0.049667,1.418681
vib_normal_0hp,IMP_INTERP_COMPOSITE,162,0.316406,0.075004,0.020517,0.054487,0.726450
vib_normal_0hp,IMP_INTERP_COMPOSITE,163,0.318359,0.064701,0.112245,0.047544,0.734830
vib_normal_0hp,IMP_INTERP_COMPOSITE,164,0.320312,0.087449,0.072870,0.014579,0.166716
vib_normal_0hp,IMP_INTERP_COMPOSITE,165,0.322266,0.084490,0.118036,0.033546,0.397039
vib_normal_0hp,IMP_INTERP_COMPOSITE,166,0.324219,0.039339,0.055699,0.016360,0.415873
vib_normal_0hp,IMP_INTERP_COMPOSITE,167,0.326172,0.067475,0.140658,0.073183,1.084596
vib_normal_0hp,IMP_INTERP_COMPOSITE,168,0.328125,0.085096,0.076167,0.008929,0.104926
vib_normal_0hp,IMP_INTERP_COMPOSITE,169,0.330078,0.044307,0.118129,0.073822,1.666158
vib_normal_0hp,IMP_INTERP_COMPOSITE,170,0.332031,0.020851,0.069075,0.048224,2.312843
vib_normal_0hp,IMP_INTERP_COMPOSITE,171,0.333984,0.056840,0.044624,0.012216,0.214925
vib_normal_0hp,IMP_INTERP_COMPOSITE,172,0.335938,0.070401,0.120449,0.050048,0.710891
vib_normal_0hp,IMP_INTERP_COMPOSITE,173,0.337891,0.037787,0.023242,0.014546,0.384934
vib_normal_0hp,IMP_INTERP_COMPOSITE,174,0.339844,0.041920,0.061614,0.019693,0.469780
vib_normal_0hp,IMP_INTERP_COMPOSITE,175,0.341797,0.083469,0.035421,0.048047,0.575631
vib_normal_0hp,IMP_INTERP_COMPOSITE,176,0.343750,0.095084,0.140824,0.045740,0.481045
vib_normal_0hp,IMP_INTERP_COMPOSITE,177,0.345703,0.109424,0.152594,0.043170,0.394525
vib_normal_0hp,IMP_INTERP_COMPOSITE,178,0.347656,0.071377,0.074909,0.003532,0.049481
vib_normal_0hp,IMP_INTERP_COMPOSITE,179,0.349609,0.102968,0.113775,0.010807,0.104954
vib_normal_0hp,IMP_INTERP_COMPOSITE,180,0.351562,0.109586,0.171099,0.061513,0.561326
vib_normal_0hp,IMP_INTERP_COMPOSITE,181,0.353516,0.064166,0.125154,0.060989,0.950487
vib_normal_0hp,IMP_INTERP_COMPOSITE,182,0.355469,0.092874,0.029333,0.063541,0.684161
vib_normal_0hp,IMP_INTERP_COMPOSITE,183,0.357422,0.064225,0.073918,0.009693,0.150925
vib_normal_0hp,IMP_INTERP_COMPOSITE,184,0.359375,0.082910,0.163390,0.080480,0.970688
vib_normal_0hp,IMP_INTERP_COMPOSITE,185,0.361328,0.008646,0.048761,0.040115,4.639734
vib_normal_0hp,IMP_INTERP_COMPOSITE,186,0.363281,0.023127,0.046213,0.023087,0.998261
vib_normal_0hp,IMP_INTERP_COMPOSITE,187,0.365234,0.056217,0.101209,0.044991,0.800312
vib_normal_0hp,IMP_INTERP_COMPOSITE,188,0.367188,0.081724,0.059087,0.022637,0.276992
vib_normal_0hp,IMP_INTERP_COMPOSITE,189,0.369141,0.163662,0.095662,0.068000,0.415492
vib_normal_0hp,IMP_INTERP_COMPOSITE,190,0.371094,0.198884,0.121950,0.076935,0.386832
vib_normal_0hp,IMP_INTERP_COMPOSITE,191,0.373047,0.024433,0.085873,0.061439,2.514554
vib_normal_0hp,IMP_INTERP_COMPOSITE,192,0.375000,0.093506,0.028773,0.064733,0.692285
vib_normal_0hp,IMP_INTERP_COMPOSITE,193,0.376953,0.020584,0.155188,0.134604,6.539365
vib_normal_0hp,IMP_INTERP_COMPOSITE,194,0.378906,0.120257,0.068528,0.051730,0.430158
vib_normal_0hp,IMP_INTERP_COMPOSITE,195,0.380859,0.055826,0.024229,0.031597,0.565994
vib_normal_0hp,IMP_INTERP_COMPOSITE,196,0.382812,0.078744,0.161308,0.082564,1.048520
vib_normal_0hp,IMP_INTERP_COMPOSITE,197,0.384766,0.057558,0.056865,0.000694,0.012053
vib_normal_0hp,IMP_INTERP_COMPOSITE,198,0.386719,0.038318,0.074683,0.036365,0.949035
vib_normal_0hp,IMP_INTERP_COMPOSITE,199,0.388672,0.103222,0.141780,0.038558,0.373541
vib_normal_0hp,IMP_INTERP_COMPOSITE,200,0.390625,0.031272,0.059930,0.028658,0.916397
vib_normal_0hp,IMP_INTERP_COMPOSITE,201,0.392578,0.024682,0.038797,0.014115,0.571860
vib_normal_0hp,IMP_INTERP_COMPOSITE,202,0.394531,0.055411,0.087086,0.031675,0.571645
vib_normal_0hp,IMP_INTERP_COMPOSITE,203,0.396484,0.021797,0.116990,0.095193,4.367199
vib_normal_0hp,IMP_INTERP_COMPOSITE,204,0.398438,0.131751,0.133282,0.001531,0.011620
vib_normal_0hp,IMP_INTERP_COMPOSITE,205,0.400391,0.209107,0.173183,0.035923,0.171794
vib_normal_0hp,IMP_INTERP_COMPOSITE,206,0.402344,0.081699,0.073062,0.008637,0.105717
vib_normal_0hp,IMP_INTERP_COMPOSITE,207,0.404297,0.147683,0.187230,0.039546,0.267779
vib_normal_0hp,IMP_INTERP_COMPOSITE,208,0.406250,0.082585,0.135568,0.052983,0.641558
vib_normal_0hp,IMP_INTERP_COMPOSITE,209,0.408203,0.114318,0.152416,0.038099,0.333272
vib_normal_0hp,IMP_INTERP_COMPOSITE,210,0.410156,0.246078,0.316257,0.070179,0.285191
vib_normal_0hp,IMP_INTERP_COMPOSITE,211,0.412109,0.228088,0.278320,0.050232,0.220229
vib_normal_0hp,IMP_INTERP_COMPOSITE,212,0.414062,0.054460,0.110011,0.055551,1.020037
vib_normal_0hp,IMP_INTERP_COMPOSITE,213,0.416016,0.057259,0.092247,0.034988,0.611050
vib_normal_0hp,IMP_INTERP_COMPOSITE,214,0.417969,0.072447,0.088112,0.015665,0.216222
vib_normal_0hp,IMP_INTERP_COMPOSITE,215,0.419922,0.051492,0.142527,0.091035,1.767934
vib_normal_0hp,IMP_INTERP_COMPOSITE,216,0.421875,0.012871,0.051733,0.038862,3.019448
vib_normal_0hp,IMP_INTERP_COMPOSITE,217,0.423828,0.039107,0.061201,0.022095,0.564993
vib_normal_0hp,IMP_INTERP_COMPOSITE,218,0.425781,0.032751,0.062479,0.029727,0.907673
vib_normal_0hp,IMP_INTERP_COMPOSITE,219,0.427734,0.042406,0.099008,0.056602,1.334773
vib_normal_0hp,IMP_INTERP_COMPOSITE,220,0.429688,0.025319,0.028550,0.003231,0.127607
vib_normal_0hp,IMP_INTERP_COMPOSITE,221,0.431641,0.014509,0.082367,0.067859,4.677076
vib_normal_0hp,IMP_INTERP_COMPOSITE,222,0.433594,0.009992,0.065364,0.055372,5.541359
vib_normal_0hp,IMP_INTERP_COMPOSITE,223,0.435547,0.052514,0.091428,0.038915,0.741042
vib_normal_0hp,IMP_INTERP_COMPOSITE,224,0.437500,0.045024,0.065964,0.020940,0.465083
vib_normal_0hp,IMP_INTERP_COMPOSITE,225,0.439453,0.025433,0.164614,0.139182,5.472497
vib_normal_0hp,IMP_INTERP_COMPOSITE,226,0.441406,0.038573,0.160109,0.121536,3.150780
vib_normal_0hp,IMP_INTERP_COMPOSITE,227,0.443359,0.057452,0.059637,0.002185,0.038025
vib_normal_0hp,IMP_INTERP_COMPOSITE,228,0.445312,0.030708,0.031515,0.000807,0.026294
vib_normal_0hp,IMP_INTERP_COMPOSITE,229,0.447266,0.052417,0.051116,0.001301,0.024820
vib_normal_0hp,IMP_INTERP_COMPOSITE,230,0.449219,0.017167,0.121774,0.104607,6.093648
vib_normal_0hp,IMP_INTERP_COMPOSITE,231,0.451172,0.039776,0.075662,0.035886,0.902212
vib_normal_0hp,IMP_INTERP_COMPOSITE,232,0.453125,0.025692,0.045824,0.020132,0.783560
vib_normal_0hp,IMP_INTERP_COMPOSITE,233,0.455078,0.018993,0.044126,0.025133,1.323281
vib_normal_0hp,IMP_INTERP_COMPOSITE,234,0.457031,0.030676,0.125898,0.095222,3.104075
vib_normal_0hp,IMP_INTERP_COMPOSITE,235,0.458984,0.013765,0.122469,0.108704,7.896845
vib_normal_0hp,IMP_INTERP_COMPOSITE,236,0.460938,0.032421,0.035076,0.002656,0.081915
vib_normal_0hp,IMP_INTERP_COMPOSITE,237,0.462891,0.022262,0.038306,0.016045,0.720731
vib_normal_0hp,IMP_INTERP_COMPOSITE,238,0.464844,0.015066,0.075497,0.060431,4.011104
vib_normal_0hp,IMP_INTERP_COMPOSITE,239,0.466797,0.003128,0.061744,0.058616,18.738118
vib_normal_0hp,IMP_INTERP_COMPOSITE,240,0.468750,0.014704,0.095996,0.081292,5.528662
vib_normal_0hp,IMP_INTERP_COMPOSITE,241,0.470703,0.020154,0.047941,0.027787,1.378751
vib_normal_0hp,IMP_INTERP_COMPOSITE,242,0.472656,0.016399,0.015353,0.001047,0.063823
vib_normal_0hp,IMP_INTERP_COMPOSITE,243,0.474609,0.015050,0.121438,0.106388,7.069023
vib_normal_0hp,IMP_INTERP_COMPOSITE,244,0.476562,0.008852,0.074738,0.065886,7.443240
vib_normal_0hp,IMP_INTERP_COMPOSITE,245,0.478516,0.013904,0.081222,0.067318,4.841625
vib_normal_0hp,IMP_INTERP_COMPOSITE,246,0.480469,0.015618,0.050321,0.034703,2.221894
vib_normal_0hp,IMP_INTERP_COMPOSITE,247,0.482422,0.012737,0.062372,0.049636,3.897005
vib_normal_0hp,IMP_INTERP_COMPOSITE,248,0.484375,0.012293,0.085681,0.073388,5.969875
vib_normal_0hp,IMP_INTERP_COMPOSITE,249,0.486328,0.013596,0.024403,0.010807,0.794830
vib_normal_0hp,IMP_INTERP_COMPOSITE,250,0.488281,0.013288,0.029039,0.015752,1.185432
vib_normal_0hp,IMP_INTERP_COMPOSITE,251,0.490234,0.011737,0.025563,0.013827,1.178047
vib_normal_0hp,IMP_INTERP_COMPOSITE,252,0.492188,0.015428,0.029991,0.014563,0.943905
vib_normal_0hp,IMP_INTERP_COMPOSITE,253,0.494141,0.012755,0.035775,0.023020,1.804853
vib_normal_0hp,IMP_INTERP_COMPOSITE,254,0.496094,0.013539,0.070700,0.057161,4.222029
vib_normal_0hp,IMP_INTERP_COMPOSITE,255,0.498047,0.011949,0.077291,0.065342,5.468445
vib_inner_race_007,IMP_INTERP_ERROR,0,0.000000,8.157507,10.457098,2.299591,0.281899
vib_inner_race_007,IMP_INTERP_ERROR,1,0.001953,0.183752,2.813463,2.629711,14.311192
vib_inner_race_007,IMP_INTERP_ERROR,2,0.003906,0.194281,0.801203,0.606922,3.123937
vib_inner_race_007,IMP_INTERP_ERROR,3,0.005859,0.299649,1.444167,1.144517,3.819525
vib_inner_race_007,IMP_INTERP_ERROR,4,0.007812,0.354079,1.288870,0.934790,2.640061
vib_inner_race_007,IMP_INTERP_ERROR,5,0.009766,0.706787,0.978340,0.271553,0.384208
vib_inner_race_007,IMP_INTERP_ERROR,6,0.011719,1.200140,1.345507,0.145367,0.121125
vib_inner_race_007,IMP_INTERP_ERROR,7,0.013672,4.712902,4.070086,0.642816,0.136395
vib_inner_race_007,IMP_INTERP_ERROR,8,0.015625,2.190814,2.901875,0.711060,0.324564
vib_inner_race_007,IMP_INTERP_ERROR,9,0.017578,1.042928,1.387084,0.344156,0.329990
vib_inner_race_007,IMP_INTERP_ERROR,10,0.019531,1.046209,1.406076,0.359867,0.343973
vib_inner_race_007,IMP_INTERP_ERROR,11,0.021484,0.893641,2.189564,1.295923,1.450160
vib_inner_race_007,IMP_INTERP_ERROR,12,0.023438,0.643019,0.503779,0.139240,0.216541
vib_inner_race_007,IMP_INTERP_ERROR,13,0.025391,1.114823,2.527682,1.412860,1.267340
vib_inner_race_007,IMP_INTERP_ERROR,14,0.027344,0.953591,2.370537,1.416947,1.485906
vib_inner_race_007,IMP_INTERP_ERROR,15,0.029297,1.315766,1.255432,0.060334,0.045854
vib_inner_race_007,IMP_INTERP_ERROR,16,0.031250,0.961735,2.821019,1.859284,1.933261
vib_inner_race_007,IMP_INTERP_ERROR,17,0.033203,2.229926,0.740675,1.489251,0.667848
vib_inner_race_007,IMP_INTERP_ERROR,18,0.035156,3.108128,2.259028,0.849101,0.273187
vib_inner_race_007,IMP_INTERP_ERROR,19,0.037109,3.877980,4.456412,0.578433,0.149158
vib_inner_race_007,IMP_INTERP_ERROR,20,0.039062,4.414594,4.523684,0.109091,0.024711
vib_inner_race_007,IMP_INTERP_ERROR,21,0.041016,1.852966,2.271011,0.418045,0.225608
vib_inner_race_007,IMP_INTERP_ERROR,22,0.042969,4.940105,4.496715,0.443389,0.089753
vib_inner_race_007,IMP_INTERP_ERROR,23,0.044922,2.126275,1.929803,0.196472,0.092402
vib_inner_race_007,IMP_INTERP_ERROR,24,0.046875,1.202648,1.223520,0.020873,0.017356
vib_inner_race_007,IMP_INTERP_ERROR,25,0.048828,3.414599,3.060068,0.354530,0.103828
vib_inner_race_007,IMP_INTERP_ERROR,26,0.050781,16.683289,15.439670,1.243619,0.074543
vib_inner_race_007,IMP_INTERP_ERROR,27,0.052734,2.210132,1.970565,0.239567,0.108395
vib_inner_race_007,IMP_INTERP_ERROR,28,0.054688,2.471429,1.863878,0.607551,0.245830
vib_inner_race_007,IMP_INTERP_ERROR,29,0.056641,9.167714,9.531961,0.364247,0.039732
vib_inner_race_007,IMP_INTERP_ERROR,30,0.058594,0.938129,1.082613,0.144483,0.154012
vib_inner_race_007,IMP_INTERP_ERROR,31,0.060547,1.343417,2.345476,1.002059,0.745903
vib_inner_race_007,IMP_INTERP_ERROR,32,0.062500,3.135288,4.991011,1.855723,0.591883
vib_inner_race_007,IMP_INTERP_ERROR,33,0.064453,2.934704,0.998338,1.936366,0.659816
vib_inner_race_007,IMP_INTERP_ERROR,34,0.066406,1.179105,1.764123,0.585019,0.496155
vib_inner_race_007,IMP_INTERP_ERROR,35,0.068359,1.494325,0.356497,1.137828,0.761433
vib_inner_race_007,IMP_INTERP_ERROR,36,0.070312,0.391610,0.312531,0.079079,0.201934
vib_inner_race_007,IMP_INTERP_ERROR,37,0.072266,1.646259,2.855948,1.209689,0.734811
vib_inner_race_007,IMP_INTERP_ERROR,38,0.074219,0.300428,2.142450,1.842022,6.131322
vib_inner_race_007,IMP_INTERP_ERROR,39,0.076172,1.306240,1.873235,0.566995,0.434067
vib_inner_race_007,IMP_INTERP_ERROR,40,0.078125,3.641033,4.413923,0.772890,0.212272
vib_inner_race_007,IMP_INTERP_ERROR,41,0.080078,0.639593,1.077886,0.438293,0.685268
vib_inner_race_007,IMP_INTERP_ERROR,42,0.082031,1.616596,0.123220,1.493376,0.923778
vib_inner_race_007,IMP_INTERP_ERROR,43,0.083984,4.118640,5.151862,1.033222,0.250865
vib_inner_race_007,IMP_INTERP_ERROR,44,0.085938,3.363438,4.883209,1.519771,0.451850
vib_inner_race_007,IMP_INTERP_ERROR,45,0.087891,1.489248,1.347126,0.142122,0.095432
vib_inner_race_007,IMP_INTERP_ERROR,46,0.089844,1.825396,1.453595,0.371801,0.203682
vib_inner_race_007,IMP_INTERP_ERROR,47,0.091797,4.381224,4.178350,0.202874,0.046305
vib_inner_race_007,IMP_INTERP_ERROR,48,0.093750,9.140454,10.590735,1.450281,0.158666
vib_inner_race_007,IMP_INTERP_ERROR,49,0.095703,9.524299,8.422847,1.101452,0.115647
vib_inner_race_007,IMP_INTERP_ERROR,50,0.097656,8.034329,9.691918,1.657588,0.206313
vib_inner_race_007,IMP_INTERP_ERROR,51,0.099609,9.738494,10.946852,1.208358,0.124081
vib_inner_race_007,IMP_INTERP_ERROR,52,0.101562,5.075243,4.499103,0.576139,0.113520
vib_inner_race_007,IMP_INTERP_ERROR,53,0.103516,8.022781,8.522974,0.500193,0.062347
vib_inner_race_007,IMP_INTERP_ERROR,54,0.105469,12.399547,12.788420,0.388872,0.031362
vib_inner_race_007,IMP_INTERP_ERROR,55,0.107422,5.289695,4.584673,0.705022,0.133282
vib_inner_race_007,IMP_INTERP_ERROR,56,0.109375,15.564793,16.077751,0.512959,0.032956
vib_inner_race_007,IMP_INTERP_ERROR,57,0.111328,10.671444,9.452771,1.218674,0.114200
vib_inner_race_007,IMP_INTERP_ERROR,58,0.113281,2.019525,2.928167,0.908642,0.449929
vib_inner_race_007,IMP_INTERP_ERROR,59,0.115234,4.607126,5.225070,0.617944,0.134128
vib_inner_race_007,IMP_INTERP_ERROR,60,0.117188,6.256628,5.901009,0.355619,0.056839
vib_inner_race_007,IMP_INTERP_ERROR,61,0.119141,5.798164,4.787082,1.011082,0.174380
vib_inner_race_007,IMP_INTERP_ERROR,62,0.121094,2.533535,3.647850,1.114315,0.439826
vib_inner_race_007,IMP_INTERP_ERROR,63,0.123047,12.816416,12.164013,0.652403,0.050904
vib_inner_race_007,IMP_INTERP_ERROR,64,0.125000,3.739031,4.391885,0.652855,0.174605
vib_inner_race_007,IMP_INTERP_ERROR,65,0.126953,2.296767,4.020479,1.723713,0.750495
vib_inner_race_007,IMP_INTERP_ERROR,66,0.128906,1.511451,3.023018,1.511566,1.000076
vib_inner_race_007,IMP_INTERP_ERROR,67,0.130859,6.980189,6.724856,0.255333,0.036580
vib_inner_race_007,IMP_INTERP_ERROR,68,0.132812,4.640673,3.488710,1.151962,0.248232
vib_inner_race_007,IMP_INTERP_ERROR,69,0.134766,1.882858,3.111974,1.229116,0.652793
vib_inner_race_007,IMP_INTERP_ERROR,70,0.136719,4.518532,3.377769,1.140763,0.252463
vib_inner_race_007,IMP_INTERP_ERROR,71,0.138672,1.646971,3.690419,2.043448,1.240731
vib_inner_race_007,IMP_INTERP_ERROR,72,0.140625,2.196492,5.089140,2.892648,1.316940
vib_inner_race_007,IMP_INTERP_ERROR,73,0.142578,1.613971,4.591213,2.977243,1.844670
vib_inner_race_007,IMP_INTERP_ERROR,74,0.144531,6.372769,6.253720,0.119049,0.018681
vib_inner_race_007,IMP_INTERP_ERROR,75,0.146484,2.487714,2.934652,0.446938,0.179658
vib_inner_race_007,IMP_INTERP_ERROR,76,0.148438,2.377202,3.620254,1.243052,0.522906
vib_inner_race_007,IMP_INTERP_ERROR,77,0.150391,4.028719,3.548523,0.480196,0.119193
vib_inner_race_007,IMP_INTERP_ERROR,78,0.152344,1.063653,2.170758,1.107105,1.040851
vib_inner_race_007,IMP_INTERP_ERROR,79,0.154297,1.122066,1.552097,0.430032,0.383250
vib_inner_race_007,IMP_INTERP_ERROR,80,0.156250,1.414897,0.802340,0.612557,0.432934
vib_inner_race_007,IMP_INTERP_ERROR,81,0.158203,6.414890,7.000773,0.585883,0.091332
vib_inner_race_007,IMP_INTERP_ERROR,82,0.160156,3.924788,3.921709,0.003079,0.000785
vib_inner_race_007,IMP_INTERP_ERROR,83,0.162109,3.751512,3.063771,0.687741,0.183324
vib_inner_race_007,IMP_INTERP_ERROR,84,0.164062,9.610972,10.248205,0.637233,0.066303
vib_inner_race_007,IMP_INTERP_ERROR,85,0.166016,3.079530,2.903827,0.175702,0.057055
vib_inner_race_007,IMP_INTERP_ERROR,86,0.167969,0.754943,0.270620,0.484323,0.641536
vib_inner_race_007,IMP_INTERP_ERROR,87,0.169922,1.302358,1.026303,0.276055,0.211966
vib_inner_race_007,IMP_INTERP_ERROR,88,0.171875,1.719747,2.286303,0.566556,0.329441
vib_inner_race_007,IMP_INTERP_ERROR,89,0.173828,1.230109,0.273769,0.956339,0.777443
vib_inner_race_007,IMP_INTERP_ERROR,90,0.175781,0.628272,0.594503,0.033769,0.053748
vib_inner_race_007,IMP_INTERP_ERROR,91,0.177734,1.894572,2.822523,0.927952,0.489795
vib_inner_race_007,IMP_INTERP_ERROR,92,0.179688,1.521520,1.409037,0.112483,0.073928
vib_inner_race_007,IMP_INTERP_ERROR,93,0.181641,0.733054,2.131761,1.398707,1.908053
vib_inner_race_007,IMP_INTERP_ERROR,94,0.183594,1.134600,1.432889,0.298290,0.262903
vib_inner_race_007,IMP_INTERP_ERROR,95,0.185547,4.528914,4.070925,0.457990,0.101126
vib_inner_race_007,IMP_INTERP_ERROR,96,0.187500,3.618728,3.683367,0.064639,0.017862
vib_inner_race_007,IMP_INTERP_ERROR,97,0.189453,3.375451,2.857768,0.517683,0.153367
vib_inner_race_007,IMP_INTERP_ERROR,98,0.191406,3.988217,3.233539,0.754678,0.189227
vib_inner_race_007,IMP_INTERP_ERROR,99,0.193359,1.140725,1.772901,0.632176,0.554188
vib_inner_race_007,IMP_INTERP_ERROR,100,0.195312,1.017556,1.237565,0.220009,0.216213
vib_inner_race_007,IMP_INTERP_ERROR,101,0.197266,4.632133,5.789482,1.157349,0.249852
vib_inner_race_007,IMP_INTERP_ERROR,102,0.199219,6.529269,6.199000,0.330270,0.050583
vib_inner_race_007,IMP_INTERP_ERROR,103,0.201172,8.653214,7.218627,1.434587,0.165787
vib_inner_race_007,IMP_INTERP_ERROR,104,0.203125,11.624898,12.900621,1.275722,0.109741
vib_inner_race_007,IMP_INTERP_ERROR,105,0.205078,14.909948,14.069028,0.840920,0.056400
vib_inner_race_007,IMP_INTERP_ERROR,106,0.207031,12.029140,10.765880,1.263260,0.105017
vib_inner_race_007,IMP_INTERP_ERROR,107,0.208984,1.758111,1.203063,0.555048,0.315707
vib_inner_race_007,IMP_INTERP_ERROR,108,0.210938,8.832117,8.191654,0.640462,0.072515
vib_inner_race_007,IMP_INTERP_ERROR,109,0.212891,5.828161,6.703730,0.875569,0.150231
vib_inner_race_007,IMP_INTERP_ERROR,110,0.214844,5.153724,6.253902,1.100178,0.213472
vib_inner_race_007,IMP_INTERP_ERROR,111,0.216797,19.917068,19.575119,0.341948,0.017169
vib_inner_race_007,IMP_INTERP_ERROR,112,0.218750,15.014983,15.364614,0.349631,0.023285
vib_inner_race_007,IMP_INTERP_ERROR,113,0.220703,12.152233,12.584559,0.432326,0.035576
vib_inner_race_007,IMP_INTERP_ERROR,114,0.222656,1.463513,0.673370,0.790143,0.539895
vib_inner_race_007,IMP_INTERP_ERROR,115,0.224609,8.341602,7.704609,0.636993,0.076363
vib_inner_race_007,IMP_INTERP_ERROR,116,0.226562,15.318317,17.102270,1.783952,0.116459
vib_inner_race_007,IMP_INTERP_ERROR,117,0.228516,13.598118,11.928389,1.669729,0.122791
vib_inner_race_007,IMP_INTERP_ERROR,118,0.230469,17.341700,17.065459,0.276240,0.015929
vib_inner_race_007,IMP_INTERP_ERROR,119,0.232422,15.466106,14.879942,0.586164,0.037900
vib_inner_race_007,IMP_INTERP_ERROR,120,0.234375,9.243511,7.368051,1.875460,0.202895
vib_inner_race_007,IMP_INTERP_ERROR,121,0.236328,10.692977,9.213153,1.479824,0.138392
vib_inner_race_007,IMP_INTERP_ERROR,122,0.238281,18.051961,16.489605,1.562356,0.086548
vib_inner_race_007,IMP_INTERP_ERROR,123,0.240234,20.765118,20.450704,0.314414,0.015141
vib_inner_race_007,IMP_INTERP_ERROR,124,0.242188,13.463207,13.477136,0.013929,0.001035
vib_inner_race_007,IMP_INTERP_ERROR,125,0.244141,10.912017,9.610251,1.301766,0.119297
vib_inner_race_007,IMP_INTERP_ERROR,126,0.246094,9.044101,8.542118,0.501982,0.055504
vib_inner_race_007,IMP_INTERP_ERROR,127,0.248047,5.573967,5.421853,0.152114,0.027290
vib_inner_race_007,IMP_INTERP_ERROR,128,0.250000,0.682020,1.205527,0.523507,0.767583
vib_inner_race_007,IMP_INTERP_ERROR,129,0.251953,5.395649,4.455737,0.939913,0.174198
vib_inner_race_007,IMP_INTERP_ERROR,130,0.253906,3.112988,3.258636,0.145648,0.046787
vib_inner_race_007,IMP_INTERP_ERROR,131,0.255859,6.109793,5.353228,0.756564,0.123828
vib_inner_race_007,IMP_INTERP_ERROR,132,0.257812,2.042392,2.610451,0.568059,0.278134
vib_inner_race_007,IMP_INTERP_ERROR,133,0.259766,2.751647,3.315212,0.563565,0.204810
vib_inner_race_007,IMP_INTERP_ERROR,134,0.261719,3.648508,2.390732,1.257776,0.344737
vib_inner_race_007,IMP_INTERP_ERROR,135,0.263672,1.829999,2.214653,0.384653,0.210193
vib_inner_race_007,IMP_INTERP_ERROR,136,0.265625,3.594679,4.040685,0.446006,0.124074
vib_inner_race_007,IMP_INTERP_ERROR,137,0.267578,1.455586,2.318887,0.863301,0.593096
vib_inner_race_007,IMP_INTERP_ERROR,138,0.269531,2.956082,3.306847,0.350765,0.118659
vib_inner_race_007,IMP_INTERP_ERROR,139,0.271484,12.129665,11.821385,0.308280,0.025415
vib_inner_race_007,IMP_INTERP_ERROR,140,0.273438,4.133195,4.933188,0.799993,0.193553
vib_inner_race_007,IMP_INTERP_ERROR,141,0.275391,4.716041,4.665528,0.050513,0.010711
vib_inner_race_007,IMP_INTERP_ERROR,142,0.277344,4.679547,3.453572,1.225975,0.261986
vib_inner_race_007,IMP_INTERP_ERROR,143,0.279297,7.734486,7.613234,0.121252,0.015677
vib_inner_race_007,IMP_INTERP_ERROR,144,0.281250,7.417526,5.858944,1.558582,0.210121
vib_inner_race_007,IMP_INTERP_ERROR,145,0.283203,16.245587,14.446261,1.799325,0.110758
vib_inner_race_007,IMP_INTERP_ERROR,146,0.285156,14.814070,14.896672,0.082602,0.005576
vib_inner_race_007,IMP_INTERP_ERROR,147,0.287109,8.493073,10.186843,1.693771,0.199430
vib_inner_race_007,IMP_INTERP_ERROR,148,0.289062,3.940865,5.458358,1.517492,0.385066
vib_inner_race_007,IMP_INTERP_ERROR,149,0.291016,4.011487,5.559639,1.548152,0.385930
vib_inner_race_007,IMP_INTERP_ERROR,150,0.292969,13.684308,12.849801,0.834507,0.060983
vib_inner_race_007,IMP_INTERP_ERROR,151,0.294922,10.348322,9.289058,1.059264,0.102361
vib_inner_race_007,IMP_INTERP_ERROR,152,0.296875,14.110189,15.603915,1.493726,0.105862
vib_inner_race_007,IMP_INTERP_ERROR,153,0.298828,29.752396,27.593030,2.159365,0.072578
vib_inner_race_007,IMP_INTERP_ERROR,154,0.300781,21.513373,20.021767,1.491606,0.069334
vib_inner_race_007,IMP_INTERP_ERROR,155,0.302734,9.862710,7.961718,1.900991,0.192745
vib_inner_race_007,IMP_INTERP_ERROR,156,0.304688,8.632747,9.064591,0.431843,0.050024
vib_inner_race_007,IMP_INTERP_ERROR,157,0.306641,17.247381,17.108779,0.138602,0.008036
vib_inner_race_007,IMP_INTERP_ERROR,158,0.308594,8.866291,8.218509,0.647782,0.073061
vib_inner_race_007,IMP_INTERP_ERROR,159,0.310547,11.641336,11.465896,0.175440,0.015070
vib_inner_race_007,IMP_INTERP_ERROR,160,0.312500,3.628904,3.017633,0.611271,0.168445
vib_inner_race_007,IMP_INTERP_ERROR,161,0.314453,7.589167,6.208624,1.380543,0.181910
vib_inner_race_007,IMP_INTERP_ERROR,162,0.316406,5.037826,4.403922,0.633905,0.125829
vib_inner_race_007,IMP_INTERP_ERROR,163,0.318359,2.752530,1.792421,0.960109,0.348810
vib_inner_race_007,IMP_INTERP_ERROR,164,0.320312,5.092405,5.098887,0.006482,0.001273
vib_inner_race_007,IMP_INTERP_ERROR,165,0.322266,4.216173,4.511462,0.295289,0.070037
vib_inner_race_007,IMP_INTERP_ERROR,166,0.324219,4.444277,4.828289,0.384012,0.086406
vib_inner_race_007,IMP_INTERP_ERROR,167,0.326172,5.365048,3.547442,1.817606,0.338787
vib_inner_race_007,IMP_INTERP_ERROR,168,0.328125,2.582887,2.237936,0.344951,0.133552
vib_inner_race_007,IMP_INTERP_ERROR,169,0.330078,3.465648,2.671809,0.793840,0.229060
vib_inner_race_007,IMP_INTERP_ERROR,170,0.332031,2.382847,1.532510,0.850337,0.356858
vib_inner_race_007,IMP_INTERP_ERROR,171,0.333984,3.639704,4.215373,0.575669,0.158164
vib_inner_race_007,IMP_INTERP_ERROR,172,0.335938,1.202022,0.620797,0.581225,0.483540
vib_inner_race_007,IMP_INTERP_ERROR,173,0.337891,3.887488,3.472635,0.414854,0.106715
vib_inner_race_007,IMP_INTERP_ERROR,174,0.339844,0.763750,2.199527,1.435777,1.879903
vib_inner_race_007,IMP_INTERP_ERROR,175,0.341797,3.648791,4.542794,0.894003,0.245013
vib_inner_race_007,IMP_INTERP_ERROR,176,0.343750,2.596512,2.511809,0.084704,0.032622
vib_inner_race_007,IMP_INTERP_ERROR,177,0.345703,3.432482,4.862084,1.429601,0.416492
vib_inner_race_007,IMP_INTERP_ERROR,178,0.347656,0.647790,1.240000,0.592210,0.914201
vib_inner_race_007,IMP_INTERP_ERROR,179,0.349609,0.792246,1.330176,0.537930,0.678994
vib_inner_race_007,IMP_INTERP_ERROR,180,0.351562,3.595196,3.399173,0.196023,0.054524
vib_inner_race_007,IMP_INTERP_ERROR,181,0.353516,1.145112,2.111161,0.966048,0.843628
vib_inner_race_007,IMP_INTERP_ERROR,182,0.355469,5.879426,5.363404,0.516022,0.087767
vib_inner_race_007,IMP_INTERP_ERROR,183,0.357422,3.180466,3.711890,0.531424,0.167090
vib_inner_race_007,IMP_INTERP_ERROR,184,0.359375,1.872978,2.939200,1.066222,0.569266
vib_inner_race_007,IMP_INTERP_ERROR,185,0.361328,0.634851,1.290207,0.655356,1.032300
vib_inner_race_007,IMP_INTERP_ERROR,186,0.363281,1.448090,2.999502,1.551412,1.071351
vib_inner_race_007,IMP_INTERP_ERROR,187,0.365234,4.014639,3.236824,0.777816,0.193745
vib_inner_race_007,IMP_INTERP_ERROR,188,0.367188,1.513580,2.210989,0.697409,0.460768
vib_inner_race_007,IMP_INTERP_ERROR,189,0.369141,0.720450,1.731302,1.010852,1.403084
vib_inner_race_007,IMP_INTERP_ERROR,190,0.371094,2.644352,2.950837,0.306485,0.115902
vib_inner_race_007,IMP_INTERP_ERROR,191,0.373047,1.880781,1.935244,0.054463,0.028958
vib_inner_race_007,IMP_INTERP_ERROR,192,0.375000,1.284560,1.661191,0.376631,0.293198
vib_inner_race_007,IMP_INTERP_ERROR,193,0.376953,1.732652,1.331099,0.401553,0.231756
vib_inner_race_007,IMP_INTERP_ERROR,194,0.378906,1.757371,2.159513,0.402143,0.228832
vib_inner_race_007,IMP_INTERP_ERROR,195,0.380859,1.792988,2.199167,0.406179,0.226538
vib_inner_race_007,IMP_INTERP_ERROR,196,0.382812,0.581902,1.209394,0.627492,1.078346
vib_inner_race_007,IMP_INTERP_ERROR,197,0.384766,2.930466,3.993179,1.062713,0.362643
vib_inner_race_007,IMP_INTERP_ERROR,198,0.386719,1.215069,2.041664,0.826595,0.680287
vib_inner_race_007,IMP_INTERP_ERROR,199,0.388672,1.575101,2.072343,0.497242,0.315689
vib_inner_race_007,IMP_INTERP_ERROR,200,0.390625,1.496023,0.653084,0.842939,0.563453
vib_inner_race_007,IMP_INTERP_ERROR,201,0.392578,1.372526,1.620768,0.248242,0.180865
vib_inner_race_007,IMP_INTERP_ERROR,202,0.394531,0.784699,1.542890,0.758191,0.966220
vib_inner_race_007,IMP_INTERP_ERROR,203,0.396484,1.035091,1.996666,0.961574,0.928975
vib_inner_race_007,IMP_INTERP_ERROR,204,0.398438,2.458541,2.329703,0.128838,0.052404
vib_inner_race_007,IMP_INTERP_ERROR,205,0.400391,1.697993,1.850250,0.152257,0.089669
vib_inner_race_007,IMP_INTERP_ERROR,206,0.402344,0.238132,1.800406,1.562274,6.560526
vib_inner_race_007,IMP_INTERP_ERROR,207,0.404297,0.363288,0.986887,0.623600,1.716545
vib_inner_race_007,IMP_INTERP_ERROR,208,0.406250,2.441166,1.299112,1.142054,0.467831
vib_inner_race_007,IMP_INTERP_ERROR,209,0.408203,0.095860,0.911723,0.815863,8.510962
vib_inner_race_007,IMP_INTERP_ERROR,210,0.410156,1.127878,2.077337,0.949458,0.841809
vib_inner_race_007,IMP_INTERP_ERROR,211,0.412109,1.926999,2.315284,0.388285,0.201497
vib_inner_race_007,IMP_INTERP_ERROR,212,0.414062,0.251014,0.977874,0.726860,2.895695
vib_inner_race_007,IMP_INTERP_ERROR,213,0.416016,0.195662,1.269661,1.073999,5.489063
vib_inner_race_007,IMP_INTERP_ERROR,214,0.417969,0.477624,1.074931,0.597307,1.250580
vib_inner_race_007,IMP_INTERP_ERROR,215,0.419922,0.873255,0.718228,0.155028,0.177529
vib_inner_race_007,IMP_INTERP_ERROR,216,0.421875,1.090252,0.858533,0.231719,0.212537
vib_inner_race_007,IMP_INTERP_ERROR,217,0.423828,0.921606,0.583411,0.338195,0.366963
vib_inner_race_007,IMP_INTERP_ERROR,218,0.425781,1.789917,2.226490,0.436573,0.243907
vib_inner_race_007,IMP_INTERP_ERROR,219,0.427734,0.756009,1.240435,0.484427,0.640769
vib_inner_race_007,IMP_INTERP_ERROR,220,0.429688,0.483841,0.671925,0.188084,0.388731
vib_inner_race_007,IMP_INTERP_ERROR,221,0.431641,1.503031,1.624447,0.121416,0.080781
vib_inner_race_007,IMP_INTERP_ERROR,222,0.433594,0.788806,1.243009,0.454202,0.575810
vib_inner_race_007,IMP_INTERP_ERROR,223,0.435547,1.237656,0.592436,0.645220,0.521324
vib_inner_race_007,IMP_INTERP_ERROR,224,0.437500,0.491301,1.464008,0.972706,1.979856
vib_inner_race_007,IMP_INTERP_ERROR,225,0.439453,1.663956,2.324318,0.660362,0.396862
vib_inner_race_007,IMP_INTERP_ERROR,226,0.441406,1.725340,2.690829,0.965489,0.559594
vib_inner_race_007,IMP_INTERP_ERROR,227,0.443359,0.566088,0.588296,0.022208,0.039231
vib_inner_race_007,IMP_INTERP_ERROR,228,0.445312,0.739652,1.556712,0.817060,1.104654
vib_inner_race_007,IMP_INTERP_ERROR,229,0.447266,0.781416,0.831796,0.050379,0.064472
vib_inner_race_007,IMP_INTERP_ERROR,230,0.449219,0.615423,1.065089,0.449666,0.730661
vib_inner_race_007,IMP_INTERP_ERROR,231,0.451172,0.937676,1.606147,0.668471,0.712902
vib_inner_race_007,IMP_INTERP_ERROR,232,0.453125,0.791521,2.103368,1.311847,1.657376
vib_inner_race_007,IMP_INTERP_ERROR,233,0.455078,0.442582,1.329500,0.886918,2.003963
vib_inner_race_007,IMP_INTERP_ERROR,234,0.457031,0.331365,0.820486,0.489120,1.476075
vib_inner_race_007,IMP_INTERP_ERROR,235,0.458984,0.254349,0.792793,0.538443,2.116946
vib_inner_race_007,IMP_INTERP_ERROR,236,0.460938,0.121684,0.788220,0.666537,5.477624
vib_inner_race_007,IMP_INTERP_ERROR,237,0.462891,0.067143,0.272687,0.205544,3.061303
vib_inner_race_007,IMP_INTERP_ERROR,238,0.464844,0.253240,1.098162,0.844922,3.336445
vib_inner_race_007,IMP_INTERP_ERROR,239,0.466797,0.451778,0.066528,0.385250,0.852743
vib_inner_race_007,IMP_INTERP_ERROR,240,0.468750,0.295542,1.153221,0.857679,2.902059
vib_inner_race_007,IMP_INTERP_ERROR,241,0.470703,0.253613,1.058951,0.805337,3.175457
vib_inner_race_007,IMP_INTERP_ERROR,242,0.472656,0.265127,1.211436,0.946309,3.569269
vib_inner_race_007,IMP_INTERP_ERROR,243,0.474609,0.172918,0.539874,0.366956,2.122141
vib_inner_race_007,IMP_INTERP_ERROR,244,0.476562,0.193188,1.580909,1.387721,7.183284
vib_inner_race_007,IMP_INTERP_ERROR,245,0.478516,0.192682,0.455439,0.262757,1.363681
vib_inner_race_007,IMP_INTERP_ERROR,246,0.480469,0.186643,0.480515,0.293872,1.574518
vib_inner_race_007,IMP_INTERP_ERROR,247,0.482422,0.209324,0.379648,0.170324,0.813689
vib_inner_race_007,IMP_INTERP_ERROR,248,0.484375,0.212378,0.686372,0.473995,2.231849
vib_inner_race_007,IMP_INTERP_ERROR,249,0.486328,0.206615,0.710873,0.504258,2.440565
vib_inner_race_007,IMP_INTERP_ERROR,250,0.488281,0.204411,0.837302,0.632891,3.096174
vib_inner_race_007,IMP_INTERP_ERROR,251,0.490234,0.207052,0.456053,0.249001,1.202599
vib_inner_race_007,IMP_INTERP_ERROR,252,0.492188,0.206252,0.398507,0.192256,0.932142
vib_inner_race_007,IMP_INTERP_ERROR,253,0.494141,0.205531,1.239591,1.034060,5.031170
vib_inner_race_007,IMP_INTERP_ERROR,254,0.496094,0.204829,0.885855,0.681026,3.324856
vib_inner_race_007,IMP_INTERP_ERROR,255,0.498047,0.204878,1.302231,1.097354,5.356140
vib_inner_race_007,RDP_OFFLINE,0,0.000000,8.157507,9.808171,1.650664,0.202349
vib_inner_race_007,RDP_OFFLINE,1,0.001953,0.183752,4.299336,4.115584,22.397484
vib_inner_race_007,RDP_OFFLINE,2,0.003906,0.194281,2.038686,1.844405,9.493488
vib_inner_race_007,RDP_OFFLINE,3,0.005859,0.299649,4.082125,3.782476,12.623015
vib_inner_race_007,RDP_OFFLINE,4,0.007812,0.354079,1.972075,1.617996,4.569587
vib_inner_race_007,RDP_OFFLINE,5,0.009766,0.706787,1.443158,0.736371,1.041857
vib_inner_race_007,RDP_OFFLINE,6,0.011719,1.200140,2.511452,1.311311,1.092632
vib_inner_race_007,RDP_OFFLINE,7,0.013672,4.712902,2.615184,2.097718,0.445101
vib_inner_race_007,RDP_OFFLINE,8,0.015625,2.190814,3.035730,0.844915,0.385663
vib_inner_race_007,RDP_OFFLINE,9,0.017578,1.042928,2.562848,1.519920,1.457358
vib_inner_race_007,RDP_OFFLINE,10,0.019531,1.046209,2.488560,1.442352,1.378646
vib_inner_race_007,RDP_OFFLINE,11,0.021484,0.893641,2.061914,1.168273,1.307317
vib_inner_race_007,RDP_OFFLINE,12,0.023438,0.643019,1.248686,0.605668,0.941913
vib_inner_race_007,RDP_OFFLINE,13,0.025391,1.114823,3.648523,2.533700,2.272738
vib_inner_race_007,RDP_OFFLINE,14,0.027344,0.953591,1.593802,0.640211,0.671369
vib_inner_race_007,RDP_OFFLINE,15,0.029297,1.315766,0.751187,0.564579,0.429087
vib_inner_race_007,RDP_OFFLINE,16,0.031250,0.961735,2.626880,1.665145,1.731397
vib_inner_race_007,RDP_OFFLINE,17,0.033203,2.229926,2.040681,0.189245,0.084866
vib_inner_race_007,RDP_OFFLINE,18,0.035156,3.108128,1.189938,1.918191,0.617153
vib_inner_race_007,RDP_OFFLINE,19,0.037109,3.877980,4.969414,1.091434,0.281444
vib_inner_race_007,RDP_OFFLINE,20,0.039062,4.414594,6.416586,2.001993,0.453494
vib_inner_race_007,RDP_OFFLINE,21,0.041016,1.852966,1.957650,0.104684,0.056495
vib_inner_race_007,RDP_OFFLINE,22,0.042969,4.940105,2.138833,2.801272,0.567047
vib_inner_race_007,RDP_OFFLINE,23,0.044922,2.126275,0.844276,1.281998,0.602932
vib_inner_race_007,RDP_OFFLINE,24,0.046875,1.202648,3.367487,2.164840,1.800061
vib_inner_race_007,RDP_OFFLINE,25,0.048828,3.414599,3.515810,0.101212,0.029641
vib_inner_race_007,RDP_OFFLINE,26,0.050781,16.683289,16.516626,0.166662,0.009990
vib_inner_race_007,RDP_OFFLINE,27,0.052734,2.210132,2.046356,0.163776,0.074102
vib_inner_race_007,RDP_OFFLINE,28,0.054688,2.471429,3.324325,0.852897,0.345103
vib_inner_race_007,RDP_OFFLINE,29,0.056641,9.167714,11.026107,1.858393,0.202711
vib_inner_race_007,RDP_OFFLINE,30,0.058594,0.938129,2.331980,1.393850,1.485776
vib_inner_race_007,RDP_OFFLINE,31,0.060547,1.343417,1.511541,0.168124,0.125147
vib_inner_race_007,RDP_OFFLINE,32,0.062500,3.135288,4.266307,1.131019,0.360738
vib_inner_race_007,RDP_OFFLINE,33,0.064453,2.934704,2.017265,0.917439,0.312617
vib_inner_race_007,RDP_OFFLINE,34,0.066406,1.179105,2.934941,1.755836,1.489127
vib_inner_race_007,RDP_OFFLINE,35,0.068359,1.494325,2.117239,0.622914,0.416853
vib_inner_race_007,RDP_OFFLINE,36,0.070312,0.391610,1.803389,1.411779,3.605062
vib_inner_race_007,RDP_OFFLINE,37,0.072266,1.646259,2.228607,0.582348,0.353740
vib_inner_race_007,RDP_OFFLINE,38,0.074219,0.300428,3.753528,3.453100,11.493926
vib_inner_race_007,RDP_OFFLINE,39,0.076172,1.306240,4.529823,3.223584,2.467835
vib_inner_race_007,RDP_OFFLINE,40,0.078125,3.641033,3.635650,0.005383,0.001479
vib_inner_race_007,RDP_OFFLINE,41,0.080078,0.639593,2.518929,1.879335,2.938329
vib_inner_race_007,RDP_OFFLINE,42,0.082031,1.616596,3.385237,1.768641,1.094053
vib_inner_race_007,RDP_OFFLINE,43,0.083984,4.118640,5.431954,1.313314,0.318871
vib_inner_race_007,RDP_OFFLINE,44,0.085938,3.363438,6.603387,3.239949,0.963285
vib_inner_race_007,RDP_OFFLINE,45,0.087891,1.489248,2.809612,1.320364,0.886598
vib_inner_race_007,RDP_OFFLINE,46,0.089844,1.825396,1.599224,0.226172,0.123903
vib_inner_race_007,RDP_OFFLINE,47,0.091797,4.381224,3.817434,0.563790,0.128683
vib_inner_race_007,RDP_OFFLINE,48,0.093750,9.140454,11.106421,1.965967,0.215084
vib_inner_race_007,RDP_OFFLINE,49,0.095703,9.524299,8.005668,1.518631,0.159448
vib_inner_race_007,RDP_OFFLINE,50,0.097656,8.034329,8.629979,0.595650,0.074138
vib_inner_race_007,RDP_OFFLINE,51,0.099609,9.738494,12.707005,2.968511,0.304822
vib_inner_race_007,RDP_OFFLINE,52,0.101562,5.075243,5.390869,0.315626,0.062189
vib_inner_race_007,RDP_OFFLINE,53,0.103516,8.022781,11.202641,3.179860,0.396354
vib_inner_race_007,RDP_OFFLINE,54,0.105469,12.399547,13.378335,0.978788,0.078937
vib_inner_race_007,RDP_OFFLINE,55,0.107422,5.289695,5.650210,0.360515,0.068154
vib_inner_race_007,RDP_OFFLINE,56,0.109375,15.564793,17.073671,1.508879,0.096942
vib_inner_race_007,RDP_OFFLINE,57,0.111328,10.671444,7.967185,2.704259,0.253411
vib_inner_race_007,RDP_OFFLINE,58,0.113281,2.019525,4.403709,2.384184,1.180567
vib_inner_race_007,RDP_OFFLINE,59,0.115234,4.607126,5.517845,0.910719,0.197676
vib_inner_race_007,RDP_OFFLINE,60,0.117188,6.256628,8.183059,1.926431,0.307902
vib_inner_race_007,RDP_OFFLINE,61,0.119141,5.798164,5.495004,0.303160,0.052286
vib_inner_race_007,RDP_OFFLINE,62,0.121094,2.533535,3.289880,0.756345,0.298534
vib_inner_race_007,RDP_OFFLINE,63,0.123047,12.816416,13.394425,0.578010,0.045099
vib_inner_race_007,RDP_OFFLINE,64,0.125000,3.739031,6.714510,2.975479,0.795789
vib_inner_race_007,RDP_OFFLINE,65,0.126953,2.296767,3.161246,0.864479,0.376390
vib_inner_race_007,RDP_OFFLINE,66,0.128906,1.511451,3.041307,1.529855,1.012176
vib_inner_race_007,RDP_OFFLINE,67,0.130859,6.980189,8.089583,1.109394,0.158935
vib_inner_race_007,RDP_OFFLINE,68,0.132812,4.640673,4.541739,0.098934,0.021319
vib_inner_race_007,RDP_OFFLINE,69,0.134766,1.882858,3.076268,1.193410,0.633829
vib_inner_race_007,RDP_OFFLINE,70,0.136719,4.518532,2.354288,2.164245,0.478971
vib_inner_race_007,RDP_OFFLINE,71,0.138672,1.646971,2.826320,1.179349,0.716072
vib_inner_race_007,RDP_OFFLINE,72,0.140625,2.196492,5.572486,3.375994,1.536994
vib_inner_race_007,RDP_OFFLINE,73,0.142578,1.613971,3.500971,1.887001,1.169167
vib_inner_race_007,RDP_OFFLINE,74,0.144531,6.372769,6.111259,0.261509,0.041035
vib_inner_race_007,RDP_OFFLINE,75,0.146484,2.487714,1.978119,0.509595,0.204845
vib_inner_race_007,RDP_OFFLINE,76,0.148438,2.377202,4.999538,2.622336,1.103119
vib_inner_race_007,RDP_OFFLINE,77,0.150391,4.028719,3.515655,0.513064,0.127352
vib_inner_race_007,RDP_OFFLINE,78,0.152344,1.063653,3.480230,2.416576,2.271959
vib_inner_race_007,RDP_OFFLINE,79,0.154297,1.122066,2.425728,1.303662,1.161841
vib_inner_race_007,RDP_OFFLINE,80,0.156250,1.414897,3.390052,1.975155,1.395971
vib_inner_race_007,RDP_OFFLINE,81,0.158203,6.414890,7.689053,1.274162,0.198626
vib_inner_race_007,RDP_OFFLINE,82,0.160156,3.924788,4.774823,0.850035,0.216581
vib_inner_race_007,RDP_OFFLINE,83,0.162109,3.751512,3.296488,0.455024,0.121291
vib_inner_race_007,RDP_OFFLINE,84,0.164062,9.610972,10.276035,0.665064,0.069198
vib_inner_race_007,RDP_OFFLINE,85,0.166016,3.079530,2.728367,0.351163,0.114031
vib_inner_race_007,RDP_OFFLINE,86,0.167969,0.754943,0.370141,0.384802,0.509710
vib_inner_race_007,RDP_OFFLINE,87,0.169922,1.302358,2.605818,1.303460,1.000846
vib_inner_race_007,RDP_OFFLINE,88,0.171875,1.719747,4.305495,2.585748,1.503563
vib_inner_race_007,RDP_OFFLINE,89,0.173828,1.230109,1.650304,0.420196,0.341592
vib_inner_race_007,RDP_OFFLINE,90,0.175781,0.628272,3.160534,2.532262,4.030522
vib_inner_race_007,RDP_OFFLINE,91,0.177734,1.894572,2.544044,0.649472,0.342807
vib_inner_race_007,RDP_OFFLINE,92,0.179688,1.521520,1.184187,0.337333,0.221708
vib_inner_race_007,RDP_OFFLINE,93,0.181641,0.733054,0.588734,0.144320,0.196875
vib_inner_race_007,RDP_OFFLINE,94,0.183594,1.134600,2.643016,1.508416,1.329470
vib_inner_race_007,RDP_OFFLINE,95,0.185547,4.528914,3.596491,0.932423,0.205882
vib_inner_race_007,RDP_OFFLINE,96,0.187500,3.618728,4.843642,1.224914,0.338493
vib_inner_race_007,RDP_OFFLINE,97,0.189453,3.375451,1.698620,1.676831,0.496772
vib_inner_race_007,RDP_OFFLINE,98,0.191406,3.988217,3.549798,0.438419,0.109929
vib_inner_race_007,RDP_OFFLINE,99,0.193359,1.140725,3.400068,2.259343,1.980621
vib_inner_race_007,RDP_OFFLINE,100,0.195312,1.017556,2.414199,1.396643,1.372547
vib_inner_race_007,RDP_OFFLINE,101,0.197266,4.632133,4.317192,0.314941,0.067991
vib_inner_race_007,RDP_OFFLINE,102,0.199219,6.529269,7.606100,1.076831,0.164924
vib_inner_race_007,RDP_OFFLINE,103,0.201172,8.653214,7.695057,0.958157,0.110728
vib_inner_race_007,RDP_OFFLINE,104,0.203125,11.624898,11.661493,0.036594,0.003148
vib_inner_race_007,RDP_OFFLINE,105,0.205078,14.909948,12.415676,2.494272,0.167289
vib_inner_race_007,RDP_OFFLINE,106,0.207031,12.029140,9.696762,2.332377,0.193894
vib_inner_race_007,RDP_OFFLINE,107,0.208984,1.758111,1.575366,0.182745,0.103944
vib_inner_race_007,RDP_OFFLINE,108,0.210938,8.832117,6.391051,2.441066,0.276385
vib_inner_race_007,RDP_OFFLINE,109,0.212891,5.828161,7.522271,1.694110,0.290677
vib_inner_race_007,RDP_OFFLINE,110,0.214844,5.153724,6.914003,1.760279,0.341555
vib_inner_race_007,RDP_OFFLINE,111,0.216797,19.917068,18.911331,1.005736,0.050496
vib_inner_race_007,RDP_OFFLINE,112,0.218750,15.014983,14.221302,0.793682,0.052859
vib_inner_race_007,RDP_OFFLINE,113,0.220703,12.152233,13.895563,1.743330,0.143458
vib_inner_race_007,RDP_OFFLINE,114,0.222656,1.463513,1.091746,0.371767,0.254024
vib_inner_race_007,RDP_OFFLINE,115,0.224609,8.341602,6.822664,1.518938,0.182092
vib_inner_race_007,RDP_OFFLINE,116,0.226562,15.318317,16.122921,0.804603,0.052526
vib_inner_race_007,RDP_OFFLINE,117,0.228516,13.598118,10.578193,3.019925,0.222084
vib_inner_race_007,RDP_OFFLINE,118,0.230469,17.341700,16.625643,0.716056,0.041291
vib_inner_race_007,RDP_OFFLINE,119,0.232422,15.466106,16.261344,0.795238,0.051418
vib_inner_race_007,RDP_OFFLINE,120,0.234375,9.243511,6.389506,2.854005,0.308758
vib_inner_race_007,RDP_OFFLINE,121,0.236328,10.692977,8.399419,2.293558,0.214492
vib_inner_race_007,RDP_OFFLINE,122,0.238281,18.051961,14.433750,3.618212,0.200433
vib_inner_race_007,RDP_OFFLINE,123,0.240234,20.765118,19.442173,1.322945,0.063710
vib_inner_race_007,RDP_OFFLINE,124,0.242188,13.463207,11.415535,2.047672,0.152094
vib_inner_race_007,RDP_OFFLINE,125,0.244141,10.912017,8.775150,2.136867,0.195827
vib_inner_race_007,RDP_OFFLINE,126,0.246094,9.044101,8.159898,0.884203,0.097766
vib_inner_race_007,RDP_OFFLINE,127,0.248047,5.573967,5.925661,0.351694,0.063096
vib_inner_race_007,RDP_OFFLINE,128,0.250000,0.682020,1.846162,1.164142,1.706901
vib_inner_race_007,RDP_OFFLINE,129,0.251953,5.395649,4.948606,0.447044,0.082853
vib_inner_race_007,RDP_OFFLINE,130,0.253906,3.112988,4.957649,1.844661,0.592569
vib_inner_race_007,RDP_OFFLINE,131,0.255859,6.109793,5.773291,0.336502,0.055076
vib_inner_race_007,RDP_OFFLINE,132,0.257812,2.042392,2.225422,0.183030,0.089615
vib_inner_race_007,RDP_OFFLINE,133,0.259766,2.751647,4.244491,1.492844,0.542528
vib_inner_race_007,RDP_OFFLINE,134,0.261719,3.648508,3.735549,0.087040,0.023856
vib_inner_race_007,RDP_OFFLINE,135,0.263672,1.829999,2.914471,1.084472,0.592608
vib_inner_race_007,RDP_OFFLINE,136,0.265625,3.594679,2.594915,0.999764,0.278123
vib_inner_race_007,RDP_OFFLINE,137,0.267578,1.455586,1.692661,0.237076,0.162873
vib_inner_race_007,RDP_OFFLINE,138,0.269531,2.956082,0.683623,2.272459,0.768740
vib_inner_race_007,RDP_OFFLINE,139,0.271484,12.129665,9.688597,2.441067,0.201248
vib_inner_race_007,RDP_OFFLINE,140,0.273438,4.133195,3.858484,0.274711,0.066465
vib_inner_race_007,RDP_OFFLINE,141,0.275391,4.716041,4.507112,0.208929,0.044302
vib_inner_race_007,RDP_OFFLINE,142,0.277344,4.679547,3.405196,1.274351,0.272324
vib_inner_race_007,RDP_OFFLINE,143,0.279297,7.734486,8.390561,0.656075,0.084825
vib_inner_race_007,RDP_OFFLINE,144,0.281250,7.417526,4.894132,2.523394,0.340193
vib_inner_race_007,RDP_OFFLINE,145,0.283203,16.245587,13.064751,3.180836,0.195797
vib_inner_race_007,RDP_OFFLINE,146,0.285156,14.814070,13.903237,0.910833,0.061484
vib_inner_race_007,RDP_OFFLINE,147,0.287109,8.493073,9.091906,0.598834,0.070508
vib_inner_race_007,RDP_OFFLINE,148,0.289062,3.940865,5.389763,1.448898,0.367660
vib_inner_race_007,RDP_OFFLINE,149,0.291016,4.011487,6.383865,2.372378,0.591396
vib_inner_race_007,RDP_OFFLINE,150,0.292969,13.684308,12.379254,1.305054,0.095369
vib_inner_race_007,RDP_OFFLINE,151,0.294922,10.348322,7.893929,2.454393,0.237178
vib_inner_race_007,RDP_OFFLINE,152,0.296875,14.110189,15.258933,1.148744,0.081412
vib_inner_race_007,RDP_OFFLINE,153,0.298828,29.752396,26.027454,3.724942,0.125198
vib_inner_race_007,RDP_OFFLINE,154,0.300781,21.513373,18.822684,2.690689,0.125071
vib_inner_race_007,RDP_OFFLINE,155,0.302734,9.862710,7.017432,2.845278,0.288488
vib_inner_race_007,RDP_OFFLINE,156,0.304688,8.632747,7.072841,1.559906,0.180696
vib_inner_race_007,RDP_OFFLINE,157,0.306641,17.247381,16.561321,0.686060,0.039778
vib_inner_race_007,RDP_OFFLINE,158,0.308594,8.866291,7.180826,1.685465,0.190098
vib_inner_race_007,RDP_OFFLINE,159,0.310547,11.641336,12.680320,1.038984,0.089250
vib_inner_race_007,RDP_OFFLINE,160,0.312500,3.628904,1.740703,1.888201,0.520323
vib_inner_race_007,RDP_OFFLINE,161,0.314453,7.589167,7.546769,0.042398,0.005587
vib_inner_race_007,RDP_OFFLINE,162,0.316406,5.037826,5.033547,0.004279,0.000849
vib_inner_race_007,RDP_OFFLINE,163,0.318359,2.752530,2.612971,0.139559,0.050702
vib_inner_race_007,RDP_OFFLINE,164,0.320312,5.092405,6.119987,1.027582,0.201787
vib_inner_race_007,RDP_OFFLINE,165,0.322266,4.216173,3.647925,0.568248,0.134778
vib_inner_race_007,RDP_OFFLINE,166,0.324219,4.444277,6.070591,1.626313,0.365934
vib_inner_race_007,RDP_OFFLINE,167,0.326172,5.365048,1.953831,3.411217,0.635822
vib_inner_race_007,RDP_OFFLINE,168,0.328125,2.582887,2.804388,0.221501,0.085757
vib_inner_race_007,RDP_OFFLINE,169,0.330078,3.465648,2.842528,0.623120,0.179799
vib_inner_race_007,RDP_OFFLINE,170,0.332031,2.382847,0.285551,2.097295,0.880164
vib_inner_race_007,RDP_OFFLINE,171,0.333984,3.639704,4.169164,0.529460,0.145468
vib_inner_race_007,RDP_OFFLINE,172,0.335938,1.202022,2.139659,0.937637,0.780050
vib_inner_race_007,RDP_OFFLINE,173,0.337891,3.887488,4.992551,1.105063,0.284261
vib_inner_race_007,RDP_OFFLINE,174,0.339844,0.763750,1.142805,0.379055,0.496307
vib_inner_race_007,RDP_OFFLINE,175,0.341797,3.648791,4.819081,1.170289,0.320733
vib_inner_race_007,RDP_OFFLINE,176,0.343750,2.596512,2.432925,0.163587,0.063003
vib_inner_race_007,RDP_OFFLINE,177,0.345703,3.432482,4.430760,0.998278,0.290833
vib_inner_race_007,RDP_OFFLINE,178,0.347656,0.647790,2.855343,2.207553,3.407821
vib_inner_race_007,RDP_OFFLINE,179,0.349609,0.792246,0.601177,0.191069,0.241174
vib_inner_race_007,RDP_OFFLINE,180,0.351562,3.595196,4.833394,1.238198,0.344403
vib_inner_race_007,RDP_OFFLINE,181,0.353516,1.145112,1.060718,0.084395,0.073700
vib_inner_race_007,RDP_OFFLINE,182,0.355469,5.879426,4.766889,1.112537,0.189226
vib_inner_race_007,RDP_OFFLINE,183,0.357422,3.180466,2.603434,0.577032,0.181430
vib_inner_race_007,RDP_OFFLINE,184,0.359375,1.872978,3.063166,1.190188,0.635452
vib_inner_race_007,RDP_OFFLINE,185,0.361328,0.634851,1.125442,0.490592,0.772767
vib_inner_race_007,RDP_OFFLINE,186,0.363281,1.448090,2.394757,0.946667,0.653735
vib_inner_race_007,RDP_OFFLINE,187,0.365234,4.014639,2.065351,1.949289,0.485545
vib_inner_race_007,RDP_OFFLINE,188,0.367188,1.513580,2.194939,0.681359,0.450164
vib_inner_race_007,RDP_OFFLINE,189,0.369141,0.720450,2.702338,1.981888,2.750902
vib_inner_race_007,RDP_OFFLINE,190,0.371094,2.644352,2.961204,0.316852,0.119822
vib_inner_race_007,RDP_OFFLINE,191,0.373047,1.880781,1.389544,0.491237,0.261188
vib_inner_race_007,RDP_OFFLINE,192,0.375000,1.284560,2.246549,0.961989,0.748886
vib_inner_race_007,RDP_OFFLINE,193,0.376953,1.732652,2.319927,0.587275,0.338946
vib_inner_race_007,RDP_OFFLINE,194,0.378906,1.757371,2.552421,0.795050,0.452409
vib_inner_race_007,RDP_OFFLINE,195,0.380859,1.792988,1.921523,0.128535,0.071688
vib_inner_race_007,RDP_OFFLINE,196,0.382812,0.581902,1.876384,1.294482,2.224570
vib_inner_race_007,RDP_OFFLINE,197,0.384766,2.930466,4.590840,1.660374,0.566590
vib_inner_race_007,RDP_OFFLINE,198,0.386719,1.215069,1.585460,0.370392,0.304832
vib_inner_race_007,RDP_OFFLINE,199,0.388672,1.575101,1.453612,0.121489,0.077131
vib_inner_race_007,RDP_OFFLINE,200,0.390625,1.496023,0.754192,0.741830,0.495868
vib_inner_race_007,RDP_OFFLINE,201,0.392578,1.372526,2.755607,1.383081,1.007690
vib_inner_race_007,RDP_OFFLINE,202,0.394531,0.784699,2.530120,1.745421,2.224319
vib_inner_race_007,RDP_OFFLINE,203,0.396484,1.035091,1.039279,0.004188,0.004046
vib_inner_race_007,RDP_OFFLINE,204,0.398438,2.458541,1.723785,0.734756,0.298859
vib_inner_race_007,RDP_OFFLINE,205,0.400391,1.697993,1.981459,0.283466,0.166942
vib_inner_race_007,RDP_OFFLINE,206,0.402344,0.238132,2.074803,1.836671,7.712813
vib_inner_race_007,RDP_OFFLINE,207,0.404297,0.363288,2.441633,2.078345,5.720935
vib_inner_race_007,RDP_OFFLINE,208,0.406250,2.441166,1.205815,1.235351,0.506050
vib_inner_race_007,RDP_OFFLINE,209,0.408203,0.095860,0.791115,0.695255,7.252798
vib_inner_race_007,RDP_OFFLINE,210,0.410156,1.127878,3.405032,2.277154,2.018971
vib_inner_race_007,RDP_OFFLINE,211,0.412109,1.926999,2.252737,0.325738,0.169039
vib_inner_race_007,RDP_OFFLINE,212,0.414062,0.251014,0.838252,0.587238,2.339462
vib_inner_race_007,RDP_OFFLINE,213,0.416016,0.195662,0.254901,0.059240,0.302766
vib_inner_race_007,RDP_OFFLINE,214,0.417969,0.477624,2.060897,1.583273,3.314896
vib_inner_race_007,RDP_OFFLINE,215,0.419922,0.873255,0.160100,0.713156,0.816663
vib_inner_race_007,RDP_OFFLINE,216,0.421875,1.090252,0.721557,0.368696,0.338175
vib_inner_race_007,RDP_OFFLINE,217,0.423828,0.921606,1.772302,0.850695,0.923057
vib_inner_race_007,RDP_OFFLINE,218,0.425781,1.789917,1.381539,0.408378,0.228155
vib_inner_race_007,RDP_OFFLINE,219,0.427734,0.756009,0.743832,0.012177,0.016107
vib_inner_race_007,RDP_OFFLINE,220,0.429688,0.483841,1.136448,0.652607,1.348805
vib_inner_race_007,RDP_OFFLINE,221,0.431641,1.503031,3.381330,1.878299,1.249674
vib_inner_race_007,RDP_OFFLINE,222,0.433594,0.788806,0.667038,0.121769,0.154371
vib_inner_race_007,RDP_OFFLINE,223,0.435547,1.237656,1.368909,0.131254,0.106050
vib_inner_race_007,RDP_OFFLINE,224,0.437500,0.491301,2.220598,1.729296,3.519827
vib_inner_race_007,RDP_OFFLINE,225,0.439453,1.663956,1.621485,0.042472,0.025525
vib_inner_race_007,RDP_OFFLINE,226,0.441406,1.725340,3.468214,1.742874,1.010163
vib_inner_race_007,RDP_OFFLINE,227,0.443359,0.566088,1.264236,0.698148,1.233285
vib_inner_race_007,RDP_OFFLINE,228,0.445312,0.739652,1.656595,0.916942,1.239693
vib_inner_race_007,RDP_OFFLINE,229,0.447266,0.781416,0.833648,0.052231,0.066842
vib_inner_race_007,RDP_OFFLINE,230,0.449219,0.615423,2.051784,1.436361,2.333940
vib_inner_race_007,RDP_OFFLINE,231,0.451172,0.937676,0.451616,0.486060,0.518366
vib_inner_race_007,RDP_OFFLINE,232,0.453125,0.791521,2.881820,2.090300,2.640866
vib_inner_race_007,RDP_OFFLINE,233,0.455078,0.442582,1.447330,1.004748,2.270196
vib_inner_race_007,RDP_OFFLINE,234,0.457031,0.331365,0.875751,0.544386,1.642857
vib_inner_race_007,RDP_OFFLINE,235,0.458984,0.254349,0.700256,0.445907,1.753129
vib_inner_race_007,RDP_OFFLINE,236,0.460938,0.121684,0.546584,0.424900,3.491844
vib_inner_race_007,RDP_OFFLINE,237,0.462891,0.067143,1.694940,1.627797,24.243867
vib_inner_race_007,RDP_OFFLINE,238,0.464844,0.253240,0.915434,0.662194,2.614885
vib_inner_race_007,RDP_OFFLINE,239,0.466797,0.451778,0.461379,0.009601,0.021251
vib_inner_race_007,RDP_OFFLINE,240,0.468750,0.295542,1.233596,0.938055,3.174018
vib_inner_race_007,RDP_OFFLINE,241,0.470703,0.253613,1.272744,1.019131,4.018448
vib_inner_race_007,RDP_OFFLINE,242,0.472656,0.265127,1.484969,1.219843,4.600975
vib_inner_race_007,RDP_OFFLINE,243,0.474609,0.172918,1.094206,0.921288,5.327889
vib_inner_race_007,RDP_OFFLINE,244,0.476562,0.193188,1.567614,1.374427,7.114467
vib_inner_race_007,RDP_OFFLINE,245,0.478516,0.192682,0.598665,0.405983,2.107011
vib_inner_race_007,RDP_OFFLINE,246,0.480469,0.186643,1.222454,1.035811,5.549701
vib_inner_race_007,RDP_OFFLINE,247,0.482422,0.209324,0.329990,0.120667,0.576459
vib_inner_race_007,RDP_OFFLINE,248,0.484375,0.212378,1.486790,1.274413,6.000692
vib_inner_race_007,RDP_OFFLINE,249,0.486328,0.206615,1.893231,1.686616,8.163082
vib_inner_race_007,RDP_OFFLINE,250,0.488281,0.204411,0.949579,0.745168,3.645444
vib_inner_race_007,RDP_OFFLINE,251,0.490234,0.207052,0.427868,0.220815,1.066471
vib_inner_race_007,RDP_OFFLINE,252,0.492188,0.206252,0.526184,0.319932,1.551175
vib_inner_race_007,RDP_OFFLINE,253,0.494141,0.205531,1.976945,1.771414,8.618730
vib_inner_race_007,RDP_OFFLINE,254,0.496094,0.204829,0.541369,0.336541,1.643035
vib_inner_race_007,RDP_OFFLINE,255,0.498047,0.204878,2.254961,2.050083,10.006375
vib_inner_race_007,LTTB_OFFLINE,0,0.000000,8.157507,7.755475,0.402032,0.049284
vib_inner_race_007,LTTB_OFFLINE,1,0.001953,0.183752,1.646892,1.463140,7.962578
vib_inner_race_007,LTTB_OFFLINE,2,0.003906,0.194281,5.092863,4.898582,25.213900
vib_inner_race_007,LTTB_OFFLINE,3,0.005859,0.299649,0.314100,0.014451,0.048226
vib_inner_race_007,LTTB_OFFLINE,4,0.007812,0.354079,3.074117,2.720038,7.682006
vib_inner_race_007,LTTB_OFFLINE,5,0.009766,0.706787,5.274190,4.567403,6.462205
vib_inner_race_007,LTTB_OFFLINE,6,0.011719,1.200140,5.381372,4.181232,3.483952
vib_inner_race_007,LTTB_OFFLINE,7,0.013672,4.712902,2.839169,1.873734,0.397575
vib_inner_race_007,LTTB_OFFLINE,8,0.015625,2.190814,7.541427,5.350612,2.442294
vib_inner_race_007,LTTB_OFFLINE,9,0.017578,1.042928,1.530476,0.487548,0.467480
vib_inner_race_007,LTTB_OFFLINE,10,0.019531,1.046209,7.114902,6.068693,5.800651
vib_inner_race_007,LTTB_OFFLINE,11,0.021484,0.893641,0.874283,0.019358,0.021662
vib_inner_race_007,LTTB_OFFLINE,12,0.023438,0.643019,4.017387,3.374368,5.247698
vib_inner_race_007,LTTB_OFFLINE,13,0.025391,1.114823,3.699006,2.584183,2.318021
vib_inner_race_007,LTTB_OFFLINE,14,0.027344,0.953591,6.866518,5.912927,6.200697
vib_inner_race_007,LTTB_OFFLINE,15,0.029297,1.315766,7.042403,5.726637,4.352322
vib_inner_race_007,LTTB_OFFLINE,16,0.031250,0.961735,1.216884,0.255149,0.265301
vib_inner_race_007,LTTB_OFFLINE,17,0.033203,2.229926,3.568394,1.338468,0.600230
vib_inner_race_007,LTTB_OFFLINE,18,0.035156,3.108128,6.454717,3.346589,1.076722
vib_inner_race_007,LTTB_OFFLINE,19,0.037109,3.877980,5.315522,1.437543,0.370694
vib_inner_race_007,LTTB_OFFLINE,20,0.039062,4.414594,6.451538,2.036944,0.461412
vib_inner_race_007,LTTB_OFFLINE,21,0.041016,1.852966,7.279846,5.426880,2.928753
vib_inner_race_007,LTTB_OFFLINE,22,0.042969,4.940105,4.056905,0.883199,0.178782
vib_inner_race_007,LTTB_OFFLINE,23,0.044922,2.126275,2.624988,0.498714,0.234548
vib_inner_race_007,LTTB_OFFLINE,24,0.046875,1.202648,5.500238,4.297590,3.573441
vib_inner_race_007,LTTB_OFFLINE,25,0.048828,3.414599,3.075677,0.338921,0.099257
vib_inner_race_007,LTTB_OFFLINE,26,0.050781,16.683289,14.266270,2.417019,0.144877
vib_inner_race_007,LTTB_OFFLINE,27,0.052734,2.210132,1.399463,0.810669,0.366797
vib_inner_race_007,LTTB_OFFLINE,28,0.054688,2.471429,7.056091,4.584662,1.855066
vib_inner_race_007,LTTB_OFFLINE,29,0.056641,9.167714,9.533566,0.365852,0.039907
vib_inner_race_007,LTTB_OFFLINE,30,0.058594,0.938129,3.684860,2.746731,2.927881
vib_inner_race_007,LTTB_OFFLINE,31,0.060547,1.343417,0.590694,0.752723,0.560305
vib_inner_race_007,LTTB_OFFLINE,32,0.062500,3.135288,7.542887,4.407599,1.405804
vib_inner_race_007,LTTB_OFFLINE,33,0.064453,2.934704,4.734361,1.799657,0.613233
vib_inner_race_007,LTTB_OFFLINE,34,0.066406,1.179105,6.071358,4.892253,4.149126
vib_inner_race_007,LTTB_OFFLINE,35,0.068359,1.494325,0.901928,0.592397,0.396431
vib_inner_race_007,LTTB_OFFLINE,36,0.070312,0.391610,4.548184,4.156574,10.614061
vib_inner_race_007,LTTB_OFFLINE,37,0.072266,1.646259,4.383186,2.736927,1.662513
vib_inner_race_007,LTTB_OFFLINE,38,0.074219,0.300428,7.138491,6.838062,22.761054
vib_inner_race_007,LTTB_OFFLINE,39,0.076172,1.306240,5.182590,3.876351,2.967565
vib_inner_race_007,LTTB_OFFLINE,40,0.078125,3.641033,1.133892,2.507141,0.688580
vib_inner_race_007,LTTB_OFFLINE,41,0.080078,0.639593,4.457365,3.817771,5.969060
vib_inner_race_007,LTTB_OFFLINE,42,0.082031,1.616596,7.667395,6.050799,3.742927
vib_inner_race_007,LTTB_OFFLINE,43,0.083984,4.118640,3.063978,1.054662,0.256070
vib_inner_race_007,LTTB_OFFLINE,44,0.085938,3.363438,1.488074,1.875365,0.557574
vib_inner_race_007,LTTB_OFFLINE,45,0.087891,1.489248,8.925906,7.436658,4.993565
vib_inner_race_007,LTTB_OFFLINE,46,0.089844,1.825396,4.126736,2.301341,1.260735
vib_inner_race_007,LTTB_OFFLINE,47,0.091797,4.381224,5.868628,1.487404,0.339495
vib_inner_race_007,LTTB_OFFLINE,48,0.093750,9.140454,4.928083,4.212371,0.460849
vib_inner_race_007,LTTB_OFFLINE,49,0.095703,9.524299,9.151526,0.372772,0.039139
vib_inner_race_007,LTTB_OFFLINE,50,0.097656,8.034329,12.376903,4.342573,0.540502
vib_inner_race_007,LTTB_OFFLINE,51,0.099609,9.738494,13.486453,3.747959,0.384860
vib_inner_race_007,LTTB_OFFLINE,52,0.101562,5.075243,7.790063,2.714820,0.534914
vib_inner_race_007,LTTB_OFFLINE,53,0.103516,8.022781,11.359503,3.336722,0.415906
vib_inner_race_007,LTTB_OFFLINE,54,0.105469,12.399547,9.462271,2.937277,0.236886
vib_inner_race_007,LTTB_OFFLINE,55,0.107422,5.289695,1.963579,3.326116,0.628792
vib_inner_race_007,LTTB_OFFLINE,56,0.109375,15.564793,22.840688,7.275895,0.467459
vib_inner_race_007,LTTB_OFFLINE,57,0.111328,10.671444,14.116326,3.444882,0.322813
vib_inner_race_007,LTTB_OFFLINE,58,0.113281,2.019525,5.500599,3.481074,1.723709
vib_inner_race_007,LTTB_OFFLINE,59,0.115234,4.607126,6.501883,1.894757,0.411267
vib_inner_race_007,LTTB_OFFLINE,60,0.117188,6.256628,4.979746,1.276881,0.204085
vib_inner_race_007,LTTB_OFFLINE,61,0.119141,5.798164,8.229852,2.431688,0.419389
vib_inner_race_007,LTTB_OFFLINE,62,0.121094,2.533535,2.112072,0.421462,0.166354
vib_inner_race_007,LTTB_OFFLINE,63,0.123047,12.816416,14.116072,1.299656,0.101406
vib_inner_race_007,LTTB_OFFLINE,64,0.125000,3.739031,3.409335,0.329696,0.088177
vib_inner_race_007,LTTB_OFFLINE,65,0.126953,2.296767,4.485795,2.189028,0.953091
vib_inner_race_007,LTTB_OFFLINE,66,0.128906,1.511451,2.376293,0.864842,0.572193
vib_inner_race_007,LTTB_OFFLINE,67,0.130859,6.980189,7.155105,0.174916,0.025059
vib_inner_race_007,LTTB_OFFLINE,68,0.132812,4.640673,4.491103,0.149570,0.032230
vib_inner_race_007,LTTB_OFFLINE,69,0.134766,1.882858,7.057903,5.175046,2.748506
vib_inner_race_007,LTTB_OFFLINE,70,0.136719,4.518532,5.294465,0.775933,0.171722
vib_inner_race_007,LTTB_OFFLINE,71,0.138672,1.646971,8.644523,6.997552,4.248741
vib_inner_race_007,LTTB_OFFLINE,72,0.140625,2.196492,1.175345,1.021147,0.464899
vib_inner_race_007,LTTB_OFFLINE,73,0.142578,1.613971,3.271047,1.657077,1.026708
vib_inner_race_007,LTTB_OFFLINE,74,0.144531,6.372769,9.408289,3.035521,0.476327
vib_inner_race_007,LTTB_OFFLINE,75,0.146484,2.487714,3.602568,1.114853,0.448144
vib_inner_race_007,LTTB_OFFLINE,76,0.148438,2.377202,4.668475,2.291273,0.963853
vib_inner_race_007,LTTB_OFFLINE,77,0.150391,4.028719,7.394864,3.366145,0.835537
vib_inner_race_007,LTTB_OFFLINE,78,0.152344,1.063653,3.192832,2.129178,2.001760
vib_inner_race_007,LTTB_OFFLINE,79,0.154297,1.122066,2.533070,1.411004,1.257506
vib_inner_race_007,LTTB_OFFLINE,80,0.156250,1.414897,4.651209,3.236312,2.287313
vib_inner_race_007,LTTB_OFFLINE,81,0.158203,6.414890,10.698666,4.283776,0.667786
vib_inner_race_007,LTTB_OFFLINE,82,0.160156,3.924788,3.676778,0.248010,0.063191
vib_inner_race_007,LTTB_OFFLINE,83,0.162109,3.751512,0.902777,2.848734,0.759356
vib_inner_race_007,LTTB_OFFLINE,84,0.164062,9.610972,8.216649,1.394322,0.145076
vib_inner_race_007,LTTB_OFFLINE,85,0.166016,3.079530,2.919661,0.159868,0.051913
vib_inner_race_007,LTTB_OFFLINE,86,0.167969,0.754943,4.154390,3.399447,4.502918
vib_inner_race_007,LTTB_OFFLINE,87,0.169922,1.302358,5.136420,3.834062,2.943938
vib_inner_race_007,LTTB_OFFLINE,88,0.171875,1.719747,4.140438,2.420691,1.407585
vib_inner_race_007,LTTB_OFFLINE,89,0.173828,1.230109,7.787351,6.557242,5.330621
vib_inner_race_007,LTTB_OFFLINE,90,0.175781,0.628272,5.801759,5.173488,8.234477
vib_inner_race_007,LTTB_OFFLINE,91,0.177734,1.894572,4.248904,2.354332,1.242672
vib_inner_race_007,LTTB_OFFLINE,92,0.179688,1.521520,1.423490,0.098030,0.064429
vib_inner_race_007,LTTB_OFFLINE,93,0.181641,0.733054,6.857627,6.124573,8.354869
vib_inner_race_007,LTTB_OFFLINE,94,0.183594,1.134600,5.785758,4.651159,4.099384
vib_inner_race_007,LTTB_OFFLINE,95,0.185547,4.528914,5.257360,0.728445,0.160843
vib_inner_race_007,LTTB_OFFLINE,96,0.187500,3.618728,2.754673,0.864055,0.238773
vib_inner_race_007,LTTB_OFFLINE,97,0.189453,3.375451,4.720005,1.344554,0.398333
vib_inner_race_007,LTTB_OFFLINE,98,0.191406,3.988217,5.761055,1.772838,0.444519
vib_inner_race_007,LTTB_OFFLINE,99,0.193359,1.140725,3.477950,2.337226,2.048895
vib_inner_race_007,LTTB_OFFLINE,100,0.195312,1.017556,5.209535,4.191979,4.119655
vib_inner_race_007,LTTB_OFFLINE,101,0.197266,4.632133,8.508017,3.875883,0.836738
vib_inner_race_007,LTTB_OFFLINE,102,0.199219,6.529269,7.162026,0.632757,0.096911
vib_inner_race_007,LTTB_OFFLINE,103,0.201172,8.653214,4.126667,4.526547,0.523106
vib_inner_race_007,LTTB_OFFLINE,104,0.203125,11.624898,16.094678,4.469779,0.384501
vib_inner_race_007,LTTB_OFFLINE,105,0.205078,14.909948,19.726277,4.816328,0.323028
vib_inner_race_007,LTTB_OFFLINE,106,0.207031,12.029140,14.255609,2.226470,0.185090
vib_inner_race_007,LTTB_OFFLINE,107,0.208984,1.758111,8.999612,7.241501,4.118909
vib_inner_race_007,LTTB_OFFLINE,108,0.210938,8.832117,7.481630,1.350487,0.152906
vib_inner_race_007,LTTB_OFFLINE,109,0.212891,5.828161,13.401879,7.573717,1.299504
vib_inner_race_007,LTTB_OFFLINE,110,0.214844,5.153724,9.809655,4.655931,0.903411
vib_inner_race_007,LTTB_OFFLINE,111,0.216797,19.917068,25.350838,5.433770,0.272820
vib_inner_race_007,LTTB_OFFLINE,112,0.218750,15.014983,14.277070,0.737913,0.049145
vib_inner_race_007,LTTB_OFFLINE,113,0.220703,12.152233,6.563526,5.588707,0.459891
vib_inner_race_007,LTTB_OFFLINE,114,0.222656,1.463513,3.153274,1.689761,1.154592
vib_inner_race_007,LTTB_OFFLINE,115,0.224609,8.341602,4.532108,3.809494,0.456686
vib_inner_race_007,LTTB_OFFLINE,116,0.226562,15.318317,14.032629,1.285689,0.083931
vib_inner_race_007,LTTB_OFFLINE,117,0.228516,13.598118,8.554409,5.043709,0.370912
vib_inner_race_007,LTTB_OFFLINE,118,0.230469,17.341700,12.269560,5.072140,0.292482
vib_inner_race_007,LTTB_OFFLINE,119,0.232422,15.466106,12.641308,2.824799,0.182644
vib_inner_race_007,LTTB_OFFLINE,120,0.234375,9.243511,7.660811,1.582701,0.171223
vib_inner_race_007,LTTB_OFFLINE,121,0.236328,10.692977,5.462308,5.230669,0.489169
vib_inner_race_007,LTTB_OFFLINE,122,0.238281,18.051961,6.914388,11.137573,0.616973
vib_inner_race_007,LTTB_OFFLINE,123,0.240234,20.765118,17.220502,3.544616,0.170701
vib_inner_race_007,LTTB_OFFLINE,124,0.242188,13.463207,5.825172,7.638035,0.567327
vib_inner_race_007,LTTB_OFFLINE,125,0.244141,10.912017,7.308967,3.603050,0.330191
vib_inner_race_007,LTTB_OFFLINE,126,0.246094,9.044101,7.533895,1.510206,0.166982
vib_inner_race_007,LTTB_OFFLINE,127,0.248047,5.573967,5.073102,0.500864,0.089858
vib_inner_race_007,LTTB_OFFLINE,128,0.250000,0.682020,1.306538,0.624517,0.915687
vib_inner_race_007,LTTB_OFFLINE,129,0.251953,5.395649,4.824537,0.571112,0.105847
vib_inner_race_007,LTTB_OFFLINE,130,0.253906,3.112988,4.453113,1.340125,0.430495
vib_inner_race_007,LTTB_OFFLINE,131,0.255859,6.109793,1.872391,4.237401,0.693543
vib_inner_race_007,LTTB_OFFLINE,132,0.257812,2.042392,5.565832,3.523440,1.725153
vib_inner_race_007,LTTB_OFFLINE,133,0.259766,2.751647,3.978986,1.227339,0.446038
vib_inner_race_007,LTTB_OFFLINE,134,0.261719,3.648508,4.665257,1.016748,0.278675
vib_inner_race_007,LTTB_OFFLINE,135,0.263672,1.829999,0.149926,1.680073,0.918073
vib_inner_race_007,LTTB_OFFLINE,136,0.265625,3.594679,1.478127,2.116552,0.588801
vib_inner_race_007,LTTB_OFFLINE,137,0.267578,1.455586,2.966549,1.510963,1.038045
vib_inner_race_007,LTTB_OFFLINE,138,0.269531,2.956082,1.019483,1.936599,0.655124
vib_inner_race_007,LTTB_OFFLINE,139,0.271484,12.129665,6.019063,6.110602,0.503773
vib_inner_race_007,LTTB_OFFLINE,140,0.273438,4.133195,3.088325,1.044870,0.252800
vib_inner_race_007,LTTB_OFFLINE,141,0.275391,4.716041,3.640860,1.075181,0.227984
vib_inner_race_007,LTTB_OFFLINE,142,0.277344,4.679547,1.788204,2.891343,0.617868
vib_inner_race_007,LTTB_OFFLINE,143,0.279297,7.734486,4.433585,3.300901,0.426777
vib_inner_race_007,LTTB_OFFLINE,144,0.281250,7.417526,5.357681,2.059845,0.277700
vib_inner_race_007,LTTB_OFFLINE,145,0.283203,16.245587,6.252745,9.992841,0.615111
vib_inner_race_007,LTTB_OFFLINE,146,0.285156,14.814070,9.105238,5.708832,0.385366
vib_inner_race_007,LTTB_OFFLINE,147,0.287109,8.493073,4.075851,4.417222,0.520097
vib_inner_race_007,LTTB_OFFLINE,148,0.289062,3.940865,3.923307,0.017559,0.004456
vib_inner_race_007,LTTB_OFFLINE,149,0.291016,4.011487,0.429565,3.581922,0.892916
vib_inner_race_007,LTTB_OFFLINE,150,0.292969,13.684308,5.704336,7.979972,0.583148
vib_inner_race_007,LTTB_OFFLINE,151,0.294922,10.348322,4.543794,5.804528,0.560915
vib_inner_race_007,LTTB_OFFLINE,152,0.296875,14.110189,7.181642,6.928547,0.491031
vib_inner_race_007,LTTB_OFFLINE,153,0.298828,29.752396,16.644521,13.107875,0.440565
vib_inner_race_007,LTTB_OFFLINE,154,0.300781,21.513373,9.469615,12.043758,0.559827
vib_inner_race_007,LTTB_OFFLINE,155,0.302734,9.862710,2.962315,6.900395,0.699645
vib_inner_race_007,LTTB_OFFLINE,156,0.304688,8.632747,2.590682,6.042065,0.699901
vib_inner_race_007,LTTB_OFFLINE,157,0.306641,17.247381,8.262999,8.984382,0.520913
vib_inner_race_007,LTTB_OFFLINE,158,0.308594,8.866291,1.656064,7.210228,0.813218
vib_inner_race_007,LTTB_OFFLINE,159,0.310547,11.641336,6.134108,5.507228,0.473075
vib_inner_race_007,LTTB_OFFLINE,160,0.312500,3.628904,2.521815,1.107090,0.305075
vib_inner_race_007,LTTB_OFFLINE,161,0.314453,7.589167,4.020960,3.568207,0.470171
vib_inner_race_007,LTTB_OFFLINE,162,0.316406,5.037826,1.890335,3.147491,0.624772
vib_inner_race_007,LTTB_OFFLINE,163,0.318359,2.752530,1.693217,1.059313,0.384851
vib_inner_race_007,LTTB_OFFLINE,164,0.320312,5.092405,5.040971,0.051435,0.010100
vib_inner_race_007,LTTB_OFFLINE,165,0.322266,4.216173,2.553987,1.662186,0.394240
vib_inner_race_007,LTTB_OFFLINE,166,0.324219,4.444277,5.077740,0.633463,0.142534
vib_inner_race_007,LTTB_OFFLINE,167,0.326172,5.365048,4.191218,1.173829,0.218792
vib_inner_race_007,LTTB_OFFLINE,168,0.328125,2.582887,1.720651,0.862237,0.333827
vib_inner_race_007,LTTB_OFFLINE,169,0.330078,3.465648,1.616233,1.849416,0.533642
vib_inner_race_007,LTTB_OFFLINE,170,0.332031,2.382847,2.732803,0.349957,0.146865
vib_inner_race_007,LTTB_OFFLINE,171,0.333984,3.639704,2.642579,0.997126,0.273958
vib_inner_race_007,LTTB_OFFLINE,172,0.335938,1.202022,0.201428,1.000594,0.832426
vib_inner_race_007,LTTB_OFFLINE,173,0.337891,3.887488,0.897664,2.989824,0.769089
vib_inner_race_007,LTTB_OFFLINE,174,0.339844,0.763750,1.576864,0.813114,1.064633
vib_inner_race_007,LTTB_OFFLINE,175,0.341797,3.648791,2.123085,1.525706,0.418140
vib_inner_race_007,LTTB_OFFLINE,176,0.343750,2.596512,2.939809,0.343297,0.132215
vib_inner_race_007,LTTB_OFFLINE,177,0.345703,3.432482,1.158574,2.273908,0.662468
vib_inner_race_007,LTTB_OFFLINE,178,0.347656,0.647790,0.236077,0.411713,0.635565
vib_inner_race_007,LTTB_OFFLINE,179,0.349609,0.792246,2.215035,1.422789,1.795894
vib_inner_race_007,LTTB_OFFLINE,180,0.351562,3.595196,1.465553,2.129643,0.592358
vib_inner_race_007,LTTB_OFFLINE,181,0.353516,1.145112,1.003761,0.141351,0.123439
vib_inner_race_007,LTTB_OFFLINE,182,0.355469,5.879426,2.586941,3.292485,0.560001
vib_inner_race_007,LTTB_OFFLINE,183,0.357422,3.180466,1.380740,1.799725,0.565868
vib_inner_race_007,LTTB_OFFLINE,184,0.359375,1.872978,2.323724,0.450747,0.240658
vib_inner_race_007,LTTB_OFFLINE,185,0.361328,0.634851,3.539814,2.904963,4.575821
vib_inner_race_007,LTTB_OFFLINE,186,0.363281,1.448090,1.002526,0.445564,0.307691
vib_inner_race_007,LTTB_OFFLINE,187,0.365234,4.014639,3.029570,0.985069,0.245369
vib_inner_race_007,LTTB_OFFLINE,188,0.367188,1.513580,1.853712,0.340132,0.224720
vib_inner_race_007,LTTB_OFFLINE,189,0.369141,0.720450,1.715852,0.995402,1.381639
vib_inner_race_007,LTTB_OFFLINE,190,0.371094,2.644352,0.801333,1.843019,0.696964
vib_inner_race_007,LTTB_OFFLINE,191,0.373047,1.880781,1.372464,0.508317,0.270269
vib_inner_race_007,LTTB_OFFLINE,192,0.375000,1.284560,2.787790,1.503229,1.170229
vib_inner_race_007,LTTB_OFFLINE,193,0.376953,1.732652,1.826837,0.094185,0.054359
vib_inner_race_007,LTTB_OFFLINE,194,0.378906,1.757371,2.151757,0.394386,0.224418
vib_inner_race_007,LTTB_OFFLINE,195,0.380859,1.792988,0.223792,1.569196,0.875185
vib_inner_race_007,LTTB_OFFLINE,196,0.382812,0.581902,1.536331,0.954429,1.640188
vib_inner_race_007,LTTB_OFFLINE,197,0.384766,2.930466,0.694324,2.236142,0.763067
vib_inner_race_007,LTTB_OFFLINE,198,0.386719,1.215069,1.441146,0.226078,0.186062
vib_inner_race_007,LTTB_OFFLINE,199,0.388672,1.575101,0.968565,0.606536,0.385077
vib_inner_race_007,LTTB_OFFLINE,200,0.390625,1.496023,0.989355,0.506667,0.338676
vib_inner_race_007,LTTB_OFFLINE,201,0.392578,1.372526,1.084650,0.287876,0.209741
vib_inner_race_007,LTTB_OFFLINE,202,0.394531,0.784699,1.056335,0.271636,0.346165
vib_inner_race_007,LTTB_OFFLINE,203,0.396484,1.035091,1.453418,0.418327,0.404145
vib_inner_race_007,LTTB_OFFLINE,204,0.398438,2.458541,0.826842,1.631699,0.663686
vib_inner_race_007,LTTB_OFFLINE,205,0.400391,1.697993,3.338740,1.640746,0.966286
vib_inner_race_007,LTTB_OFFLINE,206,0.402344,0.238132,0.988980,0.750848,3.153068
vib_inner_race_007,LTTB_OFFLINE,207,0.404297,0.363288,2.548636,2.185348,6.015476
vib_inner_race_007,LTTB_OFFLINE,208,0.406250,2.441166,1.333380,1.107786,0.453794
vib_inner_race_007,LTTB_OFFLINE,209,0.408203,0.095860,0.988141,0.892281,9.308144
vib_inner_race_007,LTTB_OFFLINE,210,0.410156,1.127878,3.405362,2.277484,2.019264
vib_inner_race_007,LTTB_OFFLINE,211,0.412109,1.926999,1.580493,0.346506,0.179816
vib_inner_race_007,LTTB_OFFLINE,212,0.414062,0.251014,1.648080,1.397066,5.565687
vib_inner_race_007,LTTB_OFFLINE,213,0.416016,0.195662,0.738716,0.543054,2.775476
vib_inner_race_007,LTTB_OFFLINE,214,0.417969,0.477624,0.658947,0.181323,0.379636
vib_inner_race_007,LTTB_OFFLINE,215,0.419922,0.873255,1.332207,0.458952,0.525564
vib_inner_race_007,LTTB_OFFLINE,216,0.421875,1.090252,1.315402,0.225150,0.206512
vib_inner_race_007,LTTB_OFFLINE,217,0.423828,0.921606,1.399339,0.477733,0.518370
vib_inner_race_007,LTTB_OFFLINE,218,0.425781,1.789917,1.313322,0.476595,0.266266
vib_inner_race_007,LTTB_OFFLINE,219,0.427734,0.756009,0.749556,0.006452,0.008535
vib_inner_race_007,LTTB_OFFLINE,220,0.429688,0.483841,2.249255,1.765414,3.648750
vib_inner_race_007,LTTB_OFFLINE,221,0.431641,1.503031,0.599871,0.903160,0.600893
vib_inner_race_007,LTTB_OFFLINE,222,0.433594,0.788806,0.893453,0.104647,0.132665
vib_inner_race_007,LTTB_OFFLINE,223,0.435547,1.237656,1.049014,0.188642,0.152419
vib_inner_race_007,LTTB_OFFLINE,224,0.437500,0.491301,0.942998,0.451697,0.919388
vib_inner_race_007,LTTB_OFFLINE,225,0.439453,1.663956,2.002445,0.338489,0.203424
vib_inner_race_007,LTTB_OFFLINE,226,0.441406,1.725340,3.457815,1.732475,1.004136
vib_inner_race_007,LTTB_OFFLINE,227,0.443359,0.566088,2.222602,1.656514,2.926250
vib_inner_race_007,LTTB_OFFLINE,228,0.445312,0.739652,1.194826,0.455173,0.615388
vib_inner_race_007,LTTB_OFFLINE,229,0.447266,0.781416,1.354383,0.572966,0.733241
vib_inner_race_007,LTTB_OFFLINE,230,0.449219,0.615423,2.695097,2.079674,3.379259
vib_inner_race_007,LTTB_OFFLINE,231,0.451172,0.937676,2.221709,1.284033,1.369378
vib_inner_race_007,LTTB_OFFLINE,232,0.453125,0.791521,1.465850,0.674329,0.851941
vib_inner_race_007,LTTB_OFFLINE,233,0.455078,0.442582,1.630581,1.187999,2.684244
vib_inner_race_007,LTTB_OFFLINE,234,0.457031,0.331365,1.452442,1.121077,3.383205
vib_inner_race_007,LTTB_OFFLINE,235,0.458984,0.254349,0.758131,0.503782,1.980670
vib_inner_race_007,LTTB_OFFLINE,236,0.460938,0.121684,0.831708,0.710024,5.835005
vib_inner_race_007,LTTB_OFFLINE,237,0.462891,0.067143,2.311575,2.244432,33.427822
vib_inner_race_007,LTTB_OFFLINE,238,0.464844,0.253240,0.389172,0.135931,0.536769
vib_inner_race_007,LTTB_OFFLINE,239,0.466797,0.451778,1.396793,0.945016,2.091771
vib_inner_race_007,LTTB_OFFLINE,240,0.468750,0.295542,0.424931,0.129389,0.437803
vib_inner_race_007,LTTB_OFFLINE,241,0.470703,0.253613,0.397771,0.144158,0.568417
vib_inner_race_007,LTTB_OFFLINE,242,0.472656,0.265127,0.770550,0.505423,1.906345
vib_inner_race_007,LTTB_OFFLINE,243,0.474609,0.172918,1.184064,1.011146,5.847550
vib_inner_race_007,LTTB_OFFLINE,244,0.476562,0.193188,0.454207,0.261020,1.351120
vib_inner_race_007,LTTB_OFFLINE,245,0.478516,0.192682,0.964602,0.771920,4.006187
vib_inner_race_007,LTTB_OFFLINE,246,0.480469,0.186643,1.879184,1.692542,9.068350
vib_inner_race_007,LTTB_OFFLINE,247,0.482422,0.209324,1.150043,0.940719,4.494087
vib_inner_race_007,LTTB_OFFLINE,248,0.484375,0.212378,2.429640,2.217262,10.440187
vib_inner_race_007,LTTB_OFFLINE,249,0.486328,0.206615,0.580594,0.373978,1.810025
vib_inner_race_007,LTTB_OFFLINE,250,0.488281,0.204411,0.959181,0.754770,3.692419
vib_inner_race_007,LTTB_OFFLINE,251,0.490234,0.207052,1.419867,1.212814,5.857527
vib_inner_race_007,LTTB_OFFLINE,252,0.492188,0.206252,1.335030,1.128778,5.472822
vib_inner_race_007,LTTB_OFFLINE,253,0.494141,0.205531,2.310800,2.105269,10.243085
vib_inner_race_007,LTTB_OFFLINE,254,0.496094,0.204829,1.598277,1.393448,6.802992
vib_inner_race_007,LTTB_OFFLINE,255,0.498047,0.204878,1.755598,1.550720,7.569001
vib_inner_race_007,IMP_INTERP_COMPOSITE,0,0.000000,8.157507,8.978777,0.821270,0.100677
vib_inner_race_007,IMP_INTERP_COMPOSITE,1,0.001953,0.183752,1.406756,1.223004,6.655730
vib_inner_race_007,IMP_INTERP_COMPOSITE,2,0.003906,0.194281,0.546744,0.352463,1.814192
vib_inner_race_007,IMP_INTERP_COMPOSITE,3,0.005859,0.299649,1.413642,1.113993,3.717656
vib_inner_race_007,IMP_INTERP_COMPOSITE,4,0.007812,0.354079,2.291760,1.937681,5.472452
vib_inner_race_007,IMP_INTERP_COMPOSITE,5,0.009766,0.706787,1.121285,0.414498,0.586454
vib_inner_race_007,IMP_INTERP_COMPOSITE,6,0.011719,1.200140,0.285050,0.915091,0.762486
vib_inner_race_007,IMP_INTERP_COMPOSITE,7,0.013672,4.712902,5.584088,0.871186,0.184851
vib_inner_race_007,IMP_INTERP_COMPOSITE,8,0.015625,2.190814,3.047352,0.856537,0.390968
vib_inner_race_007,IMP_INTERP_COMPOSITE,9,0.017578,1.042928,2.331314,1.288385,1.235354
vib_inner_race_007,IMP_INTERP_COMPOSITE,10,0.019531,1.046209,1.775848,0.729640,0.697413
vib_inner_race_007,IMP_INTERP_COMPOSITE,11,0.021484,0.893641,1.319625,0.425983,0.476682
vib_inner_race_007,IMP_INTERP_COMPOSITE,12,0.023438,0.643019,2.126574,1.483555,2.307173
vib_inner_race_007,IMP_INTERP_COMPOSITE,13,0.025391,1.114823,3.557257,2.442434,2.190872
vib_inner_race_007,IMP_INTERP_COMPOSITE,14,0.027344,0.953591,1.762347,0.808757,0.848117
vib_inner_race_007,IMP_INTERP_COMPOSITE,15,0.029297,1.315766,1.812083,0.496318,0.377208
vib_inner_race_007,IMP_INTERP_COMPOSITE,16,0.031250,0.961735,1.932561,0.970826,1.009453
vib_inner_race_007,IMP_INTERP_COMPOSITE,17,0.033203,2.229926,1.084339,1.145587,0.513733
vib_inner_race_007,IMP_INTERP_COMPOSITE,18,0.035156,3.108128,2.926911,0.181218,0.058304
vib_inner_race_007,IMP_INTERP_COMPOSITE,19,0.037109,3.877980,4.893298,1.015318,0.261816
vib_inner_race_007,IMP_INTERP_COMPOSITE,20,0.039062,4.414594,4.605939,0.191345,0.043344
vib_inner_race_007,IMP_INTERP_COMPOSITE,21,0.041016,1.852966,3.283879,1.430913,0.772229
vib_inner_race_007,IMP_INTERP_COMPOSITE,22,0.042969,4.940105,3.528783,1.411322,0.285687
vib_inner_race_007,IMP_INTERP_COMPOSITE,23,0.044922,2.126275,2.913344,0.787069,0.370164
vib_inner_race_007,IMP_INTERP_COMPOSITE,24,0.046875,1.202648,2.146091,0.943444,0.784472
vib_inner_race_007,IMP_INTERP_COMPOSITE,25,0.048828,3.414599,1.927028,1.487571,0.435650
vib_inner_race_007,IMP_INTERP_COMPOSITE,26,0.050781,16.683289,14.449136,2.234153,0.133916
vib_inner_race_007,IMP_INTERP_COMPOSITE,27,0.052734,2.210132,2.762629,0.552498,0.249984
vib_inner_race_007,IMP_INTERP_COMPOSITE,28,0.054688,2.471429,2.814820,0.343391,0.138944
vib_inner_race_007,IMP_INTERP_COMPOSITE,29,0.056641,9.167714,8.545249,0.622465,0.067897
vib_inner_race_007,IMP_INTERP_COMPOSITE,30,0.058594,0.938129,0.692124,0.246005,0.262230
vib_inner_race_007,IMP_INTERP_COMPOSITE,31,0.060547,1.343417,2.146966,0.803549,0.598138
vib_inner_race_007,IMP_INTERP_COMPOSITE,32,0.062500,3.135288,4.064413,0.929125,0.296344
vib_inner_race_007,IMP_INTERP_COMPOSITE,33,0.064453,2.934704,2.436781,0.497923,0.169667
vib_inner_race_007,IMP_INTERP_COMPOSITE,34,0.066406,1.179105,2.160311,0.981207,0.832163
vib_inner_race_007,IMP_INTERP_COMPOSITE,35,0.068359,1.494325,1.441491,0.052834,0.035356
vib_inner_race_007,IMP_INTERP_COMPOSITE,36,0.070312,0.391610,0.722970,0.331359,0.846146
vib_inner_race_007,IMP_INTERP_COMPOSITE,37,0.072266,1.646259,2.153437,0.507178,0.308079
vib_inner_race_007,IMP_INTERP_COMPOSITE,38,0.074219,0.300428,1.950507,1.650078,5.492422
vib_inner_race_007,IMP_INTERP_COMPOSITE,39,0.076172,1.306240,1.046380,0.259860,0.198937
vib_inner_race_007,IMP_INTERP_COMPOSITE,40,0.078125,3.641033,3.696141,0.055108,0.015135
vib_inner_race_007,IMP_INTERP_COMPOSITE,41,0.080078,0.639593,1.520300,0.880706,1.376979
vib_inner_race_007,IMP_INTERP_COMPOSITE,42,0.082031,1.616596,0.674120,0.942476,0.583000
vib_inner_race_007,IMP_INTERP_COMPOSITE,43,0.083984,4.118640,5.101534,0.982894,0.238645
vib_inner_race_007,IMP_INTERP_COMPOSITE,44,0.085938,3.363438,5.428064,2.064626,0.613844
vib_inner_race_007,IMP_INTERP_COMPOSITE,45,0.087891,1.489248,1.185787,0.303461,0.203768
vib_inner_race_007,IMP_INTERP_COMPOSITE,46,0.089844,1.825396,1.687992,0.137404,0.075273
vib_inner_race_007,IMP_INTERP_COMPOSITE,47,0.091797,4.381224,3.868500,0.512724,0.117027
vib_inner_race_007,IMP_INTERP_COMPOSITE,48,0.093750,9.140454,10.044734,0.904280,0.098932
vib_inner_race_007,IMP_INTERP_COMPOSITE,49,0.095703,9.524299,8.857540,0.666758,0.070006
vib_inner_race_007,IMP_INTERP_COMPOSITE,50,0.097656,8.034329,10.171811,2.137482,0.266044
vib_inner_race_007,IMP_INTERP_COMPOSITE,51,0.099609,9.738494,10.796251,1.057757,0.108616
vib_inner_race_007,IMP_INTERP_COMPOSITE,52,0.101562,5.075243,5.430995,0.355753,0.070096
vib_inner_race_007,IMP_INTERP_COMPOSITE,53,0.103516,8.022781,8.492732,0.469951,0.058577
vib_inner_race_007,IMP_INTERP_COMPOSITE,54,0.105469,12.399547,13.426649,1.027102,0.082834
vib_inner_race_007,IMP_INTERP_COMPOSITE,55,0.107422,5.289695,4.447847,0.841848,0.159149
vib_inner_race_007,IMP_INTERP_COMPOSITE,56,0.109375,15.564793,15.662176,0.097384,0.006257
vib_inner_race_007,IMP_INTERP_COMPOSITE,57,0.111328,10.671444,9.548205,1.123239,0.105257
vib_inner_race_007,IMP_INTERP_COMPOSITE,58,0.113281,2.019525,2.841175,0.821650,0.406853
vib_inner_race_007,IMP_INTERP_COMPOSITE,59,0.115234,4.607126,5.181742,0.574616,0.124723
vib_inner_race_007,IMP_INTERP_COMPOSITE,60,0.117188,6.256628,6.183748,0.072879,0.011648
vib_inner_race_007,IMP_INTERP_COMPOSITE,61,0.119141,5.798164,5.620877,0.177288,0.030576
vib_inner_race_007,IMP_INTERP_COMPOSITE,62,0.121094,2.533535,3.295771,0.762236,0.300859
vib_inner_race_007,IMP_INTERP_COMPOSITE,63,0.123047,12.816416,12.708894,0.107522,0.008389
vib_inner_race_007,IMP_INTERP_COMPOSITE,64,0.125000,3.739031,4.289320,0.550290,0.147174
vib_inner_race_007,IMP_INTERP_COMPOSITE,65,0.126953,2.296767,3.501543,1.204777,0.524553
vib_inner_race_007,IMP_INTERP_COMPOSITE,66,0.128906,1.511451,2.892786,1.381335,0.913913
vib_inner_race_007,IMP_INTERP_COMPOSITE,67,0.130859,6.980189,6.617948,0.362241,0.051896
vib_inner_race_007,IMP_INTERP_COMPOSITE,68,0.132812,4.640673,3.571760,1.068913,0.230336
vib_inner_race_007,IMP_INTERP_COMPOSITE,69,0.134766,1.882858,2.863196,0.980338,0.520665
vib_inner_race_007,IMP_INTERP_COMPOSITE,70,0.136719,4.518532,3.706585,0.811948,0.179693
vib_inner_race_007,IMP_INTERP_COMPOSITE,71,0.138672,1.646971,3.321237,1.674266,1.016573
vib_inner_race_007,IMP_INTERP_COMPOSITE,72,0.140625,2.196492,4.732089,2.535597,1.154385
vib_inner_race_007,IMP_INTERP_COMPOSITE,73,0.142578,1.613971,4.334593,2.720622,1.685670
vib_inner_race_007,IMP_INTERP_COMPOSITE,74,0.144531,6.372769,6.554785,0.182016,0.028562
vib_inner_race_007,IMP_INTERP_COMPOSITE,75,0.146484,2.487714,2.892522,0.404808,0.162723
vib_inner_race_007,IMP_INTERP_COMPOSITE,76,0.148438,2.377202,3.624704,1.247502,0.524777
vib_inner_race_007,IMP_INTERP_COMPOSITE,77,0.150391,4.028719,3.273119,0.755600,0.187554
vib_inner_race_007,IMP_INTERP_COMPOSITE,78,0.152344,1.063653,1.970878,0.907224,0.852933
vib_inner_race_007,IMP_INTERP_COMPOSITE,79,0.154297,1.122066,1.474495,0.352429,0.314089
vib_inner_race_007,IMP_INTERP_COMPOSITE,80,0.156250,1.414897,1.266812,0.148086,0.104662
vib_inner_race_007,IMP_INTERP_COMPOSITE,81,0.158203,6.414890,6.503232,0.088341,0.013771
vib_inner_race_007,IMP_INTERP_COMPOSITE,82,0.160156,3.924788,3.597672,0.327116,0.083346
vib_inner_race_007,IMP_INTERP_COMPOSITE,83,0.162109,3.751512,2.858988,0.892524,0.237910
vib_inner_race_007,IMP_INTERP_COMPOSITE,84,0.164062,9.610972,10.318445,0.707473,0.073611
vib_inner_race_007,IMP_INTERP_COMPOSITE,85,0.166016,3.079530,3.105069,0.025539,0.008293
vib_inner_race_007,IMP_INTERP_COMPOSITE,86,0.167969,0.754943,0.113635,0.641308,0.849478
vib_inner_race_007,IMP_INTERP_COMPOSITE,87,0.169922,1.302358,1.285734,0.016624,0.012764
vib_inner_race_007,IMP_INTERP_COMPOSITE,88,0.171875,1.719747,2.411017,0.691270,0.401960
vib_inner_race_007,IMP_INTERP_COMPOSITE,89,0.173828,1.230109,0.157793,1.072315,0.871724
vib_inner_race_007,IMP_INTERP_COMPOSITE,90,0.175781,0.628272,1.198340,0.570069,0.907360
vib_inner_race_007,IMP_INTERP_COMPOSITE,91,0.177734,1.894572,3.378540,1.483968,0.783273
vib_inner_race_007,IMP_INTERP_COMPOSITE,92,0.179688,1.521520,1.368279,0.153241,0.100716
vib_inner_race_007,IMP_INTERP_COMPOSITE,93,0.181641,0.733054,1.631500,0.898445,1.225619
vib_inner_race_007,IMP_INTERP_COMPOSITE,94,0.183594,1.134600,1.275593,0.140993,0.124267
vib_inner_race_007,IMP_INTERP_COMPOSITE,95,0.185547,4.528914,4.644789,0.115875,0.025586
vib_inner_race_007,IMP_INTERP_COMPOSITE,96,0.187500,3.618728,3.690677,0.071949,0.019882
vib_inner_race_007,IMP_INTERP_COMPOSITE,97,0.189453,3.375451,2.726578,0.648873,0.192233
vib_inner_race_007,IMP_INTERP_COMPOSITE,98,0.191406,3.988217,3.602204,0.386013,0.096788
vib_inner_race_007,IMP_INTERP_COMPOSITE,99,0.193359,1.140725,1.866076,0.725351,0.635869
vib_inner_race_007,IMP_INTERP_COMPOSITE,100,0.195312,1.017556,1.242892,0.225336,0.221448
vib_inner_race_007,IMP_INTERP_COMPOSITE,101,0.197266,4.632133,5.758972,1.126839,0.243266
vib_inner_race_007,IMP_INTERP_COMPOSITE,102,0.199219,6.529269,6.713545,0.184276,0.028223
vib_inner_race_007,IMP_INTERP_COMPOSITE,103,0.201172,8.653214,7.551190,1.102024,0.127354
vib_inner_race_007,IMP_INTERP_COMPOSITE,104,0.203125,11.624898,13.041516,1.416618,0.121861
vib_inner_race_007,IMP_INTERP_COMPOSITE,105,0.205078,14.909948,14.176330,0.733618,0.049203
vib_inner_race_007,IMP_INTERP_COMPOSITE,106,0.207031,12.029140,10.803111,1.226029,0.101922
vib_inner_race_007,IMP_INTERP_COMPOSITE,107,0.208984,1.758111,1.027602,0.730509,0.415508
vib_inner_race_007,IMP_INTERP_COMPOSITE,108,0.210938,8.832117,8.046798,0.785319,0.088916
vib_inner_race_007,IMP_INTERP_COMPOSITE,109,0.212891,5.828161,6.752072,0.923911,0.158525
vib_inner_race_007,IMP_INTERP_COMPOSITE,110,0.214844,5.153724,5.736012,0.582288,0.112984
vib_inner_race_007,IMP_INTERP_COMPOSITE,111,0.216797,19.917068,19.904402,0.012665,0.000636
vib_inner_race_007,IMP_INTERP_COMPOSITE,112,0.218750,15.014983,14.924465,0.090518,0.006028
vib_inner_race_007,IMP_INTERP_COMPOSITE,113,0.220703,12.152233,12.563411,0.411178,0.033836
vib_inner_race_007,IMP_INTERP_COMPOSITE,114,0.222656,1.463513,0.782911,0.680602,0.465047
vib_inner_race_007,IMP_INTERP_COMPOSITE,115,0.224609,8.341602,7.915760,0.425842,0.051050
vib_inner_race_007,IMP_INTERP_COMPOSITE,116,0.226562,15.318317,17.058188,1.739871,0.113581
vib_inner_race_007,IMP_INTERP_COMPOSITE,117,0.228516,13.598118,12.070746,1.527372,0.112322
vib_inner_race_007,IMP_INTERP_COMPOSITE,118,0.230469,17.341700,17.405741,0.064041,0.003693
vib_inner_race_007,IMP_INTERP_COMPOSITE,119,0.232422,15.466106,14.606657,0.859449,0.055570
vib_inner_race_007,IMP_INTERP_COMPOSITE,120,0.234375,9.243511,7.096398,2.147114,0.232283
vib_inner_race_007,IMP_INTERP_COMPOSITE,121,0.236328,10.692977,9.455099,1.237878,0.115766
vib_inner_race_007,IMP_INTERP_COMPOSITE,122,0.238281,18.051961,16.893736,1.158225,0.064161
vib_inner_race_007,IMP_INTERP_COMPOSITE,123,0.240234,20.765118,20.491679,0.273439,0.013168
vib_inner_race_007,IMP_INTERP_COMPOSITE,124,0.242188,13.463207,13.638234,0.175027,0.013000
vib_inner_race_007,IMP_INTERP_COMPOSITE,125,0.244141,10.912017,9.545499,1.366518,0.125231
vib_inner_race_007,IMP_INTERP_COMPOSITE,126,0.246094,9.044101,8.254776,0.789325,0.087275
vib_inner_race_007,IMP_INTERP_COMPOSITE,127,0.248047,5.573967,5.661138,0.087171,0.015639
vib_inner_race_007,IMP_INTERP_COMPOSITE,128,0.250000,0.682020,1.240482,0.558462,0.818834
vib_inner_race_007,IMP_INTERP_COMPOSITE,129,0.251953,5.395649,4.633173,0.762476,0.141313
vib_inner_race_007,IMP_INTERP_COMPOSITE,130,0.253906,3.112988,3.096372,0.016616,0.005338
vib_inner_race_007,IMP_INTERP_COMPOSITE,131,0.255859,6.109793,5.960281,0.149512,0.024471
vib_inner_race_007,IMP_INTERP_COMPOSITE,132,0.257812,2.042392,2.122373,0.079981,0.039160
vib_inner_race_007,IMP_INTERP_COMPOSITE,133,0.259766,2.751647,3.269210,0.517563,0.188092
vib_inner_race_007,IMP_INTERP_COMPOSITE,134,0.261719,3.648508,2.362974,1.285534,0.352345
vib_inner_race_007,IMP_INTERP_COMPOSITE,135,0.263672,1.829999,2.342826,0.512827,0.280233
vib_inner_race_007,IMP_INTERP_COMPOSITE,136,0.265625,3.594679,3.948711,0.354033,0.098488
vib_inner_race_007,IMP_INTERP_COMPOSITE,137,0.267578,1.455586,1.995676,0.540090,0.371046
vib_inner_race_007,IMP_INTERP_COMPOSITE,138,0.269531,2.956082,3.523401,0.567319,0.191916
vib_inner_race_007,IMP_INTERP_COMPOSITE,139,0.271484,12.129665,11.337837,0.791828,0.065280
vib_inner_race_007,IMP_INTERP_COMPOSITE,140,0.273438,4.133195,5.038102,0.904907,0.218937
vib_inner_race_007,IMP_INTERP_COMPOSITE,141,0.275391,4.716041,4.526073,0.189968,0.040281
vib_inner_race_007,IMP_INTERP_COMPOSITE,142,0.277344,4.679547,3.314390,1.365157,0.291728
vib_inner_race_007,IMP_INTERP_COMPOSITE,143,0.279297,7.734486,7.553109,0.181377,0.023450
vib_inner_race_007,IMP_INTERP_COMPOSITE,144,0.281250,7.417526,5.725865,1.691660,0.228063
vib_inner_race_007,IMP_INTERP_COMPOSITE,145,0.283203,16.245587,14.687998,1.557588,0.095878
vib_inner_race_007,IMP_INTERP_COMPOSITE,146,0.285156,14.814070,14.859141,0.045072,0.003042
vib_inner_race_007,IMP_INTERP_COMPOSITE,147,0.287109,8.493073,10.304310,1.811237,0.213260
vib_inner_race_007,IMP_INTERP_COMPOSITE,148,0.289062,3.940865,5.213602,1.272737,0.322959
vib_inner_race_007,IMP_INTERP_COMPOSITE,149,0.291016,4.011487,5.699276,1.687789,0.420739
vib_inner_race_007,IMP_INTERP_COMPOSITE,150,0.292969,13.684308,12.716938,0.967370,0.070692
vib_inner_race_007,IMP_INTERP_COMPOSITE,151,0.294922,10.348322,9.243724,1.104598,0.106742
vib_inner_race_007,IMP_INTERP_COMPOSITE,152,0.296875,14.110189,15.736221,1.626032,0.115238
vib_inner_race_007,IMP_INTERP_COMPOSITE,153,0.298828,29.752396,27.177794,2.574602,0.086534
vib_inner_race_007,IMP_INTERP_COMPOSITE,154,0.300781,21.513373,20.284517,1.228856,0.057121
vib_inner_race_007,IMP_INTERP_COMPOSITE,155,0.302734,9.862710,8.000126,1.862584,0.188851
vib_inner_race_007,IMP_INTERP_COMPOSITE,156,0.304688,8.632747,9.143585,0.510838,0.059174
vib_inner_race_007,IMP_INTERP_COMPOSITE,157,0.306641,17.247381,17.110785,0.136596,0.007920
vib_inner_race_007,IMP_INTERP_COMPOSITE,158,0.308594,8.866291,8.372875,0.493416,0.055651
vib_inner_race_007,IMP_INTERP_COMPOSITE,159,0.310547,11.641336,12.063005,0.421669,0.036222
vib_inner_race_007,IMP_INTERP_COMPOSITE,160,0.312500,3.628904,3.369381,0.259523,0.071516
vib_inner_race_007,IMP_INTERP_COMPOSITE,161,0.314453,7.589167,6.523354,1.065813,0.140439
vib_inner_race_007,IMP_INTERP_COMPOSITE,162,0.316406,5.037826,4.422168,0.615658,0.122207
vib_inner_race_007,IMP_INTERP_COMPOSITE,163,0.318359,2.752530,1.923996,0.828534,0.301008
vib_inner_race_007,IMP_INTERP_COMPOSITE,164,0.320312,5.092405,5.268323,0.175918,0.034545
vib_inner_race_007,IMP_INTERP_COMPOSITE,165,0.322266,4.216173,4.558427,0.342254,0.081176
vib_inner_race_007,IMP_INTERP_COMPOSITE,166,0.324219,4.444277,4.916238,0.471961,0.106195
vib_inner_race_007,IMP_INTERP_COMPOSITE,167,0.326172,5.365048,3.333340,2.031708,0.378693
vib_inner_race_007,IMP_INTERP_COMPOSITE,168,0.328125,2.582887,2.172378,0.410510,0.158934
vib_inner_race_007,IMP_INTERP_COMPOSITE,169,0.330078,3.465648,2.994996,0.470652,0.135805
vib_inner_race_007,IMP_INTERP_COMPOSITE,170,0.332031,2.382847,1.283424,1.099423,0.461391
vib_inner_race_007,IMP_INTERP_COMPOSITE,171,0.333984,3.639704,4.176414,0.536710,0.147460
vib_inner_race_007,IMP_INTERP_COMPOSITE,172,0.335938,1.202022,0.646336,0.555686,0.462293
vib_inner_race_007,IMP_INTERP_COMPOSITE,173,0.337891,3.887488,3.397455,0.490034,0.126054
vib_inner_race_007,IMP_INTERP_COMPOSITE,174,0.339844,0.763750,1.987703,1.223953,1.602556
vib_inner_race_007,IMP_INTERP_COMPOSITE,175,0.341797,3.648791,4.164318,0.515526,0.141287
vib_inner_race_007,IMP_INTERP_COMPOSITE,176,0.343750,2.596512,2.913731,0.317218,0.122171
vib_inner_race_007,IMP_INTERP_COMPOSITE,177,0.345703,3.432482,4.721451,1.288969,0.375521
vib_inner_race_007,IMP_INTERP_COMPOSITE,178,0.347656,0.647790,1.515041,0.867251,1.338783
vib_inner_race_007,IMP_INTERP_COMPOSITE,179,0.349609,0.792246,1.306529,0.514283,0.649146
vib_inner_race_007,IMP_INTERP_COMPOSITE,180,0.351562,3.595196,2.792083,0.803113,0.223385
vib_inner_race_007,IMP_INTERP_COMPOSITE,181,0.353516,1.145112,2.165662,1.020549,0.891222
vib_inner_race_007,IMP_INTERP_COMPOSITE,182,0.355469,5.879426,5.255433,0.623993,0.106132
vib_inner_race_007,IMP_INTERP_COMPOSITE,183,0.357422,3.180466,3.521443,0.340977,0.107210
vib_inner_race_007,IMP_INTERP_COMPOSITE,184,0.359375,1.872978,3.167549,1.294571,0.691184
vib_inner_race_007,IMP_INTERP_COMPOSITE,185,0.361328,0.634851,1.215094,0.580244,0.913984
vib_inner_race_007,IMP_INTERP_COMPOSITE,186,0.363281,1.448090,2.930832,1.482742,1.023930
vib_inner_race_007,IMP_INTERP_COMPOSITE,187,0.365234,4.014639,3.005947,1.008692,0.251253
vib_inner_race_007,IMP_INTERP_COMPOSITE,188,0.367188,1.513580,1.891397,0.377818,0.249619
vib_inner_race_007,IMP_INTERP_COMPOSITE,189,0.369141,0.720450,1.616447,0.895997,1.243662
vib_inner_race_007,IMP_INTERP_COMPOSITE,190,0.371094,2.644352,2.556930,0.087422,0.033060
vib_inner_race_007,IMP_INTERP_COMPOSITE,191,0.373047,1.880781,1.888626,0.007845,0.004171
vib_inner_race_007,IMP_INTERP_COMPOSITE,192,0.375000,1.284560,1.427183,0.142623,0.111028
vib_inner_race_007,IMP_INTERP_COMPOSITE,193,0.376953,1.732652,1.659683,0.072969,0.042114
vib_inner_race_007,IMP_INTERP_COMPOSITE,194,0.378906,1.757371,1.737678,0.019693,0.011206
vib_inner_race_007,IMP_INTERP_COMPOSITE,195,0.380859,1.792988,2.106458,0.313470,0.174831
vib_inner_race_007,IMP_INTERP_COMPOSITE,196,0.382812,0.581902,0.951192,0.369290,0.634625
vib_inner_race_007,IMP_INTERP_COMPOSITE,197,0.384766,2.930466,3.537256,0.606790,0.207063
vib_inner_race_007,IMP_INTERP_COMPOSITE,198,0.386719,1.215069,1.979175,0.764106,0.628858
vib_inner_race_007,IMP_INTERP_COMPOSITE,199,0.388672,1.575101,1.959824,0.384723,0.244253
vib_inner_race_007,IMP_INTERP_COMPOSITE,200,0.390625,1.496023,0.531537,0.964486,0.644700
vib_inner_race_007,IMP_INTERP_COMPOSITE,201,0.392578,1.372526,1.639583,0.267058,0.194574
vib_inner_race_007,IMP_INTERP_COMPOSITE,202,0.394531,0.784699,1.662498,0.877799,1.118644
vib_inner_race_007,IMP_INTERP_COMPOSITE,203,0.396484,1.035091,1.867537,0.832446,0.804225
vib_inner_race_007,IMP_INTERP_COMPOSITE,204,0.398438,2.458541,2.332502,0.126039,0.051266
vib_inner_race_007,IMP_INTERP_COMPOSITE,205,0.400391,1.697993,1.848886,0.150893,0.088866
vib_inner_race_007,IMP_INTERP_COMPOSITE,206,0.402344,0.238132,1.556117,1.317985,5.534671
vib_inner_race_007,IMP_INTERP_COMPOSITE,207,0.404297,0.363288,1.083864,0.720576,1.983486
vib_inner_race_007,IMP_INTERP_COMPOSITE,208,0.406250,2.441166,1.394360,1.046806,0.428814
vib_inner_race_007,IMP_INTERP_COMPOSITE,209,0.408203,0.095860,0.729561,0.633700,6.610668
vib_inner_race_007,IMP_INTERP_COMPOSITE,210,0.410156,1.127878,2.037416,0.909538,0.806415
vib_inner_race_007,IMP_INTERP_COMPOSITE,211,0.412109,1.926999,1.794149,0.132850,0.068941
vib_inner_race_007,IMP_INTERP_COMPOSITE,212,0.414062,0.251014,1.042354,0.791339,3.152570
vib_inner_race_007,IMP_INTERP_COMPOSITE,213,0.416016,0.195662,1.210548,1.014887,5.186949
vib_inner_race_007,IMP_INTERP_COMPOSITE,214,0.417969,0.477624,1.078519,0.600895,1.258093
vib_inner_race_007,IMP_INTERP_COMPOSITE,215,0.419922,0.873255,0.684957,0.188298,0.215628
vib_inner_race_007,IMP_INTERP_COMPOSITE,216,0.421875,1.090252,1.340994,0.250742,0.229985
vib_inner_race_007,IMP_INTERP_COMPOSITE,217,0.423828,0.921606,0.247352,0.674254,0.731608
vib_inner_race_007,IMP_INTERP_COMPOSITE,218,0.425781,1.789917,2.281622,0.491705,0.274708
vib_inner_race_007,IMP_INTERP_COMPOSITE,219,0.427734,0.756009,0.947199,0.191190,0.252894
vib_inner_race_007,IMP_INTERP_COMPOSITE,220,0.429688,0.483841,0.714838,0.230998,0.477425
vib_inner_race_007,IMP_INTERP_COMPOSITE,221,0.431641,1.503031,1.315100,0.187931,0.125034
vib_inner_race_007,IMP_INTERP_COMPOSITE,222,0.433594,0.788806,0.974726,0.185920,0.235698
vib_inner_race_007,IMP_INTERP_COMPOSITE,223,0.435547,1.237656,0.466100,0.771556,0.623401
vib_inner_race_007,IMP_INTERP_COMPOSITE,224,0.437500,0.491301,1.164911,0.673610,1.371072
vib_inner_race_007,IMP_INTERP_COMPOSITE,225,0.439453,1.663956,2.774679,1.110722,0.667519
vib_inner_race_007,IMP_INTERP_COMPOSITE,226,0.441406,1.725340,2.642979,0.917639,0.531860
vib_inner_race_007,IMP_INTERP_COMPOSITE,227,0.443359,0.566088,0.646593,0.080505,0.142213
vib_inner_race_007,IMP_INTERP_COMPOSITE,228,0.445312,0.739652,1.466920,0.727267,0.983256
vib_inner_race_007,IMP_INTERP_COMPOSITE,229,0.447266,0.781416,0.991876,0.210460,0.269331
vib_inner_race_007,IMP_INTERP_COMPOSITE,230,0.449219,0.615423,1.394011,0.778588,1.265126
vib_inner_race_007,IMP_INTERP_COMPOSITE,231,0.451172,0.937676,1.474366,0.536690,0.572362
vib_inner_race_007,IMP_INTERP_COMPOSITE,232,0.453125,0.791521,2.252381,1.460861,1.845638
vib_inner_race_007,IMP_INTERP_COMPOSITE,233,0.455078,0.442582,0.913545,0.470963,1.064126
vib_inner_race_007,IMP_INTERP_COMPOSITE,234,0.457031,0.331365,0.742722,0.411357,1.241399
vib_inner_race_007,IMP_INTERP_COMPOSITE,235,0.458984,0.254349,0.515597,0.261248,1.027124
vib_inner_race_007,IMP_INTERP_COMPOSITE,236,0.460938,0.121684,0.547958,0.426275,3.503142
vib_inner_race_007,IMP_INTERP_COMPOSITE,237,0.462891,0.067143,0.548222,0.481079,7.165037
vib_inner_race_007,IMP_INTERP_COMPOSITE,238,0.464844,0.253240,0.465089,0.211849,0.836554
vib_inner_race_007,IMP_INTERP_COMPOSITE,239,0.466797,0.451778,0.307174,0.144604,0.320078
vib_inner_race_007,IMP_INTERP_COMPOSITE,240,0.468750,0.295542,1.353193,1.057652,3.578688
vib_inner_race_007,IMP_INTERP_COMPOSITE,241,0.470703,0.253613,1.154272,0.900659,3.551311
vib_inner_race_007,IMP_INTERP_COMPOSITE,242,0.472656,0.265127,1.138645,0.873518,3.294715
vib_inner_race_007,IMP_INTERP_COMPOSITE,243,0.474609,0.172918,0.321584,0.148666,0.859748
vib_inner_race_007,IMP_INTERP_COMPOSITE,244,0.476562,0.193188,1.209603,1.016416,5.261289
vib_inner_race_007,IMP_INTERP_COMPOSITE,245,0.478516,0.192682,0.328562,0.135880,0.705201
vib_inner_race_007,IMP_INTERP_COMPOSITE,246,0.480469,0.186643,0.455294,0.268651,1.439387
vib_inner_race_007,IMP_INTERP_COMPOSITE,247,0.482422,0.209324,0.544246,0.334922,1.600020
vib_inner_race_007,IMP_INTERP_COMPOSITE,248,0.484375,0.212378,0.513370,0.300993,1.417253
vib_inner_race_007,IMP_INTERP_COMPOSITE,249,0.486328,0.206615,1.038189,0.831574,4.024752
vib_inner_race_007,IMP_INTERP_COMPOSITE,250,0.488281,0.204411,0.762570,0.558159,2.730576
vib_inner_race_007,IMP_INTERP_COMPOSITE,251,0.490234,0.207052,0.906917,0.699865,3.380134
vib_inner_race_007,IMP_INTERP_COMPOSITE,252,0.492188,0.206252,0.181884,0.024367,0.118143
vib_inner_race_007,IMP_INTERP_COMPOSITE,253,0.494141,0.205531,1.174449,0.968918,4.714223
vib_inner_race_007,IMP_INTERP_COMPOSITE,254,0.496094,0.204829,0.865131,0.660302,3.223679
vib_inner_race_007,IMP_INTERP_COMPOSITE,255,0.498047,0.204878,0.991817,0.786939,3.841017
vib_ball_fault_007,IMP_INTERP_ERROR,0,0.000000,8.428270,7.915458,0.512812,0.060844
vib_ball_fault_007,IMP_INTERP_ERROR,1,0.001953,0.436876,0.308263,0.128613,0.294393
vib_ball_fault_007,IMP_INTERP_ERROR,2,0.003906,0.422856,0.393232,0.029623,0.070055
vib_ball_fault_007,IMP_INTERP_ERROR,3,0.005859,0.592334,0.783306,0.190972,0.322407
vib_ball_fault_007,IMP_INTERP_ERROR,4,0.007812,0.593172,0.540149,0.053023,0.089390
vib_ball_fault_007,IMP_INTERP_ERROR,5,0.009766,1.221952,1.394286,0.172334,0.141032
vib_ball_fault_007,IMP_INTERP_ERROR,6,0.011719,1.191947,1.114631,0.077316,0.064865
vib_ball_fault_007,IMP_INTERP_ERROR,7,0.013672,3.317356,2.592455,0.724901,0.218518
vib_ball_fault_007,IMP_INTERP_ERROR,8,0.015625,1.255227,1.621418,0.366190,0.291732
vib_ball_fault_007,IMP_INTERP_ERROR,9,0.017578,0.770580,0.846538,0.075958,0.098573
vib_ball_fault_007,IMP_INTERP_ERROR,10,0.019531,0.351500,0.584265,0.232765,0.662206
vib_ball_fault_007,IMP_INTERP_ERROR,11,0.021484,0.918262,1.514819,0.596557,0.649659
vib_ball_fault_007,IMP_INTERP_ERROR,12,0.023438,0.565958,1.224512,0.658554,1.163608
vib_ball_fault_007,IMP_INTERP_ERROR,13,0.025391,1.317900,1.573947,0.256048,0.194285
vib_ball_fault_007,IMP_INTERP_ERROR,14,0.027344,1.144516,2.013484,0.868968,0.759245
vib_ball_fault_007,IMP_INTERP_ERROR,15,0.029297,1.959400,1.990051,0.030651,0.015643
vib_ball_fault_007,IMP_INTERP_ERROR,16,0.031250,1.721920,1.203143,0.518778,0.301279
vib_ball_fault_007,IMP_INTERP_ERROR,17,0.033203,1.413466,1.399091,0.014375,0.010170
vib_ball_fault_007,IMP_INTERP_ERROR,18,0.035156,0.706982,0.997348,0.290366,0.410712
vib_ball_fault_007,IMP_INTERP_ERROR,19,0.037109,2.159925,2.480492,0.320567,0.148416
vib_ball_fault_007,IMP_INTERP_ERROR,20,0.039062,1.439938,1.150270,0.289669,0.201167
vib_ball_fault_007,IMP_INTERP_ERROR,21,0.041016,3.766634,4.832501,1.065867,0.282976
vib_ball_fault_007,IMP_INTERP_ERROR,22,0.042969,1.879880,1.957669,0.077790,0.041380
vib_ball_fault_007,IMP_INTERP_ERROR,23,0.044922,0.976606,1.233048,0.256442,0.262585
vib_ball_fault_007,IMP_INTERP_ERROR,24,0.046875,0.899247,1.120412,0.221165,0.245944
vib_ball_fault_007,IMP_INTERP_ERROR,25,0.048828,1.820906,2.027307,0.206401,0.113351
vib_ball_fault_007,IMP_INTERP_ERROR,26,0.050781,0.375687,0.831974,0.456287,1.214539
vib_ball_fault_007,IMP_INTERP_ERROR,27,0.052734,3.688105,3.338117,0.349988,0.094897
vib_ball_fault_007,IMP_INTERP_ERROR,28,0.054688,1.700981,1.767052,0.066071,0.038843
vib_ball_fault_007,IMP_INTERP_ERROR,29,0.056641,2.804094,3.745426,0.941332,0.335699
vib_ball_fault_007,IMP_INTERP_ERROR,30,0.058594,2.044779,2.545842,0.501063,0.245045
vib_ball_fault_007,IMP_INTERP_ERROR,31,0.060547,2.725456,2.418812,0.306644,0.112511
vib_ball_fault_007,IMP_INTERP_ERROR,32,0.062500,1.233343,2.145825,0.912482,0.739845
vib_ball_fault_007,IMP_INTERP_ERROR,33,0.064453,0.624853,1.639817,1.014964,1.624324
vib_ball_fault_007,IMP_INTERP_ERROR,34,0.066406,0.193069,0.656069,0.463000,2.398102
vib_ball_fault_007,IMP_INTERP_ERROR,35,0.068359,0.421951,1.603445,1.181494,2.800076
vib_ball_fault_007,IMP_INTERP_ERROR,36,0.070312,1.708215,2.278175,0.569959,0.333658
vib_ball_fault_007,IMP_INTERP_ERROR,37,0.072266,0.085410,0.069083,0.016327,0.191156
vib_ball_fault_007,IMP_INTERP_ERROR,38,0.074219,1.009150,2.014218,1.005067,0.995954
vib_ball_fault_007,IMP_INTERP_ERROR,39,0.076172,1.373544,1.750978,0.377434,0.274788
vib_ball_fault_007,IMP_INTERP_ERROR,40,0.078125,0.939199,1.585246,0.646047,0.687870
vib_ball_fault_007,IMP_INTERP_ERROR,41,0.080078,0.833004,0.319223,0.513781,0.616781
vib_ball_fault_007,IMP_INTERP_ERROR,42,0.082031,1.277469,1.150211,0.127258,0.099617
vib_ball_fault_007,IMP_INTERP_ERROR,43,0.083984,0.780173,1.262228,0.482055,0.617882
vib_ball_fault_007,IMP_INTERP_ERROR,44,0.085938,1.296063,1.027974,0.268090,0.206849
vib_ball_fault_007,IMP_INTERP_ERROR,45,0.087891,1.700546,0.992115,0.708431,0.416590
vib_ball_fault_007,IMP_INTERP_ERROR,46,0.089844,0.571218,1.457538,0.886320,1.551632
vib_ball_fault_007,IMP_INTERP_ERROR,47,0.091797,3.651811,3.050883,0.600928,0.164556
vib_ball_fault_007,IMP_INTERP_ERROR,48,0.093750,1.489208,2.297028,0.807820,0.542450
vib_ball_fault_007,IMP_INTERP_ERROR,49,0.095703,0.889957,1.158228,0.268271,0.301443
vib_ball_fault_007,IMP_INTERP_ERROR,50,0.097656,0.308051,1.045854,0.737803,2.395070
vib_ball_fault_007,IMP_INTERP_ERROR,51,0.099609,1.375422,1.833514,0.458092,0.333055
vib_ball_fault_007,IMP_INTERP_ERROR,52,0.101562,0.517315,0.543638,0.026323,0.050884
vib_ball_fault_007,IMP_INTERP_ERROR,53,0.103516,0.485327,0.632824,0.147496,0.303911
vib_ball_fault_007,IMP_INTERP_ERROR,54,0.105469,0.506496,0.504136,0.002360,0.004660
vib_ball_fault_007,IMP_INTERP_ERROR,55,0.107422,0.253174,1.089597,0.836423,3.303746
vib_ball_fault_007,IMP_INTERP_ERROR,56,0.109375,0.735375,1.495410,0.760035,1.033534
vib_ball_fault_007,IMP_INTERP_ERROR,57,0.111328,0.252232,0.749307,0.497075,1.970709
vib_ball_fault_007,IMP_INTERP_ERROR,58,0.113281,0.901434,1.296398,0.394965,0.438152
vib_ball_fault_007,IMP_INTERP_ERROR,59,0.115234,0.446933,1.255261,0.808328,1.808611
vib_ball_fault_007,IMP_INTERP_ERROR,60,0.117188,0.562458,0.576312,0.013854,0.024631
vib_ball_fault_007,IMP_INTERP_ERROR,61,0.119141,5.646411,5.950719,0.304308,0.053894
vib_ball_fault_007,IMP_INTERP_ERROR,62,0.121094,2.986362,3.200256,0.213894,0.071624
vib_ball_fault_007,IMP_INTERP_ERROR,63,0.123047,1.115669,1.318654,0.202985,0.181940
vib_ball_fault_007,IMP_INTERP_ERROR,64,0.125000,0.683547,1.726913,1.043366,1.526401
vib_ball_fault_007,IMP_INTERP_ERROR,65,0.126953,0.817564,1.057562,0.239998,0.293553
vib_ball_fault_007,IMP_INTERP_ERROR,66,0.128906,1.195333,0.792351,0.402982,0.337129
vib_ball_fault_007,IMP_INTERP_ERROR,67,0.130859,0.486144,1.366783,0.880638,1.811475
vib_ball_fault_007,IMP_INTERP_ERROR,68,0.132812,0.832522,0.688673,0.143850,0.172788
vib_ball_fault_007,IMP_INTERP_ERROR,69,0.134766,0.211531,0.276515,0.064984,0.307210
vib_ball_fault_007,IMP_INTERP_ERROR,70,0.136719,0.362501,0.319088,0.043413,0.119760
vib_ball_fault_007,IMP_INTERP_ERROR,71,0.138672,0.748591,0.518378,0.230214,0.307529
vib_ball_fault_007,IMP_INTERP_ERROR,72,0.140625,0.647845,0.739094,0.091250,0.140851
vib_ball_fault_007,IMP_INTERP_ERROR,73,0.142578,0.890065,1.380682,0.490617,0.551215
vib_ball_fault_007,IMP_INTERP_ERROR,74,0.144531,0.495458,0.287631,0.207827,0.419464
vib_ball_fault_007,IMP_INTERP_ERROR,75,0.146484,0.171670,0.290757,0.119087,0.693696
vib_ball_fault_007,IMP_INTERP_ERROR,76,0.148438,0.715545,1.052570,0.337025,0.471005
vib_ball_fault_007,IMP_INTERP_ERROR,77,0.150391,0.380730,0.600876,0.220146,0.578220
vib_ball_fault_007,IMP_INTERP_ERROR,78,0.152344,0.805102,1.543908,0.738806,0.917655
vib_ball_fault_007,IMP_INTERP_ERROR,79,0.154297,0.186029,0.424890,0.238862,1.284005
vib_ball_fault_007,IMP_INTERP_ERROR,80,0.156250,0.490412,1.053751,0.563339,1.148707
vib_ball_fault_007,IMP_INTERP_ERROR,81,0.158203,0.301721,1.561068,1.259347,4.173884
vib_ball_fault_007,IMP_INTERP_ERROR,82,0.160156,1.000487,1.867816,0.867329,0.866907
vib_ball_fault_007,IMP_INTERP_ERROR,83,0.162109,1.002187,2.814257,1.812070,1.808116
vib_ball_fault_007,IMP_INTERP_ERROR,84,0.164062,1.509678,1.180486,0.329192,0.218054
vib_ball_fault_007,IMP_INTERP_ERROR,85,0.166016,1.090112,2.167385,1.077273,0.988223
vib_ball_fault_007,IMP_INTERP_ERROR,86,0.167969,0.644161,0.809799,0.165638,0.257137
vib_ball_fault_007,IMP_INTERP_ERROR,87,0.169922,0.275917,0.817192,0.541276,1.961737
vib_ball_fault_007,IMP_INTERP_ERROR,88,0.171875,0.515612,1.129963,0.614350,1.191496
vib_ball_fault_007,IMP_INTERP_ERROR,89,0.173828,0.613206,1.656418,1.043212,1.701242
vib_ball_fault_007,IMP_INTERP_ERROR,90,0.175781,0.277794,0.285830,0.008036,0.028928
vib_ball_fault_007,IMP_INTERP_ERROR,91,0.177734,0.372177,1.143507,0.771330,2.072484
vib_ball_fault_007,IMP_INTERP_ERROR,92,0.179688,0.937339,1.502865,0.565526,0.603331
vib_ball_fault_007,IMP_INTERP_ERROR,93,0.181641,0.258339,0.762460,0.504122,1.951395
vib_ball_fault_007,IMP_INTERP_ERROR,94,0.183594,0.493402,0.372979,0.120424,0.244068
vib_ball_fault_007,IMP_INTERP_ERROR,95,0.185547,1.552467,2.812104,1.259638,0.811378
vib_ball_fault_007,IMP_INTERP_ERROR,96,0.187500,0.652505,0.386722,0.265783,0.407328
vib_ball_fault_007,IMP_INTERP_ERROR,97,0.189453,1.175682,1.972024,0.796342,0.677345
vib_ball_fault_007,IMP_INTERP_ERROR,98,0.191406,0.691022,3.262904,2.571882,3.721855
vib_ball_fault_007,IMP_INTERP_ERROR,99,0.193359,0.627664,1.753272,1.125609,1.793331
vib_ball_fault_007,IMP_INTERP_ERROR,100,0.195312,0.770469,0.460893,0.309576,0.401802
vib_ball_fault_007,IMP_INTERP_ERROR,101,0.197266,1.358176,0.813353,0.544823,0.401143
vib_ball_fault_007,IMP_INTERP_ERROR,102,0.199219,1.124311,0.696768,0.427542,0.380271
vib_ball_fault_007,IMP_INTERP_ERROR,103,0.201172,0.886868,0.876002,0.010866,0.012252
vib_ball_fault_007,IMP_INTERP_ERROR,104,0.203125,0.350709,1.399249,1.048539,2.989767
vib_ball_fault_007,IMP_INTERP_ERROR,105,0.205078,1.841475,2.068437,0.226963,0.123251
vib_ball_fault_007,IMP_INTERP_ERROR,106,0.207031,2.423362,1.617838,0.805524,0.332399
vib_ball_fault_007,IMP_INTERP_ERROR,107,0.208984,0.921083,0.990738,0.069655,0.075623
vib_ball_fault_007,IMP_INTERP_ERROR,108,0.210938,1.922456,0.916130,1.006326,0.523458
vib_ball_fault_007,IMP_INTERP_ERROR,109,0.212891,2.100101,2.615662,0.515561,0.245494
vib_ball_fault_007,IMP_INTERP_ERROR,110,0.214844,6.310087,5.069218,1.240869,0.196648
vib_ball_fault_007,IMP_INTERP_ERROR,111,0.216797,5.356774,3.446858,1.909915,0.356542
vib_ball_fault_007,IMP_INTERP_ERROR,112,0.218750,2.520591,1.707943,0.812648,0.322404
vib_ball_fault_007,IMP_INTERP_ERROR,113,0.220703,1.766034,1.612763,0.153271,0.086788
vib_ball_fault_007,IMP_INTERP_ERROR,114,0.222656,0.582792,0.748998,0.166205,0.285188
vib_ball_fault_007,IMP_INTERP_ERROR,115,0.224609,3.623630,3.338843,0.284787,0.078592
vib_ball_fault_007,IMP_INTERP_ERROR,116,0.226562,1.545802,1.810457,0.264655,0.171209
vib_ball_fault_007,IMP_INTERP_ERROR,117,0.228516,3.340758,3.305142,0.035616,0.010661
vib_ball_fault_007,IMP_INTERP_ERROR,118,0.230469,1.526600,1.787210,0.260610,0.170712
vib_ball_fault_007,IMP_INTERP_ERROR,119,0.232422,5.137473,5.253148,0.115675,0.022516
vib_ball_fault_007,IMP_INTERP_ERROR,120,0.234375,5.222805,5.101443,0.121363,0.023237
vib_ball_fault_007,IMP_INTERP_ERROR,121,0.236328,4.368708,3.967661,0.401046,0.091800
vib_ball_fault_007,IMP_INTERP_ERROR,122,0.238281,0.875290,0.930468,0.055178,0.063039
vib_ball_fault_007,IMP_INTERP_ERROR,123,0.240234,3.905376,4.289199,0.383823,0.098281
vib_ball_fault_007,IMP_INTERP_ERROR,124,0.242188,3.993066,3.932950,0.060116,0.015055
vib_ball_fault_007,IMP_INTERP_ERROR,125,0.244141,4.285002,3.848745,0.436257,0.101810
vib_ball_fault_007,IMP_INTERP_ERROR,126,0.246094,3.237565,3.721475,0.483910,0.149467
vib_ball_fault_007,IMP_INTERP_ERROR,127,0.248047,1.913312,2.327283,0.413971,0.216364
vib_ball_fault_007,IMP_INTERP_ERROR,128,0.250000,1.459021,1.706564,0.247542,0.169663
vib_ball_fault_007,IMP_INTERP_ERROR,129,0.251953,7.408932,7.672523,0.263591,0.035577
vib_ball_fault_007,IMP_INTERP_ERROR,130,0.253906,6.061039,4.573610,1.487429,0.245408
vib_ball_fault_007,IMP_INTERP_ERROR,131,0.255859,7.662296,6.797813,0.864484,0.112823
vib_ball_fault_007,IMP_INTERP_ERROR,132,0.257812,2.720331,2.826717,0.106386,0.039108
vib_ball_fault_007,IMP_INTERP_ERROR,133,0.259766,9.599675,9.375606,0.224070,0.023341
vib_ball_fault_007,IMP_INTERP_ERROR,134,0.261719,0.817238,1.204087,0.386849,0.473361
vib_ball_fault_007,IMP_INTERP_ERROR,135,0.263672,1.792130,1.583126,0.209004,0.116623
vib_ball_fault_007,IMP_INTERP_ERROR,136,0.265625,8.000534,7.611538,0.388997,0.048621
vib_ball_fault_007,IMP_INTERP_ERROR,137,0.267578,5.608067,6.425373,0.817306,0.145738
vib_ball_fault_007,IMP_INTERP_ERROR,138,0.269531,11.649537,10.620381,1.029156,0.088343
vib_ball_fault_007,IMP_INTERP_ERROR,139,0.271484,17.138452,17.099966,0.038486,0.002246
vib_ball_fault_007,IMP_INTERP_ERROR,140,0.273438,9.948547,9.432192,0.516355,0.051903
vib_ball_fault_007,IMP_INTERP_ERROR,141,0.275391,12.133403,12.023887,0.109517,0.009026
vib_ball_fault_007,IMP_INTERP_ERROR,142,0.277344,6.528485,7.405891,0.877406,0.134396
vib_ball_fault_007,IMP_INTERP_ERROR,143,0.279297,10.141688,10.103912,0.037776,0.003725
vib_ball_fault_007,IMP_INTERP_ERROR,144,0.281250,15.239611,13.160362,2.079249,0.136437
vib_ball_fault_007,IMP_INTERP_ERROR,145,0.283203,4.692909,4.703973,0.011063,0.002357
vib_ball_fault_007,IMP_INTERP_ERROR,146,0.285156,9.024755,6.912731,2.112024,0.234026
vib_ball_fault_007,IMP_INTERP_ERROR,147,0.287109,4.580509,2.545034,2.035475,0.444378
vib_ball_fault_007,IMP_INTERP_ERROR,148,0.289062,9.888461,8.368148,1.520313,0.153746
vib_ball_fault_007,IMP_INTERP_ERROR,149,0.291016,3.170464,3.132363,0.038101,0.012018
vib_ball_fault_007,IMP_INTERP_ERROR,150,0.292969,4.674288,3.795077,0.879210,0.188095
vib_ball_fault_007,IMP_INTERP_ERROR,151,0.294922,4.286725,3.491579,0.795146,0.185490
vib_ball_fault_007,IMP_INTERP_ERROR,152,0.296875,2.027559,1.570787,0.456772,0.225282
vib_ball_fault_007,IMP_INTERP_ERROR,153,0.298828,1.993740,1.798100,0.195641,0.098127
vib_ball_fault_007,IMP_INTERP_ERROR,154,0.300781,1.512757,1.892687,0.379930,0.251151
vib_ball_fault_007,IMP_INTERP_ERROR,155,0.302734,1.615945,0.991489,0.624456,0.386434
vib_ball_fault_007,IMP_INTERP_ERROR,156,0.304688,1.235732,1.103083,0.132649,0.107344
vib_ball_fault_007,IMP_INTERP_ERROR,157,0.306641,2.448072,2.364794,0.083278,0.034018
vib_ball_fault_007,IMP_INTERP_ERROR,158,0.308594,0.646057,0.673165,0.027108,0.041959
vib_ball_fault_007,IMP_INTERP_ERROR,159,0.310547,0.744653,0.684759,0.059894,0.080433
vib_ball_fault_007,IMP_INTERP_ERROR,160,0.312500,0.718285,1.022564,0.304280,0.423620
vib_ball_fault_007,IMP_INTERP_ERROR,161,0.314453,0.956967,1.087642,0.130674,0.136550
vib_ball_fault_007,IMP_INTERP_ERROR,162,0.316406,0.511647,0.126034,0.385613,0.753670
vib_ball_fault_007,IMP_INTERP_ERROR,163,0.318359,1.321126,2.241478,0.920352,0.696643
vib_ball_fault_007,IMP_INTERP_ERROR,164,0.320312,1.101447,0.745591,0.355856,0.323080
vib_ball_fault_007,IMP_INTERP_ERROR,165,0.322266,0.112397,0.506798,0.394400,3.508983
vib_ball_fault_007,IMP_INTERP_ERROR,166,0.324219,0.154276,0.306849,0.152573,0.988957
vib_ball_fault_007,IMP_INTERP_ERROR,167,0.326172,0.589603,0.734156,0.144553,0.245170
vib_ball_fault_007,IMP_INTERP_ERROR,168,0.328125,0.886817,0.455667,0.431150,0.486177
vib_ball_fault_007,IMP_INTERP_ERROR,169,0.330078,0.210321,0.514030,0.303708,1.444021
vib_ball_fault_007,IMP_INTERP_ERROR,170,0.332031,0.768548,0.964087,0.195539,0.254427
vib_ball_fault_007,IMP_INTERP_ERROR,171,0.333984,1.048546,0.775881,0.272665,0.260041
vib_ball_fault_007,IMP_INTERP_ERROR,172,0.335938,1.077137,1.733208,0.656071,0.609088
vib_ball_fault_007,IMP_INTERP_ERROR,173,0.337891,0.476621,1.769171,1.292550,2.711906
vib_ball_fault_007,IMP_INTERP_ERROR,174,0.339844,0.641769,0.328938,0.312831,0.487451
vib_ball_fault_007,IMP_INTERP_ERROR,175,0.341797,0.512796,0.738910,0.226113,0.440941
vib_ball_fault_007,IMP_INTERP_ERROR,176,0.343750,0.258567,0.510834,0.252266,0.975631
vib_ball_fault_007,IMP_INTERP_ERROR,177,0.345703,1.066850,0.753079,0.313771,0.294110
vib_ball_fault_007,IMP_INTERP_ERROR,178,0.347656,0.724029,1.168268,0.444239,0.613565
vib_ball_fault_007,IMP_INTERP_ERROR,179,0.349609,0.936456,0.277118,0.659338,0.704078
vib_ball_fault_007,IMP_INTERP_ERROR,180,0.351562,0.388630,1.452825,1.064195,2.738321
vib_ball_fault_007,IMP_INTERP_ERROR,181,0.353516,0.433663,0.540533,0.106870,0.246436
vib_ball_fault_007,IMP_INTERP_ERROR,182,0.355469,0.457849,1.104543,0.646694,1.412460
vib_ball_fault_007,IMP_INTERP_ERROR,183,0.357422,0.767189,0.379287,0.387902,0.505615
vib_ball_fault_007,IMP_INTERP_ERROR,184,0.359375,0.329296,0.589788,0.260492,0.791057
vib_ball_fault_007,IMP_INTERP_ERROR,185,0.361328,0.489422,0.408444,0.080979,0.165458
vib_ball_fault_007,IMP_INTERP_ERROR,186,0.363281,0.654922,0.505958,0.148964,0.227453
vib_ball_fault_007,IMP_INTERP_ERROR,187,0.365234,0.809438,0.233183,0.576255,0.711920
vib_ball_fault_007,IMP_INTERP_ERROR,188,0.367188,0.294337,0.855656,0.561319,1.907063
vib_ball_fault_007,IMP_INTERP_ERROR,189,0.369141,0.533232,0.616808,0.083577,0.156736
vib_ball_fault_007,IMP_INTERP_ERROR,190,0.371094,0.500814,0.796153,0.295339,0.589717
vib_ball_fault_007,IMP_INTERP_ERROR,191,0.373047,0.206372,1.245831,1.039459,5.036826
vib_ball_fault_007,IMP_INTERP_ERROR,192,0.375000,0.685171,1.554058,0.868887,1.268131
vib_ball_fault_007,IMP_INTERP_ERROR,193,0.376953,0.241415,1.010756,0.769341,3.186802
vib_ball_fault_007,IMP_INTERP_ERROR,194,0.378906,0.672614,0.620225,0.052389,0.077888
vib_ball_fault_007,IMP_INTERP_ERROR,195,0.380859,0.427477,0.956572,0.529095,1.237714
vib_ball_fault_007,IMP_INTERP_ERROR,196,0.382812,0.680404,1.058898,0.378494,0.556278
vib_ball_fault_007,IMP_INTERP_ERROR,197,0.384766,0.519642,0.686257,0.166614,0.320633
vib_ball_fault_007,IMP_INTERP_ERROR,198,0.386719,0.431324,0.219539,0.211785,0.491012
vib_ball_fault_007,IMP_INTERP_ERROR,199,0.388672,0.264999,0.525760,0.260761,0.984005
vib_ball_fault_007,IMP_INTERP_ERROR,200,0.390625,0.060435,0.343125,0.282690,4.677598
vib_ball_fault_007,IMP_INTERP_ERROR,201,0.392578,0.070110,0.377084,0.306973,4.378419
vib_ball_fault_007,IMP_INTERP_ERROR,202,0.394531,0.140289,0.619723,0.479434,3.417471
vib_ball_fault_007,IMP_INTERP_ERROR,203,0.396484,0.384147,0.876734,0.492587,1.282288
vib_ball_fault_007,IMP_INTERP_ERROR,204,0.398438,0.221646,0.508998,0.287352,1.296445
vib_ball_fault_007,IMP_INTERP_ERROR,205,0.400391,0.356149,0.446217,0.090068,0.252895
vib_ball_fault_007,IMP_INTERP_ERROR,206,0.402344,0.179974,0.676289,0.496315,2.757707
vib_ball_fault_007,IMP_INTERP_ERROR,207,0.404297,0.146380,1.298782,1.152402,7.872663
vib_ball_fault_007,IMP_INTERP_ERROR,208,0.406250,0.081681,0.818938,0.737257,9.026061
vib_ball_fault_007,IMP_INTERP_ERROR,209,0.408203,0.039138,0.290161,0.251023,6.413800
vib_ball_fault_007,IMP_INTERP_ERROR,210,0.410156,0.235297,1.161162,0.925866,3.934882
vib_ball_fault_007,IMP_INTERP_ERROR,211,0.412109,0.018664,1.000459,0.981795,52.603470
vib_ball_fault_007,IMP_INTERP_ERROR,212,0.414062,0.073391,0.606246,0.532855,7.260525
vib_ball_fault_007,IMP_INTERP_ERROR,213,0.416016,0.056515,0.829830,0.773315,13.683344
vib_ball_fault_007,IMP_INTERP_ERROR,214,0.417969,0.129316,0.269663,0.140347,1.085300
vib_ball_fault_007,IMP_INTERP_ERROR,215,0.419922,0.241778,0.658345,0.416567,1.722931
vib_ball_fault_007,IMP_INTERP_ERROR,216,0.421875,0.156313,0.502386,0.346072,2.213965
vib_ball_fault_007,IMP_INTERP_ERROR,217,0.423828,0.194453,0.403756,0.209303,1.076364
vib_ball_fault_007,IMP_INTERP_ERROR,218,0.425781,0.107030,0.265041,0.158011,1.476328
vib_ball_fault_007,IMP_INTERP_ERROR,219,0.427734,0.270330,0.709049,0.438719,1.622900
vib_ball_fault_007,IMP_INTERP_ERROR,220,0.429688,0.216455,0.727797,0.511341,2.362340
vib_ball_fault_007,IMP_INTERP_ERROR,221,0.431641,0.049712,1.012665,0.962953,19.370687
vib_ball_fault_007,IMP_INTERP_ERROR,222,0.433594,0.109717,0.548740,0.439023,4.001392
vib_ball_fault_007,IMP_INTERP_ERROR,223,0.435547,0.161465,0.336349,0.174883,1.083101
vib_ball_fault_007,IMP_INTERP_ERROR,224,0.437500,0.147490,0.494529,0.347039,2.352959
vib_ball_fault_007,IMP_INTERP_ERROR,225,0.439453,0.525664,0.466129,0.059535,0.113257
vib_ball_fault_007,IMP_INTERP_ERROR,226,0.441406,0.625717,1.367469,0.741752,1.185443
vib_ball_fault_007,IMP_INTERP_ERROR,227,0.443359,0.276749,0.569272,0.292523,1.056995
vib_ball_fault_007,IMP_INTERP_ERROR,228,0.445312,0.278101,0.447501,0.169401,0.609133
vib_ball_fault_007,IMP_INTERP_ERROR,229,0.447266,0.433084,0.469915,0.036830,0.085042
vib_ball_fault_007,IMP_INTERP_ERROR,230,0.449219,0.130927,0.412813,0.281887,2.153009
vib_ball_fault_007,IMP_INTERP_ERROR,231,0.451172,0.127026,0.219751,0.092725,0.729973
vib_ball_fault_007,IMP_INTERP_ERROR,232,0.453125,0.052249,0.543707,0.491459,9.406176
vib_ball_fault_007,IMP_INTERP_ERROR,233,0.455078,0.084483,0.511500,0.427017,5.054450
vib_ball_fault_007,IMP_INTERP_ERROR,234,0.457031,0.094270,0.293189,0.198918,2.110086
vib_ball_fault_007,IMP_INTERP_ERROR,235,0.458984,0.152561,0.113773,0.038788,0.254248
vib_ball_fault_007,IMP_INTERP_ERROR,236,0.460938,0.062338,0.406610,0.344273,5.522693
vib_ball_fault_007,IMP_INTERP_ERROR,237,0.462891,0.090563,0.994842,0.904279,9.985077
vib_ball_fault_007,IMP_INTERP_ERROR,238,0.464844,0.035513,0.168300,0.132787,3.739156
vib_ball_fault_007,IMP_INTERP_ERROR,239,0.466797,0.045959,0.855064,0.809104,17.604880
vib_ball_fault_007,IMP_INTERP_ERROR,240,0.468750,0.093455,0.261620,0.168165,1.799426
vib_ball_fault_007,IMP_INTERP_ERROR,241,0.470703,0.020362,0.299809,0.279447,13.724179
vib_ball_fault_007,IMP_INTERP_ERROR,242,0.472656,0.049226,0.807804,0.758578,15.410090
vib_ball_fault_007,IMP_INTERP_ERROR,243,0.474609,0.022808,1.068057,1.045249,45.827908
vib_ball_fault_007,IMP_INTERP_ERROR,244,0.476562,0.032437,0.129804,0.097367,3.001771
vib_ball_fault_007,IMP_INTERP_ERROR,245,0.478516,0.030420,0.512086,0.481665,15.833623
vib_ball_fault_007,IMP_INTERP_ERROR,246,0.480469,0.024950,0.294603,0.269654,10.807922
vib_ball_fault_007,IMP_INTERP_ERROR,247,0.482422,0.017517,0.479551,0.462034,26.376314
vib_ball_fault_007,IMP_INTERP_ERROR,248,0.484375,0.025402,1.094727,1.069325,42.095533
vib_ball_fault_007,IMP_INTERP_ERROR,249,0.486328,0.021463,0.674443,0.652980,30.422946
vib_ball_fault_007,IMP_INTERP_ERROR,250,0.488281,0.020313,0.249033,0.228721,11.260038
vib_ball_fault_007,IMP_INTERP_ERROR,251,0.490234,0.021108,0.082055,0.060947,2.887428
vib_ball_fault_007,IMP_INTERP_ERROR,252,0.492188,0.021634,0.595565,0.573930,26.528680
vib_ball_fault_007,IMP_INTERP_ERROR,253,0.494141,0.020428,0.685352,0.664924,32.548834
vib_ball_fault_007,IMP_INTERP_ERROR,254,0.496094,0.021278,0.979022,0.957744,45.011461
vib_ball_fault_007,IMP_INTERP_ERROR,255,0.498047,0.022097,0.743049,0.720952,32.627299
vib_ball_fault_007,RDP_OFFLINE,0,0.000000,8.428270,6.606708,1.821561,0.216125
vib_ball_fault_007,RDP_OFFLINE,1,0.001953,0.436876,0.935111,0.498235,1.140449
vib_ball_fault_007,RDP_OFFLINE,2,0.003906,0.422856,0.519881,0.097026,0.229453
vib_ball_fault_007,RDP_OFFLINE,3,0.005859,0.592334,1.738864,1.146530,1.935616
vib_ball_fault_007,RDP_OFFLINE,4,0.007812,0.593172,1.568881,0.975708,1.644899
vib_ball_fault_007,RDP_OFFLINE,5,0.009766,1.221952,1.580952,0.359000,0.293792
vib_ball_fault_007,RDP_OFFLINE,6,0.011719,1.191947,2.593024,1.401077,1.175452
vib_ball_fault_007,RDP_OFFLINE,7,0.013672,3.317356,4.152613,0.835257,0.251784
vib_ball_fault_007,RDP_OFFLINE,8,0.015625,1.255227,3.092283,1.837055,1.463524
vib_ball_fault_007,RDP_OFFLINE,9,0.017578,0.770580,0.895267,0.124687,0.161810
vib_ball_fault_007,RDP_OFFLINE,10,0.019531,0.351500,1.142198,0.790698,2.249497
vib_ball_fault_007,RDP_OFFLINE,11,0.021484,0.918262,2.200201,1.281939,1.396050
vib_ball_fault_007,RDP_OFFLINE,12,0.023438,0.565958,1.548518,0.982560,1.736100
vib_ball_fault_007,RDP_OFFLINE,13,0.025391,1.317900,0.383574,0.934326,0.708951
vib_ball_fault_007,RDP_OFFLINE,14,0.027344,1.144516,3.673243,2.528726,2.209428
vib_ball_fault_007,RDP_OFFLINE,15,0.029297,1.959400,0.270977,1.688423,0.861704
vib_ball_fault_007,RDP_OFFLINE,16,0.031250,1.721920,1.085827,0.636093,0.369409
vib_ball_fault_007,RDP_OFFLINE,17,0.033203,1.413466,1.845815,0.432349,0.305878
vib_ball_fault_007,RDP_OFFLINE,18,0.035156,0.706982,2.245903,1.538921,2.176746
vib_ball_fault_007,RDP_OFFLINE,19,0.037109,2.159925,3.855487,1.695562,0.785010
vib_ball_fault_007,RDP_OFFLINE,20,0.039062,1.439938,1.679038,0.239099,0.166048
vib_ball_fault_007,RDP_OFFLINE,21,0.041016,3.766634,6.329409,2.562776,0.680389
vib_ball_fault_007,RDP_OFFLINE,22,0.042969,1.879880,3.320825,1.440945,0.766509
vib_ball_fault_007,RDP_OFFLINE,23,0.044922,0.976606,0.684458,0.292148,0.299146
vib_ball_fault_007,RDP_OFFLINE,24,0.046875,0.899247,1.930943,1.031696,1.147289
vib_ball_fault_007,RDP_OFFLINE,25,0.048828,1.820906,2.086655,0.265749,0.145943
vib_ball_fault_007,RDP_OFFLINE,26,0.050781,0.375687,1.474929,1.099241,2.925947
vib_ball_fault_007,RDP_OFFLINE,27,0.052734,3.688105,3.454236,0.233869,0.063412
vib_ball_fault_007,RDP_OFFLINE,28,0.054688,1.700981,1.385680,0.315301,0.185364
vib_ball_fault_007,RDP_OFFLINE,29,0.056641,2.804094,2.396947,0.407147,0.145197
vib_ball_fault_007,RDP_OFFLINE,30,0.058594,2.044779,1.607866,0.436912,0.213672
vib_ball_fault_007,RDP_OFFLINE,31,0.060547,2.725456,3.621282,0.895826,0.328689
vib_ball_fault_007,RDP_OFFLINE,32,0.062500,1.233343,1.901266,0.667924,0.541556
vib_ball_fault_007,RDP_OFFLINE,33,0.064453,0.624853,1.145447,0.520594,0.833147
vib_ball_fault_007,RDP_OFFLINE,34,0.066406,0.193069,0.680799,0.487730,2.526190
vib_ball_fault_007,RDP_OFFLINE,35,0.068359,0.421951,3.072684,2.650733,6.282089
vib_ball_fault_007,RDP_OFFLINE,36,0.070312,1.708215,0.987359,0.720857,0.421994
vib_ball_fault_007,RDP_OFFLINE,37,0.072266,0.085410,1.082911,0.997502,11.679029
vib_ball_fault_007,RDP_OFFLINE,38,0.074219,1.009150,3.117391,2.108241,2.089125
vib_ball_fault_007,RDP_OFFLINE,39,0.076172,1.373544,1.028366,0.345177,0.251304
vib_ball_fault_007,RDP_OFFLINE,40,0.078125,0.939199,2.944549,2.005350,2.135170
vib_ball_fault_007,RDP_OFFLINE,41,0.080078,0.833004,1.949812,1.116808,1.340699
vib_ball_fault_007,RDP_OFFLINE,42,0.082031,1.277469,0.360291,0.917178,0.717965
vib_ball_fault_007,RDP_OFFLINE,43,0.083984,0.780173,0.906957,0.126783,0.162507
vib_ball_fault_007,RDP_OFFLINE,44,0.085938,1.296063,2.269143,0.973080,0.750797
vib_ball_fault_007,RDP_OFFLINE,45,0.087891,1.700546,0.607457,1.093089,0.642787
vib_ball_fault_007,RDP_OFFLINE,46,0.089844,0.571218,2.593384,2.022166,3.540094
vib_ball_fault_007,RDP_OFFLINE,47,0.091797,3.651811,3.681900,0.030089,0.008239
vib_ball_fault_007,RDP_OFFLINE,48,0.093750,1.489208,2.215703,0.726495,0.487840
vib_ball_fault_007,RDP_OFFLINE,49,0.095703,0.889957,1.875964,0.986007,1.107927
vib_ball_fault_007,RDP_OFFLINE,50,0.097656,0.308051,1.110314,0.802263,2.604320
vib_ball_fault_007,RDP_OFFLINE,51,0.099609,1.375422,1.218715,0.156707,0.113934
vib_ball_fault_007,RDP_OFFLINE,52,0.101562,0.517315,1.619768,1.102453,2.131108
vib_ball_fault_007,RDP_OFFLINE,53,0.103516,0.485327,0.447749,0.037578,0.077428
vib_ball_fault_007,RDP_OFFLINE,54,0.105469,0.506496,0.959863,0.453367,0.895105
vib_ball_fault_007,RDP_OFFLINE,55,0.107422,0.253174,0.494092,0.240918,0.951589
vib_ball_fault_007,RDP_OFFLINE,56,0.109375,0.735375,2.401346,1.665971,2.265472
vib_ball_fault_007,RDP_OFFLINE,57,0.111328,0.252232,1.225942,0.973710,3.860379
vib_ball_fault_007,RDP_OFFLINE,58,0.113281,0.901434,0.614245,0.287188,0.318591
vib_ball_fault_007,RDP_OFFLINE,59,0.115234,0.446933,2.378166,1.931233,4.321080
vib_ball_fault_007,RDP_OFFLINE,60,0.117188,0.562458,1.084838,0.522380,0.928746
vib_ball_fault_007,RDP_OFFLINE,61,0.119141,5.646411,4.850101,0.796311,0.141030
vib_ball_fault_007,RDP_OFFLINE,62,0.121094,2.986362,3.472508,0.486146,0.162789
vib_ball_fault_007,RDP_OFFLINE,63,0.123047,1.115669,0.769102,0.346566,0.310636
vib_ball_fault_007,RDP_OFFLINE,64,0.125000,0.683547,1.322634,0.639087,0.934958
vib_ball_fault_007,RDP_OFFLINE,65,0.126953,0.817564,1.387351,0.569787,0.696932
vib_ball_fault_007,RDP_OFFLINE,66,0.128906,1.195333,1.344093,0.148759,0.124450
vib_ball_fault_007,RDP_OFFLINE,67,0.130859,0.486144,1.721200,1.235056,2.540513
vib_ball_fault_007,RDP_OFFLINE,68,0.132812,0.832522,2.311071,1.478548,1.775986
vib_ball_fault_007,RDP_OFFLINE,69,0.134766,0.211531,1.357044,1.145514,5.415354
vib_ball_fault_007,RDP_OFFLINE,70,0.136719,0.362501,1.114113,0.751612,2.073404
vib_ball_fault_007,RDP_OFFLINE,71,0.138672,0.748591,0.985259,0.236668,0.316151
vib_ball_fault_007,RDP_OFFLINE,72,0.140625,0.647845,0.590508,0.057337,0.088504
vib_ball_fault_007,RDP_OFFLINE,73,0.142578,0.890065,0.648197,0.241868,0.271742
vib_ball_fault_007,RDP_OFFLINE,74,0.144531,0.495458,1.318146,0.822688,1.660460
vib_ball_fault_007,RDP_OFFLINE,75,0.146484,0.171670,1.392679,1.221009,7.112544
vib_ball_fault_007,RDP_OFFLINE,76,0.148438,0.715545,2.029878,1.314333,1.836829
vib_ball_fault_007,RDP_OFFLINE,77,0.150391,0.380730,0.336138,0.044592,0.117123
vib_ball_fault_007,RDP_OFFLINE,78,0.152344,0.805102,2.583564,1.778462,2.208990
vib_ball_fault_007,RDP_OFFLINE,79,0.154297,0.186029,0.746274,0.560246,3.011612
vib_ball_fault_007,RDP_OFFLINE,80,0.156250,0.490412,1.327174,0.836763,1.706246
vib_ball_fault_007,RDP_OFFLINE,81,0.158203,0.301721,2.229064,1.927343,6.387841
vib_ball_fault_007,RDP_OFFLINE,82,0.160156,1.000487,0.629229,0.371258,0.371077
vib_ball_fault_007,RDP_OFFLINE,83,0.162109,1.002187,2.872339,1.870152,1.866071
vib_ball_fault_007,RDP_OFFLINE,84,0.164062,1.509678,1.830444,0.320766,0.212473
vib_ball_fault_007,RDP_OFFLINE,85,0.166016,1.090112,2.527085,1.436973,1.318189
vib_ball_fault_007,RDP_OFFLINE,86,0.167969,0.644161,2.810300,2.166139,3.362729
vib_ball_fault_007,RDP_OFFLINE,87,0.169922,0.275917,3.293331,3.017415,10.935970
vib_ball_fault_007,RDP_OFFLINE,88,0.171875,0.515612,1.078407,0.562795,1.091507
vib_ball_fault_007,RDP_OFFLINE,89,0.173828,0.613206,0.887621,0.274415,0.447509
vib_ball_fault_007,RDP_OFFLINE,90,0.175781,0.277794,0.469237,0.191443,0.689154
vib_ball_fault_007,RDP_OFFLINE,91,0.177734,0.372177,2.530174,2.157998,5.798314
vib_ball_fault_007,RDP_OFFLINE,92,0.179688,0.937339,1.332033,0.394694,0.421080
vib_ball_fault_007,RDP_OFFLINE,93,0.181641,0.258339,2.083659,1.825320,7.065599
vib_ball_fault_007,RDP_OFFLINE,94,0.183594,0.493402,3.737874,3.244471,6.575713
vib_ball_fault_007,RDP_OFFLINE,95,0.185547,1.552467,3.269015,1.716549,1.105691
vib_ball_fault_007,RDP_OFFLINE,96,0.187500,0.652505,1.028728,0.376223,0.576582
vib_ball_fault_007,RDP_OFFLINE,97,0.189453,1.175682,1.820678,0.644996,0.548615
vib_ball_fault_007,RDP_OFFLINE,98,0.191406,0.691022,5.066162,4.375140,6.331408
vib_ball_fault_007,RDP_OFFLINE,99,0.193359,0.627664,3.565829,2.938166,4.681116
vib_ball_fault_007,RDP_OFFLINE,100,0.195312,0.770469,1.814848,1.044379,1.355510
vib_ball_fault_007,RDP_OFFLINE,101,0.197266,1.358176,2.308257,0.950081,0.699527
vib_ball_fault_007,RDP_OFFLINE,102,0.199219,1.124311,1.609399,0.485089,0.431454
vib_ball_fault_007,RDP_OFFLINE,103,0.201172,0.886868,0.991799,0.104931,0.118316
vib_ball_fault_007,RDP_OFFLINE,104,0.203125,0.350709,0.487026,0.136316,0.388688
vib_ball_fault_007,RDP_OFFLINE,105,0.205078,1.841475,0.797570,1.043904,0.566885
vib_ball_fault_007,RDP_OFFLINE,106,0.207031,2.423362,1.158122,1.265240,0.522101
vib_ball_fault_007,RDP_OFFLINE,107,0.208984,0.921083,0.549243,0.371840,0.403699
vib_ball_fault_007,RDP_OFFLINE,108,0.210938,1.922456,0.838753,1.083703,0.563708
vib_ball_fault_007,RDP_OFFLINE,109,0.212891,2.100101,3.098511,0.998411,0.475411
vib_ball_fault_007,RDP_OFFLINE,110,0.214844,6.310087,4.403245,1.906843,0.302190
vib_ball_fault_007,RDP_OFFLINE,111,0.216797,5.356774,3.783344,1.573430,0.293727
vib_ball_fault_007,RDP_OFFLINE,112,0.218750,2.520591,2.470376,0.050214,0.019922
vib_ball_fault_007,RDP_OFFLINE,113,0.220703,1.766034,0.814368,0.951666,0.538872
vib_ball_fault_007,RDP_OFFLINE,114,0.222656,0.582792,1.093593,0.510801,0.876471
vib_ball_fault_007,RDP_OFFLINE,115,0.224609,3.623630,4.032764,0.409135,0.112907
vib_ball_fault_007,RDP_OFFLINE,116,0.226562,1.545802,2.577671,1.031869,0.667530
vib_ball_fault_007,RDP_OFFLINE,117,0.228516,3.340758,3.517204,0.176445,0.052816
vib_ball_fault_007,RDP_OFFLINE,118,0.230469,1.526600,2.238174,0.711574,0.466116
vib_ball_fault_007,RDP_OFFLINE,119,0.232422,5.137473,4.969732,0.167741,0.032650
vib_ball_fault_007,RDP_OFFLINE,120,0.234375,5.222805,3.521953,1.700852,0.325659
vib_ball_fault_007,RDP_OFFLINE,121,0.236328,4.368708,3.057223,1.311485,0.300200
vib_ball_fault_007,RDP_OFFLINE,122,0.238281,0.875290,0.597600,0.277690,0.317255
vib_ball_fault_007,RDP_OFFLINE,123,0.240234,3.905376,4.058707,0.153331,0.039262
vib_ball_fault_007,RDP_OFFLINE,124,0.242188,3.993066,4.071228,0.078162,0.019574
vib_ball_fault_007,RDP_OFFLINE,125,0.244141,4.285002,4.819290,0.534288,0.124688
vib_ball_fault_007,RDP_OFFLINE,126,0.246094,3.237565,3.391165,0.153600,0.047443
vib_ball_fault_007,RDP_OFFLINE,127,0.248047,1.913312,2.545687,0.632376,0.330514
vib_ball_fault_007,RDP_OFFLINE,128,0.250000,1.459021,1.627677,0.168655,0.115595
vib_ball_fault_007,RDP_OFFLINE,129,0.251953,7.408932,7.290473,0.118460,0.015989
vib_ball_fault_007,RDP_OFFLINE,130,0.253906,6.061039,3.952732,2.108308,0.347846
vib_ball_fault_007,RDP_OFFLINE,131,0.255859,7.662296,6.917199,0.745098,0.097242
vib_ball_fault_007,RDP_OFFLINE,132,0.257812,2.720331,1.645039,1.075292,0.395280
vib_ball_fault_007,RDP_OFFLINE,133,0.259766,9.599675,8.216999,1.382676,0.144034
vib_ball_fault_007,RDP_OFFLINE,134,0.261719,0.817238,0.917914,0.100676,0.123190
vib_ball_fault_007,RDP_OFFLINE,135,0.263672,1.792130,1.134562,0.657568,0.366920
vib_ball_fault_007,RDP_OFFLINE,136,0.265625,8.000534,6.394957,1.605578,0.200684
vib_ball_fault_007,RDP_OFFLINE,137,0.267578,5.608067,4.676130,0.931937,0.166178
vib_ball_fault_007,RDP_OFFLINE,138,0.269531,11.649537,10.270144,1.379394,0.118408
vib_ball_fault_007,RDP_OFFLINE,139,0.271484,17.138452,15.753312,1.385140,0.080821
vib_ball_fault_007,RDP_OFFLINE,140,0.273438,9.948547,8.649850,1.298697,0.130541
vib_ball_fault_007,RDP_OFFLINE,141,0.275391,12.133403,10.966605,1.166799,0.096164
vib_ball_fault_007,RDP_OFFLINE,142,0.277344,6.528485,5.234181,1.294304,0.198255
vib_ball_fault_007,RDP_OFFLINE,143,0.279297,10.141688,7.464425,2.677262,0.263986
vib_ball_fault_007,RDP_OFFLINE,144,0.281250,15.239611,11.173719,4.065892,0.266798
vib_ball_fault_007,RDP_OFFLINE,145,0.283203,4.692909,4.300265,0.392644,0.083668
vib_ball_fault_007,RDP_OFFLINE,146,0.285156,9.024755,5.893257,3.131498,0.346990
vib_ball_fault_007,RDP_OFFLINE,147,0.287109,4.580509,3.000021,1.580488,0.345046
vib_ball_fault_007,RDP_OFFLINE,148,0.289062,9.888461,7.215110,2.673351,0.270351
vib_ball_fault_007,RDP_OFFLINE,149,0.291016,3.170464,2.930545,0.239919,0.075673
vib_ball_fault_007,RDP_OFFLINE,150,0.292969,4.674288,3.505525,1.168762,0.250041
vib_ball_fault_007,RDP_OFFLINE,151,0.294922,4.286725,2.906128,1.380597,0.322063
vib_ball_fault_007,RDP_OFFLINE,152,0.296875,2.027559,1.442982,0.584576,0.288315
vib_ball_fault_007,RDP_OFFLINE,153,0.298828,1.993740,0.774107,1.219633,0.611731
vib_ball_fault_007,RDP_OFFLINE,154,0.300781,1.512757,1.354951,0.157806,0.104317
vib_ball_fault_007,RDP_OFFLINE,155,0.302734,1.615945,0.896742,0.719203,0.445067
vib_ball_fault_007,RDP_OFFLINE,156,0.304688,1.235732,0.523713,0.712019,0.576192
vib_ball_fault_007,RDP_OFFLINE,157,0.306641,2.448072,1.787316,0.660757,0.269909
vib_ball_fault_007,RDP_OFFLINE,158,0.308594,0.646057,1.535869,0.889813,1.377297
vib_ball_fault_007,RDP_OFFLINE,159,0.310547,0.744653,1.045897,0.301243,0.404542
vib_ball_fault_007,RDP_OFFLINE,160,0.312500,0.718285,0.752217,0.033932,0.047241
vib_ball_fault_007,RDP_OFFLINE,161,0.314453,0.956967,1.995746,1.038779,1.085490
vib_ball_fault_007,RDP_OFFLINE,162,0.316406,0.511647,0.150848,0.360799,0.705171
vib_ball_fault_007,RDP_OFFLINE,163,0.318359,1.321126,2.187313,0.866187,0.655643
vib_ball_fault_007,RDP_OFFLINE,164,0.320312,1.101447,0.884634,0.216813,0.196844
vib_ball_fault_007,RDP_OFFLINE,165,0.322266,0.112397,0.716802,0.604405,5.377398
vib_ball_fault_007,RDP_OFFLINE,166,0.324219,0.154276,0.779691,0.625415,4.053865
vib_ball_fault_007,RDP_OFFLINE,167,0.326172,0.589603,0.922952,0.333349,0.565379
vib_ball_fault_007,RDP_OFFLINE,168,0.328125,0.886817,0.687998,0.198819,0.224194
vib_ball_fault_007,RDP_OFFLINE,169,0.330078,0.210321,0.901331,0.691010,3.285496
vib_ball_fault_007,RDP_OFFLINE,170,0.332031,0.768548,1.231616,0.463068,0.602523
vib_ball_fault_007,RDP_OFFLINE,171,0.333984,1.048546,1.047934,0.000612,0.000583
vib_ball_fault_007,RDP_OFFLINE,172,0.335938,1.077137,2.486562,1.409425,1.308492
vib_ball_fault_007,RDP_OFFLINE,173,0.337891,0.476621,2.014359,1.537738,3.226336
vib_ball_fault_007,RDP_OFFLINE,174,0.339844,0.641769,1.288172,0.646403,1.007221
vib_ball_fault_007,RDP_OFFLINE,175,0.341797,0.512796,0.766641,0.253845,0.495020
vib_ball_fault_007,RDP_OFFLINE,176,0.343750,0.258567,0.843427,0.584859,2.261922
vib_ball_fault_007,RDP_OFFLINE,177,0.345703,1.066850,1.824071,0.757221,0.709773
vib_ball_fault_007,RDP_OFFLINE,178,0.347656,0.724029,3.034848,2.310819,3.191611
vib_ball_fault_007,RDP_OFFLINE,179,0.349609,0.936456,1.796272,0.859816,0.918159
vib_ball_fault_007,RDP_OFFLINE,180,0.351562,0.388630,0.828764,0.440133,1.132524
vib_ball_fault_007,RDP_OFFLINE,181,0.353516,0.433663,1.517269,1.083607,2.498733
vib_ball_fault_007,RDP_OFFLINE,182,0.355469,0.457849,1.256919,0.799070,1.745269
vib_ball_fault_007,RDP_OFFLINE,183,0.357422,0.767189,0.448213,0.318976,0.415772
vib_ball_fault_007,RDP_OFFLINE,184,0.359375,0.329296,0.452988,0.123692,0.375624
vib_ball_fault_007,RDP_OFFLINE,185,0.361328,0.489422,0.607999,0.118577,0.242280
vib_ball_fault_007,RDP_OFFLINE,186,0.363281,0.654922,1.426669,0.771748,1.178382
vib_ball_fault_007,RDP_OFFLINE,187,0.365234,0.809438,1.315016,0.505578,0.624604
vib_ball_fault_007,RDP_OFFLINE,188,0.367188,0.294337,1.199628,0.905291,3.075697
vib_ball_fault_007,RDP_OFFLINE,189,0.369141,0.533232,0.348731,0.184501,0.346005
vib_ball_fault_007,RDP_OFFLINE,190,0.371094,0.500814,0.926678,0.425864,0.850342
vib_ball_fault_007,RDP_OFFLINE,191,0.373047,0.206372,0.872949,0.666577,3.229979
vib_ball_fault_007,RDP_OFFLINE,192,0.375000,0.685171,1.865996,1.180825,1.723401
vib_ball_fault_007,RDP_OFFLINE,193,0.376953,0.241415,2.176851,1.935436,8.017056
vib_ball_fault_007,RDP_OFFLINE,194,0.378906,0.672614,0.472439,0.200175,0.297607
vib_ball_fault_007,RDP_OFFLINE,195,0.380859,0.427477,0.370922,0.056556,0.132301
vib_ball_fault_007,RDP_OFFLINE,196,0.382812,0.680404,1.902919,1.222515,1.796749
vib_ball_fault_007,RDP_OFFLINE,197,0.384766,0.519642,0.849673,0.330031,0.635111
vib_ball_fault_007,RDP_OFFLINE,198,0.386719,0.431324,0.495258,0.063935,0.148229
vib_ball_fault_007,RDP_OFFLINE,199,0.388672,0.264999,0.263006,0.001993,0.007522
vib_ball_fault_007,RDP_OFFLINE,200,0.390625,0.060435,0.606376,0.545941,9.033526
vib_ball_fault_007,RDP_OFFLINE,201,0.392578,0.070110,0.529309,0.459199,6.549644
vib_ball_fault_007,RDP_OFFLINE,202,0.394531,0.140289,0.953327,0.813038,5.795441
vib_ball_fault_007,RDP_OFFLINE,203,0.396484,0.384147,0.665317,0.281170,0.731933
vib_ball_fault_007,RDP_OFFLINE,204,0.398438,0.221646,1.176676,0.955030,4.308808
vib_ball_fault_007,RDP_OFFLINE,205,0.400391,0.356149,0.321045,0.035104,0.098566
vib_ball_fault_007,RDP_OFFLINE,206,0.402344,0.179974,1.414400,1.234426,6.858922
vib_ball_fault_007,RDP_OFFLINE,207,0.404297,0.146380,0.708624,0.562244,3.840985
vib_ball_fault_007,RDP_OFFLINE,208,0.406250,0.081681,1.051874,0.970194,11.877846
vib_ball_fault_007,RDP_OFFLINE,209,0.408203,0.039138,0.747412,0.708274,18.096835
vib_ball_fault_007,RDP_OFFLINE,210,0.410156,0.235297,1.147642,0.912345,3.877422
vib_ball_fault_007,RDP_OFFLINE,211,0.412109,0.018664,0.644768,0.626104,33.545966
vib_ball_fault_007,RDP_OFFLINE,212,0.414062,0.073391,0.204703,0.131312,1.789221
vib_ball_fault_007,RDP_OFFLINE,213,0.416016,0.056515,1.963408,1.906893,33.741333
vib_ball_fault_007,RDP_OFFLINE,214,0.417969,0.129316,0.803538,0.674222,5.213756
vib_ball_fault_007,RDP_OFFLINE,215,0.419922,0.241778,0.553867,0.312089,1.290807
vib_ball_fault_007,RDP_OFFLINE,216,0.421875,0.156313,0.902948,0.746634,4.776522
vib_ball_fault_007,RDP_OFFLINE,217,0.423828,0.194453,0.272016,0.077563,0.398876
vib_ball_fault_007,RDP_OFFLINE,218,0.425781,0.107030,0.445742,0.338713,3.164660
vib_ball_fault_007,RDP_OFFLINE,219,0.427734,0.270330,1.489563,1.219233,4.510162
vib_ball_fault_007,RDP_OFFLINE,220,0.429688,0.216455,0.577454,0.360999,1.667775
vib_ball_fault_007,RDP_OFFLINE,221,0.431641,0.049712,1.383699,1.333987,26.834379
vib_ball_fault_007,RDP_OFFLINE,222,0.433594,0.109717,0.918644,0.808926,7.372810
vib_ball_fault_007,RDP_OFFLINE,223,0.435547,0.161465,1.554820,1.393355,8.629433
vib_ball_fault_007,RDP_OFFLINE,224,0.437500,0.147490,0.433131,0.285640,1.936672
vib_ball_fault_007,RDP_OFFLINE,225,0.439453,0.525664,0.699911,0.174247,0.331479
vib_ball_fault_007,RDP_OFFLINE,226,0.441406,0.625717,2.023216,1.397499,2.233436
vib_ball_fault_007,RDP_OFFLINE,227,0.443359,0.276749,0.368704,0.091955,0.332268
vib_ball_fault_007,RDP_OFFLINE,228,0.445312,0.278101,0.553097,0.274996,0.988835
vib_ball_fault_007,RDP_OFFLINE,229,0.447266,0.433084,0.795267,0.362183,0.836287
vib_ball_fault_007,RDP_OFFLINE,230,0.449219,0.130927,0.340572,0.209645,1.601240
vib_ball_fault_007,RDP_OFFLINE,231,0.451172,0.127026,0.686120,0.559094,4.401428
vib_ball_fault_007,RDP_OFFLINE,232,0.453125,0.052249,0.206299,0.154051,2.948428
vib_ball_fault_007,RDP_OFFLINE,233,0.455078,0.084483,0.407595,0.323111,3.824557
vib_ball_fault_007,RDP_OFFLINE,234,0.457031,0.094270,0.203061,0.108791,1.154031
vib_ball_fault_007,RDP_OFFLINE,235,0.458984,0.152561,0.740821,0.588260,3.855894
vib_ball_fault_007,RDP_OFFLINE,236,0.460938,0.062338,0.801790,0.739452,11.862012
vib_ball_fault_007,RDP_OFFLINE,237,0.462891,0.090563,0.488006,0.397443,4.388580
vib_ball_fault_007,RDP_OFFLINE,238,0.464844,0.035513,0.610969,0.575457,16.204258
vib_ball_fault_007,RDP_OFFLINE,239,0.466797,0.045959,0.483197,0.437238,9.513638
vib_ball_fault_007,RDP_OFFLINE,240,0.468750,0.093455,1.696172,1.602718,17.149667
vib_ball_fault_007,RDP_OFFLINE,241,0.470703,0.020362,0.671141,0.650779,31.961011
vib_ball_fault_007,RDP_OFFLINE,242,0.472656,0.049226,0.919650,0.870424,17.682174
vib_ball_fault_007,RDP_OFFLINE,243,0.474609,0.022808,0.584936,0.562128,24.645927
vib_ball_fault_007,RDP_OFFLINE,244,0.476562,0.032437,1.027219,0.994782,30.668549
vib_ball_fault_007,RDP_OFFLINE,245,0.478516,0.030420,0.836509,0.806088,26.498284
vib_ball_fault_007,RDP_OFFLINE,246,0.480469,0.024950,0.919658,0.894709,35.860593
vib_ball_fault_007,RDP_OFFLINE,247,0.482422,0.017517,0.268229,0.250712,14.312530
vib_ball_fault_007,RDP_OFFLINE,248,0.484375,0.025402,0.860640,0.835238,32.880357
vib_ball_fault_007,RDP_OFFLINE,249,0.486328,0.021463,0.898174,0.876711,40.846803
vib_ball_fault_007,RDP_OFFLINE,250,0.488281,0.020313,0.240073,0.219760,10.818921
vib_ball_fault_007,RDP_OFFLINE,251,0.490234,0.021108,0.511905,0.490798,23.252059
vib_ball_fault_007,RDP_OFFLINE,252,0.492188,0.021634,0.906461,0.884827,40.899208
vib_ball_fault_007,RDP_OFFLINE,253,0.494141,0.020428,1.306039,1.285610,62.932214
vib_ball_fault_007,RDP_OFFLINE,254,0.496094,0.021278,0.622907,0.601629,28.274967
vib_ball_fault_007,RDP_OFFLINE,255,0.498047,0.022097,0.568008,0.545911,24.705681
vib_ball_fault_007,LTTB_OFFLINE,0,0.000000,8.428270,9.614443,1.186173,0.140737
vib_ball_fault_007,LTTB_OFFLINE,1,0.001953,0.436876,1.399823,0.962947,2.204164
vib_ball_fault_007,LTTB_OFFLINE,2,0.003906,0.422856,0.992956,0.570101,1.348216
vib_ball_fault_007,LTTB_OFFLINE,3,0.005859,0.592334,4.125208,3.532874,5.964332
vib_ball_fault_007,LTTB_OFFLINE,4,0.007812,0.593172,3.504946,2.911773,4.908815
vib_ball_fault_007,LTTB_OFFLINE,5,0.009766,1.221952,4.776654,3.554702,2.909035
vib_ball_fault_007,LTTB_OFFLINE,6,0.011719,1.191947,4.148165,2.956218,2.480159
vib_ball_fault_007,LTTB_OFFLINE,7,0.013672,3.317356,4.746747,1.429391,0.430883
vib_ball_fault_007,LTTB_OFFLINE,8,0.015625,1.255227,0.581349,0.673879,0.536858
vib_ball_fault_007,LTTB_OFFLINE,9,0.017578,0.770580,2.180423,1.409843,1.829588
vib_ball_fault_007,LTTB_OFFLINE,10,0.019531,0.351500,2.652475,2.300975,6.546158
vib_ball_fault_007,LTTB_OFFLINE,11,0.021484,0.918262,3.587242,2.668980,2.906558
vib_ball_fault_007,LTTB_OFFLINE,12,0.023438,0.565958,4.824208,4.258250,7.523968
vib_ball_fault_007,LTTB_OFFLINE,13,0.025391,1.317900,6.837607,5.519708,4.188261
vib_ball_fault_007,LTTB_OFFLINE,14,0.027344,1.144516,1.868175,0.723658,0.632283
vib_ball_fault_007,LTTB_OFFLINE,15,0.029297,1.959400,2.529483,0.570084,0.290948
vib_ball_fault_007,LTTB_OFFLINE,16,0.031250,1.721920,5.860380,4.138459,2.403398
vib_ball_fault_007,LTTB_OFFLINE,17,0.033203,1.413466,1.425445,0.011979,0.008475
vib_ball_fault_007,LTTB_OFFLINE,18,0.035156,0.706982,0.804546,0.097564,0.138000
vib_ball_fault_007,LTTB_OFFLINE,19,0.037109,2.159925,4.816367,2.656442,1.229877
vib_ball_fault_007,LTTB_OFFLINE,20,0.039062,1.439938,5.389614,3.949675,2.742947
vib_ball_fault_007,LTTB_OFFLINE,21,0.041016,3.766634,4.487518,0.720884,0.191387
vib_ball_fault_007,LTTB_OFFLINE,22,0.042969,1.879880,1.210368,0.669512,0.356146
vib_ball_fault_007,LTTB_OFFLINE,23,0.044922,0.976606,4.569941,3.593335,3.679411
vib_ball_fault_007,LTTB_OFFLINE,24,0.046875,0.899247,2.867508,1.968261,2.188788
vib_ball_fault_007,LTTB_OFFLINE,25,0.048828,1.820906,5.116422,3.295516,1.809822
vib_ball_fault_007,LTTB_OFFLINE,26,0.050781,0.375687,4.091750,3.716062,9.891366
vib_ball_fault_007,LTTB_OFFLINE,27,0.052734,3.688105,4.252218,0.564113,0.152955
vib_ball_fault_007,LTTB_OFFLINE,28,0.054688,1.700981,1.972425,0.271444,0.159581
vib_ball_fault_007,LTTB_OFFLINE,29,0.056641,2.804094,6.082665,3.278570,1.169208
vib_ball_fault_007,LTTB_OFFLINE,30,0.058594,2.044779,3.460824,1.416045,0.692517
vib_ball_fault_007,LTTB_OFFLINE,31,0.060547,2.725456,10.414589,7.689133,2.821228
vib_ball_fault_007,LTTB_OFFLINE,32,0.062500,1.233343,5.975648,4.742306,3.845084
vib_ball_fault_007,LTTB_OFFLINE,33,0.064453,0.624853,5.441117,4.816264,7.707835
vib_ball_fault_007,LTTB_OFFLINE,34,0.066406,0.193069,3.182629,2.989560,15.484388
vib_ball_fault_007,LTTB_OFFLINE,35,0.068359,0.421951,2.031940,1.609989,3.815585
vib_ball_fault_007,LTTB_OFFLINE,36,0.070312,1.708215,4.592286,2.884071,1.688353
vib_ball_fault_007,LTTB_OFFLINE,37,0.072266,0.085410,2.916076,2.830666,33.142226
vib_ball_fault_007,LTTB_OFFLINE,38,0.074219,1.009150,3.180819,2.171668,2.151978
vib_ball_fault_007,LTTB_OFFLINE,39,0.076172,1.373544,5.067916,3.694372,2.689665
vib_ball_fault_007,LTTB_OFFLINE,40,0.078125,0.939199,2.159997,1.220798,1.299829
vib_ball_fault_007,LTTB_OFFLINE,41,0.080078,0.833004,1.239889,0.406885,0.488455
vib_ball_fault_007,LTTB_OFFLINE,42,0.082031,1.277469,4.506653,3.229184,2.527798
vib_ball_fault_007,LTTB_OFFLINE,43,0.083984,0.780173,1.707173,0.927000,1.188197
vib_ball_fault_007,LTTB_OFFLINE,44,0.085938,1.296063,2.893984,1.597920,1.232903
vib_ball_fault_007,LTTB_OFFLINE,45,0.087891,1.700546,2.354256,0.653710,0.384412
vib_ball_fault_007,LTTB_OFFLINE,46,0.089844,0.571218,0.551644,0.019574,0.034267
vib_ball_fault_007,LTTB_OFFLINE,47,0.091797,3.651811,5.830975,2.179164,0.596735
vib_ball_fault_007,LTTB_OFFLINE,48,0.093750,1.489208,5.196644,3.707436,2.489536
vib_ball_fault_007,LTTB_OFFLINE,49,0.095703,0.889957,6.045010,5.155053,5.792477
vib_ball_fault_007,LTTB_OFFLINE,50,0.097656,0.308051,6.382590,6.074539,19.719275
vib_ball_fault_007,LTTB_OFFLINE,51,0.099609,1.375422,0.799086,0.576336,0.419025
vib_ball_fault_007,LTTB_OFFLINE,52,0.101562,0.517315,1.244646,0.727332,1.405976
vib_ball_fault_007,LTTB_OFFLINE,53,0.103516,0.485327,2.208584,1.723257,3.550711
vib_ball_fault_007,LTTB_OFFLINE,54,0.105469,0.506496,2.058732,1.552235,3.064654
vib_ball_fault_007,LTTB_OFFLINE,55,0.107422,0.253174,1.653617,1.400443,5.531544
vib_ball_fault_007,LTTB_OFFLINE,56,0.109375,0.735375,7.074637,6.339262,8.620451
vib_ball_fault_007,LTTB_OFFLINE,57,0.111328,0.252232,1.624780,1.372548,5.441615
vib_ball_fault_007,LTTB_OFFLINE,58,0.113281,0.901434,6.422888,5.521455,6.125193
vib_ball_fault_007,LTTB_OFFLINE,59,0.115234,0.446933,2.205944,1.759011,3.935739
vib_ball_fault_007,LTTB_OFFLINE,60,0.117188,0.562458,5.508658,4.946200,8.793906
vib_ball_fault_007,LTTB_OFFLINE,61,0.119141,5.646411,5.556347,0.090065,0.015951
vib_ball_fault_007,LTTB_OFFLINE,62,0.121094,2.986362,5.891782,2.905421,0.972896
vib_ball_fault_007,LTTB_OFFLINE,63,0.123047,1.115669,4.034948,2.919279,2.616618
vib_ball_fault_007,LTTB_OFFLINE,64,0.125000,0.683547,5.026392,4.342845,6.353400
vib_ball_fault_007,LTTB_OFFLINE,65,0.126953,0.817564,0.897780,0.080216,0.098116
vib_ball_fault_007,LTTB_OFFLINE,66,0.128906,1.195333,6.511859,5.316525,4.447734
vib_ball_fault_007,LTTB_OFFLINE,67,0.130859,0.486144,6.428317,5.942173,12.223064
vib_ball_fault_007,LTTB_OFFLINE,68,0.132812,0.832522,3.627727,2.795205,3.357513
vib_ball_fault_007,LTTB_OFFLINE,69,0.134766,0.211531,2.032428,1.820897,8.608193
vib_ball_fault_007,LTTB_OFFLINE,70,0.136719,0.362501,3.913441,3.550940,9.795661
vib_ball_fault_007,LTTB_OFFLINE,71,0.138672,0.748591,1.810310,1.061719,1.418289
vib_ball_fault_007,LTTB_OFFLINE,72,0.140625,0.647845,3.856077,3.208233,4.952165
vib_ball_fault_007,LTTB_OFFLINE,73,0.142578,0.890065,3.466208,2.576143,2.894331
vib_ball_fault_007,LTTB_OFFLINE,74,0.144531,0.495458,2.001387,1.505929,3.039469
vib_ball_fault_007,LTTB_OFFLINE,75,0.146484,0.171670,6.565998,6.394328,37.247822
vib_ball_fault_007,LTTB_OFFLINE,76,0.148438,0.715545,5.951987,5.236442,7.318119
vib_ball_fault_007,LTTB_OFFLINE,77,0.150391,0.380730,2.466341,2.085611,5.477927
vib_ball_fault_007,LTTB_OFFLINE,78,0.152344,0.805102,5.498979,4.693877,5.830163
vib_ball_fault_007,LTTB_OFFLINE,79,0.154297,0.186029,3.398018,3.211990,17.266114
vib_ball_fault_007,LTTB_OFFLINE,80,0.156250,0.490412,4.311409,3.820997,7.791409
vib_ball_fault_007,LTTB_OFFLINE,81,0.158203,0.301721,3.169430,2.867710,9.504521
vib_ball_fault_007,LTTB_OFFLINE,82,0.160156,1.000487,3.116496,2.116010,2.114980
vib_ball_fault_007,LTTB_OFFLINE,83,0.162109,1.002187,1.252990,0.250804,0.250256
vib_ball_fault_007,LTTB_OFFLINE,84,0.164062,1.509678,2.143441,0.633763,0.419800
vib_ball_fault_007,LTTB_OFFLINE,85,0.166016,1.090112,3.141698,2.051586,1.881997
vib_ball_fault_007,LTTB_OFFLINE,86,0.167969,0.644161,2.934724,2.290563,3.555885
vib_ball_fault_007,LTTB_OFFLINE,87,0.169922,0.275917,4.994217,4.718301,17.100464
vib_ball_fault_007,LTTB_OFFLINE,88,0.171875,0.515612,1.493749,0.978136,1.897038
vib_ball_fault_007,LTTB_OFFLINE,89,0.173828,0.613206,2.036570,1.423364,2.321185
vib_ball_fault_007,LTTB_OFFLINE,90,0.175781,0.277794,1.923371,1.645577,5.923727
vib_ball_fault_007,LTTB_OFFLINE,91,0.177734,0.372177,1.793698,1.421521,3.819480
vib_ball_fault_007,LTTB_OFFLINE,92,0.179688,0.937339,2.618029,1.680690,1.793044
vib_ball_fault_007,LTTB_OFFLINE,93,0.181641,0.258339,0.868065,0.609726,2.360177
vib_ball_fault_007,LTTB_OFFLINE,94,0.183594,0.493402,3.357763,2.864360,5.805326
vib_ball_fault_007,LTTB_OFFLINE,95,0.185547,1.552467,4.397265,2.844798,1.832438
vib_ball_fault_007,LTTB_OFFLINE,96,0.187500,0.652505,3.439288,2.786783,4.270900
vib_ball_fault_007,LTTB_OFFLINE,97,0.189453,1.175682,1.896011,0.720330,0.612691
vib_ball_fault_007,LTTB_OFFLINE,98,0.191406,0.691022,6.624562,5.933540,8.586620
vib_ball_fault_007,LTTB_OFFLINE,99,0.193359,0.627664,1.138278,0.510615,0.813517
vib_ball_fault_007,LTTB_OFFLINE,100,0.195312,0.770469,3.407926,2.637457,3.423183
vib_ball_fault_007,LTTB_OFFLINE,101,0.197266,1.358176,4.168994,2.810818,2.069553
vib_ball_fault_007,LTTB_OFFLINE,102,0.199219,1.124311,2.563557,1.439246,1.280115
vib_ball_fault_007,LTTB_OFFLINE,103,0.201172,0.886868,3.272882,2.386015,2.690384
vib_ball_fault_007,LTTB_OFFLINE,104,0.203125,0.350709,3.188948,2.838239,8.092851
vib_ball_fault_007,LTTB_OFFLINE,105,0.205078,1.841475,1.800314,0.041161,0.022352
vib_ball_fault_007,LTTB_OFFLINE,106,0.207031,2.423362,2.882908,0.459546,0.189632
vib_ball_fault_007,LTTB_OFFLINE,107,0.208984,0.921083,1.842503,0.921420,1.000366
vib_ball_fault_007,LTTB_OFFLINE,108,0.210938,1.922456,1.044857,0.877599,0.456499
vib_ball_fault_007,LTTB_OFFLINE,109,0.212891,2.100101,3.973092,1.872992,0.891858
vib_ball_fault_007,LTTB_OFFLINE,110,0.214844,6.310087,5.866704,0.443383,0.070266
vib_ball_fault_007,LTTB_OFFLINE,111,0.216797,5.356774,5.380992,0.024218,0.004521
vib_ball_fault_007,LTTB_OFFLINE,112,0.218750,2.520591,1.669828,0.850762,0.337525
vib_ball_fault_007,LTTB_OFFLINE,113,0.220703,1.766034,1.974920,0.208886,0.118280
vib_ball_fault_007,LTTB_OFFLINE,114,0.222656,0.582792,2.536283,1.953490,3.351948
vib_ball_fault_007,LTTB_OFFLINE,115,0.224609,3.623630,5.268055,1.644426,0.453806
vib_ball_fault_007,LTTB_OFFLINE,116,0.226562,1.545802,1.129661,0.416141,0.269207
vib_ball_fault_007,LTTB_OFFLINE,117,0.228516,3.340758,4.233011,0.892252,0.267081
vib_ball_fault_007,LTTB_OFFLINE,118,0.230469,1.526600,1.307181,0.219420,0.143731
vib_ball_fault_007,LTTB_OFFLINE,119,0.232422,5.137473,4.231390,0.906083,0.176367
vib_ball_fault_007,LTTB_OFFLINE,120,0.234375,5.222805,3.664773,1.558033,0.298313
vib_ball_fault_007,LTTB_OFFLINE,121,0.236328,4.368708,5.401993,1.033285,0.236520
vib_ball_fault_007,LTTB_OFFLINE,122,0.238281,0.875290,1.028651,0.153361,0.175211
vib_ball_fault_007,LTTB_OFFLINE,123,0.240234,3.905376,2.455782,1.449593,0.371179
vib_ball_fault_007,LTTB_OFFLINE,124,0.242188,3.993066,2.938265,1.054801,0.264158
vib_ball_fault_007,LTTB_OFFLINE,125,0.244141,4.285002,2.998583,1.286419,0.300214
vib_ball_fault_007,LTTB_OFFLINE,126,0.246094,3.237565,2.173082,1.064483,0.328791
vib_ball_fault_007,LTTB_OFFLINE,127,0.248047,1.913312,1.418777,0.494535,0.258471
vib_ball_fault_007,LTTB_OFFLINE,128,0.250000,1.459021,0.105322,1.353699,0.927813
vib_ball_fault_007,LTTB_OFFLINE,129,0.251953,7.408932,2.710335,4.698597,0.634180
vib_ball_fault_007,LTTB_OFFLINE,130,0.253906,6.061039,2.582152,3.478888,0.573975
vib_ball_fault_007,LTTB_OFFLINE,131,0.255859,7.662296,4.477161,3.185135,0.415689
vib_ball_fault_007,LTTB_OFFLINE,132,0.257812,2.720331,0.873353,1.846978,0.678953
vib_ball_fault_007,LTTB_OFFLINE,133,0.259766,9.599675,4.960921,4.638754,0.483220
vib_ball_fault_007,LTTB_OFFLINE,134,0.261719,0.817238,0.665361,0.151878,0.185842
vib_ball_fault_007,LTTB_OFFLINE,135,0.263672,1.792130,1.490753,0.301377,0.168167
vib_ball_fault_007,LTTB_OFFLINE,136,0.265625,8.000534,4.847225,3.153310,0.394137
vib_ball_fault_007,LTTB_OFFLINE,137,0.267578,5.608067,3.002315,2.605752,0.464643
vib_ball_fault_007,LTTB_OFFLINE,138,0.269531,11.649537,5.979492,5.670045,0.486718
vib_ball_fault_007,LTTB_OFFLINE,139,0.271484,17.138452,8.793721,8.344731,0.486901
vib_ball_fault_007,LTTB_OFFLINE,140,0.273438,9.948547,4.240380,5.708167,0.573769
vib_ball_fault_007,LTTB_OFFLINE,141,0.275391,12.133403,5.423816,6.709587,0.552985
vib_ball_fault_007,LTTB_OFFLINE,142,0.277344,6.528485,2.265357,4.263129,0.653004
vib_ball_fault_007,LTTB_OFFLINE,143,0.279297,10.141688,4.141582,6.000106,0.591628
vib_ball_fault_007,LTTB_OFFLINE,144,0.281250,15.239611,6.917069,8.322542,0.546112
vib_ball_fault_007,LTTB_OFFLINE,145,0.283203,4.692909,3.102259,1.590651,0.338948
vib_ball_fault_007,LTTB_OFFLINE,146,0.285156,9.024755,4.732578,4.292177,0.475600
vib_ball_fault_007,LTTB_OFFLINE,147,0.287109,4.580509,1.791030,2.789479,0.608989
vib_ball_fault_007,LTTB_OFFLINE,148,0.289062,9.888461,4.028070,5.860391,0.592649
vib_ball_fault_007,LTTB_OFFLINE,149,0.291016,3.170464,0.644845,2.525619,0.796609
vib_ball_fault_007,LTTB_OFFLINE,150,0.292969,4.674288,2.322304,2.351983,0.503175
vib_ball_fault_007,LTTB_OFFLINE,151,0.294922,4.286725,2.260531,2.026194,0.472667
vib_ball_fault_007,LTTB_OFFLINE,152,0.296875,2.027559,1.544456,0.483102,0.238268
vib_ball_fault_007,LTTB_OFFLINE,153,0.298828,1.993740,1.225590,0.768150,0.385281
vib_ball_fault_007,LTTB_OFFLINE,154,0.300781,1.512757,0.720460,0.792297,0.523744
vib_ball_fault_007,LTTB_OFFLINE,155,0.302734,1.615945,0.879322,0.736623,0.455847
vib_ball_fault_007,LTTB_OFFLINE,156,0.304688,1.235732,1.481813,0.246081,0.199137
vib_ball_fault_007,LTTB_OFFLINE,157,0.306641,2.448072,1.328644,1.119429,0.457269
vib_ball_fault_007,LTTB_OFFLINE,158,0.308594,0.646057,0.859718,0.213661,0.330715
vib_ball_fault_007,LTTB_OFFLINE,159,0.310547,0.744653,0.947820,0.203166,0.272834
vib_ball_fault_007,LTTB_OFFLINE,160,0.312500,0.718285,0.305978,0.412306,0.574015
vib_ball_fault_007,LTTB_OFFLINE,161,0.314453,0.956967,1.054144,0.097176,0.101546
vib_ball_fault_007,LTTB_OFFLINE,162,0.316406,0.511647,0.779350,0.267703,0.523218
vib_ball_fault_007,LTTB_OFFLINE,163,0.318359,1.321126,1.672533,0.351407,0.265991
vib_ball_fault_007,LTTB_OFFLINE,164,0.320312,1.101447,1.207778,0.106331,0.096538
vib_ball_fault_007,LTTB_OFFLINE,165,0.322266,0.112397,0.678177,0.565780,5.033748
vib_ball_fault_007,LTTB_OFFLINE,166,0.324219,0.154276,0.287077,0.132800,0.860796
vib_ball_fault_007,LTTB_OFFLINE,167,0.326172,0.589603,0.470363,0.119241,0.202239
vib_ball_fault_007,LTTB_OFFLINE,168,0.328125,0.886817,0.524448,0.362369,0.408618
vib_ball_fault_007,LTTB_OFFLINE,169,0.330078,0.210321,0.656810,0.446489,2.122891
vib_ball_fault_007,LTTB_OFFLINE,170,0.332031,0.768548,1.115841,0.347292,0.451881
vib_ball_fault_007,LTTB_OFFLINE,171,0.333984,1.048546,0.817548,0.230998,0.220303
vib_ball_fault_007,LTTB_OFFLINE,172,0.335938,1.077137,0.997656,0.079481,0.073789
vib_ball_fault_007,LTTB_OFFLINE,173,0.337891,0.476621,1.064929,0.588309,1.234333
vib_ball_fault_007,LTTB_OFFLINE,174,0.339844,0.641769,0.996605,0.354836,0.552903
vib_ball_fault_007,LTTB_OFFLINE,175,0.341797,0.512796,1.000612,0.487816,0.951286
vib_ball_fault_007,LTTB_OFFLINE,176,0.343750,0.258567,1.345386,1.086819,4.203232
vib_ball_fault_007,LTTB_OFFLINE,177,0.345703,1.066850,1.476030,0.409180,0.383540
vib_ball_fault_007,LTTB_OFFLINE,178,0.347656,0.724029,1.291974,0.567944,0.784422
vib_ball_fault_007,LTTB_OFFLINE,179,0.349609,0.936456,0.880701,0.055756,0.059539
vib_ball_fault_007,LTTB_OFFLINE,180,0.351562,0.388630,1.169618,0.780987,2.009589
vib_ball_fault_007,LTTB_OFFLINE,181,0.353516,0.433663,0.656745,0.223082,0.514415
vib_ball_fault_007,LTTB_OFFLINE,182,0.355469,0.457849,1.311765,0.853915,1.865058
vib_ball_fault_007,LTTB_OFFLINE,183,0.357422,0.767189,1.241040,0.473852,0.617647
vib_ball_fault_007,LTTB_OFFLINE,184,0.359375,0.329296,0.732053,0.402756,1.223082
vib_ball_fault_007,LTTB_OFFLINE,185,0.361328,0.489422,0.363910,0.125512,0.256450
vib_ball_fault_007,LTTB_OFFLINE,186,0.363281,0.654922,0.239211,0.415710,0.634748
vib_ball_fault_007,LTTB_OFFLINE,187,0.365234,0.809438,0.934283,0.124845,0.154237
vib_ball_fault_007,LTTB_OFFLINE,188,0.367188,0.294337,0.252901,0.041436,0.140778
vib_ball_fault_007,LTTB_OFFLINE,189,0.369141,0.533232,0.290983,0.242249,0.454304
vib_ball_fault_007,LTTB_OFFLINE,190,0.371094,0.500814,0.999395,0.498581,0.995540
vib_ball_fault_007,LTTB_OFFLINE,191,0.373047,0.206372,1.466255,1.259883,6.104918
vib_ball_fault_007,LTTB_OFFLINE,192,0.375000,0.685171,0.897651,0.212480,0.310112
vib_ball_fault_007,LTTB_OFFLINE,193,0.376953,0.241415,0.524879,0.283464,1.174178
vib_ball_fault_007,LTTB_OFFLINE,194,0.378906,0.672614,0.703384,0.030770,0.045747
vib_ball_fault_007,LTTB_OFFLINE,195,0.380859,0.427477,0.722463,0.294986,0.690061
vib_ball_fault_007,LTTB_OFFLINE,196,0.382812,0.680404,1.440751,0.760347,1.117494
vib_ball_fault_007,LTTB_OFFLINE,197,0.384766,0.519642,0.394675,0.124967,0.240487
vib_ball_fault_007,LTTB_OFFLINE,198,0.386719,0.431324,0.385768,0.045556,0.105619
vib_ball_fault_007,LTTB_OFFLINE,199,0.388672,0.264999,0.466909,0.201909,0.761923
vib_ball_fault_007,LTTB_OFFLINE,200,0.390625,0.060435,0.736068,0.675633,11.179501
vib_ball_fault_007,LTTB_OFFLINE,201,0.392578,0.070110,0.913952,0.843842,12.035891
vib_ball_fault_007,LTTB_OFFLINE,202,0.394531,0.140289,1.696984,1.556695,11.096330
vib_ball_fault_007,LTTB_OFFLINE,203,0.396484,0.384147,0.465270,0.081123,0.211178
vib_ball_fault_007,LTTB_OFFLINE,204,0.398438,0.221646,0.336444,0.114798,0.517935
vib_ball_fault_007,LTTB_OFFLINE,205,0.400391,0.356149,0.113818,0.242331,0.680422
vib_ball_fault_007,LTTB_OFFLINE,206,0.402344,0.179974,0.864836,0.684863,3.805346
vib_ball_fault_007,LTTB_OFFLINE,207,0.404297,0.146380,0.894850,0.748470,5.113193
vib_ball_fault_007,LTTB_OFFLINE,208,0.406250,0.081681,0.122882,0.041201,0.504415
vib_ball_fault_007,LTTB_OFFLINE,209,0.408203,0.039138,0.087339,0.048201,1.231565
vib_ball_fault_007,LTTB_OFFLINE,210,0.410156,0.235297,0.230120,0.005177,0.022004
vib_ball_fault_007,LTTB_OFFLINE,211,0.412109,0.018664,0.793649,0.774985,41.522818
vib_ball_fault_007,LTTB_OFFLINE,212,0.414062,0.073391,1.098008,1.024617,13.961126
vib_ball_fault_007,LTTB_OFFLINE,213,0.416016,0.056515,1.555016,1.498501,26.515086
vib_ball_fault_007,LTTB_OFFLINE,214,0.417969,0.129316,0.939009,0.809693,6.261355
vib_ball_fault_007,LTTB_OFFLINE,215,0.419922,0.241778,0.753319,0.511541,2.115744
vib_ball_fault_007,LTTB_OFFLINE,216,0.421875,0.156313,0.419701,0.263388,1.685000
vib_ball_fault_007,LTTB_OFFLINE,217,0.423828,0.194453,0.267719,0.073266,0.376778
vib_ball_fault_007,LTTB_OFFLINE,218,0.425781,0.107030,0.436374,0.329344,3.077132
vib_ball_fault_007,LTTB_OFFLINE,219,0.427734,0.270330,1.169663,0.899333,3.326797
vib_ball_fault_007,LTTB_OFFLINE,220,0.429688,0.216455,0.292743,0.076288,0.352442
vib_ball_fault_007,LTTB_OFFLINE,221,0.431641,0.049712,0.439254,0.389542,7.835993
vib_ball_fault_007,LTTB_OFFLINE,222,0.433594,0.109717,0.578810,0.469093,4.275459
vib_ball_fault_007,LTTB_OFFLINE,223,0.435547,0.161465,0.419772,0.258306,1.599764
vib_ball_fault_007,LTTB_OFFLINE,224,0.437500,0.147490,0.666381,0.518890,3.518131
vib_ball_fault_007,LTTB_OFFLINE,225,0.439453,0.525664,1.122232,0.596568,1.134885
vib_ball_fault_007,LTTB_OFFLINE,226,0.441406,0.625717,0.238230,0.387487,0.619268
vib_ball_fault_007,LTTB_OFFLINE,227,0.443359,0.276749,0.212637,0.064113,0.231663
vib_ball_fault_007,LTTB_OFFLINE,228,0.445312,0.278101,1.082130,0.804030,2.891144
vib_ball_fault_007,LTTB_OFFLINE,229,0.447266,0.433084,0.959407,0.526323,1.215291
vib_ball_fault_007,LTTB_OFFLINE,230,0.449219,0.130927,0.667130,0.536203,4.095440
vib_ball_fault_007,LTTB_OFFLINE,231,0.451172,0.127026,0.436191,0.309165,2.433883
vib_ball_fault_007,LTTB_OFFLINE,232,0.453125,0.052249,1.268857,1.216608,23.285031
vib_ball_fault_007,LTTB_OFFLINE,233,0.455078,0.084483,0.876664,0.792181,9.376772
vib_ball_fault_007,LTTB_OFFLINE,234,0.457031,0.094270,0.519422,0.425152,4.509925
vib_ball_fault_007,LTTB_OFFLINE,235,0.458984,0.152561,0.279252,0.126691,0.830425
vib_ball_fault_007,LTTB_OFFLINE,236,0.460938,0.062338,0.619414,0.557076,8.936408
vib_ball_fault_007,LTTB_OFFLINE,237,0.462891,0.090563,0.597308,0.506745,5.595499
vib_ball_fault_007,LTTB_OFFLINE,238,0.464844,0.035513,0.388169,0.352657,9.930441
vib_ball_fault_007,LTTB_OFFLINE,239,0.466797,0.045959,0.297200,0.251241,5.466621
vib_ball_fault_007,LTTB_OFFLINE,240,0.468750,0.093455,0.289953,0.196499,2.102608
vib_ball_fault_007,LTTB_OFFLINE,241,0.470703,0.020362,1.071955,1.051593,51.645792
vib_ball_fault_007,LTTB_OFFLINE,242,0.472656,0.049226,0.433184,0.383958,7.799895
vib_ball_fault_007,LTTB_OFFLINE,243,0.474609,0.022808,0.275227,0.252419,11.067067
vib_ball_fault_007,LTTB_OFFLINE,244,0.476562,0.032437,0.286434,0.253998,7.830600
vib_ball_fault_007,LTTB_OFFLINE,245,0.478516,0.030420,0.136034,0.105613,3.471790
vib_ball_fault_007,LTTB_OFFLINE,246,0.480469,0.024950,0.296445,0.271495,10.881737
vib_ball_fault_007,LTTB_OFFLINE,247,0.482422,0.017517,0.613647,0.596130,34.031517
vib_ball_fault_007,LTTB_OFFLINE,248,0.484375,0.025402,0.613577,0.588175,23.154358
vib_ball_fault_007,LTTB_OFFLINE,249,0.486328,0.021463,0.613435,0.591972,27.580544
vib_ball_fault_007,LTTB_OFFLINE,250,0.488281,0.020313,0.356718,0.336405,16.561413
vib_ball_fault_007,LTTB_OFFLINE,251,0.490234,0.021108,0.307403,0.286295,13.563546
vib_ball_fault_007,LTTB_OFFLINE,252,0.492188,0.021634,0.463997,0.442363,20.447258
vib_ball_fault_007,LTTB_OFFLINE,253,0.494141,0.020428,0.311241,0.290812,14.235619
vib_ball_fault_007,LTTB_OFFLINE,254,0.496094,0.021278,0.538446,0.517168,24.305521
vib_ball_fault_007,LTTB_OFFLINE,255,0.498047,0.022097,0.734792,0.712695,32.253634
vib_ball_fault_007,IMP_INTERP_COMPOSITE,0,0.000000,8.428270,8.264124,0.164145,0.019476
vib_ball_fault_007,IMP_INTERP_COMPOSITE,1,0.001953,0.436876,0.338264,0.098612,0.225721
vib_ball_fault_007,IMP_INTERP_COMPOSITE,2,0.003906,0.422856,0.405926,0.016930,0.040037
vib_ball_fault_007,IMP_INTERP_COMPOSITE,3,0.005859,0.592334,0.900342,0.308008,0.519991
vib_ball_fault_007,IMP_INTERP_COMPOSITE,4,0.007812,0.593172,0.406289,0.186884,0.315058
vib_ball_fault_007,IMP_INTERP_COMPOSITE,5,0.009766,1.221952,1.441443,0.219491,0.179623
vib_ball_fault_007,IMP_INTERP_COMPOSITE,6,0.011719,1.191947,1.015879,0.176068,0.147715
vib_ball_fault_007,IMP_INTERP_COMPOSITE,7,0.013672,3.317356,2.937545,0.379811,0.114492
vib_ball_fault_007,IMP_INTERP_COMPOSITE,8,0.015625,1.255227,1.770229,0.515002,0.410286
vib_ball_fault_007,IMP_INTERP_COMPOSITE,9,0.017578,0.770580,0.879439,0.108859,0.141269
vib_ball_fault_007,IMP_INTERP_COMPOSITE,10,0.019531,0.351500,0.337642,0.013858,0.039425
vib_ball_fault_007,IMP_INTERP_COMPOSITE,11,0.021484,0.918262,1.818737,0.900475,0.980630
vib_ball_fault_007,IMP_INTERP_COMPOSITE,12,0.023438,0.565958,1.355593,0.789635,1.395218
vib_ball_fault_007,IMP_INTERP_COMPOSITE,13,0.025391,1.317900,1.517583,0.199683,0.151516
vib_ball_fault_007,IMP_INTERP_COMPOSITE,14,0.027344,1.144516,2.118394,0.973878,0.850908
vib_ball_fault_007,IMP_INTERP_COMPOSITE,15,0.029297,1.959400,2.285815,0.326415,0.166589
vib_ball_fault_007,IMP_INTERP_COMPOSITE,16,0.031250,1.721920,1.212480,0.509440,0.295856
vib_ball_fault_007,IMP_INTERP_COMPOSITE,17,0.033203,1.413466,1.223586,0.189880,0.134337
vib_ball_fault_007,IMP_INTERP_COMPOSITE,18,0.035156,0.706982,1.074956,0.367974,0.520485
vib_ball_fault_007,IMP_INTERP_COMPOSITE,19,0.037109,2.159925,2.663630,0.503705,0.233205
vib_ball_fault_007,IMP_INTERP_COMPOSITE,20,0.039062,1.439938,1.235160,0.204778,0.142213
vib_ball_fault_007,IMP_INTERP_COMPOSITE,21,0.041016,3.766634,4.738369,0.971735,0.257985
vib_ball_fault_007,IMP_INTERP_COMPOSITE,22,0.042969,1.879880,1.737170,0.142709,0.075914
vib_ball_fault_007,IMP_INTERP_COMPOSITE,23,0.044922,0.976606,1.294896,0.318290,0.325915
vib_ball_fault_007,IMP_INTERP_COMPOSITE,24,0.046875,0.899247,0.903352,0.004105,0.004565
vib_ball_fault_007,IMP_INTERP_COMPOSITE,25,0.048828,1.820906,2.391738,0.570832,0.313488
vib_ball_fault_007,IMP_INTERP_COMPOSITE,26,0.050781,0.375687,0.883297,0.507609,1.351148
vib_ball_fault_007,IMP_INTERP_COMPOSITE,27,0.052734,3.688105,3.274167,0.413938,0.112236
vib_ball_fault_007,IMP_INTERP_COMPOSITE,28,0.054688,1.700981,1.496623,0.204358,0.120141
vib_ball_fault_007,IMP_INTERP_COMPOSITE,29,0.056641,2.804094,3.501669,0.697574,0.248770
vib_ball_fault_007,IMP_INTERP_COMPOSITE,30,0.058594,2.044779,2.565913,0.521134,0.254861
vib_ball_fault_007,IMP_INTERP_COMPOSITE,31,0.060547,2.725456,2.362611,0.362845,0.133132
vib_ball_fault_007,IMP_INTERP_COMPOSITE,32,0.062500,1.233343,2.502085,1.268742,1.028702
vib_ball_fault_007,IMP_INTERP_COMPOSITE,33,0.064453,0.624853,1.797883,1.173030,1.877289
vib_ball_fault_007,IMP_INTERP_COMPOSITE,34,0.066406,0.193069,0.628393,0.435323,2.254752
vib_ball_fault_007,IMP_INTERP_COMPOSITE,35,0.068359,0.421951,1.877369,1.455418,3.449260
vib_ball_fault_007,IMP_INTERP_COMPOSITE,36,0.070312,1.708215,2.563700,0.855485,0.500806
vib_ball_fault_007,IMP_INTERP_COMPOSITE,37,0.072266,0.085410,0.223625,0.138215,1.618259
vib_ball_fault_007,IMP_INTERP_COMPOSITE,38,0.074219,1.009150,2.158413,1.149263,1.138843
vib_ball_fault_007,IMP_INTERP_COMPOSITE,39,0.076172,1.373544,1.977016,0.603472,0.439354
vib_ball_fault_007,IMP_INTERP_COMPOSITE,40,0.078125,0.939199,1.708418,0.769219,0.819016
vib_ball_fault_007,IMP_INTERP_COMPOSITE,41,0.080078,0.833004,0.328007,0.504997,0.606236
vib_ball_fault_007,IMP_INTERP_COMPOSITE,42,0.082031,1.277469,1.225436,0.052033,0.040731
vib_ball_fault_007,IMP_INTERP_COMPOSITE,43,0.083984,0.780173,1.517075,0.736902,0.944536
vib_ball_fault_007,IMP_INTERP_COMPOSITE,44,0.085938,1.296063,1.223846,0.072218,0.055721
vib_ball_fault_007,IMP_INTERP_COMPOSITE,45,0.087891,1.700546,0.913678,0.786868,0.462715
vib_ball_fault_007,IMP_INTERP_COMPOSITE,46,0.089844,0.571218,1.290691,0.719473,1.259541
vib_ball_fault_007,IMP_INTERP_COMPOSITE,47,0.091797,3.651811,3.353705,0.298106,0.081632
vib_ball_fault_007,IMP_INTERP_COMPOSITE,48,0.093750,1.489208,2.234837,0.745630,0.500689
vib_ball_fault_007,IMP_INTERP_COMPOSITE,49,0.095703,0.889957,0.989480,0.099523,0.111830
vib_ball_fault_007,IMP_INTERP_COMPOSITE,50,0.097656,0.308051,0.905846,0.597795,1.940572
vib_ball_fault_007,IMP_INTERP_COMPOSITE,51,0.099609,1.375422,1.761237,0.385815,0.280506
vib_ball_fault_007,IMP_INTERP_COMPOSITE,52,0.101562,0.517315,0.582858,0.065543,0.126699
vib_ball_fault_007,IMP_INTERP_COMPOSITE,53,0.103516,0.485327,0.629314,0.143987,0.296680
vib_ball_fault_007,IMP_INTERP_COMPOSITE,54,0.105469,0.506496,0.275543,0.230953,0.455983
vib_ball_fault_007,IMP_INTERP_COMPOSITE,55,0.107422,0.253174,1.147523,0.894349,3.532547
vib_ball_fault_007,IMP_INTERP_COMPOSITE,56,0.109375,0.735375,1.552895,0.817520,1.111705
vib_ball_fault_007,IMP_INTERP_COMPOSITE,57,0.111328,0.252232,0.542655,0.290423,1.151414
vib_ball_fault_007,IMP_INTERP_COMPOSITE,58,0.113281,0.901434,1.040189,0.138755,0.153927
vib_ball_fault_007,IMP_INTERP_COMPOSITE,59,0.115234,0.446933,1.280097,0.833164,1.864182
vib_ball_fault_007,IMP_INTERP_COMPOSITE,60,0.117188,0.562458,0.808621,0.246163,0.437656
vib_ball_fault_007,IMP_INTERP_COMPOSITE,61,0.119141,5.646411,6.210330,0.563919,0.099872
vib_ball_fault_007,IMP_INTERP_COMPOSITE,62,0.121094,2.986362,3.098322,0.111960,0.037490
vib_ball_fault_007,IMP_INTERP_COMPOSITE,63,0.123047,1.115669,1.233319,0.117650,0.105453
vib_ball_fault_007,IMP_INTERP_COMPOSITE,64,0.125000,0.683547,1.404027,0.720481,1.054033
vib_ball_fault_007,IMP_INTERP_COMPOSITE,65,0.126953,0.817564,0.905500,0.087936,0.107559
vib_ball_fault_007,IMP_INTERP_COMPOSITE,66,0.128906,1.195333,0.807676,0.387657,0.324309
vib_ball_fault_007,IMP_INTERP_COMPOSITE,67,0.130859,0.486144,1.165727,0.679583,1.397903
vib_ball_fault_007,IMP_INTERP_COMPOSITE,68,0.132812,0.832522,0.499011,0.333512,0.400604
vib_ball_fault_007,IMP_INTERP_COMPOSITE,69,0.134766,0.211531,0.421320,0.209789,0.991768
vib_ball_fault_007,IMP_INTERP_COMPOSITE,70,0.136719,0.362501,0.297888,0.064613,0.178243
vib_ball_fault_007,IMP_INTERP_COMPOSITE,71,0.138672,0.748591,0.734118,0.014473,0.019334
vib_ball_fault_007,IMP_INTERP_COMPOSITE,72,0.140625,0.647845,0.925563,0.277718,0.428681
vib_ball_fault_007,IMP_INTERP_COMPOSITE,73,0.142578,0.890065,1.329675,0.439610,0.493907
vib_ball_fault_007,IMP_INTERP_COMPOSITE,74,0.144531,0.495458,0.235033,0.260425,0.525624
vib_ball_fault_007,IMP_INTERP_COMPOSITE,75,0.146484,0.171670,0.429875,0.258206,1.504082
vib_ball_fault_007,IMP_INTERP_COMPOSITE,76,0.148438,0.715545,0.976719,0.261174,0.365000
vib_ball_fault_007,IMP_INTERP_COMPOSITE,77,0.150391,0.380730,0.640507,0.259778,0.682315
vib_ball_fault_007,IMP_INTERP_COMPOSITE,78,0.152344,0.805102,1.644872,0.839769,1.043059
vib_ball_fault_007,IMP_INTERP_COMPOSITE,79,0.154297,0.186029,0.453854,0.267826,1.439702
vib_ball_fault_007,IMP_INTERP_COMPOSITE,80,0.156250,0.490412,1.055893,0.565482,1.153076
vib_ball_fault_007,IMP_INTERP_COMPOSITE,81,0.158203,0.301721,1.421592,1.119871,3.711616
vib_ball_fault_007,IMP_INTERP_COMPOSITE,82,0.160156,1.000487,1.830389,0.829902,0.829498
vib_ball_fault_007,IMP_INTERP_COMPOSITE,83,0.162109,1.002187,2.942297,1.940110,1.935877
vib_ball_fault_007,IMP_INTERP_COMPOSITE,84,0.164062,1.509678,1.191715,0.317963,0.210616
vib_ball_fault_007,IMP_INTERP_COMPOSITE,85,0.166016,1.090112,2.112863,1.022751,0.938208
vib_ball_fault_007,IMP_INTERP_COMPOSITE,86,0.167969,0.644161,1.129815,0.485654,0.753933
vib_ball_fault_007,IMP_INTERP_COMPOSITE,87,0.169922,0.275917,0.767210,0.491293,1.780586
vib_ball_fault_007,IMP_INTERP_COMPOSITE,88,0.171875,0.515612,1.242493,0.726881,1.409742
vib_ball_fault_007,IMP_INTERP_COMPOSITE,89,0.173828,0.613206,1.981873,1.368667,2.231986
vib_ball_fault_007,IMP_INTERP_COMPOSITE,90,0.175781,0.277794,0.542910,0.265116,0.954363
vib_ball_fault_007,IMP_INTERP_COMPOSITE,91,0.177734,0.372177,1.106119,0.733942,1.972027
vib_ball_fault_007,IMP_INTERP_COMPOSITE,92,0.179688,0.937339,1.744953,0.807614,0.861602
vib_ball_fault_007,IMP_INTERP_COMPOSITE,93,0.181641,0.258339,0.641265,0.382926,1.482263
vib_ball_fault_007,IMP_INTERP_COMPOSITE,94,0.183594,0.493402,0.238270,0.255132,0.517087
vib_ball_fault_007,IMP_INTERP_COMPOSITE,95,0.185547,1.552467,2.779839,1.227373,0.790595
vib_ball_fault_007,IMP_INTERP_COMPOSITE,96,0.187500,0.652505,0.685434,0.032929,0.050465
vib_ball_fault_007,IMP_INTERP_COMPOSITE,97,0.189453,1.175682,1.765848,0.590166,0.501978
vib_ball_fault_007,IMP_INTERP_COMPOSITE,98,0.191406,0.691022,3.267361,2.576339,3.728305
vib_ball_fault_007,IMP_INTERP_COMPOSITE,99,0.193359,0.627664,1.710633,1.082969,1.725397
vib_ball_fault_007,IMP_INTERP_COMPOSITE,100,0.195312,0.770469,0.214959,0.555510,0.721002
vib_ball_fault_007,IMP_INTERP_COMPOSITE,101,0.197266,1.358176,0.799381,0.558795,0.411431
vib_ball_fault_007,IMP_INTERP_COMPOSITE,102,0.199219,1.124311,0.707080,0.417231,0.371099
vib_ball_fault_007,IMP_INTERP_COMPOSITE,103,0.201172,0.886868,0.699331,0.187536,0.211459
vib_ball_fault_007,IMP_INTERP_COMPOSITE,104,0.203125,0.350709,1.304678,0.953968,2.720110
vib_ball_fault_007,IMP_INTERP_COMPOSITE,105,0.205078,1.841475,1.955160,0.113685,0.061736
vib_ball_fault_007,IMP_INTERP_COMPOSITE,106,0.207031,2.423362,1.543535,0.879827,0.363060
vib_ball_fault_007,IMP_INTERP_COMPOSITE,107,0.208984,0.921083,0.954957,0.033874,0.036776
vib_ball_fault_007,IMP_INTERP_COMPOSITE,108,0.210938,1.922456,1.152516,0.769940,0.400498
vib_ball_fault_007,IMP_INTERP_COMPOSITE,109,0.212891,2.100101,2.601104,0.501004,0.238562
vib_ball_fault_007,IMP_INTERP_COMPOSITE,110,0.214844,6.310087,5.320234,0.989853,0.156868
vib_ball_fault_007,IMP_INTERP_COMPOSITE,111,0.216797,5.356774,3.746866,1.609908,0.300537
vib_ball_fault_007,IMP_INTERP_COMPOSITE,112,0.218750,2.520591,1.823191,0.697400,0.276681
vib_ball_fault_007,IMP_INTERP_COMPOSITE,113,0.220703,1.766034,1.745946,0.020088,0.011375
vib_ball_fault_007,IMP_INTERP_COMPOSITE,114,0.222656,0.582792,0.497946,0.084847,0.145586
vib_ball_fault_007,IMP_INTERP_COMPOSITE,115,0.224609,3.623630,3.411926,0.211704,0.058423
vib_ball_fault_007,IMP_INTERP_COMPOSITE,116,0.226562,1.545802,1.785034,0.239231,0.154762
vib_ball_fault_007,IMP_INTERP_COMPOSITE,117,0.228516,3.340758,3.376677,0.035918,0.010752
vib_ball_fault_007,IMP_INTERP_COMPOSITE,118,0.230469,1.526600,1.938021,0.411421,0.269501
vib_ball_fault_007,IMP_INTERP_COMPOSITE,119,0.232422,5.137473,5.435296,0.297823,0.057971
vib_ball_fault_007,IMP_INTERP_COMPOSITE,120,0.234375,5.222805,5.104394,0.118412,0.022672
vib_ball_fault_007,IMP_INTERP_COMPOSITE,121,0.236328,4.368708,3.770308,0.598400,0.136974
vib_ball_fault_007,IMP_INTERP_COMPOSITE,122,0.238281,0.875290,0.928447,0.053157,0.060730
vib_ball_fault_007,IMP_INTERP_COMPOSITE,123,0.240234,3.905376,4.286836,0.381460,0.097676
vib_ball_fault_007,IMP_INTERP_COMPOSITE,124,0.242188,3.993066,3.760113,0.232953,0.058339
vib_ball_fault_007,IMP_INTERP_COMPOSITE,125,0.244141,4.285002,4.103119,0.181884,0.042447
vib_ball_fault_007,IMP_INTERP_COMPOSITE,126,0.246094,3.237565,3.615086,0.377521,0.116607
vib_ball_fault_007,IMP_INTERP_COMPOSITE,127,0.248047,1.913312,2.371907,0.458595,0.239687
vib_ball_fault_007,IMP_INTERP_COMPOSITE,128,0.250000,1.459021,1.447814,0.011207,0.007681
vib_ball_fault_007,IMP_INTERP_COMPOSITE,129,0.251953,7.408932,7.968435,0.559502,0.075517
vib_ball_fault_007,IMP_INTERP_COMPOSITE,130,0.253906,6.061039,4.558342,1.502698,0.247927
vib_ball_fault_007,IMP_INTERP_COMPOSITE,131,0.255859,7.662296,6.719875,0.942422,0.122995
vib_ball_fault_007,IMP_INTERP_COMPOSITE,132,0.257812,2.720331,2.692487,0.027844,0.010236
vib_ball_fault_007,IMP_INTERP_COMPOSITE,133,0.259766,9.599675,9.511656,0.088020,0.009169
vib_ball_fault_007,IMP_INTERP_COMPOSITE,134,0.261719,0.817238,1.201563,0.384325,0.470272
vib_ball_fault_007,IMP_INTERP_COMPOSITE,135,0.263672,1.792130,1.578277,0.213853,0.119329
vib_ball_fault_007,IMP_INTERP_COMPOSITE,136,0.265625,8.000534,7.760929,0.239606,0.029949
vib_ball_fault_007,IMP_INTERP_COMPOSITE,137,0.267578,5.608067,6.291408,0.683342,0.121850
vib_ball_fault_007,IMP_INTERP_COMPOSITE,138,0.269531,11.649537,10.564328,1.085209,0.093155
vib_ball_fault_007,IMP_INTERP_COMPOSITE,139,0.271484,17.138452,16.819895,0.318558,0.018587
vib_ball_fault_007,IMP_INTERP_COMPOSITE,140,0.273438,9.948547,9.567571,0.380976,0.038295
vib_ball_fault_007,IMP_INTERP_COMPOSITE,141,0.275391,12.133403,12.051220,0.082183,0.006773
vib_ball_fault_007,IMP_INTERP_COMPOSITE,142,0.277344,6.528485,7.613568,1.085083,0.166207
vib_ball_fault_007,IMP_INTERP_COMPOSITE,143,0.279297,10.141688,9.808717,0.332970,0.032832
vib_ball_fault_007,IMP_INTERP_COMPOSITE,144,0.281250,15.239611,13.329979,1.909631,0.125307
vib_ball_fault_007,IMP_INTERP_COMPOSITE,145,0.283203,4.692909,4.776628,0.083719,0.017839
vib_ball_fault_007,IMP_INTERP_COMPOSITE,146,0.285156,9.024755,7.065523,1.959232,0.217095
vib_ball_fault_007,IMP_INTERP_COMPOSITE,147,0.287109,4.580509,2.523568,2.056941,0.449064
vib_ball_fault_007,IMP_INTERP_COMPOSITE,148,0.289062,9.888461,8.429073,1.459388,0.147585
vib_ball_fault_007,IMP_INTERP_COMPOSITE,149,0.291016,3.170464,3.211149,0.040685,0.012832
vib_ball_fault_007,IMP_INTERP_COMPOSITE,150,0.292969,4.674288,3.659104,1.015183,0.217185
vib_ball_fault_007,IMP_INTERP_COMPOSITE,151,0.294922,4.286725,3.306609,0.980116,0.228640
vib_ball_fault_007,IMP_INTERP_COMPOSITE,152,0.296875,2.027559,1.620929,0.406629,0.200551
vib_ball_fault_007,IMP_INTERP_COMPOSITE,153,0.298828,1.993740,1.582857,0.410883,0.206087
vib_ball_fault_007,IMP_INTERP_COMPOSITE,154,0.300781,1.512757,1.983116,0.470360,0.310929
vib_ball_fault_007,IMP_INTERP_COMPOSITE,155,0.302734,1.615945,0.936813,0.679132,0.420270
vib_ball_fault_007,IMP_INTERP_COMPOSITE,156,0.304688,1.235732,1.038857,0.196875,0.159318
vib_ball_fault_007,IMP_INTERP_COMPOSITE,157,0.306641,2.448072,2.115733,0.332340,0.135756
vib_ball_fault_007,IMP_INTERP_COMPOSITE,158,0.308594,0.646057,0.446823,0.199234,0.308384
vib_ball_fault_007,IMP_INTERP_COMPOSITE,159,0.310547,0.744653,0.695000,0.049653,0.066680
vib_ball_fault_007,IMP_INTERP_COMPOSITE,160,0.312500,0.718285,0.953339,0.235054,0.327244
vib_ball_fault_007,IMP_INTERP_COMPOSITE,161,0.314453,0.956967,1.175829,0.218862,0.228703
vib_ball_fault_007,IMP_INTERP_COMPOSITE,162,0.316406,0.511647,0.038830,0.472817,0.924108
vib_ball_fault_007,IMP_INTERP_COMPOSITE,163,0.318359,1.321126,2.194135,0.873010,0.660807
vib_ball_fault_007,IMP_INTERP_COMPOSITE,164,0.320312,1.101447,0.898376,0.203071,0.184367
vib_ball_fault_007,IMP_INTERP_COMPOSITE,165,0.322266,0.112397,0.431896,0.319499,2.842581
vib_ball_fault_007,IMP_INTERP_COMPOSITE,166,0.324219,0.154276,0.308882,0.154605,1.002133
vib_ball_fault_007,IMP_INTERP_COMPOSITE,167,0.326172,0.589603,0.889626,0.300023,0.508856
vib_ball_fault_007,IMP_INTERP_COMPOSITE,168,0.328125,0.886817,0.426875,0.459942,0.518644
vib_ball_fault_007,IMP_INTERP_COMPOSITE,169,0.330078,0.210321,0.597276,0.386955,1.839827
vib_ball_fault_007,IMP_INTERP_COMPOSITE,170,0.332031,0.768548,0.885632,0.117083,0.152344
vib_ball_fault_007,IMP_INTERP_COMPOSITE,171,0.333984,1.048546,0.668304,0.380242,0.362638
vib_ball_fault_007,IMP_INTERP_COMPOSITE,172,0.335938,1.077137,1.791055,0.713918,0.662792
vib_ball_fault_007,IMP_INTERP_COMPOSITE,173,0.337891,0.476621,1.749801,1.273181,2.671266
vib_ball_fault_007,IMP_INTERP_COMPOSITE,174,0.339844,0.641769,0.225757,0.416012,0.648227
vib_ball_fault_007,IMP_INTERP_COMPOSITE,175,0.341797,0.512796,0.466401,0.046395,0.090475
vib_ball_fault_007,IMP_INTERP_COMPOSITE,176,0.343750,0.258567,0.345967,0.087400,0.338015
vib_ball_fault_007,IMP_INTERP_COMPOSITE,177,0.345703,1.066850,0.754647,0.312202,0.292640
vib_ball_fault_007,IMP_INTERP_COMPOSITE,178,0.347656,0.724029,1.382479,0.658450,0.909425
vib_ball_fault_007,IMP_INTERP_COMPOSITE,179,0.349609,0.936456,0.371854,0.564603,0.602914
vib_ball_fault_007,IMP_INTERP_COMPOSITE,180,0.351562,0.388630,1.569682,1.181051,3.039009
vib_ball_fault_007,IMP_INTERP_COMPOSITE,181,0.353516,0.433663,0.538287,0.104624,0.241257
vib_ball_fault_007,IMP_INTERP_COMPOSITE,182,0.355469,0.457849,1.352592,0.894743,1.954231
vib_ball_fault_007,IMP_INTERP_COMPOSITE,183,0.357422,0.767189,0.312135,0.455053,0.593144
vib_ball_fault_007,IMP_INTERP_COMPOSITE,184,0.359375,0.329296,0.535226,0.205930,0.625363
vib_ball_fault_007,IMP_INTERP_COMPOSITE,185,0.361328,0.489422,0.595688,0.106266,0.217126
vib_ball_fault_007,IMP_INTERP_COMPOSITE,186,0.363281,0.654922,0.481696,0.173225,0.264498
vib_ball_fault_007,IMP_INTERP_COMPOSITE,187,0.365234,0.809438,0.092892,0.716546,0.885239
vib_ball_fault_007,IMP_INTERP_COMPOSITE,188,0.367188,0.294337,0.902061,0.607724,2.064723
vib_ball_fault_007,IMP_INTERP_COMPOSITE,189,0.369141,0.533232,0.445580,0.087652,0.164378
vib_ball_fault_007,IMP_INTERP_COMPOSITE,190,0.371094,0.500814,1.028182,0.527368,1.053020
vib_ball_fault_007,IMP_INTERP_COMPOSITE,191,0.373047,0.206372,1.291296,1.084924,5.257132
vib_ball_fault_007,IMP_INTERP_COMPOSITE,192,0.375000,0.685171,1.430315,0.745143,1.087529
vib_ball_fault_007,IMP_INTERP_COMPOSITE,193,0.376953,0.241415,1.136114,0.894699,3.706065
vib_ball_fault_007,IMP_INTERP_COMPOSITE,194,0.378906,0.672614,0.622012,0.050602,0.075231
vib_ball_fault_007,IMP_INTERP_COMPOSITE,195,0.380859,0.427477,0.888621,0.461143,1.078754
vib_ball_fault_007,IMP_INTERP_COMPOSITE,196,0.382812,0.680404,0.888467,0.208064,0.305794
vib_ball_fault_007,IMP_INTERP_COMPOSITE,197,0.384766,0.519642,0.448817,0.070825,0.136295
vib_ball_fault_007,IMP_INTERP_COMPOSITE,198,0.386719,0.431324,0.220078,0.211245,0.489761
vib_ball_fault_007,IMP_INTERP_COMPOSITE,199,0.388672,0.264999,0.654693,0.389693,1.470544
vib_ball_fault_007,IMP_INTERP_COMPOSITE,200,0.390625,0.060435,0.173046,0.112611,1.863345
vib_ball_fault_007,IMP_INTERP_COMPOSITE,201,0.392578,0.070110,0.492205,0.422094,6.020420
vib_ball_fault_007,IMP_INTERP_COMPOSITE,202,0.394531,0.140289,0.612114,0.471825,3.363233
vib_ball_fault_007,IMP_INTERP_COMPOSITE,203,0.396484,0.384147,0.988085,0.603938,1.572152
vib_ball_fault_007,IMP_INTERP_COMPOSITE,204,0.398438,0.221646,0.315879,0.094234,0.425153
vib_ball_fault_007,IMP_INTERP_COMPOSITE,205,0.400391,0.356149,0.384265,0.028116,0.078944
vib_ball_fault_007,IMP_INTERP_COMPOSITE,206,0.402344,0.179974,0.762027,0.582053,3.234098
vib_ball_fault_007,IMP_INTERP_COMPOSITE,207,0.404297,0.146380,1.206678,1.060297,7.243450
vib_ball_fault_007,IMP_INTERP_COMPOSITE,208,0.406250,0.081681,0.621214,0.539533,6.605371
vib_ball_fault_007,IMP_INTERP_COMPOSITE,209,0.408203,0.039138,0.371435,0.332297,8.490407
vib_ball_fault_007,IMP_INTERP_COMPOSITE,210,0.410156,0.235297,1.061799,0.826503,3.512594
vib_ball_fault_007,IMP_INTERP_COMPOSITE,211,0.412109,0.018664,0.780808,0.762144,40.834798
vib_ball_fault_007,IMP_INTERP_COMPOSITE,212,0.414062,0.073391,0.502750,0.429359,5.850321
vib_ball_fault_007,IMP_INTERP_COMPOSITE,213,0.416016,0.056515,0.783374,0.726859,12.861339
vib_ball_fault_007,IMP_INTERP_COMPOSITE,214,0.417969,0.129316,0.289634,0.160318,1.239736
vib_ball_fault_007,IMP_INTERP_COMPOSITE,215,0.419922,0.241778,0.712882,0.471104,1.948497
vib_ball_fault_007,IMP_INTERP_COMPOSITE,216,0.421875,0.156313,0.416117,0.259804,1.662070
vib_ball_fault_007,IMP_INTERP_COMPOSITE,217,0.423828,0.194453,0.543760,0.349307,1.796352
vib_ball_fault_007,IMP_INTERP_COMPOSITE,218,0.425781,0.107030,0.245455,0.138425,1.293332
vib_ball_fault_007,IMP_INTERP_COMPOSITE,219,0.427734,0.270330,0.598731,0.328401,1.214813
vib_ball_fault_007,IMP_INTERP_COMPOSITE,220,0.429688,0.216455,0.636417,0.419962,1.940177
vib_ball_fault_007,IMP_INTERP_COMPOSITE,221,0.431641,0.049712,0.889412,0.839700,16.891334
vib_ball_fault_007,IMP_INTERP_COMPOSITE,222,0.433594,0.109717,0.426216,0.316499,2.884669
vib_ball_fault_007,IMP_INTERP_COMPOSITE,223,0.435547,0.161465,0.251645,0.090179,0.558506
vib_ball_fault_007,IMP_INTERP_COMPOSITE,224,0.437500,0.147490,0.458776,0.311286,2.110549
vib_ball_fault_007,IMP_INTERP_COMPOSITE,225,0.439453,0.525664,0.664778,0.139114,0.264643
vib_ball_fault_007,IMP_INTERP_COMPOSITE,226,0.441406,0.625717,1.553511,0.927794,1.482769
vib_ball_fault_007,IMP_INTERP_COMPOSITE,227,0.443359,0.276749,0.491472,0.214723,0.775875
vib_ball_fault_007,IMP_INTERP_COMPOSITE,228,0.445312,0.278101,0.448670,0.170569,0.613335
vib_ball_fault_007,IMP_INTERP_COMPOSITE,229,0.447266,0.433084,0.712083,0.278999,0.644214
vib_ball_fault_007,IMP_INTERP_COMPOSITE,230,0.449219,0.130927,0.317872,0.186945,1.427861
vib_ball_fault_007,IMP_INTERP_COMPOSITE,231,0.451172,0.127026,0.314368,0.187342,1.474837
vib_ball_fault_007,IMP_INTERP_COMPOSITE,232,0.453125,0.052249,0.716733,0.664484,12.717766
vib_ball_fault_007,IMP_INTERP_COMPOSITE,233,0.455078,0.084483,0.675689,0.591206,6.997900
vib_ball_fault_007,IMP_INTERP_COMPOSITE,234,0.457031,0.094270,0.254635,0.160365,1.701119
vib_ball_fault_007,IMP_INTERP_COMPOSITE,235,0.458984,0.152561,0.151899,0.000662,0.004339
vib_ball_fault_007,IMP_INTERP_COMPOSITE,236,0.460938,0.062338,0.552087,0.489749,7.856366
vib_ball_fault_007,IMP_INTERP_COMPOSITE,237,0.462891,0.090563,0.814484,0.723921,7.993567
vib_ball_fault_007,IMP_INTERP_COMPOSITE,238,0.464844,0.035513,0.259429,0.223916,6.305250
vib_ball_fault_007,IMP_INTERP_COMPOSITE,239,0.466797,0.045959,0.658954,0.612995,13.337826
vib_ball_fault_007,IMP_INTERP_COMPOSITE,240,0.468750,0.093455,0.124532,0.031077,0.332539
vib_ball_fault_007,IMP_INTERP_COMPOSITE,241,0.470703,0.020362,0.188558,0.168196,8.260436
vib_ball_fault_007,IMP_INTERP_COMPOSITE,242,0.472656,0.049226,0.762493,0.713267,14.489615
vib_ball_fault_007,IMP_INTERP_COMPOSITE,243,0.474609,0.022808,0.841788,0.818980,35.907353
vib_ball_fault_007,IMP_INTERP_COMPOSITE,244,0.476562,0.032437,0.307159,0.274723,8.469538
vib_ball_fault_007,IMP_INTERP_COMPOSITE,245,0.478516,0.030420,0.507831,0.477411,15.693761
vib_ball_fault_007,IMP_INTERP_COMPOSITE,246,0.480469,0.024950,0.132116,0.107167,4.295317
vib_ball_fault_007,IMP_INTERP_COMPOSITE,247,0.482422,0.017517,0.363229,0.345712,19.735834
vib_ball_fault_007,IMP_INTERP_COMPOSITE,248,0.484375,0.025402,1.227354,1.201951,47.316582
vib_ball_fault_007,IMP_INTERP_COMPOSITE,249,0.486328,0.021463,0.680769,0.659306,30.717695
vib_ball_fault_007,IMP_INTERP_COMPOSITE,250,0.488281,0.020313,0.385845,0.365532,17.995351
vib_ball_fault_007,IMP_INTERP_COMPOSITE,251,0.490234,0.021108,0.276650,0.255542,12.106567
vib_ball_fault_007,IMP_INTERP_COMPOSITE,252,0.492188,0.021634,0.667528,0.645893,29.855014
vib_ball_fault_007,IMP_INTERP_COMPOSITE,253,0.494141,0.020428,0.540722,0.520294,25.469017
vib_ball_fault_007,IMP_INTERP_COMPOSITE,254,0.496094,0.021278,0.761446,0.740168,34.785962
vib_ball_fault_007,IMP_INTERP_COMPOSITE,255,0.498047,0.022097,0.555663,0.533566,24.146998
