signal,method,bin,norm_freq,magnitude
vib_normal_0hp,ORIGINAL,0,0,6.93605
vib_normal_0hp,ORIGINAL,1,0.00195312,0.467408
vib_normal_0hp,ORIGINAL,2,0.00390625,4.45211
vib_normal_0hp,ORIGINAL,3,0.00585938,1.9114
vib_normal_0hp,ORIGINAL,4,0.0078125,4.78889
vib_normal_0hp,ORIGINAL,5,0.00976562,1.21964
vib_normal_0hp,ORIGINAL,6,0.0117188,3.61008
vib_normal_0hp,ORIGINAL,7,0.0136719,11.76
vib_normal_0hp,ORIGINAL,8,0.015625,0.453676
vib_normal_0hp,ORIGINAL,9,0.0175781,2.54244
vib_normal_0hp,ORIGINAL,10,0.0195312,2.05673
vib_normal_0hp,ORIGINAL,11,0.0214844,1.78662
vib_normal_0hp,ORIGINAL,12,0.0234375,3.57847
vib_normal_0hp,ORIGINAL,13,0.0253906,0.837006
vib_normal_0hp,ORIGINAL,14,0.0273438,0.576944
vib_normal_0hp,ORIGINAL,15,0.0292969,4.74368
vib_normal_0hp,ORIGINAL,16,0.03125,0.94799
vib_normal_0hp,ORIGINAL,17,0.0332031,1.41315
vib_normal_0hp,ORIGINAL,18,0.0351562,0.438342
vib_normal_0hp,ORIGINAL,19,0.0371094,0.889238
vib_normal_0hp,ORIGINAL,20,0.0390625,0.249758
vib_normal_0hp,ORIGINAL,21,0.0410156,0.750516
vib_normal_0hp,ORIGINAL,22,0.0429688,0.391957
vib_normal_0hp,ORIGINAL,23,0.0449219,0.348913
vib_normal_0hp,ORIGINAL,24,0.046875,0.510972
vib_normal_0hp,ORIGINAL,25,0.0488281,0.395898
vib_normal_0hp,ORIGINAL,26,0.0507812,0.752021
vib_normal_0hp,ORIGINAL,27,0.0527344,0.678608
vib_normal_0hp,ORIGINAL,28,0.0546875,3.81157
vib_normal_0hp,ORIGINAL,29,0.0566406,3.92867
vib_normal_0hp,ORIGINAL,30,0.0585938,1.45444
vib_normal_0hp,ORIGINAL,31,0.0605469,3.6787
vib_normal_0hp,ORIGINAL,32,0.0625,0.843138
vib_normal_0hp,ORIGINAL,33,0.0644531,0.284985
vib_normal_0hp,ORIGINAL,34,0.0664062,1.36392
vib_normal_0hp,ORIGINAL,35,0.0683594,2.737
vib_normal_0hp,ORIGINAL,36,0.0703125,2.39324
vib_normal_0hp,ORIGINAL,37,0.0722656,2.02265
vib_normal_0hp,ORIGINAL,38,0.0742188,0.814021
vib_normal_0hp,ORIGINAL,39,0.0761719,1.43274
vib_normal_0hp,ORIGINAL,40,0.078125,0.539235
vib_normal_0hp,ORIGINAL,41,0.0800781,2.02553
vib_normal_0hp,ORIGINAL,42,0.0820312,2.38293
vib_normal_0hp,ORIGINAL,43,0.0839844,5.79463
vib_normal_0hp,ORIGINAL,44,0.0859375,12.0383
vib_normal_0hp,ORIGINAL,45,0.0878906,11.3202
vib_normal_0hp,ORIGINAL,46,0.0898438,4.91002
vib_normal_0hp,ORIGINAL,47,0.0917969,6.35324
vib_normal_0hp,ORIGINAL,48,0.09375,3.31056
vib_normal_0hp,ORIGINAL,49,0.0957031,0.761392
vib_normal_0hp,ORIGINAL,50,0.0976562,0.565206
vib_normal_0hp,ORIGINAL,51,0.0996094,0.514048
vib_normal_0hp,ORIGINAL,52,0.101562,0.629513
vib_normal_0hp,ORIGINAL,53,0.103516,0.786706
vib_normal_0hp,ORIGINAL,54,0.105469,0.494864
vib_normal_0hp,ORIGINAL,55,0.107422,0.488308
vib_normal_0hp,ORIGINAL,56,0.109375,1.57167
vib_normal_0hp,ORIGINAL,57,0.111328,1.78062
vib_normal_0hp,ORIGINAL,58,0.113281,0.54644
vib_normal_0hp,ORIGINAL,59,0.115234,0.910047
vib_normal_0hp,ORIGINAL,60,0.117188,0.538508
vib_normal_0hp,ORIGINAL,61,0.119141,0.527142
vib_normal_0hp,ORIGINAL,62,0.121094,0.532826
vib_normal_0hp,ORIGINAL,63,0.123047,0.648924
vib_normal_0hp,ORIGINAL,64,0.125,0.250825
vib_normal_0hp,ORIGINAL,65,0.126953,0.38361
vib_normal_0hp,ORIGINAL,66,0.128906,0.298577
vib_normal_0hp,ORIGINAL,67,0.130859,0.191343
vib_normal_0hp,ORIGINAL,68,0.132812,0.0676447
vib_normal_0hp,ORIGINAL,69,0.134766,0.411449
vib_normal_0hp,ORIGINAL,70,0.136719,0.328108
vib_normal_0hp,ORIGINAL,71,0.138672,0.437623
vib_normal_0hp,ORIGINAL,72,0.140625,0.493405
vib_normal_0hp,ORIGINAL,73,0.142578,0.41589
vib_normal_0hp,ORIGINAL,74,0.144531,0.372076
vib_normal_0hp,ORIGINAL,75,0.146484,0.169585
vib_normal_0hp,ORIGINAL,76,0.148438,0.278223
vib_normal_0hp,ORIGINAL,77,0.150391,0.300156
vib_normal_0hp,ORIGINAL,78,0.152344,0.388947
vib_normal_0hp,ORIGINAL,79,0.154297,0.472943
vib_normal_0hp,ORIGINAL,80,0.15625,0.0913274
vib_normal_0hp,ORIGINAL,81,0.158203,0.553691
vib_normal_0hp,ORIGINAL,82,0.160156,0.18557
vib_normal_0hp,ORIGINAL,83,0.162109,0.418754
vib_normal_0hp,ORIGINAL,84,0.164062,0.594953
vib_normal_0hp,ORIGINAL,85,0.166016,0.273973
vib_normal_0hp,ORIGINAL,86,0.167969,0.997475
vib_normal_0hp,ORIGINAL,87,0.169922,0.714547
vib_normal_0hp,ORIGINAL,88,0.171875,1.60386
vib_normal_0hp,ORIGINAL,89,0.173828,1.93186
vib_normal_0hp,ORIGINAL,90,0.175781,4.74334
vib_normal_0hp,ORIGINAL,91,0.177734,0.798295
vib_normal_0hp,ORIGINAL,92,0.179688,0.625201
vib_normal_0hp,ORIGINAL,93,0.181641,0.431935
vib_normal_0hp,ORIGINAL,94,0.183594,0.408072
vib_normal_0hp,ORIGINAL,95,0.185547,0.480849
vib_normal_0hp,ORIGINAL,96,0.1875,0.287288
vib_normal_0hp,ORIGINAL,97,0.189453,0.252758
vib_normal_0hp,ORIGINAL,98,0.191406,0.224635
vib_normal_0hp,ORIGINAL,99,0.193359,0.273428
vib_normal_0hp,ORIGINAL,100,0.195312,0.27622
vib_normal_0hp,ORIGINAL,101,0.197266,0.369297
vib_normal_0hp,ORIGINAL,102,0.199219,0.198188
vib_normal_0hp,ORIGINAL,103,0.201172,0.143827
vib_normal_0hp,ORIGINAL,104,0.203125,0.194506
vib_normal_0hp,ORIGINAL,105,0.205078,0.121358
vib_normal_0hp,ORIGINAL,106,0.207031,0.140722
vib_normal_0hp,ORIGINAL,107,0.208984,0.119734
vib_normal_0hp,ORIGINAL,108,0.210938,0.0772626
vib_normal_0hp,ORIGINAL,109,0.212891,0.152671
vib_normal_0hp,ORIGINAL,110,0.214844,0.377331
vib_normal_0hp,ORIGINAL,111,0.216797,0.101451
vib_normal_0hp,ORIGINAL,112,0.21875,0.214282
vib_normal_0hp,ORIGINAL,113,0.220703,0.308617
vib_normal_0hp,ORIGINAL,114,0.222656,0.0792048
vib_normal_0hp,ORIGINAL,115,0.224609,0.066007
vib_normal_0hp,ORIGINAL,116,0.226562,0.115326
vib_normal_0hp,ORIGINAL,117,0.228516,0.0615837
vib_normal_0hp,ORIGINAL,118,0.230469,0.0946557
vib_normal_0hp,ORIGINAL,119,0.232422,0.0680309
vib_normal_0hp,ORIGINAL,120,0.234375,0.178131
vib_normal_0hp,ORIGINAL,121,0.236328,0.118276
vib_normal_0hp,ORIGINAL,122,0.238281,0.181523
vib_normal_0hp,ORIGINAL,123,0.240234,0.187071
vib_normal_0hp,ORIGINAL,124,0.242188,0.0544835
vib_normal_0hp,ORIGINAL,125,0.244141,0.114165
vib_normal_0hp,ORIGINAL,126,0.246094,0.24617
vib_normal_0hp,ORIGINAL,127,0.248047,0.0507188
vib_normal_0hp,ORIGINAL,128,0.25,0.240872
vib_normal_0hp,ORIGINAL,129,0.251953,0.321845
vib_normal_0hp,ORIGINAL,130,0.253906,0.129325
vib_normal_0hp,ORIGINAL,131,0.255859,0.246618
vib_normal_0hp,ORIGINAL,132,0.257812,0.0768191
vib_normal_0hp,ORIGINAL,133,0.259766,0.14726
vib_normal_0hp,ORIGINAL,134,0.261719,0.0841626
vib_normal_0hp,ORIGINAL,135,0.263672,0.228289
vib_normal_0hp,ORIGINAL,136,0.265625,0.209429
vib_normal_0hp,ORIGINAL,137,0.267578,0.238383
vib_normal_0hp,ORIGINAL,138,0.269531,0.138593
vib_normal_0hp,ORIGINAL,139,0.271484,0.0481494
vib_normal_0hp,ORIGINAL,140,0.273438,0.0500746
vib_normal_0hp,ORIGINAL,141,0.275391,0.0794325
vib_normal_0hp,ORIGINAL,142,0.277344,0.130837
vib_normal_0hp,ORIGINAL,143,0.279297,0.100739
vib_normal_0hp,ORIGINAL,144,0.28125,0.0952135
vib_normal_0hp,ORIGINAL,145,0.283203,0.0867407
vib_normal_0hp,ORIGINAL,146,0.285156,0.102836
vib_normal_0hp,ORIGINAL,147,0.287109,0.260314
vib_normal_0hp,ORIGINAL,148,0.289062,0.0440973
vib_normal_0hp,ORIGINAL,149,0.291016,0.0518784
vib_normal_0hp,ORIGINAL,150,0.292969,0.0812145
vib_normal_0hp,ORIGINAL,151,0.294922,0.0878037
vib_normal_0hp,ORIGINAL,152,0.296875,0.0660638
vib_normal_0hp,ORIGINAL,153,0.298828,0.11178
vib_normal_0hp,ORIGINAL,154,0.300781,0.0884677
vib_normal_0hp,ORIGINAL,155,0.302734,0.021151
vib_normal_0hp,ORIGINAL,156,0.304688,0.0200174
vib_normal_0hp,ORIGINAL,157,0.306641,0.0827019
vib_normal_0hp,ORIGINAL,158,0.308594,0.0955905
vib_normal_0hp,ORIGINAL,159,0.310547,0.0602656
vib_normal_0hp,ORIGINAL,160,0.3125,0.0708419
vib_normal_0hp,ORIGINAL,161,0.314453,0.0350091
vib_normal_0hp,ORIGINAL,162,0.316406,0.0750043
vib_normal_0hp,ORIGINAL,163,0.318359,0.0647007
vib_normal_0hp,ORIGINAL,164,0.320312,0.0874493
vib_normal_0hp,ORIGINAL,165,0.322266,0.0844902
vib_normal_0hp,ORIGINAL,166,0.324219,0.0393391
vib_normal_0hp,ORIGINAL,167,0.326172,0.0674748
vib_normal_0hp,ORIGINAL,168,0.328125,0.0850962
vib_normal_0hp,ORIGINAL,169,0.330078,0.0443069
vib_normal_0hp,ORIGINAL,170,0.332031,0.0208505
vib_normal_0hp,ORIGINAL,171,0.333984,0.0568402
vib_normal_0hp,ORIGINAL,172,0.335938,0.0704012
vib_normal_0hp,ORIGINAL,173,0.337891,0.0377871
vib_normal_0hp,ORIGINAL,174,0.339844,0.0419204
vib_normal_0hp,ORIGINAL,175,0.341797,0.0834686
vib_normal_0hp,ORIGINAL,176,0.34375,0.095084
vib_normal_0hp,ORIGINAL,177,0.345703,0.109424
vib_normal_0hp,ORIGINAL,178,0.347656,0.0713768
vib_normal_0hp,ORIGINAL,179,0.349609,0.102968
vib_normal_0hp,ORIGINAL,180,0.351562,0.109586
vib_normal_0hp,ORIGINAL,181,0.353516,0.0641657
vib_normal_0hp,ORIGINAL,182,0.355469,0.0928745
vib_normal_0hp,ORIGINAL,183,0.357422,0.0642248
vib_normal_0hp,ORIGINAL,184,0.359375,0.0829099
vib_normal_0hp,ORIGINAL,185,0.361328,0.00864603
vib_normal_0hp,ORIGINAL,186,0.363281,0.0231268
vib_normal_0hp,ORIGINAL,187,0.365234,0.0562174
vib_normal_0hp,ORIGINAL,188,0.367188,0.0817237
vib_normal_0hp,ORIGINAL,189,0.369141,0.163662
vib_normal_0hp,ORIGINAL,190,0.371094,0.198884
vib_normal_0hp,ORIGINAL,191,0.373047,0.0244334
vib_normal_0hp,ORIGINAL,192,0.375,0.0935058
vib_normal_0hp,ORIGINAL,193,0.376953,0.0205836
vib_normal_0hp,ORIGINAL,194,0.378906,0.120257
vib_normal_0hp,ORIGINAL,195,0.380859,0.0558255
vib_normal_0hp,ORIGINAL,196,0.382812,0.0787436
vib_normal_0hp,ORIGINAL,197,0.384766,0.0575584
vib_normal_0hp,ORIGINAL,198,0.386719,0.0383178
vib_normal_0hp,ORIGINAL,199,0.388672,0.103222
vib_normal_0hp,ORIGINAL,200,0.390625,0.0312722
vib_normal_0hp,ORIGINAL,201,0.392578,0.0246822
vib_normal_0hp,ORIGINAL,202,0.394531,0.0554107
vib_normal_0hp,ORIGINAL,203,0.396484,0.0217972
vib_normal_0hp,ORIGINAL,204,0.398438,0.131751
vib_normal_0hp,ORIGINAL,205,0.400391,0.209107
vib_normal_0hp,ORIGINAL,206,0.402344,0.0816993
vib_normal_0hp,ORIGINAL,207,0.404297,0.147683
vib_normal_0hp,ORIGINAL,208,0.40625,0.082585
vib_normal_0hp,ORIGINAL,209,0.408203,0.114318
vib_normal_0hp,ORIGINAL,210,0.410156,0.246078
vib_normal_0hp,ORIGINAL,211,0.412109,0.228088
vib_normal_0hp,ORIGINAL,212,0.414062,0.05446
vib_normal_0hp,ORIGINAL,213,0.416016,0.0572588
vib_normal_0hp,ORIGINAL,214,0.417969,0.0724473
vib_normal_0hp,ORIGINAL,215,0.419922,0.0514922
vib_normal_0hp,ORIGINAL,216,0.421875,0.0128706
vib_normal_0hp,ORIGINAL,217,0.423828,0.0391065
vib_normal_0hp,ORIGINAL,218,0.425781,0.0327513
vib_normal_0hp,ORIGINAL,219,0.427734,0.0424059
vib_normal_0hp,ORIGINAL,220,0.429688,0.0253187
vib_normal_0hp,ORIGINAL,221,0.431641,0.0145088
vib_normal_0hp,ORIGINAL,222,0.433594,0.00999244
vib_normal_0hp,ORIGINAL,223,0.435547,0.0525136
vib_normal_0hp,ORIGINAL,224,0.4375,0.0450238
vib_normal_0hp,ORIGINAL,225,0.439453,0.0254329
vib_normal_0hp,ORIGINAL,226,0.441406,0.0385732
vib_normal_0hp,ORIGINAL,227,0.443359,0.0574524
vib_normal_0hp,ORIGINAL,228,0.445312,0.030708
vib_normal_0hp,ORIGINAL,229,0.447266,0.052417
vib_normal_0hp,ORIGINAL,230,0.449219,0.0171666
vib_normal_0hp,ORIGINAL,231,0.451172,0.0397755
vib_normal_0hp,ORIGINAL,232,0.453125,0.0256924
vib_normal_0hp,ORIGINAL,233,0.455078,0.018993
vib_normal_0hp,ORIGINAL,234,0.457031,0.0306764
vib_normal_0hp,ORIGINAL,235,0.458984,0.0137654
vib_normal_0hp,ORIGINAL,236,0.460938,0.0324207
vib_normal_0hp,ORIGINAL,237,0.462891,0.0222617
vib_normal_0hp,ORIGINAL,238,0.464844,0.0150659
vib_normal_0hp,ORIGINAL,239,0.466797,0.00312816
vib_normal_0hp,ORIGINAL,240,0.46875,0.0147038
vib_normal_0hp,ORIGINAL,241,0.470703,0.0201538
vib_normal_0hp,ORIGINAL,242,0.472656,0.0163992
vib_normal_0hp,ORIGINAL,243,0.474609,0.0150499
vib_normal_0hp,ORIGINAL,244,0.476562,0.00885184
vib_normal_0hp,ORIGINAL,245,0.478516,0.013904
vib_normal_0hp,ORIGINAL,246,0.480469,0.0156185
vib_normal_0hp,ORIGINAL,247,0.482422,0.0127368
vib_normal_0hp,ORIGINAL,248,0.484375,0.0122931
vib_normal_0hp,ORIGINAL,249,0.486328,0.0135961
vib_normal_0hp,ORIGINAL,250,0.488281,0.0132877
vib_normal_0hp,ORIGINAL,251,0.490234,0.0117369
vib_normal_0hp,ORIGINAL,252,0.492188,0.0154283
vib_normal_0hp,ORIGINAL,253,0.494141,0.0127547
vib_normal_0hp,ORIGINAL,254,0.496094,0.0135389
vib_normal_0hp,ORIGINAL,255,0.498047,0.011949
vib_normal_0hp,IMP_INTERP_ERROR,0,0,6.7896
vib_normal_0hp,IMP_INTERP_ERROR,1,0.00195312,0.461084
vib_normal_0hp,IMP_INTERP_ERROR,2,0.00390625,4.48512
vib_normal_0hp,IMP_INTERP_ERROR,3,0.00585938,1.87966
vib_normal_0hp,IMP_INTERP_ERROR,4,0.0078125,4.78963
vib_normal_0hp,IMP_INTERP_ERROR,5,0.00976562,1.20245
vib_normal_0hp,IMP_INTERP_ERROR,6,0.0117188,3.55969
vib_normal_0hp,IMP_INTERP_ERROR,7,0.0136719,11.7197
vib_normal_0hp,IMP_INTERP_ERROR,8,0.015625,0.470372
vib_normal_0hp,IMP_INTERP_ERROR,9,0.0175781,2.58243
vib_normal_0hp,IMP_INTERP_ERROR,10,0.0195312,2.03931
vib_normal_0hp,IMP_INTERP_ERROR,11,0.0214844,1.79175
vib_normal_0hp,IMP_INTERP_ERROR,12,0.0234375,3.60978
vib_normal_0hp,IMP_INTERP_ERROR,13,0.0253906,0.83691
vib_normal_0hp,IMP_INTERP_ERROR,14,0.0273438,0.672929
vib_normal_0hp,IMP_INTERP_ERROR,15,0.0292969,4.7816
vib_normal_0hp,IMP_INTERP_ERROR,16,0.03125,0.919571
vib_normal_0hp,IMP_INTERP_ERROR,17,0.0332031,1.46633
vib_normal_0hp,IMP_INTERP_ERROR,18,0.0351562,0.51282
vib_normal_0hp,IMP_INTERP_ERROR,19,0.0371094,0.969879
vib_normal_0hp,IMP_INTERP_ERROR,20,0.0390625,0.356111
vib_normal_0hp,IMP_INTERP_ERROR,21,0.0410156,0.716774
vib_normal_0hp,IMP_INTERP_ERROR,22,0.0429688,0.399876
vib_normal_0hp,IMP_INTERP_ERROR,23,0.0449219,0.368722
vib_normal_0hp,IMP_INTERP_ERROR,24,0.046875,0.464901
vib_normal_0hp,IMP_INTERP_ERROR,25,0.0488281,0.429307
vib_normal_0hp,IMP_INTERP_ERROR,26,0.0507812,0.727276
vib_normal_0hp,IMP_INTERP_ERROR,27,0.0527344,0.697226
vib_normal_0hp,IMP_INTERP_ERROR,28,0.0546875,3.84915
vib_normal_0hp,IMP_INTERP_ERROR,29,0.0566406,3.85846
vib_normal_0hp,IMP_INTERP_ERROR,30,0.0585938,1.46645
vib_normal_0hp,IMP_INTERP_ERROR,31,0.0605469,3.6137
vib_normal_0hp,IMP_INTERP_ERROR,32,0.0625,0.950158
vib_normal_0hp,IMP_INTERP_ERROR,33,0.0644531,0.321055
vib_normal_0hp,IMP_INTERP_ERROR,34,0.0664062,1.37321
vib_normal_0hp,IMP_INTERP_ERROR,35,0.0683594,2.73403
vib_normal_0hp,IMP_INTERP_ERROR,36,0.0703125,2.35396
vib_normal_0hp,IMP_INTERP_ERROR,37,0.0722656,2.0787
vib_normal_0hp,IMP_INTERP_ERROR,38,0.0742188,0.730392
vib_normal_0hp,IMP_INTERP_ERROR,39,0.0761719,1.43552
vib_normal_0hp,IMP_INTERP_ERROR,40,0.078125,0.579889
vib_normal_0hp,IMP_INTERP_ERROR,41,0.0800781,2.05174
vib_normal_0hp,IMP_INTERP_ERROR,42,0.0820312,2.36644
vib_normal_0hp,IMP_INTERP_ERROR,43,0.0839844,5.82491
vib_normal_0hp,IMP_INTERP_ERROR,44,0.0859375,11.9684
vib_normal_0hp,IMP_INTERP_ERROR,45,0.0878906,11.229
vib_normal_0hp,IMP_INTERP_ERROR,46,0.0898438,4.86472
vib_normal_0hp,IMP_INTERP_ERROR,47,0.0917969,6.2537
vib_normal_0hp,IMP_INTERP_ERROR,48,0.09375,3.313
vib_normal_0hp,IMP_INTERP_ERROR,49,0.0957031,0.78555
vib_normal_0hp,IMP_INTERP_ERROR,50,0.0976562,0.509886
vib_normal_0hp,IMP_INTERP_ERROR,51,0.0996094,0.501562
vib_normal_0hp,IMP_INTERP_ERROR,52,0.101562,0.622176
vib_normal_0hp,IMP_INTERP_ERROR,53,0.103516,0.814474
vib_normal_0hp,IMP_INTERP_ERROR,54,0.105469,0.467394
vib_normal_0hp,IMP_INTERP_ERROR,55,0.107422,0.437056
vib_normal_0hp,IMP_INTERP_ERROR,56,0.109375,1.56698
vib_normal_0hp,IMP_INTERP_ERROR,57,0.111328,1.67707
vib_normal_0hp,IMP_INTERP_ERROR,58,0.113281,0.565553
vib_normal_0hp,IMP_INTERP_ERROR,59,0.115234,1.0066
vib_normal_0hp,IMP_INTERP_ERROR,60,0.117188,0.466922
vib_normal_0hp,IMP_INTERP_ERROR,61,0.119141,0.533269
vib_normal_0hp,IMP_INTERP_ERROR,62,0.121094,0.55386
vib_normal_0hp,IMP_INTERP_ERROR,63,0.123047,0.704782
vib_normal_0hp,IMP_INTERP_ERROR,64,0.125,0.228842
vib_normal_0hp,IMP_INTERP_ERROR,65,0.126953,0.402082
vib_normal_0hp,IMP_INTERP_ERROR,66,0.128906,0.28195
vib_normal_0hp,IMP_INTERP_ERROR,67,0.130859,0.188321
vib_normal_0hp,IMP_INTERP_ERROR,68,0.132812,0.0950435
vib_normal_0hp,IMP_INTERP_ERROR,69,0.134766,0.333565
vib_normal_0hp,IMP_INTERP_ERROR,70,0.136719,0.254833
vib_normal_0hp,IMP_INTERP_ERROR,71,0.138672,0.398388
vib_normal_0hp,IMP_INTERP_ERROR,72,0.140625,0.498423
vib_normal_0hp,IMP_INTERP_ERROR,73,0.142578,0.378033
vib_normal_0hp,IMP_INTERP_ERROR,74,0.144531,0.376455
vib_normal_0hp,IMP_INTERP_ERROR,75,0.146484,0.175609
vib_normal_0hp,IMP_INTERP_ERROR,76,0.148438,0.240555
vib_normal_0hp,IMP_INTERP_ERROR,77,0.150391,0.338477
vib_normal_0hp,IMP_INTERP_ERROR,78,0.152344,0.307697
vib_normal_0hp,IMP_INTERP_ERROR,79,0.154297,0.467158
vib_normal_0hp,IMP_INTERP_ERROR,80,0.15625,0.107804
vib_normal_0hp,IMP_INTERP_ERROR,81,0.158203,0.542465
vib_normal_0hp,IMP_INTERP_ERROR,82,0.160156,0.147319
vib_normal_0hp,IMP_INTERP_ERROR,83,0.162109,0.29611
vib_normal_0hp,IMP_INTERP_ERROR,84,0.164062,0.634161
vib_normal_0hp,IMP_INTERP_ERROR,85,0.166016,0.324047
vib_normal_0hp,IMP_INTERP_ERROR,86,0.167969,0.966708
vib_normal_0hp,IMP_INTERP_ERROR,87,0.169922,0.648006
vib_normal_0hp,IMP_INTERP_ERROR,88,0.171875,1.38162
vib_normal_0hp,IMP_INTERP_ERROR,89,0.173828,1.70194
vib_normal_0hp,IMP_INTERP_ERROR,90,0.175781,4.57938
vib_normal_0hp,IMP_INTERP_ERROR,91,0.177734,0.843905
vib_normal_0hp,IMP_INTERP_ERROR,92,0.179688,0.610297
vib_normal_0hp,IMP_INTERP_ERROR,93,0.181641,0.443734
vib_normal_0hp,IMP_INTERP_ERROR,94,0.183594,0.41588
vib_normal_0hp,IMP_INTERP_ERROR,95,0.185547,0.339121
vib_normal_0hp,IMP_INTERP_ERROR,96,0.1875,0.378024
vib_normal_0hp,IMP_INTERP_ERROR,97,0.189453,0.13839
vib_normal_0hp,IMP_INTERP_ERROR,98,0.191406,0.181394
vib_normal_0hp,IMP_INTERP_ERROR,99,0.193359,0.342066
vib_normal_0hp,IMP_INTERP_ERROR,100,0.195312,0.212661
vib_normal_0hp,IMP_INTERP_ERROR,101,0.197266,0.357864
vib_normal_0hp,IMP_INTERP_ERROR,102,0.199219,0.119349
vib_normal_0hp,IMP_INTERP_ERROR,103,0.201172,0.19298
vib_normal_0hp,IMP_INTERP_ERROR,104,0.203125,0.200572
vib_normal_0hp,IMP_INTERP_ERROR,105,0.205078,0.112093
vib_normal_0hp,IMP_INTERP_ERROR,106,0.207031,0.126749
vib_normal_0hp,IMP_INTERP_ERROR,107,0.208984,0.101227
vib_normal_0hp,IMP_INTERP_ERROR,108,0.210938,0.0668178
vib_normal_0hp,IMP_INTERP_ERROR,109,0.212891,0.107707
vib_normal_0hp,IMP_INTERP_ERROR,110,0.214844,0.337638
vib_normal_0hp,IMP_INTERP_ERROR,111,0.216797,0.101593
vib_normal_0hp,IMP_INTERP_ERROR,112,0.21875,0.213074
vib_normal_0hp,IMP_INTERP_ERROR,113,0.220703,0.339586
vib_normal_0hp,IMP_INTERP_ERROR,114,0.222656,0.0217483
vib_normal_0hp,IMP_INTERP_ERROR,115,0.224609,0.0876889
vib_normal_0hp,IMP_INTERP_ERROR,116,0.226562,0.220113
vib_normal_0hp,IMP_INTERP_ERROR,117,0.228516,0.120909
vib_normal_0hp,IMP_INTERP_ERROR,118,0.230469,0.0612829
vib_normal_0hp,IMP_INTERP_ERROR,119,0.232422,0.129756
vib_normal_0hp,IMP_INTERP_ERROR,120,0.234375,0.254486
vib_normal_0hp,IMP_INTERP_ERROR,121,0.236328,0.159492
vib_normal_0hp,IMP_INTERP_ERROR,122,0.238281,0.229804
vib_normal_0hp,IMP_INTERP_ERROR,123,0.240234,0.144498
vib_normal_0hp,IMP_INTERP_ERROR,124,0.242188,0.0153512
vib_normal_0hp,IMP_INTERP_ERROR,125,0.244141,0.0806632
vib_normal_0hp,IMP_INTERP_ERROR,126,0.246094,0.248411
vib_normal_0hp,IMP_INTERP_ERROR,127,0.248047,0.120377
vib_normal_0hp,IMP_INTERP_ERROR,128,0.25,0.255335
vib_normal_0hp,IMP_INTERP_ERROR,129,0.251953,0.288616
vib_normal_0hp,IMP_INTERP_ERROR,130,0.253906,0.16318
vib_normal_0hp,IMP_INTERP_ERROR,131,0.255859,0.18275
vib_normal_0hp,IMP_INTERP_ERROR,132,0.257812,0.109282
vib_normal_0hp,IMP_INTERP_ERROR,133,0.259766,0.116576
vib_normal_0hp,IMP_INTERP_ERROR,134,0.261719,0.064394
vib_normal_0hp,IMP_INTERP_ERROR,135,0.263672,0.283425
vib_normal_0hp,IMP_INTERP_ERROR,136,0.265625,0.26568
vib_normal_0hp,IMP_INTERP_ERROR,137,0.267578,0.175084
vib_normal_0hp,IMP_INTERP_ERROR,138,0.269531,0.128209
vib_normal_0hp,IMP_INTERP_ERROR,139,0.271484,0.104962
vib_normal_0hp,IMP_INTERP_ERROR,140,0.273438,0.0475473
vib_normal_0hp,IMP_INTERP_ERROR,141,0.275391,0.0586687
vib_normal_0hp,IMP_INTERP_ERROR,142,0.277344,0.122973
vib_normal_0hp,IMP_INTERP_ERROR,143,0.279297,0.0532576
vib_normal_0hp,IMP_INTERP_ERROR,144,0.28125,0.0809394
vib_normal_0hp,IMP_INTERP_ERROR,145,0.283203,0.1138
vib_normal_0hp,IMP_INTERP_ERROR,146,0.285156,0.116356
vib_normal_0hp,IMP_INTERP_ERROR,147,0.287109,0.212552
vib_normal_0hp,IMP_INTERP_ERROR,148,0.289062,0.120791
vib_normal_0hp,IMP_INTERP_ERROR,149,0.291016,0.0791696
vib_normal_0hp,IMP_INTERP_ERROR,150,0.292969,0.099272
vib_normal_0hp,IMP_INTERP_ERROR,151,0.294922,0.0845735
vib_normal_0hp,IMP_INTERP_ERROR,152,0.296875,0.0681058
vib_normal_0hp,IMP_INTERP_ERROR,153,0.298828,0.047122
vib_normal_0hp,IMP_INTERP_ERROR,154,0.300781,0.0519754
vib_normal_0hp,IMP_INTERP_ERROR,155,0.302734,0.00881198
vib_normal_0hp,IMP_INTERP_ERROR,156,0.304688,0.12383
vib_normal_0hp,IMP_INTERP_ERROR,157,0.306641,0.189606
vib_normal_0hp,IMP_INTERP_ERROR,158,0.308594,0.143029
vib_normal_0hp,IMP_INTERP_ERROR,159,0.310547,0.0849098
vib_normal_0hp,IMP_INTERP_ERROR,160,0.3125,0.124702
vib_normal_0hp,IMP_INTERP_ERROR,161,0.314453,0.0979557
vib_normal_0hp,IMP_INTERP_ERROR,162,0.316406,0.0324921
vib_normal_0hp,IMP_INTERP_ERROR,163,0.318359,0.119734
vib_normal_0hp,IMP_INTERP_ERROR,164,0.320312,0.0635422
vib_normal_0hp,IMP_INTERP_ERROR,165,0.322266,0.114745
vib_normal_0hp,IMP_INTERP_ERROR,166,0.324219,0.0689302
vib_normal_0hp,IMP_INTERP_ERROR,167,0.326172,0.147267
vib_normal_0hp,IMP_INTERP_ERROR,168,0.328125,0.0717644
vib_normal_0hp,IMP_INTERP_ERROR,169,0.330078,0.110024
vib_normal_0hp,IMP_INTERP_ERROR,170,0.332031,0.0585751
vib_normal_0hp,IMP_INTERP_ERROR,171,0.333984,0.0531585
vib_normal_0hp,IMP_INTERP_ERROR,172,0.335938,0.117734
vib_normal_0hp,IMP_INTERP_ERROR,173,0.337891,0.0364817
vib_normal_0hp,IMP_INTERP_ERROR,174,0.339844,0.0485202
vib_normal_0hp,IMP_INTERP_ERROR,175,0.341797,0.0475285
vib_normal_0hp,IMP_INTERP_ERROR,176,0.34375,0.133213
vib_normal_0hp,IMP_INTERP_ERROR,177,0.345703,0.155432
vib_normal_0hp,IMP_INTERP_ERROR,178,0.347656,0.0769273
vib_normal_0hp,IMP_INTERP_ERROR,179,0.349609,0.114827
vib_normal_0hp,IMP_INTERP_ERROR,180,0.351562,0.159137
vib_normal_0hp,IMP_INTERP_ERROR,181,0.353516,0.116157
vib_normal_0hp,IMP_INTERP_ERROR,182,0.355469,0.0361504
vib_normal_0hp,IMP_INTERP_ERROR,183,0.357422,0.0785112
vib_normal_0hp,IMP_INTERP_ERROR,184,0.359375,0.149836
vib_normal_0hp,IMP_INTERP_ERROR,185,0.361328,0.0361338
vib_normal_0hp,IMP_INTERP_ERROR,186,0.363281,0.0329957
vib_normal_0hp,IMP_INTERP_ERROR,187,0.365234,0.109962
vib_normal_0hp,IMP_INTERP_ERROR,188,0.367188,0.0720257
vib_normal_0hp,IMP_INTERP_ERROR,189,0.369141,0.0824311
vib_normal_0hp,IMP_INTERP_ERROR,190,0.371094,0.113887
vib_normal_0hp,IMP_INTERP_ERROR,191,0.373047,0.082216
vib_normal_0hp,IMP_INTERP_ERROR,192,0.375,0.025537
vib_normal_0hp,IMP_INTERP_ERROR,193,0.376953,0.141804
vib_normal_0hp,IMP_INTERP_ERROR,194,0.378906,0.0731608
vib_normal_0hp,IMP_INTERP_ERROR,195,0.380859,0.0294801
vib_normal_0hp,IMP_INTERP_ERROR,196,0.382812,0.174105
vib_normal_0hp,IMP_INTERP_ERROR,197,0.384766,0.0672328
vib_normal_0hp,IMP_INTERP_ERROR,198,0.386719,0.0822158
vib_normal_0hp,IMP_INTERP_ERROR,199,0.388672,0.131358
vib_normal_0hp,IMP_INTERP_ERROR,200,0.390625,0.0672159
vib_normal_0hp,IMP_INTERP_ERROR,201,0.392578,0.049087
vib_normal_0hp,IMP_INTERP_ERROR,202,0.394531,0.0738605
vib_normal_0hp,IMP_INTERP_ERROR,203,0.396484,0.112543
vib_normal_0hp,IMP_INTERP_ERROR,204,0.398438,0.120395
vib_normal_0hp,IMP_INTERP_ERROR,205,0.400391,0.182255
vib_normal_0hp,IMP_INTERP_ERROR,206,0.402344,0.0824504
vib_normal_0hp,IMP_INTERP_ERROR,207,0.404297,0.179438
vib_normal_0hp,IMP_INTERP_ERROR,208,0.40625,0.12314
vib_normal_0hp,IMP_INTERP_ERROR,209,0.408203,0.139489
vib_normal_0hp,IMP_INTERP_ERROR,210,0.410156,0.311879
vib_normal_0hp,IMP_INTERP_ERROR,211,0.412109,0.282887
vib_normal_0hp,IMP_INTERP_ERROR,212,0.414062,0.0972113
vib_normal_0hp,IMP_INTERP_ERROR,213,0.416016,0.0886661
vib_normal_0hp,IMP_INTERP_ERROR,214,0.417969,0.0996124
vib_normal_0hp,IMP_INTERP_ERROR,215,0.419922,0.131219
vib_normal_0hp,IMP_INTERP_ERROR,216,0.421875,0.0574815
vib_normal_0hp,IMP_INTERP_ERROR,217,0.423828,0.0599152
vib_normal_0hp,IMP_INTERP_ERROR,218,0.425781,0.0593553
vib_normal_0hp,IMP_INTERP_ERROR,219,0.427734,0.100516
vib_normal_0hp,IMP_INTERP_ERROR,220,0.429688,0.0160053
vib_normal_0hp,IMP_INTERP_ERROR,221,0.431641,0.0928919
vib_normal_0hp,IMP_INTERP_ERROR,222,0.433594,0.0663479
vib_normal_0hp,IMP_INTERP_ERROR,223,0.435547,0.0830804
vib_normal_0hp,IMP_INTERP_ERROR,224,0.4375,0.0724399
vib_normal_0hp,IMP_INTERP_ERROR,225,0.439453,0.17612
vib_normal_0hp,IMP_INTERP_ERROR,226,0.441406,0.172925
vib_normal_0hp,IMP_INTERP_ERROR,227,0.443359,0.0731938
vib_normal_0hp,IMP_INTERP_ERROR,228,0.445312,0.0443181
vib_normal_0hp,IMP_INTERP_ERROR,229,0.447266,0.0640536
vib_normal_0hp,IMP_INTERP_ERROR,230,0.449219,0.135326
vib_normal_0hp,IMP_INTERP_ERROR,231,0.451172,0.0875931
vib_normal_0hp,IMP_INTERP_ERROR,232,0.453125,0.0323615
vib_normal_0hp,IMP_INTERP_ERROR,233,0.455078,0.0324448
vib_normal_0hp,IMP_INTERP_ERROR,234,0.457031,0.127064
vib_normal_0hp,IMP_INTERP_ERROR,235,0.458984,0.125118
vib_normal_0hp,IMP_INTERP_ERROR,236,0.460938,0.0453302
vib_normal_0hp,IMP_INTERP_ERROR,237,0.462891,0.0249385
vib_normal_0hp,IMP_INTERP_ERROR,238,0.464844,0.067747
vib_normal_0hp,IMP_INTERP_ERROR,239,0.466797,0.0662049
vib_normal_0hp,IMP_INTERP_ERROR,240,0.46875,0.0924211
vib_normal_0hp,IMP_INTERP_ERROR,241,0.470703,0.0614274
vib_normal_0hp,IMP_INTERP_ERROR,242,0.472656,0.0195596
vib_normal_0hp,IMP_INTERP_ERROR,243,0.474609,0.118517
vib_normal_0hp,IMP_INTERP_ERROR,244,0.476562,0.0768025
vib_normal_0hp,IMP_INTERP_ERROR,245,0.478516,0.0879858
vib_normal_0hp,IMP_INTERP_ERROR,246,0.480469,0.0635765
vib_normal_0hp,IMP_INTERP_ERROR,247,0.482422,0.0492891
vib_normal_0hp,IMP_INTERP_ERROR,248,0.484375,0.079006
vib_normal_0hp,IMP_INTERP_ERROR,249,0.486328,0.0246662
vib_normal_0hp,IMP_INTERP_ERROR,250,0.488281,0.0156371
vib_normal_0hp,IMP_INTERP_ERROR,251,0.490234,0.0391209
vib_normal_0hp,IMP_INTERP_ERROR,252,0.492188,0.02474
vib_normal_0hp,IMP_INTERP_ERROR,253,0.494141,0.0253196
vib_normal_0hp,IMP_INTERP_ERROR,254,0.496094,0.0598669
vib_normal_0hp,IMP_INTERP_ERROR,255,0.498047,0.0791473
vib_normal_0hp,RDP_OFFLINE,0,0,6.6735
vib_normal_0hp,RDP_OFFLINE,1,0.00195312,0.558715
vib_normal_0hp,RDP_OFFLINE,2,0.00390625,4.53308
vib_normal_0hp,RDP_OFFLINE,3,0.00585938,1.78648
vib_normal_0hp,RDP_OFFLINE,4,0.0078125,4.92956
vib_normal_0hp,RDP_OFFLINE,5,0.00976562,1.14589
vib_normal_0hp,RDP_OFFLINE,6,0.0117188,3.57761
vib_normal_0hp,RDP_OFFLINE,7,0.0136719,11.7212
vib_normal_0hp,RDP_OFFLINE,8,0.015625,0.497227
vib_normal_0hp,RDP_OFFLINE,9,0.0175781,2.52603
vib_normal_0hp,RDP_OFFLINE,10,0.0195312,2.22537
vib_normal_0hp,RDP_OFFLINE,11,0.0214844,1.92487
vib_normal_0hp,RDP_OFFLINE,12,0.0234375,3.5111
vib_normal_0hp,RDP_OFFLINE,13,0.0253906,0.862788
vib_normal_0hp,RDP_OFFLINE,14,0.0273438,0.771286
vib_normal_0hp,RDP_OFFLINE,15,0.0292969,4.62321
vib_normal_0hp,RDP_OFFLINE,16,0.03125,0.971355
vib_normal_0hp,RDP_OFFLINE,17,0.0332031,1.50549
vib_normal_0hp,RDP_OFFLINE,18,0.0351562,0.35421
vib_normal_0hp,RDP_OFFLINE,19,0.0371094,0.878582
vib_normal_0hp,RDP_OFFLINE,20,0.0390625,0.540972
vib_normal_0hp,RDP_OFFLINE,21,0.0410156,0.750346
vib_normal_0hp,RDP_OFFLINE,22,0.0429688,0.401402
vib_normal_0hp,RDP_OFFLINE,23,0.0449219,0.320552
vib_normal_0hp,RDP_OFFLINE,24,0.046875,0.3274
vib_normal_0hp,RDP_OFFLINE,25,0.0488281,0.440747
vib_normal_0hp,RDP_OFFLINE,26,0.0507812,0.671126
vib_normal_0hp,RDP_OFFLINE,27,0.0527344,0.731832
vib_normal_0hp,RDP_OFFLINE,28,0.0546875,3.84151
vib_normal_0hp,RDP_OFFLINE,29,0.0566406,3.77845
vib_normal_0hp,RDP_OFFLINE,30,0.0585938,1.44546
vib_normal_0hp,RDP_OFFLINE,31,0.0605469,3.51147
vib_normal_0hp,RDP_OFFLINE,32,0.0625,0.919418
vib_normal_0hp,RDP_OFFLINE,33,0.0644531,0.293874
vib_normal_0hp,RDP_OFFLINE,34,0.0664062,1.26402
vib_normal_0hp,RDP_OFFLINE,35,0.0683594,2.56192
vib_normal_0hp,RDP_OFFLINE,36,0.0703125,2.40976
vib_normal_0hp,RDP_OFFLINE,37,0.0722656,1.94592
vib_normal_0hp,RDP_OFFLINE,38,0.0742188,0.5963
vib_normal_0hp,RDP_OFFLINE,39,0.0761719,1.5214
vib_normal_0hp,RDP_OFFLINE,40,0.078125,0.628391
vib_normal_0hp,RDP_OFFLINE,41,0.0800781,2.04612
vib_normal_0hp,RDP_OFFLINE,42,0.0820312,2.27576
vib_normal_0hp,RDP_OFFLINE,43,0.0839844,5.71514
vib_normal_0hp,RDP_OFFLINE,44,0.0859375,11.6289
vib_normal_0hp,RDP_OFFLINE,45,0.0878906,10.9265
vib_normal_0hp,RDP_OFFLINE,46,0.0898438,4.66576
vib_normal_0hp,RDP_OFFLINE,47,0.0917969,6.19857
vib_normal_0hp,RDP_OFFLINE,48,0.09375,3.31073
vib_normal_0hp,RDP_OFFLINE,49,0.0957031,0.687994
vib_normal_0hp,RDP_OFFLINE,50,0.0976562,0.418858
vib_normal_0hp,RDP_OFFLINE,51,0.0996094,0.481852
vib_normal_0hp,RDP_OFFLINE,52,0.101562,0.693684
vib_normal_0hp,RDP_OFFLINE,53,0.103516,0.728078
vib_normal_0hp,RDP_OFFLINE,54,0.105469,0.370311
vib_normal_0hp,RDP_OFFLINE,55,0.107422,0.424297
vib_normal_0hp,RDP_OFFLINE,56,0.109375,1.65994
vib_normal_0hp,RDP_OFFLINE,57,0.111328,1.66901
vib_normal_0hp,RDP_OFFLINE,58,0.113281,0.583656
vib_normal_0hp,RDP_OFFLINE,59,0.115234,1.11425
vib_normal_0hp,RDP_OFFLINE,60,0.117188,0.406228
vib_normal_0hp,RDP_OFFLINE,61,0.119141,0.540177
vib_normal_0hp,RDP_OFFLINE,62,0.121094,0.613337
vib_normal_0hp,RDP_OFFLINE,63,0.123047,0.71071
vib_normal_0hp,RDP_OFFLINE,64,0.125,0.140353
vib_normal_0hp,RDP_OFFLINE,65,0.126953,0.258936
vib_normal_0hp,RDP_OFFLINE,66,0.128906,0.278381
vib_normal_0hp,RDP_OFFLINE,67,0.130859,0.201875
vib_normal_0hp,RDP_OFFLINE,68,0.132812,0.163691
vib_normal_0hp,RDP_OFFLINE,69,0.134766,0.299755
vib_normal_0hp,RDP_OFFLINE,70,0.136719,0.325205
vib_normal_0hp,RDP_OFFLINE,71,0.138672,0.37634
vib_normal_0hp,RDP_OFFLINE,72,0.140625,0.497484
vib_normal_0hp,RDP_OFFLINE,73,0.142578,0.31813
vib_normal_0hp,RDP_OFFLINE,74,0.144531,0.548866
vib_normal_0hp,RDP_OFFLINE,75,0.146484,0.0629417
vib_normal_0hp,RDP_OFFLINE,76,0.148438,0.368421
vib_normal_0hp,RDP_OFFLINE,77,0.150391,0.31851
vib_normal_0hp,RDP_OFFLINE,78,0.152344,0.382741
vib_normal_0hp,RDP_OFFLINE,79,0.154297,0.46601
vib_normal_0hp,RDP_OFFLINE,80,0.15625,0.0453196
vib_normal_0hp,RDP_OFFLINE,81,0.158203,0.464511
vib_normal_0hp,RDP_OFFLINE,82,0.160156,0.238034
vib_normal_0hp,RDP_OFFLINE,83,0.162109,0.212183
vib_normal_0hp,RDP_OFFLINE,84,0.164062,0.664667
vib_normal_0hp,RDP_OFFLINE,85,0.166016,0.181006
vib_normal_0hp,RDP_OFFLINE,86,0.167969,0.852223
vib_normal_0hp,RDP_OFFLINE,87,0.169922,0.65574
vib_normal_0hp,RDP_OFFLINE,88,0.171875,1.22858
vib_normal_0hp,RDP_OFFLINE,89,0.173828,1.78635
vib_normal_0hp,RDP_OFFLINE,90,0.175781,4.38231
vib_normal_0hp,RDP_OFFLINE,91,0.177734,0.962986
vib_normal_0hp,RDP_OFFLINE,92,0.179688,0.365595
vib_normal_0hp,RDP_OFFLINE,93,0.181641,0.406225
vib_normal_0hp,RDP_OFFLINE,94,0.183594,0.357796
vib_normal_0hp,RDP_OFFLINE,95,0.185547,0.333081
vib_normal_0hp,RDP_OFFLINE,96,0.1875,0.317389
vib_normal_0hp,RDP_OFFLINE,97,0.189453,0.191785
vib_normal_0hp,RDP_OFFLINE,98,0.191406,0.188647
vib_normal_0hp,RDP_OFFLINE,99,0.193359,0.337288
vib_normal_0hp,RDP_OFFLINE,100,0.195312,0.311794
vib_normal_0hp,RDP_OFFLINE,101,0.197266,0.435374
vib_normal_0hp,RDP_OFFLINE,102,0.199219,0.111725
vib_normal_0hp,RDP_OFFLINE,103,0.201172,0.178728
vib_normal_0hp,RDP_OFFLINE,104,0.203125,0.242102
vib_normal_0hp,RDP_OFFLINE,105,0.205078,0.159817
vib_normal_0hp,RDP_OFFLINE,106,0.207031,0.138218
vib_normal_0hp,RDP_OFFLINE,107,0.208984,0.172094
vib_normal_0hp,RDP_OFFLINE,108,0.210938,0.108479
vib_normal_0hp,RDP_OFFLINE,109,0.212891,0.120194
vib_normal_0hp,RDP_OFFLINE,110,0.214844,0.333712
vib_normal_0hp,RDP_OFFLINE,111,0.216797,0.0627958
vib_normal_0hp,RDP_OFFLINE,112,0.21875,0.165116
vib_normal_0hp,RDP_OFFLINE,113,0.220703,0.414061
vib_normal_0hp,RDP_OFFLINE,114,0.222656,0.0602211
vib_normal_0hp,RDP_OFFLINE,115,0.224609,0.162164
vib_normal_0hp,RDP_OFFLINE,116,0.226562,0.125159
vib_normal_0hp,RDP_OFFLINE,117,0.228516,0.232335
vib_normal_0hp,RDP_OFFLINE,118,0.230469,0.0852046
vib_normal_0hp,RDP_OFFLINE,119,0.232422,0.219364
vib_normal_0hp,RDP_OFFLINE,120,0.234375,0.133605
vib_normal_0hp,RDP_OFFLINE,121,0.236328,0.232088
vib_normal_0hp,RDP_OFFLINE,122,0.238281,0.305091
vib_normal_0hp,RDP_OFFLINE,123,0.240234,0.166769
vib_normal_0hp,RDP_OFFLINE,124,0.242188,0.0635484
vib_normal_0hp,RDP_OFFLINE,125,0.244141,0.0542476
vib_normal_0hp,RDP_OFFLINE,126,0.246094,0.285497
vib_normal_0hp,RDP_OFFLINE,127,0.248047,0.0925415
vib_normal_0hp,RDP_OFFLINE,128,0.25,0.242663
vib_normal_0hp,RDP_OFFLINE,129,0.251953,0.275345
vib_normal_0hp,RDP_OFFLINE,130,0.253906,0.16739
vib_normal_0hp,RDP_OFFLINE,131,0.255859,0.192732
vib_normal_0hp,RDP_OFFLINE,132,0.257812,0.0644196
vib_normal_0hp,RDP_OFFLINE,133,0.259766,0.0680124
vib_normal_0hp,RDP_OFFLINE,134,0.261719,0.222801
vib_normal_0hp,RDP_OFFLINE,135,0.263672,0.294305
vib_normal_0hp,RDP_OFFLINE,136,0.265625,0.239144
vib_normal_0hp,RDP_OFFLINE,137,0.267578,0.140281
vib_normal_0hp,RDP_OFFLINE,138,0.269531,0.186671
vib_normal_0hp,RDP_OFFLINE,139,0.271484,0.0278409
vib_normal_0hp,RDP_OFFLINE,140,0.273438,0.0543435
vib_normal_0hp,RDP_OFFLINE,141,0.275391,0.104871
vib_normal_0hp,RDP_OFFLINE,142,0.277344,0.134148
vib_normal_0hp,RDP_OFFLINE,143,0.279297,0.0416337
vib_normal_0hp,RDP_OFFLINE,144,0.28125,0.0203032
vib_normal_0hp,RDP_OFFLINE,145,0.283203,0.159919
vib_normal_0hp,RDP_OFFLINE,146,0.285156,0.132484
vib_normal_0hp,RDP_OFFLINE,147,0.287109,0.21253
vib_normal_0hp,RDP_OFFLINE,148,0.289062,0.174265
vib_normal_0hp,RDP_OFFLINE,149,0.291016,0.091607
vib_normal_0hp,RDP_OFFLINE,150,0.292969,0.169769
vib_normal_0hp,RDP_OFFLINE,151,0.294922,0.148499
vib_normal_0hp,RDP_OFFLINE,152,0.296875,0.0895647
vib_normal_0hp,RDP_OFFLINE,153,0.298828,0.0952141
vib_normal_0hp,RDP_OFFLINE,154,0.300781,0.0772991
vib_normal_0hp,RDP_OFFLINE,155,0.302734,0.0347821
vib_normal_0hp,RDP_OFFLINE,156,0.304688,0.255249
vib_normal_0hp,RDP_OFFLINE,157,0.306641,0.219883
vib_normal_0hp,RDP_OFFLINE,158,0.308594,0.118207
vib_normal_0hp,RDP_OFFLINE,159,0.310547,0.0367565
vib_normal_0hp,RDP_OFFLINE,160,0.3125,0.136839
vib_normal_0hp,RDP_OFFLINE,161,0.314453,0.100566
vib_normal_0hp,RDP_OFFLINE,162,0.316406,0.0690296
vib_normal_0hp,RDP_OFFLINE,163,0.318359,0.185928
vib_normal_0hp,RDP_OFFLINE,164,0.320312,0.0238508
vib_normal_0hp,RDP_OFFLINE,165,0.322266,0.0726036
vib_normal_0hp,RDP_OFFLINE,166,0.324219,0.161438
vib_normal_0hp,RDP_OFFLINE,167,0.326172,0.0818843
vib_normal_0hp,RDP_OFFLINE,168,0.328125,0.0858884
vib_normal_0hp,RDP_OFFLINE,169,0.330078,0.0581969
vib_normal_0hp,RDP_OFFLINE,170,0.332031,0.0816506
vib_normal_0hp,RDP_OFFLINE,171,0.333984,0.0909908
vib_normal_0hp,RDP_OFFLINE,172,0.335938,0.17425
vib_normal_0hp,RDP_OFFLINE,173,0.337891,0.0443442
vib_normal_0hp,RDP_OFFLINE,174,0.339844,0.0771396
vib_normal_0hp,RDP_OFFLINE,175,0.341797,0.07643
vib_normal_0hp,RDP_OFFLINE,176,0.34375,0.256557
vib_normal_0hp,RDP_OFFLINE,177,0.345703,0.0804632
vib_normal_0hp,RDP_OFFLINE,178,0.347656,0.0561496
vib_normal_0hp,RDP_OFFLINE,179,0.349609,0.237446
vib_normal_0hp,RDP_OFFLINE,180,0.351562,0.308352
vib_normal_0hp,RDP_OFFLINE,181,0.353516,0.173609
vib_normal_0hp,RDP_OFFLINE,182,0.355469,0.0465963
vib_normal_0hp,RDP_OFFLINE,183,0.357422,0.106119
vib_normal_0hp,RDP_OFFLINE,184,0.359375,0.124484
vib_normal_0hp,RDP_OFFLINE,185,0.361328,0.0336221
vib_normal_0hp,RDP_OFFLINE,186,0.363281,0.0586793
vib_normal_0hp,RDP_OFFLINE,187,0.365234,0.0556239
vib_normal_0hp,RDP_OFFLINE,188,0.367188,0.130521
vib_normal_0hp,RDP_OFFLINE,189,0.369141,0.0516527
vib_normal_0hp,RDP_OFFLINE,190,0.371094,0.13091
vib_normal_0hp,RDP_OFFLINE,191,0.373047,0.100398
vib_normal_0hp,RDP_OFFLINE,192,0.375,0.102052
vib_normal_0hp,RDP_OFFLINE,193,0.376953,0.143854
vib_normal_0hp,RDP_OFFLINE,194,0.378906,0.174023
vib_normal_0hp,RDP_OFFLINE,195,0.380859,0.108134
vib_normal_0hp,RDP_OFFLINE,196,0.382812,0.218899
vib_normal_0hp,RDP_OFFLINE,197,0.384766,0.0762465
vib_normal_0hp,RDP_OFFLINE,198,0.386719,0.0385179
vib_normal_0hp,RDP_OFFLINE,199,0.388672,0.151821
vib_normal_0hp,RDP_OFFLINE,200,0.390625,0.165354
vib_normal_0hp,RDP_OFFLINE,201,0.392578,0.053487
vib_normal_0hp,RDP_OFFLINE,202,0.394531,0.111861
vib_normal_0hp,RDP_OFFLINE,203,0.396484,0.14044
vib_normal_0hp,RDP_OFFLINE,204,0.398438,0.181331
vib_normal_0hp,RDP_OFFLINE,205,0.400391,0.274384
vib_normal_0hp,RDP_OFFLINE,206,0.402344,0.0898502
vib_normal_0hp,RDP_OFFLINE,207,0.404297,0.264873
vib_normal_0hp,RDP_OFFLINE,208,0.40625,0.0660474
vib_normal_0hp,RDP_OFFLINE,209,0.408203,0.218163
vib_normal_0hp,RDP_OFFLINE,210,0.410156,0.429864
vib_normal_0hp,RDP_OFFLINE,211,0.412109,0.202884
vib_normal_0hp,RDP_OFFLINE,212,0.414062,0.0298561
vib_normal_0hp,RDP_OFFLINE,213,0.416016,0.126952
vib_normal_0hp,RDP_OFFLINE,214,0.417969,0.184843
vib_normal_0hp,RDP_OFFLINE,215,0.419922,0.0273865
vib_normal_0hp,RDP_OFFLINE,216,0.421875,0.0830525
vib_normal_0hp,RDP_OFFLINE,217,0.423828,0.0384168
vib_normal_0hp,RDP_OFFLINE,218,0.425781,0.1509
vib_normal_0hp,RDP_OFFLINE,219,0.427734,0.169065
vib_normal_0hp,RDP_OFFLINE,220,0.429688,0.127141
vib_normal_0hp,RDP_OFFLINE,221,0.431641,0.0150958
vib_normal_0hp,RDP_OFFLINE,222,0.433594,0.162707
vib_normal_0hp,RDP_OFFLINE,223,0.435547,0.162051
vib_normal_0hp,RDP_OFFLINE,224,0.4375,0.157187
vib_normal_0hp,RDP_OFFLINE,225,0.439453,0.336085
vib_normal_0hp,RDP_OFFLINE,226,0.441406,0.093827
vib_normal_0hp,RDP_OFFLINE,227,0.443359,0.090015
vib_normal_0hp,RDP_OFFLINE,228,0.445312,0.131293
vib_normal_0hp,RDP_OFFLINE,229,0.447266,0.0540009
vib_normal_0hp,RDP_OFFLINE,230,0.449219,0.0757513
vib_normal_0hp,RDP_OFFLINE,231,0.451172,0.104017
vib_normal_0hp,RDP_OFFLINE,232,0.453125,0.110705
vib_normal_0hp,RDP_OFFLINE,233,0.455078,0.0586527
vib_normal_0hp,RDP_OFFLINE,234,0.457031,0.0661859
vib_normal_0hp,RDP_OFFLINE,235,0.458984,0.0496393
vib_normal_0hp,RDP_OFFLINE,236,0.460938,0.137763
vib_normal_0hp,RDP_OFFLINE,237,0.462891,0.0511297
vib_normal_0hp,RDP_OFFLINE,238,0.464844,0.132156
vib_normal_0hp,RDP_OFFLINE,239,0.466797,0.0855319
vib_normal_0hp,RDP_OFFLINE,240,0.46875,0.089314
vib_normal_0hp,RDP_OFFLINE,241,0.470703,0.0400404
vib_normal_0hp,RDP_OFFLINE,242,0.472656,0.0828702
vib_normal_0hp,RDP_OFFLINE,243,0.474609,0.211589
vib_normal_0hp,RDP_OFFLINE,244,0.476562,0.104173
vib_normal_0hp,RDP_OFFLINE,245,0.478516,0.0788312
vib_normal_0hp,RDP_OFFLINE,246,0.480469,0.0127336
vib_normal_0hp,RDP_OFFLINE,247,0.482422,0.0783493
vib_normal_0hp,RDP_OFFLINE,248,0.484375,0.168773
vib_normal_0hp,RDP_OFFLINE,249,0.486328,0.0681091
vib_normal_0hp,RDP_OFFLINE,250,0.488281,0.0603006
vib_normal_0hp,RDP_OFFLINE,251,0.490234,0.0789781
vib_normal_0hp,RDP_OFFLINE,252,0.492188,0.02308
vib_normal_0hp,RDP_OFFLINE,253,0.494141,0.0381246
vib_normal_0hp,RDP_OFFLINE,254,0.496094,0.0973003
vib_normal_0hp,RDP_OFFLINE,255,0.498047,0.113903
vib_normal_0hp,LTTB_OFFLINE,0,0,6.35329
vib_normal_0hp,LTTB_OFFLINE,1,0.00195312,0.660282
vib_normal_0hp,LTTB_OFFLINE,2,0.00390625,4.56697
vib_normal_0hp,LTTB_OFFLINE,3,0.00585938,1.88454
vib_normal_0hp,LTTB_OFFLINE,4,0.0078125,4.84207
vib_normal_0hp,LTTB_OFFLINE,5,0.00976562,1.24235
vib_normal_0hp,LTTB_OFFLINE,6,0.0117188,3.89586
vib_normal_0hp,LTTB_OFFLINE,7,0.0136719,11.5784
vib_normal_0hp,LTTB_OFFLINE,8,0.015625,0.77883
vib_normal_0hp,LTTB_OFFLINE,9,0.0175781,2.31079
vib_normal_0hp,LTTB_OFFLINE,10,0.0195312,2.16914
vib_normal_0hp,LTTB_OFFLINE,11,0.0214844,1.77117
vib_normal_0hp,LTTB_OFFLINE,12,0.0234375,3.61984
vib_normal_0hp,LTTB_OFFLINE,13,0.0253906,0.902257
vib_normal_0hp,LTTB_OFFLINE,14,0.0273438,0.485596
vib_normal_0hp,LTTB_OFFLINE,15,0.0292969,4.87185
vib_normal_0hp,LTTB_OFFLINE,16,0.03125,0.913762
vib_normal_0hp,LTTB_OFFLINE,17,0.0332031,1.29624
vib_normal_0hp,LTTB_OFFLINE,18,0.0351562,0.458919
vib_normal_0hp,LTTB_OFFLINE,19,0.0371094,0.973683
vib_normal_0hp,LTTB_OFFLINE,20,0.0390625,0.427139
vib_normal_0hp,LTTB_OFFLINE,21,0.0410156,0.599646
vib_normal_0hp,LTTB_OFFLINE,22,0.0429688,0.583097
vib_normal_0hp,LTTB_OFFLINE,23,0.0449219,0.233734
vib_normal_0hp,LTTB_OFFLINE,24,0.046875,0.608583
vib_normal_0hp,LTTB_OFFLINE,25,0.0488281,0.266037
vib_normal_0hp,LTTB_OFFLINE,26,0.0507812,0.917676
vib_normal_0hp,LTTB_OFFLINE,27,0.0527344,0.609987
vib_normal_0hp,LTTB_OFFLINE,28,0.0546875,3.70349
vib_normal_0hp,LTTB_OFFLINE,29,0.0566406,3.75795
vib_normal_0hp,LTTB_OFFLINE,30,0.0585938,1.58689
vib_normal_0hp,LTTB_OFFLINE,31,0.0605469,3.64642
vib_normal_0hp,LTTB_OFFLINE,32,0.0625,0.902242
vib_normal_0hp,LTTB_OFFLINE,33,0.0644531,0.26735
vib_normal_0hp,LTTB_OFFLINE,34,0.0664062,1.23872
vib_normal_0hp,LTTB_OFFLINE,35,0.0683594,2.77853
vib_normal_0hp,LTTB_OFFLINE,36,0.0703125,2.05595
vib_normal_0hp,LTTB_OFFLINE,37,0.0722656,1.99887
vib_normal_0hp,LTTB_OFFLINE,38,0.0742188,0.798552
vib_normal_0hp,LTTB_OFFLINE,39,0.0761719,1.52537
vib_normal_0hp,LTTB_OFFLINE,40,0.078125,0.600053
vib_normal_0hp,LTTB_OFFLINE,41,0.0800781,1.81395
vib_normal_0hp,LTTB_OFFLINE,42,0.0820312,2.26385
vib_normal_0hp,LTTB_OFFLINE,43,0.0839844,5.56959
vib_normal_0hp,LTTB_OFFLINE,44,0.0859375,11.1972
vib_normal_0hp,LTTB_OFFLINE,45,0.0878906,10.6753
vib_normal_0hp,LTTB_OFFLINE,46,0.0898438,4.56932
vib_normal_0hp,LTTB_OFFLINE,47,0.0917969,5.95981
vib_normal_0hp,LTTB_OFFLINE,48,0.09375,3.0067
vib_normal_0hp,LTTB_OFFLINE,49,0.0957031,0.84515
vib_normal_0hp,LTTB_OFFLINE,50,0.0976562,0.42788
vib_normal_0hp,LTTB_OFFLINE,51,0.0996094,0.422119
vib_normal_0hp,LTTB_OFFLINE,52,0.101562,0.70343
vib_normal_0hp,LTTB_OFFLINE,53,0.103516,0.574521
vib_normal_0hp,LTTB_OFFLINE,54,0.105469,0.404292
vib_normal_0hp,LTTB_OFFLINE,55,0.107422,0.656447
vib_normal_0hp,LTTB_OFFLINE,56,0.109375,1.45661
vib_normal_0hp,LTTB_OFFLINE,57,0.111328,1.61329
vib_normal_0hp,LTTB_OFFLINE,58,0.113281,0.53494
vib_normal_0hp,LTTB_OFFLINE,59,0.115234,0.829188
vib_normal_0hp,LTTB_OFFLINE,60,0.117188,0.388597
vib_normal_0hp,LTTB_OFFLINE,61,0.119141,0.472828
vib_normal_0hp,LTTB_OFFLINE,62,0.121094,0.668244
vib_normal_0hp,LTTB_OFFLINE,63,0.123047,0.640739
vib_normal_0hp,LTTB_OFFLINE,64,0.125,0.0360406
vib_normal_0hp,LTTB_OFFLINE,65,0.126953,0.419315
vib_normal_0hp,LTTB_OFFLINE,66,0.128906,0.370621
vib_normal_0hp,LTTB_OFFLINE,67,0.130859,0.0241582
vib_normal_0hp,LTTB_OFFLINE,68,0.132812,0.142446
vib_normal_0hp,LTTB_OFFLINE,69,0.134766,0.545336
vib_normal_0hp,LTTB_OFFLINE,70,0.136719,0.182427
vib_normal_0hp,LTTB_OFFLINE,71,0.138672,0.139934
vib_normal_0hp,LTTB_OFFLINE,72,0.140625,0.171739
vib_normal_0hp,LTTB_OFFLINE,73,0.142578,0.28968
vib_normal_0hp,LTTB_OFFLINE,74,0.144531,0.211156
vib_normal_0hp,LTTB_OFFLINE,75,0.146484,0.280514
vib_normal_0hp,LTTB_OFFLINE,76,0.148438,0.10104
vib_normal_0hp,LTTB_OFFLINE,77,0.150391,0.191127
vib_normal_0hp,LTTB_OFFLINE,78,0.152344,0.158673
vib_normal_0hp,LTTB_OFFLINE,79,0.154297,0.530292
vib_normal_0hp,LTTB_OFFLINE,80,0.15625,0.175589
vib_normal_0hp,LTTB_OFFLINE,81,0.158203,0.479097
vib_normal_0hp,LTTB_OFFLINE,82,0.160156,0.314665
vib_normal_0hp,LTTB_OFFLINE,83,0.162109,0.42834
vib_normal_0hp,LTTB_OFFLINE,84,0.164062,0.548772
vib_normal_0hp,LTTB_OFFLINE,85,0.166016,0.190736
vib_normal_0hp,LTTB_OFFLINE,86,0.167969,0.713629
vib_normal_0hp,LTTB_OFFLINE,87,0.169922,0.652805
vib_normal_0hp,LTTB_OFFLINE,88,0.171875,1.22576
vib_normal_0hp,LTTB_OFFLINE,89,0.173828,1.61041
vib_normal_0hp,LTTB_OFFLINE,90,0.175781,3.86147
vib_normal_0hp,LTTB_OFFLINE,91,0.177734,0.625106
vib_normal_0hp,LTTB_OFFLINE,92,0.179688,0.36403
vib_normal_0hp,LTTB_OFFLINE,93,0.181641,0.310501
vib_normal_0hp,LTTB_OFFLINE,94,0.183594,0.422846
vib_normal_0hp,LTTB_OFFLINE,95,0.185547,0.45397
vib_normal_0hp,LTTB_OFFLINE,96,0.1875,0.228453
vib_normal_0hp,LTTB_OFFLINE,97,0.189453,0.151723
vib_normal_0hp,LTTB_OFFLINE,98,0.191406,0.15938
vib_normal_0hp,LTTB_OFFLINE,99,0.193359,0.246774
vib_normal_0hp,LTTB_OFFLINE,100,0.195312,0.236509
vib_normal_0hp,LTTB_OFFLINE,101,0.197266,0.420603
vib_normal_0hp,LTTB_OFFLINE,102,0.199219,0.238792
vib_normal_0hp,LTTB_OFFLINE,103,0.201172,0.0544032
vib_normal_0hp,LTTB_OFFLINE,104,0.203125,0.0914094
vib_normal_0hp,LTTB_OFFLINE,105,0.205078,0.202222
vib_normal_0hp,LTTB_OFFLINE,106,0.207031,0.254684
vib_normal_0hp,LTTB_OFFLINE,107,0.208984,0.104192
vib_normal_0hp,LTTB_OFFLINE,108,0.210938,0.320281
vib_normal_0hp,LTTB_OFFLINE,109,0.212891,0.150129
vib_normal_0hp,LTTB_OFFLINE,110,0.214844,0.310522
vib_normal_0hp,LTTB_OFFLINE,111,0.216797,0.078372
vib_normal_0hp,LTTB_OFFLINE,112,0.21875,0.0728149
vib_normal_0hp,LTTB_OFFLINE,113,0.220703,0.307263
vib_normal_0hp,LTTB_OFFLINE,114,0.222656,0.226166
vib_normal_0hp,LTTB_OFFLINE,115,0.224609,0.101674
vib_normal_0hp,LTTB_OFFLINE,116,0.226562,0.308865
vib_normal_0hp,LTTB_OFFLINE,117,0.228516,0.317968
vib_normal_0hp,LTTB_OFFLINE,118,0.230469,0.252961
vib_normal_0hp,LTTB_OFFLINE,119,0.232422,0.0235649
vib_normal_0hp,LTTB_OFFLINE,120,0.234375,0.26363
vib_normal_0hp,LTTB_OFFLINE,121,0.236328,0.252472
vib_normal_0hp,LTTB_OFFLINE,122,0.238281,0.222879
vib_normal_0hp,LTTB_OFFLINE,123,0.240234,0.345876
vib_normal_0hp,LTTB_OFFLINE,124,0.242188,0.00506132
vib_normal_0hp,LTTB_OFFLINE,125,0.244141,0.092692
vib_normal_0hp,LTTB_OFFLINE,126,0.246094,0.119663
vib_normal_0hp,LTTB_OFFLINE,127,0.248047,0.224931
vib_normal_0hp,LTTB_OFFLINE,128,0.25,0.185792
vib_normal_0hp,LTTB_OFFLINE,129,0.251953,0.131677
vib_normal_0hp,LTTB_OFFLINE,130,0.253906,0.155058
vib_normal_0hp,LTTB_OFFLINE,131,0.255859,0.22123
vib_normal_0hp,LTTB_OFFLINE,132,0.257812,0.114812
vib_normal_0hp,LTTB_OFFLINE,133,0.259766,0.336499
vib_normal_0hp,LTTB_OFFLINE,134,0.261719,0.166352
vib_normal_0hp,LTTB_OFFLINE,135,0.263672,0.037181
vib_normal_0hp,LTTB_OFFLINE,136,0.265625,0.164073
vib_normal_0hp,LTTB_OFFLINE,137,0.267578,0.0389577
vib_normal_0hp,LTTB_OFFLINE,138,0.269531,0.0667781
vib_normal_0hp,LTTB_OFFLINE,139,0.271484,0.16062
vib_normal_0hp,LTTB_OFFLINE,140,0.273438,0.140859
vib_normal_0hp,LTTB_OFFLINE,141,0.275391,0.0938324
vib_normal_0hp,LTTB_OFFLINE,142,0.277344,0.230043
vib_normal_0hp,LTTB_OFFLINE,143,0.279297,0.225439
vib_normal_0hp,LTTB_OFFLINE,144,0.28125,0.146121
vib_normal_0hp,LTTB_OFFLINE,145,0.283203,0.0799819
vib_normal_0hp,LTTB_OFFLINE,146,0.285156,0.0936771
vib_normal_0hp,LTTB_OFFLINE,147,0.287109,0.467788
vib_normal_0hp,LTTB_OFFLINE,148,0.289062,0.0897828
vib_normal_0hp,LTTB_OFFLINE,149,0.291016,0.0775857
vib_normal_0hp,LTTB_OFFLINE,150,0.292969,0.115643
vib_normal_0hp,LTTB_OFFLINE,151,0.294922,0.266742
vib_normal_0hp,LTTB_OFFLINE,152,0.296875,0.0170353
vib_normal_0hp,LTTB_OFFLINE,153,0.298828,0.310996
vib_normal_0hp,LTTB_OFFLINE,154,0.300781,0.220581
vib_normal_0hp,LTTB_OFFLINE,155,0.302734,0.14886
vib_normal_0hp,LTTB_OFFLINE,156,0.304688,0.0358121
vib_normal_0hp,LTTB_OFFLINE,157,0.306641,0.0321139
vib_normal_0hp,LTTB_OFFLINE,158,0.308594,0.0873525
vib_normal_0hp,LTTB_OFFLINE,159,0.310547,0.104455
vib_normal_0hp,LTTB_OFFLINE,160,0.3125,0.169066
vib_normal_0hp,LTTB_OFFLINE,161,0.314453,0.113671
vib_normal_0hp,LTTB_OFFLINE,162,0.316406,0.145384
vib_normal_0hp,LTTB_OFFLINE,163,0.318359,0.0892694
vib_normal_0hp,LTTB_OFFLINE,164,0.320312,0.0469852
vib_normal_0hp,LTTB_OFFLINE,165,0.322266,0.354924
vib_normal_0hp,LTTB_OFFLINE,166,0.324219,0.14709
vib_normal_0hp,LTTB_OFFLINE,167,0.326172,0.162075
vib_normal_0hp,LTTB_OFFLINE,168,0.328125,0.100384
vib_normal_0hp,LTTB_OFFLINE,169,0.330078,0.090721
vib_normal_0hp,LTTB_OFFLINE,170,0.332031,0.187557
vib_normal_0hp,LTTB_OFFLINE,171,0.333984,0.126319
vib_normal_0hp,LTTB_OFFLINE,172,0.335938,0.243217
vib_normal_0hp,LTTB_OFFLINE,173,0.337891,0.21665
vib_normal_0hp,LTTB_OFFLINE,174,0.339844,0.209252
vib_normal_0hp,LTTB_OFFLINE,175,0.341797,0.107971
vib_normal_0hp,LTTB_OFFLINE,176,0.34375,0.0967275
vib_normal_0hp,LTTB_OFFLINE,177,0.345703,0.0894885
vib_normal_0hp,LTTB_OFFLINE,178,0.347656,0.224209
vib_normal_0hp,LTTB_OFFLINE,179,0.349609,0.125442
vib_normal_0hp,LTTB_OFFLINE,180,0.351562,0.137211
vib_normal_0hp,LTTB_OFFLINE,181,0.353516,0.189031
vib_normal_0hp,LTTB_OFFLINE,182,0.355469,0.158758
vib_normal_0hp,LTTB_OFFLINE,183,0.357422,0.132053
vib_normal_0hp,LTTB_OFFLINE,184,0.359375,0.119092
vib_normal_0hp,LTTB_OFFLINE,185,0.361328,0.0545825
vib_normal_0hp,LTTB_OFFLINE,186,0.363281,0.156461
vib_normal_0hp,LTTB_OFFLINE,187,0.365234,0.189823
vib_normal_0hp,LTTB_OFFLINE,188,0.367188,0.11609
vib_normal_0hp,LTTB_OFFLINE,189,0.369141,0.222103
vib_normal_0hp,LTTB_OFFLINE,190,0.371094,0.106885
vib_normal_0hp,LTTB_OFFLINE,191,0.373047,0.151527
vib_normal_0hp,LTTB_OFFLINE,192,0.375,0.110086
vib_normal_0hp,LTTB_OFFLINE,193,0.376953,0.0579102
vib_normal_0hp,LTTB_OFFLINE,194,0.378906,0.193745
vib_normal_0hp,LTTB_OFFLINE,195,0.380859,0.0778766
vib_normal_0hp,LTTB_OFFLINE,196,0.382812,0.267774
vib_normal_0hp,LTTB_OFFLINE,197,0.384766,0.219242
vib_normal_0hp,LTTB_OFFLINE,198,0.386719,0.0603744
vib_normal_0hp,LTTB_OFFLINE,199,0.388672,0.169539
vib_normal_0hp,LTTB_OFFLINE,200,0.390625,0.180369
vib_normal_0hp,LTTB_OFFLINE,201,0.392578,0.171865
vib_normal_0hp,LTTB_OFFLINE,202,0.394531,0.207499
vib_normal_0hp,LTTB_OFFLINE,203,0.396484,0.0807185
vib_normal_0hp,LTTB_OFFLINE,204,0.398438,0.143898
vib_normal_0hp,LTTB_OFFLINE,205,0.400391,0.286899
vib_normal_0hp,LTTB_OFFLINE,206,0.402344,0.0433443
vib_normal_0hp,LTTB_OFFLINE,207,0.404297,0.352274
vib_normal_0hp,LTTB_OFFLINE,208,0.40625,0.154334
vib_normal_0hp,LTTB_OFFLINE,209,0.408203,0.146846
vib_normal_0hp,LTTB_OFFLINE,210,0.410156,0.0447436
vib_normal_0hp,LTTB_OFFLINE,211,0.412109,0.0530867
vib_normal_0hp,LTTB_OFFLINE,212,0.414062,0.190252
vib_normal_0hp,LTTB_OFFLINE,213,0.416016,0.071451
vib_normal_0hp,LTTB_OFFLINE,214,0.417969,0.0599496
vib_normal_0hp,LTTB_OFFLINE,215,0.419922,0.112501
vib_normal_0hp,LTTB_OFFLINE,216,0.421875,0.0759043
vib_normal_0hp,LTTB_OFFLINE,217,0.423828,0.130411
vib_normal_0hp,LTTB_OFFLINE,218,0.425781,0.0657362
vib_normal_0hp,LTTB_OFFLINE,219,0.427734,0.0570165
vib_normal_0hp,LTTB_OFFLINE,220,0.429688,0.104274
vib_normal_0hp,LTTB_OFFLINE,221,0.431641,0.188259
vib_normal_0hp,LTTB_OFFLINE,222,0.433594,0.144897
vib_normal_0hp,LTTB_OFFLINE,223,0.435547,0.0401035
vib_normal_0hp,LTTB_OFFLINE,224,0.4375,0.256446
vib_normal_0hp,LTTB_OFFLINE,225,0.439453,0.221578
vib_normal_0hp,LTTB_OFFLINE,226,0.441406,0.304389
vib_normal_0hp,LTTB_OFFLINE,227,0.443359,0.0858003
vib_normal_0hp,LTTB_OFFLINE,228,0.445312,0.0423337
vib_normal_0hp,LTTB_OFFLINE,229,0.447266,0.0679722
vib_normal_0hp,LTTB_OFFLINE,230,0.449219,0.197181
vib_normal_0hp,LTTB_OFFLINE,231,0.451172,0.162343
vib_normal_0hp,LTTB_OFFLINE,232,0.453125,0.0445372
vib_normal_0hp,LTTB_OFFLINE,233,0.455078,0.252695
vib_normal_0hp,LTTB_OFFLINE,234,0.457031,0.139897
vib_normal_0hp,LTTB_OFFLINE,235,0.458984,0.104897
vib_normal_0hp,LTTB_OFFLINE,236,0.460938,0.0473971
vib_normal_0hp,LTTB_OFFLINE,237,0.462891,0.0698859
vib_normal_0hp,LTTB_OFFLINE,238,0.464844,0.125658
vib_normal_0hp,LTTB_OFFLINE,239,0.466797,0.138156
vib_normal_0hp,LTTB_OFFLINE,240,0.46875,0.179717
vib_normal_0hp,LTTB_OFFLINE,241,0.470703,0.0711788
vib_normal_0hp,LTTB_OFFLINE,242,0.472656,0.129728
vib_normal_0hp,LTTB_OFFLINE,243,0.474609,0.383687
vib_normal_0hp,LTTB_OFFLINE,244,0.476562,0.0115113
vib_normal_0hp,LTTB_OFFLINE,245,0.478516,0.178456
vib_normal_0hp,LTTB_OFFLINE,246,0.480469,0.152585
vib_normal_0hp,LTTB_OFFLINE,247,0.482422,0.120425
vib_normal_0hp,LTTB_OFFLINE,248,0.484375,0.411695
vib_normal_0hp,LTTB_OFFLINE,249,0.486328,0.204982
vib_normal_0hp,LTTB_OFFLINE,250,0.488281,0.174547
vib_normal_0hp,LTTB_OFFLINE,251,0.490234,0.291783
vib_normal_0hp,LTTB_OFFLINE,252,0.492188,0.190592
vib_normal_0hp,LTTB_OFFLINE,253,0.494141,0.142993
vib_normal_0hp,LTTB_OFFLINE,254,0.496094,0.155001
vib_normal_0hp,LTTB_OFFLINE,255,0.498047,0.312763
vib_normal_0hp,IMP_INTERP_COMPOSITE,0,0,6.77604
vib_normal_0hp,IMP_INTERP_COMPOSITE,1,0.00195312,0.455481
vib_normal_0hp,IMP_INTERP_COMPOSITE,2,0.00390625,4.49837
vib_normal_0hp,IMP_INTERP_COMPOSITE,3,0.00585938,1.88198
vib_normal_0hp,IMP_INTERP_COMPOSITE,4,0.0078125,4.78812
vib_normal_0hp,IMP_INTERP_COMPOSITE,5,0.00976562,1.19084
vib_normal_0hp,IMP_INTERP_COMPOSITE,6,0.0117188,3.56787
vib_normal_0hp,IMP_INTERP_COMPOSITE,7,0.0136719,11.7103
vib_normal_0hp,IMP_INTERP_COMPOSITE,8,0.015625,0.483843
vib_normal_0hp,IMP_INTERP_COMPOSITE,9,0.0175781,2.59599
vib_normal_0hp,IMP_INTERP_COMPOSITE,10,0.0195312,2.04748
vib_normal_0hp,IMP_INTERP_COMPOSITE,11,0.0214844,1.80518
vib_normal_0hp,IMP_INTERP_COMPOSITE,12,0.0234375,3.61821
vib_normal_0hp,IMP_INTERP_COMPOSITE,13,0.0253906,0.850452
vib_normal_0hp,IMP_INTERP_COMPOSITE,14,0.0273438,0.663706
vib_normal_0hp,IMP_INTERP_COMPOSITE,15,0.0292969,4.78616
vib_normal_0hp,IMP_INTERP_COMPOSITE,16,0.03125,0.933032
vib_normal_0hp,IMP_INTERP_COMPOSITE,17,0.0332031,1.47258
vib_normal_0hp,IMP_INTERP_COMPOSITE,18,0.0351562,0.509364
vib_normal_0hp,IMP_INTERP_COMPOSITE,19,0.0371094,0.962779
vib_normal_0hp,IMP_INTERP_COMPOSITE,20,0.0390625,0.355783
vib_normal_0hp,IMP_INTERP_COMPOSITE,21,0.0410156,0.726154
vib_normal_0hp,IMP_INTERP_COMPOSITE,22,0.0429688,0.387181
vib_normal_0hp,IMP_INTERP_COMPOSITE,23,0.0449219,0.376503
vib_normal_0hp,IMP_INTERP_COMPOSITE,24,0.046875,0.473418
vib_normal_0hp,IMP_INTERP_COMPOSITE,25,0.0488281,0.416469
vib_normal_0hp,IMP_INTERP_COMPOSITE,26,0.0507812,0.727195
vib_normal_0hp,IMP_INTERP_COMPOSITE,27,0.0527344,0.698861
vib_normal_0hp,IMP_INTERP_COMPOSITE,28,0.0546875,3.86271
vib_normal_0hp,IMP_INTERP_COMPOSITE,29,0.0566406,3.84769
vib_normal_0hp,IMP_INTERP_COMPOSITE,30,0.0585938,1.47164
vib_normal_0hp,IMP_INTERP_COMPOSITE,31,0.0605469,3.61169
vib_normal_0hp,IMP_INTERP_COMPOSITE,32,0.0625,0.949723
vib_normal_0hp,IMP_INTERP_COMPOSITE,33,0.0644531,0.315634
vib_normal_0hp,IMP_INTERP_COMPOSITE,34,0.0664062,1.36546
vib_normal_0hp,IMP_INTERP_COMPOSITE,35,0.0683594,2.73448
vib_normal_0hp,IMP_INTERP_COMPOSITE,36,0.0703125,2.36243
vib_normal_0hp,IMP_INTERP_COMPOSITE,37,0.0722656,2.06639
vib_normal_0hp,IMP_INTERP_COMPOSITE,38,0.0742188,0.733255
vib_normal_0hp,IMP_INTERP_COMPOSITE,39,0.0761719,1.44873
vib_normal_0hp,IMP_INTERP_COMPOSITE,40,0.078125,0.567236
vib_normal_0hp,IMP_INTERP_COMPOSITE,41,0.0800781,2.06101
vib_normal_0hp,IMP_INTERP_COMPOSITE,42,0.0820312,2.35319
vib_normal_0hp,IMP_INTERP_COMPOSITE,43,0.0839844,5.82477
vib_normal_0hp,IMP_INTERP_COMPOSITE,44,0.0859375,11.9819
vib_normal_0hp,IMP_INTERP_COMPOSITE,45,0.0878906,11.2155
vib_normal_0hp,IMP_INTERP_COMPOSITE,46,0.0898438,4.87194
vib_normal_0hp,IMP_INTERP_COMPOSITE,47,0.0917969,6.24144
vib_normal_0hp,IMP_INTERP_COMPOSITE,48,0.09375,3.30064
vib_normal_0hp,IMP_INTERP_COMPOSITE,49,0.0957031,0.794631
vib_normal_0hp,IMP_INTERP_COMPOSITE,50,0.0976562,0.508959
vib_normal_0hp,IMP_INTERP_COMPOSITE,51,0.0996094,0.490211
vib_normal_0hp,IMP_INTERP_COMPOSITE,52,0.101562,0.614129
vib_normal_0hp,IMP_INTERP_COMPOSITE,53,0.103516,0.807823
vib_normal_0hp,IMP_INTERP_COMPOSITE,54,0.105469,0.454158
vib_normal_0hp,IMP_INTERP_COMPOSITE,55,0.107422,0.443223
vib_normal_0hp,IMP_INTERP_COMPOSITE,56,0.109375,1.55861
vib_normal_0hp,IMP_INTERP_COMPOSITE,57,0.111328,1.68003
vib_normal_0hp,IMP_INTERP_COMPOSITE,58,0.113281,0.552172
vib_normal_0hp,IMP_INTERP_COMPOSITE,59,0.115234,0.993062
vib_normal_0hp,IMP_INTERP_COMPOSITE,60,0.117188,0.476032
vib_normal_0hp,IMP_INTERP_COMPOSITE,61,0.119141,0.540741
vib_normal_0hp,IMP_INTERP_COMPOSITE,62,0.121094,0.540565
vib_normal_0hp,IMP_INTERP_COMPOSITE,63,0.123047,0.713385
vib_normal_0hp,IMP_INTERP_COMPOSITE,64,0.125,0.239461
vib_normal_0hp,IMP_INTERP_COMPOSITE,65,0.126953,0.390535
vib_normal_0hp,IMP_INTERP_COMPOSITE,66,0.128906,0.290298
vib_normal_0hp,IMP_INTERP_COMPOSITE,67,0.130859,0.176781
vib_normal_0hp,IMP_INTERP_COMPOSITE,68,0.132812,0.0963792
vib_normal_0hp,IMP_INTERP_COMPOSITE,69,0.134766,0.346206
vib_normal_0hp,IMP_INTERP_COMPOSITE,70,0.136719,0.242859
vib_normal_0hp,IMP_INTERP_COMPOSITE,71,0.138672,0.387544
vib_normal_0hp,IMP_INTERP_COMPOSITE,72,0.140625,0.484868
vib_normal_0hp,IMP_INTERP_COMPOSITE,73,0.142578,0.391304
vib_normal_0hp,IMP_INTERP_COMPOSITE,74,0.144531,0.383932
vib_normal_0hp,IMP_INTERP_COMPOSITE,75,0.146484,0.189168
vib_normal_0hp,IMP_INTERP_COMPOSITE,76,0.148438,0.232863
vib_normal_0hp,IMP_INTERP_COMPOSITE,77,0.150391,0.338952
vib_normal_0hp,IMP_INTERP_COMPOSITE,78,0.152344,0.32119
vib_normal_0hp,IMP_INTERP_COMPOSITE,79,0.154297,0.462707
vib_normal_0hp,IMP_INTERP_COMPOSITE,80,0.15625,0.121313
vib_normal_0hp,IMP_INTERP_COMPOSITE,81,0.158203,0.529032
vib_normal_0hp,IMP_INTERP_COMPOSITE,82,0.160156,0.142466
vib_normal_0hp,IMP_INTERP_COMPOSITE,83,0.162109,0.307335
vib_normal_0hp,IMP_INTERP_COMPOSITE,84,0.164062,0.629761
vib_normal_0hp,IMP_INTERP_COMPOSITE,85,0.166016,0.310611
vib_normal_0hp,IMP_INTERP_COMPOSITE,86,0.167969,0.977048
vib_normal_0hp,IMP_INTERP_COMPOSITE,87,0.169922,0.656696
vib_normal_0hp,IMP_INTERP_COMPOSITE,88,0.171875,1.39047
vib_normal_0hp,IMP_INTERP_COMPOSITE,89,0.173828,1.70669
vib_normal_0hp,IMP_INTERP_COMPOSITE,90,0.175781,4.59286
vib_normal_0hp,IMP_INTERP_COMPOSITE,91,0.177734,0.847222
vib_normal_0hp,IMP_INTERP_COMPOSITE,92,0.179688,0.600466
vib_normal_0hp,IMP_INTERP_COMPOSITE,93,0.181641,0.433654
vib_normal_0hp,IMP_INTERP_COMPOSITE,94,0.183594,0.422635
vib_normal_0hp,IMP_INTERP_COMPOSITE,95,0.185547,0.352269
vib_normal_0hp,IMP_INTERP_COMPOSITE,96,0.1875,0.378692
vib_normal_0hp,IMP_INTERP_COMPOSITE,97,0.189453,0.125806
vib_normal_0hp,IMP_INTERP_COMPOSITE,98,0.191406,0.186594
vib_normal_0hp,IMP_INTERP_COMPOSITE,99,0.193359,0.353295
vib_normal_0hp,IMP_INTERP_COMPOSITE,100,0.195312,0.226214
vib_normal_0hp,IMP_INTERP_COMPOSITE,101,0.197266,0.34434
vib_normal_0hp,IMP_INTERP_COMPOSITE,102,0.199219,0.108016
vib_normal_0hp,IMP_INTERP_COMPOSITE,103,0.201172,0.204229
vib_normal_0hp,IMP_INTERP_COMPOSITE,104,0.203125,0.212689
vib_normal_0hp,IMP_INTERP_COMPOSITE,105,0.205078,0.123037
vib_normal_0hp,IMP_INTERP_COMPOSITE,106,0.207031,0.113297
vib_normal_0hp,IMP_INTERP_COMPOSITE,107,0.208984,0.0891249
vib_normal_0hp,IMP_INTERP_COMPOSITE,108,0.210938,0.0772946
vib_normal_0hp,IMP_INTERP_COMPOSITE,109,0.212891,0.108946
vib_normal_0hp,IMP_INTERP_COMPOSITE,110,0.214844,0.334365
vib_normal_0hp,IMP_INTERP_COMPOSITE,111,0.216797,0.10686
vib_normal_0hp,IMP_INTERP_COMPOSITE,112,0.21875,0.219318
vib_normal_0hp,IMP_INTERP_COMPOSITE,113,0.220703,0.331787
vib_normal_0hp,IMP_INTERP_COMPOSITE,114,0.222656,0.00865905
vib_normal_0hp,IMP_INTERP_COMPOSITE,115,0.224609,0.078237
vib_normal_0hp,IMP_INTERP_COMPOSITE,116,0.226562,0.218383
vib_normal_0hp,IMP_INTERP_COMPOSITE,117,0.228516,0.107958
vib_normal_0hp,IMP_INTERP_COMPOSITE,118,0.230469,0.0622763
vib_normal_0hp,IMP_INTERP_COMPOSITE,119,0.232422,0.119832
vib_normal_0hp,IMP_INTERP_COMPOSITE,120,0.234375,0.24288
vib_normal_0hp,IMP_INTERP_COMPOSITE,121,0.236328,0.166295
vib_normal_0hp,IMP_INTERP_COMPOSITE,122,0.238281,0.223537
vib_normal_0hp,IMP_INTERP_COMPOSITE,123,0.240234,0.146105
vib_normal_0hp,IMP_INTERP_COMPOSITE,124,0.242188,0.0125342
vib_normal_0hp,IMP_INTERP_COMPOSITE,125,0.244141,0.0891785
vib_normal_0hp,IMP_INTERP_COMPOSITE,126,0.246094,0.261438
vib_normal_0hp,IMP_INTERP_COMPOSITE,127,0.248047,0.111551
vib_normal_0hp,IMP_INTERP_COMPOSITE,128,0.25,0.251811
vib_normal_0hp,IMP_INTERP_COMPOSITE,129,0.251953,0.27908
vib_normal_0hp,IMP_INTERP_COMPOSITE,130,0.253906,0.150271
vib_normal_0hp,IMP_INTERP_COMPOSITE,131,0.255859,0.196114
vib_normal_0hp,IMP_INTERP_COMPOSITE,132,0.257812,0.106526
vib_normal_0hp,IMP_INTERP_COMPOSITE,133,0.259766,0.122733
vib_normal_0hp,IMP_INTERP_COMPOSITE,134,0.261719,0.0688629
vib_normal_0hp,IMP_INTERP_COMPOSITE,135,0.263672,0.271791
vib_normal_0hp,IMP_INTERP_COMPOSITE,136,0.265625,0.264803
vib_normal_0hp,IMP_INTERP_COMPOSITE,137,0.267578,0.169493
vib_normal_0hp,IMP_INTERP_COMPOSITE,138,0.269531,0.120577
vib_normal_0hp,IMP_INTERP_COMPOSITE,139,0.271484,0.118373
vib_normal_0hp,IMP_INTERP_COMPOSITE,140,0.273438,0.0359413
vib_normal_0hp,IMP_INTERP_COMPOSITE,141,0.275391,0.0701505
vib_normal_0hp,IMP_INTERP_COMPOSITE,142,0.277344,0.126962
vib_normal_0hp,IMP_INTERP_COMPOSITE,143,0.279297,0.0667689
vib_normal_0hp,IMP_INTERP_COMPOSITE,144,0.28125,0.0673809
vib_normal_0hp,IMP_INTERP_COMPOSITE,145,0.283203,0.108977
vib_normal_0hp,IMP_INTERP_COMPOSITE,146,0.285156,0.129712
vib_normal_0hp,IMP_INTERP_COMPOSITE,147,0.287109,0.223789
vib_normal_0hp,IMP_INTERP_COMPOSITE,148,0.289062,0.110058
vib_normal_0hp,IMP_INTERP_COMPOSITE,149,0.291016,0.0668692
vib_normal_0hp,IMP_INTERP_COMPOSITE,150,0.292969,0.0994782
vib_normal_0hp,IMP_INTERP_COMPOSITE,151,0.294922,0.0974725
vib_normal_0hp,IMP_INTERP_COMPOSITE,152,0.296875,0.0688877
vib_normal_0hp,IMP_INTERP_COMPOSITE,153,0.298828,0.0410999
vib_normal_0hp,IMP_INTERP_COMPOSITE,154,0.300781,0.0588471
vib_normal_0hp,IMP_INTERP_COMPOSITE,155,0.302734,0.022326
vib_normal_0hp,IMP_INTERP_COMPOSITE,156,0.304688,0.127133
vib_normal_0hp,IMP_INTERP_COMPOSITE,157,0.306641,0.185976
vib_normal_0hp,IMP_INTERP_COMPOSITE,158,0.308594,0.138155
vib_normal_0hp,IMP_INTERP_COMPOSITE,159,0.310547,0.0736447
vib_normal_0hp,IMP_INTERP_COMPOSITE,160,0.3125,0.11452
vib_normal_0hp,IMP_INTERP_COMPOSITE,161,0.314453,0.0846759
vib_normal_0hp,IMP_INTERP_COMPOSITE,162,0.316406,0.0205174
vib_normal_0hp,IMP_INTERP_COMPOSITE,163,0.318359,0.112245
vib_normal_0hp,IMP_INTERP_COMPOSITE,164,0.320312,0.0728701
vib_normal_0hp,IMP_INTERP_COMPOSITE,165,0.322266,0.118036
vib_normal_0hp,IMP_INTERP_COMPOSITE,166,0.324219,0.0556992
vib_normal_0hp,IMP_INTERP_COMPOSITE,167,0.326172,0.140658
vib_normal_0hp,IMP_INTERP_COMPOSITE,168,0.328125,0.0761674
vib_normal_0hp,IMP_INTERP_COMPOSITE,169,0.330078,0.118129
vib_normal_0hp,IMP_INTERP_COMPOSITE,170,0.332031,0.0690746
vib_normal_0hp,IMP_INTERP_COMPOSITE,171,0.333984,0.0446238
vib_normal_0hp,IMP_INTERP_COMPOSITE,172,0.335938,0.120449
vib_normal_0hp,IMP_INTERP_COMPOSITE,173,0.337891,0.0232415
vib_normal_0hp,IMP_INTERP_COMPOSITE,174,0.339844,0.0616137
vib_normal_0hp,IMP_INTERP_COMPOSITE,175,0.341797,0.0354214
vib_normal_0hp,IMP_INTERP_COMPOSITE,176,0.34375,0.140824
vib_normal_0hp,IMP_INTERP_COMPOSITE,177,0.345703,0.152594
vib_normal_0hp,IMP_INTERP_COMPOSITE,178,0.347656,0.0749086
vib_normal_0hp,IMP_INTERP_COMPOSITE,179,0.349609,0.113775
vib_normal_0hp,IMP_INTERP_COMPOSITE,180,0.351562,0.171099
vib_normal_0hp,IMP_INTERP_COMPOSITE,181,0.353516,0.125154
vib_normal_0hp,IMP_INTERP_COMPOSITE,182,0.355469,0.0293334
vib_normal_0hp,IMP_INTERP_COMPOSITE,183,0.357422,0.0739179
vib_normal_0hp,IMP_INTERP_COMPOSITE,184,0.359375,0.16339
vib_normal_0hp,IMP_INTERP_COMPOSITE,185,0.361328,0.0487613
vib_normal_0hp,IMP_INTERP_COMPOSITE,186,0.363281,0.0462133
vib_normal_0hp,IMP_INTERP_COMPOSITE,187,0.365234,0.101209
vib_normal_0hp,IMP_INTERP_COMPOSITE,188,0.367188,0.0590869
vib_normal_0hp,IMP_INTERP_COMPOSITE,189,0.369141,0.0956619
vib_normal_0hp,IMP_INTERP_COMPOSITE,190,0.371094,0.12195
vib_normal_0hp,IMP_INTERP_COMPOSITE,191,0.373047,0.0858726
vib_normal_0hp,IMP_INTERP_COMPOSITE,192,0.375,0.0287731
vib_normal_0hp,IMP_INTERP_COMPOSITE,193,0.376953,0.155188
vib_normal_0hp,IMP_INTERP_COMPOSITE,194,0.378906,0.0685276
vib_normal_0hp,IMP_INTERP_COMPOSITE,195,0.380859,0.0242286
vib_normal_0hp,IMP_INTERP_COMPOSITE,196,0.382812,0.161308
vib_normal_0hp,IMP_INTERP_COMPOSITE,197,0.384766,0.0568647
vib_normal_0hp,IMP_INTERP_COMPOSITE,198,0.386719,0.0746827
vib_normal_0hp,IMP_INTERP_COMPOSITE,199,0.388672,0.14178
vib_normal_0hp,IMP_INTERP_COMPOSITE,200,0.390625,0.05993
vib_normal_0hp,IMP_INTERP_COMPOSITE,201,0.392578,0.038797
vib_normal_0hp,IMP_INTERP_COMPOSITE,202,0.394531,0.0870859
vib_normal_0hp,IMP_INTERP_COMPOSITE,203,0.396484,0.11699
vib_normal_0hp,IMP_INTERP_COMPOSITE,204,0.398438,0.133282
vib_normal_0hp,IMP_INTERP_COMPOSITE,205,0.400391,0.173183
vib_normal_0hp,IMP_INTERP_COMPOSITE,206,0.402344,0.0730623
vib_normal_0hp,IMP_INTERP_COMPOSITE,207,0.404297,0.18723
vib_normal_0hp,IMP_INTERP_COMPOSITE,208,0.40625,0.135568
vib_normal_0hp,IMP_INTERP_COMPOSITE,209,0.408203,0.152416
vib_normal_0hp,IMP_INTERP_COMPOSITE,210,0.410156,0.316257
vib_normal_0hp,IMP_INTERP_COMPOSITE,211,0.412109,0.27832
vib_normal_0hp,IMP_INTERP_COMPOSITE,212,0.414062,0.110011
vib_normal_0hp,IMP_INTERP_COMPOSITE,213,0.416016,0.0922469
vib_normal_0hp,IMP_INTERP_COMPOSITE,214,0.417969,0.088112
vib_normal_0hp,IMP_INTERP_COMPOSITE,215,0.419922,0.142527
vib_normal_0hp,IMP_INTERP_COMPOSITE,216,0.421875,0.0517327
vib_normal_0hp,IMP_INTERP_COMPOSITE,217,0.423828,0.0612014
vib_normal_0hp,IMP_INTERP_COMPOSITE,218,0.425781,0.0624788
vib_normal_0hp,IMP_INTERP_COMPOSITE,219,0.427734,0.0990082
vib_normal_0hp,IMP_INTERP_COMPOSITE,220,0.429688,0.0285496
vib_normal_0hp,IMP_INTERP_COMPOSITE,221,0.431641,0.0823675
vib_normal_0hp,IMP_INTERP_COMPOSITE,222,0.433594,0.0653641
vib_normal_0hp,IMP_INTERP_COMPOSITE,223,0.435547,0.0914283
vib_normal_0hp,IMP_INTERP_COMPOSITE,224,0.4375,0.0659635
vib_normal_0hp,IMP_INTERP_COMPOSITE,225,0.439453,0.164614
vib_normal_0hp,IMP_INTERP_COMPOSITE,226,0.441406,0.160109
vib_normal_0hp,IMP_INTERP_COMPOSITE,227,0.443359,0.059637
vib_normal_0hp,IMP_INTERP_COMPOSITE,228,0.445312,0.0315155
vib_normal_0hp,IMP_INTERP_COMPOSITE,229,0.447266,0.0511161
vib_normal_0hp,IMP_INTERP_COMPOSITE,230,0.449219,0.121774
vib_normal_0hp,IMP_INTERP_COMPOSITE,231,0.451172,0.0756615
vib_normal_0hp,IMP_INTERP_COMPOSITE,232,0.453125,0.0458239
vib_normal_0hp,IMP_INTERP_COMPOSITE,233,0.455078,0.044126
vib_normal_0hp,IMP_INTERP_COMPOSITE,234,0.457031,0.125898
vib_normal_0hp,IMP_INTERP_COMPOSITE,235,0.458984,0.122469
vib_normal_0hp,IMP_INTERP_COMPOSITE,236,0.460938,0.0350764
vib_normal_0hp,IMP_INTERP_COMPOSITE,237,0.462891,0.0383063
vib_normal_0hp,IMP_INTERP_COMPOSITE,238,0.464844,0.0754969
vib_normal_0hp,IMP_INTERP_COMPOSITE,239,0.466797,0.0617441
vib_normal_0hp,IMP_INTERP_COMPOSITE,240,0.46875,0.0959962
vib_normal_0hp,IMP_INTERP_COMPOSITE,241,0.470703,0.0479409
vib_normal_0hp,IMP_INTERP_COMPOSITE,242,0.472656,0.0153525
vib_normal_0hp,IMP_INTERP_COMPOSITE,243,0.474609,0.121438
vib_normal_0hp,IMP_INTERP_COMPOSITE,244,0.476562,0.0747382
vib_normal_0hp,IMP_INTERP_COMPOSITE,245,0.478516,0.0812217
vib_normal_0hp,IMP_INTERP_COMPOSITE,246,0.480469,0.0503211
vib_normal_0hp,IMP_INTERP_COMPOSITE,247,0.482422,0.0623724
vib_normal_0hp,IMP_INTERP_COMPOSITE,248,0.484375,0.0856811
vib_normal_0hp,IMP_INTERP_COMPOSITE,249,0.486328,0.0244026
vib_normal_0hp,IMP_INTERP_COMPOSITE,250,0.488281,0.0290394
vib_normal_0hp,IMP_INTERP_COMPOSITE,251,0.490234,0.0255635
vib_normal_0hp,IMP_INTERP_COMPOSITE,252,0.492188,0.0299911
vib_normal_0hp,IMP_INTERP_COMPOSITE,253,0.494141,0.0357751
vib_normal_0hp,IMP_INTERP_COMPOSITE,254,0.496094,0.0707003
vib_normal_0hp,IMP_INTERP_COMPOSITE,255,0.498047,0.0772912
vib_inner_race_007,ORIGINAL,0,0,8.15751
vib_inner_race_007,ORIGINAL,1,0.00195312,0.183752
vib_inner_race_007,ORIGINAL,2,0.00390625,0.194281
vib_inner_race_007,ORIGINAL,3,0.00585938,0.299649
vib_inner_race_007,ORIGINAL,4,0.0078125,0.354079
vib_inner_race_007,ORIGINAL,5,0.00976562,0.706787
vib_inner_race_007,ORIGINAL,6,0.0117188,1.20014
vib_inner_race_007,ORIGINAL,7,0.0136719,4.7129
vib_inner_race_007,ORIGINAL,8,0.015625,2.19081
vib_inner_race_007,ORIGINAL,9,0.0175781,1.04293
vib_inner_race_007,ORIGINAL,10,0.0195312,1.04621
vib_inner_race_007,ORIGINAL,11,0.0214844,0.893641
vib_inner_race_007,ORIGINAL,12,0.0234375,0.643019
vib_inner_race_007,ORIGINAL,13,0.0253906,1.11482
vib_inner_race_007,ORIGINAL,14,0.0273438,0.953591
vib_inner_race_007,ORIGINAL,15,0.0292969,1.31577
vib_inner_race_007,ORIGINAL,16,0.03125,0.961735
vib_inner_race_007,ORIGINAL,17,0.0332031,2.22993
vib_inner_race_007,ORIGINAL,18,0.0351562,3.10813
vib_inner_race_007,ORIGINAL,19,0.0371094,3.87798
vib_inner_race_007,ORIGINAL,20,0.0390625,4.41459
vib_inner_race_007,ORIGINAL,21,0.0410156,1.85297
vib_inner_race_007,ORIGINAL,22,0.0429688,4.9401
vib_inner_race_007,ORIGINAL,23,0.0449219,2.12627
vib_inner_race_007,ORIGINAL,24,0.046875,1.20265
vib_inner_race_007,ORIGINAL,25,0.0488281,3.4146
vib_inner_race_007,ORIGINAL,26,0.0507812,16.6833
vib_inner_race_007,ORIGINAL,27,0.0527344,2.21013
vib_inner_race_007,ORIGINAL,28,0.0546875,2.47143
vib_inner_race_007,ORIGINAL,29,0.0566406,9.16771
vib_inner_race_007,ORIGINAL,30,0.0585938,0.938129
vib_inner_race_007,ORIGINAL,31,0.0605469,1.34342
vib_inner_race_007,ORIGINAL,32,0.0625,3.13529
vib_inner_race_007,ORIGINAL,33,0.0644531,2.9347
vib_inner_race_007,ORIGINAL,34,0.0664062,1.1791
vib_inner_race_007,ORIGINAL,35,0.0683594,1.49433
vib_inner_race_007,ORIGINAL,36,0.0703125,0.39161
vib_inner_race_007,ORIGINAL,37,0.0722656,1.64626
vib_inner_race_007,ORIGINAL,38,0.0742188,0.300428
vib_inner_race_007,ORIGINAL,39,0.0761719,1.30624
vib_inner_race_007,ORIGINAL,40,0.078125,3.64103
vib_inner_race_007,ORIGINAL,41,0.0800781,0.639593
vib_inner_race_007,ORIGINAL,42,0.0820312,1.6166
vib_inner_race_007,ORIGINAL,43,0.0839844,4.11864
vib_inner_race_007,ORIGINAL,44,0.0859375,3.36344
vib_inner_race_007,ORIGINAL,45,0.0878906,1.48925
vib_inner_race_007,ORIGINAL,46,0.0898438,1.8254
vib_inner_race_007,ORIGINAL,47,0.0917969,4.38122
vib_inner_race_007,ORIGINAL,48,0.09375,9.14045
vib_inner_race_007,ORIGINAL,49,0.0957031,9.5243
vib_inner_race_007,ORIGINAL,50,0.0976562,8.03433
vib_inner_race_007,ORIGINAL,51,0.0996094,9.73849
vib_inner_race_007,ORIGINAL,52,0.101562,5.07524
vib_inner_race_007,ORIGINAL,53,0.103516,8.02278
vib_inner_race_007,ORIGINAL,54,0.105469,12.3995
vib_inner_race_007,ORIGINAL,55,0.107422,5.2897
vib_inner_race_007,ORIGINAL,56,0.109375,15.5648
vib_inner_race_007,ORIGINAL,57,0.111328,10.6714
vib_inner_race_007,ORIGINAL,58,0.113281,2.01952
vib_inner_race_007,ORIGINAL,59,0.115234,4.60713
vib_inner_race_007,ORIGINAL,60,0.117188,6.25663
vib_inner_race_007,ORIGINAL,61,0.119141,5.79816
vib_inner_race_007,ORIGINAL,62,0.121094,2.53353
vib_inner_race_007,ORIGINAL,63,0.123047,12.8164
vib_inner_race_007,ORIGINAL,64,0.125,3.73903
vib_inner_race_007,ORIGINAL,65,0.126953,2.29677
vib_inner_race_007,ORIGINAL,66,0.128906,1.51145
vib_inner_race_007,ORIGINAL,67,0.130859,6.98019
vib_inner_race_007,ORIGINAL,68,0.132812,4.64067
vib_inner_race_007,ORIGINAL,69,0.134766,1.88286
vib_inner_race_007,ORIGINAL,70,0.136719,4.51853
vib_inner_race_007,ORIGINAL,71,0.138672,1.64697
vib_inner_race_007,ORIGINAL,72,0.140625,2.19649
vib_inner_race_007,ORIGINAL,73,0.142578,1.61397
vib_inner_race_007,ORIGINAL,74,0.144531,6.37277
vib_inner_race_007,ORIGINAL,75,0.146484,2.48771
vib_inner_race_007,ORIGINAL,76,0.148438,2.3772
vib_inner_race_007,ORIGINAL,77,0.150391,4.02872
vib_inner_race_007,ORIGINAL,78,0.152344,1.06365
vib_inner_race_007,ORIGINAL,79,0.154297,1.12207
vib_inner_race_007,ORIGINAL,80,0.15625,1.4149
vib_inner_race_007,ORIGINAL,81,0.158203,6.41489
vib_inner_race_007,ORIGINAL,82,0.160156,3.92479
vib_inner_race_007,ORIGINAL,83,0.162109,3.75151
vib_inner_race_007,ORIGINAL,84,0.164062,9.61097
vib_inner_race_007,ORIGINAL,85,0.166016,3.07953
vib_inner_race_007,ORIGINAL,86,0.167969,0.754943
vib_inner_race_007,ORIGINAL,87,0.169922,1.30236
vib_inner_race_007,ORIGINAL,88,0.171875,1.71975
vib_inner_race_007,ORIGINAL,89,0.173828,1.23011
vib_inner_race_007,ORIGINAL,90,0.175781,0.628272
vib_inner_race_007,ORIGINAL,91,0.177734,1.89457
vib_inner_race_007,ORIGINAL,92,0.179688,1.52152
vib_inner_race_007,ORIGINAL,93,0.181641,0.733054
vib_inner_race_007,ORIGINAL,94,0.183594,1.1346
vib_inner_race_007,ORIGINAL,95,0.185547,4.52891
vib_inner_race_007,ORIGINAL,96,0.1875,3.61873
vib_inner_race_007,ORIGINAL,97,0.189453,3.37545
vib_inner_race_007,ORIGINAL,98,0.191406,3.98822
vib_inner_race_007,ORIGINAL,99,0.193359,1.14072
vib_inner_race_007,ORIGINAL,100,0.195312,1.01756
vib_inner_race_007,ORIGINAL,101,0.197266,4.63213
vib_inner_race_007,ORIGINAL,102,0.199219,6.52927
vib_inner_race_007,ORIGINAL,103,0.201172,8.65321
vib_inner_race_007,ORIGINAL,104,0.203125,11.6249
vib_inner_race_007,ORIGINAL,105,0.205078,14.9099
vib_inner_race_007,ORIGINAL,106,0.207031,12.0291
vib_inner_race_007,ORIGINAL,107,0.208984,1.75811
vib_inner_race_007,ORIGINAL,108,0.210938,8.83212
vib_inner_race_007,ORIGINAL,109,0.212891,5.82816
vib_inner_race_007,ORIGINAL,110,0.214844,5.15372
vib_inner_race_007,ORIGINAL,111,0.216797,19.9171
vib_inner_race_007,ORIGINAL,112,0.21875,15.015
vib_inner_race_007,ORIGINAL,113,0.220703,12.1522
vib_inner_race_007,ORIGINAL,114,0.222656,1.46351
vib_inner_race_007,ORIGINAL,115,0.224609,8.3416
vib_inner_race_007,ORIGINAL,116,0.226562,15.3183
vib_inner_race_007,ORIGINAL,117,0.228516,13.5981
vib_inner_race_007,ORIGINAL,118,0.230469,17.3417
vib_inner_race_007,ORIGINAL,119,0.232422,15.4661
vib_inner_race_007,ORIGINAL,120,0.234375,9.24351
vib_inner_race_007,ORIGINAL,121,0.236328,10.693
vib_inner_race_007,ORIGINAL,122,0.238281,18.052
vib_inner_race_007,ORIGINAL,123,0.240234,20.7651
vib_inner_race_007,ORIGINAL,124,0.242188,13.4632
vib_inner_race_007,ORIGINAL,125,0.244141,10.912
vib_inner_race_007,ORIGINAL,126,0.246094,9.0441
vib_inner_race_007,ORIGINAL,127,0.248047,5.57397
vib_inner_race_007,ORIGINAL,128,0.25,0.68202
vib_inner_race_007,ORIGINAL,129,0.251953,5.39565
vib_inner_race_007,ORIGINAL,130,0.253906,3.11299
vib_inner_race_007,ORIGINAL,131,0.255859,6.10979
vib_inner_race_007,ORIGINAL,132,0.257812,2.04239
vib_inner_race_007,ORIGINAL,133,0.259766,2.75165
vib_inner_race_007,ORIGINAL,134,0.261719,3.64851
vib_inner_race_007,ORIGINAL,135,0.263672,1.83
vib_inner_race_007,ORIGINAL,136,0.265625,3.59468
vib_inner_race_007,ORIGINAL,137,0.267578,1.45559
vib_inner_race_007,ORIGINAL,138,0.269531,2.95608
vib_inner_race_007,ORIGINAL,139,0.271484,12.1297
vib_inner_race_007,ORIGINAL,140,0.273438,4.13319
vib_inner_race_007,ORIGINAL,141,0.275391,4.71604
vib_inner_race_007,ORIGINAL,142,0.277344,4.67955
vib_inner_race_007,ORIGINAL,143,0.279297,7.73449
vib_inner_race_007,ORIGINAL,144,0.28125,7.41753
vib_inner_race_007,ORIGINAL,145,0.283203,16.2456
vib_inner_race_007,ORIGINAL,146,0.285156,14.8141
vib_inner_race_007,ORIGINAL,147,0.287109,8.49307
vib_inner_race_007,ORIGINAL,148,0.289062,3.94087
vib_inner_race_007,ORIGINAL,149,0.291016,4.01149
vib_inner_race_007,ORIGINAL,150,0.292969,13.6843
vib_inner_race_007,ORIGINAL,151,0.294922,10.3483
vib_inner_race_007,ORIGINAL,152,0.296875,14.1102
vib_inner_race_007,ORIGINAL,153,0.298828,29.7524
vib_inner_race_007,ORIGINAL,154,0.300781,21.5134
vib_inner_race_007,ORIGINAL,155,0.302734,9.86271
vib_inner_race_007,ORIGINAL,156,0.304688,8.63275
vib_inner_race_007,ORIGINAL,157,0.306641,17.2474
vib_inner_race_007,ORIGINAL,158,0.308594,8.86629
vib_inner_race_007,ORIGINAL,159,0.310547,11.6413
vib_inner_race_007,ORIGINAL,160,0.3125,3.6289
vib_inner_race_007,ORIGINAL,161,0.314453,7.58917
vib_inner_race_007,ORIGINAL,162,0.316406,5.03783
vib_inner_race_007,ORIGINAL,163,0.318359,2.75253
vib_inner_race_007,ORIGINAL,164,0.320312,5.09241
vib_inner_race_007,ORIGINAL,165,0.322266,4.21617
vib_inner_race_007,ORIGINAL,166,0.324219,4.44428
vib_inner_race_007,ORIGINAL,167,0.326172,5.36505
vib_inner_race_007,ORIGINAL,168,0.328125,2.58289
vib_inner_race_007,ORIGINAL,169,0.330078,3.46565
vib_inner_race_007,ORIGINAL,170,0.332031,2.38285
vib_inner_race_007,ORIGINAL,171,0.333984,3.6397
vib_inner_race_007,ORIGINAL,172,0.335938,1.20202
vib_inner_race_007,ORIGINAL,173,0.337891,3.88749
vib_inner_race_007,ORIGINAL,174,0.339844,0.76375
vib_inner_race_007,ORIGINAL,175,0.341797,3.64879
vib_inner_race_007,ORIGINAL,176,0.34375,2.59651
vib_inner_race_007,ORIGINAL,177,0.345703,3.43248
vib_inner_race_007,ORIGINAL,178,0.347656,0.64779
vib_inner_race_007,ORIGINAL,179,0.349609,0.792246
vib_inner_race_007,ORIGINAL,180,0.351562,3.5952
vib_inner_race_007,ORIGINAL,181,0.353516,1.14511
vib_inner_race_007,ORIGINAL,182,0.355469,5.87943
vib_inner_race_007,ORIGINAL,183,0.357422,3.18047
vib_inner_race_007,ORIGINAL,184,0.359375,1.87298
vib_inner_race_007,ORIGINAL,185,0.361328,0.634851
vib_inner_race_007,ORIGINAL,186,0.363281,1.44809
vib_inner_race_007,ORIGINAL,187,0.365234,4.01464
vib_inner_race_007,ORIGINAL,188,0.367188,1.51358
vib_inner_race_007,ORIGINAL,189,0.369141,0.72045
vib_inner_race_007,ORIGINAL,190,0.371094,2.64435
vib_inner_race_007,ORIGINAL,191,0.373047,1.88078
vib_inner_race_007,ORIGINAL,192,0.375,1.28456
vib_inner_race_007,ORIGINAL,193,0.376953,1.73265
vib_inner_race_007,ORIGINAL,194,0.378906,1.75737
vib_inner_race_007,ORIGINAL,195,0.380859,1.79299
vib_inner_race_007,ORIGINAL,196,0.382812,0.581902
vib_inner_race_007,ORIGINAL,197,0.384766,2.93047
vib_inner_race_007,ORIGINAL,198,0.386719,1.21507
vib_inner_race_007,ORIGINAL,199,0.388672,1.5751
vib_inner_race_007,ORIGINAL,200,0.390625,1.49602
vib_inner_race_007,ORIGINAL,201,0.392578,1.37253
vib_inner_race_007,ORIGINAL,202,0.394531,0.784699
vib_inner_race_007,ORIGINAL,203,0.396484,1.03509
vib_inner_race_007,ORIGINAL,204,0.398438,2.45854
vib_inner_race_007,ORIGINAL,205,0.400391,1.69799
vib_inner_race_007,ORIGINAL,206,0.402344,0.238132
vib_inner_race_007,ORIGINAL,207,0.404297,0.363288
vib_inner_race_007,ORIGINAL,208,0.40625,2.44117
vib_inner_race_007,ORIGINAL,209,0.408203,0.0958602
vib_inner_race_007,ORIGINAL,210,0.410156,1.12788
vib_inner_race_007,ORIGINAL,211,0.412109,1.927
vib_inner_race_007,ORIGINAL,212,0.414062,0.251014
vib_inner_race_007,ORIGINAL,213,0.416016,0.195662
vib_inner_race_007,ORIGINAL,214,0.417969,0.477624
vib_inner_race_007,ORIGINAL,215,0.419922,0.873255
vib_inner_race_007,ORIGINAL,216,0.421875,1.09025
vib_inner_race_007,ORIGINAL,217,0.423828,0.921606
vib_inner_race_007,ORIGINAL,218,0.425781,1.78992
vib_inner_race_007,ORIGINAL,219,0.427734,0.756009
vib_inner_race_007,ORIGINAL,220,0.429688,0.483841
vib_inner_race_007,ORIGINAL,221,0.431641,1.50303
vib_inner_race_007,ORIGINAL,222,0.433594,0.788806
vib_inner_race_007,ORIGINAL,223,0.435547,1.23766
vib_inner_race_007,ORIGINAL,224,0.4375,0.491301
vib_inner_race_007,ORIGINAL,225,0.439453,1.66396
vib_inner_race_007,ORIGINAL,226,0.441406,1.72534
vib_inner_race_007,ORIGINAL,227,0.443359,0.566088
vib_inner_race_007,ORIGINAL,228,0.445312,0.739652
vib_inner_race_007,ORIGINAL,229,0.447266,0.781416
vib_inner_race_007,ORIGINAL,230,0.449219,0.615423
vib_inner_race_007,ORIGINAL,231,0.451172,0.937676
vib_inner_race_007,ORIGINAL,232,0.453125,0.791521
vib_inner_race_007,ORIGINAL,233,0.455078,0.442582
vib_inner_race_007,ORIGINAL,234,0.457031,0.331365
vib_inner_race_007,ORIGINAL,235,0.458984,0.254349
vib_inner_race_007,ORIGINAL,236,0.460938,0.121684
vib_inner_race_007,ORIGINAL,237,0.462891,0.0671426
vib_inner_race_007,ORIGINAL,238,0.464844,0.25324
vib_inner_race_007,ORIGINAL,239,0.466797,0.451778
vib_inner_race_007,ORIGINAL,240,0.46875,0.295542
vib_inner_race_007,ORIGINAL,241,0.470703,0.253613
vib_inner_race_007,ORIGINAL,242,0.472656,0.265127
vib_inner_race_007,ORIGINAL,243,0.474609,0.172918
vib_inner_race_007,ORIGINAL,244,0.476562,0.193188
vib_inner_race_007,ORIGINAL,245,0.478516,0.192682
vib_inner_race_007,ORIGINAL,246,0.480469,0.186643
vib_inner_race_007,ORIGINAL,247,0.482422,0.209324
vib_inner_race_007,ORIGINAL,248,0.484375,0.212378
vib_inner_race_007,ORIGINAL,249,0.486328,0.206615
vib_inner_race_007,ORIGINAL,250,0.488281,0.204411
vib_inner_race_007,ORIGINAL,251,0.490234,0.207052
vib_inner_race_007,ORIGINAL,252,0.492188,0.206252
vib_inner_race_007,ORIGINAL,253,0.494141,0.205531
vib_inner_race_007,ORIGINAL,254,0.496094,0.204829
vib_inner_race_007,ORIGINAL,255,0.498047,0.204878
vib_inner_race_007,IMP_INTERP_ERROR,0,0,10.4571
vib_inner_race_007,IMP_INTERP_ERROR,1,0.00195312,2.81346
vib_inner_race_007,IMP_INTERP_ERROR,2,0.00390625,0.801203
vib_inner_race_007,IMP_INTERP_ERROR,3,0.00585938,1.44417
vib_inner_race_007,IMP_INTERP_ERROR,4,0.0078125,1.28887
vib_inner_race_007,IMP_INTERP_ERROR,5,0.00976562,0.97834
vib_inner_race_007,IMP_INTERP_ERROR,6,0.0117188,1.34551
vib_inner_race_007,IMP_INTERP_ERROR,7,0.0136719,4.07009
vib_inner_race_007,IMP_INTERP_ERROR,8,0.015625,2.90187
vib_inner_race_007,IMP_INTERP_ERROR,9,0.0175781,1.38708
vib_inner_race_007,IMP_INTERP_ERROR,10,0.0195312,1.40608
vib_inner_race_007,IMP_INTERP_ERROR,11,0.0214844,2.18956
vib_inner_race_007,IMP_INTERP_ERROR,12,0.0234375,0.503779
vib_inner_race_007,IMP_INTERP_ERROR,13,0.0253906,2.52768
vib_inner_race_007,IMP_INTERP_ERROR,14,0.0273438,2.37054
vib_inner_race_007,IMP_INTERP_ERROR,15,0.0292969,1.25543
vib_inner_race_007,IMP_INTERP_ERROR,16,0.03125,2.82102
vib_inner_race_007,IMP_INTERP_ERROR,17,0.0332031,0.740675
vib_inner_race_007,IMP_INTERP_ERROR,18,0.0351562,2.25903
vib_inner_race_007,IMP_INTERP_ERROR,19,0.0371094,4.45641
vib_inner_race_007,IMP_INTERP_ERROR,20,0.0390625,4.52368
vib_inner_race_007,IMP_INTERP_ERROR,21,0.0410156,2.27101
vib_inner_race_007,IMP_INTERP_ERROR,22,0.0429688,4.49672
vib_inner_race_007,IMP_INTERP_ERROR,23,0.0449219,1.9298
vib_inner_race_007,IMP_INTERP_ERROR,24,0.046875,1.22352
vib_inner_race_007,IMP_INTERP_ERROR,25,0.0488281,3.06007
vib_inner_race_007,IMP_INTERP_ERROR,26,0.0507812,15.4397
vib_inner_race_007,IMP_INTERP_ERROR,27,0.0527344,1.97056
vib_inner_race_007,IMP_INTERP_ERROR,28,0.0546875,1.86388
vib_inner_race_007,IMP_INTERP_ERROR,29,0.0566406,9.53196
vib_inner_race_007,IMP_INTERP_ERROR,30,0.0585938,1.08261
vib_inner_race_007,IMP_INTERP_ERROR,31,0.0605469,2.34548
vib_inner_race_007,IMP_INTERP_ERROR,32,0.0625,4.99101
vib_inner_race_007,IMP_INTERP_ERROR,33,0.0644531,0.998338
vib_inner_race_007,IMP_INTERP_ERROR,34,0.0664062,1.76412
vib_inner_race_007,IMP_INTERP_ERROR,35,0.0683594,0.356497
vib_inner_race_007,IMP_INTERP_ERROR,36,0.0703125,0.312531
vib_inner_race_007,IMP_INTERP_ERROR,37,0.0722656,2.85595
vib_inner_race_007,IMP_INTERP_ERROR,38,0.0742188,2.14245
vib_inner_race_007,IMP_INTERP_ERROR,39,0.0761719,1.87324
vib_inner_race_007,IMP_INTERP_ERROR,40,0.078125,4.41392
vib_inner_race_007,IMP_INTERP_ERROR,41,0.0800781,1.07789
vib_inner_race_007,IMP_INTERP_ERROR,42,0.0820312,0.12322
vib_inner_race_007,IMP_INTERP_ERROR,43,0.0839844,5.15186
vib_inner_race_007,IMP_INTERP_ERROR,44,0.0859375,4.88321
vib_inner_race_007,IMP_INTERP_ERROR,45,0.0878906,1.34713
vib_inner_race_007,IMP_INTERP_ERROR,46,0.0898438,1.45359
vib_inner_race_007,IMP_INTERP_ERROR,47,0.0917969,4.17835
vib_inner_race_007,IMP_INTERP_ERROR,48,0.09375,10.5907
vib_inner_race_007,IMP_INTERP_ERROR,49,0.0957031,8.42285
vib_inner_race_007,IMP_INTERP_ERROR,50,0.0976562,9.69192
vib_inner_race_007,IMP_INTERP_ERROR,51,0.0996094,10.9469
vib_inner_race_007,IMP_INTERP_ERROR,52,0.101562,4.4991
vib_inner_race_007,IMP_INTERP_ERROR,53,0.103516,8.52297
vib_inner_race_007,IMP_INTERP_ERROR,54,0.105469,12.7884
vib_inner_race_007,IMP_INTERP_ERROR,55,0.107422,4.58467
vib_inner_race_007,IMP_INTERP_ERROR,56,0.109375,16.0778
vib_inner_race_007,IMP_INTERP_ERROR,57,0.111328,9.45277
vib_inner_race_007,IMP_INTERP_ERROR,58,0.113281,2.92817
vib_inner_race_007,IMP_INTERP_ERROR,59,0.115234,5.22507
vib_inner_race_007,IMP_INTERP_ERROR,60,0.117188,5.90101
vib_inner_race_007,IMP_INTERP_ERROR,61,0.119141,4.78708
vib_inner_race_007,IMP_INTERP_ERROR,62,0.121094,3.64785
vib_inner_race_007,IMP_INTERP_ERROR,63,0.123047,12.164
vib_inner_race_007,IMP_INTERP_ERROR,64,0.125,4.39189
vib_inner_race_007,IMP_INTERP_ERROR,65,0.126953,4.02048
vib_inner_race_007,IMP_INTERP_ERROR,66,0.128906,3.02302
vib_inner_race_007,IMP_INTERP_ERROR,67,0.130859,6.72486
vib_inner_race_007,IMP_INTERP_ERROR,68,0.132812,3.48871
vib_inner_race_007,IMP_INTERP_ERROR,69,0.134766,3.11197
vib_inner_race_007,IMP_INTERP_ERROR,70,0.136719,3.37777
vib_inner_race_007,IMP_INTERP_ERROR,71,0.138672,3.69042
vib_inner_race_007,IMP_INTERP_ERROR,72,0.140625,5.08914
vib_inner_race_007,IMP_INTERP_ERROR,73,0.142578,4.59121
vib_inner_race_007,IMP_INTERP_ERROR,74,0.144531,6.25372
vib_inner_race_007,IMP_INTERP_ERROR,75,0.146484,2.93465
vib_inner_race_007,IMP_INTERP_ERROR,76,0.148438,3.62025
vib_inner_race_007,IMP_INTERP_ERROR,77,0.150391,3.54852
vib_inner_race_007,IMP_INTERP_ERROR,78,0.152344,2.17076
vib_inner_race_007,IMP_INTERP_ERROR,79,0.154297,1.5521
vib_inner_race_007,IMP_INTERP_ERROR,80,0.15625,0.80234
vib_inner_race_007,IMP_INTERP_ERROR,81,0.158203,7.00077
vib_inner_race_007,IMP_INTERP_ERROR,82,0.160156,3.92171
vib_inner_race_007,IMP_INTERP_ERROR,83,0.162109,3.06377
vib_inner_race_007,IMP_INTERP_ERROR,84,0.164062,10.2482
vib_inner_race_007,IMP_INTERP_ERROR,85,0.166016,2.90383
vib_inner_race_007,IMP_INTERP_ERROR,86,0.167969,0.27062
vib_inner_race_007,IMP_INTERP_ERROR,87,0.169922,1.0263
vib_inner_race_007,IMP_INTERP_ERROR,88,0.171875,2.2863
vib_inner_race_007,IMP_INTERP_ERROR,89,0.173828,0.273769
vib_inner_race_007,IMP_INTERP_ERROR,90,0.175781,0.594503
vib_inner_race_007,IMP_INTERP_ERROR,91,0.177734,2.82252
vib_inner_race_007,IMP_INTERP_ERROR,92,0.179688,1.40904
vib_inner_race_007,IMP_INTERP_ERROR,93,0.181641,2.13176
vib_inner_race_007,IMP_INTERP_ERROR,94,0.183594,1.43289
vib_inner_race_007,IMP_INTERP_ERROR,95,0.185547,4.07092
vib_inner_race_007,IMP_INTERP_ERROR,96,0.1875,3.68337
vib_inner_race_007,IMP_INTERP_ERROR,97,0.189453,2.85777
vib_inner_race_007,IMP_INTERP_ERROR,98,0.191406,3.23354
vib_inner_race_007,IMP_INTERP_ERROR,99,0.193359,1.7729
vib_inner_race_007,IMP_INTERP_ERROR,100,0.195312,1.23756
vib_inner_race_007,IMP_INTERP_ERROR,101,0.197266,5.78948
vib_inner_race_007,IMP_INTERP_ERROR,102,0.199219,6.199
vib_inner_race_007,IMP_INTERP_ERROR,103,0.201172,7.21863
vib_inner_race_007,IMP_INTERP_ERROR,104,0.203125,12.9006
vib_inner_race_007,IMP_INTERP_ERROR,105,0.205078,14.069
vib_inner_race_007,IMP_INTERP_ERROR,106,0.207031,10.7659
vib_inner_race_007,IMP_INTERP_ERROR,107,0.208984,1.20306
vib_inner_race_007,IMP_INTERP_ERROR,108,0.210938,8.19165
vib_inner_race_007,IMP_INTERP_ERROR,109,0.212891,6.70373
vib_inner_race_007,IMP_INTERP_ERROR,110,0.214844,6.2539
vib_inner_race_007,IMP_INTERP_ERROR,111,0.216797,19.5751
vib_inner_race_007,IMP_INTERP_ERROR,112,0.21875,15.3646
vib_inner_race_007,IMP_INTERP_ERROR,113,0.220703,12.5846
vib_inner_race_007,IMP_INTERP_ERROR,114,0.222656,0.67337
vib_inner_race_007,IMP_INTERP_ERROR,115,0.224609,7.70461
vib_inner_race_007,IMP_INTERP_ERROR,116,0.226562,17.1023
vib_inner_race_007,IMP_INTERP_ERROR,117,0.228516,11.9284
vib_inner_race_007,IMP_INTERP_ERROR,118,0.230469,17.0655
vib_inner_race_007,IMP_INTERP_ERROR,119,0.232422,14.8799
vib_inner_race_007,IMP_INTERP_ERROR,120,0.234375,7.36805
vib_inner_race_007,IMP_INTERP_ERROR,121,0.236328,9.21315
vib_inner_race_007,IMP_INTERP_ERROR,122,0.238281,16.4896
vib_inner_race_007,IMP_INTERP_ERROR,123,0.240234,20.4507
vib_inner_race_007,IMP_INTERP_ERROR,124,0.242188,13.4771
vib_inner_race_007,IMP_INTERP_ERROR,125,0.244141,9.61025
vib_inner_race_007,IMP_INTERP_ERROR,126,0.246094,8.54212
vib_inner_race_007,IMP_INTERP_ERROR,127,0.248047,5.42185
vib_inner_race_007,IMP_INTERP_ERROR,128,0.25,1.20553
vib_inner_race_007,IMP_INTERP_ERROR,129,0.251953,4.45574
vib_inner_race_007,IMP_INTERP_ERROR,130,0.253906,3.25864
vib_inner_race_007,IMP_INTERP_ERROR,131,0.255859,5.35323
vib_inner_race_007,IMP_INTERP_ERROR,132,0.257812,2.61045
vib_inner_race_007,IMP_INTERP_ERROR,133,0.259766,3.31521
vib_inner_race_007,IMP_INTERP_ERROR,134,0.261719,2.39073
vib_inner_race_007,IMP_INTERP_ERROR,135,0.263672,2.21465
vib_inner_race_007,IMP_INTERP_ERROR,136,0.265625,4.04068
vib_inner_race_007,IMP_INTERP_ERROR,137,0.267578,2.31889
vib_inner_race_007,IMP_INTERP_ERROR,138,0.269531,3.30685
vib_inner_race_007,IMP_INTERP_ERROR,139,0.271484,11.8214
vib_inner_race_007,IMP_INTERP_ERROR,140,0.273438,4.93319
vib_inner_race_007,IMP_INTERP_ERROR,141,0.275391,4.66553
vib_inner_race_007,IMP_INTERP_ERROR,142,0.277344,3.45357
vib_inner_race_007,IMP_INTERP_ERROR,143,0.279297,7.61323
vib_inner_race_007,IMP_INTERP_ERROR,144,0.28125,5.85894
vib_inner_race_007,IMP_INTERP_ERROR,145,0.283203,14.4463
vib_inner_race_007,IMP_INTERP_ERROR,146,0.285156,14.8967
vib_inner_race_007,IMP_INTERP_ERROR,147,0.287109,10.1868
vib_inner_race_007,IMP_INTERP_ERROR,148,0.289062,5.45836
vib_inner_race_007,IMP_INTERP_ERROR,149,0.291016,5.55964
vib_inner_race_007,IMP_INTERP_ERROR,150,0.292969,12.8498
vib_inner_race_007,IMP_INTERP_ERROR,151,0.294922,9.28906
vib_inner_race_007,IMP_INTERP_ERROR,152,0.296875,15.6039
vib_inner_race_007,IMP_INTERP_ERROR,153,0.298828,27.593
vib_inner_race_007,IMP_INTERP_ERROR,154,0.300781,20.0218
vib_inner_race_007,IMP_INTERP_ERROR,155,0.302734,7.96172
vib_inner_race_007,IMP_INTERP_ERROR,156,0.304688,9.06459
vib_inner_race_007,IMP_INTERP_ERROR,157,0.306641,17.1088
vib_inner_race_007,IMP_INTERP_ERROR,158,0.308594,8.21851
vib_inner_race_007,IMP_INTERP_ERROR,159,0.310547,11.4659
vib_inner_race_007,IMP_INTERP_ERROR,160,0.3125,3.01763
vib_inner_race_007,IMP_INTERP_ERROR,161,0.314453,6.20862
vib_inner_race_007,IMP_INTERP_ERROR,162,0.316406,4.40392
vib_inner_race_007,IMP_INTERP_ERROR,163,0.318359,1.79242
vib_inner_race_007,IMP_INTERP_ERROR,164,0.320312,5.09889
vib_inner_race_007,IMP_INTERP_ERROR,165,0.322266,4.51146
vib_inner_race_007,IMP_INTERP_ERROR,166,0.324219,4.82829
vib_inner_race_007,IMP_INTERP_ERROR,167,0.326172,3.54744
vib_inner_race_007,IMP_INTERP_ERROR,168,0.328125,2.23794
vib_inner_race_007,IMP_INTERP_ERROR,169,0.330078,2.67181
vib_inner_race_007,IMP_INTERP_ERROR,170,0.332031,1.53251
vib_inner_race_007,IMP_INTERP_ERROR,171,0.333984,4.21537
vib_inner_race_007,IMP_INTERP_ERROR,172,0.335938,0.620797
vib_inner_race_007,IMP_INTERP_ERROR,173,0.337891,3.47263
vib_inner_race_007,IMP_INTERP_ERROR,174,0.339844,2.19953
vib_inner_race_007,IMP_INTERP_ERROR,175,0.341797,4.54279
vib_inner_race_007,IMP_INTERP_ERROR,176,0.34375,2.51181
vib_inner_race_007,IMP_INTERP_ERROR,177,0.345703,4.86208
vib_inner_race_007,IMP_INTERP_ERROR,178,0.347656,1.24
vib_inner_race_007,IMP_INTERP_ERROR,179,0.349609,1.33018
vib_inner_race_007,IMP_INTERP_ERROR,180,0.351562,3.39917
vib_inner_race_007,IMP_INTERP_ERROR,181,0.353516,2.11116
vib_inner_race_007,IMP_INTERP_ERROR,182,0.355469,5.3634
vib_inner_race_007,IMP_INTERP_ERROR,183,0.357422,3.71189
vib_inner_race_007,IMP_INTERP_ERROR,184,0.359375,2.9392
vib_inner_race_007,IMP_INTERP_ERROR,185,0.361328,1.29021
vib_inner_race_007,IMP_INTERP_ERROR,186,0.363281,2.9995
vib_inner_race_007,IMP_INTERP_ERROR,187,0.365234,3.23682
vib_inner_race_007,IMP_INTERP_ERROR,188,0.367188,2.21099
vib_inner_race_007,IMP_INTERP_ERROR,189,0.369141,1.7313
vib_inner_race_007,IMP_INTERP_ERROR,190,0.371094,2.95084
vib_inner_race_007,IMP_INTERP_ERROR,191,0.373047,1.93524
vib_inner_race_007,IMP_INTERP_ERROR,192,0.375,1.66119
vib_inner_race_007,IMP_INTERP_ERROR,193,0.376953,1.3311
vib_inner_race_007,IMP_INTERP_ERROR,194,0.378906,2.15951
vib_inner_race_007,IMP_INTERP_ERROR,195,0.380859,2.19917
vib_inner_race_007,IMP_INTERP_ERROR,196,0.382812,1.20939
vib_inner_race_007,IMP_INTERP_ERROR,197,0.384766,3.99318
vib_inner_race_007,IMP_INTERP_ERROR,198,0.386719,2.04166
vib_inner_race_007,IMP_INTERP_ERROR,199,0.388672,2.07234
vib_inner_race_007,IMP_INTERP_ERROR,200,0.390625,0.653084
vib_inner_race_007,IMP_INTERP_ERROR,201,0.392578,1.62077
vib_inner_race_007,IMP_INTERP_ERROR,202,0.394531,1.54289
vib_inner_race_007,IMP_INTERP_ERROR,203,0.396484,1.99667
vib_inner_race_007,IMP_INTERP_ERROR,204,0.398438,2.3297
vib_inner_race_007,IMP_INTERP_ERROR,205,0.400391,1.85025
vib_inner_race_007,IMP_INTERP_ERROR,206,0.402344,1.80041
vib_inner_race_007,IMP_INTERP_ERROR,207,0.404297,0.986887
vib_inner_race_007,IMP_INTERP_ERROR,208,0.40625,1.29911
vib_inner_race_007,IMP_INTERP_ERROR,209,0.408203,0.911723
vib_inner_race_007,IMP_INTERP_ERROR,210,0.410156,2.07734
vib_inner_race_007,IMP_INTERP_ERROR,211,0.412109,2.31528
vib_inner_race_007,IMP_INTERP_ERROR,212,0.414062,0.977874
vib_inner_race_007,IMP_INTERP_ERROR,213,0.416016,1.26966
vib_inner_race_007,IMP_INTERP_ERROR,214,0.417969,1.07493
vib_inner_race_007,IMP_INTERP_ERROR,215,0.419922,0.718228
vib_inner_race_007,IMP_INTERP_ERROR,216,0.421875,0.858533
vib_inner_race_007,IMP_INTERP_ERROR,217,0.423828,0.583411
vib_inner_race_007,IMP_INTERP_ERROR,218,0.425781,2.22649
vib_inner_race_007,IMP_INTERP_ERROR,219,0.427734,1.24044
vib_inner_race_007,IMP_INTERP_ERROR,220,0.429688,0.671925
vib_inner_race_007,IMP_INTERP_ERROR,221,0.431641,1.62445
vib_inner_race_007,IMP_INTERP_ERROR,222,0.433594,1.24301
vib_inner_race_007,IMP_INTERP_ERROR,223,0.435547,0.592436
vib_inner_race_007,IMP_INTERP_ERROR,224,0.4375,1.46401
vib_inner_race_007,IMP_INTERP_ERROR,225,0.439453,2.32432
vib_inner_race_007,IMP_INTERP_ERROR,226,0.441406,2.69083
vib_inner_race_007,IMP_INTERP_ERROR,227,0.443359,0.588296
vib_inner_race_007,IMP_INTERP_ERROR,228,0.445312,1.55671
vib_inner_race_007,IMP_INTERP_ERROR,229,0.447266,0.831796
vib_inner_race_007,IMP_INTERP_ERROR,230,0.449219,1.06509
vib_inner_race_007,IMP_INTERP_ERROR,231,0.451172,1.60615
vib_inner_race_007,IMP_INTERP_ERROR,232,0.453125,2.10337
vib_inner_race_007,IMP_INTERP_ERROR,233,0.455078,1.3295
vib_inner_race_007,IMP_INTERP_ERROR,234,0.457031,0.820486
vib_inner_race_007,IMP_INTERP_ERROR,235,0.458984,0.792793
vib_inner_race_007,IMP_INTERP_ERROR,236,0.460938,0.78822
vib_inner_race_007,IMP_INTERP_ERROR,237,0.462891,0.272687
vib_inner_race_007,IMP_INTERP_ERROR,238,0.464844,1.09816
vib_inner_race_007,IMP_INTERP_ERROR,239,0.466797,0.0665277
vib_inner_race_007,IMP_INTERP_ERROR,240,0.46875,1.15322
vib_inner_race_007,IMP_INTERP_ERROR,241,0.470703,1.05895
vib_inner_race_007,IMP_INTERP_ERROR,242,0.472656,1.21144
vib_inner_race_007,IMP_INTERP_ERROR,243,0.474609,0.539874
vib_inner_race_007,IMP_INTERP_ERROR,244,0.476562,1.58091
vib_inner_race_007,IMP_INTERP_ERROR,245,0.478516,0.455439
vib_inner_race_007,IMP_INTERP_ERROR,246,0.480469,0.480515
vib_inner_race_007,IMP_INTERP_ERROR,247,0.482422,0.379648
vib_inner_race_007,IMP_INTERP_ERROR,248,0.484375,0.686372
vib_inner_race_007,IMP_INTERP_ERROR,249,0.486328,0.710873
vib_inner_race_007,IMP_INTERP_ERROR,250,0.488281,0.837302
vib_inner_race_007,IMP_INTERP_ERROR,251,0.490234,0.456053
vib_inner_race_007,IMP_INTERP_ERROR,252,0.492188,0.398507
vib_inner_race_007,IMP_INTERP_ERROR,253,0.494141,1.23959
vib_inner_race_007,IMP_INTERP_ERROR,254,0.496094,0.885855
vib_inner_race_007,IMP_INTERP_ERROR,255,0.498047,1.30223
vib_inner_race_007,RDP_OFFLINE,0,0,9.80817
vib_inner_race_007,RDP_OFFLINE,1,0.00195312,4.29934
vib_inner_race_007,RDP_OFFLINE,2,0.00390625,2.03869
vib_inner_race_007,RDP_OFFLINE,3,0.00585938,4.08212
vib_inner_race_007,RDP_OFFLINE,4,0.0078125,1.97207
vib_inner_race_007,RDP_OFFLINE,5,0.00976562,1.44316
vib_inner_race_007,RDP_OFFLINE,6,0.0117188,2.51145
vib_inner_race_007,RDP_OFFLINE,7,0.0136719,2.61518
vib_inner_race_007,RDP_OFFLINE,8,0.015625,3.03573
vib_inner_race_007,RDP_OFFLINE,9,0.0175781,2.56285
vib_inner_race_007,RDP_OFFLINE,10,0.0195312,2.48856
vib_inner_race_007,RDP_OFFLINE,11,0.0214844,2.06191
vib_inner_race_007,RDP_OFFLINE,12,0.0234375,1.24869
vib_inner_race_007,RDP_OFFLINE,13,0.0253906,3.64852
vib_inner_race_007,RDP_OFFLINE,14,0.0273438,1.5938
vib_inner_race_007,RDP_OFFLINE,15,0.0292969,0.751187
vib_inner_race_007,RDP_OFFLINE,16,0.03125,2.62688
vib_inner_race_007,RDP_OFFLINE,17,0.0332031,2.04068
vib_inner_race_007,RDP_OFFLINE,18,0.0351562,1.18994
vib_inner_race_007,RDP_OFFLINE,19,0.0371094,4.96941
vib_inner_race_007,RDP_OFFLINE,20,0.0390625,6.41659
vib_inner_race_007,RDP_OFFLINE,21,0.0410156,1.95765
vib_inner_race_007,RDP_OFFLINE,22,0.0429688,2.13883
vib_inner_race_007,RDP_OFFLINE,23,0.0449219,0.844276
vib_inner_race_007,RDP_OFFLINE,24,0.046875,3.36749
vib_inner_race_007,RDP_OFFLINE,25,0.0488281,3.51581
vib_inner_race_007,RDP_OFFLINE,26,0.0507812,16.5166
vib_inner_race_007,RDP_OFFLINE,27,0.0527344,2.04636
vib_inner_race_007,RDP_OFFLINE,28,0.0546875,3.32433
vib_inner_race_007,RDP_OFFLINE,29,0.0566406,11.0261
vib_inner_race_007,RDP_OFFLINE,30,0.0585938,2.33198
vib_inner_race_007,RDP_OFFLINE,31,0.0605469,1.51154
vib_inner_race_007,RDP_OFFLINE,32,0.0625,4.26631
vib_inner_race_007,RDP_OFFLINE,33,0.0644531,2.01727
vib_inner_race_007,RDP_OFFLINE,34,0.0664062,2.93494
vib_inner_race_007,RDP_OFFLINE,35,0.0683594,2.11724
vib_inner_race_007,RDP_OFFLINE,36,0.0703125,1.80339
vib_inner_race_007,RDP_OFFLINE,37,0.0722656,2.22861
vib_inner_race_007,RDP_OFFLINE,38,0.0742188,3.75353
vib_inner_race_007,RDP_OFFLINE,39,0.0761719,4.52982
vib_inner_race_007,RDP_OFFLINE,40,0.078125,3.63565
vib_inner_race_007,RDP_OFFLINE,41,0.0800781,2.51893
vib_inner_race_007,RDP_OFFLINE,42,0.0820312,3.38524
vib_inner_race_007,RDP_OFFLINE,43,0.0839844,5.43195
vib_inner_race_007,RDP_OFFLINE,44,0.0859375,6.60339
vib_inner_race_007,RDP_OFFLINE,45,0.0878906,2.80961
vib_inner_race_007,RDP_OFFLINE,46,0.0898438,1.59922
vib_inner_race_007,RDP_OFFLINE,47,0.0917969,3.81743
vib_inner_race_007,RDP_OFFLINE,48,0.09375,11.1064
vib_inner_race_007,RDP_OFFLINE,49,0.0957031,8.00567
vib_inner_race_007,RDP_OFFLINE,50,0.0976562,8.62998
vib_inner_race_007,RDP_OFFLINE,51,0.0996094,12.707
vib_inner_race_007,RDP_OFFLINE,52,0.101562,5.39087
vib_inner_race_007,RDP_OFFLINE,53,0.103516,11.2026
vib_inner_race_007,RDP_OFFLINE,54,0.105469,13.3783
vib_inner_race_007,RDP_OFFLINE,55,0.107422,5.65021
vib_inner_race_007,RDP_OFFLINE,56,0.109375,17.0737
vib_inner_race_007,RDP_OFFLINE,57,0.111328,7.96718
vib_inner_race_007,RDP_OFFLINE,58,0.113281,4.40371
vib_inner_race_007,RDP_OFFLINE,59,0.115234,5.51784
vib_inner_race_007,RDP_OFFLINE,60,0.117188,8.18306
vib_inner_race_007,RDP_OFFLINE,61,0.119141,5.495
vib_inner_race_007,RDP_OFFLINE,62,0.121094,3.28988
vib_inner_race_007,RDP_OFFLINE,63,0.123047,13.3944
vib_inner_race_007,RDP_OFFLINE,64,0.125,6.71451
vib_inner_race_007,RDP_OFFLINE,65,0.126953,3.16125
vib_inner_race_007,RDP_OFFLINE,66,0.128906,3.04131
vib_inner_race_007,RDP_OFFLINE,67,0.130859,8.08958
vib_inner_race_007,RDP_OFFLINE,68,0.132812,4.54174
vib_inner_race_007,RDP_OFFLINE,69,0.134766,3.07627
vib_inner_race_007,RDP_OFFLINE,70,0.136719,2.35429
vib_inner_race_007,RDP_OFFLINE,71,0.138672,2.82632
vib_inner_race_007,RDP_OFFLINE,72,0.140625,5.57249
vib_inner_race_007,RDP_OFFLINE,73,0.142578,3.50097
vib_inner_race_007,RDP_OFFLINE,74,0.144531,6.11126
vib_inner_race_007,RDP_OFFLINE,75,0.146484,1.97812
vib_inner_race_007,RDP_OFFLINE,76,0.148438,4.99954
vib_inner_race_007,RDP_OFFLINE,77,0.150391,3.51565
vib_inner_race_007,RDP_OFFLINE,78,0.152344,3.48023
vib_inner_race_007,RDP_OFFLINE,79,0.154297,2.42573
vib_inner_race_007,RDP_OFFLINE,80,0.15625,3.39005
vib_inner_race_007,RDP_OFFLINE,81,0.158203,7.68905
vib_inner_race_007,RDP_OFFLINE,82,0.160156,4.77482
vib_inner_race_007,RDP_OFFLINE,83,0.162109,3.29649
vib_inner_race_007,RDP_OFFLINE,84,0.164062,10.276
vib_inner_race_007,RDP_OFFLINE,85,0.166016,2.72837
vib_inner_race_007,RDP_OFFLINE,86,0.167969,0.370141
vib_inner_race_007,RDP_OFFLINE,87,0.169922,2.60582
vib_inner_race_007,RDP_OFFLINE,88,0.171875,4.30549
vib_inner_race_007,RDP_OFFLINE,89,0.173828,1.6503
vib_inner_race_007,RDP_OFFLINE,90,0.175781,3.16053
vib_inner_race_007,RDP_OFFLINE,91,0.177734,2.54404
vib_inner_race_007,RDP_OFFLINE,92,0.179688,1.18419
vib_inner_race_007,RDP_OFFLINE,93,0.181641,0.588734
vib_inner_race_007,RDP_OFFLINE,94,0.183594,2.64302
vib_inner_race_007,RDP_OFFLINE,95,0.185547,3.59649
vib_inner_race_007,RDP_OFFLINE,96,0.1875,4.84364
vib_inner_race_007,RDP_OFFLINE,97,0.189453,1.69862
vib_inner_race_007,RDP_OFFLINE,98,0.191406,3.5498
vib_inner_race_007,RDP_OFFLINE,99,0.193359,3.40007
vib_inner_race_007,RDP_OFFLINE,100,0.195312,2.4142
vib_inner_race_007,RDP_OFFLINE,101,0.197266,4.31719
vib_inner_race_007,RDP_OFFLINE,102,0.199219,7.6061
vib_inner_race_007,RDP_OFFLINE,103,0.201172,7.69506
vib_inner_race_007,RDP_OFFLINE,104,0.203125,11.6615
vib_inner_race_007,RDP_OFFLINE,105,0.205078,12.4157
vib_inner_race_007,RDP_OFFLINE,106,0.207031,9.69676
vib_inner_race_007,RDP_OFFLINE,107,0.208984,1.57537
vib_inner_race_007,RDP_OFFLINE,108,0.210938,6.39105
vib_inner_race_007,RDP_OFFLINE,109,0.212891,7.52227
vib_inner_race_007,RDP_OFFLINE,110,0.214844,6.914
vib_inner_race_007,RDP_OFFLINE,111,0.216797,18.9113
vib_inner_race_007,RDP_OFFLINE,112,0.21875,14.2213
vib_inner_race_007,RDP_OFFLINE,113,0.220703,13.8956
vib_inner_race_007,RDP_OFFLINE,114,0.222656,1.09175
vib_inner_race_007,RDP_OFFLINE,115,0.224609,6.82266
vib_inner_race_007,RDP_OFFLINE,116,0.226562,16.1229
vib_inner_race_007,RDP_OFFLINE,117,0.228516,10.5782
vib_inner_race_007,RDP_OFFLINE,118,0.230469,16.6256
vib_inner_race_007,RDP_OFFLINE,119,0.232422,16.2613
vib_inner_race_007,RDP_OFFLINE,120,0.234375,6.38951
vib_inner_race_007,RDP_OFFLINE,121,0.236328,8.39942
vib_inner_race_007,RDP_OFFLINE,122,0.238281,14.4337
vib_inner_race_007,RDP_OFFLINE,123,0.240234,19.4422
vib_inner_race_007,RDP_OFFLINE,124,0.242188,11.4155
vib_inner_race_007,RDP_OFFLINE,125,0.244141,8.77515
vib_inner_race_007,RDP_OFFLINE,126,0.246094,8.1599
vib_inner_race_007,RDP_OFFLINE,127,0.248047,5.92566
vib_inner_race_007,RDP_OFFLINE,128,0.25,1.84616
vib_inner_race_007,RDP_OFFLINE,129,0.251953,4.94861
vib_inner_race_007,RDP_OFFLINE,130,0.253906,4.95765
vib_inner_race_007,RDP_OFFLINE,131,0.255859,5.77329
vib_inner_race_007,RDP_OFFLINE,132,0.257812,2.22542
vib_inner_race_007,RDP_OFFLINE,133,0.259766,4.24449
vib_inner_race_007,RDP_OFFLINE,134,0.261719,3.73555
vib_inner_race_007,RDP_OFFLINE,135,0.263672,2.91447
vib_inner_race_007,RDP_OFFLINE,136,0.265625,2.59491
vib_inner_race_007,RDP_OFFLINE,137,0.267578,1.69266
vib_inner_race_007,RDP_OFFLINE,138,0.269531,0.683623
vib_inner_race_007,RDP_OFFLINE,139,0.271484,9.6886
vib_inner_race_007,RDP_OFFLINE,140,0.273438,3.85848
vib_inner_race_007,RDP_OFFLINE,141,0.275391,4.50711
vib_inner_race_007,RDP_OFFLINE,142,0.277344,3.4052
vib_inner_race_007,RDP_OFFLINE,143,0.279297,8.39056
vib_inner_race_007,RDP_OFFLINE,144,0.28125,4.89413
vib_inner_race_007,RDP_OFFLINE,145,0.283203,13.0648
vib_inner_race_007,RDP_OFFLINE,146,0.285156,13.9032
vib_inner_race_007,RDP_OFFLINE,147,0.287109,9.09191
vib_inner_race_007,RDP_OFFLINE,148,0.289062,5.38976
vib_inner_race_007,RDP_OFFLINE,149,0.291016,6.38387
vib_inner_race_007,RDP_OFFLINE,150,0.292969,12.3793
vib_inner_race_007,RDP_OFFLINE,151,0.294922,7.89393
vib_inner_race_007,RDP_OFFLINE,152,0.296875,15.2589
vib_inner_race_007,RDP_OFFLINE,153,0.298828,26.0275
vib_inner_race_007,RDP_OFFLINE,154,0.300781,18.8227
vib_inner_race_007,RDP_OFFLINE,155,0.302734,7.01743
vib_inner_race_007,RDP_OFFLINE,156,0.304688,7.07284
vib_inner_race_007,RDP_OFFLINE,157,0.306641,16.5613
vib_inner_race_007,RDP_OFFLINE,158,0.308594,7.18083
vib_inner_race_007,RDP_OFFLINE,159,0.310547,12.6803
vib_inner_race_007,RDP_OFFLINE,160,0.3125,1.7407
vib_inner_race_007,RDP_OFFLINE,161,0.314453,7.54677
vib_inner_race_007,RDP_OFFLINE,162,0.316406,5.03355
vib_inner_race_007,RDP_OFFLINE,163,0.318359,2.61297
vib_inner_race_007,RDP_OFFLINE,164,0.320312,6.11999
vib_inner_race_007,RDP_OFFLINE,165,0.322266,3.64792
vib_inner_race_007,RDP_OFFLINE,166,0.324219,6.07059
vib_inner_race_007,RDP_OFFLINE,167,0.326172,1.95383
vib_inner_race_007,RDP_OFFLINE,168,0.328125,2.80439
vib_inner_race_007,RDP_OFFLINE,169,0.330078,2.84253
vib_inner_race_007,RDP_OFFLINE,170,0.332031,0.285551
vib_inner_race_007,RDP_OFFLINE,171,0.333984,4.16916
vib_inner_race_007,RDP_OFFLINE,172,0.335938,2.13966
vib_inner_race_007,RDP_OFFLINE,173,0.337891,4.99255
vib_inner_race_007,RDP_OFFLINE,174,0.339844,1.1428
vib_inner_race_007,RDP_OFFLINE,175,0.341797,4.81908
vib_inner_race_007,RDP_OFFLINE,176,0.34375,2.43293
vib_inner_race_007,RDP_OFFLINE,177,0.345703,4.43076
vib_inner_race_007,RDP_OFFLINE,178,0.347656,2.85534
vib_inner_race_007,RDP_OFFLINE,179,0.349609,0.601177
vib_inner_race_007,RDP_OFFLINE,180,0.351562,4.83339
vib_inner_race_007,RDP_OFFLINE,181,0.353516,1.06072
vib_inner_race_007,RDP_OFFLINE,182,0.355469,4.76689
vib_inner_race_007,RDP_OFFLINE,183,0.357422,2.60343
vib_inner_race_007,RDP_OFFLINE,184,0.359375,3.06317
vib_inner_race_007,RDP_OFFLINE,185,0.361328,1.12544
vib_inner_race_007,RDP_OFFLINE,186,0.363281,2.39476
vib_inner_race_007,RDP_OFFLINE,187,0.365234,2.06535
vib_inner_race_007,RDP_OFFLINE,188,0.367188,2.19494
vib_inner_race_007,RDP_OFFLINE,189,0.369141,2.70234
vib_inner_race_007,RDP_OFFLINE,190,0.371094,2.9612
vib_inner_race_007,RDP_OFFLINE,191,0.373047,1.38954
vib_inner_race_007,RDP_OFFLINE,192,0.375,2.24655
vib_inner_race_007,RDP_OFFLINE,193,0.376953,2.31993
vib_inner_race_007,RDP_OFFLINE,194,0.378906,2.55242
vib_inner_race_007,RDP_OFFLINE,195,0.380859,1.92152
vib_inner_race_007,RDP_OFFLINE,196,0.382812,1.87638
vib_inner_race_007,RDP_OFFLINE,197,0.384766,4.59084
vib_inner_race_007,RDP_OFFLINE,198,0.386719,1.58546
vib_inner_race_007,RDP_OFFLINE,199,0.388672,1.45361
vib_inner_race_007,RDP_OFFLINE,200,0.390625,0.754192
vib_inner_race_007,RDP_OFFLINE,201,0.392578,2.75561
vib_inner_race_007,RDP_OFFLINE,202,0.394531,2.53012
vib_inner_race_007,RDP_OFFLINE,203,0.396484,1.03928
vib_inner_race_007,RDP_OFFLINE,204,0.398438,1.72378
vib_inner_race_007,RDP_OFFLINE,205,0.400391,1.98146
vib_inner_race_007,RDP_OFFLINE,206,0.402344,2.0748
vib_inner_race_007,RDP_OFFLINE,207,0.404297,2.44163
vib_inner_race_007,RDP_OFFLINE,208,0.40625,1.20582
vib_inner_race_007,RDP_OFFLINE,209,0.408203,0.791115
vib_inner_race_007,RDP_OFFLINE,210,0.410156,3.40503
vib_inner_race_007,RDP_OFFLINE,211,0.412109,2.25274
vib_inner_race_007,RDP_OFFLINE,212,0.414062,0.838252
vib_inner_race_007,RDP_OFFLINE,213,0.416016,0.254901
vib_inner_race_007,RDP_OFFLINE,214,0.417969,2.0609
vib_inner_race_007,RDP_OFFLINE,215,0.419922,0.1601
vib_inner_race_007,RDP_OFFLINE,216,0.421875,0.721557
vib_inner_race_007,RDP_OFFLINE,217,0.423828,1.7723
vib_inner_race_007,RDP_OFFLINE,218,0.425781,1.38154
vib_inner_race_007,RDP_OFFLINE,219,0.427734,0.743832
vib_inner_race_007,RDP_OFFLINE,220,0.429688,1.13645
vib_inner_race_007,RDP_OFFLINE,221,0.431641,3.38133
vib_inner_race_007,RDP_OFFLINE,222,0.433594,0.667038
vib_inner_race_007,RDP_OFFLINE,223,0.435547,1.36891
vib_inner_race_007,RDP_OFFLINE,224,0.4375,2.2206
vib_inner_race_007,RDP_OFFLINE,225,0.439453,1.62148
vib_inner_race_007,RDP_OFFLINE,226,0.441406,3.46821
vib_inner_race_007,RDP_OFFLINE,227,0.443359,1.26424
vib_inner_race_007,RDP_OFFLINE,228,0.445312,1.65659
vib_inner_race_007,RDP_OFFLINE,229,0.447266,0.833648
vib_inner_race_007,RDP_OFFLINE,230,0.449219,2.05178
vib_inner_race_007,RDP_OFFLINE,231,0.451172,0.451616
vib_inner_race_007,RDP_OFFLINE,232,0.453125,2.88182
vib_inner_race_007,RDP_OFFLINE,233,0.455078,1.44733
vib_inner_race_007,RDP_OFFLINE,234,0.457031,0.875751
vib_inner_race_007,RDP_OFFLINE,235,0.458984,0.700256
vib_inner_race_007,RDP_OFFLINE,236,0.460938,0.546584
vib_inner_race_007,RDP_OFFLINE,237,0.462891,1.69494
vib_inner_race_007,RDP_OFFLINE,238,0.464844,0.915434
vib_inner_race_007,RDP_OFFLINE,239,0.466797,0.461379
vib_inner_race_007,RDP_OFFLINE,240,0.46875,1.2336
vib_inner_race_007,RDP_OFFLINE,241,0.470703,1.27274
vib_inner_race_007,RDP_OFFLINE,242,0.472656,1.48497
vib_inner_race_007,RDP_OFFLINE,243,0.474609,1.09421
vib_inner_race_007,RDP_OFFLINE,244,0.476562,1.56761
vib_inner_race_007,RDP_OFFLINE,245,0.478516,0.598665
vib_inner_race_007,RDP_OFFLINE,246,0.480469,1.22245
vib_inner_race_007,RDP_OFFLINE,247,0.482422,0.32999
vib_inner_race_007,RDP_OFFLINE,248,0.484375,1.48679
vib_inner_race_007,RDP_OFFLINE,249,0.486328,1.89323
vib_inner_race_007,RDP_OFFLINE,250,0.488281,0.949579
vib_inner_race_007,RDP_OFFLINE,251,0.490234,0.427868
vib_inner_race_007,RDP_OFFLINE,252,0.492188,0.526184
vib_inner_race_007,RDP_OFFLINE,253,0.494141,1.97695
vib_inner_race_007,RDP_OFFLINE,254,0.496094,0.541369
vib_inner_race_007,RDP_OFFLINE,255,0.498047,2.25496
vib_inner_race_007,LTTB_OFFLINE,0,0,7.75548
vib_inner_race_007,LTTB_OFFLINE,1,0.00195312,1.64689
vib_inner_race_007,LTTB_OFFLINE,2,0.00390625,5.09286
vib_inner_race_007,LTTB_OFFLINE,3,0.00585938,0.3141
vib_inner_race_007,LTTB_OFFLINE,4,0.0078125,3.07412
vib_inner_race_007,LTTB_OFFLINE,5,0.00976562,5.27419
vib_inner_race_007,LTTB_OFFLINE,6,0.0117188,5.38137
vib_inner_race_007,LTTB_OFFLINE,7,0.0136719,2.83917
vib_inner_race_007,LTTB_OFFLINE,8,0.015625,7.54143
vib_inner_race_007,LTTB_OFFLINE,9,0.0175781,1.53048
vib_inner_race_007,LTTB_OFFLINE,10,0.0195312,7.1149
vib_inner_race_007,LTTB_OFFLINE,11,0.0214844,0.874283
vib_inner_race_007,LTTB_OFFLINE,12,0.0234375,4.01739
vib_inner_race_007,LTTB_OFFLINE,13,0.0253906,3.69901
vib_inner_race_007,LTTB_OFFLINE,14,0.0273438,6.86652
vib_inner_race_007,LTTB_OFFLINE,15,0.0292969,7.0424
vib_inner_race_007,LTTB_OFFLINE,16,0.03125,1.21688
vib_inner_race_007,LTTB_OFFLINE,17,0.0332031,3.56839
vib_inner_race_007,LTTB_OFFLINE,18,0.0351562,6.45472
vib_inner_race_007,LTTB_OFFLINE,19,0.0371094,5.31552
vib_inner_race_007,LTTB_OFFLINE,20,0.0390625,6.45154
vib_inner_race_007,LTTB_OFFLINE,21,0.0410156,7.27985
vib_inner_race_007,LTTB_OFFLINE,22,0.0429688,4.05691
vib_inner_race_007,LTTB_OFFLINE,23,0.0449219,2.62499
vib_inner_race_007,LTTB_OFFLINE,24,0.046875,5.50024
vib_inner_race_007,LTTB_OFFLINE,25,0.0488281,3.07568
vib_inner_race_007,LTTB_OFFLINE,26,0.0507812,14.2663
vib_inner_race_007,LTTB_OFFLINE,27,0.0527344,1.39946
vib_inner_race_007,LTTB_OFFLINE,28,0.0546875,7.05609
vib_inner_race_007,LTTB_OFFLINE,29,0.0566406,9.53357
vib_inner_race_007,LTTB_OFFLINE,30,0.0585938,3.68486
vib_inner_race_007,LTTB_OFFLINE,31,0.0605469,0.590694
vib_inner_race_007,LTTB_OFFLINE,32,0.0625,7.54289
vib_inner_race_007,LTTB_OFFLINE,33,0.0644531,4.73436
vib_inner_race_007,LTTB_OFFLINE,34,0.0664062,6.07136
vib_inner_race_007,LTTB_OFFLINE,35,0.0683594,0.901928
vib_inner_race_007,LTTB_OFFLINE,36,0.0703125,4.54818
vib_inner_race_007,LTTB_OFFLINE,37,0.0722656,4.38319
vib_inner_race_007,LTTB_OFFLINE,38,0.0742188,7.13849
vib_inner_race_007,LTTB_OFFLINE,39,0.0761719,5.18259
vib_inner_race_007,LTTB_OFFLINE,40,0.078125,1.13389
vib_inner_race_007,LTTB_OFFLINE,41,0.0800781,4.45736
vib_inner_race_007,LTTB_OFFLINE,42,0.0820312,7.66739
vib_inner_race_007,LTTB_OFFLINE,43,0.0839844,3.06398
vib_inner_race_007,LTTB_OFFLINE,44,0.0859375,1.48807
vib_inner_race_007,LTTB_OFFLINE,45,0.0878906,8.92591
vib_inner_race_007,LTTB_OFFLINE,46,0.0898438,4.12674
vib_inner_race_007,LTTB_OFFLINE,47,0.0917969,5.86863
vib_inner_race_007,LTTB_OFFLINE,48,0.09375,4.92808
vib_inner_race_007,LTTB_OFFLINE,49,0.0957031,9.15153
vib_inner_race_007,LTTB_OFFLINE,50,0.0976562,12.3769
vib_inner_race_007,LTTB_OFFLINE,51,0.0996094,13.4865
vib_inner_race_007,LTTB_OFFLINE,52,0.101562,7.79006
vib_inner_race_007,LTTB_OFFLINE,53,0.103516,11.3595
vib_inner_race_007,LTTB_OFFLINE,54,0.105469,9.46227
vib_inner_race_007,LTTB_OFFLINE,55,0.107422,1.96358
vib_inner_race_007,LTTB_OFFLINE,56,0.109375,22.8407
vib_inner_race_007,LTTB_OFFLINE,57,0.111328,14.1163
vib_inner_race_007,LTTB_OFFLINE,58,0.113281,5.5006
vib_inner_race_007,LTTB_OFFLINE,59,0.115234,6.50188
vib_inner_race_007,LTTB_OFFLINE,60,0.117188,4.97975
vib_inner_race_007,LTTB_OFFLINE,61,0.119141,8.22985
vib_inner_race_007,LTTB_OFFLINE,62,0.121094,2.11207
vib_inner_race_007,LTTB_OFFLINE,63,0.123047,14.1161
vib_inner_race_007,LTTB_OFFLINE,64,0.125,3.40933
vib_inner_race_007,LTTB_OFFLINE,65,0.126953,4.48579
vib_inner_race_007,LTTB_OFFLINE,66,0.128906,2.37629
vib_inner_race_007,LTTB_OFFLINE,67,0.130859,7.15511
vib_inner_race_007,LTTB_OFFLINE,68,0.132812,4.4911
vib_inner_race_007,LTTB_OFFLINE,69,0.134766,7.0579
vib_inner_race_007,LTTB_OFFLINE,70,0.136719,5.29447
vib_inner_race_007,LTTB_OFFLINE,71,0.138672,8.64452
vib_inner_race_007,LTTB_OFFLINE,72,0.140625,1.17534
vib_inner_race_007,LTTB_OFFLINE,73,0.142578,3.27105
vib_inner_race_007,LTTB_OFFLINE,74,0.144531,9.40829
vib_inner_race_007,LTTB_OFFLINE,75,0.146484,3.60257
vib_inner_race_007,LTTB_OFFLINE,76,0.148438,4.66847
vib_inner_race_007,LTTB_OFFLINE,77,0.150391,7.39486
vib_inner_race_007,LTTB_OFFLINE,78,0.152344,3.19283
vib_inner_race_007,LTTB_OFFLINE,79,0.154297,2.53307
vib_inner_race_007,LTTB_OFFLINE,80,0.15625,4.65121
vib_inner_race_007,LTTB_OFFLINE,81,0.158203,10.6987
vib_inner_race_007,LTTB_OFFLINE,82,0.160156,3.67678
vib_inner_race_007,LTTB_OFFLINE,83,0.162109,0.902777
vib_inner_race_007,LTTB_OFFLINE,84,0.164062,8.21665
vib_inner_race_007,LTTB_OFFLINE,85,0.166016,2.91966
vib_inner_race_007,LTTB_OFFLINE,86,0.167969,4.15439
vib_inner_race_007,LTTB_OFFLINE,87,0.169922,5.13642
vib_inner_race_007,LTTB_OFFLINE,88,0.171875,4.14044
vib_inner_race_007,LTTB_OFFLINE,89,0.173828,7.78735
vib_inner_race_007,LTTB_OFFLINE,90,0.175781,5.80176
vib_inner_race_007,LTTB_OFFLINE,91,0.177734,4.2489
vib_inner_race_007,LTTB_OFFLINE,92,0.179688,1.42349
vib_inner_race_007,LTTB_OFFLINE,93,0.181641,6.85763
vib_inner_race_007,LTTB_OFFLINE,94,0.183594,5.78576
vib_inner_race_007,LTTB_OFFLINE,95,0.185547,5.25736
vib_inner_race_007,LTTB_OFFLINE,96,0.1875,2.75467
vib_inner_race_007,LTTB_OFFLINE,97,0.189453,4.72001
vib_inner_race_007,LTTB_OFFLINE,98,0.191406,5.76105
vib_inner_race_007,LTTB_OFFLINE,99,0.193359,3.47795
vib_inner_race_007,LTTB_OFFLINE,100,0.195312,5.20953
vib_inner_race_007,LTTB_OFFLINE,101,0.197266,8.50802
vib_inner_race_007,LTTB_OFFLINE,102,0.199219,7.16203
vib_inner_race_007,LTTB_OFFLINE,103,0.201172,4.12667
vib_inner_race_007,LTTB_OFFLINE,104,0.203125,16.0947
vib_inner_race_007,LTTB_OFFLINE,105,0.205078,19.7263
vib_inner_race_007,LTTB_OFFLINE,106,0.207031,14.2556
vib_inner_race_007,LTTB_OFFLINE,107,0.208984,8.99961
vib_inner_race_007,LTTB_OFFLINE,108,0.210938,7.48163
vib_inner_race_007,LTTB_OFFLINE,109,0.212891,13.4019
vib_inner_race_007,LTTB_OFFLINE,110,0.214844,9.80966
vib_inner_race_007,LTTB_OFFLINE,111,0.216797,25.3508
vib_inner_race_007,LTTB_OFFLINE,112,0.21875,14.2771
vib_inner_race_007,LTTB_OFFLINE,113,0.220703,6.56353
vib_inner_race_007,LTTB_OFFLINE,114,0.222656,3.15327
vib_inner_race_007,LTTB_OFFLINE,115,0.224609,4.53211
vib_inner_race_007,LTTB_OFFLINE,116,0.226562,14.0326
vib_inner_race_007,LTTB_OFFLINE,117,0.228516,8.55441
vib_inner_race_007,LTTB_OFFLINE,118,0.230469,12.2696
vib_inner_race_007,LTTB_OFFLINE,119,0.232422,12.6413
vib_inner_race_007,LTTB_OFFLINE,120,0.234375,7.66081
vib_inner_race_007,LTTB_OFFLINE,121,0.236328,5.46231
vib_inner_race_007,LTTB_OFFLINE,122,0.238281,6.91439
vib_inner_race_007,LTTB_OFFLINE,123,0.240234,17.2205
vib_inner_race_007,LTTB_OFFLINE,124,0.242188,5.82517
vib_inner_race_007,LTTB_OFFLINE,125,0.244141,7.30897
vib_inner_race_007,LTTB_OFFLINE,126,0.246094,7.53389
vib_inner_race_007,LTTB_OFFLINE,127,0.248047,5.0731
vib_inner_race_007,LTTB_OFFLINE,128,0.25,1.30654
vib_inner_race_007,LTTB_OFFLINE,129,0.251953,4.82454
vib_inner_race_007,LTTB_OFFLINE,130,0.253906,4.45311
vib_inner_race_007,LTTB_OFFLINE,131,0.255859,1.87239
vib_inner_race_007,LTTB_OFFLINE,132,0.257812,5.56583
vib_inner_race_007,LTTB_OFFLINE,133,0.259766,3.97899
vib_inner_race_007,LTTB_OFFLINE,134,0.261719,4.66526
vib_inner_race_007,LTTB_OFFLINE,135,0.263672,0.149926
vib_inner_race_007,LTTB_OFFLINE,136,0.265625,1.47813
vib_inner_race_007,LTTB_OFFLINE,137,0.267578,2.96655
vib_inner_race_007,LTTB_OFFLINE,138,0.269531,1.01948
vib_inner_race_007,LTTB_OFFLINE,139,0.271484,6.01906
vib_inner_race_007,LTTB_OFFLINE,140,0.273438,3.08833
vib_inner_race_007,LTTB_OFFLINE,141,0.275391,3.64086
vib_inner_race_007,LTTB_OFFLINE,142,0.277344,1.7882
vib_inner_race_007,LTTB_OFFLINE,143,0.279297,4.43358
vib_inner_race_007,LTTB_OFFLINE,144,0.28125,5.35768
vib_inner_race_007,LTTB_OFFLINE,145,0.283203,6.25275
vib_inner_race_007,LTTB_OFFLINE,146,0.285156,9.10524
vib_inner_race_007,LTTB_OFFLINE,147,0.287109,4.07585
vib_inner_race_007,LTTB_OFFLINE,148,0.289062,3.92331
vib_inner_race_007,LTTB_OFFLINE,149,0.291016,0.429565
vib_inner_race_007,LTTB_OFFLINE,150,0.292969,5.70434
vib_inner_race_007,LTTB_OFFLINE,151,0.294922,4.54379
vib_inner_race_007,LTTB_OFFLINE,152,0.296875,7.18164
vib_inner_race_007,LTTB_OFFLINE,153,0.298828,16.6445
vib_inner_race_007,LTTB_OFFLINE,154,0.300781,9.46961
vib_inner_race_007,LTTB_OFFLINE,155,0.302734,2.96232
vib_inner_race_007,LTTB_OFFLINE,156,0.304688,2.59068
vib_inner_race_007,LTTB_OFFLINE,157,0.306641,8.263
vib_inner_race_007,LTTB_OFFLINE,158,0.308594,1.65606
vib_inner_race_007,LTTB_OFFLINE,159,0.310547,6.13411
vib_inner_race_007,LTTB_OFFLINE,160,0.3125,2.52181
vib_inner_race_007,LTTB_OFFLINE,161,0.314453,4.02096
vib_inner_race_007,LTTB_OFFLINE,162,0.316406,1.89034
vib_inner_race_007,LTTB_OFFLINE,163,0.318359,1.69322
vib_inner_race_007,LTTB_OFFLINE,164,0.320312,5.04097
vib_inner_race_007,LTTB_OFFLINE,165,0.322266,2.55399
vib_inner_race_007,LTTB_OFFLINE,166,0.324219,5.07774
vib_inner_race_007,LTTB_OFFLINE,167,0.326172,4.19122
vib_inner_race_007,LTTB_OFFLINE,168,0.328125,1.72065
vib_inner_race_007,LTTB_OFFLINE,169,0.330078,1.61623
vib_inner_race_007,LTTB_OFFLINE,170,0.332031,2.7328
vib_inner_race_007,LTTB_OFFLINE,171,0.333984,2.64258
vib_inner_race_007,LTTB_OFFLINE,172,0.335938,0.201428
vib_inner_race_007,LTTB_OFFLINE,173,0.337891,0.897664
vib_inner_race_007,LTTB_OFFLINE,174,0.339844,1.57686
vib_inner_race_007,LTTB_OFFLINE,175,0.341797,2.12309
vib_inner_race_007,LTTB_OFFLINE,176,0.34375,2.93981
vib_inner_race_007,LTTB_OFFLINE,177,0.345703,1.15857
vib_inner_race_007,LTTB_OFFLINE,178,0.347656,0.236077
vib_inner_race_007,LTTB_OFFLINE,179,0.349609,2.21504
vib_inner_race_007,LTTB_OFFLINE,180,0.351562,1.46555
vib_inner_race_007,LTTB_OFFLINE,181,0.353516,1.00376
vib_inner_race_007,LTTB_OFFLINE,182,0.355469,2.58694
vib_inner_race_007,LTTB_OFFLINE,183,0.357422,1.38074
vib_inner_race_007,LTTB_OFFLINE,184,0.359375,2.32372
vib_inner_race_007,LTTB_OFFLINE,185,0.361328,3.53981
vib_inner_race_007,LTTB_OFFLINE,186,0.363281,1.00253
vib_inner_race_007,LTTB_OFFLINE,187,0.365234,3.02957
vib_inner_race_007,LTTB_OFFLINE,188,0.367188,1.85371
vib_inner_race_007,LTTB_OFFLINE,189,0.369141,1.71585
vib_inner_race_007,LTTB_OFFLINE,190,0.371094,0.801333
vib_inner_race_007,LTTB_OFFLINE,191,0.373047,1.37246
vib_inner_race_007,LTTB_OFFLINE,192,0.375,2.78779
vib_inner_race_007,LTTB_OFFLINE,193,0.376953,1.82684
vib_inner_race_007,LTTB_OFFLINE,194,0.378906,2.15176
vib_inner_race_007,LTTB_OFFLINE,195,0.380859,0.223792
vib_inner_race_007,LTTB_OFFLINE,196,0.382812,1.53633
vib_inner_race_007,LTTB_OFFLINE,197,0.384766,0.694324
vib_inner_race_007,LTTB_OFFLINE,198,0.386719,1.44115
vib_inner_race_007,LTTB_OFFLINE,199,0.388672,0.968565
vib_inner_race_007,LTTB_OFFLINE,200,0.390625,0.989355
vib_inner_race_007,LTTB_OFFLINE,201,0.392578,1.08465
vib_inner_race_007,LTTB_OFFLINE,202,0.394531,1.05633
vib_inner_race_007,LTTB_OFFLINE,203,0.396484,1.45342
vib_inner_race_007,LTTB_OFFLINE,204,0.398438,0.826842
vib_inner_race_007,LTTB_OFFLINE,205,0.400391,3.33874
vib_inner_race_007,LTTB_OFFLINE,206,0.402344,0.98898
vib_inner_race_007,LTTB_OFFLINE,207,0.404297,2.54864
vib_inner_race_007,LTTB_OFFLINE,208,0.40625,1.33338
vib_inner_race_007,LTTB_OFFLINE,209,0.408203,0.988141
vib_inner_race_007,LTTB_OFFLINE,210,0.410156,3.40536
vib_inner_race_007,LTTB_OFFLINE,211,0.412109,1.58049
vib_inner_race_007,LTTB_OFFLINE,212,0.414062,1.64808
vib_inner_race_007,LTTB_OFFLINE,213,0.416016,0.738716
vib_inner_race_007,LTTB_OFFLINE,214,0.417969,0.658947
vib_inner_race_007,LTTB_OFFLINE,215,0.419922,1.33221
vib_inner_race_007,LTTB_OFFLINE,216,0.421875,1.3154
vib_inner_race_007,LTTB_OFFLINE,217,0.423828,1.39934
vib_inner_race_007,LTTB_OFFLINE,218,0.425781,1.31332
vib_inner_race_007,LTTB_OFFLINE,219,0.427734,0.749556
vib_inner_race_007,LTTB_OFFLINE,220,0.429688,2.24925
vib_inner_race_007,LTTB_OFFLINE,221,0.431641,0.599871
vib_inner_race_007,LTTB_OFFLINE,222,0.433594,0.893453
vib_inner_race_007,LTTB_OFFLINE,223,0.435547,1.04901
vib_inner_race_007,LTTB_OFFLINE,224,0.4375,0.942998
vib_inner_race_007,LTTB_OFFLINE,225,0.439453,2.00245
vib_inner_race_007,LTTB_OFFLINE,226,0.441406,3.45781
vib_inner_race_007,LTTB_OFFLINE,227,0.443359,2.2226
vib_inner_race_007,LTTB_OFFLINE,228,0.445312,1.19483
vib_inner_race_007,LTTB_OFFLINE,229,0.447266,1.35438
vib_inner_race_007,LTTB_OFFLINE,230,0.449219,2.6951
vib_inner_race_007,LTTB_OFFLINE,231,0.451172,2.22171
vib_inner_race_007,LTTB_OFFLINE,232,0.453125,1.46585
vib_inner_race_007,LTTB_OFFLINE,233,0.455078,1.63058
vib_inner_race_007,LTTB_OFFLINE,234,0.457031,1.45244
vib_inner_race_007,LTTB_OFFLINE,235,0.458984,0.758131
vib_inner_race_007,LTTB_OFFLINE,236,0.460938,0.831708
vib_inner_race_007,LTTB_OFFLINE,237,0.462891,2.31157
vib_inner_race_007,LTTB_OFFLINE,238,0.464844,0.389172
vib_inner_race_007,LTTB_OFFLINE,239,0.466797,1.39679
vib_inner_race_007,LTTB_OFFLINE,240,0.46875,0.424931
vib_inner_race_007,LTTB_OFFLINE,241,0.470703,0.397771
vib_inner_race_007,LTTB_OFFLINE,242,0.472656,0.77055
vib_inner_race_007,LTTB_OFFLINE,243,0.474609,1.18406
vib_inner_race_007,LTTB_OFFLINE,244,0.476562,0.454207
vib_inner_race_007,LTTB_OFFLINE,245,0.478516,0.964602
vib_inner_race_007,LTTB_OFFLINE,246,0.480469,1.87918
vib_inner_race_007,LTTB_OFFLINE,247,0.482422,1.15004
vib_inner_race_007,LTTB_OFFLINE,248,0.484375,2.42964
vib_inner_race_007,LTTB_OFFLINE,249,0.486328,0.580594
vib_inner_race_007,LTTB_OFFLINE,250,0.488281,0.959181
vib_inner_race_007,LTTB_OFFLINE,251,0.490234,1.41987
vib_inner_race_007,LTTB_OFFLINE,252,0.492188,1.33503
vib_inner_race_007,LTTB_OFFLINE,253,0.494141,2.3108
vib_inner_race_007,LTTB_OFFLINE,254,0.496094,1.59828
vib_inner_race_007,LTTB_OFFLINE,255,0.498047,1.7556
vib_inner_race_007,IMP_INTERP_COMPOSITE,0,0,8.97878
vib_inner_race_007,IMP_INTERP_COMPOSITE,1,0.00195312,1.40676
vib_inner_race_007,IMP_INTERP_COMPOSITE,2,0.00390625,0.546744
vib_inner_race_007,IMP_INTERP_COMPOSITE,3,0.00585938,1.41364
vib_inner_race_007,IMP_INTERP_COMPOSITE,4,0.0078125,2.29176
vib_inner_race_007,IMP_INTERP_COMPOSITE,5,0.00976562,1.12128
vib_inner_race_007,IMP_INTERP_COMPOSITE,6,0.0117188,0.28505
vib_inner_race_007,IMP_INTERP_COMPOSITE,7,0.0136719,5.58409
vib_inner_race_007,IMP_INTERP_COMPOSITE,8,0.015625,3.04735
vib_inner_race_007,IMP_INTERP_COMPOSITE,9,0.0175781,2.33131
vib_inner_race_007,IMP_INTERP_COMPOSITE,10,0.0195312,1.77585
vib_inner_race_007,IMP_INTERP_COMPOSITE,11,0.0214844,1.31962
vib_inner_race_007,IMP_INTERP_COMPOSITE,12,0.0234375,2.12657
vib_inner_race_007,IMP_INTERP_COMPOSITE,13,0.0253906,3.55726
vib_inner_race_007,IMP_INTERP_COMPOSITE,14,0.0273438,1.76235
vib_inner_race_007,IMP_INTERP_COMPOSITE,15,0.0292969,1.81208
vib_inner_race_007,IMP_INTERP_COMPOSITE,16,0.03125,1.93256
vib_inner_race_007,IMP_INTERP_COMPOSITE,17,0.0332031,1.08434
vib_inner_race_007,IMP_INTERP_COMPOSITE,18,0.0351562,2.92691
vib_inner_race_007,IMP_INTERP_COMPOSITE,19,0.0371094,4.8933
vib_inner_race_007,IMP_INTERP_COMPOSITE,20,0.0390625,4.60594
vib_inner_race_007,IMP_INTERP_COMPOSITE,21,0.0410156,3.28388
vib_inner_race_007,IMP_INTERP_COMPOSITE,22,0.0429688,3.52878
vib_inner_race_007,IMP_INTERP_COMPOSITE,23,0.0449219,2.91334
vib_inner_race_007,IMP_INTERP_COMPOSITE,24,0.046875,2.14609
vib_inner_race_007,IMP_INTERP_COMPOSITE,25,0.0488281,1.92703
vib_inner_race_007,IMP_INTERP_COMPOSITE,26,0.0507812,14.4491
vib_inner_race_007,IMP_INTERP_COMPOSITE,27,0.0527344,2.76263
vib_inner_race_007,IMP_INTERP_COMPOSITE,28,0.0546875,2.81482
vib_inner_race_007,IMP_INTERP_COMPOSITE,29,0.0566406,8.54525
vib_inner_race_007,IMP_INTERP_COMPOSITE,30,0.0585938,0.692124
vib_inner_race_007,IMP_INTERP_COMPOSITE,31,0.0605469,2.14697
vib_inner_race_007,IMP_INTERP_COMPOSITE,32,0.0625,4.06441
vib_inner_race_007,IMP_INTERP_COMPOSITE,33,0.0644531,2.43678
vib_inner_race_007,IMP_INTERP_COMPOSITE,34,0.0664062,2.16031
vib_inner_race_007,IMP_INTERP_COMPOSITE,35,0.0683594,1.44149
vib_inner_race_007,IMP_INTERP_COMPOSITE,36,0.0703125,0.72297
vib_inner_race_007,IMP_INTERP_COMPOSITE,37,0.0722656,2.15344
vib_inner_race_007,IMP_INTERP_COMPOSITE,38,0.0742188,1.95051
vib_inner_race_007,IMP_INTERP_COMPOSITE,39,0.0761719,1.04638
vib_inner_race_007,IMP_INTERP_COMPOSITE,40,0.078125,3.69614
vib_inner_race_007,IMP_INTERP_COMPOSITE,41,0.0800781,1.5203
vib_inner_race_007,IMP_INTERP_COMPOSITE,42,0.0820312,0.67412
vib_inner_race_007,IMP_INTERP_COMPOSITE,43,0.0839844,5.10153
vib_inner_race_007,IMP_INTERP_COMPOSITE,44,0.0859375,5.42806
vib_inner_race_007,IMP_INTERP_COMPOSITE,45,0.0878906,1.18579
vib_inner_race_007,IMP_INTERP_COMPOSITE,46,0.0898438,1.68799
vib_inner_race_007,IMP_INTERP_COMPOSITE,47,0.0917969,3.8685
vib_inner_race_007,IMP_INTERP_COMPOSITE,48,0.09375,10.0447
vib_inner_race_007,IMP_INTERP_COMPOSITE,49,0.0957031,8.85754
vib_inner_race_007,IMP_INTERP_COMPOSITE,50,0.0976562,10.1718
vib_inner_race_007,IMP_INTERP_COMPOSITE,51,0.0996094,10.7963
vib_inner_race_007,IMP_INTERP_COMPOSITE,52,0.101562,5.431
vib_inner_race_007,IMP_INTERP_COMPOSITE,53,0.103516,8.49273
vib_inner_race_007,IMP_INTERP_COMPOSITE,54,0.105469,13.4266
vib_inner_race_007,IMP_INTERP_COMPOSITE,55,0.107422,4.44785
vib_inner_race_007,IMP_INTERP_COMPOSITE,56,0.109375,15.6622
vib_inner_race_007,IMP_INTERP_COMPOSITE,57,0.111328,9.54821
vib_inner_race_007,IMP_INTERP_COMPOSITE,58,0.113281,2.84118
vib_inner_race_007,IMP_INTERP_COMPOSITE,59,0.115234,5.18174
vib_inner_race_007,IMP_INTERP_COMPOSITE,60,0.117188,6.18375
vib_inner_race_007,IMP_INTERP_COMPOSITE,61,0.119141,5.62088
vib_inner_race_007,IMP_INTERP_COMPOSITE,62,0.121094,3.29577
vib_inner_race_007,IMP_INTERP_COMPOSITE,63,0.123047,12.7089
vib_inner_race_007,IMP_INTERP_COMPOSITE,64,0.125,4.28932
vib_inner_race_007,IMP_INTERP_COMPOSITE,65,0.126953,3.50154
vib_inner_race_007,IMP_INTERP_COMPOSITE,66,0.128906,2.89279
vib_inner_race_007,IMP_INTERP_COMPOSITE,67,0.130859,6.61795
vib_inner_race_007,IMP_INTERP_COMPOSITE,68,0.132812,3.57176
vib_inner_race_007,IMP_INTERP_COMPOSITE,69,0.134766,2.8632
vib_inner_race_007,IMP_INTERP_COMPOSITE,70,0.136719,3.70658
vib_inner_race_007,IMP_INTERP_COMPOSITE,71,0.138672,3.32124
vib_inner_race_007,IMP_INTERP_COMPOSITE,72,0.140625,4.73209
vib_inner_race_007,IMP_INTERP_COMPOSITE,73,0.142578,4.33459
vib_inner_race_007,IMP_INTERP_COMPOSITE,74,0.144531,6.55478
vib_inner_race_007,IMP_INTERP_COMPOSITE,75,0.146484,2.89252
vib_inner_race_007,IMP_INTERP_COMPOSITE,76,0.148438,3.6247
vib_inner_race_007,IMP_INTERP_COMPOSITE,77,0.150391,3.27312
vib_inner_race_007,IMP_INTERP_COMPOSITE,78,0.152344,1.97088
vib_inner_race_007,IMP_INTERP_COMPOSITE,79,0.154297,1.47449
vib_inner_race_007,IMP_INTERP_COMPOSITE,80,0.15625,1.26681
vib_inner_race_007,IMP_INTERP_COMPOSITE,81,0.158203,6.50323
vib_inner_race_007,IMP_INTERP_COMPOSITE,82,0.160156,3.59767
vib_inner_race_007,IMP_INTERP_COMPOSITE,83,0.162109,2.85899
vib_inner_race_007,IMP_INTERP_COMPOSITE,84,0.164062,10.3184
vib_inner_race_007,IMP_INTERP_COMPOSITE,85,0.166016,3.10507
vib_inner_race_007,IMP_INTERP_COMPOSITE,86,0.167969,0.113635
vib_inner_race_007,IMP_INTERP_COMPOSITE,87,0.169922,1.28573
vib_inner_race_007,IMP_INTERP_COMPOSITE,88,0.171875,2.41102
vib_inner_race_007,IMP_INTERP_COMPOSITE,89,0.173828,0.157793
vib_inner_race_007,IMP_INTERP_COMPOSITE,90,0.175781,1.19834
vib_inner_race_007,IMP_INTERP_COMPOSITE,91,0.177734,3.37854
vib_inner_race_007,IMP_INTERP_COMPOSITE,92,0.179688,1.36828
vib_inner_race_007,IMP_INTERP_COMPOSITE,93,0.181641,1.6315
vib_inner_race_007,IMP_INTERP_COMPOSITE,94,0.183594,1.27559
vib_inner_race_007,IMP_INTERP_COMPOSITE,95,0.185547,4.64479
vib_inner_race_007,IMP_INTERP_COMPOSITE,96,0.1875,3.69068
vib_inner_race_007,IMP_INTERP_COMPOSITE,97,0.189453,2.72658
vib_inner_race_007,IMP_INTERP_COMPOSITE,98,0.191406,3.6022
vib_inner_race_007,IMP_INTERP_COMPOSITE,99,0.193359,1.86608
vib_inner_race_007,IMP_INTERP_COMPOSITE,100,0.195312,1.24289
vib_inner_race_007,IMP_INTERP_COMPOSITE,101,0.197266,5.75897
vib_inner_race_007,IMP_INTERP_COMPOSITE,102,0.199219,6.71355
vib_inner_race_007,IMP_INTERP_COMPOSITE,103,0.201172,7.55119
vib_inner_race_007,IMP_INTERP_COMPOSITE,104,0.203125,13.0415
vib_inner_race_007,IMP_INTERP_COMPOSITE,105,0.205078,14.1763
vib_inner_race_007,IMP_INTERP_COMPOSITE,106,0.207031,10.8031
vib_inner_race_007,IMP_INTERP_COMPOSITE,107,0.208984,1.0276
vib_inner_race_007,IMP_INTERP_COMPOSITE,108,0.210938,8.0468
vib_inner_race_007,IMP_INTERP_COMPOSITE,109,0.212891,6.75207
vib_inner_race_007,IMP_INTERP_COMPOSITE,110,0.214844,5.73601
vib_inner_race_007,IMP_INTERP_COMPOSITE,111,0.216797,19.9044
vib_inner_race_007,IMP_INTERP_COMPOSITE,112,0.21875,14.9245
vib_inner_race_007,IMP_INTERP_COMPOSITE,113,0.220703,12.5634
vib_inner_race_007,IMP_INTERP_COMPOSITE,114,0.222656,0.782911
vib_inner_race_007,IMP_INTERP_COMPOSITE,115,0.224609,7.91576
vib_inner_race_007,IMP_INTERP_COMPOSITE,116,0.226562,17.0582
vib_inner_race_007,IMP_INTERP_COMPOSITE,117,0.228516,12.0707
vib_inner_race_007,IMP_INTERP_COMPOSITE,118,0.230469,17.4057
vib_inner_race_007,IMP_INTERP_COMPOSITE,119,0.232422,14.6067
vib_inner_race_007,IMP_INTERP_COMPOSITE,120,0.234375,7.0964
vib_inner_race_007,IMP_INTERP_COMPOSITE,121,0.236328,9.4551
vib_inner_race_007,IMP_INTERP_COMPOSITE,122,0.238281,16.8937
vib_inner_race_007,IMP_INTERP_COMPOSITE,123,0.240234,20.4917
vib_inner_race_007,IMP_INTERP_COMPOSITE,124,0.242188,13.6382
vib_inner_race_007,IMP_INTERP_COMPOSITE,125,0.244141,9.5455
vib_inner_race_007,IMP_INTERP_COMPOSITE,126,0.246094,8.25478
vib_inner_race_007,IMP_INTERP_COMPOSITE,127,0.248047,5.66114
vib_inner_race_007,IMP_INTERP_COMPOSITE,128,0.25,1.24048
vib_inner_race_007,IMP_INTERP_COMPOSITE,129,0.251953,4.63317
vib_inner_race_007,IMP_INTERP_COMPOSITE,130,0.253906,3.09637
vib_inner_race_007,IMP_INTERP_COMPOSITE,131,0.255859,5.96028
vib_inner_race_007,IMP_INTERP_COMPOSITE,132,0.257812,2.12237
vib_inner_race_007,IMP_INTERP_COMPOSITE,133,0.259766,3.26921
vib_inner_race_007,IMP_INTERP_COMPOSITE,134,0.261719,2.36297
vib_inner_race_007,IMP_INTERP_COMPOSITE,135,0.263672,2.34283
vib_inner_race_007,IMP_INTERP_COMPOSITE,136,0.265625,3.94871
vib_inner_race_007,IMP_INTERP_COMPOSITE,137,0.267578,1.99568
vib_inner_race_007,IMP_INTERP_COMPOSITE,138,0.269531,3.5234
vib_inner_race_007,IMP_INTERP_COMPOSITE,139,0.271484,11.3378
vib_inner_race_007,IMP_INTERP_COMPOSITE,140,0.273438,5.0381
vib_inner_race_007,IMP_INTERP_COMPOSITE,141,0.275391,4.52607
vib_inner_race_007,IMP_INTERP_COMPOSITE,142,0.277344,3.31439
vib_inner_race_007,IMP_INTERP_COMPOSITE,143,0.279297,7.55311
vib_inner_race_007,IMP_INTERP_COMPOSITE,144,0.28125,5.72587
vib_inner_race_007,IMP_INTERP_COMPOSITE,145,0.283203,14.688
vib_inner_race_007,IMP_INTERP_COMPOSITE,146,0.285156,14.8591
vib_inner_race_007,IMP_INTERP_COMPOSITE,147,0.287109,10.3043
vib_inner_race_007,IMP_INTERP_COMPOSITE,148,0.289062,5.2136
vib_inner_race_007,IMP_INTERP_COMPOSITE,149,0.291016,5.69928
vib_inner_race_007,IMP_INTERP_COMPOSITE,150,0.292969,12.7169
vib_inner_race_007,IMP_INTERP_COMPOSITE,151,0.294922,9.24372
vib_inner_race_007,IMP_INTERP_COMPOSITE,152,0.296875,15.7362
vib_inner_race_007,IMP_INTERP_COMPOSITE,153,0.298828,27.1778
vib_inner_race_007,IMP_INTERP_COMPOSITE,154,0.300781,20.2845
vib_inner_race_007,IMP_INTERP_COMPOSITE,155,0.302734,8.00013
vib_inner_race_007,IMP_INTERP_COMPOSITE,156,0.304688,9.14359
vib_inner_race_007,IMP_INTERP_COMPOSITE,157,0.306641,17.1108
vib_inner_race_007,IMP_INTERP_COMPOSITE,158,0.308594,8.37288
vib_inner_race_007,IMP_INTERP_COMPOSITE,159,0.310547,12.063
vib_inner_race_007,IMP_INTERP_COMPOSITE,160,0.3125,3.36938
vib_inner_race_007,IMP_INTERP_COMPOSITE,161,0.314453,6.52335
vib_inner_race_007,IMP_INTERP_COMPOSITE,162,0.316406,4.42217
vib_inner_race_007,IMP_INTERP_COMPOSITE,163,0.318359,1.924
vib_inner_race_007,IMP_INTERP_COMPOSITE,164,0.320312,5.26832
vib_inner_race_007,IMP_INTERP_COMPOSITE,165,0.322266,4.55843
vib_inner_race_007,IMP_INTERP_COMPOSITE,166,0.324219,4.91624
vib_inner_race_007,IMP_INTERP_COMPOSITE,167,0.326172,3.33334
vib_inner_race_007,IMP_INTERP_COMPOSITE,168,0.328125,2.17238
vib_inner_race_007,IMP_INTERP_COMPOSITE,169,0.330078,2.995
vib_inner_race_007,IMP_INTERP_COMPOSITE,170,0.332031,1.28342
vib_inner_race_007,IMP_INTERP_COMPOSITE,171,0.333984,4.17641
vib_inner_race_007,IMP_INTERP_COMPOSITE,172,0.335938,0.646336
vib_inner_race_007,IMP_INTERP_COMPOSITE,173,0.337891,3.39745
vib_inner_race_007,IMP_INTERP_COMPOSITE,174,0.339844,1.9877
vib_inner_race_007,IMP_INTERP_COMPOSITE,175,0.341797,4.16432
vib_inner_race_007,IMP_INTERP_COMPOSITE,176,0.34375,2.91373
vib_inner_race_007,IMP_INTERP_COMPOSITE,177,0.345703,4.72145
vib_inner_race_007,IMP_INTERP_COMPOSITE,178,0.347656,1.51504
vib_inner_race_007,IMP_INTERP_COMPOSITE,179,0.349609,1.30653
vib_inner_race_007,IMP_INTERP_COMPOSITE,180,0.351562,2.79208
vib_inner_race_007,IMP_INTERP_COMPOSITE,181,0.353516,2.16566
vib_inner_race_007,IMP_INTERP_COMPOSITE,182,0.355469,5.25543
vib_inner_race_007,IMP_INTERP_COMPOSITE,183,0.357422,3.52144
vib_inner_race_007,IMP_INTERP_COMPOSITE,184,0.359375,3.16755
vib_inner_race_007,IMP_INTERP_COMPOSITE,185,0.361328,1.21509
vib_inner_race_007,IMP_INTERP_COMPOSITE,186,0.363281,2.93083
vib_inner_race_007,IMP_INTERP_COMPOSITE,187,0.365234,3.00595
vib_inner_race_007,IMP_INTERP_COMPOSITE,188,0.367188,1.8914
vib_inner_race_007,IMP_INTERP_COMPOSITE,189,0.369141,1.61645
vib_inner_race_007,IMP_INTERP_COMPOSITE,190,0.371094,2.55693
vib_inner_race_007,IMP_INTERP_COMPOSITE,191,0.373047,1.88863
vib_inner_race_007,IMP_INTERP_COMPOSITE,192,0.375,1.42718
vib_inner_race_007,IMP_INTERP_COMPOSITE,193,0.376953,1.65968
vib_inner_race_007,IMP_INTERP_COMPOSITE,194,0.378906,1.73768
vib_inner_race_007,IMP_INTERP_COMPOSITE,195,0.380859,2.10646
vib_inner_race_007,IMP_INTERP_COMPOSITE,196,0.382812,0.951192
vib_inner_race_007,IMP_INTERP_COMPOSITE,197,0.384766,3.53726
vib_inner_race_007,IMP_INTERP_COMPOSITE,198,0.386719,1.97917
vib_inner_race_007,IMP_INTERP_COMPOSITE,199,0.388672,1.95982
vib_inner_race_007,IMP_INTERP_COMPOSITE,200,0.390625,0.531537
vib_inner_race_007,IMP_INTERP_COMPOSITE,201,0.392578,1.63958
vib_inner_race_007,IMP_INTERP_COMPOSITE,202,0.394531,1.6625
vib_inner_race_007,IMP_INTERP_COMPOSITE,203,0.396484,1.86754
vib_inner_race_007,IMP_INTERP_COMPOSITE,204,0.398438,2.3325
vib_inner_race_007,IMP_INTERP_COMPOSITE,205,0.400391,1.84889
vib_inner_race_007,IMP_INTERP_COMPOSITE,206,0.402344,1.55612
vib_inner_race_007,IMP_INTERP_COMPOSITE,207,0.404297,1.08386
vib_inner_race_007,IMP_INTERP_COMPOSITE,208,0.40625,1.39436
vib_inner_race_007,IMP_INTERP_COMPOSITE,209,0.408203,0.729561
vib_inner_race_007,IMP_INTERP_COMPOSITE,210,0.410156,2.03742
vib_inner_race_007,IMP_INTERP_COMPOSITE,211,0.412109,1.79415
vib_inner_race_007,IMP_INTERP_COMPOSITE,212,0.414062,1.04235
vib_inner_race_007,IMP_INTERP_COMPOSITE,213,0.416016,1.21055
vib_inner_race_007,IMP_INTERP_COMPOSITE,214,0.417969,1.07852
vib_inner_race_007,IMP_INTERP_COMPOSITE,215,0.419922,0.684957
vib_inner_race_007,IMP_INTERP_COMPOSITE,216,0.421875,1.34099
vib_inner_race_007,IMP_INTERP_COMPOSITE,217,0.423828,0.247352
vib_inner_race_007,IMP_INTERP_COMPOSITE,218,0.425781,2.28162
vib_inner_race_007,IMP_INTERP_COMPOSITE,219,0.427734,0.947199
vib_inner_race_007,IMP_INTERP_COMPOSITE,220,0.429688,0.714838
vib_inner_race_007,IMP_INTERP_COMPOSITE,221,0.431641,1.3151
vib_inner_race_007,IMP_INTERP_COMPOSITE,222,0.433594,0.974726
vib_inner_race_007,IMP_INTERP_COMPOSITE,223,0.435547,0.4661
vib_inner_race_007,IMP_INTERP_COMPOSITE,224,0.4375,1.16491
vib_inner_race_007,IMP_INTERP_COMPOSITE,225,0.439453,2.77468
vib_inner_race_007,IMP_INTERP_COMPOSITE,226,0.441406,2.64298
vib_inner_race_007,IMP_INTERP_COMPOSITE,227,0.443359,0.646593
vib_inner_race_007,IMP_INTERP_COMPOSITE,228,0.445312,1.46692
vib_inner_race_007,IMP_INTERP_COMPOSITE,229,0.447266,0.991876
vib_inner_race_007,IMP_INTERP_COMPOSITE,230,0.449219,1.39401
vib_inner_race_007,IMP_INTERP_COMPOSITE,231,0.451172,1.47437
vib_inner_race_007,IMP_INTERP_COMPOSITE,232,0.453125,2.25238
vib_inner_race_007,IMP_INTERP_COMPOSITE,233,0.455078,0.913545
vib_inner_race_007,IMP_INTERP_COMPOSITE,234,0.457031,0.742722
vib_inner_race_007,IMP_INTERP_COMPOSITE,235,0.458984,0.515597
vib_inner_race_007,IMP_INTERP_COMPOSITE,236,0.460938,0.547958
vib_inner_race_007,IMP_INTERP_COMPOSITE,237,0.462891,0.548222
vib_inner_race_007,IMP_INTERP_COMPOSITE,238,0.464844,0.465089
vib_inner_race_007,IMP_INTERP_COMPOSITE,239,0.466797,0.307174
vib_inner_race_007,IMP_INTERP_COMPOSITE,240,0.46875,1.35319
vib_inner_race_007,IMP_INTERP_COMPOSITE,241,0.470703,1.15427
vib_inner_race_007,IMP_INTERP_COMPOSITE,242,0.472656,1.13864
vib_inner_race_007,IMP_INTERP_COMPOSITE,243,0.474609,0.321584
vib_inner_race_007,IMP_INTERP_COMPOSITE,244,0.476562,1.2096
vib_inner_race_007,IMP_INTERP_COMPOSITE,245,0.478516,0.328562
vib_inner_race_007,IMP_INTERP_COMPOSITE,246,0.480469,0.455294
vib_inner_race_007,IMP_INTERP_COMPOSITE,247,0.482422,0.544246
vib_inner_race_007,IMP_INTERP_COMPOSITE,248,0.484375,0.51337
vib_inner_race_007,IMP_INTERP_COMPOSITE,249,0.486328,1.03819
vib_inner_race_007,IMP_INTERP_COMPOSITE,250,0.488281,0.76257
vib_inner_race_007,IMP_INTERP_COMPOSITE,251,0.490234,0.906917
vib_inner_race_007,IMP_INTERP_COMPOSITE,252,0.492188,0.181884
vib_inner_race_007,IMP_INTERP_COMPOSITE,253,0.494141,1.17445
vib_inner_race_007,IMP_INTERP_COMPOSITE,254,0.496094,0.865131
vib_inner_race_007,IMP_INTERP_COMPOSITE,255,0.498047,0.991817
vib_ball_fault_007,ORIGINAL,0,0,8.42827
vib_ball_fault_007,ORIGINAL,1,0.00195312,0.436876
vib_ball_fault_007,ORIGINAL,2,0.00390625,0.422856
vib_ball_fault_007,ORIGINAL,3,0.00585938,0.592334
vib_ball_fault_007,ORIGINAL,4,0.0078125,0.593172
vib_ball_fault_007,ORIGINAL,5,0.00976562,1.22195
vib_ball_fault_007,ORIGINAL,6,0.0117188,1.19195
vib_ball_fault_007,ORIGINAL,7,0.0136719,3.31736
vib_ball_fault_007,ORIGINAL,8,0.015625,1.25523
vib_ball_fault_007,ORIGINAL,9,0.0175781,0.77058
vib_ball_fault_007,ORIGINAL,10,0.0195312,0.3515
vib_ball_fault_007,ORIGINAL,11,0.0214844,0.918262
vib_ball_fault_007,ORIGINAL,12,0.0234375,0.565958
vib_ball_fault_007,ORIGINAL,13,0.0253906,1.3179
vib_ball_fault_007,ORIGINAL,14,0.0273438,1.14452
vib_ball_fault_007,ORIGINAL,15,0.0292969,1.9594
vib_ball_fault_007,ORIGINAL,16,0.03125,1.72192
vib_ball_fault_007,ORIGINAL,17,0.0332031,1.41347
vib_ball_fault_007,ORIGINAL,18,0.0351562,0.706982
vib_ball_fault_007,ORIGINAL,19,0.0371094,2.15992
vib_ball_fault_007,ORIGINAL,20,0.0390625,1.43994
vib_ball_fault_007,ORIGINAL,21,0.0410156,3.76663
vib_ball_fault_007,ORIGINAL,22,0.0429688,1.87988
vib_ball_fault_007,ORIGINAL,23,0.0449219,0.976606
vib_ball_fault_007,ORIGINAL,24,0.046875,0.899247
vib_ball_fault_007,ORIGINAL,25,0.0488281,1.82091
vib_ball_fault_007,ORIGINAL,26,0.0507812,0.375687
vib_ball_fault_007,ORIGINAL,27,0.0527344,3.68811
vib_ball_fault_007,ORIGINAL,28,0.0546875,1.70098
vib_ball_fault_007,ORIGINAL,29,0.0566406,2.80409
vib_ball_fault_007,ORIGINAL,30,0.0585938,2.04478
vib_ball_fault_007,ORIGINAL,31,0.0605469,2.72546
vib_ball_fault_007,ORIGINAL,32,0.0625,1.23334
vib_ball_fault_007,ORIGINAL,33,0.0644531,0.624853
vib_ball_fault_007,ORIGINAL,34,0.0664062,0.193069
vib_ball_fault_007,ORIGINAL,35,0.0683594,0.421951
vib_ball_fault_007,ORIGINAL,36,0.0703125,1.70822
vib_ball_fault_007,ORIGINAL,37,0.0722656,0.0854097
vib_ball_fault_007,ORIGINAL,38,0.0742188,1.00915
vib_ball_fault_007,ORIGINAL,39,0.0761719,1.37354
vib_ball_fault_007,ORIGINAL,40,0.078125,0.939199
vib_ball_fault_007,ORIGINAL,41,0.0800781,0.833004
vib_ball_fault_007,ORIGINAL,42,0.0820312,1.27747
vib_ball_fault_007,ORIGINAL,43,0.0839844,0.780173
vib_ball_fault_007,ORIGINAL,44,0.0859375,1.29606
vib_ball_fault_007,ORIGINAL,45,0.0878906,1.70055
vib_ball_fault_007,ORIGINAL,46,0.0898438,0.571218
vib_ball_fault_007,ORIGINAL,47,0.0917969,3.65181
vib_ball_fault_007,ORIGINAL,48,0.09375,1.48921
vib_ball_fault_007,ORIGINAL,49,0.0957031,0.889957
vib_ball_fault_007,ORIGINAL,50,0.0976562,0.308051
vib_ball_fault_007,ORIGINAL,51,0.0996094,1.37542
vib_ball_fault_007,ORIGINAL,52,0.101562,0.517315
vib_ball_fault_007,ORIGINAL,53,0.103516,0.485327
vib_ball_fault_007,ORIGINAL,54,0.105469,0.506496
vib_ball_fault_007,ORIGINAL,55,0.107422,0.253174
vib_ball_fault_007,ORIGINAL,56,0.109375,0.735375
vib_ball_fault_007,ORIGINAL,57,0.111328,0.252232
vib_ball_fault_007,ORIGINAL,58,0.113281,0.901434
vib_ball_fault_007,ORIGINAL,59,0.115234,0.446933
vib_ball_fault_007,ORIGINAL,60,0.117188,0.562458
vib_ball_fault_007,ORIGINAL,61,0.119141,5.64641
vib_ball_fault_007,ORIGINAL,62,0.121094,2.98636
vib_ball_fault_007,ORIGINAL,63,0.123047,1.11567
vib_ball_fault_007,ORIGINAL,64,0.125,0.683547
vib_ball_fault_007,ORIGINAL,65,0.126953,0.817564
vib_ball_fault_007,ORIGINAL,66,0.128906,1.19533
vib_ball_fault_007,ORIGINAL,67,0.130859,0.486144
vib_ball_fault_007,ORIGINAL,68,0.132812,0.832522
vib_ball_fault_007,ORIGINAL,69,0.134766,0.211531
vib_ball_fault_007,ORIGINAL,70,0.136719,0.362501
vib_ball_fault_007,ORIGINAL,71,0.138672,0.748591
vib_ball_fault_007,ORIGINAL,72,0.140625,0.647845
vib_ball_fault_007,ORIGINAL,73,0.142578,0.890065
vib_ball_fault_007,ORIGINAL,74,0.144531,0.495458
vib_ball_fault_007,ORIGINAL,75,0.146484,0.17167
vib_ball_fault_007,ORIGINAL,76,0.148438,0.715545
vib_ball_fault_007,ORIGINAL,77,0.150391,0.38073
vib_ball_fault_007,ORIGINAL,78,0.152344,0.805102
vib_ball_fault_007,ORIGINAL,79,0.154297,0.186029
vib_ball_fault_007,ORIGINAL,80,0.15625,0.490412
vib_ball_fault_007,ORIGINAL,81,0.158203,0.301721
vib_ball_fault_007,ORIGINAL,82,0.160156,1.00049
vib_ball_fault_007,ORIGINAL,83,0.162109,1.00219
vib_ball_fault_007,ORIGINAL,84,0.164062,1.50968
vib_ball_fault_007,ORIGINAL,85,0.166016,1.09011
vib_ball_fault_007,ORIGINAL,86,0.167969,0.644161
vib_ball_fault_007,ORIGINAL,87,0.169922,0.275917
vib_ball_fault_007,ORIGINAL,88,0.171875,0.515612
vib_ball_fault_007,ORIGINAL,89,0.173828,0.613206
vib_ball_fault_007,ORIGINAL,90,0.175781,0.277794
vib_ball_fault_007,ORIGINAL,91,0.177734,0.372177
vib_ball_fault_007,ORIGINAL,92,0.179688,0.937339
vib_ball_fault_007,ORIGINAL,93,0.181641,0.258339
vib_ball_fault_007,ORIGINAL,94,0.183594,0.493402
vib_ball_fault_007,ORIGINAL,95,0.185547,1.55247
vib_ball_fault_007,ORIGINAL,96,0.1875,0.652505
vib_ball_fault_007,ORIGINAL,97,0.189453,1.17568
vib_ball_fault_007,ORIGINAL,98,0.191406,0.691022
vib_ball_fault_007,ORIGINAL,99,0.193359,0.627664
vib_ball_fault_007,ORIGINAL,100,0.195312,0.770469
vib_ball_fault_007,ORIGINAL,101,0.197266,1.35818
vib_ball_fault_007,ORIGINAL,102,0.199219,1.12431
vib_ball_fault_007,ORIGINAL,103,0.201172,0.886868
vib_ball_fault_007,ORIGINAL,104,0.203125,0.350709
vib_ball_fault_007,ORIGINAL,105,0.205078,1.84147
vib_ball_fault_007,ORIGINAL,106,0.207031,2.42336
vib_ball_fault_007,ORIGINAL,107,0.208984,0.921083
vib_ball_fault_007,ORIGINAL,108,0.210938,1.92246
vib_ball_fault_007,ORIGINAL,109,0.212891,2.1001
vib_ball_fault_007,ORIGINAL,110,0.214844,6.31009
vib_ball_fault_007,ORIGINAL,111,0.216797,5.35677
vib_ball_fault_007,ORIGINAL,112,0.21875,2.52059
vib_ball_fault_007,ORIGINAL,113,0.220703,1.76603
vib_ball_fault_007,ORIGINAL,114,0.222656,0.582792
vib_ball_fault_007,ORIGINAL,115,0.224609,3.62363
vib_ball_fault_007,ORIGINAL,116,0.226562,1.5458
vib_ball_fault_007,ORIGINAL,117,0.228516,3.34076
vib_ball_fault_007,ORIGINAL,118,0.230469,1.5266
vib_ball_fault_007,ORIGINAL,119,0.232422,5.13747
vib_ball_fault_007,ORIGINAL,120,0.234375,5.22281
vib_ball_fault_007,ORIGINAL,121,0.236328,4.36871
vib_ball_fault_007,ORIGINAL,122,0.238281,0.87529
vib_ball_fault_007,ORIGINAL,123,0.240234,3.90538
vib_ball_fault_007,ORIGINAL,124,0.242188,3.99307
vib_ball_fault_007,ORIGINAL,125,0.244141,4.285
vib_ball_fault_007,ORIGINAL,126,0.246094,3.23756
vib_ball_fault_007,ORIGINAL,127,0.248047,1.91331
vib_ball_fault_007,ORIGINAL,128,0.25,1.45902
vib_ball_fault_007,ORIGINAL,129,0.251953,7.40893
vib_ball_fault_007,ORIGINAL,130,0.253906,6.06104
vib_ball_fault_007,ORIGINAL,131,0.255859,7.6623
vib_ball_fault_007,ORIGINAL,132,0.257812,2.72033
vib_ball_fault_007,ORIGINAL,133,0.259766,9.59968
vib_ball_fault_007,ORIGINAL,134,0.261719,0.817238
vib_ball_fault_007,ORIGINAL,135,0.263672,1.79213
vib_ball_fault_007,ORIGINAL,136,0.265625,8.00053
vib_ball_fault_007,ORIGINAL,137,0.267578,5.60807
vib_ball_fault_007,ORIGINAL,138,0.269531,11.6495
vib_ball_fault_007,ORIGINAL,139,0.271484,17.1385
vib_ball_fault_007,ORIGINAL,140,0.273438,9.94855
vib_ball_fault_007,ORIGINAL,141,0.275391,12.1334
vib_ball_fault_007,ORIGINAL,142,0.277344,6.52849
vib_ball_fault_007,ORIGINAL,143,0.279297,10.1417
vib_ball_fault_007,ORIGINAL,144,0.28125,15.2396
vib_ball_fault_007,ORIGINAL,145,0.283203,4.69291
vib_ball_fault_007,ORIGINAL,146,0.285156,9.02476
vib_ball_fault_007,ORIGINAL,147,0.287109,4.58051
vib_ball_fault_007,ORIGINAL,148,0.289062,9.88846
vib_ball_fault_007,ORIGINAL,149,0.291016,3.17046
vib_ball_fault_007,ORIGINAL,150,0.292969,4.67429
vib_ball_fault_007,ORIGINAL,151,0.294922,4.28672
vib_ball_fault_007,ORIGINAL,152,0.296875,2.02756
vib_ball_fault_007,ORIGINAL,153,0.298828,1.99374
vib_ball_fault_007,ORIGINAL,154,0.300781,1.51276
vib_ball_fault_007,ORIGINAL,155,0.302734,1.61595
vib_ball_fault_007,ORIGINAL,156,0.304688,1.23573
vib_ball_fault_007,ORIGINAL,157,0.306641,2.44807
vib_ball_fault_007,ORIGINAL,158,0.308594,0.646057
vib_ball_fault_007,ORIGINAL,159,0.310547,0.744653
vib_ball_fault_007,ORIGINAL,160,0.3125,0.718285
vib_ball_fault_007,ORIGINAL,161,0.314453,0.956967
vib_ball_fault_007,ORIGINAL,162,0.316406,0.511647
vib_ball_fault_007,ORIGINAL,163,0.318359,1.32113
vib_ball_fault_007,ORIGINAL,164,0.320312,1.10145
vib_ball_fault_007,ORIGINAL,165,0.322266,0.112397
vib_ball_fault_007,ORIGINAL,166,0.324219,0.154276
vib_ball_fault_007,ORIGINAL,167,0.326172,0.589603
vib_ball_fault_007,ORIGINAL,168,0.328125,0.886817
vib_ball_fault_007,ORIGINAL,169,0.330078,0.210321
vib_ball_fault_007,ORIGINAL,170,0.332031,0.768548
vib_ball_fault_007,ORIGINAL,171,0.333984,1.04855
vib_ball_fault_007,ORIGINAL,172,0.335938,1.07714
vib_ball_fault_007,ORIGINAL,173,0.337891,0.476621
vib_ball_fault_007,ORIGINAL,174,0.339844,0.641769
vib_ball_fault_007,ORIGINAL,175,0.341797,0.512796
vib_ball_fault_007,ORIGINAL,176,0.34375,0.258567
vib_ball_fault_007,ORIGINAL,177,0.345703,1.06685
vib_ball_fault_007,ORIGINAL,178,0.347656,0.724029
vib_ball_fault_007,ORIGINAL,179,0.349609,0.936456
vib_ball_fault_007,ORIGINAL,180,0.351562,0.38863
vib_ball_fault_007,ORIGINAL,181,0.353516,0.433663
vib_ball_fault_007,ORIGINAL,182,0.355469,0.457849
vib_ball_fault_007,ORIGINAL,183,0.357422,0.767189
vib_ball_fault_007,ORIGINAL,184,0.359375,0.329296
vib_ball_fault_007,ORIGINAL,185,0.361328,0.489422
vib_ball_fault_007,ORIGINAL,186,0.363281,0.654922
vib_ball_fault_007,ORIGINAL,187,0.365234,0.809438
vib_ball_fault_007,ORIGINAL,188,0.367188,0.294337
vib_ball_fault_007,ORIGINAL,189,0.369141,0.533232
vib_ball_fault_007,ORIGINAL,190,0.371094,0.500814
vib_ball_fault_007,ORIGINAL,191,0.373047,0.206372
vib_ball_fault_007,ORIGINAL,192,0.375,0.685171
vib_ball_fault_007,ORIGINAL,193,0.376953,0.241415
vib_ball_fault_007,ORIGINAL,194,0.378906,0.672614
vib_ball_fault_007,ORIGINAL,195,0.380859,0.427477
vib_ball_fault_007,ORIGINAL,196,0.382812,0.680404
vib_ball_fault_007,ORIGINAL,197,0.384766,0.519642
vib_ball_fault_007,ORIGINAL,198,0.386719,0.431324
vib_ball_fault_007,ORIGINAL,199,0.388672,0.264999
vib_ball_fault_007,ORIGINAL,200,0.390625,0.060435
vib_ball_fault_007,ORIGINAL,201,0.392578,0.0701105
vib_ball_fault_007,ORIGINAL,202,0.394531,0.140289
vib_ball_fault_007,ORIGINAL,203,0.396484,0.384147
vib_ball_fault_007,ORIGINAL,204,0.398438,0.221646
vib_ball_fault_007,ORIGINAL,205,0.400391,0.356149
vib_ball_fault_007,ORIGINAL,206,0.402344,0.179974
vib_ball_fault_007,ORIGINAL,207,0.404297,0.14638
vib_ball_fault_007,ORIGINAL,208,0.40625,0.0816809
vib_ball_fault_007,ORIGINAL,209,0.408203,0.039138
vib_ball_fault_007,ORIGINAL,210,0.410156,0.235297
vib_ball_fault_007,ORIGINAL,211,0.412109,0.0186641
vib_ball_fault_007,ORIGINAL,212,0.414062,0.0733907
vib_ball_fault_007,ORIGINAL,213,0.416016,0.056515
vib_ball_fault_007,ORIGINAL,214,0.417969,0.129316
vib_ball_fault_007,ORIGINAL,215,0.419922,0.241778
vib_ball_fault_007,ORIGINAL,216,0.421875,0.156313
vib_ball_fault_007,ORIGINAL,217,0.423828,0.194453
vib_ball_fault_007,ORIGINAL,218,0.425781,0.10703
vib_ball_fault_007,ORIGINAL,219,0.427734,0.27033
vib_ball_fault_007,ORIGINAL,220,0.429688,0.216455
vib_ball_fault_007,ORIGINAL,221,0.431641,0.0497119
vib_ball_fault_007,ORIGINAL,222,0.433594,0.109717
vib_ball_fault_007,ORIGINAL,223,0.435547,0.161465
vib_ball_fault_007,ORIGINAL,224,0.4375,0.14749
vib_ball_fault_007,ORIGINAL,225,0.439453,0.525664
vib_ball_fault_007,ORIGINAL,226,0.441406,0.625717
vib_ball_fault_007,ORIGINAL,227,0.443359,0.276749
vib_ball_fault_007,ORIGINAL,228,0.445312,0.278101
vib_ball_fault_007,ORIGINAL,229,0.447266,0.433084
vib_ball_fault_007,ORIGINAL,230,0.449219,0.130927
vib_ball_fault_007,ORIGINAL,231,0.451172,0.127026
vib_ball_fault_007,ORIGINAL,232,0.453125,0.0522485
vib_ball_fault_007,ORIGINAL,233,0.455078,0.0844833
vib_ball_fault_007,ORIGINAL,234,0.457031,0.0942703
vib_ball_fault_007,ORIGINAL,235,0.458984,0.152561
vib_ball_fault_007,ORIGINAL,236,0.460938,0.0623378
vib_ball_fault_007,ORIGINAL,237,0.462891,0.090563
vib_ball_fault_007,ORIGINAL,238,0.464844,0.0355127
vib_ball_fault_007,ORIGINAL,239,0.466797,0.0459591
vib_ball_fault_007,ORIGINAL,240,0.46875,0.0934547
vib_ball_fault_007,ORIGINAL,241,0.470703,0.0203616
vib_ball_fault_007,ORIGINAL,242,0.472656,0.0492261
vib_ball_fault_007,ORIGINAL,243,0.474609,0.0228081
vib_ball_fault_007,ORIGINAL,244,0.476562,0.0324366
vib_ball_fault_007,ORIGINAL,245,0.478516,0.0304204
vib_ball_fault_007,ORIGINAL,246,0.480469,0.0249496
vib_ball_fault_007,ORIGINAL,247,0.482422,0.017517
vib_ball_fault_007,ORIGINAL,248,0.484375,0.0254023
vib_ball_fault_007,ORIGINAL,249,0.486328,0.0214634
vib_ball_fault_007,ORIGINAL,250,0.488281,0.0203126
vib_ball_fault_007,ORIGINAL,251,0.490234,0.0211077
vib_ball_fault_007,ORIGINAL,252,0.492188,0.0216343
vib_ball_fault_007,ORIGINAL,253,0.494141,0.0204285
vib_ball_fault_007,ORIGINAL,254,0.496094,0.0212778
vib_ball_fault_007,ORIGINAL,255,0.498047,0.0220966
vib_ball_fault_007,IMP_INTERP_ERROR,0,0,7.91546
vib_ball_fault_007,IMP_INTERP_ERROR,1,0.00195312,0.308263
vib_ball_fault_007,IMP_INTERP_ERROR,2,0.00390625,0.393232
vib_ball_fault_007,IMP_INTERP_ERROR,3,0.00585938,0.783306
vib_ball_fault_007,IMP_INTERP_ERROR,4,0.0078125,0.540149
vib_ball_fault_007,IMP_INTERP_ERROR,5,0.00976562,1.39429
vib_ball_fault_007,IMP_INTERP_ERROR,6,0.0117188,1.11463
vib_ball_fault_007,IMP_INTERP_ERROR,7,0.0136719,2.59245
vib_ball_fault_007,IMP_INTERP_ERROR,8,0.015625,1.62142
vib_ball_fault_007,IMP_INTERP_ERROR,9,0.0175781,0.846538
vib_ball_fault_007,IMP_INTERP_ERROR,10,0.0195312,0.584265
vib_ball_fault_007,IMP_INTERP_ERROR,11,0.0214844,1.51482
vib_ball_fault_007,IMP_INTERP_ERROR,12,0.0234375,1.22451
vib_ball_fault_007,IMP_INTERP_ERROR,13,0.0253906,1.57395
vib_ball_fault_007,IMP_INTERP_ERROR,14,0.0273438,2.01348
vib_ball_fault_007,IMP_INTERP_ERROR,15,0.0292969,1.99005
vib_ball_fault_007,IMP_INTERP_ERROR,16,0.03125,1.20314
vib_ball_fault_007,IMP_INTERP_ERROR,17,0.0332031,1.39909
vib_ball_fault_007,IMP_INTERP_ERROR,18,0.0351562,0.997348
vib_ball_fault_007,IMP_INTERP_ERROR,19,0.0371094,2.48049
vib_ball_fault_007,IMP_INTERP_ERROR,20,0.0390625,1.15027
vib_ball_fault_007,IMP_INTERP_ERROR,21,0.0410156,4.8325
vib_ball_fault_007,IMP_INTERP_ERROR,22,0.0429688,1.95767
vib_ball_fault_007,IMP_INTERP_ERROR,23,0.0449219,1.23305
vib_ball_fault_007,IMP_INTERP_ERROR,24,0.046875,1.12041
vib_ball_fault_007,IMP_INTERP_ERROR,25,0.0488281,2.02731
vib_ball_fault_007,IMP_INTERP_ERROR,26,0.0507812,0.831974
vib_ball_fault_007,IMP_INTERP_ERROR,27,0.0527344,3.33812
vib_ball_fault_007,IMP_INTERP_ERROR,28,0.0546875,1.76705
vib_ball_fault_007,IMP_INTERP_ERROR,29,0.0566406,3.74543
vib_ball_fault_007,IMP_INTERP_ERROR,30,0.0585938,2.54584
vib_ball_fault_007,IMP_INTERP_ERROR,31,0.0605469,2.41881
vib_ball_fault_007,IMP_INTERP_ERROR,32,0.0625,2.14582
vib_ball_fault_007,IMP_INTERP_ERROR,33,0.0644531,1.63982
vib_ball_fault_007,IMP_INTERP_ERROR,34,0.0664062,0.656069
vib_ball_fault_007,IMP_INTERP_ERROR,35,0.0683594,1.60345
vib_ball_fault_007,IMP_INTERP_ERROR,36,0.0703125,2.27817
vib_ball_fault_007,IMP_INTERP_ERROR,37,0.0722656,0.0690831
vib_ball_fault_007,IMP_INTERP_ERROR,38,0.0742188,2.01422
vib_ball_fault_007,IMP_INTERP_ERROR,39,0.0761719,1.75098
vib_ball_fault_007,IMP_INTERP_ERROR,40,0.078125,1.58525
vib_ball_fault_007,IMP_INTERP_ERROR,41,0.0800781,0.319223
vib_ball_fault_007,IMP_INTERP_ERROR,42,0.0820312,1.15021
vib_ball_fault_007,IMP_INTERP_ERROR,43,0.0839844,1.26223
vib_ball_fault_007,IMP_INTERP_ERROR,44,0.0859375,1.02797
vib_ball_fault_007,IMP_INTERP_ERROR,45,0.0878906,0.992115
vib_ball_fault_007,IMP_INTERP_ERROR,46,0.0898438,1.45754
vib_ball_fault_007,IMP_INTERP_ERROR,47,0.0917969,3.05088
vib_ball_fault_007,IMP_INTERP_ERROR,48,0.09375,2.29703
vib_ball_fault_007,IMP_INTERP_ERROR,49,0.0957031,1.15823
vib_ball_fault_007,IMP_INTERP_ERROR,50,0.0976562,1.04585
vib_ball_fault_007,IMP_INTERP_ERROR,51,0.0996094,1.83351
vib_ball_fault_007,IMP_INTERP_ERROR,52,0.101562,0.543638
vib_ball_fault_007,IMP_INTERP_ERROR,53,0.103516,0.632824
vib_ball_fault_007,IMP_INTERP_ERROR,54,0.105469,0.504136
vib_ball_fault_007,IMP_INTERP_ERROR,55,0.107422,1.0896
vib_ball_fault_007,IMP_INTERP_ERROR,56,0.109375,1.49541
vib_ball_fault_007,IMP_INTERP_ERROR,57,0.111328,0.749307
vib_ball_fault_007,IMP_INTERP_ERROR,58,0.113281,1.2964
vib_ball_fault_007,IMP_INTERP_ERROR,59,0.115234,1.25526
vib_ball_fault_007,IMP_INTERP_ERROR,60,0.117188,0.576312
vib_ball_fault_007,IMP_INTERP_ERROR,61,0.119141,5.95072
vib_ball_fault_007,IMP_INTERP_ERROR,62,0.121094,3.20026
vib_ball_fault_007,IMP_INTERP_ERROR,63,0.123047,1.31865
vib_ball_fault_007,IMP_INTERP_ERROR,64,0.125,1.72691
vib_ball_fault_007,IMP_INTERP_ERROR,65,0.126953,1.05756
vib_ball_fault_007,IMP_INTERP_ERROR,66,0.128906,0.792351
vib_ball_fault_007,IMP_INTERP_ERROR,67,0.130859,1.36678
vib_ball_fault_007,IMP_INTERP_ERROR,68,0.132812,0.688673
vib_ball_fault_007,IMP_INTERP_ERROR,69,0.134766,0.276515
vib_ball_fault_007,IMP_INTERP_ERROR,70,0.136719,0.319088
vib_ball_fault_007,IMP_INTERP_ERROR,71,0.138672,0.518378
vib_ball_fault_007,IMP_INTERP_ERROR,72,0.140625,0.739094
vib_ball_fault_007,IMP_INTERP_ERROR,73,0.142578,1.38068
vib_ball_fault_007,IMP_INTERP_ERROR,74,0.144531,0.287631
vib_ball_fault_007,IMP_INTERP_ERROR,75,0.146484,0.290757
vib_ball_fault_007,IMP_INTERP_ERROR,76,0.148438,1.05257
vib_ball_fault_007,IMP_INTERP_ERROR,77,0.150391,0.600876
vib_ball_fault_007,IMP_INTERP_ERROR,78,0.152344,1.54391
vib_ball_fault_007,IMP_INTERP_ERROR,79,0.154297,0.42489
vib_ball_fault_007,IMP_INTERP_ERROR,80,0.15625,1.05375
vib_ball_fault_007,IMP_INTERP_ERROR,81,0.158203,1.56107
vib_ball_fault_007,IMP_INTERP_ERROR,82,0.160156,1.86782
vib_ball_fault_007,IMP_INTERP_ERROR,83,0.162109,2.81426
vib_ball_fault_007,IMP_INTERP_ERROR,84,0.164062,1.18049
vib_ball_fault_007,IMP_INTERP_ERROR,85,0.166016,2.16738
vib_ball_fault_007,IMP_INTERP_ERROR,86,0.167969,0.809799
vib_ball_fault_007,IMP_INTERP_ERROR,87,0.169922,0.817192
vib_ball_fault_007,IMP_INTERP_ERROR,88,0.171875,1.12996
vib_ball_fault_007,IMP_INTERP_ERROR,89,0.173828,1.65642
vib_ball_fault_007,IMP_INTERP_ERROR,90,0.175781,0.28583
vib_ball_fault_007,IMP_INTERP_ERROR,91,0.177734,1.14351
vib_ball_fault_007,IMP_INTERP_ERROR,92,0.179688,1.50286
vib_ball_fault_007,IMP_INTERP_ERROR,93,0.181641,0.76246
vib_ball_fault_007,IMP_INTERP_ERROR,94,0.183594,0.372979
vib_ball_fault_007,IMP_INTERP_ERROR,95,0.185547,2.8121
vib_ball_fault_007,IMP_INTERP_ERROR,96,0.1875,0.386722
vib_ball_fault_007,IMP_INTERP_ERROR,97,0.189453,1.97202
vib_ball_fault_007,IMP_INTERP_ERROR,98,0.191406,3.2629
vib_ball_fault_007,IMP_INTERP_ERROR,99,0.193359,1.75327
vib_ball_fault_007,IMP_INTERP_ERROR,100,0.195312,0.460893
vib_ball_fault_007,IMP_INTERP_ERROR,101,0.197266,0.813353
vib_ball_fault_007,IMP_INTERP_ERROR,102,0.199219,0.696768
vib_ball_fault_007,IMP_INTERP_ERROR,103,0.201172,0.876002
vib_ball_fault_007,IMP_INTERP_ERROR,104,0.203125,1.39925
vib_ball_fault_007,IMP_INTERP_ERROR,105,0.205078,2.06844
vib_ball_fault_007,IMP_INTERP_ERROR,106,0.207031,1.61784
vib_ball_fault_007,IMP_INTERP_ERROR,107,0.208984,0.990738
vib_ball_fault_007,IMP_INTERP_ERROR,108,0.210938,0.91613
vib_ball_fault_007,IMP_INTERP_ERROR,109,0.212891,2.61566
vib_ball_fault_007,IMP_INTERP_ERROR,110,0.214844,5.06922
vib_ball_fault_007,IMP_INTERP_ERROR,111,0.216797,3.44686
vib_ball_fault_007,IMP_INTERP_ERROR,112,0.21875,1.70794
vib_ball_fault_007,IMP_INTERP_ERROR,113,0.220703,1.61276
vib_ball_fault_007,IMP_INTERP_ERROR,114,0.222656,0.748998
vib_ball_fault_007,IMP_INTERP_ERROR,115,0.224609,3.33884
vib_ball_fault_007,IMP_INTERP_ERROR,116,0.226562,1.81046
vib_ball_fault_007,IMP_INTERP_ERROR,117,0.228516,3.30514
vib_ball_fault_007,IMP_INTERP_ERROR,118,0.230469,1.78721
vib_ball_fault_007,IMP_INTERP_ERROR,119,0.232422,5.25315
vib_ball_fault_007,IMP_INTERP_ERROR,120,0.234375,5.10144
vib_ball_fault_007,IMP_INTERP_ERROR,121,0.236328,3.96766
vib_ball_fault_007,IMP_INTERP_ERROR,122,0.238281,0.930468
vib_ball_fault_007,IMP_INTERP_ERROR,123,0.240234,4.2892
vib_ball_fault_007,IMP_INTERP_ERROR,124,0.242188,3.93295
vib_ball_fault_007,IMP_INTERP_ERROR,125,0.244141,3.84875
vib_ball_fault_007,IMP_INTERP_ERROR,126,0.246094,3.72147
vib_ball_fault_007,IMP_INTERP_ERROR,127,0.248047,2.32728
vib_ball_fault_007,IMP_INTERP_ERROR,128,0.25,1.70656
vib_ball_fault_007,IMP_INTERP_ERROR,129,0.251953,7.67252
vib_ball_fault_007,IMP_INTERP_ERROR,130,0.253906,4.57361
vib_ball_fault_007,IMP_INTERP_ERROR,131,0.255859,6.79781
vib_ball_fault_007,IMP_INTERP_ERROR,132,0.257812,2.82672
vib_ball_fault_007,IMP_INTERP_ERROR,133,0.259766,9.37561
vib_ball_fault_007,IMP_INTERP_ERROR,134,0.261719,1.20409
vib_ball_fault_007,IMP_INTERP_ERROR,135,0.263672,1.58313
vib_ball_fault_007,IMP_INTERP_ERROR,136,0.265625,7.61154
vib_ball_fault_007,IMP_INTERP_ERROR,137,0.267578,6.42537
vib_ball_fault_007,IMP_INTERP_ERROR,138,0.269531,10.6204
vib_ball_fault_007,IMP_INTERP_ERROR,139,0.271484,17.1
vib_ball_fault_007,IMP_INTERP_ERROR,140,0.273438,9.43219
vib_ball_fault_007,IMP_INTERP_ERROR,141,0.275391,12.0239
vib_ball_fault_007,IMP_INTERP_ERROR,142,0.277344,7.40589
vib_ball_fault_007,IMP_INTERP_ERROR,143,0.279297,10.1039
vib_ball_fault_007,IMP_INTERP_ERROR,144,0.28125,13.1604
vib_ball_fault_007,IMP_INTERP_ERROR,145,0.283203,4.70397
vib_ball_fault_007,IMP_INTERP_ERROR,146,0.285156,6.91273
vib_ball_fault_007,IMP_INTERP_ERROR,147,0.287109,2.54503
vib_ball_fault_007,IMP_INTERP_ERROR,148,0.289062,8.36815
vib_ball_fault_007,IMP_INTERP_ERROR,149,0.291016,3.13236
vib_ball_fault_007,IMP_INTERP_ERROR,150,0.292969,3.79508
vib_ball_fault_007,IMP_INTERP_ERROR,151,0.294922,3.49158
vib_ball_fault_007,IMP_INTERP_ERROR,152,0.296875,1.57079
vib_ball_fault_007,IMP_INTERP_ERROR,153,0.298828,1.7981
vib_ball_fault_007,IMP_INTERP_ERROR,154,0.300781,1.89269
vib_ball_fault_007,IMP_INTERP_ERROR,155,0.302734,0.991489
vib_ball_fault_007,IMP_INTERP_ERROR,156,0.304688,1.10308
vib_ball_fault_007,IMP_INTERP_ERROR,157,0.306641,2.36479
vib_ball_fault_007,IMP_INTERP_ERROR,158,0.308594,0.673165
vib_ball_fault_007,IMP_INTERP_ERROR,159,0.310547,0.684759
vib_ball_fault_007,IMP_INTERP_ERROR,160,0.3125,1.02256
vib_ball_fault_007,IMP_INTERP_ERROR,161,0.314453,1.08764
vib_ball_fault_007,IMP_INTERP_ERROR,162,0.316406,0.126034
vib_ball_fault_007,IMP_INTERP_ERROR,163,0.318359,2.24148
vib_ball_fault_007,IMP_INTERP_ERROR,164,0.320312,0.745591
vib_ball_fault_007,IMP_INTERP_ERROR,165,0.322266,0.506798
vib_ball_fault_007,IMP_INTERP_ERROR,166,0.324219,0.306849
vib_ball_fault_007,IMP_INTERP_ERROR,167,0.326172,0.734156
vib_ball_fault_007,IMP_INTERP_ERROR,168,0.328125,0.455667
vib_ball_fault_007,IMP_INTERP_ERROR,169,0.330078,0.51403
vib_ball_fault_007,IMP_INTERP_ERROR,170,0.332031,0.964087
vib_ball_fault_007,IMP_INTERP_ERROR,171,0.333984,0.775881
vib_ball_fault_007,IMP_INTERP_ERROR,172,0.335938,1.73321
vib_ball_fault_007,IMP_INTERP_ERROR,173,0.337891,1.76917
vib_ball_fault_007,IMP_INTERP_ERROR,174,0.339844,0.328938
vib_ball_fault_007,IMP_INTERP_ERROR,175,0.341797,0.73891
vib_ball_fault_007,IMP_INTERP_ERROR,176,0.34375,0.510834
vib_ball_fault_007,IMP_INTERP_ERROR,177,0.345703,0.753079
vib_ball_fault_007,IMP_INTERP_ERROR,178,0.347656,1.16827
vib_ball_fault_007,IMP_INTERP_ERROR,179,0.349609,0.277118
vib_ball_fault_007,IMP_INTERP_ERROR,180,0.351562,1.45283
vib_ball_fault_007,IMP_INTERP_ERROR,181,0.353516,0.540533
vib_ball_fault_007,IMP_INTERP_ERROR,182,0.355469,1.10454
vib_ball_fault_007,IMP_INTERP_ERROR,183,0.357422,0.379287
vib_ball_fault_007,IMP_INTERP_ERROR,184,0.359375,0.589788
vib_ball_fault_007,IMP_INTERP_ERROR,185,0.361328,0.408444
vib_ball_fault_007,IMP_INTERP_ERROR,186,0.363281,0.505958
vib_ball_fault_007,IMP_INTERP_ERROR,187,0.365234,0.233183
vib_ball_fault_007,IMP_INTERP_ERROR,188,0.367188,0.855656
vib_ball_fault_007,IMP_INTERP_ERROR,189,0.369141,0.616808
vib_ball_fault_007,IMP_INTERP_ERROR,190,0.371094,0.796153
vib_ball_fault_007,IMP_INTERP_ERROR,191,0.373047,1.24583
vib_ball_fault_007,IMP_INTERP_ERROR,192,0.375,1.55406
vib_ball_fault_007,IMP_INTERP_ERROR,193,0.376953,1.01076
vib_ball_fault_007,IMP_INTERP_ERROR,194,0.378906,0.620225
vib_ball_fault_007,IMP_INTERP_ERROR,195,0.380859,0.956572
vib_ball_fault_007,IMP_INTERP_ERROR,196,0.382812,1.0589
vib_ball_fault_007,IMP_INTERP_ERROR,197,0.384766,0.686257
vib_ball_fault_007,IMP_INTERP_ERROR,198,0.386719,0.219539
vib_ball_fault_007,IMP_INTERP_ERROR,199,0.388672,0.52576
vib_ball_fault_007,IMP_INTERP_ERROR,200,0.390625,0.343125
vib_ball_fault_007,IMP_INTERP_ERROR,201,0.392578,0.377084
vib_ball_fault_007,IMP_INTERP_ERROR,202,0.394531,0.619723
vib_ball_fault_007,IMP_INTERP_ERROR,203,0.396484,0.876734
vib_ball_fault_007,IMP_INTERP_ERROR,204,0.398438,0.508998
vib_ball_fault_007,IMP_INTERP_ERROR,205,0.400391,0.446217
vib_ball_fault_007,IMP_INTERP_ERROR,206,0.402344,0.676289
vib_ball_fault_007,IMP_INTERP_ERROR,207,0.404297,1.29878
vib_ball_fault_007,IMP_INTERP_ERROR,208,0.40625,0.818938
vib_ball_fault_007,IMP_INTERP_ERROR,209,0.408203,0.290161
vib_ball_fault_007,IMP_INTERP_ERROR,210,0.410156,1.16116
vib_ball_fault_007,IMP_INTERP_ERROR,211,0.412109,1.00046
vib_ball_fault_007,IMP_INTERP_ERROR,212,0.414062,0.606246
vib_ball_fault_007,IMP_INTERP_ERROR,213,0.416016,0.82983
vib_ball_fault_007,IMP_INTERP_ERROR,214,0.417969,0.269663
vib_ball_fault_007,IMP_INTERP_ERROR,215,0.419922,0.658345
vib_ball_fault_007,IMP_INTERP_ERROR,216,0.421875,0.502386
vib_ball_fault_007,IMP_INTERP_ERROR,217,0.423828,0.403756
vib_ball_fault_007,IMP_INTERP_ERROR,218,0.425781,0.265041
vib_ball_fault_007,IMP_INTERP_ERROR,219,0.427734,0.709049
vib_ball_fault_007,IMP_INTERP_ERROR,220,0.429688,0.727797
vib_ball_fault_007,IMP_INTERP_ERROR,221,0.431641,1.01266
vib_ball_fault_007,IMP_INTERP_ERROR,222,0.433594,0.54874
vib_ball_fault_007,IMP_INTERP_ERROR,223,0.435547,0.336349
vib_ball_fault_007,IMP_INTERP_ERROR,224,0.4375,0.494529
vib_ball_fault_007,IMP_INTERP_ERROR,225,0.439453,0.466129
vib_ball_fault_007,IMP_INTERP_ERROR,226,0.441406,1.36747
vib_ball_fault_007,IMP_INTERP_ERROR,227,0.443359,0.569272
vib_ball_fault_007,IMP_INTERP_ERROR,228,0.445312,0.447501
vib_ball_fault_007,IMP_INTERP_ERROR,229,0.447266,0.469915
vib_ball_fault_007,IMP_INTERP_ERROR,230,0.449219,0.412813
vib_ball_fault_007,IMP_INTERP_ERROR,231,0.451172,0.219751
vib_ball_fault_007,IMP_INTERP_ERROR,232,0.453125,0.543707
vib_ball_fault_007,IMP_INTERP_ERROR,233,0.455078,0.5115
vib_ball_fault_007,IMP_INTERP_ERROR,234,0.457031,0.293189
vib_ball_fault_007,IMP_INTERP_ERROR,235,0.458984,0.113773
vib_ball_fault_007,IMP_INTERP_ERROR,236,0.460938,0.40661
vib_ball_fault_007,IMP_INTERP_ERROR,237,0.462891,0.994842
vib_ball_fault_007,IMP_INTERP_ERROR,238,0.464844,0.1683
vib_ball_fault_007,IMP_INTERP_ERROR,239,0.466797,0.855064
vib_ball_fault_007,IMP_INTERP_ERROR,240,0.46875,0.26162
vib_ball_fault_007,IMP_INTERP_ERROR,241,0.470703,0.299809
vib_ball_fault_007,IMP_INTERP_ERROR,242,0.472656,0.807804
vib_ball_fault_007,IMP_INTERP_ERROR,243,0.474609,1.06806
vib_ball_fault_007,IMP_INTERP_ERROR,244,0.476562,0.129804
vib_ball_fault_007,IMP_INTERP_ERROR,245,0.478516,0.512086
vib_ball_fault_007,IMP_INTERP_ERROR,246,0.480469,0.294603
vib_ball_fault_007,IMP_INTERP_ERROR,247,0.482422,0.479551
vib_ball_fault_007,IMP_INTERP_ERROR,248,0.484375,1.09473
vib_ball_fault_007,IMP_INTERP_ERROR,249,0.486328,0.674443
vib_ball_fault_007,IMP_INTERP_ERROR,250,0.488281,0.249033
vib_ball_fault_007,IMP_INTERP_ERROR,251,0.490234,0.0820547
vib_ball_fault_007,IMP_INTERP_ERROR,252,0.492188,0.595565
vib_ball_fault_007,IMP_INTERP_ERROR,253,0.494141,0.685352
vib_ball_fault_007,IMP_INTERP_ERROR,254,0.496094,0.979022
vib_ball_fault_007,IMP_INTERP_ERROR,255,0.498047,0.743049
vib_ball_fault_007,RDP_OFFLINE,0,0,6.60671
vib_ball_fault_007,RDP_OFFLINE,1,0.00195312,0.935111
vib_ball_fault_007,RDP_OFFLINE,2,0.00390625,0.519881
vib_ball_fault_007,RDP_OFFLINE,3,0.00585938,1.73886
vib_ball_fault_007,RDP_OFFLINE,4,0.0078125,1.56888
vib_ball_fault_007,RDP_OFFLINE,5,0.00976562,1.58095
vib_ball_fault_007,RDP_OFFLINE,6,0.0117188,2.59302
vib_ball_fault_007,RDP_OFFLINE,7,0.0136719,4.15261
vib_ball_fault_007,RDP_OFFLINE,8,0.015625,3.09228
vib_ball_fault_007,RDP_OFFLINE,9,0.0175781,0.895267
vib_ball_fault_007,RDP_OFFLINE,10,0.0195312,1.1422
vib_ball_fault_007,RDP_OFFLINE,11,0.0214844,2.2002
vib_ball_fault_007,RDP_OFFLINE,12,0.0234375,1.54852
vib_ball_fault_007,RDP_OFFLINE,13,0.0253906,0.383574
vib_ball_fault_007,RDP_OFFLINE,14,0.0273438,3.67324
vib_ball_fault_007,RDP_OFFLINE,15,0.0292969,0.270977
vib_ball_fault_007,RDP_OFFLINE,16,0.03125,1.08583
vib_ball_fault_007,RDP_OFFLINE,17,0.0332031,1.84581
vib_ball_fault_007,RDP_OFFLINE,18,0.0351562,2.2459
vib_ball_fault_007,RDP_OFFLINE,19,0.0371094,3.85549
vib_ball_fault_007,RDP_OFFLINE,20,0.0390625,1.67904
vib_ball_fault_007,RDP_OFFLINE,21,0.0410156,6.32941
vib_ball_fault_007,RDP_OFFLINE,22,0.0429688,3.32082
vib_ball_fault_007,RDP_OFFLINE,23,0.0449219,0.684458
vib_ball_fault_007,RDP_OFFLINE,24,0.046875,1.93094
vib_ball_fault_007,RDP_OFFLINE,25,0.0488281,2.08665
vib_ball_fault_007,RDP_OFFLINE,26,0.0507812,1.47493
vib_ball_fault_007,RDP_OFFLINE,27,0.0527344,3.45424
vib_ball_fault_007,RDP_OFFLINE,28,0.0546875,1.38568
vib_ball_fault_007,RDP_OFFLINE,29,0.0566406,2.39695
vib_ball_fault_007,RDP_OFFLINE,30,0.0585938,1.60787
vib_ball_fault_007,RDP_OFFLINE,31,0.0605469,3.62128
vib_ball_fault_007,RDP_OFFLINE,32,0.0625,1.90127
vib_ball_fault_007,RDP_OFFLINE,33,0.0644531,1.14545
vib_ball_fault_007,RDP_OFFLINE,34,0.0664062,0.680799
vib_ball_fault_007,RDP_OFFLINE,35,0.0683594,3.07268
vib_ball_fault_007,RDP_OFFLINE,36,0.0703125,0.987359
vib_ball_fault_007,RDP_OFFLINE,37,0.0722656,1.08291
vib_ball_fault_007,RDP_OFFLINE,38,0.0742188,3.11739
vib_ball_fault_007,RDP_OFFLINE,39,0.0761719,1.02837
vib_ball_fault_007,RDP_OFFLINE,40,0.078125,2.94455
vib_ball_fault_007,RDP_OFFLINE,41,0.0800781,1.94981
vib_ball_fault_007,RDP_OFFLINE,42,0.0820312,0.360291
vib_ball_fault_007,RDP_OFFLINE,43,0.0839844,0.906957
vib_ball_fault_007,RDP_OFFLINE,44,0.0859375,2.26914
vib_ball_fault_007,RDP_OFFLINE,45,0.0878906,0.607457
vib_ball_fault_007,RDP_OFFLINE,46,0.0898438,2.59338
vib_ball_fault_007,RDP_OFFLINE,47,0.0917969,3.6819
vib_ball_fault_007,RDP_OFFLINE,48,0.09375,2.2157
vib_ball_fault_007,RDP_OFFLINE,49,0.0957031,1.87596
vib_ball_fault_007,RDP_OFFLINE,50,0.0976562,1.11031
vib_ball_fault_007,RDP_OFFLINE,51,0.0996094,1.21871
vib_ball_fault_007,RDP_OFFLINE,52,0.101562,1.61977
vib_ball_fault_007,RDP_OFFLINE,53,0.103516,0.447749
vib_ball_fault_007,RDP_OFFLINE,54,0.105469,0.959863
vib_ball_fault_007,RDP_OFFLINE,55,0.107422,0.494092
vib_ball_fault_007,RDP_OFFLINE,56,0.109375,2.40135
vib_ball_fault_007,RDP_OFFLINE,57,0.111328,1.22594
vib_ball_fault_007,RDP_OFFLINE,58,0.113281,0.614245
vib_ball_fault_007,RDP_OFFLINE,59,0.115234,2.37817
vib_ball_fault_007,RDP_OFFLINE,60,0.117188,1.08484
vib_ball_fault_007,RDP_OFFLINE,61,0.119141,4.8501
vib_ball_fault_007,RDP_OFFLINE,62,0.121094,3.47251
vib_ball_fault_007,RDP_OFFLINE,63,0.123047,0.769102
vib_ball_fault_007,RDP_OFFLINE,64,0.125,1.32263
vib_ball_fault_007,RDP_OFFLINE,65,0.126953,1.38735
vib_ball_fault_007,RDP_OFFLINE,66,0.128906,1.34409
vib_ball_fault_007,RDP_OFFLINE,67,0.130859,1.7212
vib_ball_fault_007,RDP_OFFLINE,68,0.132812,2.31107
vib_ball_fault_007,RDP_OFFLINE,69,0.134766,1.35704
vib_ball_fault_007,RDP_OFFLINE,70,0.136719,1.11411
vib_ball_fault_007,RDP_OFFLINE,71,0.138672,0.985259
vib_ball_fault_007,RDP_OFFLINE,72,0.140625,0.590508
vib_ball_fault_007,RDP_OFFLINE,73,0.142578,0.648197
vib_ball_fault_007,RDP_OFFLINE,74,0.144531,1.31815
vib_ball_fault_007,RDP_OFFLINE,75,0.146484,1.39268
vib_ball_fault_007,RDP_OFFLINE,76,0.148438,2.02988
vib_ball_fault_007,RDP_OFFLINE,77,0.150391,0.336138
vib_ball_fault_007,RDP_OFFLINE,78,0.152344,2.58356
vib_ball_fault_007,RDP_OFFLINE,79,0.154297,0.746274
vib_ball_fault_007,RDP_OFFLINE,80,0.15625,1.32717
vib_ball_fault_007,RDP_OFFLINE,81,0.158203,2.22906
vib_ball_fault_007,RDP_OFFLINE,82,0.160156,0.629229
vib_ball_fault_007,RDP_OFFLINE,83,0.162109,2.87234
vib_ball_fault_007,RDP_OFFLINE,84,0.164062,1.83044
vib_ball_fault_007,RDP_OFFLINE,85,0.166016,2.52708
vib_ball_fault_007,RDP_OFFLINE,86,0.167969,2.8103
vib_ball_fault_007,RDP_OFFLINE,87,0.169922,3.29333
vib_ball_fault_007,RDP_OFFLINE,88,0.171875,1.07841
vib_ball_fault_007,RDP_OFFLINE,89,0.173828,0.887621
vib_ball_fault_007,RDP_OFFLINE,90,0.175781,0.469237
vib_ball_fault_007,RDP_OFFLINE,91,0.177734,2.53017
vib_ball_fault_007,RDP_OFFLINE,92,0.179688,1.33203
vib_ball_fault_007,RDP_OFFLINE,93,0.181641,2.08366
vib_ball_fault_007,RDP_OFFLINE,94,0.183594,3.73787
vib_ball_fault_007,RDP_OFFLINE,95,0.185547,3.26902
vib_ball_fault_007,RDP_OFFLINE,96,0.1875,1.02873
vib_ball_fault_007,RDP_OFFLINE,97,0.189453,1.82068
vib_ball_fault_007,RDP_OFFLINE,98,0.191406,5.06616
vib_ball_fault_007,RDP_OFFLINE,99,0.193359,3.56583
vib_ball_fault_007,RDP_OFFLINE,100,0.195312,1.81485
vib_ball_fault_007,RDP_OFFLINE,101,0.197266,2.30826
vib_ball_fault_007,RDP_OFFLINE,102,0.199219,1.6094
vib_ball_fault_007,RDP_OFFLINE,103,0.201172,0.991799
vib_ball_fault_007,RDP_OFFLINE,104,0.203125,0.487026
vib_ball_fault_007,RDP_OFFLINE,105,0.205078,0.79757
vib_ball_fault_007,RDP_OFFLINE,106,0.207031,1.15812
vib_ball_fault_007,RDP_OFFLINE,107,0.208984,0.549243
vib_ball_fault_007,RDP_OFFLINE,108,0.210938,0.838753
vib_ball_fault_007,RDP_OFFLINE,109,0.212891,3.09851
vib_ball_fault_007,RDP_OFFLINE,110,0.214844,4.40324
vib_ball_fault_007,RDP_OFFLINE,111,0.216797,3.78334
vib_ball_fault_007,RDP_OFFLINE,112,0.21875,2.47038
vib_ball_fault_007,RDP_OFFLINE,113,0.220703,0.814368
vib_ball_fault_007,RDP_OFFLINE,114,0.222656,1.09359
vib_ball_fault_007,RDP_OFFLINE,115,0.224609,4.03276
vib_ball_fault_007,RDP_OFFLINE,116,0.226562,2.57767
vib_ball_fault_007,RDP_OFFLINE,117,0.228516,3.5172
vib_ball_fault_007,RDP_OFFLINE,118,0.230469,2.23817
vib_ball_fault_007,RDP_OFFLINE,119,0.232422,4.96973
vib_ball_fault_007,RDP_OFFLINE,120,0.234375,3.52195
vib_ball_fault_007,RDP_OFFLINE,121,0.236328,3.05722
vib_ball_fault_007,RDP_OFFLINE,122,0.238281,0.5976
vib_ball_fault_007,RDP_OFFLINE,123,0.240234,4.05871
vib_ball_fault_007,RDP_OFFLINE,124,0.242188,4.07123
vib_ball_fault_007,RDP_OFFLINE,125,0.244141,4.81929
vib_ball_fault_007,RDP_OFFLINE,126,0.246094,3.39117
vib_ball_fault_007,RDP_OFFLINE,127,0.248047,2.54569
vib_ball_fault_007,RDP_OFFLINE,128,0.25,1.62768
vib_ball_fault_007,RDP_OFFLINE,129,0.251953,7.29047
vib_ball_fault_007,RDP_OFFLINE,130,0.253906,3.95273
vib_ball_fault_007,RDP_OFFLINE,131,0.255859,6.9172
vib_ball_fault_007,RDP_OFFLINE,132,0.257812,1.64504
vib_ball_fault_007,RDP_OFFLINE,133,0.259766,8.217
vib_ball_fault_007,RDP_OFFLINE,134,0.261719,0.917914
vib_ball_fault_007,RDP_OFFLINE,135,0.263672,1.13456
vib_ball_fault_007,RDP_OFFLINE,136,0.265625,6.39496
vib_ball_fault_007,RDP_OFFLINE,137,0.267578,4.67613
vib_ball_fault_007,RDP_OFFLINE,138,0.269531,10.2701
vib_ball_fault_007,RDP_OFFLINE,139,0.271484,15.7533
vib_ball_fault_007,RDP_OFFLINE,140,0.273438,8.64985
vib_ball_fault_007,RDP_OFFLINE,141,0.275391,10.9666
vib_ball_fault_007,RDP_OFFLINE,142,0.277344,5.23418
vib_ball_fault_007,RDP_OFFLINE,143,0.279297,7.46443
vib_ball_fault_007,RDP_OFFLINE,144,0.28125,11.1737
vib_ball_fault_007,RDP_OFFLINE,145,0.283203,4.30027
vib_ball_fault_007,RDP_OFFLINE,146,0.285156,5.89326
vib_ball_fault_007,RDP_OFFLINE,147,0.287109,3.00002
vib_ball_fault_007,RDP_OFFLINE,148,0.289062,7.21511
vib_ball_fault_007,RDP_OFFLINE,149,0.291016,2.93055
vib_ball_fault_007,RDP_OFFLINE,150,0.292969,3.50553
vib_ball_fault_007,RDP_OFFLINE,151,0.294922,2.90613
vib_ball_fault_007,RDP_OFFLINE,152,0.296875,1.44298
vib_ball_fault_007,RDP_OFFLINE,153,0.298828,0.774107
vib_ball_fault_007,RDP_OFFLINE,154,0.300781,1.35495
vib_ball_fault_007,RDP_OFFLINE,155,0.302734,0.896742
vib_ball_fault_007,RDP_OFFLINE,156,0.304688,0.523713
vib_ball_fault_007,RDP_OFFLINE,157,0.306641,1.78732
vib_ball_fault_007,RDP_OFFLINE,158,0.308594,1.53587
vib_ball_fault_007,RDP_OFFLINE,159,0.310547,1.0459
vib_ball_fault_007,RDP_OFFLINE,160,0.3125,0.752217
vib_ball_fault_007,RDP_OFFLINE,161,0.314453,1.99575
vib_ball_fault_007,RDP_OFFLINE,162,0.316406,0.150848
vib_ball_fault_007,RDP_OFFLINE,163,0.318359,2.18731
vib_ball_fault_007,RDP_OFFLINE,164,0.320312,0.884634
vib_ball_fault_007,RDP_OFFLINE,165,0.322266,0.716802
vib_ball_fault_007,RDP_OFFLINE,166,0.324219,0.779691
vib_ball_fault_007,RDP_OFFLINE,167,0.326172,0.922952
vib_ball_fault_007,RDP_OFFLINE,168,0.328125,0.687998
vib_ball_fault_007,RDP_OFFLINE,169,0.330078,0.901331
vib_ball_fault_007,RDP_OFFLINE,170,0.332031,1.23162
vib_ball_fault_007,RDP_OFFLINE,171,0.333984,1.04793
vib_ball_fault_007,RDP_OFFLINE,172,0.335938,2.48656
vib_ball_fault_007,RDP_OFFLINE,173,0.337891,2.01436
vib_ball_fault_007,RDP_OFFLINE,174,0.339844,1.28817
vib_ball_fault_007,RDP_OFFLINE,175,0.341797,0.766641
vib_ball_fault_007,RDP_OFFLINE,176,0.34375,0.843427
vib_ball_fault_007,RDP_OFFLINE,177,0.345703,1.82407
vib_ball_fault_007,RDP_OFFLINE,178,0.347656,3.03485
vib_ball_fault_007,RDP_OFFLINE,179,0.349609,1.79627
vib_ball_fault_007,RDP_OFFLINE,180,0.351562,0.828764
vib_ball_fault_007,RDP_OFFLINE,181,0.353516,1.51727
vib_ball_fault_007,RDP_OFFLINE,182,0.355469,1.25692
vib_ball_fault_007,RDP_OFFLINE,183,0.357422,0.448213
vib_ball_fault_007,RDP_OFFLINE,184,0.359375,0.452988
vib_ball_fault_007,RDP_OFFLINE,185,0.361328,0.607999
vib_ball_fault_007,RDP_OFFLINE,186,0.363281,1.42667
vib_ball_fault_007,RDP_OFFLINE,187,0.365234,1.31502
vib_ball_fault_007,RDP_OFFLINE,188,0.367188,1.19963
vib_ball_fault_007,RDP_OFFLINE,189,0.369141,0.348731
vib_ball_fault_007,RDP_OFFLINE,190,0.371094,0.926678
vib_ball_fault_007,RDP_OFFLINE,191,0.373047,0.872949
vib_ball_fault_007,RDP_OFFLINE,192,0.375,1.866
vib_ball_fault_007,RDP_OFFLINE,193,0.376953,2.17685
vib_ball_fault_007,RDP_OFFLINE,194,0.378906,0.472439
vib_ball_fault_007,RDP_OFFLINE,195,0.380859,0.370922
vib_ball_fault_007,RDP_OFFLINE,196,0.382812,1.90292
vib_ball_fault_007,RDP_OFFLINE,197,0.384766,0.849673
vib_ball_fault_007,RDP_OFFLINE,198,0.386719,0.495258
vib_ball_fault_007,RDP_OFFLINE,199,0.388672,0.263006
vib_ball_fault_007,RDP_OFFLINE,200,0.390625,0.606376
vib_ball_fault_007,RDP_OFFLINE,201,0.392578,0.529309
vib_ball_fault_007,RDP_OFFLINE,202,0.394531,0.953327
vib_ball_fault_007,RDP_OFFLINE,203,0.396484,0.665317
vib_ball_fault_007,RDP_OFFLINE,204,0.398438,1.17668
vib_ball_fault_007,RDP_OFFLINE,205,0.400391,0.321045
vib_ball_fault_007,RDP_OFFLINE,206,0.402344,1.4144
vib_ball_fault_007,RDP_OFFLINE,207,0.404297,0.708624
vib_ball_fault_007,RDP_OFFLINE,208,0.40625,1.05187
vib_ball_fault_007,RDP_OFFLINE,209,0.408203,0.747412
vib_ball_fault_007,RDP_OFFLINE,210,0.410156,1.14764
vib_ball_fault_007,RDP_OFFLINE,211,0.412109,0.644768
vib_ball_fault_007,RDP_OFFLINE,212,0.414062,0.204703
vib_ball_fault_007,RDP_OFFLINE,213,0.416016,1.96341
vib_ball_fault_007,RDP_OFFLINE,214,0.417969,0.803538
vib_ball_fault_007,RDP_OFFLINE,215,0.419922,0.553867
vib_ball_fault_007,RDP_OFFLINE,216,0.421875,0.902948
vib_ball_fault_007,RDP_OFFLINE,217,0.423828,0.272016
vib_ball_fault_007,RDP_OFFLINE,218,0.425781,0.445742
vib_ball_fault_007,RDP_OFFLINE,219,0.427734,1.48956
vib_ball_fault_007,RDP_OFFLINE,220,0.429688,0.577454
vib_ball_fault_007,RDP_OFFLINE,221,0.431641,1.3837
vib_ball_fault_007,RDP_OFFLINE,222,0.433594,0.918644
vib_ball_fault_007,RDP_OFFLINE,223,0.435547,1.55482
vib_ball_fault_007,RDP_OFFLINE,224,0.4375,0.433131
vib_ball_fault_007,RDP_OFFLINE,225,0.439453,0.699911
vib_ball_fault_007,RDP_OFFLINE,226,0.441406,2.02322
vib_ball_fault_007,RDP_OFFLINE,227,0.443359,0.368704
vib_ball_fault_007,RDP_OFFLINE,228,0.445312,0.553097
vib_ball_fault_007,RDP_OFFLINE,229,0.447266,0.795267
vib_ball_fault_007,RDP_OFFLINE,230,0.449219,0.340572
vib_ball_fault_007,RDP_OFFLINE,231,0.451172,0.68612
vib_ball_fault_007,RDP_OFFLINE,232,0.453125,0.206299
vib_ball_fault_007,RDP_OFFLINE,233,0.455078,0.407595
vib_ball_fault_007,RDP_OFFLINE,234,0.457031,0.203061
vib_ball_fault_007,RDP_OFFLINE,235,0.458984,0.740821
vib_ball_fault_007,RDP_OFFLINE,236,0.460938,0.80179
vib_ball_fault_007,RDP_OFFLINE,237,0.462891,0.488006
vib_ball_fault_007,RDP_OFFLINE,238,0.464844,0.610969
vib_ball_fault_007,RDP_OFFLINE,239,0.466797,0.483197
vib_ball_fault_007,RDP_OFFLINE,240,0.46875,1.69617
vib_ball_fault_007,RDP_OFFLINE,241,0.470703,0.671141
vib_ball_fault_007,RDP_OFFLINE,242,0.472656,0.91965
vib_ball_fault_007,RDP_OFFLINE,243,0.474609,0.584936
vib_ball_fault_007,RDP_OFFLINE,244,0.476562,1.02722
vib_ball_fault_007,RDP_OFFLINE,245,0.478516,0.836509
vib_ball_fault_007,RDP_OFFLINE,246,0.480469,0.919658
vib_ball_fault_007,RDP_OFFLINE,247,0.482422,0.268229
vib_ball_fault_007,RDP_OFFLINE,248,0.484375,0.86064
vib_ball_fault_007,RDP_OFFLINE,249,0.486328,0.898174
vib_ball_fault_007,RDP_OFFLINE,250,0.488281,0.240073
vib_ball_fault_007,RDP_OFFLINE,251,0.490234,0.511905
vib_ball_fault_007,RDP_OFFLINE,252,0.492188,0.906461
vib_ball_fault_007,RDP_OFFLINE,253,0.494141,1.30604
vib_ball_fault_007,RDP_OFFLINE,254,0.496094,0.622907
vib_ball_fault_007,RDP_OFFLINE,255,0.498047,0.568008
vib_ball_fault_007,LTTB_OFFLINE,0,0,9.61444
vib_ball_fault_007,LTTB_OFFLINE,1,0.00195312,1.39982
vib_ball_fault_007,LTTB_OFFLINE,2,0.00390625,0.992956
vib_ball_fault_007,LTTB_OFFLINE,3,0.00585938,4.12521
vib_ball_fault_007,LTTB_OFFLINE,4,0.0078125,3.50495
vib_ball_fault_007,LTTB_OFFLINE,5,0.00976562,4.77665
vib_ball_fault_007,LTTB_OFFLINE,6,0.0117188,4.14817
vib_ball_fault_007,LTTB_OFFLINE,7,0.0136719,4.74675
vib_ball_fault_007,LTTB_OFFLINE,8,0.015625,0.581349
vib_ball_fault_007,LTTB_OFFLINE,9,0.0175781,2.18042
vib_ball_fault_007,LTTB_OFFLINE,10,0.0195312,2.65248
vib_ball_fault_007,LTTB_OFFLINE,11,0.0214844,3.58724
vib_ball_fault_007,LTTB_OFFLINE,12,0.0234375,4.82421
vib_ball_fault_007,LTTB_OFFLINE,13,0.0253906,6.83761
vib_ball_fault_007,LTTB_OFFLINE,14,0.0273438,1.86817
vib_ball_fault_007,LTTB_OFFLINE,15,0.0292969,2.52948
vib_ball_fault_007,LTTB_OFFLINE,16,0.03125,5.86038
vib_ball_fault_007,LTTB_OFFLINE,17,0.0332031,1.42545
vib_ball_fault_007,LTTB_OFFLINE,18,0.0351562,0.804546
vib_ball_fault_007,LTTB_OFFLINE,19,0.0371094,4.81637
vib_ball_fault_007,LTTB_OFFLINE,20,0.0390625,5.38961
vib_ball_fault_007,LTTB_OFFLINE,21,0.0410156,4.48752
vib_ball_fault_007,LTTB_OFFLINE,22,0.0429688,1.21037
vib_ball_fault_007,LTTB_OFFLINE,23,0.0449219,4.56994
vib_ball_fault_007,LTTB_OFFLINE,24,0.046875,2.86751
vib_ball_fault_007,LTTB_OFFLINE,25,0.0488281,5.11642
vib_ball_fault_007,LTTB_OFFLINE,26,0.0507812,4.09175
vib_ball_fault_007,LTTB_OFFLINE,27,0.0527344,4.25222
vib_ball_fault_007,LTTB_OFFLINE,28,0.0546875,1.97243
vib_ball_fault_007,LTTB_OFFLINE,29,0.0566406,6.08266
vib_ball_fault_007,LTTB_OFFLINE,30,0.0585938,3.46082
vib_ball_fault_007,LTTB_OFFLINE,31,0.0605469,10.4146
vib_ball_fault_007,LTTB_OFFLINE,32,0.0625,5.97565
vib_ball_fault_007,LTTB_OFFLINE,33,0.0644531,5.44112
vib_ball_fault_007,LTTB_OFFLINE,34,0.0664062,3.18263
vib_ball_fault_007,LTTB_OFFLINE,35,0.0683594,2.03194
vib_ball_fault_007,LTTB_OFFLINE,36,0.0703125,4.59229
vib_ball_fault_007,LTTB_OFFLINE,37,0.0722656,2.91608
vib_ball_fault_007,LTTB_OFFLINE,38,0.0742188,3.18082
vib_ball_fault_007,LTTB_OFFLINE,39,0.0761719,5.06792
vib_ball_fault_007,LTTB_OFFLINE,40,0.078125,2.16
vib_ball_fault_007,LTTB_OFFLINE,41,0.0800781,1.23989
vib_ball_fault_007,LTTB_OFFLINE,42,0.0820312,4.50665
vib_ball_fault_007,LTTB_OFFLINE,43,0.0839844,1.70717
vib_ball_fault_007,LTTB_OFFLINE,44,0.0859375,2.89398
vib_ball_fault_007,LTTB_OFFLINE,45,0.0878906,2.35426
vib_ball_fault_007,LTTB_OFFLINE,46,0.0898438,0.551644
vib_ball_fault_007,LTTB_OFFLINE,47,0.0917969,5.83097
vib_ball_fault_007,LTTB_OFFLINE,48,0.09375,5.19664
vib_ball_fault_007,LTTB_OFFLINE,49,0.0957031,6.04501
vib_ball_fault_007,LTTB_OFFLINE,50,0.0976562,6.38259
vib_ball_fault_007,LTTB_OFFLINE,51,0.0996094,0.799086
vib_ball_fault_007,LTTB_OFFLINE,52,0.101562,1.24465
vib_ball_fault_007,LTTB_OFFLINE,53,0.103516,2.20858
vib_ball_fault_007,LTTB_OFFLINE,54,0.105469,2.05873
vib_ball_fault_007,LTTB_OFFLINE,55,0.107422,1.65362
vib_ball_fault_007,LTTB_OFFLINE,56,0.109375,7.07464
vib_ball_fault_007,LTTB_OFFLINE,57,0.111328,1.62478
vib_ball_fault_007,LTTB_OFFLINE,58,0.113281,6.42289
vib_ball_fault_007,LTTB_OFFLINE,59,0.115234,2.20594
vib_ball_fault_007,LTTB_OFFLINE,60,0.117188,5.50866
vib_ball_fault_007,LTTB_OFFLINE,61,0.119141,5.55635
vib_ball_fault_007,LTTB_OFFLINE,62,0.121094,5.89178
vib_ball_fault_007,LTTB_OFFLINE,63,0.123047,4.03495
vib_ball_fault_007,LTTB_OFFLINE,64,0.125,5.02639
vib_ball_fault_007,LTTB_OFFLINE,65,0.126953,0.89778
vib_ball_fault_007,LTTB_OFFLINE,66,0.128906,6.51186
vib_ball_fault_007,LTTB_OFFLINE,67,0.130859,6.42832
vib_ball_fault_007,LTTB_OFFLINE,68,0.132812,3.62773
vib_ball_fault_007,LTTB_OFFLINE,69,0.134766,2.03243
vib_ball_fault_007,LTTB_OFFLINE,70,0.136719,3.91344
vib_ball_fault_007,LTTB_OFFLINE,71,0.138672,1.81031
vib_ball_fault_007,LTTB_OFFLINE,72,0.140625,3.85608
vib_ball_fault_007,LTTB_OFFLINE,73,0.142578,3.46621
vib_ball_fault_007,LTTB_OFFLINE,74,0.144531,2.00139
vib_ball_fault_007,LTTB_OFFLINE,75,0.146484,6.566
vib_ball_fault_007,LTTB_OFFLINE,76,0.148438,5.95199
vib_ball_fault_007,LTTB_OFFLINE,77,0.150391,2.46634
vib_ball_fault_007,LTTB_OFFLINE,78,0.152344,5.49898
vib_ball_fault_007,LTTB_OFFLINE,79,0.154297,3.39802
vib_ball_fault_007,LTTB_OFFLINE,80,0.15625,4.31141
vib_ball_fault_007,LTTB_OFFLINE,81,0.158203,3.16943
vib_ball_fault_007,LTTB_OFFLINE,82,0.160156,3.1165
vib_ball_fault_007,LTTB_OFFLINE,83,0.162109,1.25299
vib_ball_fault_007,LTTB_OFFLINE,84,0.164062,2.14344
vib_ball_fault_007,LTTB_OFFLINE,85,0.166016,3.1417
vib_ball_fault_007,LTTB_OFFLINE,86,0.167969,2.93472
vib_ball_fault_007,LTTB_OFFLINE,87,0.169922,4.99422
vib_ball_fault_007,LTTB_OFFLINE,88,0.171875,1.49375
vib_ball_fault_007,LTTB_OFFLINE,89,0.173828,2.03657
vib_ball_fault_007,LTTB_OFFLINE,90,0.175781,1.92337
vib_ball_fault_007,LTTB_OFFLINE,91,0.177734,1.7937
vib_ball_fault_007,LTTB_OFFLINE,92,0.179688,2.61803
vib_ball_fault_007,LTTB_OFFLINE,93,0.181641,0.868065
vib_ball_fault_007,LTTB_OFFLINE,94,0.183594,3.35776
vib_ball_fault_007,LTTB_OFFLINE,95,0.185547,4.39726
vib_ball_fault_007,LTTB_OFFLINE,96,0.1875,3.43929
vib_ball_fault_007,LTTB_OFFLINE,97,0.189453,1.89601
vib_ball_fault_007,LTTB_OFFLINE,98,0.191406,6.62456
vib_ball_fault_007,LTTB_OFFLINE,99,0.193359,1.13828
vib_ball_fault_007,LTTB_OFFLINE,100,0.195312,3.40793
vib_ball_fault_007,LTTB_OFFLINE,101,0.197266,4.16899
vib_ball_fault_007,LTTB_OFFLINE,102,0.199219,2.56356
vib_ball_fault_007,LTTB_OFFLINE,103,0.201172,3.27288
vib_ball_fault_007,LTTB_OFFLINE,104,0.203125,3.18895
vib_ball_fault_007,LTTB_OFFLINE,105,0.205078,1.80031
vib_ball_fault_007,LTTB_OFFLINE,106,0.207031,2.88291
vib_ball_fault_007,LTTB_OFFLINE,107,0.208984,1.8425
vib_ball_fault_007,LTTB_OFFLINE,108,0.210938,1.04486
vib_ball_fault_007,LTTB_OFFLINE,109,0.212891,3.97309
vib_ball_fault_007,LTTB_OFFLINE,110,0.214844,5.8667
vib_ball_fault_007,LTTB_OFFLINE,111,0.216797,5.38099
vib_ball_fault_007,LTTB_OFFLINE,112,0.21875,1.66983
vib_ball_fault_007,LTTB_OFFLINE,113,0.220703,1.97492
vib_ball_fault_007,LTTB_OFFLINE,114,0.222656,2.53628
vib_ball_fault_007,LTTB_OFFLINE,115,0.224609,5.26806
vib_ball_fault_007,LTTB_OFFLINE,116,0.226562,1.12966
vib_ball_fault_007,LTTB_OFFLINE,117,0.228516,4.23301
vib_ball_fault_007,LTTB_OFFLINE,118,0.230469,1.30718
vib_ball_fault_007,LTTB_OFFLINE,119,0.232422,4.23139
vib_ball_fault_007,LTTB_OFFLINE,120,0.234375,3.66477
vib_ball_fault_007,LTTB_OFFLINE,121,0.236328,5.40199
vib_ball_fault_007,LTTB_OFFLINE,122,0.238281,1.02865
vib_ball_fault_007,LTTB_OFFLINE,123,0.240234,2.45578
vib_ball_fault_007,LTTB_OFFLINE,124,0.242188,2.93826
vib_ball_fault_007,LTTB_OFFLINE,125,0.244141,2.99858
vib_ball_fault_007,LTTB_OFFLINE,126,0.246094,2.17308
vib_ball_fault_007,LTTB_OFFLINE,127,0.248047,1.41878
vib_ball_fault_007,LTTB_OFFLINE,128,0.25,0.105322
vib_ball_fault_007,LTTB_OFFLINE,129,0.251953,2.71034
vib_ball_fault_007,LTTB_OFFLINE,130,0.253906,2.58215
vib_ball_fault_007,LTTB_OFFLINE,131,0.255859,4.47716
vib_ball_fault_007,LTTB_OFFLINE,132,0.257812,0.873353
vib_ball_fault_007,LTTB_OFFLINE,133,0.259766,4.96092
vib_ball_fault_007,LTTB_OFFLINE,134,0.261719,0.665361
vib_ball_fault_007,LTTB_OFFLINE,135,0.263672,1.49075
vib_ball_fault_007,LTTB_OFFLINE,136,0.265625,4.84722
vib_ball_fault_007,LTTB_OFFLINE,137,0.267578,3.00232
vib_ball_fault_007,LTTB_OFFLINE,138,0.269531,5.97949
vib_ball_fault_007,LTTB_OFFLINE,139,0.271484,8.79372
vib_ball_fault_007,LTTB_OFFLINE,140,0.273438,4.24038
vib_ball_fault_007,LTTB_OFFLINE,141,0.275391,5.42382
vib_ball_fault_007,LTTB_OFFLINE,142,0.277344,2.26536
vib_ball_fault_007,LTTB_OFFLINE,143,0.279297,4.14158
vib_ball_fault_007,LTTB_OFFLINE,144,0.28125,6.91707
vib_ball_fault_007,LTTB_OFFLINE,145,0.283203,3.10226
vib_ball_fault_007,LTTB_OFFLINE,146,0.285156,4.73258
vib_ball_fault_007,LTTB_OFFLINE,147,0.287109,1.79103
vib_ball_fault_007,LTTB_OFFLINE,148,0.289062,4.02807
vib_ball_fault_007,LTTB_OFFLINE,149,0.291016,0.644845
vib_ball_fault_007,LTTB_OFFLINE,150,0.292969,2.3223
vib_ball_fault_007,LTTB_OFFLINE,151,0.294922,2.26053
vib_ball_fault_007,LTTB_OFFLINE,152,0.296875,1.54446
vib_ball_fault_007,LTTB_OFFLINE,153,0.298828,1.22559
vib_ball_fault_007,LTTB_OFFLINE,154,0.300781,0.72046
vib_ball_fault_007,LTTB_OFFLINE,155,0.302734,0.879322
vib_ball_fault_007,LTTB_OFFLINE,156,0.304688,1.48181
vib_ball_fault_007,LTTB_OFFLINE,157,0.306641,1.32864
vib_ball_fault_007,LTTB_OFFLINE,158,0.308594,0.859718
vib_ball_fault_007,LTTB_OFFLINE,159,0.310547,0.94782
vib_ball_fault_007,LTTB_OFFLINE,160,0.3125,0.305978
vib_ball_fault_007,LTTB_OFFLINE,161,0.314453,1.05414
vib_ball_fault_007,LTTB_OFFLINE,162,0.316406,0.77935
vib_ball_fault_007,LTTB_OFFLINE,163,0.318359,1.67253
vib_ball_fault_007,LTTB_OFFLINE,164,0.320312,1.20778
vib_ball_fault_007,LTTB_OFFLINE,165,0.322266,0.678177
vib_ball_fault_007,LTTB_OFFLINE,166,0.324219,0.287077
vib_ball_fault_007,LTTB_OFFLINE,167,0.326172,0.470363
vib_ball_fault_007,LTTB_OFFLINE,168,0.328125,0.524448
vib_ball_fault_007,LTTB_OFFLINE,169,0.330078,0.65681
vib_ball_fault_007,LTTB_OFFLINE,170,0.332031,1.11584
vib_ball_fault_007,LTTB_OFFLINE,171,0.333984,0.817548
vib_ball_fault_007,LTTB_OFFLINE,172,0.335938,0.997656
vib_ball_fault_007,LTTB_OFFLINE,173,0.337891,1.06493
vib_ball_fault_007,LTTB_OFFLINE,174,0.339844,0.996605
vib_ball_fault_007,LTTB_OFFLINE,175,0.341797,1.00061
vib_ball_fault_007,LTTB_OFFLINE,176,0.34375,1.34539
vib_ball_fault_007,LTTB_OFFLINE,177,0.345703,1.47603
vib_ball_fault_007,LTTB_OFFLINE,178,0.347656,1.29197
vib_ball_fault_007,LTTB_OFFLINE,179,0.349609,0.880701
vib_ball_fault_007,LTTB_OFFLINE,180,0.351562,1.16962
vib_ball_fault_007,LTTB_OFFLINE,181,0.353516,0.656745
vib_ball_fault_007,LTTB_OFFLINE,182,0.355469,1.31176
vib_ball_fault_007,LTTB_OFFLINE,183,0.357422,1.24104
vib_ball_fault_007,LTTB_OFFLINE,184,0.359375,0.732053
vib_ball_fault_007,LTTB_OFFLINE,185,0.361328,0.36391
vib_ball_fault_007,LTTB_OFFLINE,186,0.363281,0.239211
vib_ball_fault_007,LTTB_OFFLINE,187,0.365234,0.934283
vib_ball_fault_007,LTTB_OFFLINE,188,0.367188,0.252901
vib_ball_fault_007,LTTB_OFFLINE,189,0.369141,0.290983
vib_ball_fault_007,LTTB_OFFLINE,190,0.371094,0.999395
vib_ball_fault_007,LTTB_OFFLINE,191,0.373047,1.46625
vib_ball_fault_007,LTTB_OFFLINE,192,0.375,0.897651
vib_ball_fault_007,LTTB_OFFLINE,193,0.376953,0.524879
vib_ball_fault_007,LTTB_OFFLINE,194,0.378906,0.703384
vib_ball_fault_007,LTTB_OFFLINE,195,0.380859,0.722463
vib_ball_fault_007,LTTB_OFFLINE,196,0.382812,1.44075
vib_ball_fault_007,LTTB_OFFLINE,197,0.384766,0.394675
vib_ball_fault_007,LTTB_OFFLINE,198,0.386719,0.385768
vib_ball_fault_007,LTTB_OFFLINE,199,0.388672,0.466909
vib_ball_fault_007,LTTB_OFFLINE,200,0.390625,0.736068
vib_ball_fault_007,LTTB_OFFLINE,201,0.392578,0.913952
vib_ball_fault_007,LTTB_OFFLINE,202,0.394531,1.69698
vib_ball_fault_007,LTTB_OFFLINE,203,0.396484,0.46527
vib_ball_fault_007,LTTB_OFFLINE,204,0.398438,0.336444
vib_ball_fault_007,LTTB_OFFLINE,205,0.400391,0.113818
vib_ball_fault_007,LTTB_OFFLINE,206,0.402344,0.864836
vib_ball_fault_007,LTTB_OFFLINE,207,0.404297,0.89485
vib_ball_fault_007,LTTB_OFFLINE,208,0.40625,0.122882
vib_ball_fault_007,LTTB_OFFLINE,209,0.408203,0.0873389
vib_ball_fault_007,LTTB_OFFLINE,210,0.410156,0.23012
vib_ball_fault_007,LTTB_OFFLINE,211,0.412109,0.793649
vib_ball_fault_007,LTTB_OFFLINE,212,0.414062,1.09801
vib_ball_fault_007,LTTB_OFFLINE,213,0.416016,1.55502
vib_ball_fault_007,LTTB_OFFLINE,214,0.417969,0.939009
vib_ball_fault_007,LTTB_OFFLINE,215,0.419922,0.753319
vib_ball_fault_007,LTTB_OFFLINE,216,0.421875,0.419701
vib_ball_fault_007,LTTB_OFFLINE,217,0.423828,0.267719
vib_ball_fault_007,LTTB_OFFLINE,218,0.425781,0.436374
vib_ball_fault_007,LTTB_OFFLINE,219,0.427734,1.16966
vib_ball_fault_007,LTTB_OFFLINE,220,0.429688,0.292743
vib_ball_fault_007,LTTB_OFFLINE,221,0.431641,0.439254
vib_ball_fault_007,LTTB_OFFLINE,222,0.433594,0.57881
vib_ball_fault_007,LTTB_OFFLINE,223,0.435547,0.419772
vib_ball_fault_007,LTTB_OFFLINE,224,0.4375,0.666381
vib_ball_fault_007,LTTB_OFFLINE,225,0.439453,1.12223
vib_ball_fault_007,LTTB_OFFLINE,226,0.441406,0.23823
vib_ball_fault_007,LTTB_OFFLINE,227,0.443359,0.212637
vib_ball_fault_007,LTTB_OFFLINE,228,0.445312,1.08213
vib_ball_fault_007,LTTB_OFFLINE,229,0.447266,0.959407
vib_ball_fault_007,LTTB_OFFLINE,230,0.449219,0.66713
vib_ball_fault_007,LTTB_OFFLINE,231,0.451172,0.436191
vib_ball_fault_007,LTTB_OFFLINE,232,0.453125,1.26886
vib_ball_fault_007,LTTB_OFFLINE,233,0.455078,0.876664
vib_ball_fault_007,LTTB_OFFLINE,234,0.457031,0.519422
vib_ball_fault_007,LTTB_OFFLINE,235,0.458984,0.279252
vib_ball_fault_007,LTTB_OFFLINE,236,0.460938,0.619414
vib_ball_fault_007,LTTB_OFFLINE,237,0.462891,0.597308
vib_ball_fault_007,LTTB_OFFLINE,238,0.464844,0.388169
vib_ball_fault_007,LTTB_OFFLINE,239,0.466797,0.2972
vib_ball_fault_007,LTTB_OFFLINE,240,0.46875,0.289953
vib_ball_fault_007,LTTB_OFFLINE,241,0.470703,1.07196
vib_ball_fault_007,LTTB_OFFLINE,242,0.472656,0.433184
vib_ball_fault_007,LTTB_OFFLINE,243,0.474609,0.275227
vib_ball_fault_007,LTTB_OFFLINE,244,0.476562,0.286434
vib_ball_fault_007,LTTB_OFFLINE,245,0.478516,0.136034
vib_ball_fault_007,LTTB_OFFLINE,246,0.480469,0.296445
vib_ball_fault_007,LTTB_OFFLINE,247,0.482422,0.613647
vib_ball_fault_007,LTTB_OFFLINE,248,0.484375,0.613577
vib_ball_fault_007,LTTB_OFFLINE,249,0.486328,0.613435
vib_ball_fault_007,LTTB_OFFLINE,250,0.488281,0.356718
vib_ball_fault_007,LTTB_OFFLINE,251,0.490234,0.307403
vib_ball_fault_007,LTTB_OFFLINE,252,0.492188,0.463997
vib_ball_fault_007,LTTB_OFFLINE,253,0.494141,0.311241
vib_ball_fault_007,LTTB_OFFLINE,254,0.496094,0.538446
vib_ball_fault_007,LTTB_OFFLINE,255,0.498047,0.734792
vib_ball_fault_007,IMP_INTERP_COMPOSITE,0,0,8.26412
vib_ball_fault_007,IMP_INTERP_COMPOSITE,1,0.00195312,0.338264
vib_ball_fault_007,IMP_INTERP_COMPOSITE,2,0.00390625,0.405926
vib_ball_fault_007,IMP_INTERP_COMPOSITE,3,0.00585938,0.900342
vib_ball_fault_007,IMP_INTERP_COMPOSITE,4,0.0078125,0.406289
vib_ball_fault_007,IMP_INTERP_COMPOSITE,5,0.00976562,1.44144
vib_ball_fault_007,IMP_INTERP_COMPOSITE,6,0.0117188,1.01588
vib_ball_fault_007,IMP_INTERP_COMPOSITE,7,0.0136719,2.93754
vib_ball_fault_007,IMP_INTERP_COMPOSITE,8,0.015625,1.77023
vib_ball_fault_007,IMP_INTERP_COMPOSITE,9,0.0175781,0.879439
vib_ball_fault_007,IMP_INTERP_COMPOSITE,10,0.0195312,0.337642
vib_ball_fault_007,IMP_INTERP_COMPOSITE,11,0.0214844,1.81874
vib_ball_fault_007,IMP_INTERP_COMPOSITE,12,0.0234375,1.35559
vib_ball_fault_007,IMP_INTERP_COMPOSITE,13,0.0253906,1.51758
vib_ball_fault_007,IMP_INTERP_COMPOSITE,14,0.0273438,2.11839
vib_ball_fault_007,IMP_INTERP_COMPOSITE,15,0.0292969,2.28581
vib_ball_fault_007,IMP_INTERP_COMPOSITE,16,0.03125,1.21248
vib_ball_fault_007,IMP_INTERP_COMPOSITE,17,0.0332031,1.22359
vib_ball_fault_007,IMP_INTERP_COMPOSITE,18,0.0351562,1.07496
vib_ball_fault_007,IMP_INTERP_COMPOSITE,19,0.0371094,2.66363
vib_ball_fault_007,IMP_INTERP_COMPOSITE,20,0.0390625,1.23516
vib_ball_fault_007,IMP_INTERP_COMPOSITE,21,0.0410156,4.73837
vib_ball_fault_007,IMP_INTERP_COMPOSITE,22,0.0429688,1.73717
vib_ball_fault_007,IMP_INTERP_COMPOSITE,23,0.0449219,1.2949
vib_ball_fault_007,IMP_INTERP_COMPOSITE,24,0.046875,0.903352
vib_ball_fault_007,IMP_INTERP_COMPOSITE,25,0.0488281,2.39174
vib_ball_fault_007,IMP_INTERP_COMPOSITE,26,0.0507812,0.883297
vib_ball_fault_007,IMP_INTERP_COMPOSITE,27,0.0527344,3.27417
vib_ball_fault_007,IMP_INTERP_COMPOSITE,28,0.0546875,1.49662
vib_ball_fault_007,IMP_INTERP_COMPOSITE,29,0.0566406,3.50167
vib_ball_fault_007,IMP_INTERP_COMPOSITE,30,0.0585938,2.56591
vib_ball_fault_007,IMP_INTERP_COMPOSITE,31,0.0605469,2.36261
vib_ball_fault_007,IMP_INTERP_COMPOSITE,32,0.0625,2.50208
vib_ball_fault_007,IMP_INTERP_COMPOSITE,33,0.0644531,1.79788
vib_ball_fault_007,IMP_INTERP_COMPOSITE,34,0.0664062,0.628393
vib_ball_fault_007,IMP_INTERP_COMPOSITE,35,0.0683594,1.87737
vib_ball_fault_007,IMP_INTERP_COMPOSITE,36,0.0703125,2.5637
vib_ball_fault_007,IMP_INTERP_COMPOSITE,37,0.0722656,0.223625
vib_ball_fault_007,IMP_INTERP_COMPOSITE,38,0.0742188,2.15841
vib_ball_fault_007,IMP_INTERP_COMPOSITE,39,0.0761719,1.97702
vib_ball_fault_007,IMP_INTERP_COMPOSITE,40,0.078125,1.70842
vib_ball_fault_007,IMP_INTERP_COMPOSITE,41,0.0800781,0.328007
vib_ball_fault_007,IMP_INTERP_COMPOSITE,42,0.0820312,1.22544
vib_ball_fault_007,IMP_INTERP_COMPOSITE,43,0.0839844,1.51708
vib_ball_fault_007,IMP_INTERP_COMPOSITE,44,0.0859375,1.22385
vib_ball_fault_007,IMP_INTERP_COMPOSITE,45,0.0878906,0.913678
vib_ball_fault_007,IMP_INTERP_COMPOSITE,46,0.0898438,1.29069
vib_ball_fault_007,IMP_INTERP_COMPOSITE,47,0.0917969,3.3537
vib_ball_fault_007,IMP_INTERP_COMPOSITE,48,0.09375,2.23484
vib_ball_fault_007,IMP_INTERP_COMPOSITE,49,0.0957031,0.98948
vib_ball_fault_007,IMP_INTERP_COMPOSITE,50,0.0976562,0.905846
vib_ball_fault_007,IMP_INTERP_COMPOSITE,51,0.0996094,1.76124
vib_ball_fault_007,IMP_INTERP_COMPOSITE,52,0.101562,0.582858
vib_ball_fault_007,IMP_INTERP_COMPOSITE,53,0.103516,0.629314
vib_ball_fault_007,IMP_INTERP_COMPOSITE,54,0.105469,0.275543
vib_ball_fault_007,IMP_INTERP_COMPOSITE,55,0.107422,1.14752
vib_ball_fault_007,IMP_INTERP_COMPOSITE,56,0.109375,1.55289
vib_ball_fault_007,IMP_INTERP_COMPOSITE,57,0.111328,0.542655
vib_ball_fault_007,IMP_INTERP_COMPOSITE,58,0.113281,1.04019
vib_ball_fault_007,IMP_INTERP_COMPOSITE,59,0.115234,1.2801
vib_ball_fault_007,IMP_INTERP_COMPOSITE,60,0.117188,0.808621
vib_ball_fault_007,IMP_INTERP_COMPOSITE,61,0.119141,6.21033
vib_ball_fault_007,IMP_INTERP_COMPOSITE,62,0.121094,3.09832
vib_ball_fault_007,IMP_INTERP_COMPOSITE,63,0.123047,1.23332
vib_ball_fault_007,IMP_INTERP_COMPOSITE,64,0.125,1.40403
vib_ball_fault_007,IMP_INTERP_COMPOSITE,65,0.126953,0.9055
vib_ball_fault_007,IMP_INTERP_COMPOSITE,66,0.128906,0.807676
vib_ball_fault_007,IMP_INTERP_COMPOSITE,67,0.130859,1.16573
vib_ball_fault_007,IMP_INTERP_COMPOSITE,68,0.132812,0.499011
vib_ball_fault_007,IMP_INTERP_COMPOSITE,69,0.134766,0.42132
vib_ball_fault_007,IMP_INTERP_COMPOSITE,70,0.136719,0.297888
vib_ball_fault_007,IMP_INTERP_COMPOSITE,71,0.138672,0.734118
vib_ball_fault_007,IMP_INTERP_COMPOSITE,72,0.140625,0.925563
vib_ball_fault_007,IMP_INTERP_COMPOSITE,73,0.142578,1.32967
vib_ball_fault_007,IMP_INTERP_COMPOSITE,74,0.144531,0.235033
vib_ball_fault_007,IMP_INTERP_COMPOSITE,75,0.146484,0.429875
vib_ball_fault_007,IMP_INTERP_COMPOSITE,76,0.148438,0.976719
vib_ball_fault_007,IMP_INTERP_COMPOSITE,77,0.150391,0.640507
vib_ball_fault_007,IMP_INTERP_COMPOSITE,78,0.152344,1.64487
vib_ball_fault_007,IMP_INTERP_COMPOSITE,79,0.154297,0.453854
vib_ball_fault_007,IMP_INTERP_COMPOSITE,80,0.15625,1.05589
vib_ball_fault_007,IMP_INTERP_COMPOSITE,81,0.158203,1.42159
vib_ball_fault_007,IMP_INTERP_COMPOSITE,82,0.160156,1.83039
vib_ball_fault_007,IMP_INTERP_COMPOSITE,83,0.162109,2.9423
vib_ball_fault_007,IMP_INTERP_COMPOSITE,84,0.164062,1.19172
vib_ball_fault_007,IMP_INTERP_COMPOSITE,85,0.166016,2.11286
vib_ball_fault_007,IMP_INTERP_COMPOSITE,86,0.167969,1.12982
vib_ball_fault_007,IMP_INTERP_COMPOSITE,87,0.169922,0.76721
vib_ball_fault_007,IMP_INTERP_COMPOSITE,88,0.171875,1.24249
vib_ball_fault_007,IMP_INTERP_COMPOSITE,89,0.173828,1.98187
vib_ball_fault_007,IMP_INTERP_COMPOSITE,90,0.175781,0.54291
vib_ball_fault_007,IMP_INTERP_COMPOSITE,91,0.177734,1.10612
vib_ball_fault_007,IMP_INTERP_COMPOSITE,92,0.179688,1.74495
vib_ball_fault_007,IMP_INTERP_COMPOSITE,93,0.181641,0.641265
vib_ball_fault_007,IMP_INTERP_COMPOSITE,94,0.183594,0.23827
vib_ball_fault_007,IMP_INTERP_COMPOSITE,95,0.185547,2.77984
vib_ball_fault_007,IMP_INTERP_COMPOSITE,96,0.1875,0.685434
vib_ball_fault_007,IMP_INTERP_COMPOSITE,97,0.189453,1.76585
vib_ball_fault_007,IMP_INTERP_COMPOSITE,98,0.191406,3.26736
vib_ball_fault_007,IMP_INTERP_COMPOSITE,99,0.193359,1.71063
vib_ball_fault_007,IMP_INTERP_COMPOSITE,100,0.195312,0.214959
vib_ball_fault_007,IMP_INTERP_COMPOSITE,101,0.197266,0.799381
vib_ball_fault_007,IMP_INTERP_COMPOSITE,102,0.199219,0.70708
vib_ball_fault_007,IMP_INTERP_COMPOSITE,103,0.201172,0.699331
vib_ball_fault_007,IMP_INTERP_COMPOSITE,104,0.203125,1.30468
vib_ball_fault_007,IMP_INTERP_COMPOSITE,105,0.205078,1.95516
vib_ball_fault_007,IMP_INTERP_COMPOSITE,106,0.207031,1.54354
vib_ball_fault_007,IMP_INTERP_COMPOSITE,107,0.208984,0.954957
vib_ball_fault_007,IMP_INTERP_COMPOSITE,108,0.210938,1.15252
vib_ball_fault_007,IMP_INTERP_COMPOSITE,109,0.212891,2.6011
vib_ball_fault_007,IMP_INTERP_COMPOSITE,110,0.214844,5.32023
vib_ball_fault_007,IMP_INTERP_COMPOSITE,111,0.216797,3.74687
vib_ball_fault_007,IMP_INTERP_COMPOSITE,112,0.21875,1.82319
vib_ball_fault_007,IMP_INTERP_COMPOSITE,113,0.220703,1.74595
vib_ball_fault_007,IMP_INTERP_COMPOSITE,114,0.222656,0.497946
vib_ball_fault_007,IMP_INTERP_COMPOSITE,115,0.224609,3.41193
vib_ball_fault_007,IMP_INTERP_COMPOSITE,116,0.226562,1.78503
vib_ball_fault_007,IMP_INTERP_COMPOSITE,117,0.228516,3.37668
vib_ball_fault_007,IMP_INTERP_COMPOSITE,118,0.230469,1.93802
vib_ball_fault_007,IMP_INTERP_COMPOSITE,119,0.232422,5.4353
vib_ball_fault_007,IMP_INTERP_COMPOSITE,120,0.234375,5.10439
vib_ball_fault_007,IMP_INTERP_COMPOSITE,121,0.236328,3.77031
vib_ball_fault_007,IMP_INTERP_COMPOSITE,122,0.238281,0.928447
vib_ball_fault_007,IMP_INTERP_COMPOSITE,123,0.240234,4.28684
vib_ball_fault_007,IMP_INTERP_COMPOSITE,124,0.242188,3.76011
vib_ball_fault_007,IMP_INTERP_COMPOSITE,125,0.244141,4.10312
vib_ball_fault_007,IMP_INTERP_COMPOSITE,126,0.246094,3.61509
vib_ball_fault_007,IMP_INTERP_COMPOSITE,127,0.248047,2.37191
vib_ball_fault_007,IMP_INTERP_COMPOSITE,128,0.25,1.44781
vib_ball_fault_007,IMP_INTERP_COMPOSITE,129,0.251953,7.96843
vib_ball_fault_007,IMP_INTERP_COMPOSITE,130,0.253906,4.55834
vib_ball_fault_007,IMP_INTERP_COMPOSITE,131,0.255859,6.71987
vib_ball_fault_007,IMP_INTERP_COMPOSITE,132,0.257812,2.69249
vib_ball_fault_007,IMP_INTERP_COMPOSITE,133,0.259766,9.51166
vib_ball_fault_007,IMP_INTERP_COMPOSITE,134,0.261719,1.20156
vib_ball_fault_007,IMP_INTERP_COMPOSITE,135,0.263672,1.57828
vib_ball_fault_007,IMP_INTERP_COMPOSITE,136,0.265625,7.76093
vib_ball_fault_007,IMP_INTERP_COMPOSITE,137,0.267578,6.29141
vib_ball_fault_007,IMP_INTERP_COMPOSITE,138,0.269531,10.5643
vib_ball_fault_007,IMP_INTERP_COMPOSITE,139,0.271484,16.8199
vib_ball_fault_007,IMP_INTERP_COMPOSITE,140,0.273438,9.56757
vib_ball_fault_007,IMP_INTERP_COMPOSITE,141,0.275391,12.0512
vib_ball_fault_007,IMP_INTERP_COMPOSITE,142,0.277344,7.61357
vib_ball_fault_007,IMP_INTERP_COMPOSITE,143,0.279297,9.80872
vib_ball_fault_007,IMP_INTERP_COMPOSITE,144,0.28125,13.33
vib_ball_fault_007,IMP_INTERP_COMPOSITE,145,0.283203,4.77663
vib_ball_fault_007,IMP_INTERP_COMPOSITE,146,0.285156,7.06552
vib_ball_fault_007,IMP_INTERP_COMPOSITE,147,0.287109,2.52357
vib_ball_fault_007,IMP_INTERP_COMPOSITE,148,0.289062,8.42907
vib_ball_fault_007,IMP_INTERP_COMPOSITE,149,0.291016,3.21115
vib_ball_fault_007,IMP_INTERP_COMPOSITE,150,0.292969,3.6591
vib_ball_fault_007,IMP_INTERP_COMPOSITE,151,0.294922,3.30661
vib_ball_fault_007,IMP_INTERP_COMPOSITE,152,0.296875,1.62093
vib_ball_fault_007,IMP_INTERP_COMPOSITE,153,0.298828,1.58286
vib_ball_fault_007,IMP_INTERP_COMPOSITE,154,0.300781,1.98312
vib_ball_fault_007,IMP_INTERP_COMPOSITE,155,0.302734,0.936813
vib_ball_fault_007,IMP_INTERP_COMPOSITE,156,0.304688,1.03886
vib_ball_fault_007,IMP_INTERP_COMPOSITE,157,0.306641,2.11573
vib_ball_fault_007,IMP_INTERP_COMPOSITE,158,0.308594,0.446823
vib_ball_fault_007,IMP_INTERP_COMPOSITE,159,0.310547,0.695
vib_ball_fault_007,IMP_INTERP_COMPOSITE,160,0.3125,0.953339
vib_ball_fault_007,IMP_INTERP_COMPOSITE,161,0.314453,1.17583
vib_ball_fault_007,IMP_INTERP_COMPOSITE,162,0.316406,0.0388298
vib_ball_fault_007,IMP_INTERP_COMPOSITE,163,0.318359,2.19414
vib_ball_fault_007,IMP_INTERP_COMPOSITE,164,0.320312,0.898376
vib_ball_fault_007,IMP_INTERP_COMPOSITE,165,0.322266,0.431896
vib_ball_fault_007,IMP_INTERP_COMPOSITE,166,0.324219,0.308882
vib_ball_fault_007,IMP_INTERP_COMPOSITE,167,0.326172,0.889626
vib_ball_fault_007,IMP_INTERP_COMPOSITE,168,0.328125,0.426875
vib_ball_fault_007,IMP_INTERP_COMPOSITE,169,0.330078,0.597276
vib_ball_fault_007,IMP_INTERP_COMPOSITE,170,0.332031,0.885632
vib_ball_fault_007,IMP_INTERP_COMPOSITE,171,0.333984,0.668304
vib_ball_fault_007,IMP_INTERP_COMPOSITE,172,0.335938,1.79106
vib_ball_fault_007,IMP_INTERP_COMPOSITE,173,0.337891,1.7498
vib_ball_fault_007,IMP_INTERP_COMPOSITE,174,0.339844,0.225757
vib_ball_fault_007,IMP_INTERP_COMPOSITE,175,0.341797,0.466401
vib_ball_fault_007,IMP_INTERP_COMPOSITE,176,0.34375,0.345967
vib_ball_fault_007,IMP_INTERP_COMPOSITE,177,0.345703,0.754647
vib_ball_fault_007,IMP_INTERP_COMPOSITE,178,0.347656,1.38248
vib_ball_fault_007,IMP_INTERP_COMPOSITE,179,0.349609,0.371854
vib_ball_fault_007,IMP_INTERP_COMPOSITE,180,0.351562,1.56968
vib_ball_fault_007,IMP_INTERP_COMPOSITE,181,0.353516,0.538287
vib_ball_fault_007,IMP_INTERP_COMPOSITE,182,0.355469,1.35259
vib_ball_fault_007,IMP_INTERP_COMPOSITE,183,0.357422,0.312135
vib_ball_fault_007,IMP_INTERP_COMPOSITE,184,0.359375,0.535226
vib_ball_fault_007,IMP_INTERP_COMPOSITE,185,0.361328,0.595688
vib_ball_fault_007,IMP_INTERP_COMPOSITE,186,0.363281,0.481696
vib_ball_fault_007,IMP_INTERP_COMPOSITE,187,0.365234,0.0928915
vib_ball_fault_007,IMP_INTERP_COMPOSITE,188,0.367188,0.902061
vib_ball_fault_007,IMP_INTERP_COMPOSITE,189,0.369141,0.44558
vib_ball_fault_007,IMP_INTERP_COMPOSITE,190,0.371094,1.02818
vib_ball_fault_007,IMP_INTERP_COMPOSITE,191,0.373047,1.2913
vib_ball_fault_007,IMP_INTERP_COMPOSITE,192,0.375,1.43031
vib_ball_fault_007,IMP_INTERP_COMPOSITE,193,0.376953,1.13611
vib_ball_fault_007,IMP_INTERP_COMPOSITE,194,0.378906,0.622012
vib_ball_fault_007,IMP_INTERP_COMPOSITE,195,0.380859,0.888621
vib_ball_fault_007,IMP_INTERP_COMPOSITE,196,0.382812,0.888467
vib_ball_fault_007,IMP_INTERP_COMPOSITE,197,0.384766,0.448817
vib_ball_fault_007,IMP_INTERP_COMPOSITE,198,0.386719,0.220078
vib_ball_fault_007,IMP_INTERP_COMPOSITE,199,0.388672,0.654693
vib_ball_fault_007,IMP_INTERP_COMPOSITE,200,0.390625,0.173046
vib_ball_fault_007,IMP_INTERP_COMPOSITE,201,0.392578,0.492205
vib_ball_fault_007,IMP_INTERP_COMPOSITE,202,0.394531,0.612114
vib_ball_fault_007,IMP_INTERP_COMPOSITE,203,0.396484,0.988085
vib_ball_fault_007,IMP_INTERP_COMPOSITE,204,0.398438,0.315879
vib_ball_fault_007,IMP_INTERP_COMPOSITE,205,0.400391,0.384265
vib_ball_fault_007,IMP_INTERP_COMPOSITE,206,0.402344,0.762027
vib_ball_fault_007,IMP_INTERP_COMPOSITE,207,0.404297,1.20668
vib_ball_fault_007,IMP_INTERP_COMPOSITE,208,0.40625,0.621214
vib_ball_fault_007,IMP_INTERP_COMPOSITE,209,0.408203,0.371435
vib_ball_fault_007,IMP_INTERP_COMPOSITE,210,0.410156,1.0618
vib_ball_fault_007,IMP_INTERP_COMPOSITE,211,0.412109,0.780808
vib_ball_fault_007,IMP_INTERP_COMPOSITE,212,0.414062,0.50275
vib_ball_fault_007,IMP_INTERP_COMPOSITE,213,0.416016,0.783374
vib_ball_fault_007,IMP_INTERP_COMPOSITE,214,0.417969,0.289634
vib_ball_fault_007,IMP_INTERP_COMPOSITE,215,0.419922,0.712882
vib_ball_fault_007,IMP_INTERP_COMPOSITE,216,0.421875,0.416117
vib_ball_fault_007,IMP_INTERP_COMPOSITE,217,0.423828,0.54376
vib_ball_fault_007,IMP_INTERP_COMPOSITE,218,0.425781,0.245455
vib_ball_fault_007,IMP_INTERP_COMPOSITE,219,0.427734,0.598731
vib_ball_fault_007,IMP_INTERP_COMPOSITE,220,0.429688,0.636417
vib_ball_fault_007,IMP_INTERP_COMPOSITE,221,0.431641,0.889412
vib_ball_fault_007,IMP_INTERP_COMPOSITE,222,0.433594,0.426216
vib_ball_fault_007,IMP_INTERP_COMPOSITE,223,0.435547,0.251645
vib_ball_fault_007,IMP_INTERP_COMPOSITE,224,0.4375,0.458776
vib_ball_fault_007,IMP_INTERP_COMPOSITE,225,0.439453,0.664778
vib_ball_fault_007,IMP_INTERP_COMPOSITE,226,0.441406,1.55351
vib_ball_fault_007,IMP_INTERP_COMPOSITE,227,0.443359,0.491472
vib_ball_fault_007,IMP_INTERP_COMPOSITE,228,0.445312,0.44867
vib_ball_fault_007,IMP_INTERP_COMPOSITE,229,0.447266,0.712083
vib_ball_fault_007,IMP_INTERP_COMPOSITE,230,0.449219,0.317872
vib_ball_fault_007,IMP_INTERP_COMPOSITE,231,0.451172,0.314368
vib_ball_fault_007,IMP_INTERP_COMPOSITE,232,0.453125,0.716733
vib_ball_fault_007,IMP_INTERP_COMPOSITE,233,0.455078,0.675689
vib_ball_fault_007,IMP_INTERP_COMPOSITE,234,0.457031,0.254635
vib_ball_fault_007,IMP_INTERP_COMPOSITE,235,0.458984,0.151899
vib_ball_fault_007,IMP_INTERP_COMPOSITE,236,0.460938,0.552087
vib_ball_fault_007,IMP_INTERP_COMPOSITE,237,0.462891,0.814484
vib_ball_fault_007,IMP_INTERP_COMPOSITE,238,0.464844,0.259429
vib_ball_fault_007,IMP_INTERP_COMPOSITE,239,0.466797,0.658954
vib_ball_fault_007,IMP_INTERP_COMPOSITE,240,0.46875,0.124532
vib_ball_fault_007,IMP_INTERP_COMPOSITE,241,0.470703,0.188558
vib_ball_fault_007,IMP_INTERP_COMPOSITE,242,0.472656,0.762493
vib_ball_fault_007,IMP_INTERP_COMPOSITE,243,0.474609,0.841788
vib_ball_fault_007,IMP_INTERP_COMPOSITE,244,0.476562,0.307159
vib_ball_fault_007,IMP_INTERP_COMPOSITE,245,0.478516,0.507831
vib_ball_fault_007,IMP_INTERP_COMPOSITE,246,0.480469,0.132116
vib_ball_fault_007,IMP_INTERP_COMPOSITE,247,0.482422,0.363229
vib_ball_fault_007,IMP_INTERP_COMPOSITE,248,0.484375,1.22735
vib_ball_fault_007,IMP_INTERP_COMPOSITE,249,0.486328,0.680769
vib_ball_fault_007,IMP_INTERP_COMPOSITE,250,0.488281,0.385845
vib_ball_fault_007,IMP_INTERP_COMPOSITE,251,0.490234,0.27665
vib_ball_fault_007,IMP_INTERP_COMPOSITE,252,0.492188,0.667528
vib_ball_fault_007,IMP_INTERP_COMPOSITE,253,0.494141,0.540722
vib_ball_fault_007,IMP_INTERP_COMPOSITE,254,0.496094,0.761446
vib_ball_fault_007,IMP_INTERP_COMPOSITE,255,0.498047,0.555663
