signal,domain,buffer_size,overload,retained,decimation,bits_per_index,bits_per_survivor,CR,bits_per_sample,snr_db,PRD_pct,CR_v3_float32
ecg_100,ecg,64,2,1063,1.881467544684854,3.261168384879725,19.261168384879724,1.5629104171369637,10.237310996563574,43.78121,0.6470524709207306,0.6271558482282847
ecg_100,ecg,64,3,730,2.73972602739726,3.261168384879725,19.261168384879724,2.2758544841323185,7.030326460481099,37.78465,1.2905282030393068,0.91324200913242
ecg_100,ecg,64,4,563,3.552397868561279,3.261168384879725,19.261168384879724,2.950930325784356,5.422018900343643,34.546664,1.8735565239406993,1.1841326228537596
ecg_100,ecg,64,5,463,4.319654427645788,3.423209731176752,19.42320973117675,3.5583444651475387,4.496473052767418,32.942614,2.2535609057318893,1.4398848092152627
ecg_100,ecg,64,6,397,5.037783375314861,3.6527698666530437,19.652769866653045,4.1014337699953485,3.90107481853063,31.656476,2.613221363748476,1.6792611251049538
ecg_100,ecg,64,10,263,7.604562737642586,4.438058143935553,20.438058143935553,5.953256564072579,2.687604645927525,29.370975,3.3997834074543474,2.534854245880862
ecg_100,ecg,64,20,163,12.269938650306749,5.204771457820872,21.204771457820872,9.25824731454488,1.728188873812401,26.43616,4.766416617658057,4.08997955010225
ecg_100,ecg,64,30,130,15.384615384615385,5.593155876895067,21.593155876895068,11.399623452782725,1.4035551319981794,23.401827,6.759407822776844,5.128205128205129
ecg_100,ecg,64,50,103,19.41747572815534,5.942266245376491,21.94226624537649,14.158957337232634,1.1300267116368894,21.179143,8.730575050307388,6.472491909385114
ecg_100,ecg,128,2,1127,1.774622892635315,3.261168384879725,19.261168384879724,1.474155965764501,10.853668384879724,44.466593,0.5979575447736539,0.5915409642117717
ecg_100,ecg,128,3,794,2.5188916876574305,3.261168384879725,19.261168384879724,2.092410293975557,7.646683848797251,38.571053,1.1788196049774118,0.8396305625524769
ecg_100,ecg,128,4,627,3.189792663476874,3.261168384879725,19.261168384879724,2.6497189368685685,6.038376288659793,35.255817,1.7266692309559253,1.063264221158958
ecg_100,ecg,128,5,527,3.795066413662239,3.261168384879725,19.261168384879724,3.152511904016304,5.075317869415808,33.681893,2.0696902320098034,1.2650221378874131
ecg_100,ecg,128,6,461,4.3383947939262475,3.4317906302274106,19.43179063022741,3.5722038191807957,4.479027740267418,32.481782,2.3763527033011584,1.4461315979754157
ecg_100,ecg,128,10,327,6.116207951070336,3.9866361749789636,19.986636174978962,4.896237984240407,3.2678150146090603,30.705964,2.915424506109127,2.038735983690112
ecg_100,ecg,128,20,227,8.810572687224669,4.716132881209264,20.716132881209262,6.80480106031092,2.3512810820172514,27.844159,4.053144152875138,2.9368575624082234
ecg_100,ecg,128,30,194,10.309278350515465,4.899383674139066,20.899383674139067,7.89250325177555,2.0272402163914895,27.463104,4.234915995359677,3.4364261168384878
ecg_100,ecg,128,50,167,11.976047904191617,5.163190105537737,21.163190105537737,9.054247753363319,1.767126373812401,24.828226,5.735730007307323,3.992015968063872
ecg_100,ecg,256,2,1255,1.593625498007968,3.261168384879725,19.261168384879724,1.323803803519197,12.086383161512027,46.10275,0.49529335340313424,0.5312084993359893
ecg_100,ecg,256,3,922,2.1691973969631237,3.261168384879725,19.261168384879724,1.8019238323390374,8.879398625429552,40.277051,0.9686066580660087,0.7230657989877078
ecg_100,ecg,256,4,755,2.6490066225165565,3.261168384879725,19.261168384879724,2.200495064127937,7.2710910652920955,37.272542,1.3689037083674955,0.8830022075055187
ecg_100,ecg,256,5,655,3.053435114503817,3.261168384879725,19.261168384879724,2.536448509032965,6.30803264604811,35.368985,1.7043184678480527,1.0178117048346056
ecg_100,ecg,256,6,589,3.395585738539898,3.261168384879725,19.261168384879724,2.820668545698799,5.672414089347079,33.898111,2.018805364041995,1.1318619128466327
ecg_100,ecg,256,10,455,4.395604395604396,3.4579859462304094,19.45798594623041,3.6144373073357716,4.426691802767419,32.698917,2.317683612294774,1.465201465201465
ecg_100,ecg,256,20,355,5.633802816901408,3.8372897812827493,19.83728978128275,4.544010097360876,3.521118936177688,30.418531,3.01351564154685,1.8779342723004695
ecg_100,ecg,256,30,322,6.211180124223603,4.016038332123016,20.016038332123017,4.96496261341027,3.2225821714718057,30.050248,3.1440366502694004,2.070393374741201
ecg_100,ecg,256,50,295,6.779661016949152,4.192032668004265,20.192032668004266,5.372147423427669,2.9783248185306292,28.195661,3.8923953942687133,2.2598870056497176
ecg_100,ecg,512,2,1511,1.3236267372600927,3.261168384879725,19.261168384879724,1.0995193735384463,14.551812714776633,50.173689,0.30996706421721787,0.4412089124200309
ecg_100,ecg,512,3,1178,1.697792869269949,3.261168384879725,19.261168384879724,1.4103342728493995,11.344828178694158,44.279193,0.610998789743591,0.5659309564233164
ecg_100,ecg,512,4,1011,1.9782393669634026,3.261168384879725,19.261168384879724,1.6432975009066195,9.7365206185567,41.635397,0.8283810396274244,0.6594131223211341
ecg_100,ecg,512,5,911,2.1953896816684964,3.261168384879725,19.261168384879724,1.8236814197767204,8.773462199312714,40.070641,0.9919001364383137,0.7317965605561654
ecg_100,ecg,512,6,845,2.366863905325444,3.261168384879725,19.261168384879724,1.9661228087770326,8.137843642611683,39.056836,1.1147005104424166,0.7889546351084813
ecg_100,ecg,512,10,711,2.8129395218002813,3.261168384879725,19.261168384879724,2.336671973862999,6.847345360824741,36.665308,1.468028882088989,0.9376465072667605
ecg_100,ecg,512,20,611,3.2733224222585924,3.261168384879725,19.261168384879724,2.7191060121384494,5.884286941580755,35.02732,1.7726949194027768,1.0911074740861975
ecg_100,ecg,512,30,578,3.4602076124567476,3.261168384879725,19.261168384879724,2.874349088956042,5.56647766323024,34.434443,1.8979197712099483,1.1534025374855825
ecg_100,ecg,512,50,551,3.629764065335753,3.261168384879725,19.261168384879724,3.0151974109194057,5.306451890034364,33.219023,2.1829754419098024,1.2099213551119177
ecg_101,ecg,64,2,1063,1.881467544684854,3.261168384879725,19.261168384879724,1.5629104171369637,10.237310996563574,44.174494,0.6184082859657399,0.6271558482282847
ecg_101,ecg,64,3,730,2.73972602739726,3.261168384879725,19.261168384879724,2.2758544841323185,7.030326460481099,38.485965,1.1904242081811112,0.91324200913242
ecg_101,ecg,64,4,563,3.552397868561279,3.261168384879725,19.261168384879724,2.950930325784356,5.422018900343643,34.832997,1.8128010747571772,1.1841326228537596
ecg_101,ecg,64,5,463,4.319654427645788,3.423209731176752,19.42320973117675,3.5583444651475387,4.496473052767418,32.79355,2.29256944551194,1.4398848092152627
ecg_101,ecg,64,6,397,5.037783375314861,3.6527698666530437,19.652769866653045,4.1014337699953485,3.90107481853063,31.336561,2.711264889179923,1.6792611251049538
ecg_101,ecg,64,10,263,7.604562737642586,4.438058143935553,20.438058143935553,5.953256564072579,2.687604645927525,29.21499,3.461389723744559,2.534854245880862
ecg_101,ecg,64,20,163,12.269938650306749,5.204771457820872,21.204771457820872,9.25824731454488,1.728188873812401,25.655508,5.214643221908955,4.08997955010225
ecg_101,ecg,64,30,130,15.384615384615385,5.593155876895067,21.593155876895068,11.399623452782725,1.4035551319981794,23.371026,6.7834198823593885,5.128205128205129
ecg_101,ecg,64,50,103,19.41747572815534,5.942266245376491,21.94226624537649,14.158957337232634,1.1300267116368894,19.49213,10.60213915202934,6.472491909385114
ecg_101,ecg,128,2,1127,1.774622892635315,3.261168384879725,19.261168384879724,1.474155965764501,10.853668384879724,44.755783,0.5783767812180115,0.5915409642117717
ecg_101,ecg,128,3,794,2.5188916876574305,3.261168384879725,19.261168384879724,2.092410293975557,7.646683848797251,39.148268,1.1030281600045395,0.8396305625524769
ecg_101,ecg,128,4,627,3.189792663476874,3.261168384879725,19.261168384879724,2.6497189368685685,6.038376288659793,35.742709,1.6325427026583679,1.063264221158958
ecg_101,ecg,128,5,527,3.795066413662239,3.261168384879725,19.261168384879724,3.152511904016304,5.075317869415808,33.523235,2.107842952076438,1.2650221378874131
ecg_101,ecg,128,6,461,4.3383947939262475,3.4317906302274106,19.43179063022741,3.5722038191807957,4.479027740267418,32.341415,2.415067368854347,1.4461315979754157
ecg_101,ecg,128,10,327,6.116207951070336,3.9866361749789636,19.986636174978962,4.896237984240407,3.2678150146090603,29.945405,3.1822166959748097,2.038735983690112
ecg_101,ecg,128,20,227,8.810572687224669,4.716132881209264,20.716132881209262,6.80480106031092,2.3512810820172514,27.563694,4.186154953316572,2.9368575624082234
ecg_101,ecg,128,30,194,10.309278350515465,4.899383674139066,20.899383674139067,7.89250325177555,2.0272402163914895,26.076603,4.967865737494439,3.4364261168384878
ecg_101,ecg,128,50,167,11.976047904191617,5.163190105537737,21.163190105537737,9.054247753363319,1.767126373812401,23.609981,6.599346778399494,3.992015968063872
ecg_101,ecg,256,2,1255,1.593625498007968,3.261168384879725,19.261168384879724,1.323803803519197,12.086383161512027,46.25419,0.48673267278341903,0.5312084993359893
ecg_101,ecg,256,3,922,2.1691973969631237,3.261168384879725,19.261168384879724,1.8019238323390374,8.879398625429552,40.738079,0.9185357204103979,0.7230657989877078
ecg_101,ecg,256,4,755,2.6490066225165565,3.261168384879725,19.261168384879724,2.200495064127937,7.2710910652920955,37.575966,1.3219094279067998,0.8830022075055187
ecg_101,ecg,256,5,655,3.053435114503817,3.261168384879725,19.261168384879724,2.536448509032965,6.30803264604811,35.513344,1.6762268771889757,1.0178117048346056
ecg_101,ecg,256,6,589,3.395585738539898,3.261168384879725,19.261168384879724,2.820668545698799,5.672414089347079,34.442742,1.8961072552093468,1.1318619128466327
ecg_101,ecg,256,10,455,4.395604395604396,3.4579859462304094,19.45798594623041,3.6144373073357716,4.426691802767419,31.7086,2.5975863891208983,1.465201465201465
ecg_101,ecg,256,20,355,5.633802816901408,3.8372897812827493,19.83728978128275,4.544010097360876,3.521118936177688,30.151889,3.1074600214455748,1.8779342723004695
ecg_101,ecg,256,30,322,6.211180124223603,4.016038332123016,20.016038332123017,4.96496261341027,3.2225821714718057,29.284947,3.4336233209798848,2.070393374741201
ecg_101,ecg,256,50,295,6.779661016949152,4.192032668004265,20.192032668004266,5.372147423427669,2.9783248185306292,28.533431,3.743936291679713,2.2598870056497176
ecg_101,ecg,512,2,1511,1.3236267372600927,3.261168384879725,19.261168384879724,1.0995193735384463,14.551812714776633,50.528112,0.2975736006567359,0.4412089124200309
ecg_101,ecg,512,3,1178,1.697792869269949,3.261168384879725,19.261168384879724,1.4103342728493995,11.344828178694158,44.759997,0.5780962470730536,0.5659309564233164
ecg_101,ecg,512,4,1011,1.9782393669634026,3.261168384879725,19.261168384879724,1.6432975009066195,9.7365206185567,42.151755,0.7805707084540705,0.6594131223211341
ecg_101,ecg,512,5,911,2.1953896816684964,3.261168384879725,19.261168384879724,1.8236814197767204,8.773462199312714,40.664733,0.9263249251148605,0.7317965605561654
ecg_101,ecg,512,6,845,2.366863905325444,3.261168384879725,19.261168384879724,1.9661228087770326,8.137843642611683,39.308825,1.0828261865618118,0.7889546351084813
ecg_101,ecg,512,10,711,2.8129395218002813,3.261168384879725,19.261168384879724,2.336671973862999,6.847345360824741,37.337324,1.3587319882581346,0.9376465072667605
ecg_101,ecg,512,20,611,3.2733224222585924,3.261168384879725,19.261168384879724,2.7191060121384494,5.884286941580755,35.161785,1.7454634133455418,1.0911074740861975
ecg_101,ecg,512,30,578,3.4602076124567476,3.261168384879725,19.261168384879724,2.874349088956042,5.56647766323024,34.97297,1.783821935080589,1.1534025374855825
ecg_101,ecg,512,50,551,3.629764065335753,3.261168384879725,19.261168384879724,3.0151974109194057,5.306451890034364,34.284319,1.9310078976112872,1.2099213551119177
ecg_105,ecg,64,2,1063,1.881467544684854,3.261168384879725,19.261168384879724,1.5629104171369637,10.237310996563574,43.797519,0.6458386772611611,0.6271558482282847
ecg_105,ecg,64,3,730,2.73972602739726,3.261168384879725,19.261168384879724,2.2758544841323185,7.030326460481099,38.11987,1.2416708912970924,0.91324200913242
ecg_105,ecg,64,4,563,3.552397868561279,3.261168384879725,19.261168384879724,2.950930325784356,5.422018900343643,34.785353,1.8227720055864312,1.1841326228537596
ecg_105,ecg,64,5,463,4.319654427645788,3.423209731176752,19.42320973117675,3.5583444651475387,4.496473052767418,32.892231,2.266670800341268,1.4398848092152627
ecg_105,ecg,64,6,397,5.037783375314861,3.6527698666530437,19.652769866653045,4.1014337699953485,3.90107481853063,31.706334,2.59826414337121,1.6792611251049538
ecg_105,ecg,64,10,263,7.604562737642586,4.438058143935553,20.438058143935553,5.953256564072579,2.687604645927525,28.91211,3.5842186888228453,2.534854245880862
ecg_105,ecg,64,20,163,12.269938650306749,5.204771457820872,21.204771457820872,9.25824731454488,1.728188873812401,24.51912,5.943523716293978,4.08997955010225
ecg_105,ecg,64,30,130,15.384615384615385,5.593155876895067,21.593155876895068,11.399623452782725,1.4035551319981794,21.222907,8.686696536251807,5.128205128205129
ecg_105,ecg,64,50,103,19.41747572815534,5.942266245376491,21.94226624537649,14.158957337232634,1.1300267116368894,14.790203,18.217544959351653,6.472491909385114
ecg_105,ecg,128,2,1127,1.774622892635315,3.261168384879725,19.261168384879724,1.474155965764501,10.853668384879724,44.635502,0.58644177558166,0.5915409642117717
ecg_105,ecg,128,3,794,2.5188916876574305,3.261168384879725,19.261168384879724,2.092410293975557,7.646683848797251,38.622837,1.171812563629556,0.8396305625524769
ecg_105,ecg,128,4,627,3.189792663476874,3.261168384879725,19.261168384879724,2.6497189368685685,6.038376288659793,35.681981,1.6439967323876383,1.063264221158958
ecg_105,ecg,128,5,527,3.795066413662239,3.261168384879725,19.261168384879724,3.152511904016304,5.075317869415808,33.607451,2.0875046424774624,1.2650221378874131
ecg_105,ecg,128,6,461,4.3383947939262475,3.4317906302274106,19.43179063022741,3.5722038191807957,4.479027740267418,32.748541,2.3044800353144796,1.4461315979754157
ecg_105,ecg,128,10,327,6.116207951070336,3.9866361749789636,19.986636174978962,4.896237984240407,3.2678150146090603,29.808054,3.2329374345118977,2.038735983690112
ecg_105,ecg,128,20,227,8.810572687224669,4.716132881209264,20.716132881209262,6.80480106031092,2.3512810820172514,27.031968,4.450426162441073,2.9368575624082234
ecg_105,ecg,128,30,194,10.309278350515465,4.899383674139066,20.899383674139067,7.89250325177555,2.0272402163914895,25.7782,5.141501892535226,3.4364261168384878
ecg_105,ecg,128,50,167,11.976047904191617,5.163190105537737,21.163190105537737,9.054247753363319,1.767126373812401,20.448183,9.497096480480426,3.992015968063872
ecg_105,ecg,256,2,1255,1.593625498007968,3.261168384879725,19.261168384879724,1.323803803519197,12.086383161512027,46.36463,0.48058310608167154,0.5312084993359893
ecg_105,ecg,256,3,922,2.1691973969631237,3.261168384879725,19.261168384879724,1.8019238323390374,8.879398625429552,40.543989,0.9392918411573106,0.7230657989877078
ecg_105,ecg,256,4,755,2.6490066225165565,3.261168384879725,19.261168384879724,2.200495064127937,7.2710910652920955,37.456173,1.3402670785691517,0.8830022075055187
ecg_105,ecg,256,5,655,3.053435114503817,3.261168384879725,19.261168384879724,2.536448509032965,6.30803264604811,35.460988,1.6863611947654666,1.0178117048346056
ecg_105,ecg,256,6,589,3.395585738539898,3.261168384879725,19.261168384879724,2.820668545698799,5.672414089347079,34.522692,1.8787344542381073,1.1318619128466327
ecg_105,ecg,256,10,455,4.395604395604396,3.4579859462304094,19.45798594623041,3.6144373073357716,4.426691802767419,32.226829,2.4471385017560516,1.465201465201465
ecg_105,ecg,256,20,355,5.633802816901408,3.8372897812827493,19.83728978128275,4.544010097360876,3.521118936177688,29.124149,3.497780481904654,1.8779342723004695
ecg_105,ecg,256,30,322,6.211180124223603,4.016038332123016,20.016038332123017,4.96496261341027,3.2225821714718057,28.828224,3.619001807371854,2.070393374741201
ecg_105,ecg,256,50,295,6.779661016949152,4.192032668004265,20.192032668004266,5.372147423427669,2.9783248185306292,27.30849,4.31097495710405,2.2598870056497176
ecg_105,ecg,512,2,1511,1.3236267372600927,3.261168384879725,19.261168384879724,1.0995193735384463,14.551812714776633,50.745742,0.2902103520289916,0.4412089124200309
ecg_105,ecg,512,3,1178,1.697792869269949,3.261168384879725,19.261168384879724,1.4103342728493995,11.344828178694158,44.353982,0.605760429207135,0.5659309564233164
ecg_105,ecg,512,4,1011,1.9782393669634026,3.261168384879725,19.261168384879724,1.6432975009066195,9.7365206185567,41.681053,0.8240382098944529,0.6594131223211341
ecg_105,ecg,512,5,911,2.1953896816684964,3.261168384879725,19.261168384879724,1.8236814197767204,8.773462199312714,40.370044,0.9582918618872567,0.7317965605561654
ecg_105,ecg,512,6,845,2.366863905325444,3.261168384879725,19.261168384879724,1.9661228087770326,8.137843642611683,38.972989,1.1255130891710967,0.7889546351084813
ecg_105,ecg,512,10,711,2.8129395218002813,3.261168384879725,19.261168384879724,2.336671973862999,6.847345360824741,37.082626,1.399164250102203,0.9376465072667605
ecg_105,ecg,512,20,611,3.2733224222585924,3.261168384879725,19.261168384879724,2.7191060121384494,5.884286941580755,35.394682,1.6992837330306039,1.0911074740861975
ecg_105,ecg,512,30,578,3.4602076124567476,3.261168384879725,19.261168384879724,2.874349088956042,5.56647766323024,34.77016,1.8259631132816114,1.1534025374855825
ecg_105,ecg,512,50,551,3.629764065335753,3.261168384879725,19.261168384879724,3.0151974109194057,5.306451890034364,34.192426,1.951545584263533,1.2099213551119177
ecg_106,ecg,64,2,1063,1.881467544684854,3.261168384879725,19.261168384879724,1.5629104171369637,10.237310996563574,41.761073,0.8164815021553751,0.6271558482282847
ecg_106,ecg,64,3,730,2.73972602739726,3.261168384879725,19.261168384879724,2.2758544841323185,7.030326460481099,35.54833,1.6694887620404306,0.91324200913242
ecg_106,ecg,64,4,563,3.552397868561279,3.261168384879725,19.261168384879724,2.950930325784356,5.422018900343643,32.003802,2.5107871656020535,1.1841326228537596
ecg_106,ecg,64,5,463,4.319654427645788,3.423209731176752,19.42320973117675,3.5583444651475387,4.496473052767418,29.899985,3.198900633992313,1.4398848092152627
ecg_106,ecg,64,6,397,5.037783375314861,3.6527698666530437,19.652769866653045,4.1014337699953485,3.90107481853063,28.560517,3.7322794192644726,1.6792611251049538
ecg_106,ecg,64,10,263,7.604562737642586,4.438058143935553,20.438058143935553,5.953256564072579,2.687604645927525,25.432407,5.350318672729825,2.534854245880862
ecg_106,ecg,64,20,163,12.269938650306749,5.204771457820872,21.204771457820872,9.25824731454488,1.728188873812401,21.671529,8.249422559414057,4.08997955010225
ecg_106,ecg,64,30,130,15.384615384615385,5.593155876895067,21.593155876895068,11.399623452782725,1.4035551319981794,18.834604,11.435885542059934,5.128205128205129
ecg_106,ecg,64,50,103,19.41747572815534,5.942266245376491,21.94226624537649,14.158957337232634,1.1300267116368894,14.105766,19.711138068157833,6.472491909385114
ecg_106,ecg,128,2,1127,1.774622892635315,3.261168384879725,19.261168384879724,1.474155965764501,10.853668384879724,42.58484,0.7426052239497767,0.5915409642117717
ecg_106,ecg,128,3,794,2.5188916876574305,3.261168384879725,19.261168384879724,2.092410293975557,7.646683848797251,36.554116,1.4869425866277077,0.8396305625524769
ecg_106,ecg,128,4,627,3.189792663476874,3.261168384879725,19.261168384879724,2.6497189368685685,6.038376288659793,33.29959,2.1628206129268372,1.063264221158958
ecg_106,ecg,128,5,527,3.795066413662239,3.261168384879725,19.261168384879724,3.152511904016304,5.075317869415808,30.947411,2.8354986836141802,1.2650221378874131
ecg_106,ecg,128,6,461,4.3383947939262475,3.4317906302274106,19.43179063022741,3.5722038191807957,4.479027740267418,29.465257,3.3630796258799127,1.4461315979754157
ecg_106,ecg,128,10,327,6.116207951070336,3.9866361749789636,19.986636174978962,4.896237984240407,3.2678150146090603,26.548596,4.705114537442488,2.038735983690112
ecg_106,ecg,128,20,227,8.810572687224669,4.716132881209264,20.716132881209262,6.80480106031092,2.3512810820172514,23.682269,6.544651869205942,2.9368575624082234
ecg_106,ecg,128,30,194,10.309278350515465,4.899383674139066,20.899383674139067,7.89250325177555,2.0272402163914895,20.892218,9.02379249472338,3.4364261168384878
ecg_106,ecg,128,50,167,11.976047904191617,5.163190105537737,21.163190105537737,9.054247753363319,1.767126373812401,18.769547,11.521861488595041,3.992015968063872
ecg_106,ecg,256,2,1255,1.593625498007968,3.261168384879725,19.261168384879724,1.323803803519197,12.086383161512027,44.09934,0.6237822319667421,0.5312084993359893
ecg_106,ecg,256,3,922,2.1691973969631237,3.261168384879725,19.261168384879724,1.8019238323390374,8.879398625429552,38.39347,1.2031686296869228,0.7230657989877078
ecg_106,ecg,256,4,755,2.6490066225165565,3.261168384879725,19.261168384879724,2.200495064127937,7.2710910652920955,35.418855,1.6945611678555486,0.8830022075055187
ecg_106,ecg,256,5,655,3.053435114503817,3.261168384879725,19.261168384879724,2.536448509032965,6.30803264604811,33.077774,2.2187649669729583,1.0178117048346056
ecg_106,ecg,256,6,589,3.395585738539898,3.261168384879725,19.261168384879724,2.820668545698799,5.672414089347079,31.58593,2.634532133200939,1.1318619128466327
ecg_106,ecg,256,10,455,4.395604395604396,3.4579859462304094,19.45798594623041,3.6144373073357716,4.426691802767419,29.198892,3.4678108414087596,1.465201465201465
ecg_106,ecg,256,20,355,5.633802816901408,3.8372897812827493,19.83728978128275,4.544010097360876,3.521118936177688,26.136116,4.933943818651756,1.8779342723004695
ecg_106,ecg,256,30,322,6.211180124223603,4.016038332123016,20.016038332123017,4.96496261341027,3.2225821714718057,25.387756,5.377893530813705,2.070393374741201
ecg_106,ecg,256,50,295,6.779661016949152,4.192032668004265,20.192032668004266,5.372147423427669,2.9783248185306292,24.940026,5.6623759408240035,2.2598870056497176
ecg_106,ecg,512,2,1511,1.3236267372600927,3.261168384879725,19.261168384879724,1.0995193735384463,14.551812714776633,48.870458,0.3601447597494789,0.4412089124200309
ecg_106,ecg,512,3,1178,1.697792869269949,3.261168384879725,19.261168384879724,1.4103342728493995,11.344828178694158,42.466802,0.7527658350094538,0.5659309564233164
ecg_106,ecg,512,4,1011,1.9782393669634026,3.261168384879725,19.261168384879724,1.6432975009066195,9.7365206185567,39.729227,1.0316648882820392,0.6594131223211341
ecg_106,ecg,512,5,911,2.1953896816684964,3.261168384879725,19.261168384879724,1.8236814197767204,8.773462199312714,38.047649,1.25203811492406,0.7317965605561654
ecg_106,ecg,512,6,845,2.366863905325444,3.261168384879725,19.261168384879724,1.9661228087770326,8.137843642611683,37.151736,1.3880758552746815,0.7889546351084813
ecg_106,ecg,512,10,711,2.8129395218002813,3.261168384879725,19.261168384879724,2.336671973862999,6.847345360824741,34.938202,1.7909765521106558,0.9376465072667605
ecg_106,ecg,512,20,611,3.2733224222585924,3.261168384879725,19.261168384879724,2.7191060121384494,5.884286941580755,33.357023,2.148566747266382,1.0911074740861975
ecg_106,ecg,512,30,578,3.4602076124567476,3.261168384879725,19.261168384879724,2.874349088956042,5.56647766323024,32.329821,2.418293173932918,1.1534025374855825
ecg_106,ecg,512,50,551,3.629764065335753,3.261168384879725,19.261168384879724,3.0151974109194057,5.306451890034364,32.393191,2.400714137616365,1.2099213551119177
ecg_108,ecg,64,2,1063,1.881467544684854,3.261168384879725,19.261168384879724,1.5629104171369637,10.237310996563574,41.249464,0.8660177630442365,0.6271558482282847
ecg_108,ecg,64,3,730,2.73972602739726,3.261168384879725,19.261168384879724,2.2758544841323185,7.030326460481099,35.816904,1.618656889171054,0.91324200913242
ecg_108,ecg,64,4,563,3.552397868561279,3.261168384879725,19.261168384879724,2.950930325784356,5.422018900343643,32.382189,2.4037569337986264,1.1841326228537596
ecg_108,ecg,64,5,463,4.319654427645788,3.423209731176752,19.42320973117675,3.5583444651475387,4.496473052767418,30.39906,3.0202785617905397,1.4398848092152627
ecg_108,ecg,64,6,397,5.037783375314861,3.6527698666530437,19.652769866653045,4.1014337699953485,3.90107481853063,28.455186,3.7778151160426514,1.6792611251049538
ecg_108,ecg,64,10,263,7.604562737642586,4.438058143935553,20.438058143935553,5.953256564072579,2.687604645927525,25.931851,5.051349870566415,2.534854245880862
ecg_108,ecg,64,20,163,12.269938650306749,5.204771457820872,21.204771457820872,9.25824731454488,1.728188873812401,22.686876,7.3393263594857485,4.08997955010225
ecg_108,ecg,64,30,130,15.384615384615385,5.593155876895067,21.593155876895068,11.399623452782725,1.4035551319981794,21.491096,8.422581072042586,5.128205128205129
ecg_108,ecg,64,50,103,19.41747572815534,5.942266245376491,21.94226624537649,14.158957337232634,1.1300267116368894,19.568305,10.50956522806735,6.472491909385114
ecg_108,ecg,128,2,1127,1.774622892635315,3.261168384879725,19.261168384879724,1.474155965764501,10.853668384879724,41.751382,0.8173929733206261,0.5915409642117717
ecg_108,ecg,128,3,794,2.5188916876574305,3.261168384879725,19.261168384879724,2.092410293975557,7.646683848797251,36.339116,1.5242078710335398,0.8396305625524769
ecg_108,ecg,128,4,627,3.189792663476874,3.261168384879725,19.261168384879724,2.6497189368685685,6.038376288659793,33.249946,2.175217557260993,1.063264221158958
ecg_108,ecg,128,5,527,3.795066413662239,3.261168384879725,19.261168384879724,3.152511904016304,5.075317869415808,31.133022,2.7755490074007136,1.2650221378874131
ecg_108,ecg,128,6,461,4.3383947939262475,3.4317906302274106,19.43179063022741,3.5722038191807957,4.479027740267418,29.82313,3.2273309287047143,1.4461315979754157
ecg_108,ecg,128,10,327,6.116207951070336,3.9866361749789636,19.986636174978962,4.896237984240407,3.2678150146090603,27.190659,4.369855236430572,2.038735983690112
ecg_108,ecg,128,20,227,8.810572687224669,4.716132881209264,20.716132881209262,6.80480106031092,2.3512810820172514,24.748709,5.788480172175906,2.9368575624082234
ecg_108,ecg,128,30,194,10.309278350515465,4.899383674139066,20.899383674139067,7.89250325177555,2.0272402163914895,24.057888,6.267662462297515,3.4364261168384878
ecg_108,ecg,128,50,167,11.976047904191617,5.163190105537737,21.163190105537737,9.054247753363319,1.767126373812401,23.224951,6.89846475852524,3.992015968063872
ecg_108,ecg,256,2,1255,1.593625498007968,3.261168384879725,19.261168384879724,1.323803803519197,12.086383161512027,43.167506,0.6944239646835503,0.5312084993359893
ecg_108,ecg,256,3,922,2.1691973969631237,3.261168384879725,19.261168384879724,1.8019238323390374,8.879398625429552,37.775355,1.2919099705687829,0.7230657989877078
ecg_108,ecg,256,4,755,2.6490066225165565,3.261168384879725,19.261168384879724,2.200495064127937,7.2710910652920955,35.137038,1.750443510591182,0.8830022075055187
ecg_108,ecg,256,5,655,3.053435114503817,3.261168384879725,19.261168384879724,2.536448509032965,6.30803264604811,33.36319,2.1470418017563153,1.0178117048346056
ecg_108,ecg,256,6,589,3.395585738539898,3.261168384879725,19.261168384879724,2.820668545698799,5.672414089347079,32.04907,2.4977358079271434,1.1318619128466327
ecg_108,ecg,256,10,455,4.395604395604396,3.4579859462304094,19.45798594623041,3.6144373073357716,4.426691802767419,29.554981,3.328518307510507,1.465201465201465
ecg_108,ecg,256,20,355,5.633802816901408,3.8372897812827493,19.83728978128275,4.544010097360876,3.521118936177688,28.135766,3.919328810808204,1.8779342723004695
ecg_108,ecg,256,30,322,6.211180124223603,4.016038332123016,20.016038332123017,4.96496261341027,3.2225821714718057,27.564369,4.1858296504495,2.070393374741201
ecg_108,ecg,256,50,295,6.779661016949152,4.192032668004265,20.192032668004266,5.372147423427669,2.9783248185306292,26.896312,4.520478416503707,2.2598870056497176
ecg_108,ecg,512,2,1511,1.3236267372600927,3.261168384879725,19.261168384879724,1.0995193735384463,14.551812714776633,47.237528,0.434633903170374,0.4412089124200309
ecg_108,ecg,512,3,1178,1.697792869269949,3.261168384879725,19.261168384879724,1.4103342728493995,11.344828178694158,41.67479,0.8246326006402058,0.5659309564233164
ecg_108,ecg,512,4,1011,1.9782393669634026,3.261168384879725,19.261168384879724,1.6432975009066195,9.7365206185567,39.456515,1.0645700651535985,0.6594131223211341
ecg_108,ecg,512,5,911,2.1953896816684964,3.261168384879725,19.261168384879724,1.8236814197767204,8.773462199312714,37.926259,1.269658866922822,0.7317965605561654
ecg_108,ecg,512,6,845,2.366863905325444,3.261168384879725,19.261168384879724,1.9661228087770326,8.137843642611683,37.050244,1.4043902315420707,0.7889546351084813
ecg_108,ecg,512,10,711,2.8129395218002813,3.261168384879725,19.261168384879724,2.336671973862999,6.847345360824741,34.997461,1.7787993005255704,0.9376465072667605
ecg_108,ecg,512,20,611,3.2733224222585924,3.261168384879725,19.261168384879724,2.7191060121384494,5.884286941580755,33.574649,2.0954029452040945,1.0911074740861975
ecg_108,ecg,512,30,578,3.4602076124567476,3.261168384879725,19.261168384879724,2.874349088956042,5.56647766323024,33.113108,2.2097574156109903,1.1534025374855825
ecg_108,ecg,512,50,551,3.629764065335753,3.261168384879725,19.261168384879724,3.0151974109194057,5.306451890034364,32.629524,2.336274130096483,1.2099213551119177
ecg_109,ecg,64,2,1063,1.881467544684854,3.261168384879725,19.261168384879724,1.5629104171369637,10.237310996563574,46.810908,0.45651452488303595,0.6271558482282847
ecg_109,ecg,64,3,730,2.73972602739726,3.261168384879725,19.261168384879724,2.2758544841323185,7.030326460481099,41.519823,0.8394770931069471,0.91324200913242
ecg_109,ecg,64,4,563,3.552397868561279,3.261168384879725,19.261168384879724,2.950930325784356,5.422018900343643,38.041253,1.2529604136483359,1.1841326228537596
ecg_109,ecg,64,5,463,4.319654427645788,3.423209731176752,19.42320973117675,3.5583444651475387,4.496473052767418,35.960361,1.5921425535870777,1.4398848092152627
ecg_109,ecg,64,6,397,5.037783375314861,3.6527698666530437,19.652769866653045,4.1014337699953485,3.90107481853063,34.471426,1.8898559399082575,1.6792611251049538
ecg_109,ecg,64,10,263,7.604562737642586,4.438058143935553,20.438058143935553,5.953256564072579,2.687604645927525,30.561181,2.9644282957729056,2.534854245880862
ecg_109,ecg,64,20,163,12.269938650306749,5.204771457820872,21.204771457820872,9.25824731454488,1.728188873812401,23.978554,6.3251714210616,4.08997955010225
ecg_109,ecg,64,30,130,15.384615384615385,5.593155876895067,21.593155876895068,11.399623452782725,1.4035551319981794,23.247493,6.880584773103543,5.128205128205129
ecg_109,ecg,64,50,103,19.41747572815534,5.942266245376491,21.94226624537649,14.158957337232634,1.1300267116368894,18.517322,11.861343961799097,6.472491909385114
ecg_109,ecg,128,2,1127,1.774622892635315,3.261168384879725,19.261168384879724,1.474155965764501,10.853668384879724,47.710957,0.41157799767715536,0.5915409642117717
ecg_109,ecg,128,3,794,2.5188916876574305,3.261168384879725,19.261168384879724,2.092410293975557,7.646683848797251,42.317035,0.7658579942323891,0.8396305625524769
ecg_109,ecg,128,4,627,3.189792663476874,3.261168384879725,19.261168384879724,2.6497189368685685,6.038376288659793,39.053706,1.1151022702458937,1.063264221158958
ecg_109,ecg,128,5,527,3.795066413662239,3.261168384879725,19.261168384879724,3.152511904016304,5.075317869415808,37.197972,1.3807065972870314,1.2650221378874131
ecg_109,ecg,128,6,461,4.3383947939262475,3.4317906302274106,19.43179063022741,3.5722038191807957,4.479027740267418,35.898014,1.6036120093689648,1.4461315979754157
ecg_109,ecg,128,10,327,6.116207951070336,3.9866361749789636,19.986636174978962,4.896237984240407,3.2678150146090603,33.082757,2.2174924507985874,2.038735983690112
ecg_109,ecg,128,20,227,8.810572687224669,4.716132881209264,20.716132881209262,6.80480106031092,2.3512810820172514,28.238988,3.873027672504111,2.9368575624082234
ecg_109,ecg,128,30,194,10.309278350515465,4.899383674139066,20.899383674139067,7.89250325177555,2.0272402163914895,25.77746,5.141939944782726,3.4364261168384878
ecg_109,ecg,128,50,167,11.976047904191617,5.163190105537737,21.163190105537737,9.054247753363319,1.767126373812401,21.42408,8.487816854030186,3.992015968063872
ecg_109,ecg,256,2,1255,1.593625498007968,3.261168384879725,19.261168384879724,1.323803803519197,12.086383161512027,49.389403,0.33925780666366967,0.5312084993359893
ecg_109,ecg,256,3,922,2.1691973969631237,3.261168384879725,19.261168384879724,1.8019238323390374,8.879398625429552,43.881992,0.6395881371329989,0.7230657989877078
ecg_109,ecg,256,4,755,2.6490066225165565,3.261168384879725,19.261168384879724,2.200495064127937,7.2710910652920955,40.837254,0.9081075784111492,0.8830022075055187
ecg_109,ecg,256,5,655,3.053435114503817,3.261168384879725,19.261168384879724,2.536448509032965,6.30803264604811,39.223414,1.0935264698183367,1.0178117048346056
ecg_109,ecg,256,6,589,3.395585738539898,3.261168384879725,19.261168384879724,2.820668545698799,5.672414089347079,38.120355,1.2416015612002715,1.1318619128466327
ecg_109,ecg,256,10,455,4.395604395604396,3.4579859462304094,19.45798594623041,3.6144373073357716,4.426691802767419,35.576154,1.6641493511447587,1.465201465201465
ecg_109,ecg,256,20,355,5.633802816901408,3.8372897812827493,19.83728978128275,4.544010097360876,3.521118936177688,33.719233,2.060811883453122,1.8779342723004695
ecg_109,ecg,256,30,322,6.211180124223603,4.016038332123016,20.016038332123017,4.96496261341027,3.2225821714718057,33.051686,2.225439027517224,2.070393374741201
ecg_109,ecg,256,50,295,6.779661016949152,4.192032668004265,20.192032668004266,5.372147423427669,2.9783248185306292,31.022235,2.8111773823550528,2.2598870056497176
ecg_109,ecg,512,2,1511,1.3236267372600927,3.261168384879725,19.261168384879724,1.0995193735384463,14.551812714776633,53.645524,0.20783744745681926,0.4412089124200309
ecg_109,ecg,512,3,1178,1.697792869269949,3.261168384879725,19.261168384879724,1.4103342728493995,11.344828178694158,47.788076,0.40793991399829393,0.5659309564233164
ecg_109,ecg,512,4,1011,1.9782393669634026,3.261168384879725,19.261168384879724,1.6432975009066195,9.7365206185567,45.106664,0.5554779192227499,0.6594131223211341
ecg_109,ecg,512,5,911,2.1953896816684964,3.261168384879725,19.261168384879724,1.8236814197767204,8.773462199312714,43.658829,0.6562337313806348,0.7317965605561654
ecg_109,ecg,512,6,845,2.366863905325444,3.261168384879725,19.261168384879724,1.9661228087770326,8.137843642611683,42.825926,0.7222768577704849,0.7889546351084813
ecg_109,ecg,512,10,711,2.8129395218002813,3.261168384879725,19.261168384879724,2.336671973862999,6.847345360824741,40.6429,0.9286562800488913,0.9376465072667605
ecg_109,ecg,512,20,611,3.2733224222585924,3.261168384879725,19.261168384879724,2.7191060121384494,5.884286941580755,38.829402,1.1442736572503662,1.0911074740861975
ecg_109,ecg,512,30,578,3.4602076124567476,3.261168384879725,19.261168384879724,2.874349088956042,5.56647766323024,37.771014,1.2925557976592619,1.1534025374855825
ecg_109,ecg,512,50,551,3.629764065335753,3.261168384879725,19.261168384879724,3.0151974109194057,5.306451890034364,37.557766,1.3246821979957089,1.2099213551119177
ecg_112,ecg,64,2,1063,1.881467544684854,3.261168384879725,19.261168384879724,1.5629104171369637,10.237310996563574,52.93324,0.2255994310268054,0.6271558482282847
ecg_112,ecg,64,3,730,2.73972602739726,3.261168384879725,19.261168384879724,2.2758544841323185,7.030326460481099,48.164226,0.39065078378831397,0.91324200913242
ecg_112,ecg,64,4,563,3.552397868561279,3.261168384879725,19.261168384879724,2.950930325784356,5.422018900343643,45.243697,0.5467831844708478,1.1841326228537596
ecg_112,ecg,64,5,463,4.319654427645788,3.423209731176752,19.42320973117675,3.5583444651475387,4.496473052767418,43.089638,0.7006773842412267,1.4398848092152627
ecg_112,ecg,64,6,397,5.037783375314861,3.6527698666530437,19.652769866653045,4.1014337699953485,3.90107481853063,41.643601,0.8275989862230995,1.6792611251049538
ecg_112,ecg,64,10,263,7.604562737642586,4.438058143935553,20.438058143935553,5.953256564072579,2.687604645927525,37.097261,1.3968087599321481,2.534854245880862
ecg_112,ecg,64,20,163,12.269938650306749,5.204771457820872,21.204771457820872,9.25824731454488,1.728188873812401,33.447898,2.1262048281303825,4.08997955010225
ecg_112,ecg,64,30,130,15.384615384615385,5.593155876895067,21.593155876895068,11.399623452782725,1.4035551319981794,31.08539,2.790811474983407,5.128205128205129
ecg_112,ecg,64,50,103,19.41747572815534,5.942266245376491,21.94226624537649,14.158957337232634,1.1300267116368894,24.386355,6.035069141372696,6.472491909385114
ecg_112,ecg,128,2,1127,1.774622892635315,3.261168384879725,19.261168384879724,1.474155965764501,10.853668384879724,53.571051,0.2096271114365753,0.5915409642117717
ecg_112,ecg,128,3,794,2.5188916876574305,3.261168384879725,19.261168384879724,2.092410293975557,7.646683848797251,48.765378,0.364528173902697,0.8396305625524769
ecg_112,ecg,128,4,627,3.189792663476874,3.261168384879725,19.261168384879724,2.6497189368685685,6.038376288659793,46.027043,0.4996292436423867,1.063264221158958
ecg_112,ecg,128,5,527,3.795066413662239,3.261168384879725,19.261168384879724,3.152511904016304,5.075317869415808,44.143842,0.6205944680717986,1.2650221378874131
ecg_112,ecg,128,6,461,4.3383947939262475,3.4317906302274106,19.43179063022741,3.5722038191807957,4.479027740267418,42.630299,0.7387288328152658,1.4461315979754157
ecg_112,ecg,128,10,327,6.116207951070336,3.9866361749789636,19.986636174978962,4.896237984240407,3.2678150146090603,38.928559,1.1312850553777842,2.038735983690112
ecg_112,ecg,128,20,227,8.810572687224669,4.716132881209264,20.716132881209262,6.80480106031092,2.3512810820172514,36.202107,1.5484409566630364,2.9368575624082234
ecg_112,ecg,128,30,194,10.309278350515465,4.899383674139066,20.899383674139067,7.89250325177555,2.0272402163914895,33.737413,2.056503012364586,3.4364261168384878
ecg_112,ecg,128,50,167,11.976047904191617,5.163190105537737,21.163190105537737,9.054247753363319,1.767126373812401,28.545796,3.738610316043666,3.992015968063872
ecg_112,ecg,256,2,1255,1.593625498007968,3.261168384879725,19.261168384879724,1.323803803519197,12.086383161512027,54.979914,0.1782396415074209,0.5312084993359893
ecg_112,ecg,256,3,922,2.1691973969631237,3.261168384879725,19.261168384879724,1.8019238323390374,8.879398625429552,50.067156,0.31379224043727866,0.7230657989877078
ecg_112,ecg,256,4,755,2.6490066225165565,3.261168384879725,19.261168384879724,2.200495064127937,7.2710910652920955,47.523272,0.42056816928237645,0.8830022075055187
ecg_112,ecg,256,5,655,3.053435114503817,3.261168384879725,19.261168384879724,2.536448509032965,6.30803264604811,46.227223,0.4882461754052123,1.0178117048346056
ecg_112,ecg,256,6,589,3.395585738539898,3.261168384879725,19.261168384879724,2.820668545698799,5.672414089347079,44.951382,0.565497774354725,1.1318619128466327
ecg_112,ecg,256,10,455,4.395604395604396,3.4579859462304094,19.45798594623041,3.6144373073357716,4.426691802767419,41.68511,0.8236534085066339,1.465201465201465
ecg_112,ecg,256,20,355,5.633802816901408,3.8372897812827493,19.83728978128275,4.544010097360876,3.521118936177688,39.576467,1.0499694186074784,1.8779342723004695
ecg_112,ecg,256,30,322,6.211180124223603,4.016038332123016,20.016038332123017,4.96496261341027,3.2225821714718057,38.733806,1.156936972117489,2.070393374741201
ecg_112,ecg,256,50,295,6.779661016949152,4.192032668004265,20.192032668004266,5.372147423427669,2.9783248185306292,38.585381,1.1768766601646299,2.2598870056497176
ecg_112,ecg,512,2,1511,1.3236267372600927,3.261168384879725,19.261168384879724,1.0995193735384463,14.551812714776633,59.325507,0.1080748521308959,0.4412089124200309
ecg_112,ecg,512,3,1178,1.697792869269949,3.261168384879725,19.261168384879724,1.4103342728493995,11.344828178694158,53.498697,0.2113806115335322,0.5659309564233164
ecg_112,ecg,512,4,1011,1.9782393669634026,3.261168384879725,19.261168384879724,1.6432975009066195,9.7365206185567,51.379794,0.2697803414482037,0.6594131223211341
ecg_112,ecg,512,5,911,2.1953896816684964,3.261168384879725,19.261168384879724,1.8236814197767204,8.773462199312714,49.937042,0.31852820922940966,0.7317965605561654
ecg_112,ecg,512,6,845,2.366863905325444,3.261168384879725,19.261168384879724,1.9661228087770326,8.137843642611683,49.089035,0.3511949400122166,0.7889546351084813
ecg_112,ecg,512,10,711,2.8129395218002813,3.261168384879725,19.261168384879724,2.336671973862999,6.847345360824741,47.066548,0.4432743483209526,0.9376465072667605
ecg_112,ecg,512,20,611,3.2733224222585924,3.261168384879725,19.261168384879724,2.7191060121384494,5.884286941580755,45.156289,0.5523133618155407,1.0911074740861975
ecg_112,ecg,512,30,578,3.4602076124567476,3.261168384879725,19.261168384879724,2.874349088956042,5.56647766323024,45.127862,0.5541239227323909,1.1534025374855825
ecg_112,ecg,512,50,551,3.629764065335753,3.261168384879725,19.261168384879724,3.0151974109194057,5.306451890034364,44.045408,0.6276674394498096,1.2099213551119177
ecg_115,ecg,64,2,1063,1.881467544684854,3.261168384879725,19.261168384879724,1.5629104171369637,10.237310996563574,48.52762,0.37464418833787494,0.6271558482282847
ecg_115,ecg,64,3,730,2.73972602739726,3.261168384879725,19.261168384879724,2.2758544841323185,7.030326460481099,43.553476,0.6642417972583575,0.91324200913242
ecg_115,ecg,64,4,563,3.552397868561279,3.261168384879725,19.261168384879724,2.950930325784356,5.422018900343643,40.749457,0.9173332808572915,1.1841326228537596
ecg_115,ecg,64,5,463,4.319654427645788,3.423209731176752,19.42320973117675,3.5583444651475387,4.496473052767418,37.962227,1.2644121196810119,1.4398848092152627
ecg_115,ecg,64,6,397,5.037783375314861,3.6527698666530437,19.652769866653045,4.1014337699953485,3.90107481853063,36.025485,1.580249821706392,1.6792611251049538
ecg_115,ecg,64,10,263,7.604562737642586,4.438058143935553,20.438058143935553,5.953256564072579,2.687604645927525,33.202071,2.1872400522507385,2.534854245880862
ecg_115,ecg,64,20,163,12.269938650306749,5.204771457820872,21.204771457820872,9.25824731454488,1.728188873812401,29.14742,3.4884218655535864,4.08997955010225
ecg_115,ecg,64,30,130,15.384615384615385,5.593155876895067,21.593155876895068,11.399623452782725,1.4035551319981794,24.232471,6.142942497217361,5.128205128205129
ecg_115,ecg,64,50,103,19.41747572815534,5.942266245376491,21.94226624537649,14.158957337232634,1.1300267116368894,20.614491,9.316986152216618,6.472491909385114
ecg_115,ecg,128,2,1127,1.774622892635315,3.261168384879725,19.261168384879724,1.474155965764501,10.853668384879724,49.201955,0.346658816504389,0.5915409642117717
ecg_115,ecg,128,3,794,2.5188916876574305,3.261168384879725,19.261168384879724,2.092410293975557,7.646683848797251,44.01667,0.6297475694691982,0.8396305625524769
ecg_115,ecg,128,4,627,3.189792663476874,3.261168384879725,19.261168384879724,2.6497189368685685,6.038376288659793,41.677758,0.8243508688260981,1.063264221158958
ecg_115,ecg,128,5,527,3.795066413662239,3.261168384879725,19.261168384879724,3.152511904016304,5.075317869415808,39.373003,1.074854923165639,1.2650221378874131
ecg_115,ecg,128,6,461,4.3383947939262475,3.4317906302274106,19.43179063022741,3.5722038191807957,4.479027740267418,37.442862,1.3423225930655753,1.4461315979754157
ecg_115,ecg,128,10,327,6.116207951070336,3.9866361749789636,19.986636174978962,4.896237984240407,3.2678150146090603,33.837234,2.033004313043183,2.038735983690112
ecg_115,ecg,128,20,227,8.810572687224669,4.716132881209264,20.716132881209262,6.80480106031092,2.3512810820172514,31.437837,2.679835586658846,2.9368575624082234
ecg_115,ecg,128,30,194,10.309278350515465,4.899383674139066,20.899383674139067,7.89250325177555,2.0272402163914895,29.889858,3.202632451970619,3.4364261168384878
ecg_115,ecg,128,50,167,11.976047904191617,5.163190105537737,21.163190105537737,9.054247753363319,1.767126373812401,29.271925,3.4387749149325435,3.992015968063872
ecg_115,ecg,256,2,1255,1.593625498007968,3.261168384879725,19.261168384879724,1.323803803519197,12.086383161512027,50.65612,0.2932202772144925,0.5312084993359893
ecg_115,ecg,256,3,922,2.1691973969631237,3.261168384879725,19.261168384879724,1.8019238323390374,8.879398625429552,45.364361,0.5392398137235331,0.7230657989877078
ecg_115,ecg,256,4,755,2.6490066225165565,3.261168384879725,19.261168384879724,2.200495064127937,7.2710910652920955,43.068843,0.7023568946373476,0.8830022075055187
ecg_115,ecg,256,5,655,3.053435114503817,3.261168384879725,19.261168384879724,2.536448509032965,6.30803264604811,41.500067,0.8413886514341263,1.0178117048346056
ecg_115,ecg,256,6,589,3.395585738539898,3.261168384879725,19.261168384879724,2.820668545698799,5.672414089347079,40.278765,0.9684155402775311,1.1318619128466327
ecg_115,ecg,256,10,455,4.395604395604396,3.4579859462304094,19.45798594623041,3.6144373073357716,4.426691802767419,37.260925,1.3707357824869704,1.465201465201465
ecg_115,ecg,256,20,355,5.633802816901408,3.8372897812827493,19.83728978128275,4.544010097360876,3.521118936177688,34.512963,1.8808399896216028,1.8779342723004695
ecg_115,ecg,256,30,322,6.211180124223603,4.016038332123016,20.016038332123017,4.96496261341027,3.2225821714718057,33.861709,2.027283800236749,2.070393374741201
ecg_115,ecg,256,50,295,6.779661016949152,4.192032668004265,20.192032668004266,5.372147423427669,2.9783248185306292,32.965051,2.247747120602453,2.2598870056497176
ecg_115,ecg,512,2,1511,1.3236267372600927,3.261168384879725,19.261168384879724,1.0995193735384463,14.551812714776633,54.609966,0.1859951843793889,0.4412089124200309
ecg_115,ecg,512,3,1178,1.697792869269949,3.261168384879725,19.261168384879724,1.4103342728493995,11.344828178694158,48.956831,0.35658120642705843,0.5659309564233164
ecg_115,ecg,512,4,1011,1.9782393669634026,3.261168384879725,19.261168384879724,1.6432975009066195,9.7365206185567,46.656424,0.46470655656306054,0.6594131223211341
ecg_115,ecg,512,5,911,2.1953896816684964,3.261168384879725,19.261168384879724,1.8236814197767204,8.773462199312714,45.336769,0.5409555115733823,0.7317965605561654
ecg_115,ecg,512,6,845,2.366863905325444,3.261168384879725,19.261168384879724,1.9661228087770326,8.137843642611683,44.317811,0.6082882815219002,0.7889546351084813
ecg_115,ecg,512,10,711,2.8129395218002813,3.261168384879725,19.261168384879724,2.336671973862999,6.847345360824741,42.657663,0.7364052058679482,0.9376465072667605
ecg_115,ecg,512,20,611,3.2733224222585924,3.261168384879725,19.261168384879724,2.7191060121384494,5.884286941580755,40.859775,0.9057560633739175,1.0911074740861975
ecg_115,ecg,512,30,578,3.4602076124567476,3.261168384879725,19.261168384879724,2.874349088956042,5.56647766323024,40.01454,0.9983274209593678,1.1534025374855825
ecg_115,ecg,512,50,551,3.629764065335753,3.261168384879725,19.261168384879724,3.0151974109194057,5.306451890034364,39.805087,1.022693863390623,1.2099213551119177
ecg_118,ecg,64,2,1063,1.881467544684854,3.261168384879725,19.261168384879724,1.5629104171369637,10.237310996563574,49.115513,0.35012599014166274,0.6271558482282847
ecg_118,ecg,64,3,730,2.73972602739726,3.261168384879725,19.261168384879724,2.2758544841323185,7.030326460481099,43.228867,0.6895355313164054,0.91324200913242
ecg_118,ecg,64,4,563,3.552397868561279,3.261168384879725,19.261168384879724,2.950930325784356,5.422018900343643,39.956442,1.005027395229183,1.1841326228537596
ecg_118,ecg,64,5,463,4.319654427645788,3.423209731176752,19.42320973117675,3.5583444651475387,4.496473052767418,37.135688,1.3906428269140134,1.4398848092152627
ecg_118,ecg,64,6,397,5.037783375314861,3.6527698666530437,19.652769866653045,4.1014337699953485,3.90107481853063,35.238948,1.7300258802994806,1.6792611251049538
ecg_118,ecg,64,10,263,7.604562737642586,4.438058143935553,20.438058143935553,5.953256564072579,2.687604645927525,30.006622,3.159867702967023,2.534854245880862
ecg_118,ecg,64,20,163,12.269938650306749,5.204771457820872,21.204771457820872,9.25824731454488,1.728188873812401,24.40741,6.0204575701234715,4.08997955010225
ecg_118,ecg,64,30,130,15.384615384615385,5.593155876895067,21.593155876895068,11.399623452782725,1.4035551319981794,21.985465,7.956585793356212,5.128205128205129
ecg_118,ecg,64,50,103,19.41747572815534,5.942266245376491,21.94226624537649,14.158957337232634,1.1300267116368894,16.498137,14.96556611817225,6.472491909385114
ecg_118,ecg,128,2,1127,1.774622892635315,3.261168384879725,19.261168384879724,1.474155965764501,10.853668384879724,49.941766,0.3183550182024914,0.5915409642117717
ecg_118,ecg,128,3,794,2.5188916876574305,3.261168384879725,19.261168384879724,2.092410293975557,7.646683848797251,44.667366,0.5842943677633449,0.8396305625524769
ecg_118,ecg,128,4,627,3.189792663476874,3.261168384879725,19.261168384879724,2.6497189368685685,6.038376288659793,41.390308,0.852088295954071,1.063264221158958
ecg_118,ecg,128,5,527,3.795066413662239,3.261168384879725,19.261168384879724,3.152511904016304,5.075317869415808,38.731565,1.1572355057571182,1.2650221378874131
ecg_118,ecg,128,6,461,4.3383947939262475,3.4317906302274106,19.43179063022741,3.5722038191807957,4.479027740267418,36.813776,1.4431490904892696,1.4461315979754157
ecg_118,ecg,128,10,327,6.116207951070336,3.9866361749789636,19.986636174978962,4.896237984240407,3.2678150146090603,33.550918,2.101135691104614,2.038735983690112
ecg_118,ecg,128,20,227,8.810572687224669,4.716132881209264,20.716132881209262,6.80480106031092,2.3512810820172514,28.570961,3.7277943863728806,2.9368575624082234
ecg_118,ecg,128,30,194,10.309278350515465,4.899383674139066,20.899383674139067,7.89250325177555,2.0272402163914895,24.606815,5.883818263673866,3.4364261168384878
ecg_118,ecg,128,50,167,11.976047904191617,5.163190105537737,21.163190105537737,9.054247753363319,1.767126373812401,20.788858,9.131814903194856,3.992015968063872
ecg_118,ecg,256,2,1255,1.593625498007968,3.261168384879725,19.261168384879724,1.323803803519197,12.086383161512027,51.870672,0.2549566828191079,0.5312084993359893
ecg_118,ecg,256,3,922,2.1691973969631237,3.261168384879725,19.261168384879724,1.8019238323390374,8.879398625429552,46.703382,0.46220102046922384,0.7230657989877078
ecg_118,ecg,256,4,755,2.6490066225165565,3.261168384879725,19.261168384879724,2.200495064127937,7.2710910652920955,43.8814,0.6396317307194379,0.8830022075055187
ecg_118,ecg,256,5,655,3.053435114503817,3.261168384879725,19.261168384879724,2.536448509032965,6.30803264604811,41.887577,0.8046761882542275,1.0178117048346056
ecg_118,ecg,256,6,589,3.395585738539898,3.261168384879725,19.261168384879724,2.820668545698799,5.672414089347079,40.110714,0.9873344712585765,1.1318619128466327
ecg_118,ecg,256,10,455,4.395604395604396,3.4579859462304094,19.45798594623041,3.6144373073357716,4.426691802767419,36.43944,1.5067042038652623,1.465201465201465
ecg_118,ecg,256,20,355,5.633802816901408,3.8372897812827493,19.83728978128275,4.544010097360876,3.521118936177688,33.268993,2.170452820776248,1.8779342723004695
ecg_118,ecg,256,30,322,6.211180124223603,4.016038332123016,20.016038332123017,4.96496261341027,3.2225821714718057,30.508381,2.9825034176457805,2.070393374741201
ecg_118,ecg,256,50,295,6.779661016949152,4.192032668004265,20.192032668004266,5.372147423427669,2.9783248185306292,29.882768,3.2052477205149748,2.2598870056497176
ecg_118,ecg,512,2,1511,1.3236267372600927,3.261168384879725,19.261168384879724,1.0995193735384463,14.551812714776633,56.721004,0.1458645646013327,0.4412089124200309
ecg_118,ecg,512,3,1178,1.697792869269949,3.261168384879725,19.261168384879724,1.4103342728493995,11.344828178694158,50.460125,0.29991193578800485,0.5659309564233164
ecg_118,ecg,512,4,1011,1.9782393669634026,3.261168384879725,19.261168384879724,1.6432975009066195,9.7365206185567,47.965071,0.3997113219837705,0.6594131223211341
ecg_118,ecg,512,5,911,2.1953896816684964,3.261168384879725,19.261168384879724,1.8236814197767204,8.773462199312714,46.46329,0.47515521481884326,0.7317965605561654
ecg_118,ecg,512,6,845,2.366863905325444,3.261168384879725,19.261168384879724,1.9661228087770326,8.137843642611683,45.491347,0.5314135819729789,0.7889546351084813
ecg_118,ecg,512,10,711,2.8129395218002813,3.261168384879725,19.261168384879724,2.336671973862999,6.847345360824741,42.91144,0.7152008138733911,0.9376465072667605
ecg_118,ecg,512,20,611,3.2733224222585924,3.261168384879725,19.261168384879724,2.7191060121384494,5.884286941580755,41.094013,0.881656370703473,1.0911074740861975
ecg_118,ecg,512,30,578,3.4602076124567476,3.261168384879725,19.261168384879724,2.874349088956042,5.56647766323024,39.916244,1.0096894071154638,1.1534025374855825
ecg_118,ecg,512,50,551,3.629764065335753,3.261168384879725,19.261168384879724,3.0151974109194057,5.306451890034364,39.331952,1.0799468946537043,1.2099213551119177
ecg_119,ecg,64,2,1063,1.881467544684854,3.261168384879725,19.261168384879724,1.5629104171369637,10.237310996563574,51.138847,0.27736882707760946,0.6271558482282847
ecg_119,ecg,64,3,730,2.73972602739726,3.261168384879725,19.261168384879724,2.2758544841323185,7.030326460481099,45.876049,0.5083906445152329,0.91324200913242
ecg_119,ecg,64,4,563,3.552397868561279,3.261168384879725,19.261168384879724,2.950930325784356,5.422018900343643,43.263754,0.6867715564777463,1.1841326228537596
ecg_119,ecg,64,5,463,4.319654427645788,3.423209731176752,19.42320973117675,3.5583444651475387,4.496473052767418,40.879197,0.9037330188858377,1.4398848092152627
ecg_119,ecg,64,6,397,5.037783375314861,3.6527698666530437,19.652769866653045,4.1014337699953485,3.90107481853063,38.803447,1.1476980665108965,1.6792611251049538
ecg_119,ecg,64,10,263,7.604562737642586,4.438058143935553,20.438058143935553,5.953256564072579,2.687604645927525,35.420349,1.6942697231360309,2.534854245880862
ecg_119,ecg,64,20,163,12.269938650306749,5.204771457820872,21.204771457820872,9.25824731454488,1.728188873812401,28.537592,3.7421431779414918,4.08997955010225
ecg_119,ecg,64,30,130,15.384615384615385,5.593155876895067,21.593155876895068,11.399623452782725,1.4035551319981794,25.811485,5.121836962977355,5.128205128205129
ecg_119,ecg,64,50,103,19.41747572815534,5.942266245376491,21.94226624537649,14.158957337232634,1.1300267116368894,22.024252,7.921134725701841,6.472491909385114
ecg_119,ecg,128,2,1127,1.774622892635315,3.261168384879725,19.261168384879724,1.474155965764501,10.853668384879724,51.854683,0.2554264397341842,0.5915409642117717
ecg_119,ecg,128,3,794,2.5188916876574305,3.261168384879725,19.261168384879724,2.092410293975557,7.646683848797251,46.504775,0.4728912192356804,0.8396305625524769
ecg_119,ecg,128,4,627,3.189792663476874,3.261168384879725,19.261168384879724,2.6497189368685685,6.038376288659793,44.265584,0.6119568493426154,1.063264221158958
ecg_119,ecg,128,5,527,3.795066413662239,3.261168384879725,19.261168384879724,3.152511904016304,5.075317869415808,41.855709,0.8076339187224344,1.2650221378874131
ecg_119,ecg,128,6,461,4.3383947939262475,3.4317906302274106,19.43179063022741,3.5722038191807957,4.479027740267418,40.099139,0.988651091112886,1.4461315979754157
ecg_119,ecg,128,10,327,6.116207951070336,3.9866361749789636,19.986636174978962,4.896237984240407,3.2678150146090603,36.84057,1.4387041621033403,2.038735983690112
ecg_119,ecg,128,20,227,8.810572687224669,4.716132881209264,20.716132881209262,6.80480106031092,2.3512810820172514,31.572675,2.63855559926153,2.9368575624082234
ecg_119,ecg,128,30,194,10.309278350515465,4.899383674139066,20.899383674139067,7.89250325177555,2.0272402163914895,29.91143,3.1946883645213724,3.4364261168384878
ecg_119,ecg,128,50,167,11.976047904191617,5.163190105537737,21.163190105537737,9.054247753363319,1.767126373812401,26.012825,5.004477603551457,3.992015968063872
ecg_119,ecg,256,2,1255,1.593625498007968,3.261168384879725,19.261168384879724,1.323803803519197,12.086383161512027,53.291342,0.2164875372732388,0.5312084993359893
ecg_119,ecg,256,3,922,2.1691973969631237,3.261168384879725,19.261168384879724,1.8019238323390374,8.879398625429552,48.033344,0.3965818186196438,0.7230657989877078
ecg_119,ecg,256,4,755,2.6490066225165565,3.261168384879725,19.261168384879724,2.200495064127937,7.2710910652920955,45.800428,0.5128361132046639,0.8830022075055187
ecg_119,ecg,256,5,655,3.053435114503817,3.261168384879725,19.261168384879724,2.536448509032965,6.30803264604811,44.223715,0.6149138146338256,1.0178117048346056
ecg_119,ecg,256,6,589,3.395585738539898,3.261168384879725,19.261168384879724,2.820668545698799,5.672414089347079,43.065336,0.7026405343174338,1.1318619128466327
ecg_119,ecg,256,10,455,4.395604395604396,3.4579859462304094,19.45798594623041,3.6144373073357716,4.426691802767419,39.021266,1.1192747332150876,1.465201465201465
ecg_119,ecg,256,20,355,5.633802816901408,3.8372897812827493,19.83728978128275,4.544010097360876,3.521118936177688,37.265351,1.3700374854369939,1.8779342723004695
ecg_119,ecg,256,30,322,6.211180124223603,4.016038332123016,20.016038332123017,4.96496261341027,3.2225821714718057,36.465011,1.5022750345032876,2.070393374741201
ecg_119,ecg,256,50,295,6.779661016949152,4.192032668004265,20.192032668004266,5.372147423427669,2.9783248185306292,33.061643,2.2228893749831156,2.2598870056497176
ecg_119,ecg,512,2,1511,1.3236267372600927,3.261168384879725,19.261168384879724,1.0995193735384463,14.551812714776633,57.644592,0.13115063570016855,0.4412089124200309
ecg_119,ecg,512,3,1178,1.697792869269949,3.261168384879725,19.261168384879724,1.4103342728493995,11.344828178694158,51.423462,0.26842743411114584,0.5659309564233164
ecg_119,ecg,512,4,1011,1.9782393669634026,3.261168384879725,19.261168384879724,1.6432975009066195,9.7365206185567,49.13764,0.34923519155087873,0.6594131223211341
ecg_119,ecg,512,5,911,2.1953896816684964,3.261168384879725,19.261168384879724,1.8236814197767204,8.773462199312714,47.756621,0.40941990200100864,0.7317965605561654
ecg_119,ecg,512,6,845,2.366863905325444,3.261168384879725,19.261168384879724,1.9661228087770326,8.137843642611683,47.004978,0.4464276651301103,0.7889546351084813
ecg_119,ecg,512,10,711,2.8129395218002813,3.261168384879725,19.261168384879724,2.336671973862999,6.847345360824741,44.867272,0.5710003835915116,0.9376465072667605
ecg_119,ecg,512,20,611,3.2733224222585924,3.261168384879725,19.261168384879724,2.7191060121384494,5.884286941580755,43.257133,0.687295261955447,1.0911074740861975
ecg_119,ecg,512,30,578,3.4602076124567476,3.261168384879725,19.261168384879724,2.874349088956042,5.56647766323024,42.800885,0.7243621514968791,1.1534025374855825
ecg_119,ecg,512,50,551,3.629764065335753,3.261168384879725,19.261168384879724,3.0151974109194057,5.306451890034364,42.509809,0.749047829657459,1.2099213551119177
ecg_122,ecg,64,2,1063,1.881467544684854,3.261168384879725,19.261168384879724,1.5629104171369637,10.237310996563574,48.883292,0.3596130140116922,0.6271558482282847
ecg_122,ecg,64,3,730,2.73972602739726,3.261168384879725,19.261168384879724,2.2758544841323185,7.030326460481099,42.781046,0.7260185212446109,0.91324200913242
ecg_122,ecg,64,4,563,3.552397868561279,3.261168384879725,19.261168384879724,2.950930325784356,5.422018900343643,39.665501,1.0392617658320316,1.1841326228537596
ecg_122,ecg,64,5,463,4.319654427645788,3.423209731176752,19.42320973117675,3.5583444651475387,4.496473052767418,36.923043,1.4251082361073,1.4398848092152627
ecg_122,ecg,64,6,397,5.037783375314861,3.6527698666530437,19.652769866653045,4.1014337699953485,3.90107481853063,36.020632,1.5811329891780852,1.6792611251049538
ecg_122,ecg,64,10,263,7.604562737642586,4.438058143935553,20.438058143935553,5.953256564072579,2.687604645927525,32.287086,2.430220611840568,2.534854245880862
ecg_122,ecg,64,20,163,12.269938650306749,5.204771457820872,21.204771457820872,9.25824731454488,1.728188873812401,29.383047,3.3950615333378655,4.08997955010225
ecg_122,ecg,64,30,130,15.384615384615385,5.593155876895067,21.593155876895068,11.399623452782725,1.4035551319981794,26.302039,4.84058722162318,5.128205128205129
ecg_122,ecg,64,50,103,19.41747572815534,5.942266245376491,21.94226624537649,14.158957337232634,1.1300267116368894,22.987023,7.0900426878734155,6.472491909385114
ecg_122,ecg,128,2,1127,1.774622892635315,3.261168384879725,19.261168384879724,1.474155965764501,10.853668384879724,49.645759,0.32939124368868217,0.5915409642117717
ecg_122,ecg,128,3,794,2.5188916876574305,3.261168384879725,19.261168384879724,2.092410293975557,7.646683848797251,43.403915,0.6757783124804693,0.8396305625524769
ecg_122,ecg,128,4,627,3.189792663476874,3.261168384879725,19.261168384879724,2.6497189368685685,6.038376288659793,40.362462,0.959128729646788,1.063264221158958
ecg_122,ecg,128,5,527,3.795066413662239,3.261168384879725,19.261168384879724,3.152511904016304,5.075317869415808,37.817369,1.2856760387574404,1.2650221378874131
ecg_122,ecg,128,6,461,4.3383947939262475,3.4317906302274106,19.43179063022741,3.5722038191807957,4.479027740267418,36.877615,1.432581208109074,1.4461315979754157
ecg_122,ecg,128,10,327,6.116207951070336,3.9866361749789636,19.986636174978962,4.896237984240407,3.2678150146090603,33.684673,2.0690279143412593,2.038735983690112
ecg_122,ecg,128,20,227,8.810572687224669,4.716132881209264,20.716132881209262,6.80480106031092,2.3512810820172514,30.8073,2.881608655701885,2.9368575624082234
ecg_122,ecg,128,30,194,10.309278350515465,4.899383674139066,20.899383674139067,7.89250325177555,2.0272402163914895,28.927303,3.5779548011484903,3.4364261168384878
ecg_122,ecg,128,50,167,11.976047904191617,5.163190105537737,21.163190105537737,9.054247753363319,1.767126373812401,25.37143,5.388011326357731,3.992015968063872
ecg_122,ecg,256,2,1255,1.593625498007968,3.261168384879725,19.261168384879724,1.323803803519197,12.086383161512027,51.130643,0.27763093135647,0.5312084993359893
ecg_122,ecg,256,3,922,2.1691973969631237,3.261168384879725,19.261168384879724,1.8019238323390374,8.879398625429552,45.148102,0.5528341974912862,0.7230657989877078
ecg_122,ecg,256,4,755,2.6490066225165565,3.261168384879725,19.261168384879724,2.200495064127937,7.2710910652920955,42.276696,0.7694230632029744,0.8830022075055187
ecg_122,ecg,256,5,655,3.053435114503817,3.261168384879725,19.261168384879724,2.536448509032965,6.30803264604811,40.332449,0.9624486108415325,1.0178117048346056
ecg_122,ecg,256,6,589,3.395585738539898,3.261168384879725,19.261168384879724,2.820668545698799,5.672414089347079,39.243335,1.0910213517538065,1.1318619128466327
ecg_122,ecg,256,10,455,4.395604395604396,3.4579859462304094,19.45798594623041,3.6144373073357716,4.426691802767419,36.513164,1.493969736430879,1.465201465201465
ecg_122,ecg,256,20,355,5.633802816901408,3.8372897812827493,19.83728978128275,4.544010097360876,3.521118936177688,33.633909,2.0811555906381174,1.8779342723004695
ecg_122,ecg,256,30,322,6.211180124223603,4.016038332123016,20.016038332123017,4.96496261341027,3.2225821714718057,32.105797,2.481476404516528,2.070393374741201
ecg_122,ecg,256,50,295,6.779661016949152,4.192032668004265,20.192032668004266,5.372147423427669,2.9783248185306292,29.833042,3.223650124554231,2.2598870056497176
ecg_122,ecg,512,2,1511,1.3236267372600927,3.261168384879725,19.261168384879724,1.0995193735384463,14.551812714776633,55.426065,0.16931551269028952,0.4412089124200309
ecg_122,ecg,512,3,1178,1.697792869269949,3.261168384879725,19.261168384879724,1.4103342728493995,11.344828178694158,49.395578,0.3390167061480787,0.5659309564233164
ecg_122,ecg,512,4,1011,1.9782393669634026,3.261168384879725,19.261168384879724,1.6432975009066195,9.7365206185567,46.775123,0.4583991989153236,0.6594131223211341
ecg_122,ecg,512,5,911,2.1953896816684964,3.261168384879725,19.261168384879724,1.8236814197767204,8.773462199312714,45.36888,0.5389593368780583,0.7317965605561654
ecg_122,ecg,512,6,845,2.366863905325444,3.261168384879725,19.261168384879724,1.9661228087770326,8.137843642611683,44.012024,0.6300845055762065,0.7889546351084813
ecg_122,ecg,512,10,711,2.8129395218002813,3.261168384879725,19.261168384879724,2.336671973862999,6.847345360824741,41.441193,0.8471110561233943,0.9376465072667605
ecg_122,ecg,512,20,611,3.2733224222585924,3.261168384879725,19.261168384879724,2.7191060121384494,5.884286941580755,39.95267,1.0054639407942494,1.0911074740861975
ecg_122,ecg,512,30,578,3.4602076124567476,3.261168384879725,19.261168384879724,2.874349088956042,5.56647766323024,38.917978,1.132664006933937,1.1534025374855825
ecg_122,ecg,512,50,551,3.629764065335753,3.261168384879725,19.261168384879724,3.0151974109194057,5.306451890034364,39.179299,1.099094538945675,1.2099213551119177
ecg_201,ecg,64,2,1063,1.881467544684854,3.261168384879725,19.261168384879724,1.5629104171369637,10.237310996563574,42.08528,0.786567503746294,0.6271558482282847
ecg_201,ecg,64,3,730,2.73972602739726,3.261168384879725,19.261168384879724,2.2758544841323185,7.030326460481099,35.960693,1.5920816984245336,0.91324200913242
ecg_201,ecg,64,4,563,3.552397868561279,3.261168384879725,19.261168384879724,2.950930325784356,5.422018900343643,33.126031,2.20647214913193,1.1841326228537596
ecg_201,ecg,64,5,463,4.319654427645788,3.423209731176752,19.42320973117675,3.5583444651475387,4.496473052767418,31.376689,2.698767987756838,1.4398848092152627
ecg_201,ecg,64,6,397,5.037783375314861,3.6527698666530437,19.652769866653045,4.1014337699953485,3.90107481853063,30.1164,3.1201825235740595,1.6792611251049538
ecg_201,ecg,64,10,263,7.604562737642586,4.438058143935553,20.438058143935553,5.953256564072579,2.687604645927525,27.726321,4.108506231328047,2.534854245880862
ecg_201,ecg,64,20,163,12.269938650306749,5.204771457820872,21.204771457820872,9.25824731454488,1.728188873812401,22.185607,7.775344673868401,4.08997955010225
ecg_201,ecg,64,30,130,15.384615384615385,5.593155876895067,21.593155876895068,11.399623452782725,1.4035551319981794,19.369037,10.753458168070452,5.128205128205129
ecg_201,ecg,64,50,103,19.41747572815534,5.942266245376491,21.94226624537649,14.158957337232634,1.1300267116368894,17.157521,13.87151672990164,6.472491909385114
ecg_201,ecg,128,2,1127,1.774622892635315,3.261168384879725,19.261168384879724,1.474155965764501,10.853668384879724,42.617527,0.7398158814928046,0.5915409642117717
ecg_201,ecg,128,3,794,2.5188916876574305,3.261168384879725,19.261168384879724,2.092410293975557,7.646683848797251,36.759714,1.4521594320059947,0.8396305625524769
ecg_201,ecg,128,4,627,3.189792663476874,3.261168384879725,19.261168384879724,2.6497189368685685,6.038376288659793,33.880245,2.022962116853942,1.063264221158958
ecg_201,ecg,128,5,527,3.795066413662239,3.261168384879725,19.261168384879724,3.152511904016304,5.075317869415808,32.219735,2.4491379620733595,1.2650221378874131
ecg_201,ecg,128,6,461,4.3383947939262475,3.4317906302274106,19.43179063022741,3.5722038191807957,4.479027740267418,30.977934,2.825551972421697,1.4461315979754157
ecg_201,ecg,128,10,327,6.116207951070336,3.9866361749789636,19.986636174978962,4.896237984240407,3.2678150146090603,28.829606,3.6184260387586766,2.038735983690112
ecg_201,ecg,128,20,227,8.810572687224669,4.716132881209264,20.716132881209262,6.80480106031092,2.3512810820172514,24.295202,6.0987369243929725,2.9368575624082234
ecg_201,ecg,128,30,194,10.309278350515465,4.899383674139066,20.899383674139067,7.89250325177555,2.0272402163914895,22.369968,7.61204943383201,3.4364261168384878
ecg_201,ecg,128,50,167,11.976047904191617,5.163190105537737,21.163190105537737,9.054247753363319,1.767126373812401,19.423139,10.686686025016938,3.992015968063872
ecg_201,ecg,256,2,1255,1.593625498007968,3.261168384879725,19.261168384879724,1.323803803519197,12.086383161512027,43.922557,0.6366080851280017,0.5312084993359893
ecg_201,ecg,256,3,922,2.1691973969631237,3.261168384879725,19.261168384879724,1.8019238323390374,8.879398625429552,38.358376,1.2080396810628258,0.7230657989877078
ecg_201,ecg,256,4,755,2.6490066225165565,3.261168384879725,19.261168384879724,2.200495064127937,7.2710910652920955,35.495813,1.6796134742838957,0.8830022075055187
ecg_201,ecg,256,5,655,3.053435114503817,3.261168384879725,19.261168384879724,2.536448509032965,6.30803264604811,33.909553,2.0161477245550086,1.0178117048346056
ecg_201,ecg,256,6,589,3.395585738539898,3.261168384879725,19.261168384879724,2.820668545698799,5.672414089347079,32.745343,2.3053286627242264,1.1318619128466327
ecg_201,ecg,256,10,455,4.395604395604396,3.4579859462304094,19.45798594623041,3.6144373073357716,4.426691802767419,30.938141,2.8385264798713674,1.465201465201465
ecg_201,ecg,256,20,355,5.633802816901408,3.8372897812827493,19.83728978128275,4.544010097360876,3.521118936177688,29.114949,3.501487255755667,1.8779342723004695
ecg_201,ecg,256,30,322,6.211180124223603,4.016038332123016,20.016038332123017,4.96496261341027,3.2225821714718057,28.376005,3.8124113164419944,2.070393374741201
ecg_201,ecg,256,50,295,6.779661016949152,4.192032668004265,20.192032668004266,5.372147423427669,2.9783248185306292,25.349166,5.401839795510592,2.2598870056497176
ecg_201,ecg,512,2,1511,1.3236267372600927,3.261168384879725,19.261168384879724,1.0995193735384463,14.551812714776633,48.360195,0.3819356962092503,0.4412089124200309
ecg_201,ecg,512,3,1178,1.697792869269949,3.261168384879725,19.261168384879724,1.4103342728493995,11.344828178694158,42.334954,0.7642796569526326,0.5659309564233164
ecg_201,ecg,512,4,1011,1.9782393669634026,3.261168384879725,19.261168384879724,1.6432975009066195,9.7365206185567,39.934868,1.0075267835094583,0.6594131223211341
ecg_201,ecg,512,5,911,2.1953896816684964,3.261168384879725,19.261168384879724,1.8236814197767204,8.773462199312714,38.30137,1.2159941903083635,0.7317965605561654
ecg_201,ecg,512,6,845,2.366863905325444,3.261168384879725,19.261168384879724,1.9661228087770326,8.137843642611683,37.202491,1.3799884451382494,0.7889546351084813
ecg_201,ecg,512,10,711,2.8129395218002813,3.261168384879725,19.261168384879724,2.336671973862999,6.847345360824741,34.904489,1.797941471449628,0.9376465072667605
ecg_201,ecg,512,20,611,3.2733224222585924,3.261168384879725,19.261168384879724,2.7191060121384494,5.884286941580755,33.812021,2.038914197556907,1.0911074740861975
ecg_201,ecg,512,30,578,3.4602076124567476,3.261168384879725,19.261168384879724,2.874349088956042,5.56647766323024,32.659209,2.3283032801653136,1.1534025374855825
ecg_201,ecg,512,50,551,3.629764065335753,3.261168384879725,19.261168384879724,3.0151974109194057,5.306451890034364,32.545337,2.359028295028115,1.2099213551119177
ecg_205,ecg,64,2,1063,1.881467544684854,3.261168384879725,19.261168384879724,1.5629104171369637,10.237310996563574,47.292415,0.43189606777103656,0.6271558482282847
ecg_205,ecg,64,3,730,2.73972602739726,3.261168384879725,19.261168384879724,2.2758544841323185,7.030326460481099,42.579113,0.7430950186245611,0.91324200913242
ecg_205,ecg,64,4,563,3.552397868561279,3.261168384879725,19.261168384879724,2.950930325784356,5.422018900343643,39.614595,1.0453705233675188,1.1841326228537596
ecg_205,ecg,64,5,463,4.319654427645788,3.423209731176752,19.42320973117675,3.5583444651475387,4.496473052767418,37.023413,1.4087351466946658,1.4398848092152627
ecg_205,ecg,64,6,397,5.037783375314861,3.6527698666530437,19.652769866653045,4.1014337699953485,3.90107481853063,35.034977,1.7711328981837273,1.6792611251049538
ecg_205,ecg,64,10,263,7.604562737642586,4.438058143935553,20.438058143935553,5.953256564072579,2.687604645927525,30.265426,3.067105395647615,2.534854245880862
ecg_205,ecg,64,20,163,12.269938650306749,5.204771457820872,21.204771457820872,9.25824731454488,1.728188873812401,25.978984,5.024013526362768,4.08997955010225
ecg_205,ecg,64,30,130,15.384615384615385,5.593155876895067,21.593155876895068,11.399623452782725,1.4035551319981794,24.117048,6.225118170584379,5.128205128205129
ecg_205,ecg,64,50,103,19.41747572815534,5.942266245376491,21.94226624537649,14.158957337232634,1.1300267116368894,21.559866,8.356159094459443,6.472491909385114
ecg_205,ecg,128,2,1127,1.774622892635315,3.261168384879725,19.261168384879724,1.474155965764501,10.853668384879724,47.921189,0.40173581399799757,0.5915409642117717
ecg_205,ecg,128,3,794,2.5188916876574305,3.261168384879725,19.261168384879724,2.092410293975557,7.646683848797251,43.200411,0.6917982355499962,0.8396305625524769
ecg_205,ecg,128,4,627,3.189792663476874,3.261168384879725,19.261168384879724,2.6497189368685685,6.038376288659793,40.529526,0.9408571724033538,1.063264221158958
ecg_205,ecg,128,5,527,3.795066413662239,3.261168384879725,19.261168384879724,3.152511904016304,5.075317869415808,38.104126,1.243923578716124,1.2650221378874131
ecg_205,ecg,128,6,461,4.3383947939262475,3.4317906302274106,19.43179063022741,3.5722038191807957,4.479027740267418,35.928051,1.5980760761948594,1.4461315979754157
ecg_205,ecg,128,10,327,6.116207951070336,3.9866361749789636,19.986636174978962,4.896237984240407,3.2678150146090603,31.989184,2.515016276288147,2.038735983690112
ecg_205,ecg,128,20,227,8.810572687224669,4.716132881209264,20.716132881209262,6.80480106031092,2.3512810820172514,28.605075,3.7131821153990017,2.9368575624082234
ecg_205,ecg,128,30,194,10.309278350515465,4.899383674139066,20.899383674139067,7.89250325177555,2.0272402163914895,26.081183,4.9652469122055365,3.4364261168384878
ecg_205,ecg,128,50,167,11.976047904191617,5.163190105537737,21.163190105537737,9.054247753363319,1.767126373812401,24.405774,6.0215916388987285,3.992015968063872
ecg_205,ecg,256,2,1255,1.593625498007968,3.261168384879725,19.261168384879724,1.323803803519197,12.086383161512027,49.480452,0.3357201434415139,0.5312084993359893
ecg_205,ecg,256,3,922,2.1691973969631237,3.261168384879725,19.261168384879724,1.8019238323390374,8.879398625429552,44.745296,0.5790755122192422,0.7230657989877078
ecg_205,ecg,256,4,755,2.6490066225165565,3.261168384879725,19.261168384879724,2.200495064127937,7.2710910652920955,42.001762,0.7941671154311521,0.8830022075055187
ecg_205,ecg,256,5,655,3.053435114503817,3.261168384879725,19.261168384879724,2.536448509032965,6.30803264604811,40.529828,0.9408244602761731,1.0178117048346056
ecg_205,ecg,256,6,589,3.395585738539898,3.261168384879725,19.261168384879724,2.820668545698799,5.672414089347079,39.08253,1.111407952539766,1.1318619128466327
ecg_205,ecg,256,10,455,4.395604395604396,3.4579859462304094,19.45798594623041,3.6144373073357716,4.426691802767419,35.125266,1.7528174978277733,1.465201465201465
ecg_205,ecg,256,20,355,5.633802816901408,3.8372897812827493,19.83728978128275,4.544010097360876,3.521118936177688,31.843234,2.5576334310391466,1.8779342723004695
ecg_205,ecg,256,30,322,6.211180124223603,4.016038332123016,20.016038332123017,4.96496261341027,3.2225821714718057,30.504227,2.983930131864187,2.070393374741201
ecg_205,ecg,256,50,295,6.779661016949152,4.192032668004265,20.192032668004266,5.372147423427669,2.9783248185306292,29.659062,3.288871458892813,2.2598870056497176
ecg_205,ecg,512,2,1511,1.3236267372600927,3.261168384879725,19.261168384879724,1.0995193735384463,14.551812714776633,54.674565,0.1846170257332687,0.4412089124200309
ecg_205,ecg,512,3,1178,1.697792869269949,3.261168384879725,19.261168384879724,1.4103342728493995,11.344828178694158,48.104304,0.39335511328125367,0.5659309564233164
ecg_205,ecg,512,4,1011,1.9782393669634026,3.261168384879725,19.261168384879724,1.6432975009066195,9.7365206185567,45.702212,0.5186679350661614,0.6594131223211341
ecg_205,ecg,512,5,911,2.1953896816684964,3.261168384879725,19.261168384879724,1.8236814197767204,8.773462199312714,44.698152,0.5822270785651694,0.7317965605561654
ecg_205,ecg,512,6,845,2.366863905325444,3.261168384879725,19.261168384879724,1.9661228087770326,8.137843642611683,43.512034,0.6674185913135949,0.7889546351084813
ecg_205,ecg,512,10,711,2.8129395218002813,3.261168384879725,19.261168384879724,2.336671973862999,6.847345360824741,41.875822,0.8057659294893539,0.9376465072667605
ecg_205,ecg,512,20,611,3.2733224222585924,3.261168384879725,19.261168384879724,2.7191060121384494,5.884286941580755,40.373995,0.9578560573459934,1.0911074740861975
ecg_205,ecg,512,30,578,3.4602076124567476,3.261168384879725,19.261168384879724,2.874349088956042,5.56647766323024,39.682546,1.0372243410081097,1.1534025374855825
ecg_205,ecg,512,50,551,3.629764065335753,3.261168384879725,19.261168384879724,3.0151974109194057,5.306451890034364,38.723818,1.1582681118621934,1.2099213551119177
ecg_212,ecg,64,2,1063,1.881467544684854,3.261168384879725,19.261168384879724,1.5629104171369637,10.237310996563574,40.904251,0.9011300036106108,0.6271558482282847
ecg_212,ecg,64,3,730,2.73972602739726,3.261168384879725,19.261168384879724,2.2758544841323185,7.030326460481099,34.818186,1.8158948627712879,0.91324200913242
ecg_212,ecg,64,4,563,3.552397868561279,3.261168384879725,19.261168384879724,2.950930325784356,5.422018900343643,31.363636,2.7028266970594963,1.1841326228537596
ecg_212,ecg,64,5,463,4.319654427645788,3.423209731176752,19.42320973117675,3.5583444651475387,4.496473052767418,29.233413,3.454055805715716,1.4398848092152627
ecg_212,ecg,64,6,397,5.037783375314861,3.6527698666530437,19.652769866653045,4.1014337699953485,3.90107481853063,27.662766,4.138678586400632,1.6792611251049538
ecg_212,ecg,64,10,263,7.604562737642586,4.438058143935553,20.438058143935553,5.953256564072579,2.687604645927525,25.338114,5.408717517210896,2.534854245880862
ecg_212,ecg,64,20,163,12.269938650306749,5.204771457820872,21.204771457820872,9.25824731454488,1.728188873812401,18.331856,12.117337379697455,4.08997955010225
ecg_212,ecg,64,30,130,15.384615384615385,5.593155876895067,21.593155876895068,11.399623452782725,1.4035551319981794,14.933697,17.91905696092383,5.128205128205129
ecg_212,ecg,64,50,103,19.41747572815534,5.942266245376491,21.94226624537649,14.158957337232634,1.1300267116368894,10.251232,30.72121586966553,6.472491909385114
ecg_212,ecg,128,2,1127,1.774622892635315,3.261168384879725,19.261168384879724,1.474155965764501,10.853668384879724,41.706735,0.8216053337896538,0.5915409642117717
ecg_212,ecg,128,3,794,2.5188916876574305,3.261168384879725,19.261168384879724,2.092410293975557,7.646683848797251,35.688457,1.6427714629717198,0.8396305625524769
ecg_212,ecg,128,4,627,3.189792663476874,3.261168384879725,19.261168384879724,2.6497189368685685,6.038376288659793,32.118449,2.4778644791766404,1.063264221158958
ecg_212,ecg,128,5,527,3.795066413662239,3.261168384879725,19.261168384879724,3.152511904016304,5.075317869415808,30.12326,3.1177192178273376,1.2650221378874131
ecg_212,ecg,128,6,461,4.3383947939262475,3.4317906302274106,19.43179063022741,3.5722038191807957,4.479027740267418,28.617794,3.707748774253033,1.4461315979754157
ecg_212,ecg,128,10,327,6.116207951070336,3.9866361749789636,19.986636174978962,4.896237984240407,3.2678150146090603,26.495415,4.734010861284318,2.038735983690112
ecg_212,ecg,128,20,227,8.810572687224669,4.716132881209264,20.716132881209262,6.80480106031092,2.3512810820172514,21.65688,8.263347184105111,2.9368575624082234
ecg_212,ecg,128,30,194,10.309278350515465,4.899383674139066,20.899383674139067,7.89250325177555,2.0272402163914895,20.856069,9.06142603880347,3.4364261168384878
ecg_212,ecg,128,50,167,11.976047904191617,5.163190105537737,21.163190105537737,9.054247753363319,1.767126373812401,15.584281,16.62593008944098,3.992015968063872
ecg_212,ecg,256,2,1255,1.593625498007968,3.261168384879725,19.261168384879724,1.323803803519197,12.086383161512027,43.148983,0.6959064311455501,0.5312084993359893
ecg_212,ecg,256,3,922,2.1691973969631237,3.261168384879725,19.261168384879724,1.8019238323390374,8.879398625429552,37.584819,1.3205627722769324,0.7230657989877078
ecg_212,ecg,256,4,755,2.6490066225165565,3.261168384879725,19.261168384879724,2.200495064127937,7.2710910652920955,34.087943,1.975162583761005,0.8830022075055187
ecg_212,ecg,256,5,655,3.053435114503817,3.261168384879725,19.261168384879724,2.536448509032965,6.30803264604811,32.268206,2.435508782576378,1.0178117048346056
ecg_212,ecg,256,6,589,3.395585738539898,3.261168384879725,19.261168384879724,2.820668545698799,5.672414089347079,30.651612,2.9337249882248004,1.1318619128466327
ecg_212,ecg,256,10,455,4.395604395604396,3.4579859462304094,19.45798594623041,3.6144373073357716,4.426691802767419,28.493516,3.7611807093734906,1.465201465201465
ecg_212,ecg,256,20,355,5.633802816901408,3.8372897812827493,19.83728978128275,4.544010097360876,3.521118936177688,26.071831,4.970595816929075,1.8779342723004695
ecg_212,ecg,256,30,322,6.211180124223603,4.016038332123016,20.016038332123017,4.96496261341027,3.2225821714718057,24.555948,5.918376642696926,2.070393374741201
ecg_212,ecg,256,50,295,6.779661016949152,4.192032668004265,20.192032668004266,5.372147423427669,2.9783248185306292,23.191486,6.925094433514979,2.2598870056497176
ecg_212,ecg,512,2,1511,1.3236267372600927,3.261168384879725,19.261168384879724,1.0995193735384463,14.551812714776633,47.49625,0.42187860375074865,0.4412089124200309
ecg_212,ecg,512,3,1178,1.697792869269949,3.261168384879725,19.261168384879724,1.4103342728493995,11.344828178694158,41.546753,0.8368783830903522,0.5659309564233164
ecg_212,ecg,512,4,1011,1.9782393669634026,3.261168384879725,19.261168384879724,1.6432975009066195,9.7365206185567,38.685463,1.1633940812465615,0.6594131223211341
ecg_212,ecg,512,5,911,2.1953896816684964,3.261168384879725,19.261168384879724,1.8236814197767204,8.773462199312714,37.302375,1.3642100669272075,0.7317965605561654
ecg_212,ecg,512,6,845,2.366863905325444,3.261168384879725,19.261168384879724,1.9661228087770326,8.137843642611683,36.185554,1.5513946877159255,0.7889546351084813
ecg_212,ecg,512,10,711,2.8129395218002813,3.261168384879725,19.261168384879724,2.336671973862999,6.847345360824741,33.733333,2.0574692350061374,0.9376465072667605
ecg_212,ecg,512,20,611,3.2733224222585924,3.261168384879725,19.261168384879724,2.7191060121384494,5.884286941580755,32.190607,2.457364896058939,1.0911074740861975
ecg_212,ecg,512,30,578,3.4602076124567476,3.261168384879725,19.261168384879724,2.874349088956042,5.56647766323024,31.139271,2.773552877031514,1.1534025374855825
ecg_212,ecg,512,50,551,3.629764065335753,3.261168384879725,19.261168384879724,3.0151974109194057,5.306451890034364,31.224684,2.7464127082655785,1.2099213551119177
ecg_215,ecg,64,2,1063,1.881467544684854,3.261168384879725,19.261168384879724,1.5629104171369637,10.237310996563574,38.913236,1.1332825456636055,0.6271558482282847
ecg_215,ecg,64,3,730,2.73972602739726,3.261168384879725,19.261168384879724,2.2758544841323185,7.030326460481099,32.843703,2.2793701154894497,0.91324200913242
ecg_215,ecg,64,4,563,3.552397868561279,3.261168384879725,19.261168384879724,2.950930325784356,5.422018900343643,29.074371,3.51788347533476,1.1841326228537596
ecg_215,ecg,64,5,463,4.319654427645788,3.423209731176752,19.42320973117675,3.5583444651475387,4.496473052767418,27.22254,4.353845363051857,1.4398848092152627
ecg_215,ecg,64,6,397,5.037783375314861,3.6527698666530437,19.652769866653045,4.1014337699953485,3.90107481853063,26.153061,4.924327742142727,1.6792611251049538
ecg_215,ecg,64,10,263,7.604562737642586,4.438058143935553,20.438058143935553,5.953256564072579,2.687604645927525,22.763915,7.2745184551069775,2.534854245880862
ecg_215,ecg,64,20,163,12.269938650306749,5.204771457820872,21.204771457820872,9.25824731454488,1.728188873812401,16.612171,14.770372564676515,4.08997955010225
ecg_215,ecg,64,30,130,15.384615384615385,5.593155876895067,21.593155876895068,11.399623452782725,1.4035551319981794,12.676144,23.23768177345752,5.128205128205129
ecg_215,ecg,64,50,103,19.41747572815534,5.942266245376491,21.94226624537649,14.158957337232634,1.1300267116368894,10.334324,30.428728133240757,6.472491909385114
ecg_215,ecg,128,2,1127,1.774622892635315,3.261168384879725,19.261168384879724,1.474155965764501,10.853668384879724,39.458837,1.0642855115370078,0.5915409642117717
ecg_215,ecg,128,3,794,2.5188916876574305,3.261168384879725,19.261168384879724,2.092410293975557,7.646683848797251,33.43196,2.130109846907024,0.8396305625524769
ecg_215,ecg,128,4,627,3.189792663476874,3.261168384879725,19.261168384879724,2.6497189368685685,6.038376288659793,29.706134,3.2710960755470877,1.063264221158958
ecg_215,ecg,128,5,527,3.795066413662239,3.261168384879725,19.261168384879724,3.152511904016304,5.075317869415808,27.961328,3.9988360622261507,1.2650221378874131
ecg_215,ecg,128,6,461,4.3383947939262475,3.4317906302274106,19.43179063022741,3.5722038191807957,4.479027740267418,26.577028,4.689738207218455,1.4461315979754157
ecg_215,ecg,128,10,327,6.116207951070336,3.9866361749789636,19.986636174978962,4.896237984240407,3.2678150146090603,23.686313,6.541605501703182,2.038735983690112
ecg_215,ecg,128,20,227,8.810572687224669,4.716132881209264,20.716132881209262,6.80480106031092,2.3512810820172514,21.192277,8.717383457222356,2.9368575624082234
ecg_215,ecg,128,30,194,10.309278350515465,4.899383674139066,20.899383674139067,7.89250325177555,2.0272402163914895,18.560095,11.803077262259988,3.4364261168384878
ecg_215,ecg,128,50,167,11.976047904191617,5.163190105537737,21.163190105537737,9.054247753363319,1.767126373812401,16.043369,15.769994795475148,3.992015968063872
ecg_215,ecg,256,2,1255,1.593625498007968,3.261168384879725,19.261168384879724,1.323803803519197,12.086383161512027,40.882797,0.9033585305055014,0.5312084993359893
ecg_215,ecg,256,3,922,2.1691973969631237,3.261168384879725,19.261168384879724,1.8019238323390374,8.879398625429552,35.074696,1.7630523178496817,0.7230657989877078
ecg_215,ecg,256,4,755,2.6490066225165565,3.261168384879725,19.261168384879724,2.200495064127937,7.2710910652920955,31.576646,2.637349584679633,0.8830022075055187
ecg_215,ecg,256,5,655,3.053435114503817,3.261168384879725,19.261168384879724,2.536448509032965,6.30803264604811,29.761962,3.2501387379006466,1.0178117048346056
ecg_215,ecg,256,6,589,3.395585738539898,3.261168384879725,19.261168384879724,2.820668545698799,5.672414089347079,28.92154,3.580329525717955,1.1318619128466327
ecg_215,ecg,256,10,455,4.395604395604396,3.4579859462304094,19.45798594623041,3.6144373073357716,4.426691802767419,26.674329,4.637496021043399,1.465201465201465
ecg_215,ecg,256,20,355,5.633802816901408,3.8372897812827493,19.83728978128275,4.544010097360876,3.521118936177688,24.478533,5.971361311454561,1.8779342723004695
ecg_215,ecg,256,30,322,6.211180124223603,4.016038332123016,20.016038332123017,4.96496261341027,3.2225821714718057,23.558836,6.638320248713401,2.070393374741201
ecg_215,ecg,256,50,295,6.779661016949152,4.192032668004265,20.192032668004266,5.372147423427669,2.9783248185306292,22.125425,7.829404840262496,2.2598870056497176
ecg_215,ecg,512,2,1511,1.3236267372600927,3.261168384879725,19.261168384879724,1.0995193735384463,14.551812714776633,45.420776,0.5357487914165764,0.4412089124200309
ecg_215,ecg,512,3,1178,1.697792869269949,3.261168384879725,19.261168384879724,1.4103342728493995,11.344828178694158,39.250957,1.0900643838954145,0.5659309564233164
ecg_215,ecg,512,4,1011,1.9782393669634026,3.261168384879725,19.261168384879724,1.6432975009066195,9.7365206185567,36.924318,1.4248990601076288,0.6594131223211341
ecg_215,ecg,512,5,911,2.1953896816684964,3.261168384879725,19.261168384879724,1.8236814197767204,8.773462199312714,35.108825,1.7561384430506106,0.7317965605561654
ecg_215,ecg,512,6,845,2.366863905325444,3.261168384879725,19.261168384879724,1.9661228087770326,8.137843642611683,33.795455,2.0428065890603624,0.7889546351084813
ecg_215,ecg,512,10,711,2.8129395218002813,3.261168384879725,19.261168384879724,2.336671973862999,6.847345360824741,31.487138,2.6646679600289014,0.9376465072667605
ecg_215,ecg,512,20,611,3.2733224222585924,3.261168384879725,19.261168384879724,2.7191060121384494,5.884286941580755,29.624315,3.30205459912759,1.0911074740861975
ecg_215,ecg,512,30,578,3.4602076124567476,3.261168384879725,19.261168384879724,2.874349088956042,5.56647766323024,29.461079,3.364697690019288,1.1534025374855825
ecg_215,ecg,512,50,551,3.629764065335753,3.261168384879725,19.261168384879724,3.0151974109194057,5.306451890034364,29.024113,3.538297535991734,1.2099213551119177
ecg_228,ecg,64,2,1063,1.881467544684854,3.261168384879725,19.261168384879724,1.5629104171369637,10.237310996563574,39.868056,1.0153065782012423,0.6271558482282847
ecg_228,ecg,64,3,730,2.73972602739726,3.261168384879725,19.261168384879724,2.2758544841323185,7.030326460481099,34.39911,1.9056559710686636,0.91324200913242
ecg_228,ecg,64,4,563,3.552397868561279,3.261168384879725,19.261168384879724,2.950930325784356,5.422018900343643,31.193143,2.75640386369158,1.1841326228537596
ecg_228,ecg,64,5,463,4.319654427645788,3.423209731176752,19.42320973117675,3.5583444651475387,4.496473052767418,28.319328,3.837369328650806,1.4398848092152627
ecg_228,ecg,64,6,397,5.037783375314861,3.6527698666530437,19.652769866653045,4.1014337699953485,3.90107481853063,26.922576,4.506830243209361,1.6792611251049538
ecg_228,ecg,64,10,263,7.604562737642586,4.438058143935553,20.438058143935553,5.953256564072579,2.687604645927525,23.161843,6.948768607381581,2.534854245880862
ecg_228,ecg,64,20,163,12.269938650306749,5.204771457820872,21.204771457820872,9.25824731454488,1.728188873812401,20.41519,9.533239417100098,4.08997955010225
ecg_228,ecg,64,30,130,15.384615384615385,5.593155876895067,21.593155876895068,11.399623452782725,1.4035551319981794,17.016265,14.098949338620304,5.128205128205129
ecg_228,ecg,64,50,103,19.41747572815534,5.942266245376491,21.94226624537649,14.158957337232634,1.1300267116368894,16.320717,15.274399664150298,6.472491909385114
ecg_228,ecg,128,2,1127,1.774622892635315,3.261168384879725,19.261168384879724,1.474155965764501,10.853668384879724,40.790575,0.9130009932463754,0.5915409642117717
ecg_228,ecg,128,3,794,2.5188916876574305,3.261168384879725,19.261168384879724,2.092410293975557,7.646683848797251,35.341233,1.7097725881703436,0.8396305625524769
ecg_228,ecg,128,4,627,3.189792663476874,3.261168384879725,19.261168384879724,2.6497189368685685,6.038376288659793,32.19195,2.4569849711385503,1.063264221158958
ecg_228,ecg,128,5,527,3.795066413662239,3.261168384879725,19.261168384879724,3.152511904016304,5.075317869415808,29.629657,3.3000243923019137,1.2650221378874131
ecg_228,ecg,128,6,461,4.3383947939262475,3.4317906302274106,19.43179063022741,3.5722038191807957,4.479027740267418,28.001333,3.9804607881024823,1.4461315979754157
ecg_228,ecg,128,10,327,6.116207951070336,3.9866361749789636,19.986636174978962,4.896237984240407,3.2678150146090603,24.633832,5.865545391511502,2.038735983690112
ecg_228,ecg,128,20,227,8.810572687224669,4.716132881209264,20.716132881209262,6.80480106031092,2.3512810820172514,21.90035,8.034937445607152,2.9368575624082234
ecg_228,ecg,128,30,194,10.309278350515465,4.899383674139066,20.899383674139067,7.89250325177555,2.0272402163914895,20.482692,9.45943941459699,3.4364261168384878
ecg_228,ecg,128,50,167,11.976047904191617,5.163190105537737,21.163190105537737,9.054247753363319,1.767126373812401,18.356511,12.08299094432484,3.992015968063872
ecg_228,ecg,256,2,1255,1.593625498007968,3.261168384879725,19.261168384879724,1.323803803519197,12.086383161512027,42.323151,0.7653189200551265,0.5312084993359893
ecg_228,ecg,256,3,922,2.1691973969631237,3.261168384879725,19.261168384879724,1.8019238323390374,8.879398625429552,36.836701,1.43934515416544,0.7230657989877078
ecg_228,ecg,256,4,755,2.6490066225165565,3.261168384879725,19.261168384879724,2.200495064127937,7.2710910652920955,33.917506,2.0143025382795336,0.8830022075055187
ecg_228,ecg,256,5,655,3.053435114503817,3.261168384879725,19.261168384879724,2.536448509032965,6.30803264604811,31.771503,2.578842684761704,1.0178117048346056
ecg_228,ecg,256,6,589,3.395585738539898,3.261168384879725,19.261168384879724,2.820668545698799,5.672414089347079,30.901385,2.850563697429124,1.1318619128466327
ecg_228,ecg,256,10,455,4.395604395604396,3.4579859462304094,19.45798594623041,3.6144373073357716,4.426691802767419,27.743339,4.1004644403301125,1.465201465201465
ecg_228,ecg,256,20,355,5.633802816901408,3.8372897812827493,19.83728978128275,4.544010097360876,3.521118936177688,25.44725,5.341183515884648,1.8779342723004695
ecg_228,ecg,256,30,322,6.211180124223603,4.016038332123016,20.016038332123017,4.96496261341027,3.2225821714718057,24.39167,6.0313773398578805,2.070393374741201
ecg_228,ecg,256,50,295,6.779661016949152,4.192032668004265,20.192032668004266,5.372147423427669,2.9783248185306292,21.118067,8.792181605333111,2.2598870056497176
ecg_228,ecg,512,2,1511,1.3236267372600927,3.261168384879725,19.261168384879724,1.0995193735384463,14.551812714776633,46.589101,0.4683224207977419,0.4412089124200309
ecg_228,ecg,512,3,1178,1.697792869269949,3.261168384879725,19.261168384879724,1.4103342728493995,11.344828178694158,40.743388,0.9179744634368014,0.5659309564233164
ecg_228,ecg,512,4,1011,1.9782393669634026,3.261168384879725,19.261168384879724,1.6432975009066195,9.7365206185567,38.198001,1.2305519416093524,0.6594131223211341
ecg_228,ecg,512,5,911,2.1953896816684964,3.261168384879725,19.261168384879724,1.8236814197767204,8.773462199312714,36.646742,1.4711701347668509,0.7317965605561654
ecg_228,ecg,512,6,845,2.366863905325444,3.261168384879725,19.261168384879724,1.9661228087770326,8.137843642611683,35.670922,1.6460912258322282,0.7889546351084813
ecg_228,ecg,512,10,711,2.8129395218002813,3.261168384879725,19.261168384879724,2.336671973862999,6.847345360824741,33.648083,2.0777622428782796,0.9376465072667605
ecg_228,ecg,512,20,611,3.2733224222585924,3.261168384879725,19.261168384879724,2.7191060121384494,5.884286941580755,31.948315,2.526877858683832,1.0911074740861975
ecg_228,ecg,512,30,578,3.4602076124567476,3.261168384879725,19.261168384879724,2.874349088956042,5.56647766323024,31.744161,2.586973321374235,1.1534025374855825
ecg_228,ecg,512,50,551,3.629764065335753,3.261168384879725,19.261168384879724,3.0151974109194057,5.306451890034364,31.329498,2.713470472335115,1.2099213551119177
vib_normal_0hp,vibration,64,2,1063,1.881467544684854,3.261168384879725,19.261168384879724,1.5629104171369637,10.237310996563574,24.684981,5.831106184503129,0.6271558482282847
vib_normal_0hp,vibration,64,3,730,2.73972602739726,3.261168384879725,19.261168384879724,2.2758544841323185,7.030326460481099,18.514811,11.86477344817781,0.91324200913242
vib_normal_0hp,vibration,64,4,563,3.552397868561279,3.261168384879725,19.261168384879724,2.950930325784356,5.422018900343643,15.165261,17.44765037333517,1.1841326228537596
vib_normal_0hp,vibration,64,5,463,4.319654427645788,3.423209731176752,19.42320973117675,3.5583444651475387,4.496473052767418,12.178874,24.60686575906991,1.4398848092152627
vib_normal_0hp,vibration,64,6,397,5.037783375314861,3.6527698666530437,19.652769866653045,4.1014337699953485,3.90107481853063,9.090631,35.113041517305625,1.6792611251049538
vib_normal_0hp,vibration,64,10,263,7.604562737642586,4.438058143935553,20.438058143935553,5.953256564072579,2.687604645927525,3.723852,65.13394753455566,2.534854245880862
vib_normal_0hp,vibration,64,20,163,12.269938650306749,5.204771457820872,21.204771457820872,9.25824731454488,1.728188873812401,1.032301,88.79427181094228,4.08997955010225
vib_normal_0hp,vibration,64,30,130,15.384615384615385,5.593155876895067,21.593155876895068,11.399623452782725,1.4035551319981794,0.676465,92.50745859632694,5.128205128205129
vib_normal_0hp,vibration,64,50,103,19.41747572815534,5.942266245376491,21.94226624537649,14.158957337232634,1.1300267116368894,-0.476754,105.64226401944228,6.472491909385114
vib_normal_0hp,vibration,128,2,1127,1.774622892635315,3.261168384879725,19.261168384879724,1.474155965764501,10.853668384879724,25.439807,5.345762375202151,0.5915409642117717
vib_normal_0hp,vibration,128,3,794,2.5188916876574305,3.261168384879725,19.261168384879724,2.092410293975557,7.646683848797251,19.398657,10.716849948496797,0.8396305625524769
vib_normal_0hp,vibration,128,4,627,3.189792663476874,3.261168384879725,19.261168384879724,2.6497189368685685,6.038376288659793,16.021515,15.809722607409519,1.063264221158958
vib_normal_0hp,vibration,128,5,527,3.795066413662239,3.261168384879725,19.261168384879724,3.152511904016304,5.075317869415808,13.138695,22.0325746369088,1.2650221378874131
vib_normal_0hp,vibration,128,6,461,4.3383947939262475,3.4317906302274106,19.43179063022741,3.5722038191807957,4.479027740267418,10.698732,29.178529424483358,1.4461315979754157
vib_normal_0hp,vibration,128,10,327,6.116207951070336,3.9866361749789636,19.986636174978962,4.896237984240407,3.2678150146090603,4.874132,57.05495931279233,2.038735983690112
vib_normal_0hp,vibration,128,20,227,8.810572687224669,4.716132881209264,20.716132881209262,6.80480106031092,2.3512810820172514,2.312719,76.62386419968351,2.9368575624082234
vib_normal_0hp,vibration,128,30,194,10.309278350515465,4.899383674139066,20.899383674139067,7.89250325177555,2.0272402163914895,2.329849,76.47289827676235,3.4364261168384878
vib_normal_0hp,vibration,128,50,167,11.976047904191617,5.163190105537737,21.163190105537737,9.054247753363319,1.767126373812401,0.283654,96.78706045768297,3.992015968063872
vib_normal_0hp,vibration,256,2,1255,1.593625498007968,3.261168384879725,19.261168384879724,1.323803803519197,12.086383161512027,26.692483,4.627813514409932,0.5312084993359893
vib_normal_0hp,vibration,256,3,922,2.1691973969631237,3.261168384879725,19.261168384879724,1.8019238323390374,8.879398625429552,21.127994,8.782138865464576,0.7230657989877078
vib_normal_0hp,vibration,256,4,755,2.6490066225165565,3.261168384879725,19.261168384879724,2.200495064127937,7.2710910652920955,18.106729,12.435508537467172,0.8830022075055187
vib_normal_0hp,vibration,256,5,655,3.053435114503817,3.261168384879725,19.261168384879724,2.536448509032965,6.30803264604811,15.588232,16.6183690778913,1.0178117048346056
vib_normal_0hp,vibration,256,6,589,3.395585738539898,3.261168384879725,19.261168384879724,2.820668545698799,5.672414089347079,13.875947,20.23963377873033,1.1318619128466327
vib_normal_0hp,vibration,256,10,455,4.395604395604396,3.4579859462304094,19.45798594623041,3.6144373073357716,4.426691802767419,10.713496,29.128974812281417,1.465201465201465
vib_normal_0hp,vibration,256,20,355,5.633802816901408,3.8372897812827493,19.83728978128275,4.544010097360876,3.521118936177688,6.991131,44.71399253775253,1.8779342723004695
vib_normal_0hp,vibration,256,30,322,6.211180124223603,4.016038332123016,20.016038332123017,4.96496261341027,3.2225821714718057,5.93902,50.47182400292406,2.070393374741201
vib_normal_0hp,vibration,256,50,295,6.779661016949152,4.192032668004265,20.192032668004266,5.372147423427669,2.9783248185306292,5.042878,55.957216101858585,2.2598870056497176
vib_normal_0hp,vibration,512,2,1511,1.3236267372600927,3.261168384879725,19.261168384879724,1.0995193735384463,14.551812714776633,31.146739,2.7711692419659495,0.4412089124200309
vib_normal_0hp,vibration,512,3,1178,1.697792869269949,3.261168384879725,19.261168384879724,1.4103342728493995,11.344828178694158,25.098435,5.560044276133189,0.5659309564233164
vib_normal_0hp,vibration,512,4,1011,1.9782393669634026,3.261168384879725,19.261168384879724,1.6432975009066195,9.7365206185567,22.378046,7.604973411294015,0.6594131223211341
vib_normal_0hp,vibration,512,5,911,2.1953896816684964,3.261168384879725,19.261168384879724,1.8236814197767204,8.773462199312714,21.237994,8.671621231059962,0.7317965605561654
vib_normal_0hp,vibration,512,6,845,2.366863905325444,3.261168384879725,19.261168384879724,1.9661228087770326,8.137843642611683,20.240019,9.727450959376984,0.7889546351084813
vib_normal_0hp,vibration,512,10,711,2.8129395218002813,3.261168384879725,19.261168384879724,2.336671973862999,6.847345360824741,17.759541,12.94264234166446,0.9376465072667605
vib_normal_0hp,vibration,512,20,611,3.2733224222585924,3.261168384879725,19.261168384879724,2.7191060121384494,5.884286941580755,16.047445,15.762596195914366,1.0911074740861975
vib_normal_0hp,vibration,512,30,578,3.4602076124567476,3.261168384879725,19.261168384879724,2.874349088956042,5.56647766323024,15.211423,17.355169117020708,1.1534025374855825
vib_normal_0hp,vibration,512,50,551,3.629764065335753,3.261168384879725,19.261168384879724,3.0151974109194057,5.306451890034364,14.780678,18.237533388916106,1.2099213551119177
vib_inner_race_007,vibration,64,2,1063,1.881467544684854,3.261168384879725,19.261168384879724,1.5629104171369637,10.237310996563574,13.043473,22.27544301178163,0.6271558482282847
vib_inner_race_007,vibration,64,3,730,2.73972602739726,3.261168384879725,19.261168384879724,2.2758544841323185,7.030326460481099,7.732605,41.05534916098988,0.91324200913242
vib_inner_race_007,vibration,64,4,563,3.552397868561279,3.261168384879725,19.261168384879724,2.950930325784356,5.422018900343643,4.977668,56.37890023811549,1.1841326228537596
vib_inner_race_007,vibration,64,5,463,4.319654427645788,3.423209731176752,19.42320973117675,3.5583444651475387,4.496473052767418,3.145457,69.618898875264,1.4398848092152627
vib_inner_race_007,vibration,64,6,397,5.037783375314861,3.6527698666530437,19.652769866653045,4.1014337699953485,3.90107481853063,2.080552,78.69957734630961,1.6792611251049538
vib_inner_race_007,vibration,64,10,263,7.604562737642586,4.438058143935553,20.438058143935553,5.953256564072579,2.687604645927525,-1.151195,114.17203710853711,2.534854245880862
vib_inner_race_007,vibration,64,20,163,12.269938650306749,5.204771457820872,21.204771457820872,9.25824731454488,1.728188873812401,-3.3717,147.4297061765435,4.08997955010225
vib_inner_race_007,vibration,64,30,130,15.384615384615385,5.593155876895067,21.593155876895068,11.399623452782725,1.4035551319981794,-4.0611,159.60812656492263,5.128205128205129
vib_inner_race_007,vibration,64,50,103,19.41747572815534,5.942266245376491,21.94226624537649,14.158957337232634,1.1300267116368894,-3.952585,157.62650638086927,6.472491909385114
vib_inner_race_007,vibration,128,2,1127,1.774622892635315,3.261168384879725,19.261168384879724,1.474155965764501,10.853668384879724,13.76151,20.50805625172081,0.5915409642117717
vib_inner_race_007,vibration,128,3,794,2.5188916876574305,3.261168384879725,19.261168384879724,2.092410293975557,7.646683848797251,8.409525,37.97727068040872,0.8396305625524769
vib_inner_race_007,vibration,128,4,627,3.189792663476874,3.261168384879725,19.261168384879724,2.6497189368685685,6.038376288659793,5.544241,52.81872944025886,1.063264221158958
vib_inner_race_007,vibration,128,5,527,3.795066413662239,3.261168384879725,19.261168384879724,3.152511904016304,5.075317869415808,3.659002,65.62206610666342,1.2650221378874131
vib_inner_race_007,vibration,128,6,461,4.3383947939262475,3.4317906302274106,19.43179063022741,3.5722038191807957,4.479027740267418,2.866328,71.89250230229672,1.4461315979754157
vib_inner_race_007,vibration,128,10,327,6.116207951070336,3.9866361749789636,19.986636174978962,4.896237984240407,3.2678150146090603,0.577849,93.56373495251502,2.038735983690112
vib_inner_race_007,vibration,128,20,227,8.810572687224669,4.716132881209264,20.716132881209262,6.80480106031092,2.3512810820172514,-1.283056,115.9185126318491,2.9368575624082234
vib_inner_race_007,vibration,128,30,194,10.309278350515465,4.899383674139066,20.899383674139067,7.89250325177555,2.0272402163914895,-2.657292,135.78900311821286,3.4364261168384878
vib_inner_race_007,vibration,128,50,167,11.976047904191617,5.163190105537737,21.163190105537737,9.054247753363319,1.767126373812401,-2.640223,135.52242056918436,3.992015968063872
vib_inner_race_007,vibration,256,2,1255,1.593625498007968,3.261168384879725,19.261168384879724,1.323803803519197,12.086383161512027,15.434683,16.91476038737603,0.5312084993359893
vib_inner_race_007,vibration,256,3,922,2.1691973969631237,3.261168384879725,19.261168384879724,1.8019238323390374,8.879398625429552,9.885133,32.04375112265416,0.7230657989877078
vib_inner_race_007,vibration,256,4,755,2.6490066225165565,3.261168384879725,19.261168384879724,2.200495064127937,7.2710910652920955,6.935117,45.00327814886524,0.8830022075055187
vib_inner_race_007,vibration,256,5,655,3.053435114503817,3.261168384879725,19.261168384879724,2.536448509032965,6.30803264604811,5.390468,53.762146503325106,1.0178117048346056
vib_inner_race_007,vibration,256,6,589,3.395585738539898,3.261168384879725,19.261168384879724,2.820668545698799,5.672414089347079,3.854329,64.16283577331058,1.1318619128466327
vib_inner_race_007,vibration,256,10,455,4.395604395604396,3.4579859462304094,19.45798594623041,3.6144373073357716,4.426691802767419,2.556251,74.50534841846367,1.465201465201465
vib_inner_race_007,vibration,256,20,355,5.633802816901408,3.8372897812827493,19.83728978128275,4.544010097360876,3.521118936177688,1.028934,88.82869871245633,1.8779342723004695
vib_inner_race_007,vibration,256,30,322,6.211180124223603,4.016038332123016,20.016038332123017,4.96496261341027,3.2225821714718057,0.69881,92.26978316168277,2.070393374741201
vib_inner_race_007,vibration,256,50,295,6.779661016949152,4.192032668004265,20.192032668004266,5.372147423427669,2.9783248185306292,-0.300191,103.51649293825216,2.2598870056497176
vib_inner_race_007,vibration,512,2,1511,1.3236267372600927,3.261168384879725,19.261168384879724,1.0995193735384463,14.551812714776633,20.283938,9.678389589113372,0.4412089124200309
vib_inner_race_007,vibration,512,3,1178,1.697792869269949,3.261168384879725,19.261168384879724,1.4103342728493995,11.344828178694158,13.554348,21.003061304112943,0.5659309564233164
vib_inner_race_007,vibration,512,4,1011,1.9782393669634026,3.261168384879725,19.261168384879724,1.6432975009066195,9.7365206185567,11.24119,27.41198591541176,0.6594131223211341
vib_inner_race_007,vibration,512,5,911,2.1953896816684964,3.261168384879725,19.261168384879724,1.8236814197767204,8.773462199312714,9.347598,34.089458291473946,0.7317965605561654
vib_inner_race_007,vibration,512,6,845,2.366863905325444,3.261168384879725,19.261168384879724,1.9661228087770326,8.137843642611683,8.340206,38.28156641130511,0.7889546351084813
vib_inner_race_007,vibration,512,10,711,2.8129395218002813,3.261168384879725,19.261168384879724,2.336671973862999,6.847345360824741,6.693926,46.270447526016966,0.9376465072667605
vib_inner_race_007,vibration,512,20,611,3.2733224222585924,3.261168384879725,19.261168384879724,2.7191060121384494,5.884286941580755,5.393287,53.74470086374781,1.0911074740861975
vib_inner_race_007,vibration,512,30,578,3.4602076124567476,3.261168384879725,19.261168384879724,2.874349088956042,5.56647766323024,4.683339,58.322086140549786,1.1534025374855825
vib_inner_race_007,vibration,512,50,551,3.629764065335753,3.261168384879725,19.261168384879724,3.0151974109194057,5.306451890034364,4.183273,61.77835642744915,1.2099213551119177
vib_ball_fault_007,vibration,64,2,1063,1.881467544684854,3.261168384879725,19.261168384879724,1.5629104171369637,10.237310996563574,9.182088,34.74526273065549,0.6271558482282847
vib_ball_fault_007,vibration,64,3,730,2.73972602739726,3.261168384879725,19.261168384879724,2.2758544841323185,7.030326460481099,4.315506,60.844972618722394,0.91324200913242
vib_ball_fault_007,vibration,64,4,563,3.552397868561279,3.261168384879725,19.261168384879724,2.950930325784356,5.422018900343643,1.652197,82.67803571437831,1.1841326228537596
vib_ball_fault_007,vibration,64,5,463,4.319654427645788,3.423209731176752,19.42320973117675,3.5583444651475387,4.496473052767418,0.661323,92.6688663115112,1.4398848092152627
vib_ball_fault_007,vibration,64,6,397,5.037783375314861,3.6527698666530437,19.652769866653045,4.1014337699953485,3.90107481853063,-0.220027,102.56551144849915,1.6792611251049538
vib_ball_fault_007,vibration,64,10,263,7.604562737642586,4.438058143935553,20.438058143935553,5.953256564072579,2.687604645927525,-1.72317,121.94345622404963,2.534854245880862
vib_ball_fault_007,vibration,64,20,163,12.269938650306749,5.204771457820872,21.204771457820872,9.25824731454488,1.728188873812401,-3.159344,143.8689917397205,4.08997955010225
vib_ball_fault_007,vibration,64,30,130,15.384615384615385,5.593155876895067,21.593155876895068,11.399623452782725,1.4035551319981794,-3.55091,150.50311890813109,5.128205128205129
vib_ball_fault_007,vibration,64,50,103,19.41747572815534,5.942266245376491,21.94226624537649,14.158957337232634,1.1300267116368894,-3.937958,157.36128741292228,6.472491909385114
vib_ball_fault_007,vibration,128,2,1127,1.774622892635315,3.261168384879725,19.261168384879724,1.474155965764501,10.853668384879724,9.999245,31.62552545470935,0.5915409642117717
vib_ball_fault_007,vibration,128,3,794,2.5188916876574305,3.261168384879725,19.261168384879724,2.092410293975557,7.646683848797251,4.945625,56.587271002116324,0.8396305625524769
vib_ball_fault_007,vibration,128,4,627,3.189792663476874,3.261168384879725,19.261168384879724,2.6497189368685685,6.038376288659793,2.450505,75.41795463677047,1.063264221158958
vib_ball_fault_007,vibration,128,5,527,3.795066413662239,3.261168384879725,19.261168384879724,3.152511904016304,5.075317869415808,1.6732,82.47835680027964,1.2650221378874131
vib_ball_fault_007,vibration,128,6,461,4.3383947939262475,3.4317906302274106,19.43179063022741,3.5722038191807957,4.479027740267418,0.243854,97.23157036499728,1.4461315979754157
vib_ball_fault_007,vibration,128,10,327,6.116207951070336,3.9866361749789636,19.986636174978962,4.896237984240407,3.2678150146090603,-0.808087,109.74995478684228,2.038735983690112
vib_ball_fault_007,vibration,128,20,227,8.810572687224669,4.716132881209264,20.716132881209262,6.80480106031092,2.3512810820172514,-1.943884,125.08182235932246,2.9368575624082234
vib_ball_fault_007,vibration,128,30,194,10.309278350515465,4.899383674139066,20.899383674139067,7.89250325177555,2.0272402163914895,-2.825298,138.4410549340195,3.4364261168384878
vib_ball_fault_007,vibration,128,50,167,11.976047904191617,5.163190105537737,21.163190105537737,9.054247753363319,1.767126373812401,-3.102698,142.93378686762722,3.992015968063872
vib_ball_fault_007,vibration,256,2,1255,1.593625498007968,3.261168384879725,19.261168384879724,1.323803803519197,12.086383161512027,11.363912,27.02740814283226,0.5312084993359893
vib_ball_fault_007,vibration,256,3,922,2.1691973969631237,3.261168384879725,19.261168384879724,1.8019238323390374,8.879398625429552,6.406229,47.828697052525214,0.7230657989877078
vib_ball_fault_007,vibration,256,4,755,2.6490066225165565,3.261168384879725,19.261168384879724,2.200495064127937,7.2710910652920955,3.805139,64.52723411839419,0.8830022075055187
vib_ball_fault_007,vibration,256,5,655,3.053435114503817,3.261168384879725,19.261168384879724,2.536448509032965,6.30803264604811,2.733617,72.99937637329576,1.0178117048346056
vib_ball_fault_007,vibration,256,6,589,3.395585738539898,3.261168384879725,19.261168384879724,2.820668545698799,5.672414089347079,2.038759,79.07916045996379,1.1318619128466327
vib_ball_fault_007,vibration,256,10,455,4.395604395604396,3.4579859462304094,19.45798594623041,3.6144373073357716,4.426691802767419,0.115708,98.67669610384323,1.465201465201465
vib_ball_fault_007,vibration,256,20,355,5.633802816901408,3.8372897812827493,19.83728978128275,4.544010097360876,3.521118936177688,-0.590068,107.02947619907836,1.8779342723004695
vib_ball_fault_007,vibration,256,30,322,6.211180124223603,4.016038332123016,20.016038332123017,4.96496261341027,3.2225821714718057,-1.287708,115.98061304711015,2.070393374741201
vib_ball_fault_007,vibration,256,50,295,6.779661016949152,4.192032668004265,20.192032668004266,5.372147423427669,2.9783248185306292,-1.39549,117.42876677801301,2.2598870056497176
vib_ball_fault_007,vibration,512,2,1511,1.3236267372600927,3.261168384879725,19.261168384879724,1.0995193735384463,14.551812714776633,15.565345,16.662215611339057,0.4412089124200309
vib_ball_fault_007,vibration,512,3,1178,1.697792869269949,3.261168384879725,19.261168384879724,1.4103342728493995,11.344828178694158,9.895684,32.00485028816578,0.5659309564233164
vib_ball_fault_007,vibration,512,4,1011,1.9782393669634026,3.261168384879725,19.261168384879724,1.6432975009066195,9.7365206185567,7.699206,41.21351917364734,0.6594131223211341
vib_ball_fault_007,vibration,512,5,911,2.1953896816684964,3.261168384879725,19.261168384879724,1.8236814197767204,8.773462199312714,6.201782,48.967834649023985,0.7317965605561654
vib_ball_fault_007,vibration,512,6,845,2.366863905325444,3.261168384879725,19.261168384879724,1.9661228087770326,8.137843642611683,5.624777,52.33125499432194,0.7889546351084813
vib_ball_fault_007,vibration,512,10,711,2.8129395218002813,3.261168384879725,19.261168384879724,2.336671973862999,6.847345360824741,4.151076,62.007782422656845,0.9376465072667605
vib_ball_fault_007,vibration,512,20,611,3.2733224222585924,3.261168384879725,19.261168384879724,2.7191060121384494,5.884286941580755,2.499435,74.99429900591672,1.0911074740861975
vib_ball_fault_007,vibration,512,30,578,3.4602076124567476,3.261168384879725,19.261168384879724,2.874349088956042,5.56647766323024,1.984601,79.57377287645431,1.1534025374855825
vib_ball_fault_007,vibration,512,50,551,3.629764065335753,3.261168384879725,19.261168384879724,3.0151974109194057,5.306451890034364,1.60996,83.08105447170554,1.2099213551119177
