signal,domain,mode,buffer_size,overload,trial,snr_db,mse,max_wait_ms,deriv_ratio,drops,rpeak_f1,rpeak_precision,rpeak_recall,rpeak_timing_ms,spectral_correlation
ecg_100,ecg,DROP,128,3,0,28.0888,2.012198e-04,0.0213,0.8717,971,0.9333,1.0000,0.8750,1.1905,-1.0000
ecg_100,ecg,RANDOM_DROP,128,3,0,20.7358,1.093892e-03,0.0080,0.8241,957,0.9333,1.0000,0.8750,1.1905,-1.0000
ecg_100,ecg,DROP_MIDDLE,128,3,0,28.4121,1.867840e-04,0.0025,0.8658,966,0.9333,1.0000,0.8750,1.5873,-1.0000
ecg_100,ecg,DROP_LOW_VARIANCE,128,3,0,34.9564,4.139103e-05,0.0025,0.8620,964,0.9333,1.0000,0.8750,0.7937,-1.0000
ecg_100,ecg,ADAPTIVE,128,3,0,31.9049,8.357188e-05,0.2387,0.9012,791,0.9333,1.0000,0.8750,1.1905,-1.0000
ecg_100,ecg,LEGACY_IMPORTANCE,128,3,0,35.0524,4.048679e-05,0.0035,0.9146,961,0.9333,1.0000,0.8750,0.7937,-1.0000
ecg_100,ecg,IMP_FIRST_ORDER,128,3,0,34.9837,4.113200e-05,0.0255,0.9181,951,0.9333,1.0000,0.8750,0.7937,-1.0000
ecg_100,ecg,IMP_WINDOWED_ENERGY,128,3,0,34.8336,4.257834e-05,0.0209,0.8639,958,0.9333,1.0000,0.8750,0.7937,-1.0000
ecg_100,ecg,IMP_COMPOSITE,128,3,0,35.1472,3.961233e-05,0.0032,0.8948,968,0.9333,1.0000,0.8750,0.7937,-1.0000
ecg_100,ecg,IMP_ADAPTIVE,128,3,0,35.3693,3.763709e-05,0.0052,0.8915,960,0.9333,1.0000,0.8750,0.7937,-1.0000
ecg_100,ecg,IMP_INTERP_ERROR,128,3,0,42.8820,6.673515e-06,0.0038,0.9868,960,0.9333,1.0000,0.8750,0.7937,-1.0000
ecg_100,ecg,IMP_INTERP_COMPOSITE,128,3,0,42.6029,7.116345e-06,0.0040,0.9852,963,0.9333,1.0000,0.8750,0.7937,-1.0000
ecg_100,ecg,RDP_OFFLINE,128,3,0,44.3335,4.777535e-06,0.0000,0.9898,960,0.9333,1.0000,0.8750,0.7937,-1.0000
ecg_100,ecg,LTTB_OFFLINE,128,3,0,33.1650,6.252500e-05,0.0000,0.9562,960,0.9333,1.0000,0.8750,1.5873,-1.0000
ecg_100,ecg,DROP,128,3,1,29.8534,1.340316e-04,0.0023,0.8824,960,0.9333,1.0000,0.8750,1.1905,-1.0000
ecg_100,ecg,RANDOM_DROP,128,3,1,18.8701,1.680890e-03,0.0097,0.8217,940,0.9333,1.0000,0.8750,2.3810,-1.0000
ecg_100,ecg,DROP_MIDDLE,128,3,1,29.4711,1.463670e-04,0.0279,0.8829,948,0.9333,1.0000,0.8750,1.5873,-1.0000
ecg_100,ecg,DROP_LOW_VARIANCE,128,3,1,35.0367,4.063348e-05,0.0387,0.8625,960,0.9333,1.0000,0.8750,0.7937,-1.0000
ecg_100,ecg,ADAPTIVE,128,3,1,32.4874,7.308125e-05,0.1422,0.9060,785,0.9333,1.0000,0.8750,0.7937,-1.0000
ecg_100,ecg,LEGACY_IMPORTANCE,128,3,1,34.9988,4.098895e-05,0.0086,0.9162,959,0.9333,1.0000,0.8750,0.7937,-1.0000
ecg_100,ecg,IMP_FIRST_ORDER,128,3,1,35.0422,4.058136e-05,0.0253,0.9170,958,0.9333,1.0000,0.8750,0.7937,-1.0000
ecg_100,ecg,IMP_WINDOWED_ENERGY,128,3,1,34.6498,4.441867e-05,0.0387,0.8690,951,0.9333,1.0000,0.8750,0.7937,-1.0000
ecg_100,ecg,IMP_COMPOSITE,128,3,1,35.2379,3.879383e-05,0.0101,0.8980,958,0.9333,1.0000,0.8750,0.7937,-1.0000
ecg_100,ecg,IMP_ADAPTIVE,128,3,1,35.1692,3.941247e-05,0.0294,0.8988,958,0.9333,1.0000,0.8750,0.7937,-1.0000
ecg_100,ecg,IMP_INTERP_ERROR,128,3,1,42.6996,6.959696e-06,0.0031,0.9871,966,0.9333,1.0000,0.8750,0.7937,-1.0000
ecg_100,ecg,IMP_INTERP_COMPOSITE,128,3,1,42.7511,6.877665e-06,0.0217,0.9868,960,0.9333,1.0000,0.8750,0.7937,-1.0000
ecg_100,ecg,RDP_OFFLINE,128,3,1,44.2139,4.910868e-06,0.0000,0.9898,966,0.9333,1.0000,0.8750,0.7937,-1.0000
ecg_100,ecg,LTTB_OFFLINE,128,3,1,33.2223,6.170556e-05,0.0000,0.9624,966,0.9333,1.0000,0.8750,0.7937,-1.0000
ecg_100,ecg,DROP,128,6,0,20.6276,1.121467e-03,0.0022,0.7302,1365,0.9333,1.0000,0.8750,2.3810,-1.0000
ecg_100,ecg,RANDOM_DROP,128,6,0,20.2063,1.235710e-03,0.0072,0.7232,1364,0.9333,1.0000,0.8750,3.1746,-1.0000
ecg_100,ecg,DROP_MIDDLE,128,6,0,21.9714,8.230202e-04,0.0038,0.7326,1358,0.9333,1.0000,0.8750,2.7778,-1.0000
ecg_100,ecg,DROP_LOW_VARIANCE,128,6,0,30.1181,1.261075e-04,0.0038,0.7597,1366,0.9333,1.0000,0.8750,0.7937,-1.0000
ecg_100,ecg,ADAPTIVE,128,6,0,25.1101,3.995234e-04,0.3518,0.8088,1218,0.9333,1.0000,0.8750,1.5873,-1.0000
ecg_100,ecg,LEGACY_IMPORTANCE,128,6,0,30.7805,1.082693e-04,0.0225,0.8239,1365,0.9333,1.0000,0.8750,0.7937,-1.0000
ecg_100,ecg,IMP_FIRST_ORDER,128,6,0,30.8300,1.070423e-04,0.0233,0.8231,1369,0.9333,1.0000,0.8750,0.7937,-1.0000
ecg_100,ecg,IMP_WINDOWED_ENERGY,128,6,0,30.4027,1.181094e-04,0.0049,0.7632,1366,0.9333,1.0000,0.8750,0.7937,-1.0000
ecg_100,ecg,IMP_COMPOSITE,128,6,0,30.7305,1.095229e-04,0.0069,0.8094,1370,0.9333,1.0000,0.8750,0.7937,-1.0000
ecg_100,ecg,IMP_ADAPTIVE,128,6,0,30.7537,1.089393e-04,0.0091,0.7823,1364,0.9333,1.0000,0.8750,0.7937,-1.0000
ecg_100,ecg,IMP_INTERP_ERROR,128,6,0,35.0385,4.061652e-05,0.0043,0.9135,1368,0.9333,1.0000,0.8750,0.7937,-1.0000
ecg_100,ecg,IMP_INTERP_COMPOSITE,128,6,0,34.8969,4.196235e-05,0.0289,0.9184,1368,0.9333,1.0000,0.8750,0.7937,-1.0000
ecg_100,ecg,RDP_OFFLINE,128,6,0,36.6788,2.784015e-05,0.0000,0.9455,1368,0.9333,1.0000,0.8750,0.7937,-1.0000
ecg_100,ecg,LTTB_OFFLINE,128,6,0,27.2805,2.423806e-04,0.0000,0.9152,1368,0.9333,1.0000,0.8750,1.9841,-1.0000
ecg_100,ecg,DROP,128,6,1,21.0491,1.017737e-03,0.0019,0.7433,1371,0.9333,1.0000,0.8750,1.9841,-1.0000
ecg_100,ecg,RANDOM_DROP,128,6,1,12.9557,6.561134e-03,0.0075,0.6303,1367,0.8571,1.0000,0.7500,4.1667,-1.0000
ecg_100,ecg,DROP_MIDDLE,128,6,1,22.2609,7.699506e-04,0.0021,0.7455,1368,0.9333,1.0000,0.8750,4.3651,-1.0000
ecg_100,ecg,DROP_LOW_VARIANCE,128,6,1,30.1839,1.242117e-04,0.0103,0.7594,1369,0.9333,1.0000,0.8750,0.7937,-1.0000
ecg_100,ecg,ADAPTIVE,128,6,1,25.4973,3.654399e-04,0.1740,0.8027,1218,0.9333,1.0000,0.8750,1.5873,-1.0000
ecg_100,ecg,LEGACY_IMPORTANCE,128,6,1,30.8922,1.055191e-04,0.0037,0.8241,1370,0.9333,1.0000,0.8750,0.7937,-1.0000
ecg_100,ecg,IMP_FIRST_ORDER,128,6,1,30.6816,1.107623e-04,0.0285,0.8247,1367,0.9333,1.0000,0.8750,0.7937,-1.0000
ecg_100,ecg,IMP_WINDOWED_ENERGY,128,6,1,31.2451,9.728426e-05,0.0251,0.7699,1371,0.9333,1.0000,0.8750,0.7937,-1.0000
ecg_100,ecg,IMP_COMPOSITE,128,6,1,31.2750,9.661637e-05,0.0243,0.8035,1363,0.9333,1.0000,0.8750,0.7937,-1.0000
ecg_100,ecg,IMP_ADAPTIVE,128,6,1,31.0593,1.015357e-04,0.0105,0.7908,1370,0.9333,1.0000,0.8750,0.7937,-1.0000
ecg_100,ecg,IMP_INTERP_ERROR,128,6,1,35.2661,3.854257e-05,0.0047,0.9162,1371,0.9333,1.0000,0.8750,0.7937,-1.0000
ecg_100,ecg,IMP_INTERP_COMPOSITE,128,6,1,34.9661,4.129876e-05,0.0066,0.9119,1365,0.9333,1.0000,0.8750,0.7937,-1.0000
ecg_100,ecg,RDP_OFFLINE,128,6,1,36.6180,2.823234e-05,0.0000,0.9442,1371,0.9333,1.0000,0.8750,0.7937,-1.0000
ecg_100,ecg,LTTB_OFFLINE,128,6,1,28.7541,1.726403e-04,0.0000,0.9017,1371,0.9333,1.0000,0.8750,1.5873,-1.0000
ecg_100,ecg,DROP,256,3,0,29.9581,1.308385e-04,0.0074,0.8896,838,0.9333,1.0000,0.8750,1.1905,-1.0000
ecg_100,ecg,RANDOM_DROP,256,3,0,18.9440,1.652519e-03,0.0086,0.8700,834,0.9333,1.0000,0.8750,1.1905,-1.0000
ecg_100,ecg,DROP_MIDDLE,256,3,0,29.8828,1.331295e-04,0.0239,0.9041,832,0.9333,1.0000,0.8750,1.1905,-1.0000
ecg_100,ecg,DROP_LOW_VARIANCE,256,3,0,35.8471,3.371631e-05,0.0050,0.8845,839,0.9333,1.0000,0.8750,0.7937,-1.0000
ecg_100,ecg,ADAPTIVE,256,3,0,33.1429,6.284375e-05,0.2900,0.9216,679,0.9333,1.0000,0.8750,0.3968,-1.0000
ecg_100,ecg,LEGACY_IMPORTANCE,256,3,0,35.7913,3.415243e-05,0.0176,0.9366,835,0.9333,1.0000,0.8750,0.7937,-1.0000
ecg_100,ecg,IMP_FIRST_ORDER,256,3,0,35.7469,3.450333e-05,0.0088,0.9356,838,0.9333,1.0000,0.8750,0.7937,-1.0000
ecg_100,ecg,IMP_WINDOWED_ENERGY,256,3,0,35.7533,3.445285e-05,0.0151,0.8872,830,0.9333,1.0000,0.8750,0.7937,-1.0000
ecg_100,ecg,IMP_COMPOSITE,256,3,0,36.0119,3.246121e-05,0.0612,0.9141,827,0.9333,1.0000,0.8750,0.7937,-1.0000
ecg_100,ecg,IMP_ADAPTIVE,256,3,0,35.8491,3.370100e-05,0.0136,0.9058,831,0.9333,1.0000,0.8750,0.7937,-1.0000
ecg_100,ecg,IMP_INTERP_ERROR,256,3,0,44.4342,4.667994e-06,0.0087,0.9925,834,0.9333,1.0000,0.8750,0.7937,-1.0000
ecg_100,ecg,IMP_INTERP_COMPOSITE,256,3,0,44.4819,4.617005e-06,0.0113,0.9901,822,0.9333,1.0000,0.8750,0.7937,-1.0000
ecg_100,ecg,RDP_OFFLINE,256,3,0,46.1293,3.159549e-06,0.0000,0.9938,834,0.9333,1.0000,0.8750,0.7937,-1.0000
ecg_100,ecg,LTTB_OFFLINE,256,3,0,34.3345,4.776354e-05,0.0000,0.9686,834,0.9333,1.0000,0.8750,0.7937,-1.0000
ecg_100,ecg,DROP,256,3,1,30.3663,1.191028e-04,0.0009,0.8990,836,0.9333,1.0000,0.8750,1.1905,-1.0000
ecg_100,ecg,RANDOM_DROP,256,3,1,18.0069,2.050502e-03,0.0197,0.8317,834,0.9333,1.0000,0.8750,2.3810,-1.0000
ecg_100,ecg,DROP_MIDDLE,256,3,1,30.3705,1.189868e-04,0.0049,0.8969,836,0.9333,1.0000,0.8750,0.3968,-1.0000
ecg_100,ecg,DROP_LOW_VARIANCE,256,3,1,35.8621,3.360013e-05,0.0041,0.8854,836,0.9333,1.0000,0.8750,0.7937,-1.0000
ecg_100,ecg,ADAPTIVE,256,3,1,32.9616,6.552187e-05,0.2759,0.9197,677,0.9333,1.0000,0.8750,1.1905,-1.0000
ecg_100,ecg,LEGACY_IMPORTANCE,256,3,1,35.8559,3.364780e-05,0.0058,0.9364,834,0.9333,1.0000,0.8750,0.7937,-1.0000
ecg_100,ecg,IMP_FIRST_ORDER,256,3,1,35.7892,3.416909e-05,0.0061,0.9366,835,0.9333,1.0000,0.8750,0.7937,-1.0000
ecg_100,ecg,IMP_WINDOWED_ENERGY,256,3,1,35.5272,3.629355e-05,0.0285,0.8905,820,0.9333,1.0000,0.8750,0.7937,-1.0000
ecg_100,ecg,IMP_COMPOSITE,256,3,1,35.8763,3.349046e-05,0.0213,0.9111,831,0.9333,1.0000,0.8750,0.7937,-1.0000
ecg_100,ecg,IMP_ADAPTIVE,256,3,1,36.0951,3.184469e-05,0.0159,0.9119,815,0.9333,1.0000,0.8750,0.7937,-1.0000
ecg_100,ecg,IMP_INTERP_ERROR,256,3,1,44.2765,4.840564e-06,0.0211,0.9919,833,0.9333,1.0000,0.8750,0.7937,-1.0000
ecg_100,ecg,IMP_INTERP_COMPOSITE,256,3,1,44.2100,4.915338e-06,0.0063,0.9890,831,0.9333,1.0000,0.8750,0.7937,-1.0000
ecg_100,ecg,RDP_OFFLINE,256,3,1,46.1422,3.150174e-06,0.0000,0.9938,833,0.9333,1.0000,0.8750,0.7937,-1.0000
ecg_100,ecg,LTTB_OFFLINE,256,3,1,34.5479,4.547396e-05,0.0000,0.9667,833,0.9333,1.0000,0.8750,0.7937,-1.0000
ecg_100,ecg,DROP,256,6,0,22.0461,8.089881e-04,0.0019,0.7675,1242,0.9333,1.0000,0.8750,2.7778,-1.0000
ecg_100,ecg,RANDOM_DROP,256,6,0,13.9251,5.248599e-03,0.0242,0.6896,1239,0.8571,1.0000,0.7500,2.3148,-1.0000
ecg_100,ecg,DROP_MIDDLE,256,6,0,20.8481,1.065953e-03,0.0026,0.7567,1236,0.9333,1.0000,0.8750,2.7778,-1.0000
ecg_100,ecg,DROP_LOW_VARIANCE,256,6,0,31.5085,9.155898e-05,0.0330,0.7968,1236,0.9333,1.0000,0.8750,0.7937,-1.0000
ecg_100,ecg,ADAPTIVE,256,6,0,27.0227,2.572045e-04,0.1075,0.8249,1104,0.9333,1.0000,0.8750,1.5873,-1.0000
ecg_100,ecg,LEGACY_IMPORTANCE,256,6,0,32.2049,7.799311e-05,0.0075,0.8556,1240,0.9333,1.0000,0.8750,0.7937,-1.0000
ecg_100,ecg,IMP_FIRST_ORDER,256,6,0,32.2752,7.674208e-05,0.0089,0.8574,1235,0.9333,1.0000,0.8750,0.7937,-1.0000
ecg_100,ecg,IMP_WINDOWED_ENERGY,256,6,0,31.4278,9.327666e-05,0.0221,0.8024,1230,0.9333,1.0000,0.8750,0.7937,-1.0000
ecg_100,ecg,IMP_COMPOSITE,256,6,0,32.2449,7.727879e-05,0.0284,0.8276,1235,0.9333,1.0000,0.8750,0.7937,-1.0000
ecg_100,ecg,IMP_ADAPTIVE,256,6,0,31.7498,8.661023e-05,0.0077,0.8155,1237,0.9333,1.0000,0.8750,0.7937,-1.0000
ecg_100,ecg,IMP_INTERP_ERROR,256,6,0,37.2381,2.447626e-05,0.0089,0.9466,1234,0.9333,1.0000,0.8750,0.7937,-1.0000
ecg_100,ecg,IMP_INTERP_COMPOSITE,256,6,0,37.2026,2.467704e-05,0.0089,0.9431,1237,0.9333,1.0000,0.8750,0.7937,-1.0000
ecg_100,ecg,RDP_OFFLINE,256,6,0,39.4599,1.467444e-05,0.0000,0.9723,1234,0.9333,1.0000,0.8750,0.7937,-1.0000
ecg_100,ecg,LTTB_OFFLINE,256,6,0,29.8315,1.347116e-04,0.0000,0.9471,1234,0.9333,1.0000,0.8750,1.1905,-1.0000
ecg_100,ecg,DROP,256,6,1,21.4767,9.223124e-04,0.0057,0.7739,1241,0.9333,1.0000,0.8750,1.1905,-1.0000
ecg_100,ecg,RANDOM_DROP,256,6,1,11.6736,8.814316e-03,0.0484,0.6230,1232,0.7692,1.0000,0.6250,2.2222,-1.0000
ecg_100,ecg,DROP_MIDDLE,256,6,1,21.1024,1.005338e-03,0.0043,0.7688,1239,0.9333,1.0000,0.8750,2.3810,-1.0000
ecg_100,ecg,DROP_LOW_VARIANCE,256,6,1,31.3603,9.473820e-05,0.0576,0.7965,1237,0.9333,1.0000,0.8750,0.7937,-1.0000
ecg_100,ecg,ADAPTIVE,256,6,1,26.3516,3.001866e-04,0.2688,0.8024,1105,0.9333,1.0000,0.8750,1.9841,-1.0000
ecg_100,ecg,LEGACY_IMPORTANCE,256,6,1,32.2584,7.703898e-05,0.0331,0.8580,1232,0.9333,1.0000,0.8750,0.7937,-1.0000
ecg_100,ecg,IMP_FIRST_ORDER,256,6,1,32.2017,7.805204e-05,0.0383,0.8558,1233,0.9333,1.0000,0.8750,0.7937,-1.0000
ecg_100,ecg,IMP_WINDOWED_ENERGY,256,6,1,31.7731,8.614631e-05,0.0800,0.8032,1236,0.9333,1.0000,0.8750,0.7937,-1.0000
ecg_100,ecg,IMP_COMPOSITE,256,6,1,31.8230,8.516231e-05,0.0307,0.8276,1242,0.9333,1.0000,0.8750,0.7937,-1.0000
ecg_100,ecg,IMP_ADAPTIVE,256,6,1,32.1402,7.916433e-05,0.0360,0.8155,1239,0.9333,1.0000,0.8750,0.7937,-1.0000
ecg_100,ecg,IMP_INTERP_ERROR,256,6,1,37.0485,2.556801e-05,0.0063,0.9433,1245,0.9333,1.0000,0.8750,0.7937,-1.0000
ecg_100,ecg,IMP_INTERP_COMPOSITE,256,6,1,37.0575,2.551557e-05,0.0339,0.9442,1239,0.9333,1.0000,0.8750,0.7937,-1.0000
ecg_100,ecg,RDP_OFFLINE,256,6,1,39.1420,1.578883e-05,0.0000,0.9699,1245,0.9333,1.0000,0.8750,0.7937,-1.0000
ecg_100,ecg,LTTB_OFFLINE,256,6,1,30.6771,1.108763e-04,0.0000,0.9442,1245,0.9333,1.0000,0.8750,1.9841,-1.0000
ecg_105,ecg,DROP,128,3,0,33.0835,7.301458e-05,0.0023,0.8995,963,0.9333,1.0000,0.8750,1.5873,-1.0000
ecg_105,ecg,RANDOM_DROP,128,3,0,23.0411,7.373059e-04,0.0075,0.8641,965,0.9333,1.0000,0.8750,2.7778,-1.0000
ecg_105,ecg,DROP_MIDDLE,128,3,0,33.8152,6.169444e-05,0.0042,0.9045,957,0.9333,1.0000,0.8750,1.9841,-1.0000
ecg_105,ecg,DROP_LOW_VARIANCE,128,3,0,33.2851,6.970335e-05,0.0036,0.8492,961,0.9333,1.0000,0.8750,1.5873,-1.0000
ecg_105,ecg,ADAPTIVE,128,3,0,36.3933,3.407500e-05,0.1488,0.9399,772,0.9333,1.0000,0.8750,2.3810,-1.0000
ecg_105,ecg,LEGACY_IMPORTANCE,128,3,0,33.7501,6.262607e-05,0.0079,0.9132,959,0.9333,1.0000,0.8750,1.9841,-1.0000
ecg_105,ecg,IMP_FIRST_ORDER,128,3,0,33.7244,6.299725e-05,0.0236,0.9108,963,0.9333,1.0000,0.8750,1.9841,-1.0000
ecg_105,ecg,IMP_WINDOWED_ENERGY,128,3,0,33.2247,7.067943e-05,0.0104,0.8658,946,0.9333,1.0000,0.8750,1.5873,-1.0000
ecg_105,ecg,IMP_COMPOSITE,128,3,0,34.0379,5.860971e-05,0.0068,0.8963,964,0.9333,1.0000,0.8750,1.5873,-1.0000
ecg_105,ecg,IMP_ADAPTIVE,128,3,0,34.2530,5.577810e-05,0.0197,0.8915,967,0.9333,1.0000,0.8750,1.5873,-1.0000
ecg_105,ecg,IMP_INTERP_ERROR,128,3,0,42.9971,7.448249e-06,0.0080,0.9873,965,0.9333,1.0000,0.8750,1.5873,-1.0000
ecg_105,ecg,IMP_INTERP_COMPOSITE,128,3,0,42.9502,7.529077e-06,0.0518,0.9868,962,0.9333,1.0000,0.8750,1.5873,-1.0000
ecg_105,ecg,RDP_OFFLINE,128,3,0,44.1842,5.666858e-06,0.0000,0.9911,965,0.9333,1.0000,0.8750,1.5873,-1.0000
ecg_105,ecg,LTTB_OFFLINE,128,3,0,38.2443,2.225000e-05,0.0000,0.9702,965,0.9333,1.0000,0.8750,2.3810,-1.0000
ecg_105,ecg,DROP,128,3,1,33.2719,6.991528e-05,0.0024,0.9050,967,0.9333,1.0000,0.8750,1.5873,-1.0000
ecg_105,ecg,RANDOM_DROP,128,3,1,25.2491,4.434585e-04,0.0075,0.8759,969,0.9333,1.0000,0.8750,2.3810,-1.0000
ecg_105,ecg,DROP_MIDDLE,128,3,1,33.4675,6.683576e-05,0.0015,0.8990,969,0.9333,1.0000,0.8750,1.5873,-1.0000
ecg_105,ecg,DROP_LOW_VARIANCE,128,3,1,33.4283,6.744160e-05,0.0050,0.8473,968,0.9333,1.0000,0.8750,1.5873,-1.0000
ecg_105,ecg,ADAPTIVE,128,3,1,36.1111,3.636250e-05,0.1239,0.9327,785,0.9333,1.0000,0.8750,1.5873,-1.0000
ecg_105,ecg,LEGACY_IMPORTANCE,128,3,1,34.0295,5.872359e-05,0.0545,0.9149,946,0.9333,1.0000,0.8750,1.9841,-1.0000
ecg_105,ecg,IMP_FIRST_ORDER,128,3,1,33.7684,6.236276e-05,0.0048,0.9127,957,0.9333,1.0000,0.8750,1.9841,-1.0000
ecg_105,ecg,IMP_WINDOWED_ENERGY,128,3,1,32.6859,8.001466e-05,0.0046,0.8576,963,0.9333,1.0000,0.8750,1.5873,-1.0000
ecg_105,ecg,IMP_COMPOSITE,128,3,1,34.0275,5.874984e-05,0.0098,0.8997,952,0.9333,1.0000,0.8750,1.5873,-1.0000
ecg_105,ecg,IMP_ADAPTIVE,128,3,1,34.7073,5.023752e-05,0.0388,0.8975,962,0.9333,1.0000,0.8750,1.5873,-1.0000
ecg_105,ecg,IMP_INTERP_ERROR,128,3,1,42.9932,7.454881e-06,0.0080,0.9882,958,0.9333,1.0000,0.8750,1.5873,-1.0000
ecg_105,ecg,IMP_INTERP_COMPOSITE,128,3,1,43.2049,7.100164e-06,0.0053,0.9882,949,0.9333,1.0000,0.8750,1.5873,-1.0000
ecg_105,ecg,RDP_OFFLINE,128,3,1,44.3569,5.445885e-06,0.0000,0.9913,958,0.9333,1.0000,0.8750,1.5873,-1.0000
ecg_105,ecg,LTTB_OFFLINE,128,3,1,38.1286,2.285069e-05,0.0000,0.9757,958,0.9333,1.0000,0.8750,0.7937,-1.0000
ecg_105,ecg,DROP,128,6,0,26.7797,3.117419e-04,0.0023,0.8110,1369,0.9333,1.0000,0.8750,1.9841,-1.0000
ecg_105,ecg,RANDOM_DROP,128,6,0,18.6451,2.028836e-03,0.0088,0.7797,1367,0.9333,1.0000,0.8750,4.7619,-1.0000
ecg_105,ecg,DROP_MIDDLE,128,6,0,26.8946,3.035968e-04,0.0037,0.8211,1369,0.9333,1.0000,0.8750,2.3810,-1.0000
ecg_105,ecg,DROP_LOW_VARIANCE,128,6,0,23.7803,6.219107e-04,0.0056,0.7330,1367,0.9333,1.0000,0.8750,1.5873,-1.0000
ecg_105,ecg,ADAPTIVE,128,6,0,30.3707,1.363613e-04,0.3007,0.8593,1218,0.9333,1.0000,0.8750,0.7937,-1.0000
ecg_105,ecg,LEGACY_IMPORTANCE,128,6,0,28.4052,2.144085e-04,0.0077,0.8141,1368,0.9333,1.0000,0.8750,1.9841,-1.0000
ecg_105,ecg,IMP_FIRST_ORDER,128,6,0,28.5532,2.072244e-04,0.0152,0.8114,1368,0.9333,1.0000,0.8750,1.9841,-1.0000
ecg_105,ecg,IMP_WINDOWED_ENERGY,128,6,0,26.6994,3.175588e-04,0.0059,0.7665,1371,0.9333,1.0000,0.8750,1.5873,-1.0000
ecg_105,ecg,IMP_COMPOSITE,128,6,0,26.8377,3.076050e-04,0.0228,0.7975,1372,0.9333,1.0000,0.8750,1.5873,-1.0000
ecg_105,ecg,IMP_ADAPTIVE,128,6,0,29.0727,1.838619e-04,0.0227,0.7874,1367,0.9333,1.0000,0.8750,1.5873,-1.0000
ecg_105,ecg,IMP_INTERP_ERROR,128,6,0,35.6818,4.014060e-05,0.0029,0.9399,1373,0.9333,1.0000,0.8750,1.5873,-1.0000
ecg_105,ecg,IMP_INTERP_COMPOSITE,128,6,0,35.6242,4.067613e-05,0.0298,0.9355,1370,0.9333,1.0000,0.8750,1.5873,-1.0000
ecg_105,ecg,RDP_OFFLINE,128,6,0,36.8476,3.069028e-05,0.0000,0.9553,1373,0.9333,1.0000,0.8750,1.5873,-1.0000
ecg_105,ecg,LTTB_OFFLINE,128,6,0,32.6071,8.148017e-05,0.0000,0.9425,1373,0.9333,1.0000,0.8750,1.9841,-1.0000
ecg_105,ecg,DROP,128,6,1,26.7624,3.129808e-04,0.0023,0.8179,1368,0.9333,1.0000,0.8750,3.1746,-1.0000
ecg_105,ecg,RANDOM_DROP,128,6,1,16.3598,3.433842e-03,0.0078,0.7845,1371,0.9333,1.0000,0.8750,4.3651,-1.0000
ecg_105,ecg,DROP_MIDDLE,128,6,1,26.7474,3.140650e-04,0.0048,0.8086,1368,0.9333,1.0000,0.8750,4.3651,-1.0000
ecg_105,ecg,DROP_LOW_VARIANCE,128,6,1,23.8853,6.070667e-04,0.0044,0.7335,1369,0.9333,1.0000,0.8750,1.5873,-1.0000
ecg_105,ecg,ADAPTIVE,128,6,1,29.8547,1.535641e-04,0.2110,0.8432,1219,0.9333,1.0000,0.8750,2.3810,-1.0000
ecg_105,ecg,LEGACY_IMPORTANCE,128,6,1,28.6232,2.039122e-04,0.0207,0.8143,1370,0.9333,1.0000,0.8750,1.9841,-1.0000
ecg_105,ecg,IMP_FIRST_ORDER,128,6,1,28.5612,2.068451e-04,0.0267,0.8105,1372,0.9333,1.0000,0.8750,1.9841,-1.0000
ecg_105,ecg,IMP_WINDOWED_ENERGY,128,6,1,24.5352,5.226884e-04,0.0640,0.7662,1370,0.9333,1.0000,0.8750,1.5873,-1.0000
ecg_105,ecg,IMP_COMPOSITE,128,6,1,28.0619,2.320459e-04,0.0055,0.8035,1369,0.9333,1.0000,0.8750,1.5873,-1.0000
ecg_105,ecg,IMP_ADAPTIVE,128,6,1,28.9535,1.889779e-04,0.0392,0.7900,1371,0.9333,1.0000,0.8750,1.5873,-1.0000
ecg_105,ecg,IMP_INTERP_ERROR,128,6,1,35.7747,3.929059e-05,0.0309,0.9382,1372,0.9333,1.0000,0.8750,1.5873,-1.0000
ecg_105,ecg,IMP_INTERP_COMPOSITE,128,6,1,35.5452,4.142281e-05,0.0086,0.9363,1367,0.9333,1.0000,0.8750,1.5873,-1.0000
ecg_105,ecg,RDP_OFFLINE,128,6,1,36.8997,3.032465e-05,0.0000,0.9557,1372,0.9333,1.0000,0.8750,1.5873,-1.0000
ecg_105,ecg,LTTB_OFFLINE,128,6,1,32.4266,8.493753e-05,0.0000,0.9343,1372,0.9333,1.0000,0.8750,1.5873,-1.0000
ecg_105,ecg,DROP,256,3,0,35.0801,4.610521e-05,0.0074,0.9170,832,0.9333,1.0000,0.8750,1.9841,-1.0000
ecg_105,ecg,RANDOM_DROP,256,3,0,28.7202,1.994077e-04,0.0243,0.8978,834,0.9333,1.0000,0.8750,2.3810,-1.0000
ecg_105,ecg,DROP_MIDDLE,256,3,0,34.3023,5.514792e-05,0.0049,0.9216,833,0.9333,1.0000,0.8750,1.5873,-1.0000
ecg_105,ecg,DROP_LOW_VARIANCE,256,3,0,35.0634,4.628313e-05,0.0052,0.8745,832,0.9333,1.0000,0.8750,1.5873,-1.0000
ecg_105,ecg,ADAPTIVE,256,3,0,36.7512,3.137882e-05,0.2889,0.9406,684,0.9333,1.0000,0.8750,1.9841,-1.0000
ecg_105,ecg,LEGACY_IMPORTANCE,256,3,0,34.3858,5.409746e-05,0.0087,0.9303,835,0.9333,1.0000,0.8750,1.9841,-1.0000
ecg_105,ecg,IMP_FIRST_ORDER,256,3,0,34.7903,4.928681e-05,0.0192,0.9315,828,0.9333,1.0000,0.8750,1.9841,-1.0000
ecg_105,ecg,IMP_WINDOWED_ENERGY,256,3,0,34.5192,5.246113e-05,0.0248,0.8882,820,0.9333,1.0000,0.8750,1.5873,-1.0000
ecg_105,ecg,IMP_COMPOSITE,256,3,0,35.3793,4.303557e-05,0.0458,0.9175,830,0.9333,1.0000,0.8750,1.5873,-1.0000
ecg_105,ecg,IMP_ADAPTIVE,256,3,0,34.8783,4.829783e-05,0.0071,0.9146,828,0.9333,1.0000,0.8750,1.5873,-1.0000
ecg_105,ecg,IMP_INTERP_ERROR,256,3,0,44.5978,5.152083e-06,0.0339,0.9930,829,0.9333,1.0000,0.8750,1.5873,-1.0000
ecg_105,ecg,IMP_INTERP_COMPOSITE,256,3,0,44.4824,5.290828e-06,0.0232,0.9921,830,0.9333,1.0000,0.8750,1.5873,-1.0000
ecg_105,ecg,RDP_OFFLINE,256,3,0,46.4613,3.354566e-06,0.0000,0.9952,829,0.9333,1.0000,0.8750,1.5873,-1.0000
ecg_105,ecg,LTTB_OFFLINE,256,3,0,39.3544,1.723125e-05,0.0000,0.9788,829,0.9333,1.0000,0.8750,2.3810,-1.0000
ecg_105,ecg,DROP,256,3,1,34.1087,5.766181e-05,0.0022,0.9228,839,0.9333,1.0000,0.8750,1.1905,-1.0000
ecg_105,ecg,RANDOM_DROP,256,3,1,27.7359,2.501341e-04,0.0081,0.8788,842,0.9333,1.0000,0.8750,3.1746,-1.0000
ecg_105,ecg,DROP_MIDDLE,256,3,1,34.6778,5.057986e-05,0.0051,0.9192,841,0.9333,1.0000,0.8750,2.7778,-1.0000
ecg_105,ecg,DROP_LOW_VARIANCE,256,3,1,35.0634,4.628313e-05,0.0043,0.8745,832,0.9333,1.0000,0.8750,1.5873,-1.0000
ecg_105,ecg,ADAPTIVE,256,3,1,36.7774,3.119062e-05,0.3125,0.9423,686,0.9333,1.0000,0.8750,1.1905,-1.0000
ecg_105,ecg,LEGACY_IMPORTANCE,256,3,1,34.3274,5.483094e-05,0.0065,0.9315,835,0.9333,1.0000,0.8750,1.9841,-1.0000
ecg_105,ecg,IMP_FIRST_ORDER,256,3,1,34.7415,4.984362e-05,0.0080,0.9298,835,0.9333,1.0000,0.8750,1.9841,-1.0000
ecg_105,ecg,IMP_WINDOWED_ENERGY,256,3,1,34.0956,5.783582e-05,0.0103,0.8805,831,0.9333,1.0000,0.8750,1.5873,-1.0000
ecg_105,ecg,IMP_COMPOSITE,256,3,1,34.9650,4.734401e-05,0.0149,0.9163,834,0.9333,1.0000,0.8750,1.5873,-1.0000
ecg_105,ecg,IMP_ADAPTIVE,256,3,1,35.3313,4.351467e-05,0.0101,0.9175,832,0.9333,1.0000,0.8750,1.5873,-1.0000
ecg_105,ecg,IMP_INTERP_ERROR,256,3,1,44.6555,5.084028e-06,0.0063,0.9930,830,0.9333,1.0000,0.8750,1.5873,-1.0000
ecg_105,ecg,IMP_INTERP_COMPOSITE,256,3,1,44.5891,5.162431e-06,0.0368,0.9918,827,0.9333,1.0000,0.8750,1.5873,-1.0000
ecg_105,ecg,RDP_OFFLINE,256,3,1,46.4631,3.353177e-06,0.0000,0.9952,830,0.9333,1.0000,0.8750,1.5873,-1.0000
ecg_105,ecg,LTTB_OFFLINE,256,3,1,39.1345,1.812639e-05,0.0000,0.9759,830,0.9333,1.0000,0.8750,1.1905,-1.0000
ecg_105,ecg,DROP,256,6,0,27.3163,2.755089e-04,0.0020,0.8297,1244,0.9333,1.0000,0.8750,2.7778,-1.0000
ecg_105,ecg,RANDOM_DROP,256,6,0,20.7706,1.243651e-03,0.0079,0.8112,1239,0.9333,1.0000,0.8750,3.5714,-1.0000
ecg_105,ecg,DROP_MIDDLE,256,6,0,27.6366,2.559155e-04,0.0061,0.8220,1244,0.9333,1.0000,0.8750,3.1746,-1.0000
ecg_105,ecg,DROP_LOW_VARIANCE,256,6,0,27.8327,2.446217e-04,0.0088,0.7713,1240,0.9333,1.0000,0.8750,1.5873,-1.0000
ecg_105,ecg,ADAPTIVE,256,6,0,31.1108,1.149965e-04,0.2504,0.8817,1103,0.9333,1.0000,0.8750,2.7778,-1.0000
ecg_105,ecg,LEGACY_IMPORTANCE,256,6,0,30.0013,1.484691e-04,0.0055,0.8444,1242,0.9333,1.0000,0.8750,1.9841,-1.0000
ecg_105,ecg,IMP_FIRST_ORDER,256,6,0,30.1087,1.448416e-04,0.0854,0.8446,1233,0.9333,1.0000,0.8750,1.9841,-1.0000
ecg_105,ecg,IMP_WINDOWED_ENERGY,256,6,0,28.9847,1.876253e-04,0.0247,0.7992,1237,0.9333,1.0000,0.8750,1.5873,-1.0000
ecg_105,ecg,IMP_COMPOSITE,256,6,0,30.4141,1.350068e-04,0.0104,0.8297,1236,0.9333,1.0000,0.8750,1.5873,-1.0000
ecg_105,ecg,IMP_ADAPTIVE,256,6,0,30.7613,1.246332e-04,0.0247,0.8211,1241,0.9333,1.0000,0.8750,1.5873,-1.0000
ecg_105,ecg,IMP_INTERP_ERROR,256,6,0,37.3099,2.759113e-05,0.0072,0.9550,1241,0.9333,1.0000,0.8750,1.5873,-1.0000
ecg_105,ecg,IMP_INTERP_COMPOSITE,256,6,0,37.3534,2.731656e-05,0.0280,0.9538,1239,0.9333,1.0000,0.8750,1.5873,-1.0000
ecg_105,ecg,RDP_OFFLINE,256,6,0,39.5652,1.641516e-05,0.0000,0.9733,1241,0.9333,1.0000,0.8750,1.5873,-1.0000
ecg_105,ecg,LTTB_OFFLINE,256,6,0,34.8123,4.903771e-05,0.0000,0.9582,1241,0.9333,1.0000,0.8750,2.3810,-1.0000
ecg_105,ecg,DROP,256,6,1,26.8684,3.054335e-04,0.0023,0.8264,1237,0.9333,1.0000,0.8750,3.1746,-1.0000
ecg_105,ecg,RANDOM_DROP,256,6,1,14.2436,5.589923e-03,0.0074,0.7686,1245,0.9333,1.0000,0.8750,7.1429,-1.0000
ecg_105,ecg,DROP_MIDDLE,256,6,1,27.0557,2.925469e-04,0.0061,0.8276,1243,0.9333,1.0000,0.8750,2.7778,-1.0000
ecg_105,ecg,DROP_LOW_VARIANCE,256,6,1,27.7438,2.496809e-04,0.0154,0.7703,1242,0.9333,1.0000,0.8750,1.5873,-1.0000
ecg_105,ecg,ADAPTIVE,256,6,1,30.2240,1.410453e-04,0.2566,0.8670,1106,0.9333,1.0000,0.8750,3.1746,-1.0000
ecg_105,ecg,LEGACY_IMPORTANCE,256,6,1,30.1464,1.435889e-04,0.0157,0.8425,1243,0.9333,1.0000,0.8750,1.9841,-1.0000
ecg_105,ecg,IMP_FIRST_ORDER,256,6,1,30.1410,1.437662e-04,0.0363,0.8439,1240,0.9333,1.0000,0.8750,1.9841,-1.0000
ecg_105,ecg,IMP_WINDOWED_ENERGY,256,6,1,28.2576,2.218210e-04,0.0172,0.8028,1235,0.9333,1.0000,0.8750,1.5873,-1.0000
ecg_105,ecg,IMP_COMPOSITE,256,6,1,30.1061,1.449283e-04,0.0351,0.8203,1241,0.9333,1.0000,0.8750,1.5873,-1.0000
ecg_105,ecg,IMP_ADAPTIVE,256,6,1,30.1411,1.437648e-04,0.0093,0.8196,1238,0.9333,1.0000,0.8750,1.5873,-1.0000
ecg_105,ecg,IMP_INTERP_ERROR,256,6,1,37.4708,2.658787e-05,0.0226,0.9548,1238,0.9333,1.0000,0.8750,1.5873,-1.0000
ecg_105,ecg,IMP_INTERP_COMPOSITE,256,6,1,37.1256,2.878715e-05,0.0227,0.9538,1240,0.9333,1.0000,0.8750,1.5873,-1.0000
ecg_105,ecg,RDP_OFFLINE,256,6,1,39.6440,1.611984e-05,0.0000,0.9733,1238,0.9333,1.0000,0.8750,1.5873,-1.0000
ecg_105,ecg,LTTB_OFFLINE,256,6,1,34.6044,5.144250e-05,0.0000,0.9582,1238,0.9333,1.0000,0.8750,1.1905,-1.0000
ecg_108,ecg,DROP,128,3,0,32.9039,5.491771e-05,0.0024,0.8518,955,0.1053,0.0833,0.1429,27.7778,-1.0000
ecg_108,ecg,RANDOM_DROP,128,3,0,27.3666,1.965347e-04,0.0232,0.7857,963,0.1053,0.0833,0.1429,27.7778,-1.0000
ecg_108,ecg,DROP_MIDDLE,128,3,0,32.8535,5.555868e-05,0.0037,0.8508,946,0.1053,0.0833,0.1429,27.7778,-1.0000
ecg_108,ecg,DROP_LOW_VARIANCE,128,3,0,30.8543,8.803939e-05,0.0059,0.7629,966,0.1053,0.0833,0.1429,27.7778,-1.0000
ecg_108,ecg,ADAPTIVE,128,3,0,35.1960,3.239687e-05,0.2413,0.9015,793,0.1053,0.0833,0.1429,27.7778,-1.0000
ecg_108,ecg,LEGACY_IMPORTANCE,128,3,0,30.3756,9.829712e-05,0.0032,0.8566,952,0.1053,0.0833,0.1429,27.7778,-1.0000
ecg_108,ecg,IMP_FIRST_ORDER,128,3,0,30.3134,9.971660e-05,0.0244,0.8572,945,0.1053,0.0833,0.1429,27.7778,-1.0000
ecg_108,ecg,IMP_WINDOWED_ENERGY,128,3,0,30.0466,1.060341e-04,0.0073,0.7953,955,0.1053,0.0833,0.1429,27.7778,-1.0000
ecg_108,ecg,IMP_COMPOSITE,128,3,0,30.9846,8.543622e-05,0.0101,0.8383,964,0.1000,0.0769,0.1429,27.7778,-1.0000
ecg_108,ecg,IMP_ADAPTIVE,128,3,0,31.8819,6.948798e-05,0.0151,0.8315,967,0.1053,0.0833,0.1429,27.7778,-1.0000
ecg_108,ecg,IMP_INTERP_ERROR,128,3,0,40.3889,9.799797e-06,0.0374,0.9811,967,0.1053,0.0833,0.1429,27.7778,-1.0000
ecg_108,ecg,IMP_INTERP_COMPOSITE,128,3,0,40.6666,9.192799e-06,0.0282,0.9785,955,0.1053,0.0833,0.1429,27.7778,-1.0000
ecg_108,ecg,RDP_OFFLINE,128,3,0,41.8447,7.008611e-06,0.0000,0.9856,967,0.1053,0.0833,0.1429,27.7778,-1.0000
ecg_108,ecg,LTTB_OFFLINE,128,3,0,36.7257,2.277882e-05,0.0000,0.9583,967,0.1053,0.0833,0.1429,27.7778,-1.0000
ecg_108,ecg,DROP,128,3,1,32.9912,5.382535e-05,0.0080,0.8562,951,0.1053,0.0833,0.1429,27.7778,-1.0000
ecg_108,ecg,RANDOM_DROP,128,3,1,27.8334,1.765069e-04,0.0081,0.7914,956,0.1053,0.0833,0.1429,27.7778,-1.0000
ecg_108,ecg,DROP_MIDDLE,128,3,1,32.2527,6.380208e-05,0.0303,0.8447,957,0.1053,0.0833,0.1429,27.7778,-1.0000
ecg_108,ecg,DROP_LOW_VARIANCE,128,3,1,31.0138,8.486363e-05,0.0087,0.7667,955,0.1053,0.0833,0.1429,27.7778,-1.0000
ecg_108,ecg,ADAPTIVE,128,3,1,34.3658,3.922187e-05,0.1136,0.8935,786,0.1053,0.0833,0.1429,27.7778,-1.0000
ecg_108,ecg,LEGACY_IMPORTANCE,128,3,1,30.2294,1.016630e-04,0.0076,0.8524,959,0.1053,0.0833,0.1429,27.7778,-1.0000
ecg_108,ecg,IMP_FIRST_ORDER,128,3,1,30.2594,1.009638e-04,0.0056,0.8559,948,0.1053,0.0833,0.1429,27.7778,-1.0000
ecg_108,ecg,IMP_WINDOWED_ENERGY,128,3,1,30.2405,1.014040e-04,0.0633,0.7972,945,0.1053,0.0833,0.1429,27.7778,-1.0000
ecg_108,ecg,IMP_COMPOSITE,128,3,1,31.2465,8.043617e-05,0.0049,0.8418,955,0.1000,0.0769,0.1429,27.7778,-1.0000
ecg_108,ecg,IMP_ADAPTIVE,128,3,1,31.6479,7.333586e-05,0.0148,0.8386,953,0.1053,0.0833,0.1429,27.7778,-1.0000
ecg_108,ecg,IMP_INTERP_ERROR,128,3,1,40.5507,9.441429e-06,0.0419,0.9811,963,0.1053,0.0833,0.1429,27.7778,-1.0000
ecg_108,ecg,IMP_INTERP_COMPOSITE,128,3,1,40.4407,9.683593e-06,0.0434,0.9801,958,0.1053,0.0833,0.1429,27.7778,-1.0000
ecg_108,ecg,RDP_OFFLINE,128,3,1,41.9003,6.919549e-06,0.0000,0.9859,963,0.1053,0.0833,0.1429,27.7778,-1.0000
ecg_108,ecg,LTTB_OFFLINE,128,3,1,36.8431,2.217118e-05,0.0000,0.9653,963,0.1053,0.0833,0.1429,27.7778,-1.0000
ecg_108,ecg,DROP,128,6,0,26.0020,2.690925e-04,0.0017,0.6599,1365,0.1053,0.0833,0.1429,27.7778,-1.0000
ecg_108,ecg,RANDOM_DROP,128,6,0,21.6769,7.284681e-04,0.0124,0.6300,1362,0.1053,0.0833,0.1429,27.7778,-1.0000
ecg_108,ecg,DROP_MIDDLE,128,6,0,26.6544,2.315586e-04,0.0124,0.6865,1363,0.1053,0.0833,0.1429,27.7778,-1.0000
ecg_108,ecg,DROP_LOW_VARIANCE,128,6,0,26.0739,2.646760e-04,0.0425,0.5832,1365,0.1053,0.0833,0.1429,27.7778,-1.0000
ecg_108,ecg,ADAPTIVE,128,6,0,29.3995,1.230705e-04,0.2402,0.7873,1219,0.1053,0.0833,0.1429,27.7778,-1.0000
ecg_108,ecg,LEGACY_IMPORTANCE,128,6,0,25.8786,2.768480e-04,0.0050,0.7035,1366,0.1053,0.0833,0.1429,27.7778,-1.0000
ecg_108,ecg,IMP_FIRST_ORDER,128,6,0,25.7194,2.871838e-04,0.0068,0.7048,1366,0.1053,0.0833,0.1429,27.7778,-1.0000
ecg_108,ecg,IMP_WINDOWED_ENERGY,128,6,0,24.7875,3.559178e-04,0.0070,0.6400,1372,0.1053,0.0833,0.1429,27.7778,-1.0000
ecg_108,ecg,IMP_COMPOSITE,128,6,0,26.3017,2.511519e-04,0.0047,0.6881,1368,0.1000,0.0769,0.1429,27.7778,-1.0000
ecg_108,ecg,IMP_ADAPTIVE,128,6,0,27.0297,2.123886e-04,0.0298,0.6676,1367,0.1053,0.0833,0.1429,27.7778,-1.0000
ecg_108,ecg,IMP_INTERP_ERROR,128,6,0,33.5650,4.716294e-05,0.0292,0.9175,1366,0.1053,0.0833,0.1429,27.7778,-1.0000
ecg_108,ecg,IMP_INTERP_COMPOSITE,128,6,0,33.3832,4.917981e-05,0.0272,0.9201,1363,0.1053,0.0833,0.1429,27.7778,-1.0000
ecg_108,ecg,RDP_OFFLINE,128,6,0,34.8552,3.504151e-05,0.0000,0.9381,1366,0.1053,0.0833,0.1429,27.7778,-1.0000
ecg_108,ecg,LTTB_OFFLINE,128,6,0,31.5213,7.550434e-05,0.0000,0.9098,1366,0.1053,0.0833,0.1429,30.5556,-1.0000
ecg_108,ecg,DROP,128,6,1,25.8760,2.770153e-04,0.0426,0.6557,1366,0.1053,0.0833,0.1429,27.7778,-1.0000
ecg_108,ecg,RANDOM_DROP,128,6,1,22.4956,6.033098e-04,0.0078,0.6486,1365,0.1053,0.0833,0.1429,27.7778,-1.0000
ecg_108,ecg,DROP_MIDDLE,128,6,1,26.6861,2.298735e-04,0.0440,0.6801,1369,0.1053,0.0833,0.1429,27.7778,-1.0000
ecg_108,ecg,DROP_LOW_VARIANCE,128,6,1,26.0551,2.658264e-04,0.0057,0.5854,1365,0.1053,0.0833,0.1429,27.7778,-1.0000
ecg_108,ecg,ADAPTIVE,128,6,1,28.6509,1.462212e-04,0.2691,0.7170,1217,0.1053,0.0833,0.1429,27.7778,-1.0000
ecg_108,ecg,LEGACY_IMPORTANCE,128,6,1,26.1936,2.574791e-04,0.0560,0.7080,1367,0.1053,0.0833,0.1429,27.7778,-1.0000
ecg_108,ecg,IMP_FIRST_ORDER,128,6,1,25.9884,2.699369e-04,0.0455,0.7080,1364,0.1053,0.0833,0.1429,27.7778,-1.0000
ecg_108,ecg,IMP_WINDOWED_ENERGY,128,6,1,24.4522,3.844926e-04,0.0435,0.6342,1364,0.1053,0.0833,0.1429,27.7778,-1.0000
ecg_108,ecg,IMP_COMPOSITE,128,6,1,26.5848,2.353004e-04,0.0063,0.6839,1363,0.1053,0.0833,0.1429,27.7778,-1.0000
ecg_108,ecg,IMP_ADAPTIVE,128,6,1,27.4265,1.938455e-04,0.0094,0.6634,1364,0.1053,0.0833,0.1429,27.7778,-1.0000
ecg_108,ecg,IMP_INTERP_ERROR,128,6,1,33.3734,4.929068e-05,0.0224,0.9166,1365,0.1053,0.0833,0.1429,27.7778,-1.0000
ecg_108,ecg,IMP_INTERP_COMPOSITE,128,6,1,33.4176,4.879137e-05,0.0423,0.9150,1363,0.1053,0.0833,0.1429,27.7778,-1.0000
ecg_108,ecg,RDP_OFFLINE,128,6,1,34.8717,3.490835e-05,0.0000,0.9381,1365,0.1053,0.0833,0.1429,27.7778,-1.0000
ecg_108,ecg,LTTB_OFFLINE,128,6,1,32.1015,6.606205e-05,0.0000,0.9163,1365,0.1053,0.0833,0.1429,30.5556,-1.0000
ecg_108,ecg,DROP,256,3,0,33.3851,4.915799e-05,0.0017,0.8749,825,0.1053,0.0833,0.1429,27.7778,-1.0000
ecg_108,ecg,RANDOM_DROP,256,3,0,29.5453,1.190086e-04,0.0094,0.8254,827,0.1053,0.0833,0.1429,27.7778,-1.0000
ecg_108,ecg,DROP_MIDDLE,256,3,0,33.0630,5.294201e-05,0.0080,0.8736,826,0.1053,0.0833,0.1429,27.7778,-1.0000
ecg_108,ecg,DROP_LOW_VARIANCE,256,3,0,32.1363,6.553562e-05,0.0100,0.8123,822,0.1053,0.0833,0.1429,27.7778,-1.0000
ecg_108,ecg,ADAPTIVE,256,3,0,35.6467,2.920312e-05,0.1589,0.9188,672,0.1053,0.0833,0.1429,27.7778,-1.0000
ecg_108,ecg,LEGACY_IMPORTANCE,256,3,0,31.5492,7.502095e-05,0.0069,0.8826,829,0.1053,0.0833,0.1429,27.7778,-1.0000
ecg_108,ecg,IMP_FIRST_ORDER,256,3,0,31.7101,7.229257e-05,0.0320,0.8842,824,0.1053,0.0833,0.1429,27.7778,-1.0000
ecg_108,ecg,IMP_WINDOWED_ENERGY,256,3,0,30.1579,1.033499e-04,0.0359,0.8258,826,0.1053,0.0833,0.1429,27.7778,-1.0000
ecg_108,ecg,IMP_COMPOSITE,256,3,0,32.0674,6.658249e-05,0.0452,0.8691,826,0.1000,0.0769,0.1429,27.7778,-1.0000
ecg_108,ecg,IMP_ADAPTIVE,256,3,0,32.6670,5.799641e-05,0.0265,0.8559,827,0.1053,0.0833,0.1429,27.7778,-1.0000
ecg_108,ecg,IMP_INTERP_ERROR,256,3,0,41.9529,6.836217e-06,0.0098,0.9846,831,0.1053,0.0833,0.1429,27.7778,-1.0000
ecg_108,ecg,IMP_INTERP_COMPOSITE,256,3,0,41.8446,7.008826e-06,0.0278,0.9824,829,0.1053,0.0833,0.1429,27.7778,-1.0000
ecg_108,ecg,RDP_OFFLINE,256,3,0,44.0672,4.201250e-06,0.0000,0.9917,831,0.1053,0.0833,0.1429,27.7778,-1.0000
ecg_108,ecg,LTTB_OFFLINE,256,3,0,38.1272,1.649618e-05,0.0000,0.9718,831,0.1053,0.0833,0.1429,27.7778,-1.0000
ecg_108,ecg,DROP,256,3,1,33.1969,5.133507e-05,0.0077,0.8810,828,0.1053,0.0833,0.1429,27.7778,-1.0000
ecg_108,ecg,RANDOM_DROP,256,3,1,28.0914,1.663260e-04,0.0083,0.8152,832,0.1053,0.0833,0.1429,27.7778,-1.0000
ecg_108,ecg,DROP_MIDDLE,256,3,1,32.6912,5.767431e-05,0.0429,0.8668,831,0.1053,0.0833,0.1429,27.7778,-1.0000
ecg_108,ecg,DROP_LOW_VARIANCE,256,3,1,31.9583,6.827729e-05,0.0271,0.8104,832,0.1053,0.0833,0.1429,27.7778,-1.0000
ecg_108,ecg,ADAPTIVE,256,3,1,35.4133,3.081562e-05,0.3618,0.9060,687,0.1053,0.0833,0.1429,27.7778,-1.0000
ecg_108,ecg,LEGACY_IMPORTANCE,256,3,1,31.5474,7.505291e-05,0.0111,0.8800,837,0.1053,0.0833,0.1429,27.7778,-1.0000
ecg_108,ecg,IMP_FIRST_ORDER,256,3,1,31.5500,7.500735e-05,0.0101,0.8832,825,0.1053,0.0833,0.1429,27.7778,-1.0000
ecg_108,ecg,IMP_WINDOWED_ENERGY,256,3,1,30.9133,8.685144e-05,0.0061,0.8367,821,0.1053,0.0833,0.1429,27.7778,-1.0000
ecg_108,ecg,IMP_COMPOSITE,256,3,1,32.3333,6.262929e-05,0.0118,0.8694,817,0.1000,0.0769,0.1429,27.7778,-1.0000
ecg_108,ecg,IMP_ADAPTIVE,256,3,1,33.0822,5.270911e-05,0.0279,0.8720,829,0.1053,0.0833,0.1429,27.7778,-1.0000
ecg_108,ecg,IMP_INTERP_ERROR,256,3,1,42.2400,6.398856e-06,0.0033,0.9856,816,0.1053,0.0833,0.1429,27.7778,-1.0000
ecg_108,ecg,IMP_INTERP_COMPOSITE,256,3,1,41.9872,6.782391e-06,0.0236,0.9820,817,0.1053,0.0833,0.1429,27.7778,-1.0000
ecg_108,ecg,RDP_OFFLINE,256,3,1,44.2716,4.008125e-06,0.0000,0.9917,816,0.1053,0.0833,0.1429,27.7778,-1.0000
ecg_108,ecg,LTTB_OFFLINE,256,3,1,38.0796,1.667812e-05,0.0000,0.9673,816,0.1053,0.0833,0.1429,27.7778,-1.0000
ecg_108,ecg,DROP,256,6,0,27.2975,1.996872e-04,0.0022,0.6981,1241,0.1053,0.0833,0.1429,27.7778,-1.0000
ecg_108,ecg,RANDOM_DROP,256,6,0,24.7432,3.595680e-04,0.0265,0.6727,1241,0.1053,0.0833,0.1429,27.7778,-1.0000
ecg_108,ecg,DROP_MIDDLE,256,6,0,26.5044,2.396966e-04,0.0253,0.6794,1245,0.1053,0.0833,0.1429,27.7778,-1.0000
ecg_108,ecg,DROP_LOW_VARIANCE,256,6,0,27.7837,1.785400e-04,0.0152,0.6477,1239,0.1053,0.0833,0.1429,27.7778,-1.0000
ecg_108,ecg,ADAPTIVE,256,6,0,30.5610,9.418958e-05,0.1876,0.8049,1106,0.1053,0.0833,0.1429,27.7778,-1.0000
ecg_108,ecg,LEGACY_IMPORTANCE,256,6,0,27.3398,1.977544e-04,0.0206,0.7577,1240,0.1053,0.0833,0.1429,27.7778,-1.0000
ecg_108,ecg,IMP_FIRST_ORDER,256,6,0,26.7892,2.244805e-04,0.0300,0.7555,1237,0.1053,0.0833,0.1429,27.7778,-1.0000
ecg_108,ecg,IMP_WINDOWED_ENERGY,256,6,0,26.2325,2.551840e-04,0.0239,0.6936,1238,0.1053,0.0833,0.1429,27.7778,-1.0000
ecg_108,ecg,IMP_COMPOSITE,256,6,0,27.5860,1.868540e-04,0.0096,0.7401,1235,0.1053,0.0833,0.1429,27.7778,-1.0000
ecg_108,ecg,IMP_ADAPTIVE,256,6,0,28.2670,1.597360e-04,0.0369,0.7086,1232,0.1053,0.0833,0.1429,27.7778,-1.0000
ecg_108,ecg,IMP_INTERP_ERROR,256,6,0,35.5373,2.994826e-05,0.0225,0.9438,1240,0.1053,0.0833,0.1429,27.7778,-1.0000
ecg_108,ecg,IMP_INTERP_COMPOSITE,256,6,0,35.3054,3.159098e-05,0.0069,0.9451,1241,0.1053,0.0833,0.1429,27.7778,-1.0000
ecg_108,ecg,RDP_OFFLINE,256,6,0,37.2402,2.023428e-05,0.0000,0.9592,1240,0.1053,0.0833,0.1429,27.7778,-1.0000
ecg_108,ecg,LTTB_OFFLINE,256,6,0,33.8477,4.419111e-05,0.0000,0.9413,1240,0.1053,0.0833,0.1429,27.7778,-1.0000
ecg_108,ecg,DROP,256,6,1,26.9390,2.168727e-04,0.0017,0.7048,1245,0.1053,0.0833,0.1429,27.7778,-1.0000
ecg_108,ecg,RANDOM_DROP,256,6,1,24.6040,3.712857e-04,0.0081,0.6929,1238,0.1053,0.0833,0.1429,27.7778,-1.0000
ecg_108,ecg,DROP_MIDDLE,256,6,1,26.7089,2.286705e-04,0.0029,0.6881,1243,0.1053,0.0833,0.1429,27.7778,-1.0000
ecg_108,ecg,DROP_LOW_VARIANCE,256,6,1,27.7673,1.792162e-04,0.0075,0.6477,1239,0.1053,0.0833,0.1429,27.7778,-1.0000
ecg_108,ecg,ADAPTIVE,256,6,1,30.3224,9.950990e-05,0.2305,0.8049,1106,0.1053,0.0833,0.1429,27.7778,-1.0000
ecg_108,ecg,LEGACY_IMPORTANCE,256,6,1,26.9649,2.155836e-04,0.0049,0.7532,1239,0.1053,0.0833,0.1429,27.7778,-1.0000
ecg_108,ecg,IMP_FIRST_ORDER,256,6,1,27.2629,2.012849e-04,0.0088,0.7565,1240,0.1053,0.0833,0.1429,27.7778,-1.0000
ecg_108,ecg,IMP_WINDOWED_ENERGY,256,6,1,26.4645,2.419100e-04,0.0201,0.6920,1240,0.1053,0.0833,0.1429,27.7778,-1.0000
ecg_108,ecg,IMP_COMPOSITE,256,6,1,27.4690,1.919555e-04,0.0199,0.7289,1239,0.1053,0.0833,0.1429,27.7778,-1.0000
ecg_108,ecg,IMP_ADAPTIVE,256,6,1,28.3304,1.574218e-04,0.0098,0.7240,1238,0.1000,0.0769,0.1429,27.7778,-1.0000
ecg_108,ecg,IMP_INTERP_ERROR,256,6,1,35.2561,3.195147e-05,0.0067,0.9448,1242,0.1053,0.0833,0.1429,27.7778,-1.0000
ecg_108,ecg,IMP_INTERP_COMPOSITE,256,6,1,35.2727,3.182994e-05,0.0102,0.9432,1239,0.1053,0.0833,0.1429,27.7778,-1.0000
ecg_108,ecg,RDP_OFFLINE,256,6,1,37.2067,2.039053e-05,0.0000,0.9589,1242,0.1053,0.0833,0.1429,27.7778,-1.0000
ecg_108,ecg,LTTB_OFFLINE,256,6,1,33.4936,4.794517e-05,0.0000,0.9381,1242,0.1053,0.0833,0.1429,27.7778,-1.0000
ecg_201,ecg,DROP,128,3,0,31.7181,4.741979e-05,0.0077,0.8924,962,0.9412,1.0000,0.8889,2.0833,-1.0000
ecg_201,ecg,RANDOM_DROP,128,3,0,23.4037,3.216640e-04,0.0207,0.8571,968,0.9412,1.0000,0.8889,3.4722,-1.0000
ecg_201,ecg,DROP_MIDDLE,128,3,0,31.1897,5.355556e-05,0.0077,0.8982,959,0.9412,1.0000,0.8889,3.1250,-1.0000
ecg_201,ecg,DROP_LOW_VARIANCE,128,3,0,31.6924,4.770159e-05,0.0096,0.8485,960,0.9412,1.0000,0.8889,2.4306,-1.0000
ecg_201,ecg,ADAPTIVE,128,3,0,33.2281,3.349375e-05,0.2649,0.9150,798,0.9412,1.0000,0.8889,2.0833,-1.0000
ecg_201,ecg,LEGACY_IMPORTANCE,128,3,0,31.8268,4.624835e-05,0.0048,0.9068,964,0.9412,1.0000,0.8889,2.4306,-1.0000
ecg_201,ecg,IMP_FIRST_ORDER,128,3,0,31.7766,4.678533e-05,0.0259,0.9062,969,0.9412,1.0000,0.8889,2.4306,-1.0000
ecg_201,ecg,IMP_WINDOWED_ENERGY,128,3,0,30.9507,5.658531e-05,0.0047,0.8653,965,0.9412,1.0000,0.8889,2.4306,-1.0000
ecg_201,ecg,IMP_COMPOSITE,128,3,0,32.4962,3.964208e-05,0.0204,0.8988,964,0.9412,1.0000,0.8889,2.4306,-1.0000
ecg_201,ecg,IMP_ADAPTIVE,128,3,0,32.8767,3.631661e-05,0.0056,0.8950,964,0.9412,1.0000,0.8889,2.4306,-1.0000
ecg_201,ecg,IMP_INTERP_ERROR,128,3,0,41.1623,5.389431e-06,0.0051,0.9879,966,0.9412,1.0000,0.8889,2.4306,-1.0000
ecg_201,ecg,IMP_INTERP_COMPOSITE,128,3,0,40.9513,5.657775e-06,0.0051,0.9853,966,0.9412,1.0000,0.8889,2.4306,-1.0000
ecg_201,ecg,RDP_OFFLINE,128,3,0,42.2898,4.157153e-06,0.0000,0.9900,966,0.9412,1.0000,0.8889,2.4306,-1.0000
ecg_201,ecg,LTTB_OFFLINE,128,3,0,35.1968,2.128611e-05,0.0000,0.9735,966,0.9412,1.0000,0.8889,2.7778,-1.0000
ecg_201,ecg,DROP,128,3,1,31.1851,5.361181e-05,0.0019,0.8941,970,0.9412,1.0000,0.8889,1.7361,-1.0000
ecg_201,ecg,RANDOM_DROP,128,3,1,25.2064,2.123908e-04,0.0075,0.8515,961,0.9412,1.0000,0.8889,3.1250,-1.0000
ecg_201,ecg,DROP_MIDDLE,128,3,1,30.5772,6.166701e-05,0.0044,0.8929,968,0.9412,1.0000,0.8889,2.0833,-1.0000
ecg_201,ecg,DROP_LOW_VARIANCE,128,3,1,31.2874,5.236416e-05,0.0037,0.8500,959,0.9412,1.0000,0.8889,2.4306,-1.0000
ecg_201,ecg,ADAPTIVE,128,3,1,33.6943,3.008437e-05,0.3922,0.9206,794,0.9412,1.0000,0.8889,2.0833,-1.0000
ecg_201,ecg,LEGACY_IMPORTANCE,128,3,1,31.8419,4.608697e-05,0.0026,0.9082,962,0.9412,1.0000,0.8889,2.4306,-1.0000
ecg_201,ecg,IMP_FIRST_ORDER,128,3,1,31.7755,4.679719e-05,0.0040,0.9059,967,0.9412,1.0000,0.8889,2.4306,-1.0000
ecg_201,ecg,IMP_WINDOWED_ENERGY,128,3,1,30.3117,6.555427e-05,0.0116,0.8653,964,0.9412,1.0000,0.8889,2.4306,-1.0000
ecg_201,ecg,IMP_COMPOSITE,128,3,1,32.4426,4.013422e-05,0.0053,0.8976,965,0.9412,1.0000,0.8889,2.4306,-1.0000
ecg_201,ecg,IMP_ADAPTIVE,128,3,1,32.7520,3.737409e-05,0.0337,0.8929,961,0.9412,1.0000,0.8889,2.4306,-1.0000
ecg_201,ecg,IMP_INTERP_ERROR,128,3,1,41.2334,5.301897e-06,0.0028,0.9882,959,0.9412,1.0000,0.8889,2.4306,-1.0000
ecg_201,ecg,IMP_INTERP_COMPOSITE,128,3,1,41.0980,5.469861e-06,0.0095,0.9865,954,0.9412,1.0000,0.8889,2.4306,-1.0000
ecg_201,ecg,RDP_OFFLINE,128,3,1,42.4098,4.043785e-06,0.0000,0.9903,959,0.9412,1.0000,0.8889,2.4306,-1.0000
ecg_201,ecg,LTTB_OFFLINE,128,3,1,34.9338,2.261458e-05,0.0000,0.9703,959,0.9412,1.0000,0.8889,2.4306,-1.0000
ecg_201,ecg,DROP,128,6,0,24.1855,2.686716e-04,0.0024,0.7818,1368,0.9412,1.0000,0.8889,3.4722,-1.0000
ecg_201,ecg,RANDOM_DROP,128,6,0,15.2462,2.104501e-03,0.0250,0.7538,1372,0.9412,1.0000,0.8889,4.5139,-1.0000
ecg_201,ecg,DROP_MIDDLE,128,6,0,24.4593,2.522582e-04,0.0040,0.7735,1362,0.9412,1.0000,0.8889,4.5139,-1.0000
ecg_201,ecg,DROP_LOW_VARIANCE,128,6,0,21.9106,4.536457e-04,0.0040,0.7321,1365,0.9412,1.0000,0.8889,2.4306,-1.0000
ecg_201,ecg,ADAPTIVE,128,6,0,27.6463,1.210997e-04,0.2347,0.8312,1219,0.9412,1.0000,0.8889,2.4306,-1.0000
ecg_201,ecg,LEGACY_IMPORTANCE,128,6,0,27.3492,1.296752e-04,0.0029,0.8135,1368,0.9412,1.0000,0.8889,1.7361,-1.0000
ecg_201,ecg,IMP_FIRST_ORDER,128,6,0,27.1731,1.350398e-04,0.0068,0.8138,1370,0.9412,1.0000,0.8889,1.7361,-1.0000
ecg_201,ecg,IMP_WINDOWED_ENERGY,128,6,0,25.1995,2.127257e-04,0.0055,0.7771,1368,0.9412,1.0000,0.8889,2.4306,-1.0000
ecg_201,ecg,IMP_COMPOSITE,128,6,0,27.8624,1.152201e-04,0.0139,0.8076,1368,0.9412,1.0000,0.8889,2.4306,-1.0000
ecg_201,ecg,IMP_ADAPTIVE,128,6,0,27.9998,1.116333e-04,0.0051,0.7959,1367,0.9412,1.0000,0.8889,2.4306,-1.0000
ecg_201,ecg,IMP_INTERP_ERROR,128,6,0,34.0466,2.774022e-05,0.0037,0.9371,1373,0.9412,1.0000,0.8889,2.4306,-1.0000
ecg_201,ecg,IMP_INTERP_COMPOSITE,128,6,0,33.8492,2.903054e-05,0.0040,0.9371,1366,0.9412,1.0000,0.8889,2.4306,-1.0000
ecg_201,ecg,RDP_OFFLINE,128,6,0,35.0547,2.199367e-05,0.0000,0.9541,1373,0.9412,1.0000,0.8889,2.4306,-1.0000
ecg_201,ecg,LTTB_OFFLINE,128,6,0,29.5801,7.758229e-05,0.0000,0.9226,1373,0.9412,1.0000,0.8889,2.7778,-1.0000
ecg_201,ecg,DROP,128,6,1,24.2727,2.633336e-04,0.0019,0.7815,1373,0.9412,1.0000,0.8889,2.7778,-1.0000
ecg_201,ecg,RANDOM_DROP,128,6,1,19.6485,7.636907e-04,0.0077,0.7624,1372,0.9412,1.0000,0.8889,4.5139,-1.0000
ecg_201,ecg,DROP_MIDDLE,128,6,1,24.2069,2.673512e-04,0.0037,0.7738,1368,0.9412,1.0000,0.8889,3.4722,-1.0000
ecg_201,ecg,DROP_LOW_VARIANCE,128,6,1,21.2408,5.292940e-04,0.0044,0.7285,1372,0.9412,1.0000,0.8889,2.4306,-1.0000
ecg_201,ecg,ADAPTIVE,128,6,1,28.2990,1.042017e-04,0.2317,0.8674,1218,0.9412,1.0000,0.8889,3.4722,-1.0000
ecg_201,ecg,LEGACY_IMPORTANCE,128,6,1,27.1968,1.343052e-04,0.0045,0.8121,1374,0.9412,1.0000,0.8889,1.7361,-1.0000
ecg_201,ecg,IMP_FIRST_ORDER,128,6,1,27.1661,1.352580e-04,0.0066,0.8135,1367,0.9412,1.0000,0.8889,1.7361,-1.0000
ecg_201,ecg,IMP_WINDOWED_ENERGY,128,6,1,25.4085,2.027337e-04,0.0202,0.7750,1366,0.9412,1.0000,0.8889,2.4306,-1.0000
ecg_201,ecg,IMP_COMPOSITE,128,6,1,27.8790,1.147813e-04,0.0259,0.8068,1368,0.9412,1.0000,0.8889,2.4306,-1.0000
ecg_201,ecg,IMP_ADAPTIVE,128,6,1,28.2292,1.058905e-04,0.0040,0.8079,1366,0.9412,1.0000,0.8889,2.4306,-1.0000
ecg_201,ecg,IMP_INTERP_ERROR,128,6,1,33.8947,2.872794e-05,0.0040,0.9382,1371,0.9412,1.0000,0.8889,2.4306,-1.0000
ecg_201,ecg,IMP_INTERP_COMPOSITE,128,6,1,33.6793,3.018879e-05,0.0320,0.9324,1371,0.9412,1.0000,0.8889,2.4306,-1.0000
ecg_201,ecg,RDP_OFFLINE,128,6,1,35.1017,2.175715e-05,0.0000,0.9553,1371,0.9412,1.0000,0.8889,2.4306,-1.0000
ecg_201,ecg,LTTB_OFFLINE,128,6,1,29.6514,7.631962e-05,0.0000,0.9303,1371,0.9412,1.0000,0.8889,2.7778,-1.0000
ecg_201,ecg,DROP,256,3,0,32.3339,4.115069e-05,0.0078,0.9141,838,0.9412,1.0000,0.8889,2.7778,-1.0000
ecg_201,ecg,RANDOM_DROP,256,3,0,25.0047,2.224863e-04,0.0077,0.8700,838,0.9412,1.0000,0.8889,3.1250,-1.0000
ecg_201,ecg,DROP_MIDDLE,256,3,0,32.1319,4.311076e-05,0.0079,0.9068,834,0.9412,1.0000,0.8889,1.7361,-1.0000
ecg_201,ecg,DROP_LOW_VARIANCE,256,3,0,33.7984,2.937184e-05,0.0031,0.8776,834,0.9412,1.0000,0.8889,2.4306,-1.0000
ecg_201,ecg,ADAPTIVE,256,3,0,34.3879,2.564375e-05,0.2516,0.9294,680,0.9412,1.0000,0.8889,2.0833,-1.0000
ecg_201,ecg,LEGACY_IMPORTANCE,256,3,0,33.2076,3.365226e-05,0.0031,0.9276,840,0.9412,1.0000,0.8889,2.4306,-1.0000
ecg_201,ecg,IMP_FIRST_ORDER,256,3,0,33.2957,3.297607e-05,0.0278,0.9312,828,0.9412,1.0000,0.8889,2.4306,-1.0000
ecg_201,ecg,IMP_WINDOWED_ENERGY,256,3,0,31.6833,4.780127e-05,0.0067,0.8868,837,0.9412,1.0000,0.8889,2.4306,-1.0000
ecg_201,ecg,IMP_COMPOSITE,256,3,0,33.6609,3.031700e-05,0.0073,0.9165,827,0.9412,1.0000,0.8889,2.4306,-1.0000
ecg_201,ecg,IMP_ADAPTIVE,256,3,0,33.3235,3.276554e-05,0.0052,0.9059,839,0.9412,1.0000,0.8889,2.4306,-1.0000
ecg_201,ecg,IMP_INTERP_ERROR,256,3,0,42.4949,3.965369e-06,0.0035,0.9900,840,0.9412,1.0000,0.8889,2.4306,-1.0000
ecg_201,ecg,IMP_INTERP_COMPOSITE,256,3,0,42.4022,4.050882e-06,0.0268,0.9897,834,0.9412,1.0000,0.8889,2.4306,-1.0000
ecg_201,ecg,RDP_OFFLINE,256,3,0,44.0311,2.783958e-06,0.0000,0.9968,840,0.9412,1.0000,0.8889,2.4306,-1.0000
ecg_201,ecg,LTTB_OFFLINE,256,3,0,36.2138,1.684201e-05,0.0000,0.9744,840,0.9412,1.0000,0.8889,2.0833,-1.0000
ecg_201,ecg,DROP,256,3,1,30.6079,6.123264e-05,0.0020,0.8968,840,0.9412,1.0000,0.8889,2.4306,-1.0000
ecg_201,ecg,RANDOM_DROP,256,3,1,26.6943,1.507788e-04,0.0076,0.8865,831,0.9412,1.0000,0.8889,1.7361,-1.0000
ecg_201,ecg,DROP_MIDDLE,256,3,1,31.7024,4.759201e-05,0.0049,0.9018,840,0.9412,1.0000,0.8889,2.0833,-1.0000
ecg_201,ecg,DROP_LOW_VARIANCE,256,3,1,33.5110,3.138106e-05,0.0052,0.8741,841,0.9412,1.0000,0.8889,2.4306,-1.0000
ecg_201,ecg,ADAPTIVE,256,3,1,34.0967,2.742187e-05,0.3153,0.9321,680,0.9412,1.0000,0.8889,2.4306,-1.0000
ecg_201,ecg,LEGACY_IMPORTANCE,256,3,1,33.1569,3.404722e-05,0.0086,0.9288,836,0.9412,1.0000,0.8889,2.4306,-1.0000
ecg_201,ecg,IMP_FIRST_ORDER,256,3,1,33.1715,3.393274e-05,0.0252,0.9291,838,0.9412,1.0000,0.8889,2.4306,-1.0000
ecg_201,ecg,IMP_WINDOWED_ENERGY,256,3,1,32.7624,3.728446e-05,0.0398,0.8850,836,0.9412,1.0000,0.8889,2.4306,-1.0000
ecg_201,ecg,IMP_COMPOSITE,256,3,1,33.6669,3.027490e-05,0.0322,0.9162,828,0.9412,1.0000,0.8889,2.4306,-1.0000
ecg_201,ecg,IMP_ADAPTIVE,256,3,1,33.5490,3.110790e-05,0.0104,0.9132,834,0.9412,1.0000,0.8889,2.4306,-1.0000
ecg_201,ecg,IMP_INTERP_ERROR,256,3,1,42.5476,3.917522e-06,0.0045,0.9909,841,0.9412,1.0000,0.8889,2.4306,-1.0000
ecg_201,ecg,IMP_INTERP_COMPOSITE,256,3,1,42.3512,4.098802e-06,0.0079,0.9897,837,0.9412,1.0000,0.8889,2.4306,-1.0000
ecg_201,ecg,RDP_OFFLINE,256,3,1,43.9971,2.805833e-06,0.0000,0.9968,841,0.9412,1.0000,0.8889,2.4306,-1.0000
ecg_201,ecg,LTTB_OFFLINE,256,3,1,36.4006,1.613299e-05,0.0000,0.9750,841,0.9412,1.0000,0.8889,1.7361,-1.0000
ecg_201,ecg,DROP,256,6,0,24.1942,2.681371e-04,0.0009,0.8218,1244,0.9412,1.0000,0.8889,2.4306,-1.0000
ecg_201,ecg,RANDOM_DROP,256,6,0,13.4834,3.158175e-03,0.0147,0.7447,1246,0.8750,1.0000,0.7778,4.7619,-1.0000
ecg_201,ecg,DROP_MIDDLE,256,6,0,24.5619,2.463675e-04,0.0026,0.8121,1241,0.9412,1.0000,0.8889,3.1250,-1.0000
ecg_201,ecg,DROP_LOW_VARIANCE,256,6,0,23.8612,2.894998e-04,0.0074,0.7691,1245,0.9412,1.0000,0.8889,2.4306,-1.0000
ecg_201,ecg,ADAPTIVE,256,6,0,28.1562,1.076844e-04,0.3158,0.8635,1107,0.9412,1.0000,0.8889,2.7778,-1.0000
ecg_201,ecg,LEGACY_IMPORTANCE,256,6,0,28.8421,9.195206e-05,0.0114,0.8453,1236,0.9412,1.0000,0.8889,1.7361,-1.0000
ecg_201,ecg,IMP_FIRST_ORDER,256,6,0,28.8203,9.241545e-05,0.0102,0.8415,1240,0.9412,1.0000,0.8889,1.7361,-1.0000
ecg_201,ecg,IMP_WINDOWED_ENERGY,256,6,0,25.7861,1.858486e-04,0.0212,0.7979,1237,0.9412,1.0000,0.8889,2.4306,-1.0000
ecg_201,ecg,IMP_COMPOSITE,256,6,0,28.8446,9.189841e-05,0.0103,0.8332,1238,0.9412,1.0000,0.8889,2.4306,-1.0000
ecg_201,ecg,IMP_ADAPTIVE,256,6,0,28.9008,9.071823e-05,0.0271,0.8232,1241,0.9412,1.0000,0.8889,2.4306,-1.0000
ecg_201,ecg,IMP_INTERP_ERROR,256,6,0,35.4987,1.985651e-05,0.0284,0.9565,1245,0.9412,1.0000,0.8889,2.4306,-1.0000
ecg_201,ecg,IMP_INTERP_COMPOSITE,256,6,0,35.2713,2.092390e-05,0.0319,0.9532,1240,0.9412,1.0000,0.8889,2.4306,-1.0000
ecg_201,ecg,RDP_OFFLINE,256,6,0,37.5335,1.242856e-05,0.0000,0.9724,1245,0.9412,1.0000,0.8889,2.4306,-1.0000
ecg_201,ecg,LTTB_OFFLINE,256,6,0,32.0177,4.425861e-05,0.0000,0.9553,1245,0.9412,1.0000,0.8889,2.7778,-1.0000
ecg_201,ecg,DROP,256,6,1,24.7676,2.349703e-04,0.0295,0.8197,1247,0.9412,1.0000,0.8889,3.4722,-1.0000
ecg_201,ecg,RANDOM_DROP,256,6,1,16.7409,1.491692e-03,0.0076,0.7959,1242,0.9412,1.0000,0.8889,3.8194,-1.0000
ecg_201,ecg,DROP_MIDDLE,256,6,1,23.7946,2.939759e-04,0.0030,0.8009,1248,0.9412,1.0000,0.8889,2.7778,-1.0000
ecg_201,ecg,DROP_LOW_VARIANCE,256,6,1,24.4169,2.547297e-04,0.0071,0.7712,1240,0.9412,1.0000,0.8889,2.4306,-1.0000
ecg_201,ecg,ADAPTIVE,256,6,1,28.3731,1.024372e-04,0.3266,0.8659,1106,0.9412,1.0000,0.8889,3.8194,-1.0000
ecg_201,ecg,LEGACY_IMPORTANCE,256,6,1,28.8838,9.107261e-05,0.0044,0.8444,1238,0.9412,1.0000,0.8889,1.7361,-1.0000
ecg_201,ecg,IMP_FIRST_ORDER,256,6,1,28.7470,9.398727e-05,0.0088,0.8418,1240,0.9412,1.0000,0.8889,1.7361,-1.0000
ecg_201,ecg,IMP_WINDOWED_ENERGY,256,6,1,26.2090,1.686064e-04,0.0292,0.8056,1239,0.9412,1.0000,0.8889,2.4306,-1.0000
ecg_201,ecg,IMP_COMPOSITE,256,6,1,28.7976,9.289970e-05,0.0106,0.8338,1241,0.9412,1.0000,0.8889,2.4306,-1.0000
ecg_201,ecg,IMP_ADAPTIVE,256,6,1,28.9543,8.960717e-05,0.0325,0.8185,1237,0.9412,1.0000,0.8889,2.4306,-1.0000
ecg_201,ecg,IMP_INTERP_ERROR,256,6,1,35.1686,2.142473e-05,0.0048,0.9568,1246,0.9412,1.0000,0.8889,2.4306,-1.0000
ecg_201,ecg,IMP_INTERP_COMPOSITE,256,6,1,35.3575,2.051280e-05,0.0435,0.9538,1235,0.9412,1.0000,0.8889,2.4306,-1.0000
ecg_201,ecg,RDP_OFFLINE,256,6,1,37.5161,1.247856e-05,0.0000,0.9724,1246,0.9412,1.0000,0.8889,2.4306,-1.0000
ecg_201,ecg,LTTB_OFFLINE,256,6,1,31.8661,4.583163e-05,0.0000,0.9518,1246,0.9412,1.0000,0.8889,3.4722,-1.0000
ecg_228,ecg,DROP,128,3,0,29.4609,1.089885e-04,0.0012,0.8800,967,0.8750,0.8750,0.8750,1.5873,-1.0000
ecg_228,ecg,RANDOM_DROP,128,3,0,23.9198,3.903794e-04,0.0194,0.8103,969,0.8750,0.8750,0.8750,1.5873,-1.0000
ecg_228,ecg,DROP_MIDDLE,128,3,0,30.7462,8.106806e-05,0.0032,0.8724,967,0.8750,0.8750,0.8750,2.3810,-1.0000
ecg_228,ecg,DROP_LOW_VARIANCE,128,3,0,28.2661,1.435036e-04,0.0033,0.7827,958,0.8750,0.8750,0.8750,1.9841,-1.0000
ecg_228,ecg,ADAPTIVE,128,3,0,32.4415,5.486875e-05,0.2235,0.9151,799,0.8750,0.8750,0.8750,1.9841,-1.0000
ecg_228,ecg,LEGACY_IMPORTANCE,128,3,0,28.6955,1.299920e-04,0.0082,0.8711,965,0.8235,0.7778,0.8750,1.9841,-1.0000
ecg_228,ecg,IMP_FIRST_ORDER,128,3,0,28.6910,1.301279e-04,0.0098,0.8714,964,0.8235,0.7778,0.8750,1.9841,-1.0000
ecg_228,ecg,IMP_WINDOWED_ENERGY,128,3,0,27.5346,1.698293e-04,0.0202,0.8274,965,0.8235,0.7778,0.8750,1.9841,-1.0000
ecg_228,ecg,IMP_COMPOSITE,128,3,0,29.0173,1.207107e-04,0.0041,0.8565,961,0.8750,0.8750,0.8750,1.9841,-1.0000
ecg_228,ecg,IMP_ADAPTIVE,128,3,0,29.7745,1.013967e-04,0.1130,0.8636,968,0.8235,0.7778,0.8750,1.9841,-1.0000
ecg_228,ecg,IMP_INTERP_ERROR,128,3,0,38.9185,1.234882e-05,0.0038,0.9823,971,0.8235,0.7778,0.8750,1.9841,-1.0000
ecg_228,ecg,IMP_INTERP_COMPOSITE,128,3,0,39.1007,1.184134e-05,0.0151,0.9821,961,0.8235,0.7778,0.8750,1.9841,-1.0000
ecg_228,ecg,RDP_OFFLINE,128,3,0,40.3150,8.952996e-06,0.0000,0.9869,971,0.8235,0.7778,0.8750,1.9841,-1.0000
ecg_228,ecg,LTTB_OFFLINE,128,3,0,34.1267,3.722187e-05,0.0000,0.9629,971,0.8235,0.7778,0.8750,1.5873,-1.0000
ecg_228,ecg,DROP,128,3,1,29.7586,1.017670e-04,0.0012,0.8719,964,0.8750,0.8750,0.8750,2.7778,-1.0000
ecg_228,ecg,RANDOM_DROP,128,3,1,24.3496,3.536023e-04,0.0083,0.8234,956,0.8235,0.7778,0.8750,2.3810,-1.0000
ecg_228,ecg,DROP_MIDDLE,128,3,1,30.2611,9.064965e-05,0.0083,0.8795,958,0.8750,0.8750,0.8750,1.9841,-1.0000
ecg_228,ecg,DROP_LOW_VARIANCE,128,3,1,28.1572,1.471474e-04,0.0083,0.7782,970,0.8750,0.8750,0.8750,1.9841,-1.0000
ecg_228,ecg,ADAPTIVE,128,3,1,32.2143,5.781562e-05,0.3291,0.9093,780,0.8750,0.8750,0.8750,1.5873,-1.0000
ecg_228,ecg,LEGACY_IMPORTANCE,128,3,1,28.6931,1.300650e-04,0.0025,0.8714,962,0.8235,0.7778,0.8750,1.9841,-1.0000
ecg_228,ecg,IMP_FIRST_ORDER,128,3,1,28.7432,1.285735e-04,0.0054,0.8739,959,0.8235,0.7778,0.8750,1.9841,-1.0000
ecg_228,ecg,IMP_WINDOWED_ENERGY,128,3,1,28.0163,1.519979e-04,0.0187,0.8310,952,0.8750,0.8750,0.8750,1.9841,-1.0000
ecg_228,ecg,IMP_COMPOSITE,128,3,1,28.9835,1.216516e-04,0.0242,0.8590,965,0.8750,0.8750,0.8750,1.9841,-1.0000
ecg_228,ecg,IMP_ADAPTIVE,128,3,1,30.1651,9.267443e-05,0.0088,0.8658,967,0.8235,0.7778,0.8750,1.9841,-1.0000
ecg_228,ecg,IMP_INTERP_ERROR,128,3,1,39.1205,1.178747e-05,0.0026,0.9823,963,0.8235,0.7778,0.8750,1.9841,-1.0000
ecg_228,ecg,IMP_INTERP_COMPOSITE,128,3,1,39.1983,1.157826e-05,0.0277,0.9826,957,0.8235,0.7778,0.8750,1.9841,-1.0000
ecg_228,ecg,RDP_OFFLINE,128,3,1,40.4837,8.611850e-06,0.0000,0.9871,963,0.8235,0.7778,0.8750,1.9841,-1.0000
ecg_228,ecg,LTTB_OFFLINE,128,3,1,34.8734,3.134236e-05,0.0000,0.9674,963,0.8235,0.7778,0.8750,2.3810,-1.0000
ecg_228,ecg,DROP,128,6,0,23.0307,4.790681e-04,0.0022,0.7319,1374,0.8750,0.8750,0.8750,3.1746,-1.0000
ecg_228,ecg,RANDOM_DROP,128,6,0,16.9002,1.965390e-03,0.0099,0.6961,1370,0.8235,0.7778,0.8750,2.3810,-1.0000
ecg_228,ecg,DROP_MIDDLE,128,6,0,23.0136,4.809579e-04,0.0041,0.7259,1363,0.8750,0.8750,0.8750,1.9841,-1.0000
ecg_228,ecg,DROP_LOW_VARIANCE,128,6,0,21.1443,7.396673e-04,0.0066,0.6175,1366,0.8750,0.8750,0.8750,1.9841,-1.0000
ecg_228,ecg,ADAPTIVE,128,6,0,26.7376,2.040372e-04,0.2673,0.7868,1218,0.8750,0.8750,0.8750,2.7778,-1.0000
ecg_228,ecg,LEGACY_IMPORTANCE,128,6,0,23.4158,4.384253e-04,0.0077,0.7428,1367,0.9333,1.0000,0.8750,1.9841,-1.0000
ecg_228,ecg,IMP_FIRST_ORDER,128,6,0,23.3006,4.502032e-04,0.0064,0.7405,1368,0.9333,1.0000,0.8750,1.9841,-1.0000
ecg_228,ecg,IMP_WINDOWED_ENERGY,128,6,0,22.3693,5.578860e-04,0.0067,0.7021,1372,0.9333,1.0000,0.8750,1.9841,-1.0000
ecg_228,ecg,IMP_COMPOSITE,128,6,0,23.7360,4.072590e-04,0.0324,0.7418,1368,0.8750,0.8750,0.8750,1.9841,-1.0000
ecg_228,ecg,IMP_ADAPTIVE,128,6,0,24.7088,3.255299e-04,0.0230,0.7289,1371,0.9333,1.0000,0.8750,1.9841,-1.0000
ecg_228,ecg,IMP_INTERP_ERROR,128,6,0,32.0243,6.040077e-05,0.0299,0.9310,1370,0.8235,0.7778,0.8750,1.9841,-1.0000
ecg_228,ecg,IMP_INTERP_COMPOSITE,128,6,0,31.8398,6.302214e-05,0.0195,0.9325,1369,0.8235,0.7778,0.8750,1.9841,-1.0000
ecg_228,ecg,RDP_OFFLINE,128,6,0,33.7414,4.067547e-05,0.0000,0.9444,1370,0.8235,0.7778,0.8750,1.9841,-1.0000
ecg_228,ecg,LTTB_OFFLINE,128,6,0,29.2643,1.140353e-04,0.0000,0.9103,1370,0.8750,0.8750,0.8750,1.9841,-1.0000
ecg_228,ecg,DROP,128,6,1,23.8219,3.992803e-04,0.0018,0.7340,1369,0.8750,0.8750,0.8750,2.7778,-1.0000
ecg_228,ecg,RANDOM_DROP,128,6,1,16.3062,2.253490e-03,0.0095,0.6587,1367,0.7500,0.7500,0.7500,4.1667,-1.0000
ecg_228,ecg,DROP_MIDDLE,128,6,1,23.0623,4.755938e-04,0.0166,0.7319,1362,0.8750,0.8750,0.8750,1.9841,-1.0000
ecg_228,ecg,DROP_LOW_VARIANCE,128,6,1,21.3577,7.042009e-04,0.0029,0.6175,1364,0.8750,0.8750,0.8750,1.9841,-1.0000
ecg_228,ecg,ADAPTIVE,128,6,1,27.1598,1.851344e-04,0.1451,0.8087,1213,0.8235,0.7778,0.8750,1.9841,-1.0000
ecg_228,ecg,LEGACY_IMPORTANCE,128,6,1,24.0024,3.830295e-04,0.0098,0.7456,1348,0.9333,1.0000,0.8750,1.9841,-1.0000
ecg_228,ecg,IMP_FIRST_ORDER,128,6,1,23.6412,4.162517e-04,0.0189,0.7441,1357,0.9333,1.0000,0.8750,1.9841,-1.0000
ecg_228,ecg,IMP_WINDOWED_ENERGY,128,6,1,22.0766,5.967783e-04,0.0261,0.6897,1370,0.8750,0.8750,0.8750,1.9841,-1.0000
ecg_228,ecg,IMP_COMPOSITE,128,6,1,24.3317,3.550628e-04,0.0209,0.7357,1362,0.8750,0.8750,0.8750,1.9841,-1.0000
ecg_228,ecg,IMP_ADAPTIVE,128,6,1,24.8648,3.140432e-04,0.0167,0.7367,1369,0.9333,1.0000,0.8750,1.9841,-1.0000
ecg_228,ecg,IMP_INTERP_ERROR,128,6,1,32.2012,5.798926e-05,0.0026,0.9381,1362,0.8235,0.7778,0.8750,1.9841,-1.0000
ecg_228,ecg,IMP_INTERP_COMPOSITE,128,6,1,31.8637,6.267602e-05,0.0230,0.9325,1371,0.8235,0.7778,0.8750,1.9841,-1.0000
ecg_228,ecg,RDP_OFFLINE,128,6,1,33.9608,3.867128e-05,0.0000,0.9467,1362,0.8235,0.7778,0.8750,1.9841,-1.0000
ecg_228,ecg,LTTB_OFFLINE,128,6,1,29.5914,1.057627e-04,0.0000,0.9194,1362,0.8750,0.8750,0.8750,2.7778,-1.0000
ecg_228,ecg,DROP,256,3,0,30.2785,9.028576e-05,0.0011,0.8903,835,0.8750,0.8750,0.8750,0.7937,-1.0000
ecg_228,ecg,RANDOM_DROP,256,3,0,23.5542,4.246693e-04,0.0245,0.8353,840,0.8750,0.8750,0.8750,2.7778,-1.0000
ecg_228,ecg,DROP_MIDDLE,256,3,0,30.9686,7.702083e-05,0.0049,0.8853,833,0.8750,0.8750,0.8750,1.9841,-1.0000
ecg_228,ecg,DROP_LOW_VARIANCE,256,3,0,28.3073,1.421492e-04,0.0356,0.8211,841,0.8235,0.7778,0.8750,1.9841,-1.0000
ecg_228,ecg,ADAPTIVE,256,3,0,33.6392,4.164375e-05,0.1270,0.9313,687,0.8750,0.8750,0.8750,1.5873,-1.0000
ecg_228,ecg,LEGACY_IMPORTANCE,256,3,0,29.6791,1.036473e-04,0.0061,0.8954,836,0.8235,0.7778,0.8750,1.9841,-1.0000
ecg_228,ecg,IMP_FIRST_ORDER,256,3,0,29.7247,1.025653e-04,0.0413,0.8967,831,0.8235,0.7778,0.8750,1.9841,-1.0000
ecg_228,ecg,IMP_WINDOWED_ENERGY,256,3,0,29.2247,1.150805e-04,0.0550,0.8636,826,0.8750,0.8750,0.8750,1.9841,-1.0000
ecg_228,ecg,IMP_COMPOSITE,256,3,0,30.5231,8.534125e-05,0.0102,0.8909,822,0.8750,0.8750,0.8750,1.9841,-1.0000
ecg_228,ecg,IMP_ADAPTIVE,256,3,0,31.0860,7.496774e-05,0.0106,0.8881,823,0.8235,0.7778,0.8750,1.9841,-1.0000
ecg_228,ecg,IMP_INTERP_ERROR,256,3,0,40.5433,8.494663e-06,0.0063,0.9866,843,0.8235,0.7778,0.8750,1.9841,-1.0000
ecg_228,ecg,IMP_INTERP_COMPOSITE,256,3,0,40.7390,8.120198e-06,0.0063,0.9869,827,0.8235,0.7778,0.8750,1.9841,-1.0000
ecg_228,ecg,RDP_OFFLINE,256,3,0,42.4944,5.420392e-06,0.0000,0.9924,843,0.8235,0.7778,0.8750,1.9841,-1.0000
ecg_228,ecg,LTTB_OFFLINE,256,3,0,35.4911,2.718681e-05,0.0000,0.9715,843,0.8235,0.7778,0.8750,1.5873,-1.0000
ecg_228,ecg,DROP,256,3,1,30.9587,7.719757e-05,0.0016,0.9040,837,0.8750,0.8750,0.8750,2.3810,-1.0000
ecg_228,ecg,RANDOM_DROP,256,3,1,24.7703,3.209492e-04,0.0080,0.8573,835,0.8750,0.8750,0.8750,1.5873,-1.0000
ecg_228,ecg,DROP_MIDDLE,256,3,1,30.7285,8.139896e-05,0.0267,0.8934,831,0.8750,0.8750,0.8750,0.7937,-1.0000
ecg_228,ecg,DROP_LOW_VARIANCE,256,3,1,28.0424,1.510886e-04,0.0088,0.8247,836,0.8235,0.7778,0.8750,1.9841,-1.0000
ecg_228,ecg,ADAPTIVE,256,3,1,32.8876,4.951250e-05,0.2925,0.9126,680,0.8750,0.8750,0.8750,1.9841,-1.0000
ecg_228,ecg,LEGACY_IMPORTANCE,256,3,1,29.6839,1.035338e-04,0.0089,0.8954,833,0.8235,0.7778,0.8750,1.9841,-1.0000
ecg_228,ecg,IMP_FIRST_ORDER,256,3,1,29.6317,1.047866e-04,0.0255,0.8939,841,0.8235,0.7778,0.8750,1.9841,-1.0000
ecg_228,ecg,IMP_WINDOWED_ENERGY,256,3,1,29.3659,1.113998e-04,0.0103,0.8643,826,0.8750,0.8750,0.8750,1.9841,-1.0000
ecg_228,ecg,IMP_COMPOSITE,256,3,1,30.3233,8.936024e-05,0.0365,0.8886,828,0.8750,0.8750,0.8750,1.9841,-1.0000
ecg_228,ecg,IMP_ADAPTIVE,256,3,1,31.2205,7.268185e-05,0.0604,0.8848,830,0.8235,0.7778,0.8750,1.9841,-1.0000
ecg_228,ecg,IMP_INTERP_ERROR,256,3,1,40.5964,8.391399e-06,0.0051,0.9866,843,0.8235,0.7778,0.8750,1.9841,-1.0000
ecg_228,ecg,IMP_INTERP_COMPOSITE,256,3,1,40.5374,8.506205e-06,0.0060,0.9869,833,0.8235,0.7778,0.8750,1.9841,-1.0000
ecg_228,ecg,RDP_OFFLINE,256,3,1,42.4944,5.420392e-06,0.0000,0.9924,843,0.8235,0.7778,0.8750,1.9841,-1.0000
ecg_228,ecg,LTTB_OFFLINE,256,3,1,35.4911,2.718681e-05,0.0000,0.9715,843,0.8235,0.7778,0.8750,1.5873,-1.0000
ecg_228,ecg,DROP,256,6,0,22.8099,5.040541e-04,0.0020,0.7355,1249,0.8750,0.8750,0.8750,1.1905,-1.0000
ecg_228,ecg,RANDOM_DROP,256,6,0,17.4062,1.749243e-03,0.0073,0.6991,1241,0.9333,1.0000,0.8750,4.3651,-1.0000
ecg_228,ecg,DROP_MIDDLE,256,6,0,24.1139,3.733219e-04,0.0014,0.7585,1246,0.8750,0.8750,0.8750,1.9841,-1.0000
ecg_228,ecg,DROP_LOW_VARIANCE,256,6,0,20.4523,8.674359e-04,0.0046,0.6657,1244,0.8750,0.8750,0.8750,1.9841,-1.0000
ecg_228,ecg,ADAPTIVE,256,6,0,27.5916,1.676137e-04,0.2749,0.8459,1105,0.8750,0.8750,0.8750,1.5873,-1.0000
ecg_228,ecg,LEGACY_IMPORTANCE,256,6,0,25.2610,2.866640e-04,0.0046,0.7873,1242,0.9333,1.0000,0.8750,1.9841,-1.0000
ecg_228,ecg,IMP_FIRST_ORDER,256,6,0,25.2876,2.849095e-04,0.0103,0.7885,1240,0.9333,1.0000,0.8750,1.9841,-1.0000
ecg_228,ecg,IMP_WINDOWED_ENERGY,256,6,0,22.9319,4.900933e-04,0.0100,0.7511,1239,0.9333,1.0000,0.8750,1.9841,-1.0000
ecg_228,ecg,IMP_COMPOSITE,256,6,0,24.4605,3.446880e-04,0.0076,0.7721,1243,0.8750,0.8750,0.8750,1.9841,-1.0000
ecg_228,ecg,IMP_ADAPTIVE,256,6,0,25.9054,2.471330e-04,0.0085,0.7698,1239,0.8750,0.8750,0.8750,1.9841,-1.0000
ecg_228,ecg,IMP_INTERP_ERROR,256,6,0,33.8646,3.953811e-05,0.0078,0.9522,1241,0.8235,0.7778,0.8750,1.9841,-1.0000
ecg_228,ecg,IMP_INTERP_COMPOSITE,256,6,0,33.8435,3.973050e-05,0.0277,0.9517,1239,0.8235,0.7778,0.8750,1.9841,-1.0000
ecg_228,ecg,RDP_OFFLINE,256,6,0,35.9486,2.446845e-05,0.0000,0.9646,1241,0.8235,0.7778,0.8750,1.9841,-1.0000
ecg_228,ecg,LTTB_OFFLINE,256,6,0,30.6581,8.272941e-05,0.0000,0.9376,1241,0.8235,0.7778,0.8750,1.5873,-1.0000
ecg_228,ecg,DROP,256,6,1,23.1219,4.691144e-04,0.0006,0.7607,1244,0.8235,0.7778,0.8750,2.3810,-1.0000
ecg_228,ecg,RANDOM_DROP,256,6,1,18.1667,1.468266e-03,0.0097,0.7046,1233,0.8750,0.8750,0.8750,4.3651,-1.0000
ecg_228,ecg,DROP_MIDDLE,256,6,1,23.6145,4.188163e-04,0.0191,0.7456,1241,0.8750,0.8750,0.8750,1.9841,-1.0000
ecg_228,ecg,DROP_LOW_VARIANCE,256,6,1,20.4695,8.640101e-04,0.0050,0.6685,1240,0.8750,0.8750,0.8750,1.9841,-1.0000
ecg_228,ecg,ADAPTIVE,256,6,1,26.9610,1.938087e-04,0.1427,0.8247,1105,0.8750,0.8750,0.8750,1.9841,-1.0000
ecg_228,ecg,LEGACY_IMPORTANCE,256,6,1,24.8807,3.128979e-04,0.0051,0.7918,1241,0.9333,1.0000,0.8750,1.9841,-1.0000
ecg_228,ecg,IMP_FIRST_ORDER,256,6,1,25.2349,2.883882e-04,0.0299,0.7890,1243,0.9333,1.0000,0.8750,1.9841,-1.0000
ecg_228,ecg,IMP_WINDOWED_ENERGY,256,6,1,22.5968,5.294119e-04,0.0365,0.7436,1237,0.8750,0.8750,0.8750,1.9841,-1.0000
ecg_228,ecg,IMP_COMPOSITE,256,6,1,25.0531,3.007222e-04,0.0234,0.7744,1240,0.8750,0.8750,0.8750,1.9841,-1.0000
ecg_228,ecg,IMP_ADAPTIVE,256,6,1,26.0763,2.375999e-04,0.0755,0.7668,1243,0.8235,0.7778,0.8750,1.9841,-1.0000
ecg_228,ecg,IMP_INTERP_ERROR,256,6,1,33.9836,3.846896e-05,0.0076,0.9538,1242,0.8235,0.7778,0.8750,1.9841,-1.0000
ecg_228,ecg,IMP_INTERP_COMPOSITE,256,6,1,33.6160,4.186667e-05,0.0077,0.9497,1242,0.8235,0.7778,0.8750,1.9841,-1.0000
ecg_228,ecg,RDP_OFFLINE,256,6,1,35.9231,2.461289e-05,0.0000,0.9644,1242,0.8235,0.7778,0.8750,1.9841,-1.0000
ecg_228,ecg,LTTB_OFFLINE,256,6,1,30.8018,8.003764e-05,0.0000,0.9442,1242,0.8750,0.8750,0.8750,1.1905,-1.0000
vib_normal_0hp,vibration,DROP,128,3,0,15.6025,1.503621e-04,0.0080,0.9069,965,-1.0000,-1.0000,-1.0000,-1.0000,0.9917
vib_normal_0hp,vibration,RANDOM_DROP,128,3,0,7.4524,9.820848e-04,0.0147,0.8128,966,-1.0000,-1.0000,-1.0000,-1.0000,0.9665
vib_normal_0hp,vibration,DROP_MIDDLE,128,3,0,15.9437,1.390016e-04,0.0041,0.9184,965,-1.0000,-1.0000,-1.0000,-1.0000,0.9942
vib_normal_0hp,vibration,DROP_LOW_VARIANCE,128,3,0,10.2309,5.179592e-04,0.0083,0.7206,964,-1.0000,-1.0000,-1.0000,-1.0000,0.9889
vib_normal_0hp,vibration,ADAPTIVE,128,3,0,19.0300,6.829454e-05,0.3457,0.9433,786,-1.0000,-1.0000,-1.0000,-1.0000,0.9970
vib_normal_0hp,vibration,LEGACY_IMPORTANCE,128,3,0,10.4751,4.896332e-04,0.0079,0.8443,965,-1.0000,-1.0000,-1.0000,-1.0000,0.9890
vib_normal_0hp,vibration,IMP_FIRST_ORDER,128,3,0,10.5673,4.793535e-04,0.0197,0.8477,960,-1.0000,-1.0000,-1.0000,-1.0000,0.9891
vib_normal_0hp,vibration,IMP_WINDOWED_ENERGY,128,3,0,9.5766,6.021758e-04,0.0492,0.8687,969,-1.0000,-1.0000,-1.0000,-1.0000,0.9836
vib_normal_0hp,vibration,IMP_COMPOSITE,128,3,0,12.3541,3.176673e-04,0.0056,0.8689,961,-1.0000,-1.0000,-1.0000,-1.0000,0.9903
vib_normal_0hp,vibration,IMP_ADAPTIVE,128,3,0,13.6011,2.383850e-04,0.0096,0.8963,971,-1.0000,-1.0000,-1.0000,-1.0000,0.9920
vib_normal_0hp,vibration,IMP_INTERP_ERROR,128,3,0,23.8104,2.271651e-05,0.0342,0.9916,971,-1.0000,-1.0000,-1.0000,-1.0000,0.9996
vib_normal_0hp,vibration,IMP_INTERP_COMPOSITE,128,3,0,24.0657,2.141999e-05,0.0054,0.9912,954,-1.0000,-1.0000,-1.0000,-1.0000,0.9996
vib_normal_0hp,vibration,RDP_OFFLINE,128,3,0,24.8912,1.771175e-05,0.0000,0.9926,971,-1.0000,-1.0000,-1.0000,-1.0000,0.9992
vib_normal_0hp,vibration,LTTB_OFFLINE,128,3,0,20.1132,5.321885e-05,0.0000,0.9713,971,-1.0000,-1.0000,-1.0000,-1.0000,0.9979
vib_normal_0hp,vibration,DROP,128,3,1,15.6563,1.485102e-04,0.0009,0.9153,958,-1.0000,-1.0000,-1.0000,-1.0000,0.9949
vib_normal_0hp,vibration,RANDOM_DROP,128,3,1,7.7700,9.128160e-04,0.0078,0.8273,971,-1.0000,-1.0000,-1.0000,-1.0000,0.9786
vib_normal_0hp,vibration,DROP_MIDDLE,128,3,1,16.3171,1.275471e-04,0.0047,0.9261,959,-1.0000,-1.0000,-1.0000,-1.0000,0.9954
vib_normal_0hp,vibration,DROP_LOW_VARIANCE,128,3,1,10.3298,5.063023e-04,0.0044,0.7238,957,-1.0000,-1.0000,-1.0000,-1.0000,0.9882
vib_normal_0hp,vibration,ADAPTIVE,128,3,1,18.8046,7.193311e-05,0.2412,0.9428,799,-1.0000,-1.0000,-1.0000,-1.0000,0.9969
vib_normal_0hp,vibration,LEGACY_IMPORTANCE,128,3,1,10.3481,5.041658e-04,0.0052,0.8429,967,-1.0000,-1.0000,-1.0000,-1.0000,0.9891
vib_normal_0hp,vibration,IMP_FIRST_ORDER,128,3,1,10.5105,4.856593e-04,0.0488,0.8471,964,-1.0000,-1.0000,-1.0000,-1.0000,0.9890
vib_normal_0hp,vibration,IMP_WINDOWED_ENERGY,128,3,1,9.5357,6.078784e-04,0.0090,0.8742,968,-1.0000,-1.0000,-1.0000,-1.0000,0.9792
vib_normal_0hp,vibration,IMP_COMPOSITE,128,3,1,11.7870,3.619824e-04,0.0201,0.8699,969,-1.0000,-1.0000,-1.0000,-1.0000,0.9868
vib_normal_0hp,vibration,IMP_ADAPTIVE,128,3,1,13.4167,2.487211e-04,0.0209,0.8907,966,-1.0000,-1.0000,-1.0000,-1.0000,0.9922
vib_normal_0hp,vibration,IMP_INTERP_ERROR,128,3,1,23.7746,2.290482e-05,0.0032,0.9917,973,-1.0000,-1.0000,-1.0000,-1.0000,0.9996
vib_normal_0hp,vibration,IMP_INTERP_COMPOSITE,128,3,1,23.9964,2.176424e-05,0.0033,0.9907,962,-1.0000,-1.0000,-1.0000,-1.0000,0.9995
vib_normal_0hp,vibration,RDP_OFFLINE,128,3,1,24.8680,1.780689e-05,0.0000,0.9925,973,-1.0000,-1.0000,-1.0000,-1.0000,0.9992
vib_normal_0hp,vibration,LTTB_OFFLINE,128,3,1,20.2625,5.142073e-05,0.0000,0.9695,973,-1.0000,-1.0000,-1.0000,-1.0000,0.9980
vib_normal_0hp,vibration,DROP,128,6,0,8.2188,8.232086e-04,0.0018,0.7704,1373,-1.0000,-1.0000,-1.0000,-1.0000,0.9447
vib_normal_0hp,vibration,RANDOM_DROP,128,6,0,3.2504,2.584289e-03,0.0077,0.6009,1375,-1.0000,-1.0000,-1.0000,-1.0000,0.8871
vib_normal_0hp,vibration,DROP_MIDDLE,128,6,0,8.0568,8.544791e-04,0.0041,0.7542,1368,-1.0000,-1.0000,-1.0000,-1.0000,0.9642
vib_normal_0hp,vibration,DROP_LOW_VARIANCE,128,6,0,4.6438,1.875006e-03,0.0035,0.4949,1373,-1.0000,-1.0000,-1.0000,-1.0000,0.9528
vib_normal_0hp,vibration,ADAPTIVE,128,6,0,12.2996,3.216773e-04,0.2227,0.8598,1218,-1.0000,-1.0000,-1.0000,-1.0000,0.9821
vib_normal_0hp,vibration,LEGACY_IMPORTANCE,128,6,0,4.8968,1.768889e-03,0.0044,0.6639,1374,-1.0000,-1.0000,-1.0000,-1.0000,0.9451
vib_normal_0hp,vibration,IMP_FIRST_ORDER,128,6,0,5.0850,1.693890e-03,0.0050,0.6708,1369,-1.0000,-1.0000,-1.0000,-1.0000,0.9379
vib_normal_0hp,vibration,IMP_WINDOWED_ENERGY,128,6,0,4.3781,1.993322e-03,0.0212,0.6670,1374,-1.0000,-1.0000,-1.0000,-1.0000,0.9314
vib_normal_0hp,vibration,IMP_COMPOSITE,128,6,0,6.2251,1.302791e-03,0.0080,0.7427,1370,-1.0000,-1.0000,-1.0000,-1.0000,0.9250
vib_normal_0hp,vibration,IMP_ADAPTIVE,128,6,0,7.4723,9.775791e-04,0.0090,0.7617,1367,-1.0000,-1.0000,-1.0000,-1.0000,0.9492
vib_normal_0hp,vibration,IMP_INTERP_ERROR,128,6,0,15.9085,1.401300e-04,0.0029,0.9589,1374,-1.0000,-1.0000,-1.0000,-1.0000,0.9971
vib_normal_0hp,vibration,IMP_INTERP_COMPOSITE,128,6,0,16.0160,1.367056e-04,0.0101,0.9616,1370,-1.0000,-1.0000,-1.0000,-1.0000,0.9972
vib_normal_0hp,vibration,RDP_OFFLINE,128,6,0,17.7915,9.083121e-05,0.0000,0.9691,1374,-1.0000,-1.0000,-1.0000,-1.0000,0.9950
vib_normal_0hp,vibration,LTTB_OFFLINE,128,6,0,14.8907,1.771392e-04,0.0000,0.9446,1374,-1.0000,-1.0000,-1.0000,-1.0000,0.9910
vib_normal_0hp,vibration,DROP,128,6,1,8.1852,8.295946e-04,0.0020,0.7691,1373,-1.0000,-1.0000,-1.0000,-1.0000,0.9538
vib_normal_0hp,vibration,RANDOM_DROP,128,6,1,3.0597,2.700314e-03,0.0072,0.6122,1373,-1.0000,-1.0000,-1.0000,-1.0000,0.8482
vib_normal_0hp,vibration,DROP_MIDDLE,128,6,1,8.3069,8.066611e-04,0.0222,0.7731,1369,-1.0000,-1.0000,-1.0000,-1.0000,0.9637
vib_normal_0hp,vibration,DROP_LOW_VARIANCE,128,6,1,4.6268,1.882367e-03,0.0382,0.4968,1374,-1.0000,-1.0000,-1.0000,-1.0000,0.9528
vib_normal_0hp,vibration,ADAPTIVE,128,6,1,12.1066,3.362980e-04,0.2204,0.8518,1219,-1.0000,-1.0000,-1.0000,-1.0000,0.9779
vib_normal_0hp,vibration,LEGACY_IMPORTANCE,128,6,1,5.0351,1.713464e-03,0.0036,0.6716,1371,-1.0000,-1.0000,-1.0000,-1.0000,0.9379
vib_normal_0hp,vibration,IMP_FIRST_ORDER,128,6,1,4.7852,1.814932e-03,0.0090,0.6627,1371,-1.0000,-1.0000,-1.0000,-1.0000,0.9402
vib_normal_0hp,vibration,IMP_WINDOWED_ENERGY,128,6,1,3.6451,2.359809e-03,0.0144,0.6660,1368,-1.0000,-1.0000,-1.0000,-1.0000,0.9173
vib_normal_0hp,vibration,IMP_COMPOSITE,128,6,1,5.6365,1.491881e-03,0.0045,0.7267,1371,-1.0000,-1.0000,-1.0000,-1.0000,0.9351
vib_normal_0hp,vibration,IMP_ADAPTIVE,128,6,1,7.1821,1.045146e-03,0.0250,0.7556,1369,-1.0000,-1.0000,-1.0000,-1.0000,0.9479
vib_normal_0hp,vibration,IMP_INTERP_ERROR,128,6,1,15.7966,1.437896e-04,0.0046,0.9574,1376,-1.0000,-1.0000,-1.0000,-1.0000,0.9972
vib_normal_0hp,vibration,IMP_INTERP_COMPOSITE,128,6,1,15.9309,1.394099e-04,0.0191,0.9567,1368,-1.0000,-1.0000,-1.0000,-1.0000,0.9972
vib_normal_0hp,vibration,RDP_OFFLINE,128,6,1,17.7262,9.220820e-05,0.0000,0.9685,1376,-1.0000,-1.0000,-1.0000,-1.0000,0.9950
vib_normal_0hp,vibration,LTTB_OFFLINE,128,6,1,14.6896,1.855346e-04,0.0000,0.9518,1376,-1.0000,-1.0000,-1.0000,-1.0000,0.9913
vib_normal_0hp,vibration,DROP,256,3,0,16.8993,1.115454e-04,0.0010,0.9369,843,-1.0000,-1.0000,-1.0000,-1.0000,0.9965
vib_normal_0hp,vibration,RANDOM_DROP,256,3,0,8.0965,8.467179e-04,0.0083,0.8255,836,-1.0000,-1.0000,-1.0000,-1.0000,0.9905
vib_normal_0hp,vibration,DROP_MIDDLE,256,3,0,16.3936,1.253209e-04,0.0037,0.9312,841,-1.0000,-1.0000,-1.0000,-1.0000,0.9978
vib_normal_0hp,vibration,DROP_LOW_VARIANCE,256,3,0,11.4450,3.916388e-04,0.0019,0.7673,837,-1.0000,-1.0000,-1.0000,-1.0000,0.9986
vib_normal_0hp,vibration,ADAPTIVE,256,3,0,19.9473,5.529153e-05,0.2603,0.9583,674,-1.0000,-1.0000,-1.0000,-1.0000,0.9981
vib_normal_0hp,vibration,LEGACY_IMPORTANCE,256,3,0,11.8108,3.600052e-04,0.0049,0.8832,835,-1.0000,-1.0000,-1.0000,-1.0000,0.9966
vib_normal_0hp,vibration,IMP_FIRST_ORDER,256,3,0,11.7341,3.664185e-04,0.0203,0.8825,826,-1.0000,-1.0000,-1.0000,-1.0000,0.9967
vib_normal_0hp,vibration,IMP_WINDOWED_ENERGY,256,3,0,10.9943,4.344647e-04,0.0105,0.9000,826,-1.0000,-1.0000,-1.0000,-1.0000,0.9962
vib_normal_0hp,vibration,IMP_COMPOSITE,256,3,0,12.5541,3.033703e-04,0.0094,0.8894,829,-1.0000,-1.0000,-1.0000,-1.0000,0.9949
vib_normal_0hp,vibration,IMP_ADAPTIVE,256,3,0,14.5861,1.900112e-04,0.0053,0.9133,837,-1.0000,-1.0000,-1.0000,-1.0000,0.9953
vib_normal_0hp,vibration,IMP_INTERP_ERROR,256,3,0,25.4117,1.571155e-05,0.0200,0.9933,828,-1.0000,-1.0000,-1.0000,-1.0000,0.9999
vib_normal_0hp,vibration,IMP_INTERP_COMPOSITE,256,3,0,25.3129,1.607282e-05,0.0286,0.9929,830,-1.0000,-1.0000,-1.0000,-1.0000,0.9999
vib_normal_0hp,vibration,RDP_OFFLINE,256,3,0,27.3683,1.001284e-05,0.0000,0.9955,828,-1.0000,-1.0000,-1.0000,-1.0000,0.9996
vib_normal_0hp,vibration,LTTB_OFFLINE,256,3,0,21.5321,3.838589e-05,0.0000,0.9768,828,-1.0000,-1.0000,-1.0000,-1.0000,0.9984
vib_normal_0hp,vibration,DROP,256,3,1,16.3760,1.258295e-04,0.0022,0.9309,838,-1.0000,-1.0000,-1.0000,-1.0000,0.9964
vib_normal_0hp,vibration,RANDOM_DROP,256,3,1,9.1031,6.715474e-04,0.0320,0.8428,834,-1.0000,-1.0000,-1.0000,-1.0000,0.9925
vib_normal_0hp,vibration,DROP_MIDDLE,256,3,1,16.8207,1.135844e-04,0.0059,0.9277,838,-1.0000,-1.0000,-1.0000,-1.0000,0.9975
vib_normal_0hp,vibration,DROP_LOW_VARIANCE,256,3,1,11.4540,3.908287e-04,0.0181,0.7644,838,-1.0000,-1.0000,-1.0000,-1.0000,0.9986
vib_normal_0hp,vibration,ADAPTIVE,256,3,1,19.7172,5.830020e-05,0.2196,0.9604,683,-1.0000,-1.0000,-1.0000,-1.0000,0.9979
vib_normal_0hp,vibration,LEGACY_IMPORTANCE,256,3,1,11.5778,3.798460e-04,0.0087,0.8790,835,-1.0000,-1.0000,-1.0000,-1.0000,0.9966
vib_normal_0hp,vibration,IMP_FIRST_ORDER,256,3,1,11.7715,3.632778e-04,0.0357,0.8825,826,-1.0000,-1.0000,-1.0000,-1.0000,0.9967
vib_normal_0hp,vibration,IMP_WINDOWED_ENERGY,256,3,1,11.7800,3.625670e-04,0.0059,0.9109,834,-1.0000,-1.0000,-1.0000,-1.0000,0.9965
vib_normal_0hp,vibration,IMP_COMPOSITE,256,3,1,12.8328,2.845155e-04,0.0062,0.8898,829,-1.0000,-1.0000,-1.0000,-1.0000,0.9948
vib_normal_0hp,vibration,IMP_ADAPTIVE,256,3,1,14.8965,1.769013e-04,0.0235,0.9151,833,-1.0000,-1.0000,-1.0000,-1.0000,0.9963
vib_normal_0hp,vibration,IMP_INTERP_ERROR,256,3,1,25.2660,1.624731e-05,0.0050,0.9935,828,-1.0000,-1.0000,-1.0000,-1.0000,0.9999
vib_normal_0hp,vibration,IMP_INTERP_COMPOSITE,256,3,1,25.3823,1.581817e-05,0.0051,0.9930,833,-1.0000,-1.0000,-1.0000,-1.0000,0.9999
vib_normal_0hp,vibration,RDP_OFFLINE,256,3,1,27.3683,1.001284e-05,0.0000,0.9955,828,-1.0000,-1.0000,-1.0000,-1.0000,0.9996
vib_normal_0hp,vibration,LTTB_OFFLINE,256,3,1,21.5321,3.838589e-05,0.0000,0.9768,828,-1.0000,-1.0000,-1.0000,-1.0000,0.9984
vib_normal_0hp,vibration,DROP,256,6,0,8.8149,7.176145e-04,0.0016,0.7904,1244,-1.0000,-1.0000,-1.0000,-1.0000,0.9510
vib_normal_0hp,vibration,RANDOM_DROP,256,6,0,4.4237,1.972502e-03,0.0077,0.6516,1237,-1.0000,-1.0000,-1.0000,-1.0000,0.9440
vib_normal_0hp,vibration,DROP_MIDDLE,256,6,0,8.5614,7.607531e-04,0.0039,0.7857,1244,-1.0000,-1.0000,-1.0000,-1.0000,0.9832
vib_normal_0hp,vibration,DROP_LOW_VARIANCE,256,6,0,5.9009,1.403753e-03,0.0042,0.5705,1241,-1.0000,-1.0000,-1.0000,-1.0000,0.9772
vib_normal_0hp,vibration,ADAPTIVE,256,6,0,12.7708,2.886079e-04,0.2440,0.8777,1106,-1.0000,-1.0000,-1.0000,-1.0000,0.9828
vib_normal_0hp,vibration,LEGACY_IMPORTANCE,256,6,0,6.3967,1.252322e-03,0.0032,0.7246,1244,-1.0000,-1.0000,-1.0000,-1.0000,0.9761
vib_normal_0hp,vibration,IMP_FIRST_ORDER,256,6,0,6.2639,1.291220e-03,0.0227,0.7259,1239,-1.0000,-1.0000,-1.0000,-1.0000,0.9771
vib_normal_0hp,vibration,IMP_WINDOWED_ENERGY,256,6,0,5.6229,1.496562e-03,0.0251,0.7411,1241,-1.0000,-1.0000,-1.0000,-1.0000,0.9639
vib_normal_0hp,vibration,IMP_COMPOSITE,256,6,0,7.3090,1.015035e-03,0.0228,0.7740,1232,-1.0000,-1.0000,-1.0000,-1.0000,0.9648
vib_normal_0hp,vibration,IMP_ADAPTIVE,256,6,0,7.7509,9.168453e-04,0.0206,0.7746,1241,-1.0000,-1.0000,-1.0000,-1.0000,0.9655
vib_normal_0hp,vibration,IMP_INTERP_ERROR,256,6,0,18.2196,8.230525e-05,0.0065,0.9712,1240,-1.0000,-1.0000,-1.0000,-1.0000,0.9991
vib_normal_0hp,vibration,IMP_INTERP_COMPOSITE,256,6,0,18.2178,8.233832e-05,0.0104,0.9719,1237,-1.0000,-1.0000,-1.0000,-1.0000,0.9991
vib_normal_0hp,vibration,RDP_OFFLINE,256,6,0,20.2865,5.113756e-05,0.0000,0.9787,1240,-1.0000,-1.0000,-1.0000,-1.0000,0.9974
vib_normal_0hp,vibration,LTTB_OFFLINE,256,6,0,17.0427,1.079222e-04,0.0000,0.9558,1240,-1.0000,-1.0000,-1.0000,-1.0000,0.9951
vib_normal_0hp,vibration,DROP,256,6,1,8.5888,7.559776e-04,0.0018,0.7852,1246,-1.0000,-1.0000,-1.0000,-1.0000,0.9563
vib_normal_0hp,vibration,RANDOM_DROP,256,6,1,4.1019,2.124197e-03,0.0082,0.6677,1238,-1.0000,-1.0000,-1.0000,-1.0000,0.9352
vib_normal_0hp,vibration,DROP_MIDDLE,256,6,1,8.8379,7.138371e-04,0.0050,0.7869,1241,-1.0000,-1.0000,-1.0000,-1.0000,0.9847
vib_normal_0hp,vibration,DROP_LOW_VARIANCE,256,6,1,5.8869,1.408295e-03,0.0053,0.5704,1243,-1.0000,-1.0000,-1.0000,-1.0000,0.9766
vib_normal_0hp,vibration,ADAPTIVE,256,6,1,12.6900,2.940238e-04,0.2520,0.8695,1104,-1.0000,-1.0000,-1.0000,-1.0000,0.9827
vib_normal_0hp,vibration,LEGACY_IMPORTANCE,256,6,1,6.5398,1.211736e-03,0.0574,0.7272,1241,-1.0000,-1.0000,-1.0000,-1.0000,0.9771
vib_normal_0hp,vibration,IMP_FIRST_ORDER,256,6,1,6.1919,1.312798e-03,0.0384,0.7250,1240,-1.0000,-1.0000,-1.0000,-1.0000,0.9761
vib_normal_0hp,vibration,IMP_WINDOWED_ENERGY,256,6,1,5.3334,1.599720e-03,0.0257,0.7478,1237,-1.0000,-1.0000,-1.0000,-1.0000,0.9712
vib_normal_0hp,vibration,IMP_COMPOSITE,256,6,1,7.1985,1.041213e-03,0.0297,0.7696,1242,-1.0000,-1.0000,-1.0000,-1.0000,0.9627
vib_normal_0hp,vibration,IMP_ADAPTIVE,256,6,1,7.9227,8.812732e-04,0.0257,0.7775,1234,-1.0000,-1.0000,-1.0000,-1.0000,0.9633
vib_normal_0hp,vibration,IMP_INTERP_ERROR,256,6,1,18.0029,8.651662e-05,0.0296,0.9694,1243,-1.0000,-1.0000,-1.0000,-1.0000,0.9990
vib_normal_0hp,vibration,IMP_INTERP_COMPOSITE,256,6,1,18.2190,8.231584e-05,0.0172,0.9700,1239,-1.0000,-1.0000,-1.0000,-1.0000,0.9991
vib_normal_0hp,vibration,RDP_OFFLINE,256,6,1,20.2194,5.193286e-05,0.0000,0.9787,1243,-1.0000,-1.0000,-1.0000,-1.0000,0.9973
vib_normal_0hp,vibration,LTTB_OFFLINE,256,6,1,16.8885,1.118252e-04,0.0000,0.9605,1243,-1.0000,-1.0000,-1.0000,-1.0000,0.9946
vib_inner_race_007,vibration,DROP,128,3,0,2.7064,4.497770e-02,0.0022,0.6655,970,-1.0000,-1.0000,-1.0000,-1.0000,0.7079
vib_inner_race_007,vibration,RANDOM_DROP,128,3,0,1.0420,6.598387e-02,0.0075,0.5656,963,-1.0000,-1.0000,-1.0000,-1.0000,0.6473
vib_inner_race_007,vibration,DROP_MIDDLE,128,3,0,2.3515,4.880761e-02,0.0046,0.6384,967,-1.0000,-1.0000,-1.0000,-1.0000,0.8292
vib_inner_race_007,vibration,DROP_LOW_VARIANCE,128,3,0,7.1346,1.622472e-02,0.0382,0.7792,960,-1.0000,-1.0000,-1.0000,-1.0000,0.9444
vib_inner_race_007,vibration,ADAPTIVE,128,3,0,4.2554,3.148443e-02,0.3360,0.7262,797,-1.0000,-1.0000,-1.0000,-1.0000,0.8316
vib_inner_race_007,vibration,LEGACY_IMPORTANCE,128,3,0,5.0282,2.635241e-02,0.0083,0.8464,959,-1.0000,-1.0000,-1.0000,-1.0000,0.9293
vib_inner_race_007,vibration,IMP_FIRST_ORDER,128,3,0,5.0074,2.647848e-02,0.0114,0.8448,964,-1.0000,-1.0000,-1.0000,-1.0000,0.9312
vib_inner_race_007,vibration,IMP_WINDOWED_ENERGY,128,3,0,7.2095,1.594718e-02,0.0097,0.7810,956,-1.0000,-1.0000,-1.0000,-1.0000,0.9236
vib_inner_race_007,vibration,IMP_COMPOSITE,128,3,0,7.0847,1.641208e-02,0.0146,0.7941,958,-1.0000,-1.0000,-1.0000,-1.0000,0.9368
vib_inner_race_007,vibration,IMP_ADAPTIVE,128,3,0,7.1024,1.634532e-02,0.0062,0.7924,962,-1.0000,-1.0000,-1.0000,-1.0000,0.9454
vib_inner_race_007,vibration,IMP_INTERP_ERROR,128,3,0,12.2103,5.042006e-03,0.0033,0.9470,966,-1.0000,-1.0000,-1.0000,-1.0000,0.9892
vib_inner_race_007,vibration,IMP_INTERP_COMPOSITE,128,3,0,12.1112,5.158444e-03,0.0424,0.9393,964,-1.0000,-1.0000,-1.0000,-1.0000,0.9898
vib_inner_race_007,vibration,RDP_OFFLINE,128,3,0,13.4540,3.786487e-03,0.0000,0.9597,966,-1.0000,-1.0000,-1.0000,-1.0000,0.9817
vib_inner_race_007,vibration,LTTB_OFFLINE,128,3,0,6.2018,2.011218e-02,0.0000,0.9106,966,-1.0000,-1.0000,-1.0000,-1.0000,0.8799
vib_inner_race_007,vibration,DROP,128,3,1,2.1656,5.094226e-02,0.0063,0.6379,963,-1.0000,-1.0000,-1.0000,-1.0000,0.7039
vib_inner_race_007,vibration,RANDOM_DROP,128,3,1,1.4351,6.027402e-02,0.0079,0.5767,963,-1.0000,-1.0000,-1.0000,-1.0000,0.6794
vib_inner_race_007,vibration,DROP_MIDDLE,128,3,1,2.3640,4.866759e-02,0.0071,0.6296,967,-1.0000,-1.0000,-1.0000,-1.0000,0.7267
vib_inner_race_007,vibration,DROP_LOW_VARIANCE,128,3,1,7.1530,1.615612e-02,0.0035,0.7771,965,-1.0000,-1.0000,-1.0000,-1.0000,0.9392
vib_inner_race_007,vibration,ADAPTIVE,128,3,1,4.3409,3.087068e-02,0.2449,0.7412,791,-1.0000,-1.0000,-1.0000,-1.0000,0.8739
vib_inner_race_007,vibration,LEGACY_IMPORTANCE,128,3,1,5.0483,2.623055e-02,0.0035,0.8463,958,-1.0000,-1.0000,-1.0000,-1.0000,0.9300
vib_inner_race_007,vibration,IMP_FIRST_ORDER,128,3,1,5.1389,2.568882e-02,0.0441,0.8466,963,-1.0000,-1.0000,-1.0000,-1.0000,0.9282
vib_inner_race_007,vibration,IMP_WINDOWED_ENERGY,128,3,1,6.7426,1.775735e-02,0.0092,0.7783,966,-1.0000,-1.0000,-1.0000,-1.0000,0.9112
vib_inner_race_007,vibration,IMP_COMPOSITE,128,3,1,6.6251,1.824431e-02,0.0245,0.7974,965,-1.0000,-1.0000,-1.0000,-1.0000,0.9277
vib_inner_race_007,vibration,IMP_ADAPTIVE,128,3,1,6.8650,1.726395e-02,0.0048,0.7909,961,-1.0000,-1.0000,-1.0000,-1.0000,0.9348
vib_inner_race_007,vibration,IMP_INTERP_ERROR,128,3,1,12.3525,4.879670e-03,0.0037,0.9465,966,-1.0000,-1.0000,-1.0000,-1.0000,0.9892
vib_inner_race_007,vibration,IMP_INTERP_COMPOSITE,128,3,1,12.2159,5.035593e-03,0.0075,0.9376,963,-1.0000,-1.0000,-1.0000,-1.0000,0.9891
vib_inner_race_007,vibration,RDP_OFFLINE,128,3,1,13.4540,3.786487e-03,0.0000,0.9597,966,-1.0000,-1.0000,-1.0000,-1.0000,0.9817
vib_inner_race_007,vibration,LTTB_OFFLINE,128,3,1,6.2018,2.011218e-02,0.0000,0.9106,966,-1.0000,-1.0000,-1.0000,-1.0000,0.8799
vib_inner_race_007,vibration,DROP,128,6,0,-1.3113,1.134402e-01,0.0052,0.3044,1372,-1.0000,-1.0000,-1.0000,-1.0000,0.0649
vib_inner_race_007,vibration,RANDOM_DROP,128,6,0,-0.8796,1.027057e-01,0.0075,0.3369,1369,-1.0000,-1.0000,-1.0000,-1.0000,0.1811
vib_inner_race_007,vibration,DROP_MIDDLE,128,6,0,-1.0348,1.064438e-01,0.0046,0.3281,1368,-1.0000,-1.0000,-1.0000,-1.0000,0.3758
vib_inner_race_007,vibration,DROP_LOW_VARIANCE,128,6,0,2.4114,4.813942e-02,0.0084,0.5893,1368,-1.0000,-1.0000,-1.0000,-1.0000,0.7135
vib_inner_race_007,vibration,ADAPTIVE,128,6,0,-0.3762,9.146573e-02,0.2528,0.4168,1220,-1.0000,-1.0000,-1.0000,-1.0000,0.2594
vib_inner_race_007,vibration,LEGACY_IMPORTANCE,128,6,0,-0.2452,8.874810e-02,0.0058,0.6641,1367,-1.0000,-1.0000,-1.0000,-1.0000,0.8034
vib_inner_race_007,vibration,IMP_FIRST_ORDER,128,6,0,0.1892,8.030103e-02,0.0031,0.6640,1365,-1.0000,-1.0000,-1.0000,-1.0000,0.7789
vib_inner_race_007,vibration,IMP_WINDOWED_ENERGY,128,6,0,2.3436,4.889648e-02,0.0065,0.5932,1368,-1.0000,-1.0000,-1.0000,-1.0000,0.7451
vib_inner_race_007,vibration,IMP_COMPOSITE,128,6,0,1.4930,5.947540e-02,0.0133,0.6175,1367,-1.0000,-1.0000,-1.0000,-1.0000,0.6696
vib_inner_race_007,vibration,IMP_ADAPTIVE,128,6,0,1.2326,6.315088e-02,0.0273,0.6070,1368,-1.0000,-1.0000,-1.0000,-1.0000,0.7435
vib_inner_race_007,vibration,IMP_INTERP_ERROR,128,6,0,5.5183,2.354010e-02,0.0043,0.7957,1369,-1.0000,-1.0000,-1.0000,-1.0000,0.9235
vib_inner_race_007,vibration,IMP_INTERP_COMPOSITE,128,6,0,5.8338,2.189077e-02,0.0232,0.7836,1371,-1.0000,-1.0000,-1.0000,-1.0000,0.9277
vib_inner_race_007,vibration,RDP_OFFLINE,128,6,0,6.5668,1.849096e-02,0.0000,0.8208,1369,-1.0000,-1.0000,-1.0000,-1.0000,0.8878
vib_inner_race_007,vibration,LTTB_OFFLINE,128,6,0,0.5929,7.317270e-02,0.0000,0.6266,1369,-1.0000,-1.0000,-1.0000,-1.0000,0.4273
vib_inner_race_007,vibration,DROP,128,6,1,-1.4069,1.159645e-01,0.0021,0.3074,1370,-1.0000,-1.0000,-1.0000,-1.0000,0.0767
vib_inner_race_007,vibration,RANDOM_DROP,128,6,1,-0.5745,9.573930e-02,0.0137,0.3699,1369,-1.0000,-1.0000,-1.0000,-1.0000,0.1838
vib_inner_race_007,vibration,DROP_MIDDLE,128,6,1,-1.3519,1.145056e-01,0.0048,0.3263,1374,-1.0000,-1.0000,-1.0000,-1.0000,0.2615
vib_inner_race_007,vibration,DROP_LOW_VARIANCE,128,6,1,2.1744,5.083923e-02,0.0159,0.5926,1360,-1.0000,-1.0000,-1.0000,-1.0000,0.7135
vib_inner_race_007,vibration,ADAPTIVE,128,6,1,-0.2428,8.869914e-02,0.1584,0.4182,1217,-1.0000,-1.0000,-1.0000,-1.0000,0.2425
vib_inner_race_007,vibration,LEGACY_IMPORTANCE,128,6,1,-0.1171,8.616740e-02,0.0044,0.6613,1369,-1.0000,-1.0000,-1.0000,-1.0000,0.7475
vib_inner_race_007,vibration,IMP_FIRST_ORDER,128,6,1,0.1104,8.176985e-02,0.0229,0.6615,1371,-1.0000,-1.0000,-1.0000,-1.0000,0.8112
vib_inner_race_007,vibration,IMP_WINDOWED_ENERGY,128,6,1,2.1144,5.154609e-02,0.0246,0.5892,1372,-1.0000,-1.0000,-1.0000,-1.0000,0.6996
vib_inner_race_007,vibration,IMP_COMPOSITE,128,6,1,1.7282,5.633952e-02,0.0041,0.6183,1362,-1.0000,-1.0000,-1.0000,-1.0000,0.6952
vib_inner_race_007,vibration,IMP_ADAPTIVE,128,6,1,2.0915,5.181855e-02,0.0053,0.6042,1364,-1.0000,-1.0000,-1.0000,-1.0000,0.7166
vib_inner_race_007,vibration,IMP_INTERP_ERROR,128,6,1,5.3670,2.437459e-02,0.0062,0.7919,1370,-1.0000,-1.0000,-1.0000,-1.0000,0.9306
vib_inner_race_007,vibration,IMP_INTERP_COMPOSITE,128,6,1,5.7692,2.221856e-02,0.0153,0.7897,1364,-1.0000,-1.0000,-1.0000,-1.0000,0.9357
vib_inner_race_007,vibration,RDP_OFFLINE,128,6,1,6.5525,1.855172e-02,0.0000,0.8208,1370,-1.0000,-1.0000,-1.0000,-1.0000,0.8878
vib_inner_race_007,vibration,LTTB_OFFLINE,128,6,1,0.7583,7.043744e-02,0.0000,0.6232,1370,-1.0000,-1.0000,-1.0000,-1.0000,0.3922
vib_inner_race_007,vibration,DROP,256,3,0,3.3621,3.867470e-02,0.0010,0.7013,819,-1.0000,-1.0000,-1.0000,-1.0000,0.8644
vib_inner_race_007,vibration,RANDOM_DROP,256,3,0,1.3898,6.090537e-02,0.0077,0.6386,822,-1.0000,-1.0000,-1.0000,-1.0000,0.8543
vib_inner_race_007,vibration,DROP_MIDDLE,256,3,0,2.7020,4.502334e-02,0.0048,0.6782,833,-1.0000,-1.0000,-1.0000,-1.0000,0.8944
vib_inner_race_007,vibration,DROP_LOW_VARIANCE,256,3,0,8.3554,1.224897e-02,0.0190,0.8226,823,-1.0000,-1.0000,-1.0000,-1.0000,0.9864
vib_inner_race_007,vibration,ADAPTIVE,256,3,0,5.1693,2.550990e-02,0.1456,0.7955,673,-1.0000,-1.0000,-1.0000,-1.0000,0.9120
vib_inner_race_007,vibration,LEGACY_IMPORTANCE,256,3,0,6.2045,2.009947e-02,0.0749,0.8835,823,-1.0000,-1.0000,-1.0000,-1.0000,0.9750
vib_inner_race_007,vibration,IMP_FIRST_ORDER,256,3,0,6.2115,2.006702e-02,0.0111,0.8836,827,-1.0000,-1.0000,-1.0000,-1.0000,0.9754
vib_inner_race_007,vibration,IMP_WINDOWED_ENERGY,256,3,0,8.7569,1.116732e-02,0.0099,0.8232,831,-1.0000,-1.0000,-1.0000,-1.0000,0.9880
vib_inner_race_007,vibration,IMP_COMPOSITE,256,3,0,7.9955,1.330720e-02,0.0091,0.8354,826,-1.0000,-1.0000,-1.0000,-1.0000,0.9752
vib_inner_race_007,vibration,IMP_ADAPTIVE,256,3,0,8.5278,1.177210e-02,0.0317,0.8298,815,-1.0000,-1.0000,-1.0000,-1.0000,0.9708
vib_inner_race_007,vibration,IMP_INTERP_ERROR,256,3,0,13.8543,3.453111e-03,0.0054,0.9640,823,-1.0000,-1.0000,-1.0000,-1.0000,0.9977
vib_inner_race_007,vibration,IMP_INTERP_COMPOSITE,256,3,0,13.6458,3.622935e-03,0.0109,0.9581,834,-1.0000,-1.0000,-1.0000,-1.0000,0.9977
vib_inner_race_007,vibration,RDP_OFFLINE,256,3,0,16.1568,2.032153e-03,0.0000,0.9788,823,-1.0000,-1.0000,-1.0000,-1.0000,0.9892
vib_inner_race_007,vibration,LTTB_OFFLINE,256,3,0,7.5822,1.463582e-02,0.0000,0.9512,823,-1.0000,-1.0000,-1.0000,-1.0000,0.9333
vib_inner_race_007,vibration,DROP,256,3,1,2.4368,4.785778e-02,0.0106,0.6726,832,-1.0000,-1.0000,-1.0000,-1.0000,0.8401
vib_inner_race_007,vibration,RANDOM_DROP,256,3,1,1.5203,5.910305e-02,0.0081,0.6041,834,-1.0000,-1.0000,-1.0000,-1.0000,0.8103
vib_inner_race_007,vibration,DROP_MIDDLE,256,3,1,2.7240,4.479536e-02,0.0083,0.6921,831,-1.0000,-1.0000,-1.0000,-1.0000,0.8669
vib_inner_race_007,vibration,DROP_LOW_VARIANCE,256,3,1,8.5053,1.183345e-02,0.0221,0.8209,828,-1.0000,-1.0000,-1.0000,-1.0000,0.9886
vib_inner_race_007,vibration,ADAPTIVE,256,3,1,4.8616,2.738241e-02,0.1377,0.7792,671,-1.0000,-1.0000,-1.0000,-1.0000,0.9043
vib_inner_race_007,vibration,LEGACY_IMPORTANCE,256,3,1,6.2218,2.001959e-02,0.0048,0.8824,826,-1.0000,-1.0000,-1.0000,-1.0000,0.9756
vib_inner_race_007,vibration,IMP_FIRST_ORDER,256,3,1,6.1105,2.053921e-02,0.0234,0.8795,835,-1.0000,-1.0000,-1.0000,-1.0000,0.9746
vib_inner_race_007,vibration,IMP_WINDOWED_ENERGY,256,3,1,7.7063,1.422339e-02,0.0100,0.8170,838,-1.0000,-1.0000,-1.0000,-1.0000,0.9654
vib_inner_race_007,vibration,IMP_COMPOSITE,256,3,1,8.1790,1.275659e-02,0.0302,0.8380,821,-1.0000,-1.0000,-1.0000,-1.0000,0.9816
vib_inner_race_007,vibration,IMP_ADAPTIVE,256,3,1,8.0904,1.301964e-02,0.0221,0.8308,835,-1.0000,-1.0000,-1.0000,-1.0000,0.9740
vib_inner_race_007,vibration,IMP_INTERP_ERROR,256,3,1,13.6616,3.609737e-03,0.0347,0.9607,837,-1.0000,-1.0000,-1.0000,-1.0000,0.9974
vib_inner_race_007,vibration,IMP_INTERP_COMPOSITE,256,3,1,13.6375,3.629870e-03,0.0278,0.9604,824,-1.0000,-1.0000,-1.0000,-1.0000,0.9977
vib_inner_race_007,vibration,RDP_OFFLINE,256,3,1,15.9339,2.139156e-03,0.0000,0.9766,837,-1.0000,-1.0000,-1.0000,-1.0000,0.9893
vib_inner_race_007,vibration,LTTB_OFFLINE,256,3,1,7.8607,1.372659e-02,0.0000,0.9513,837,-1.0000,-1.0000,-1.0000,-1.0000,0.9294
vib_inner_race_007,vibration,DROP,256,6,0,-0.9068,1.033511e-01,0.0014,0.3474,1239,-1.0000,-1.0000,-1.0000,-1.0000,0.1433
vib_inner_race_007,vibration,RANDOM_DROP,256,6,0,-0.2213,8.826153e-02,0.0084,0.4091,1236,-1.0000,-1.0000,-1.0000,-1.0000,0.3730
vib_inner_race_007,vibration,DROP_MIDDLE,256,6,0,-0.6966,9.846804e-02,0.0057,0.3923,1236,-1.0000,-1.0000,-1.0000,-1.0000,0.6559
vib_inner_race_007,vibration,DROP_LOW_VARIANCE,256,6,0,3.9732,3.359837e-02,0.0089,0.6568,1237,-1.0000,-1.0000,-1.0000,-1.0000,0.8772
vib_inner_race_007,vibration,ADAPTIVE,256,6,0,0.0279,8.333881e-02,0.3483,0.4690,1096,-1.0000,-1.0000,-1.0000,-1.0000,0.3731
vib_inner_race_007,vibration,LEGACY_IMPORTANCE,256,6,0,1.1341,6.459960e-02,0.0067,0.7260,1231,-1.0000,-1.0000,-1.0000,-1.0000,0.8892
vib_inner_race_007,vibration,IMP_FIRST_ORDER,256,6,0,1.2204,6.332860e-02,0.0284,0.7244,1237,-1.0000,-1.0000,-1.0000,-1.0000,0.8827
vib_inner_race_007,vibration,IMP_WINDOWED_ENERGY,256,6,0,3.7138,3.566598e-02,0.0179,0.6593,1233,-1.0000,-1.0000,-1.0000,-1.0000,0.8010
vib_inner_race_007,vibration,IMP_COMPOSITE,256,6,0,2.2513,4.994611e-02,0.0080,0.6797,1237,-1.0000,-1.0000,-1.0000,-1.0000,0.8399
vib_inner_race_007,vibration,IMP_ADAPTIVE,256,6,0,3.5588,3.696223e-02,0.0097,0.6670,1238,-1.0000,-1.0000,-1.0000,-1.0000,0.8673
vib_inner_race_007,vibration,IMP_INTERP_ERROR,256,6,0,7.0217,1.665216e-02,0.0067,0.8459,1243,-1.0000,-1.0000,-1.0000,-1.0000,0.9724
vib_inner_race_007,vibration,IMP_INTERP_COMPOSITE,256,6,0,7.1600,1.613025e-02,0.0391,0.8384,1236,-1.0000,-1.0000,-1.0000,-1.0000,0.9754
vib_inner_race_007,vibration,RDP_OFFLINE,256,6,0,8.8993,1.080709e-02,0.0000,0.8828,1243,-1.0000,-1.0000,-1.0000,-1.0000,0.9380
vib_inner_race_007,vibration,LTTB_OFFLINE,256,6,0,1.7712,5.578508e-02,0.0000,0.7026,1243,-1.0000,-1.0000,-1.0000,-1.0000,0.5493
vib_inner_race_007,vibration,DROP,256,6,1,-0.9138,1.035185e-01,0.0021,0.3471,1245,-1.0000,-1.0000,-1.0000,-1.0000,0.1510
vib_inner_race_007,vibration,RANDOM_DROP,256,6,1,0.2857,7.853543e-02,0.0150,0.4197,1242,-1.0000,-1.0000,-1.0000,-1.0000,0.5202
vib_inner_race_007,vibration,DROP_MIDDLE,256,6,1,-0.4326,9.266192e-02,0.0048,0.3739,1241,-1.0000,-1.0000,-1.0000,-1.0000,0.7001
vib_inner_race_007,vibration,DROP_LOW_VARIANCE,256,6,1,3.9180,3.402781e-02,0.0144,0.6589,1232,-1.0000,-1.0000,-1.0000,-1.0000,0.8772
vib_inner_race_007,vibration,ADAPTIVE,256,6,1,-0.0118,8.410355e-02,0.2133,0.4520,1103,-1.0000,-1.0000,-1.0000,-1.0000,0.3332
vib_inner_race_007,vibration,LEGACY_IMPORTANCE,256,6,1,1.2169,6.337879e-02,0.0046,0.7232,1238,-1.0000,-1.0000,-1.0000,-1.0000,0.8827
vib_inner_race_007,vibration,IMP_FIRST_ORDER,256,6,1,0.8603,6.880289e-02,0.0270,0.7193,1240,-1.0000,-1.0000,-1.0000,-1.0000,0.8814
vib_inner_race_007,vibration,IMP_WINDOWED_ENERGY,256,6,1,3.1741,4.038513e-02,0.0256,0.6624,1237,-1.0000,-1.0000,-1.0000,-1.0000,0.8611
vib_inner_race_007,vibration,IMP_COMPOSITE,256,6,1,2.1973,5.057163e-02,0.0059,0.6784,1236,-1.0000,-1.0000,-1.0000,-1.0000,0.8862
vib_inner_race_007,vibration,IMP_ADAPTIVE,256,6,1,3.5707,3.686089e-02,0.0097,0.6705,1241,-1.0000,-1.0000,-1.0000,-1.0000,0.8607
vib_inner_race_007,vibration,IMP_INTERP_ERROR,256,6,1,6.7417,1.776087e-02,0.0110,0.8432,1241,-1.0000,-1.0000,-1.0000,-1.0000,0.9731
vib_inner_race_007,vibration,IMP_INTERP_COMPOSITE,256,6,1,7.3263,1.552411e-02,0.0314,0.8392,1238,-1.0000,-1.0000,-1.0000,-1.0000,0.9749
vib_inner_race_007,vibration,RDP_OFFLINE,256,6,1,8.9343,1.072030e-02,0.0000,0.8838,1241,-1.0000,-1.0000,-1.0000,-1.0000,0.9380
vib_inner_race_007,vibration,LTTB_OFFLINE,256,6,1,1.9380,5.368296e-02,0.0000,0.7273,1241,-1.0000,-1.0000,-1.0000,-1.0000,0.5887
vib_ball_fault_007,vibration,DROP,128,3,0,1.6006,1.264465e-02,0.0075,0.6107,966,-1.0000,-1.0000,-1.0000,-1.0000,0.7662
vib_ball_fault_007,vibration,RANDOM_DROP,128,3,0,0.7677,1.531802e-02,0.0256,0.5443,967,-1.0000,-1.0000,-1.0000,-1.0000,0.8207
vib_ball_fault_007,vibration,DROP_MIDDLE,128,3,0,1.7574,1.219629e-02,0.0330,0.6285,956,-1.0000,-1.0000,-1.0000,-1.0000,0.8004
vib_ball_fault_007,vibration,DROP_LOW_VARIANCE,128,3,0,3.2707,8.608064e-03,0.0029,0.6995,964,-1.0000,-1.0000,-1.0000,-1.0000,0.9057
vib_ball_fault_007,vibration,ADAPTIVE,128,3,0,3.7235,7.755626e-03,0.2634,0.7429,781,-1.0000,-1.0000,-1.0000,-1.0000,0.8756
vib_ball_fault_007,vibration,LEGACY_IMPORTANCE,128,3,0,3.6829,7.828536e-03,0.0089,0.7929,959,-1.0000,-1.0000,-1.0000,-1.0000,0.9432
vib_ball_fault_007,vibration,IMP_FIRST_ORDER,128,3,0,3.5532,8.065801e-03,0.0251,0.7954,950,-1.0000,-1.0000,-1.0000,-1.0000,0.9451
vib_ball_fault_007,vibration,IMP_WINDOWED_ENERGY,128,3,0,4.0520,7.190672e-03,0.0250,0.7289,954,-1.0000,-1.0000,-1.0000,-1.0000,0.9200
vib_ball_fault_007,vibration,IMP_COMPOSITE,128,3,0,4.2067,6.939110e-03,0.0103,0.7626,948,-1.0000,-1.0000,-1.0000,-1.0000,0.9265
vib_ball_fault_007,vibration,IMP_ADAPTIVE,128,3,0,3.9516,7.358938e-03,0.0218,0.7395,962,-1.0000,-1.0000,-1.0000,-1.0000,0.9263
vib_ball_fault_007,vibration,IMP_INTERP_ERROR,128,3,0,8.4496,2.612236e-03,0.0037,0.9292,969,-1.0000,-1.0000,-1.0000,-1.0000,0.9825
vib_ball_fault_007,vibration,IMP_INTERP_COMPOSITE,128,3,0,8.3203,2.691144e-03,0.0088,0.9302,965,-1.0000,-1.0000,-1.0000,-1.0000,0.9837
vib_ball_fault_007,vibration,RDP_OFFLINE,128,3,0,9.5362,2.034011e-03,0.0000,0.9538,969,-1.0000,-1.0000,-1.0000,-1.0000,0.9621
vib_ball_fault_007,vibration,LTTB_OFFLINE,128,3,0,4.2336,6.896255e-03,0.0000,0.8910,969,-1.0000,-1.0000,-1.0000,-1.0000,0.8219
vib_ball_fault_007,vibration,DROP,128,3,1,1.6532,1.249265e-02,0.0021,0.6188,969,-1.0000,-1.0000,-1.0000,-1.0000,0.7825
vib_ball_fault_007,vibration,RANDOM_DROP,128,3,1,0.9168,1.480097e-02,0.0087,0.5777,958,-1.0000,-1.0000,-1.0000,-1.0000,0.7898
vib_ball_fault_007,vibration,DROP_MIDDLE,128,3,1,1.5795,1.270647e-02,0.0079,0.6134,960,-1.0000,-1.0000,-1.0000,-1.0000,0.8098
vib_ball_fault_007,vibration,DROP_LOW_VARIANCE,128,3,1,3.2143,8.720510e-03,0.0179,0.6994,965,-1.0000,-1.0000,-1.0000,-1.0000,0.9064
vib_ball_fault_007,vibration,ADAPTIVE,128,3,1,4.2676,6.842396e-03,0.1837,0.7671,769,-1.0000,-1.0000,-1.0000,-1.0000,0.8714
vib_ball_fault_007,vibration,LEGACY_IMPORTANCE,128,3,1,3.5410,8.088596e-03,0.0247,0.7939,956,-1.0000,-1.0000,-1.0000,-1.0000,0.9445
vib_ball_fault_007,vibration,IMP_FIRST_ORDER,128,3,1,3.6812,7.831688e-03,0.0183,0.7968,949,-1.0000,-1.0000,-1.0000,-1.0000,0.9432
vib_ball_fault_007,vibration,IMP_WINDOWED_ENERGY,128,3,1,3.7614,7.688284e-03,0.0295,0.7276,955,-1.0000,-1.0000,-1.0000,-1.0000,0.9222
vib_ball_fault_007,vibration,IMP_COMPOSITE,128,3,1,4.2634,6.849100e-03,0.0082,0.7469,957,-1.0000,-1.0000,-1.0000,-1.0000,0.9348
vib_ball_fault_007,vibration,IMP_ADAPTIVE,128,3,1,4.3002,6.791199e-03,0.0092,0.7504,954,-1.0000,-1.0000,-1.0000,-1.0000,0.9460
vib_ball_fault_007,vibration,IMP_INTERP_ERROR,128,3,1,8.3674,2.662134e-03,0.0377,0.9355,956,-1.0000,-1.0000,-1.0000,-1.0000,0.9844
vib_ball_fault_007,vibration,IMP_INTERP_COMPOSITE,128,3,1,8.7853,2.417918e-03,0.0161,0.9370,946,-1.0000,-1.0000,-1.0000,-1.0000,0.9855
vib_ball_fault_007,vibration,RDP_OFFLINE,128,3,1,9.7737,1.925744e-03,0.0000,0.9570,956,-1.0000,-1.0000,-1.0000,-1.0000,0.9661
vib_ball_fault_007,vibration,LTTB_OFFLINE,128,3,1,4.6583,6.253725e-03,0.0000,0.9081,956,-1.0000,-1.0000,-1.0000,-1.0000,0.8658
vib_ball_fault_007,vibration,DROP,128,6,0,-1.9373,2.855608e-02,0.0056,0.2234,1363,-1.0000,-1.0000,-1.0000,-1.0000,0.3251
vib_ball_fault_007,vibration,RANDOM_DROP,128,6,0,-0.8654,2.231065e-02,0.0177,0.3230,1362,-1.0000,-1.0000,-1.0000,-1.0000,0.4399
vib_ball_fault_007,vibration,DROP_MIDDLE,128,6,0,-1.4986,2.581235e-02,0.0070,0.2382,1365,-1.0000,-1.0000,-1.0000,-1.0000,0.5587
vib_ball_fault_007,vibration,DROP_LOW_VARIANCE,128,6,0,-0.2573,1.939571e-02,0.0029,0.4824,1370,-1.0000,-1.0000,-1.0000,-1.0000,0.6900
vib_ball_fault_007,vibration,ADAPTIVE,128,6,0,-1.2318,2.427466e-02,0.2277,0.3451,1216,-1.0000,-1.0000,-1.0000,-1.0000,0.3416
vib_ball_fault_007,vibration,LEGACY_IMPORTANCE,128,6,0,0.7213,1.548240e-02,0.0263,0.5712,1372,-1.0000,-1.0000,-1.0000,-1.0000,0.7201
vib_ball_fault_007,vibration,IMP_FIRST_ORDER,128,6,0,0.7642,1.533045e-02,0.0065,0.5726,1368,-1.0000,-1.0000,-1.0000,-1.0000,0.7296
vib_ball_fault_007,vibration,IMP_WINDOWED_ENERGY,128,6,0,0.4766,1.637994e-02,0.0066,0.5199,1368,-1.0000,-1.0000,-1.0000,-1.0000,0.7588
vib_ball_fault_007,vibration,IMP_COMPOSITE,128,6,0,0.0461,1.808686e-02,0.0154,0.5380,1367,-1.0000,-1.0000,-1.0000,-1.0000,0.7414
vib_ball_fault_007,vibration,IMP_ADAPTIVE,128,6,0,0.8320,1.509292e-02,0.0052,0.5329,1367,-1.0000,-1.0000,-1.0000,-1.0000,0.7053
vib_ball_fault_007,vibration,IMP_INTERP_ERROR,128,6,0,2.6262,9.985009e-03,0.0216,0.7237,1367,-1.0000,-1.0000,-1.0000,-1.0000,0.9266
vib_ball_fault_007,vibration,IMP_INTERP_COMPOSITE,128,6,0,2.8288,9.529981e-03,0.0062,0.7235,1368,-1.0000,-1.0000,-1.0000,-1.0000,0.9259
vib_ball_fault_007,vibration,RDP_OFFLINE,128,6,0,3.1448,8.861151e-03,0.0000,0.7732,1367,-1.0000,-1.0000,-1.0000,-1.0000,0.8122
vib_ball_fault_007,vibration,LTTB_OFFLINE,128,6,0,0.1560,1.763462e-02,0.0000,0.5586,1367,-1.0000,-1.0000,-1.0000,-1.0000,0.2813
vib_ball_fault_007,vibration,DROP,128,6,1,-1.8025,2.768359e-02,0.0020,0.2258,1369,-1.0000,-1.0000,-1.0000,-1.0000,0.2789
vib_ball_fault_007,vibration,RANDOM_DROP,128,6,1,-0.8193,2.207505e-02,0.0304,0.3388,1362,-1.0000,-1.0000,-1.0000,-1.0000,0.4247
vib_ball_fault_007,vibration,DROP_MIDDLE,128,6,1,-1.7322,2.723874e-02,0.0039,0.2388,1369,-1.0000,-1.0000,-1.0000,-1.0000,0.5528
vib_ball_fault_007,vibration,DROP_LOW_VARIANCE,128,6,1,-0.2878,1.953208e-02,0.0082,0.4810,1373,-1.0000,-1.0000,-1.0000,-1.0000,0.6852
vib_ball_fault_007,vibration,ADAPTIVE,128,6,1,-1.2681,2.447843e-02,0.2538,0.3385,1218,-1.0000,-1.0000,-1.0000,-1.0000,0.3383
vib_ball_fault_007,vibration,LEGACY_IMPORTANCE,128,6,1,0.8931,1.488196e-02,0.0028,0.5748,1371,-1.0000,-1.0000,-1.0000,-1.0000,0.7425
vib_ball_fault_007,vibration,IMP_FIRST_ORDER,128,6,1,0.7294,1.545364e-02,0.0320,0.5774,1363,-1.0000,-1.0000,-1.0000,-1.0000,0.7570
vib_ball_fault_007,vibration,IMP_WINDOWED_ENERGY,128,6,1,0.5613,1.606356e-02,0.0113,0.5141,1367,-1.0000,-1.0000,-1.0000,-1.0000,0.7542
vib_ball_fault_007,vibration,IMP_COMPOSITE,128,6,1,0.5274,1.618930e-02,0.0312,0.5422,1366,-1.0000,-1.0000,-1.0000,-1.0000,0.7078
vib_ball_fault_007,vibration,IMP_ADAPTIVE,128,6,1,0.5731,1.601987e-02,0.0261,0.5282,1364,-1.0000,-1.0000,-1.0000,-1.0000,0.7223
vib_ball_fault_007,vibration,IMP_INTERP_ERROR,128,6,1,2.5286,1.021207e-02,0.0252,0.7182,1373,-1.0000,-1.0000,-1.0000,-1.0000,0.9024
vib_ball_fault_007,vibration,IMP_INTERP_COMPOSITE,128,6,1,2.4988,1.028227e-02,0.0154,0.7231,1366,-1.0000,-1.0000,-1.0000,-1.0000,0.9108
vib_ball_fault_007,vibration,RDP_OFFLINE,128,6,1,3.0126,9.135094e-03,0.0000,0.7683,1373,-1.0000,-1.0000,-1.0000,-1.0000,0.8030
vib_ball_fault_007,vibration,LTTB_OFFLINE,128,6,1,0.0189,1.820057e-02,0.0000,0.5456,1373,-1.0000,-1.0000,-1.0000,-1.0000,0.3216
vib_ball_fault_007,vibration,DROP,256,3,0,2.4493,1.040015e-02,0.0084,0.6886,832,-1.0000,-1.0000,-1.0000,-1.0000,0.8708
vib_ball_fault_007,vibration,RANDOM_DROP,256,3,0,1.4779,1.300717e-02,0.0106,0.6148,819,-1.0000,-1.0000,-1.0000,-1.0000,0.9242
vib_ball_fault_007,vibration,DROP_MIDDLE,256,3,0,2.1398,1.116839e-02,0.0025,0.6615,824,-1.0000,-1.0000,-1.0000,-1.0000,0.9309
vib_ball_fault_007,vibration,DROP_LOW_VARIANCE,256,3,0,4.3503,6.713434e-03,0.0295,0.7570,823,-1.0000,-1.0000,-1.0000,-1.0000,0.9705
vib_ball_fault_007,vibration,ADAPTIVE,256,3,0,4.4518,6.558260e-03,0.1269,0.7850,676,-1.0000,-1.0000,-1.0000,-1.0000,0.9394
vib_ball_fault_007,vibration,LEGACY_IMPORTANCE,256,3,0,4.2510,6.868702e-03,0.0084,0.8310,837,-1.0000,-1.0000,-1.0000,-1.0000,0.9709
vib_ball_fault_007,vibration,IMP_FIRST_ORDER,256,3,0,4.3095,6.776754e-03,0.0415,0.8355,825,-1.0000,-1.0000,-1.0000,-1.0000,0.9709
vib_ball_fault_007,vibration,IMP_WINDOWED_ENERGY,256,3,0,5.3871,5.287687e-03,0.0428,0.7787,825,-1.0000,-1.0000,-1.0000,-1.0000,0.9740
vib_ball_fault_007,vibration,IMP_COMPOSITE,256,3,0,5.1545,5.578582e-03,0.0131,0.7972,824,-1.0000,-1.0000,-1.0000,-1.0000,0.9679
vib_ball_fault_007,vibration,IMP_ADAPTIVE,256,3,0,5.4139,5.255088e-03,0.0112,0.7914,826,-1.0000,-1.0000,-1.0000,-1.0000,0.9696
vib_ball_fault_007,vibration,IMP_INTERP_ERROR,256,3,0,9.9884,1.832884e-03,0.0096,0.9592,827,-1.0000,-1.0000,-1.0000,-1.0000,0.9954
vib_ball_fault_007,vibration,IMP_INTERP_COMPOSITE,256,3,0,10.1137,1.780727e-03,0.0106,0.9580,820,-1.0000,-1.0000,-1.0000,-1.0000,0.9958
vib_ball_fault_007,vibration,RDP_OFFLINE,256,3,0,12.0121,1.150162e-03,0.0000,0.9781,827,-1.0000,-1.0000,-1.0000,-1.0000,0.9818
vib_ball_fault_007,vibration,LTTB_OFFLINE,256,3,0,6.8627,3.764450e-03,0.0000,0.9613,827,-1.0000,-1.0000,-1.0000,-1.0000,0.9274
vib_ball_fault_007,vibration,DROP,256,3,1,2.2900,1.078871e-02,0.0080,0.6785,826,-1.0000,-1.0000,-1.0000,-1.0000,0.8979
vib_ball_fault_007,vibration,RANDOM_DROP,256,3,1,1.1565,1.400614e-02,0.0301,0.5897,826,-1.0000,-1.0000,-1.0000,-1.0000,0.8960
vib_ball_fault_007,vibration,DROP_MIDDLE,256,3,1,1.9724,1.160732e-02,0.0049,0.6576,840,-1.0000,-1.0000,-1.0000,-1.0000,0.9216
vib_ball_fault_007,vibration,DROP_LOW_VARIANCE,256,3,1,4.3155,6.767340e-03,0.0212,0.7543,829,-1.0000,-1.0000,-1.0000,-1.0000,0.9689
vib_ball_fault_007,vibration,ADAPTIVE,256,3,1,4.0900,7.127999e-03,0.2605,0.7511,674,-1.0000,-1.0000,-1.0000,-1.0000,0.8961
vib_ball_fault_007,vibration,LEGACY_IMPORTANCE,256,3,1,4.2903,6.806791e-03,0.0016,0.8304,836,-1.0000,-1.0000,-1.0000,-1.0000,0.9709
vib_ball_fault_007,vibration,IMP_FIRST_ORDER,256,3,1,4.3367,6.734454e-03,0.0200,0.8327,827,-1.0000,-1.0000,-1.0000,-1.0000,0.9707
vib_ball_fault_007,vibration,IMP_WINDOWED_ENERGY,256,3,1,5.1084,5.638060e-03,0.0282,0.7819,824,-1.0000,-1.0000,-1.0000,-1.0000,0.9774
vib_ball_fault_007,vibration,IMP_COMPOSITE,256,3,1,5.0028,5.776820e-03,0.0374,0.8014,824,-1.0000,-1.0000,-1.0000,-1.0000,0.9638
vib_ball_fault_007,vibration,IMP_ADAPTIVE,256,3,1,4.8431,5.993224e-03,0.0103,0.7824,827,-1.0000,-1.0000,-1.0000,-1.0000,0.9714
vib_ball_fault_007,vibration,IMP_INTERP_ERROR,256,3,1,10.0989,1.786805e-03,0.0257,0.9609,825,-1.0000,-1.0000,-1.0000,-1.0000,0.9954
vib_ball_fault_007,vibration,IMP_INTERP_COMPOSITE,256,3,1,10.1136,1.780769e-03,0.0128,0.9583,824,-1.0000,-1.0000,-1.0000,-1.0000,0.9954
vib_ball_fault_007,vibration,RDP_OFFLINE,256,3,1,12.0527,1.139472e-03,0.0000,0.9782,825,-1.0000,-1.0000,-1.0000,-1.0000,0.9818
vib_ball_fault_007,vibration,LTTB_OFFLINE,256,3,1,7.2444,3.447725e-03,0.0000,0.9668,825,-1.0000,-1.0000,-1.0000,-1.0000,0.9288
vib_ball_fault_007,vibration,DROP,256,6,0,-1.4780,2.569025e-02,0.0023,0.2986,1235,-1.0000,-1.0000,-1.0000,-1.0000,0.4598
vib_ball_fault_007,vibration,RANDOM_DROP,256,6,0,-0.1376,1.886833e-02,0.0279,0.4149,1238,-1.0000,-1.0000,-1.0000,-1.0000,0.6771
vib_ball_fault_007,vibration,DROP_MIDDLE,256,6,0,-1.3217,2.478204e-02,0.0072,0.3119,1240,-1.0000,-1.0000,-1.0000,-1.0000,0.7240
vib_ball_fault_007,vibration,DROP_LOW_VARIANCE,256,6,0,1.3032,1.354102e-02,0.0165,0.5602,1230,-1.0000,-1.0000,-1.0000,-1.0000,0.7819
vib_ball_fault_007,vibration,ADAPTIVE,256,6,0,-0.7498,2.172465e-02,0.2211,0.4123,1104,-1.0000,-1.0000,-1.0000,-1.0000,0.5438
vib_ball_fault_007,vibration,LEGACY_IMPORTANCE,256,6,0,1.2820,1.360720e-02,0.0574,0.6488,1234,-1.0000,-1.0000,-1.0000,-1.0000,0.8786
vib_ball_fault_007,vibration,IMP_FIRST_ORDER,256,6,0,1.4678,1.303736e-02,0.0315,0.6456,1235,-1.0000,-1.0000,-1.0000,-1.0000,0.8867
vib_ball_fault_007,vibration,IMP_WINDOWED_ENERGY,256,6,0,2.0670,1.135716e-02,0.0106,0.5853,1239,-1.0000,-1.0000,-1.0000,-1.0000,0.8490
vib_ball_fault_007,vibration,IMP_COMPOSITE,256,6,0,1.2802,1.361275e-02,0.0208,0.6143,1237,-1.0000,-1.0000,-1.0000,-1.0000,0.8419
vib_ball_fault_007,vibration,IMP_ADAPTIVE,256,6,0,1.6254,1.257266e-02,0.0124,0.6071,1236,-1.0000,-1.0000,-1.0000,-1.0000,0.7804
vib_ball_fault_007,vibration,IMP_INTERP_ERROR,256,6,0,4.2773,6.827128e-03,0.0087,0.8016,1237,-1.0000,-1.0000,-1.0000,-1.0000,0.9613
vib_ball_fault_007,vibration,IMP_INTERP_COMPOSITE,256,6,0,4.2939,6.801119e-03,0.0284,0.8018,1241,-1.0000,-1.0000,-1.0000,-1.0000,0.9608
vib_ball_fault_007,vibration,RDP_OFFLINE,256,6,0,5.5513,5.091393e-03,0.0000,0.8589,1237,-1.0000,-1.0000,-1.0000,-1.0000,0.8996
vib_ball_fault_007,vibration,LTTB_OFFLINE,256,6,0,0.1045,1.784514e-02,0.0000,0.6122,1237,-1.0000,-1.0000,-1.0000,-1.0000,0.4047
vib_ball_fault_007,vibration,DROP,256,6,1,-1.4982,2.581032e-02,0.0023,0.3008,1240,-1.0000,-1.0000,-1.0000,-1.0000,0.5006
vib_ball_fault_007,vibration,RANDOM_DROP,256,6,1,-0.2557,1.938826e-02,0.0113,0.4038,1243,-1.0000,-1.0000,-1.0000,-1.0000,0.6952
vib_ball_fault_007,vibration,DROP_MIDDLE,256,6,1,-1.4419,2.547775e-02,0.0040,0.3127,1243,-1.0000,-1.0000,-1.0000,-1.0000,0.7249
vib_ball_fault_007,vibration,DROP_LOW_VARIANCE,256,6,1,1.0528,1.434484e-02,0.0073,0.5538,1240,-1.0000,-1.0000,-1.0000,-1.0000,0.7815
vib_ball_fault_007,vibration,ADAPTIVE,256,6,1,-0.7912,2.193288e-02,0.2286,0.4037,1106,-1.0000,-1.0000,-1.0000,-1.0000,0.5301
vib_ball_fault_007,vibration,LEGACY_IMPORTANCE,256,6,1,1.3947,1.325868e-02,0.0129,0.6458,1235,-1.0000,-1.0000,-1.0000,-1.0000,0.8886
vib_ball_fault_007,vibration,IMP_FIRST_ORDER,256,6,1,1.2576,1.368377e-02,0.0355,0.6428,1239,-1.0000,-1.0000,-1.0000,-1.0000,0.8785
vib_ball_fault_007,vibration,IMP_WINDOWED_ENERGY,256,6,1,1.2930,1.357284e-02,0.0330,0.5893,1230,-1.0000,-1.0000,-1.0000,-1.0000,0.8748
vib_ball_fault_007,vibration,IMP_COMPOSITE,256,6,1,1.8204,1.202087e-02,0.0365,0.6197,1233,-1.0000,-1.0000,-1.0000,-1.0000,0.7974
vib_ball_fault_007,vibration,IMP_ADAPTIVE,256,6,1,1.7553,1.220237e-02,0.0328,0.6032,1239,-1.0000,-1.0000,-1.0000,-1.0000,0.7653
vib_ball_fault_007,vibration,IMP_INTERP_ERROR,256,6,1,4.0829,7.139655e-03,0.0042,0.8003,1236,-1.0000,-1.0000,-1.0000,-1.0000,0.9624
vib_ball_fault_007,vibration,IMP_INTERP_COMPOSITE,256,6,1,3.6419,7.902845e-03,0.0132,0.7995,1240,-1.0000,-1.0000,-1.0000,-1.0000,0.9612
vib_ball_fault_007,vibration,RDP_OFFLINE,256,6,1,5.5674,5.072585e-03,0.0000,0.8589,1236,-1.0000,-1.0000,-1.0000,-1.0000,0.8996
vib_ball_fault_007,vibration,LTTB_OFFLINE,256,6,1,0.4855,1.634623e-02,0.0000,0.6281,1236,-1.0000,-1.0000,-1.0000,-1.0000,0.4421
