signal,condition,load,diameter,mode,buffer_size,overload,retained,CR,f_nominal,f_orig,f_recon,freq_error_hz,amp_error_pct,pnr_db,pnr_orig_db,diagnosable
IR007_0,inner_race,0,0.007,IE,128,5,2527,4.749,162.185,162.0,162.0,0.0,12.704,32.58,33.973,1
IR007_0,inner_race,0,0.007,VW,128,5,2527,4.749,162.185,162.0,162.0,0.0,16.297,29.307,33.973,1
IR007_0,inner_race,0,0.007,DROP,128,5,2527,4.749,162.185,162.0,162.0,0.0,94.411,20.841,33.973,1
IR007_0,inner_race,0,0.007,IE_ORACLE,128,5,2527,4.749,162.185,162.0,162.0,0.0,15.644,32.885,33.973,1
IR007_0,inner_race,0,0.007,LTTB,128,5,2527,4.749,162.185,162.0,162.0,0.0,69.112,25.43,33.973,1
IR007_0,inner_race,0,0.007,SDT,128,5,2529,4.745,162.185,162.0,162.0,0.0,8.301,32.794,33.973,1
IR007_0,inner_race,0,0.007,SDT_BOUNDED,128,5,2525,4.752,162.185,162.0,162.0,0.0,8.307,32.818,33.973,1
IR007_0,inner_race,0,0.007,IE,128,10,1327,9.043,162.185,162.0,162.0,0.0,10.561,30.992,33.973,1
IR007_0,inner_race,0,0.007,VW,128,10,1327,9.043,162.185,162.0,162.0,0.0,70.089,20.609,33.973,1
IR007_0,inner_race,0,0.007,DROP,128,10,1327,9.043,162.185,162.0,162.0,0.0,98.63,20.12,33.973,1
IR007_0,inner_race,0,0.007,IE_ORACLE,128,10,1327,9.043,162.185,162.0,162.0,0.0,4.101,31.764,33.973,1
IR007_0,inner_race,0,0.007,LTTB,128,10,1327,9.043,162.185,162.0,162.0,0.0,87.837,21.275,33.973,1
IR007_0,inner_race,0,0.007,SDT,128,10,1327,9.043,162.185,162.0,162.0,0.0,28.984,29.548,33.973,1
IR007_0,inner_race,0,0.007,SDT_BOUNDED,128,10,1323,9.07,162.185,162.0,162.0,0.0,29.127,29.69,33.973,1
IR007_0,inner_race,0,0.007,IE,128,20,727,16.506,162.185,162.0,162.0,0.0,38.448,29.243,33.973,1
IR007_0,inner_race,0,0.007,VW,128,20,727,16.506,162.185,162.0,162.0,0.0,90.187,19.845,33.973,1
IR007_0,inner_race,0,0.007,DROP,128,20,727,16.506,162.185,162.0,162.0,0.0,99.519,19.559,33.973,1
IR007_0,inner_race,0,0.007,IE_ORACLE,128,20,727,16.506,162.185,162.0,162.0,0.0,31.531,28.713,33.973,1
IR007_0,inner_race,0,0.007,LTTB,128,20,727,16.506,162.185,162.0,162.0,0.0,92.302,18.364,33.973,1
IR007_0,inner_race,0,0.007,SDT,128,20,727,16.506,162.185,162.0,162.0,0.0,58.083,26.526,33.973,1
IR007_0,inner_race,0,0.007,SDT_BOUNDED,128,20,725,16.552,162.185,162.0,162.0,0.0,58.089,26.531,33.973,1
IR007_0,inner_race,0,0.007,IE,128,50,367,32.698,162.185,162.0,162.0,0.0,67.893,22.372,33.973,1
IR007_0,inner_race,0,0.007,VW,128,50,367,32.698,162.185,162.0,162.0,0.0,98.342,14.423,33.973,1
IR007_0,inner_race,0,0.007,DROP,128,50,367,32.698,162.185,162.0,162.0,0.0,99.955,9.847,33.973,1
IR007_0,inner_race,0,0.007,IE_ORACLE,128,50,367,32.698,162.185,162.0,162.0,0.0,57.269,24.162,33.973,1
IR007_0,inner_race,0,0.007,LTTB,128,50,367,32.698,162.185,162.0,162.0,0.0,95.345,16.468,33.973,1
IR007_0,inner_race,0,0.007,SDT,128,50,368,32.609,162.185,162.0,162.0,0.0,81.137,22.468,33.973,1
IR007_0,inner_race,0,0.007,SDT_BOUNDED,128,50,368,32.609,162.185,162.0,162.0,0.0,81.137,22.468,33.973,1
IR007_0,inner_race,0,0.007,IE,256,5,2655,4.52,162.185,162.0,162.0,0.0,12.888,32.632,33.973,1
IR007_0,inner_race,0,0.007,VW,256,5,2655,4.52,162.185,162.0,162.0,0.0,16.882,29.267,33.973,1
IR007_0,inner_race,0,0.007,DROP,256,5,2655,4.52,162.185,162.0,162.0,0.0,94.353,22.156,33.973,1
IR007_0,inner_race,0,0.007,IE_ORACLE,256,5,2655,4.52,162.185,162.0,162.0,0.0,15.831,33.265,33.973,1
IR007_0,inner_race,0,0.007,LTTB,256,5,2655,4.52,162.185,162.0,162.0,0.0,65.512,26.587,33.973,1
IR007_0,inner_race,0,0.007,SDT,256,5,2658,4.515,162.185,162.0,162.0,0.0,10.299,33.318,33.973,1
IR007_0,inner_race,0,0.007,SDT_BOUNDED,256,5,2653,4.523,162.185,162.0,162.0,0.0,10.211,33.383,33.973,1
IR007_0,inner_race,0,0.007,IE,256,10,1455,8.247,162.185,162.0,162.0,0.0,8.85,30.73,33.973,1
IR007_0,inner_race,0,0.007,VW,256,10,1455,8.247,162.185,162.0,162.0,0.0,68.42,21.136,33.973,1
IR007_0,inner_race,0,0.007,DROP,256,10,1455,8.247,162.185,162.0,162.0,0.0,98.567,19.333,33.973,1
IR007_0,inner_race,0,0.007,IE_ORACLE,256,10,1455,8.247,162.185,162.0,162.0,0.0,0.549,32.318,33.973,1
IR007_0,inner_race,0,0.007,LTTB,256,10,1455,8.247,162.185,162.0,162.0,0.0,84.19,22.173,33.973,1
IR007_0,inner_race,0,0.007,SDT,256,10,1455,8.247,162.185,162.0,162.0,0.0,25.215,29.979,33.973,1
IR007_0,inner_race,0,0.007,SDT_BOUNDED,256,10,1453,8.259,162.185,162.0,162.0,0.0,25.511,29.784,33.973,1
IR007_0,inner_race,0,0.007,IE,256,20,855,14.035,162.185,162.0,162.0,0.0,34.042,28.975,33.973,1
IR007_0,inner_race,0,0.007,VW,256,20,855,14.035,162.185,162.0,162.0,0.0,88.923,18.173,33.973,1
IR007_0,inner_race,0,0.007,DROP,256,20,855,14.035,162.185,162.0,162.0,0.0,99.556,17.307,33.973,1
IR007_0,inner_race,0,0.007,IE_ORACLE,256,20,855,14.035,162.185,162.0,162.0,0.0,23.008,29.381,33.973,1
IR007_0,inner_race,0,0.007,LTTB,256,20,855,14.035,162.185,162.0,162.0,0.0,90.194,19.047,33.973,1
IR007_0,inner_race,0,0.007,SDT,256,20,855,14.035,162.185,162.0,162.0,0.0,50.374,26.587,33.973,1
IR007_0,inner_race,0,0.007,SDT_BOUNDED,256,20,853,14.068,162.185,162.0,162.0,0.0,50.416,26.793,33.973,1
IR007_0,inner_race,0,0.007,IE,256,50,495,24.242,162.185,162.0,162.0,0.0,55.491,25.38,33.973,1
IR007_0,inner_race,0,0.007,VW,256,50,495,24.242,162.185,162.0,162.0,0.0,96.411,12.738,33.973,1
IR007_0,inner_race,0,0.007,DROP,256,50,495,24.242,162.185,162.0,162.0,0.0,99.944,9.274,33.973,1
IR007_0,inner_race,0,0.007,IE_ORACLE,256,50,495,24.242,162.185,162.0,162.0,0.0,46.274,26.207,33.973,1
IR007_0,inner_race,0,0.007,LTTB,256,50,495,24.242,162.185,162.0,162.0,0.0,94.114,17.023,33.973,1
IR007_0,inner_race,0,0.007,SDT,256,50,495,24.242,162.185,162.0,162.0,0.0,71.331,22.753,33.973,1
IR007_0,inner_race,0,0.007,SDT_BOUNDED,256,50,495,24.242,162.185,162.0,162.0,0.0,71.331,22.753,33.973,1
IR007_0,inner_race,0,0.007,IE,512,5,2911,4.122,162.185,162.0,162.0,0.0,13.675,32.581,33.973,1
IR007_0,inner_race,0,0.007,VW,512,5,2911,4.122,162.185,162.0,162.0,0.0,12.691,29.641,33.973,1
IR007_0,inner_race,0,0.007,DROP,512,5,2911,4.122,162.185,162.0,162.0,0.0,94.424,21.011,33.973,1
IR007_0,inner_race,0,0.007,IE_ORACLE,512,5,2911,4.122,162.185,162.0,162.0,0.0,15.076,32.628,33.973,1
IR007_0,inner_race,0,0.007,LTTB,512,5,2911,4.122,162.185,162.0,162.0,0.0,62.542,28.917,33.973,1
IR007_0,inner_race,0,0.007,SDT,512,5,2912,4.121,162.185,162.0,162.0,0.0,13.056,33.478,33.973,1
IR007_0,inner_race,0,0.007,SDT_BOUNDED,512,5,2910,4.124,162.185,162.0,162.0,0.0,13.052,33.471,33.973,1
IR007_0,inner_race,0,0.007,IE,512,10,1711,7.013,162.185,162.0,162.0,0.0,3.881,31.001,33.973,1
IR007_0,inner_race,0,0.007,VW,512,10,1711,7.013,162.185,162.0,162.0,0.0,58.109,22.563,33.973,1
IR007_0,inner_race,0,0.007,DROP,512,10,1711,7.013,162.185,162.0,162.0,0.0,98.513,20.421,33.973,1
IR007_0,inner_race,0,0.007,IE_ORACLE,512,10,1711,7.013,162.185,162.0,162.0,0.0,6.344,32.426,33.973,1
IR007_0,inner_race,0,0.007,LTTB,512,10,1711,7.013,162.185,162.0,162.0,0.0,80.911,23.436,33.973,1
IR007_0,inner_race,0,0.007,SDT,512,10,1710,7.018,162.185,162.0,162.0,0.0,13.52,31.343,33.973,1
IR007_0,inner_race,0,0.007,SDT_BOUNDED,512,10,1710,7.018,162.185,162.0,162.0,0.0,13.52,31.343,33.973,1
IR007_0,inner_race,0,0.007,IE,512,20,1111,10.801,162.185,162.0,162.0,0.0,24.035,29.154,33.973,1
IR007_0,inner_race,0,0.007,VW,512,20,1111,10.801,162.185,162.0,162.0,0.0,80.388,19.184,33.973,1
IR007_0,inner_race,0,0.007,DROP,512,20,1111,10.801,162.185,162.0,162.0,0.0,99.562,17.53,33.973,1
IR007_0,inner_race,0,0.007,IE_ORACLE,512,20,1111,10.801,162.185,162.0,162.0,0.0,12.814,30.989,33.973,1
IR007_0,inner_race,0,0.007,LTTB,512,20,1111,10.801,162.185,162.0,162.0,0.0,89.148,21.259,33.973,1
IR007_0,inner_race,0,0.007,SDT,512,20,1112,10.791,162.185,162.0,162.0,0.0,36.864,28.778,33.973,1
IR007_0,inner_race,0,0.007,SDT_BOUNDED,512,20,1109,10.821,162.185,162.0,162.0,0.0,37.006,28.715,33.973,1
IR007_0,inner_race,0,0.007,IE,512,50,751,15.979,162.185,162.0,162.0,0.0,39.88,28.226,33.973,1
IR007_0,inner_race,0,0.007,VW,512,50,751,15.979,162.185,162.0,162.0,0.0,88.768,17.012,33.973,1
IR007_0,inner_race,0,0.007,DROP,512,50,751,15.979,162.185,162.0,162.0,0.0,99.88,9.355,33.973,1
IR007_0,inner_race,0,0.007,IE_ORACLE,512,50,751,15.979,162.185,162.0,162.0,0.0,29.726,29.021,33.973,1
IR007_0,inner_race,0,0.007,LTTB,512,50,751,15.979,162.185,162.0,162.0,0.0,92.644,20.527,33.973,1
IR007_0,inner_race,0,0.007,SDT,512,50,752,15.957,162.185,162.0,162.0,0.0,57.027,26.695,33.973,1
IR007_0,inner_race,0,0.007,SDT_BOUNDED,512,50,752,15.957,162.185,162.0,162.0,0.0,57.027,26.695,33.973,1
IR007_1,inner_race,1,0.007,IE,128,5,2527,4.749,159.929,160.0,160.0,0.0,14.357,31.579,33.665,1
IR007_1,inner_race,1,0.007,VW,128,5,2527,4.749,159.929,160.0,160.0,0.0,18.451,29.758,33.665,1
IR007_1,inner_race,1,0.007,DROP,128,5,2527,4.749,159.929,160.0,160.0,0.0,93.92,21.344,33.665,1
IR007_1,inner_race,1,0.007,IE_ORACLE,128,5,2527,4.749,159.929,160.0,160.0,0.0,14.942,33.153,33.665,1
IR007_1,inner_race,1,0.007,LTTB,128,5,2527,4.749,159.929,160.0,160.0,0.0,68.686,26.435,33.665,1
IR007_1,inner_race,1,0.007,SDT,128,5,2528,4.747,159.929,160.0,160.0,0.0,10.765,32.151,33.665,1
IR007_1,inner_race,1,0.007,SDT_BOUNDED,128,5,2516,4.769,159.929,160.0,160.0,0.0,10.548,32.022,33.665,1
IR007_1,inner_race,1,0.007,IE,128,10,1327,9.043,159.929,160.0,160.0,0.0,12.02,31.575,33.665,1
IR007_1,inner_race,1,0.007,VW,128,10,1327,9.043,159.929,160.0,160.0,0.0,67.978,22.243,33.665,1
IR007_1,inner_race,1,0.007,DROP,128,10,1327,9.043,159.929,160.0,160.0,0.0,98.405,21.466,33.665,1
IR007_1,inner_race,1,0.007,IE_ORACLE,128,10,1327,9.043,159.929,160.0,160.0,0.0,7.094,32.033,33.665,1
IR007_1,inner_race,1,0.007,LTTB,128,10,1327,9.043,159.929,160.0,160.0,0.0,87.869,20.074,33.665,1
IR007_1,inner_race,1,0.007,SDT,128,10,1328,9.036,159.929,160.0,160.0,0.0,28.813,29.403,33.665,1
IR007_1,inner_race,1,0.007,SDT_BOUNDED,128,10,1317,9.112,159.929,160.0,160.0,0.0,29.099,29.054,33.665,1
IR007_1,inner_race,1,0.007,IE,128,20,727,16.506,159.929,160.0,160.0,0.0,43.771,27.561,33.665,1
IR007_1,inner_race,1,0.007,VW,128,20,727,16.506,159.929,160.0,159.0,1.0,92.739,16.729,33.665,1
IR007_1,inner_race,1,0.007,DROP,128,20,727,16.506,159.929,160.0,160.0,0.0,99.487,18.573,33.665,1
IR007_1,inner_race,1,0.007,IE_ORACLE,128,20,727,16.506,159.929,160.0,160.0,0.0,32.842,28.609,33.665,1
IR007_1,inner_race,1,0.007,LTTB,128,20,727,16.506,159.929,160.0,160.0,0.0,89.229,20.693,33.665,1
IR007_1,inner_race,1,0.007,SDT,128,20,728,16.484,159.929,160.0,160.0,0.0,54.705,26.654,33.665,1
IR007_1,inner_race,1,0.007,SDT_BOUNDED,128,20,722,16.62,159.929,160.0,160.0,0.0,55.019,26.259,33.665,1
IR007_1,inner_race,1,0.007,IE,128,50,367,32.698,159.929,160.0,160.0,0.0,65.681,23.712,33.665,1
IR007_1,inner_race,1,0.007,VW,128,50,367,32.698,159.929,160.0,159.0,1.0,96.87,13.637,33.665,1
IR007_1,inner_race,1,0.007,DROP,128,50,367,32.698,159.929,160.0,160.0,0.0,99.935,12.339,33.665,1
IR007_1,inner_race,1,0.007,IE_ORACLE,128,50,367,32.698,159.929,160.0,160.0,0.0,58.776,25.951,33.665,1
IR007_1,inner_race,1,0.007,LTTB,128,50,367,32.698,159.929,160.0,160.0,0.0,95.12,16.004,33.665,1
IR007_1,inner_race,1,0.007,SDT,128,50,367,32.698,159.929,160.0,160.0,0.0,81.031,18.422,33.665,1
IR007_1,inner_race,1,0.007,SDT_BOUNDED,128,50,367,32.698,159.929,160.0,160.0,0.0,81.031,18.422,33.665,1
IR007_1,inner_race,1,0.007,IE,256,5,2655,4.52,159.929,160.0,160.0,0.0,14.836,31.654,33.665,1
IR007_1,inner_race,1,0.007,VW,256,5,2655,4.52,159.929,160.0,160.0,0.0,18.122,29.175,33.665,1
IR007_1,inner_race,1,0.007,DROP,256,5,2655,4.52,159.929,160.0,159.0,1.0,94.175,20.166,33.665,1
IR007_1,inner_race,1,0.007,IE_ORACLE,256,5,2655,4.52,159.929,160.0,160.0,0.0,15.123,32.22,33.665,1
IR007_1,inner_race,1,0.007,LTTB,256,5,2655,4.52,159.929,160.0,160.0,0.0,65.859,27.743,33.665,1
IR007_1,inner_race,1,0.007,SDT,256,5,2654,4.521,159.929,160.0,160.0,0.0,13.644,33.106,33.665,1
IR007_1,inner_race,1,0.007,SDT_BOUNDED,256,5,2644,4.539,159.929,160.0,160.0,0.0,13.218,32.651,33.665,1
IR007_1,inner_race,1,0.007,IE,256,10,1455,8.247,159.929,160.0,160.0,0.0,9.955,31.397,33.665,1
IR007_1,inner_race,1,0.007,VW,256,10,1455,8.247,159.929,160.0,160.0,0.0,65.167,23.011,33.665,1
IR007_1,inner_race,1,0.007,DROP,256,10,1455,8.247,159.929,160.0,160.0,0.0,98.501,22.149,33.665,1
IR007_1,inner_race,1,0.007,IE_ORACLE,256,10,1455,8.247,159.929,160.0,160.0,0.0,1.149,31.725,33.665,1
IR007_1,inner_race,1,0.007,LTTB,256,10,1455,8.247,159.929,160.0,159.0,1.0,86.274,21.851,33.665,1
IR007_1,inner_race,1,0.007,SDT,256,10,1455,8.247,159.929,160.0,160.0,0.0,24.69,29.614,33.665,1
IR007_1,inner_race,1,0.007,SDT_BOUNDED,256,10,1447,8.293,159.929,160.0,160.0,0.0,25.081,29.728,33.665,1
IR007_1,inner_race,1,0.007,IE,256,20,855,14.035,159.929,160.0,160.0,0.0,38.365,28.531,33.665,1
IR007_1,inner_race,1,0.007,VW,256,20,855,14.035,159.929,160.0,159.0,1.0,90.002,18.239,33.665,1
IR007_1,inner_race,1,0.007,DROP,256,20,855,14.035,159.929,160.0,160.0,0.0,99.544,17.924,33.665,1
IR007_1,inner_race,1,0.007,IE_ORACLE,256,20,855,14.035,159.929,160.0,160.0,0.0,26.867,29.466,33.665,1
IR007_1,inner_race,1,0.007,LTTB,256,20,855,14.035,159.929,160.0,160.0,0.0,89.65,21.027,33.665,1
IR007_1,inner_race,1,0.007,SDT,256,20,856,14.019,159.929,160.0,160.0,0.0,45.97,26.831,33.665,1
IR007_1,inner_race,1,0.007,SDT_BOUNDED,256,20,852,14.085,159.929,160.0,160.0,0.0,46.12,26.944,33.665,1
IR007_1,inner_race,1,0.007,IE,256,50,495,24.242,159.929,160.0,160.0,0.0,59.292,23.158,33.665,1
IR007_1,inner_race,1,0.007,VW,256,50,495,24.242,159.929,160.0,160.0,0.0,94.573,14.51,33.665,1
IR007_1,inner_race,1,0.007,DROP,256,50,495,24.242,159.929,160.0,160.0,0.0,99.937,12.244,33.665,1
IR007_1,inner_race,1,0.007,IE_ORACLE,256,50,495,24.242,159.929,160.0,160.0,0.0,49.66,26.228,33.665,1
IR007_1,inner_race,1,0.007,LTTB,256,50,495,24.242,159.929,160.0,160.0,0.0,93.455,18.074,33.665,1
IR007_1,inner_race,1,0.007,SDT,256,50,494,24.291,159.929,160.0,160.0,0.0,71.817,21.681,33.665,1
IR007_1,inner_race,1,0.007,SDT_BOUNDED,256,50,494,24.291,159.929,160.0,160.0,0.0,71.817,21.681,33.665,1
IR007_1,inner_race,1,0.007,IE,512,5,2911,4.122,159.929,160.0,160.0,0.0,15.342,31.756,33.665,1
IR007_1,inner_race,1,0.007,VW,512,5,2911,4.122,159.929,160.0,160.0,0.0,13.159,30.085,33.665,1
IR007_1,inner_race,1,0.007,DROP,512,5,2911,4.122,159.929,160.0,160.0,0.0,94.129,21.158,33.665,1
IR007_1,inner_race,1,0.007,IE_ORACLE,512,5,2911,4.122,159.929,160.0,160.0,0.0,14.515,32.355,33.665,1
IR007_1,inner_race,1,0.007,LTTB,512,5,2911,4.122,159.929,160.0,160.0,0.0,64.408,29.4,33.665,1
IR007_1,inner_race,1,0.007,SDT,512,5,2910,4.124,159.929,160.0,160.0,0.0,16.844,33.493,33.665,1
IR007_1,inner_race,1,0.007,SDT_BOUNDED,512,5,2906,4.129,159.929,160.0,160.0,0.0,16.849,33.563,33.665,1
IR007_1,inner_race,1,0.007,IE,512,10,1711,7.013,159.929,160.0,160.0,0.0,3.504,31.669,33.665,1
IR007_1,inner_race,1,0.007,VW,512,10,1711,7.013,159.929,160.0,160.0,0.0,59.262,23.855,33.665,1
IR007_1,inner_race,1,0.007,DROP,512,10,1711,7.013,159.929,160.0,160.0,0.0,98.505,20.162,33.665,1
IR007_1,inner_race,1,0.007,IE_ORACLE,512,10,1711,7.013,159.929,160.0,160.0,0.0,6.025,32.867,33.665,1
IR007_1,inner_race,1,0.007,LTTB,512,10,1711,7.013,159.929,160.0,160.0,0.0,81.938,22.184,33.665,1
IR007_1,inner_race,1,0.007,SDT,512,10,1709,7.022,159.929,160.0,160.0,0.0,14.593,31.088,33.665,1
IR007_1,inner_race,1,0.007,SDT_BOUNDED,512,10,1707,7.03,159.929,160.0,160.0,0.0,15.211,31.109,33.665,1
IR007_1,inner_race,1,0.007,IE,512,20,1111,10.801,159.929,160.0,160.0,0.0,25.976,29.804,33.665,1
IR007_1,inner_race,1,0.007,VW,512,20,1111,10.801,159.929,160.0,159.0,1.0,81.462,19.309,33.665,1
IR007_1,inner_race,1,0.007,DROP,512,20,1111,10.801,159.929,160.0,160.0,0.0,99.569,17.238,33.665,1
IR007_1,inner_race,1,0.007,IE_ORACLE,512,20,1111,10.801,159.929,160.0,160.0,0.0,16.072,31.634,33.665,1
IR007_1,inner_race,1,0.007,LTTB,512,20,1111,10.801,159.929,160.0,159.0,1.0,87.795,21.523,33.665,1
IR007_1,inner_race,1,0.007,SDT,512,20,1111,10.801,159.929,160.0,160.0,0.0,36.778,27.202,33.665,1
IR007_1,inner_race,1,0.007,SDT_BOUNDED,512,20,1111,10.801,159.929,160.0,160.0,0.0,36.778,27.202,33.665,1
IR007_1,inner_race,1,0.007,IE,512,50,751,15.979,159.929,160.0,160.0,0.0,40.217,26.6,33.665,1
IR007_1,inner_race,1,0.007,VW,512,50,751,15.979,159.929,160.0,159.0,1.0,89.751,16.606,33.665,1
IR007_1,inner_race,1,0.007,DROP,512,50,751,15.979,159.929,160.0,164.0,4.0,99.927,6.125,33.665,0
IR007_1,inner_race,1,0.007,IE_ORACLE,512,50,751,15.979,159.929,160.0,160.0,0.0,31.397,28.879,33.665,1
IR007_1,inner_race,1,0.007,LTTB,512,50,751,15.979,159.929,160.0,160.0,0.0,90.51,19.84,33.665,1
IR007_1,inner_race,1,0.007,SDT,512,50,751,15.979,159.929,160.0,160.0,0.0,53.808,25.939,33.665,1
IR007_1,inner_race,1,0.007,SDT_BOUNDED,512,50,751,15.979,159.929,160.0,160.0,0.0,53.808,25.939,33.665,1
IR007_2,inner_race,2,0.007,IE,128,5,2527,4.749,157.763,157.0,157.0,0.0,12.953,32.568,33.82,1
IR007_2,inner_race,2,0.007,VW,128,5,2527,4.749,157.763,157.0,157.0,0.0,15.624,30.634,33.82,1
IR007_2,inner_race,2,0.007,DROP,128,5,2527,4.749,157.763,157.0,157.0,0.0,92.907,22.809,33.82,1
IR007_2,inner_race,2,0.007,IE_ORACLE,128,5,2527,4.749,157.763,157.0,157.0,0.0,15.369,32.661,33.82,1
IR007_2,inner_race,2,0.007,LTTB,128,5,2527,4.749,157.763,157.0,157.0,0.0,70.808,26.143,33.82,1
IR007_2,inner_race,2,0.007,SDT,128,5,2527,4.749,157.763,157.0,157.0,0.0,13.349,34.029,33.82,1
IR007_2,inner_race,2,0.007,SDT_BOUNDED,128,5,2506,4.789,157.763,157.0,157.0,0.0,12.868,33.801,33.82,1
IR007_2,inner_race,2,0.007,IE,128,10,1327,9.043,157.763,157.0,157.0,0.0,9.479,30.883,33.82,1
IR007_2,inner_race,2,0.007,VW,128,10,1327,9.043,157.763,157.0,157.0,0.0,66.988,22.824,33.82,1
IR007_2,inner_race,2,0.007,DROP,128,10,1327,9.043,157.763,157.0,157.0,0.0,98.759,21.658,33.82,1
IR007_2,inner_race,2,0.007,IE_ORACLE,128,10,1327,9.043,157.763,157.0,157.0,0.0,2.658,31.829,33.82,1
IR007_2,inner_race,2,0.007,LTTB,128,10,1327,9.043,157.763,157.0,157.0,0.0,87.586,20.636,33.82,1
IR007_2,inner_race,2,0.007,SDT,128,10,1328,9.036,157.763,157.0,157.0,0.0,24.734,29.666,33.82,1
IR007_2,inner_race,2,0.007,SDT_BOUNDED,128,10,1317,9.112,157.763,157.0,157.0,0.0,24.775,29.563,33.82,1
IR007_2,inner_race,2,0.007,IE,128,20,727,16.506,157.763,157.0,157.0,0.0,37.113,28.477,33.82,1
IR007_2,inner_race,2,0.007,VW,128,20,727,16.506,157.763,157.0,157.0,0.0,90.57,17.772,33.82,1
IR007_2,inner_race,2,0.007,DROP,128,20,727,16.506,157.763,157.0,157.0,0.0,99.517,18.581,33.82,1
IR007_2,inner_race,2,0.007,IE_ORACLE,128,20,727,16.506,157.763,157.0,157.0,0.0,29.032,30.882,33.82,1
IR007_2,inner_race,2,0.007,LTTB,128,20,727,16.506,157.763,157.0,157.0,0.0,90.963,20.323,33.82,1
IR007_2,inner_race,2,0.007,SDT,128,20,728,16.484,157.763,157.0,157.0,0.0,50.567,27.239,33.82,1
IR007_2,inner_race,2,0.007,SDT_BOUNDED,128,20,723,16.598,157.763,157.0,157.0,0.0,50.909,27.041,33.82,1
IR007_2,inner_race,2,0.007,IE,128,50,367,32.698,157.763,157.0,157.0,0.0,67.41,22.927,33.82,1
IR007_2,inner_race,2,0.007,VW,128,50,367,32.698,157.763,157.0,157.0,0.0,97.812,12.614,33.82,1
IR007_2,inner_race,2,0.007,DROP,128,50,367,32.698,157.763,157.0,157.0,0.0,99.947,12.043,33.82,1
IR007_2,inner_race,2,0.007,IE_ORACLE,128,50,367,32.698,157.763,157.0,157.0,0.0,56.141,24.56,33.82,1
IR007_2,inner_race,2,0.007,LTTB,128,50,367,32.698,157.763,157.0,157.0,0.0,95.212,18.849,33.82,1
IR007_2,inner_race,2,0.007,SDT,128,50,367,32.698,157.763,157.0,157.0,0.0,77.286,20.789,33.82,1
IR007_2,inner_race,2,0.007,SDT_BOUNDED,128,50,364,32.967,157.763,157.0,157.0,0.0,77.891,20.379,33.82,1
IR007_2,inner_race,2,0.007,IE,256,5,2655,4.52,157.763,157.0,157.0,0.0,13.217,33.328,33.82,1
IR007_2,inner_race,2,0.007,VW,256,5,2655,4.52,157.763,157.0,157.0,0.0,14.604,30.733,33.82,1
IR007_2,inner_race,2,0.007,DROP,256,5,2655,4.52,157.763,157.0,157.0,0.0,93.299,22.316,33.82,1
IR007_2,inner_race,2,0.007,IE_ORACLE,256,5,2655,4.52,157.763,157.0,157.0,0.0,15.796,32.547,33.82,1
IR007_2,inner_race,2,0.007,LTTB,256,5,2655,4.52,157.763,157.0,157.0,0.0,67.8,26.447,33.82,1
IR007_2,inner_race,2,0.007,SDT,256,5,2656,4.518,157.763,157.0,157.0,0.0,14.085,33.626,33.82,1
IR007_2,inner_race,2,0.007,SDT_BOUNDED,256,5,2635,4.554,157.763,157.0,157.0,0.0,13.967,33.778,33.82,1
IR007_2,inner_race,2,0.007,IE,256,10,1455,8.247,157.763,157.0,157.0,0.0,8.781,31.273,33.82,1
IR007_2,inner_race,2,0.007,VW,256,10,1455,8.247,157.763,157.0,157.0,0.0,62.812,23.317,33.82,1
IR007_2,inner_race,2,0.007,DROP,256,10,1455,8.247,157.763,157.0,157.0,0.0,98.844,21.438,33.82,1
IR007_2,inner_race,2,0.007,IE_ORACLE,256,10,1455,8.247,157.763,157.0,157.0,0.0,0.768,31.676,33.82,1
IR007_2,inner_race,2,0.007,LTTB,256,10,1455,8.247,157.763,157.0,157.0,0.0,85.823,22.16,33.82,1
IR007_2,inner_race,2,0.007,SDT,256,10,1454,8.253,157.763,157.0,157.0,0.0,19.265,30.638,33.82,1
IR007_2,inner_race,2,0.007,SDT_BOUNDED,256,10,1446,8.299,157.763,157.0,157.0,0.0,19.706,30.601,33.82,1
IR007_2,inner_race,2,0.007,IE,256,20,855,14.035,157.763,157.0,157.0,0.0,34.002,29.059,33.82,1
IR007_2,inner_race,2,0.007,VW,256,20,855,14.035,157.763,157.0,157.0,0.0,89.004,18.832,33.82,1
IR007_2,inner_race,2,0.007,DROP,256,20,855,14.035,157.763,157.0,158.0,1.0,99.474,19.487,33.82,1
IR007_2,inner_race,2,0.007,IE_ORACLE,256,20,855,14.035,157.763,157.0,157.0,0.0,23.535,29.923,33.82,1
IR007_2,inner_race,2,0.007,LTTB,256,20,855,14.035,157.763,157.0,157.0,0.0,90.473,20.03,33.82,1
IR007_2,inner_race,2,0.007,SDT,256,20,856,14.019,157.763,157.0,157.0,0.0,43.679,27.361,33.82,1
IR007_2,inner_race,2,0.007,SDT_BOUNDED,256,20,850,14.118,157.763,157.0,157.0,0.0,44.372,27.866,33.82,1
IR007_2,inner_race,2,0.007,IE,256,50,495,24.242,157.763,157.0,157.0,0.0,56.018,24.711,33.82,1
IR007_2,inner_race,2,0.007,VW,256,50,495,24.242,157.763,157.0,157.0,0.0,94.953,15.865,33.82,1
IR007_2,inner_race,2,0.007,DROP,256,50,495,24.242,157.763,157.0,157.0,0.0,99.957,9.202,33.82,1
IR007_2,inner_race,2,0.007,IE_ORACLE,256,50,495,24.242,157.763,157.0,157.0,0.0,43.719,27.543,33.82,1
IR007_2,inner_race,2,0.007,LTTB,256,50,495,24.242,157.763,157.0,157.0,0.0,92.126,19.45,33.82,1
IR007_2,inner_race,2,0.007,SDT,256,50,496,24.194,157.763,157.0,157.0,0.0,67.524,23.456,33.82,1
IR007_2,inner_race,2,0.007,SDT_BOUNDED,256,50,494,24.291,157.763,157.0,157.0,0.0,67.607,23.61,33.82,1
IR007_2,inner_race,2,0.007,IE,512,5,2911,4.122,157.763,157.0,157.0,0.0,14.123,33.472,33.82,1
IR007_2,inner_race,2,0.007,VW,512,5,2911,4.122,157.763,157.0,157.0,0.0,13.832,30.161,33.82,1
IR007_2,inner_race,2,0.007,DROP,512,5,2911,4.122,157.763,157.0,157.0,0.0,93.317,22.959,33.82,1
IR007_2,inner_race,2,0.007,IE_ORACLE,512,5,2911,4.122,157.763,157.0,157.0,0.0,15.426,32.668,33.82,1
IR007_2,inner_race,2,0.007,LTTB,512,5,2911,4.122,157.763,157.0,157.0,0.0,65.736,28.847,33.82,1
IR007_2,inner_race,2,0.007,SDT,512,5,2911,4.122,157.763,157.0,157.0,0.0,17.577,32.888,33.82,1
IR007_2,inner_race,2,0.007,SDT_BOUNDED,512,5,2895,4.145,157.763,157.0,157.0,0.0,17.396,32.447,33.82,1
IR007_2,inner_race,2,0.007,IE,512,10,1711,7.013,157.763,157.0,157.0,0.0,5.618,31.387,33.82,1
IR007_2,inner_race,2,0.007,VW,512,10,1711,7.013,157.763,157.0,157.0,0.0,56.379,22.901,33.82,1
IR007_2,inner_race,2,0.007,DROP,512,10,1711,7.013,157.763,157.0,157.0,0.0,98.435,23.484,33.82,1
IR007_2,inner_race,2,0.007,IE_ORACLE,512,10,1711,7.013,157.763,157.0,157.0,0.0,7.157,32.581,33.82,1
IR007_2,inner_race,2,0.007,LTTB,512,10,1711,7.013,157.763,157.0,157.0,0.0,82.772,22.047,33.82,1
IR007_2,inner_race,2,0.007,SDT,512,10,1710,7.018,157.763,157.0,157.0,0.0,11.456,30.583,33.82,1
IR007_2,inner_race,2,0.007,SDT_BOUNDED,512,10,1702,7.051,157.763,157.0,157.0,0.0,12.322,29.714,33.82,1
IR007_2,inner_race,2,0.007,IE,512,20,1111,10.801,157.763,157.0,157.0,0.0,25.561,29.901,33.82,1
IR007_2,inner_race,2,0.007,VW,512,20,1111,10.801,157.763,157.0,157.0,0.0,74.709,21.24,33.82,1
IR007_2,inner_race,2,0.007,DROP,512,20,1111,10.801,157.763,157.0,157.0,0.0,99.38,19.891,33.82,1
IR007_2,inner_race,2,0.007,IE_ORACLE,512,20,1111,10.801,157.763,157.0,157.0,0.0,11.735,30.546,33.82,1
IR007_2,inner_race,2,0.007,LTTB,512,20,1111,10.801,157.763,157.0,157.0,0.0,89.529,21.06,33.82,1
IR007_2,inner_race,2,0.007,SDT,512,20,1111,10.801,157.763,157.0,157.0,0.0,33.296,29.41,33.82,1
IR007_2,inner_race,2,0.007,SDT_BOUNDED,512,20,1109,10.821,157.763,157.0,157.0,0.0,34.378,28.167,33.82,1
IR007_2,inner_race,2,0.007,IE,512,50,751,15.979,157.763,157.0,157.0,0.0,35.192,27.8,33.82,1
IR007_2,inner_race,2,0.007,VW,512,50,751,15.979,157.763,157.0,157.0,0.0,88.864,17.797,33.82,1
IR007_2,inner_race,2,0.007,DROP,512,50,751,15.979,157.763,157.0,157.0,0.0,99.909,10.586,33.82,1
IR007_2,inner_race,2,0.007,IE_ORACLE,512,50,751,15.979,157.763,157.0,157.0,0.0,27.639,30.046,33.82,1
IR007_2,inner_race,2,0.007,LTTB,512,50,751,15.979,157.763,157.0,157.0,0.0,90.018,20.2,33.82,1
IR007_2,inner_race,2,0.007,SDT,512,50,751,15.979,157.763,157.0,157.0,0.0,49.669,27.222,33.82,1
IR007_2,inner_race,2,0.007,SDT_BOUNDED,512,50,751,15.979,157.763,157.0,157.0,0.0,49.669,27.222,33.82,1
IR007_3,inner_race,3,0.007,IE,128,5,2527,4.749,155.326,155.0,155.0,0.0,9.676,33.765,34.836,1
IR007_3,inner_race,3,0.007,VW,128,5,2527,4.749,155.326,155.0,155.0,0.0,23.842,29.5,34.836,1
IR007_3,inner_race,3,0.007,DROP,128,5,2527,4.749,155.326,155.0,155.0,0.0,93.217,23.411,34.836,1
IR007_3,inner_race,3,0.007,IE_ORACLE,128,5,2527,4.749,155.326,155.0,155.0,0.0,9.759,34.281,34.836,1
IR007_3,inner_race,3,0.007,LTTB,128,5,2527,4.749,155.326,155.0,155.0,0.0,73.566,26.266,34.836,1
IR007_3,inner_race,3,0.007,SDT,128,5,2528,4.747,155.326,155.0,155.0,0.0,9.582,34.6,34.836,1
IR007_3,inner_race,3,0.007,SDT_BOUNDED,128,5,2509,4.783,155.326,155.0,155.0,0.0,7.585,33.457,34.836,1
IR007_3,inner_race,3,0.007,IE,128,10,1327,9.043,155.326,155.0,155.0,0.0,12.159,32.852,34.836,1
IR007_3,inner_race,3,0.007,VW,128,10,1327,9.043,155.326,155.0,155.0,0.0,71.843,22.695,34.836,1
IR007_3,inner_race,3,0.007,DROP,128,10,1327,9.043,155.326,155.0,155.0,0.0,99.149,19.209,34.836,1
IR007_3,inner_race,3,0.007,IE_ORACLE,128,10,1327,9.043,155.326,155.0,155.0,0.0,6.357,33.809,34.836,1
IR007_3,inner_race,3,0.007,LTTB,128,10,1327,9.043,155.326,155.0,155.0,0.0,88.802,21.851,34.836,1
IR007_3,inner_race,3,0.007,SDT,128,10,1327,9.043,155.326,155.0,155.0,0.0,26.608,30.803,34.836,1
IR007_3,inner_race,3,0.007,SDT_BOUNDED,128,10,1312,9.146,155.326,155.0,155.0,0.0,27.509,29.979,34.836,1
IR007_3,inner_race,3,0.007,IE,128,20,727,16.506,155.326,155.0,155.0,0.0,43.408,27.944,34.836,1
IR007_3,inner_race,3,0.007,VW,128,20,727,16.506,155.326,155.0,155.0,0.0,91.696,18.301,34.836,1
IR007_3,inner_race,3,0.007,DROP,128,20,727,16.506,155.326,155.0,155.0,0.0,99.785,13.395,34.836,1
IR007_3,inner_race,3,0.007,IE_ORACLE,128,20,727,16.506,155.326,155.0,155.0,0.0,34.544,29.349,34.836,1
IR007_3,inner_race,3,0.007,LTTB,128,20,727,16.506,155.326,155.0,155.0,0.0,90.02,22.265,34.836,1
IR007_3,inner_race,3,0.007,SDT,128,20,729,16.461,155.326,155.0,155.0,0.0,57.149,28.328,34.836,1
IR007_3,inner_race,3,0.007,SDT_BOUNDED,128,20,718,16.713,155.326,155.0,155.0,0.0,57.891,29.032,34.836,1
IR007_3,inner_race,3,0.007,IE,128,50,367,32.698,155.326,155.0,155.0,0.0,68.949,23.974,34.836,1
IR007_3,inner_race,3,0.007,VW,128,50,367,32.698,155.326,155.0,155.0,0.0,97.034,14.854,34.836,1
IR007_3,inner_race,3,0.007,DROP,128,50,367,32.698,155.326,155.0,155.0,0.0,99.967,10.635,34.836,1
IR007_3,inner_race,3,0.007,IE_ORACLE,128,50,367,32.698,155.326,155.0,155.0,0.0,57.277,27.717,34.836,1
IR007_3,inner_race,3,0.007,LTTB,128,50,367,32.698,155.326,155.0,155.0,0.0,96.075,17.487,34.836,1
IR007_3,inner_race,3,0.007,SDT,128,50,368,32.609,155.326,155.0,155.0,0.0,81.195,19.484,34.836,1
IR007_3,inner_race,3,0.007,SDT_BOUNDED,128,50,364,32.967,155.326,155.0,155.0,0.0,81.231,19.503,34.836,1
IR007_3,inner_race,3,0.007,IE,256,5,2655,4.52,155.326,155.0,155.0,0.0,10.015,33.949,34.836,1
IR007_3,inner_race,3,0.007,VW,256,5,2655,4.52,155.326,155.0,155.0,0.0,22.598,29.625,34.836,1
IR007_3,inner_race,3,0.007,DROP,256,5,2655,4.52,155.326,155.0,155.0,0.0,93.561,22.819,34.836,1
IR007_3,inner_race,3,0.007,IE_ORACLE,256,5,2655,4.52,155.326,155.0,155.0,0.0,9.655,34.108,34.836,1
IR007_3,inner_race,3,0.007,LTTB,256,5,2655,4.52,155.326,155.0,155.0,0.0,73.668,26.835,34.836,1
IR007_3,inner_race,3,0.007,SDT,256,5,2656,4.518,155.326,155.0,155.0,0.0,11.801,34.721,34.836,1
IR007_3,inner_race,3,0.007,SDT_BOUNDED,256,5,2643,4.54,155.326,155.0,155.0,0.0,11.652,34.547,34.836,1
IR007_3,inner_race,3,0.007,IE,256,10,1455,8.247,155.326,155.0,155.0,0.0,10.891,32.815,34.836,1
IR007_3,inner_race,3,0.007,VW,256,10,1455,8.247,155.326,155.0,155.0,0.0,70.317,23.132,34.836,1
IR007_3,inner_race,3,0.007,DROP,256,10,1455,8.247,155.326,155.0,155.0,0.0,99.108,19.275,34.836,1
IR007_3,inner_race,3,0.007,IE_ORACLE,256,10,1455,8.247,155.326,155.0,155.0,0.0,2.989,32.819,34.836,1
IR007_3,inner_race,3,0.007,LTTB,256,10,1455,8.247,155.326,155.0,155.0,0.0,86.127,22.06,34.836,1
IR007_3,inner_race,3,0.007,SDT,256,10,1455,8.247,155.326,155.0,155.0,0.0,21.61,30.582,34.836,1
IR007_3,inner_race,3,0.007,SDT_BOUNDED,256,10,1444,8.31,155.326,155.0,155.0,0.0,22.009,30.27,34.836,1
IR007_3,inner_race,3,0.007,IE,256,20,855,14.035,155.326,155.0,155.0,0.0,38.192,29.024,34.836,1
IR007_3,inner_race,3,0.007,VW,256,20,855,14.035,155.326,155.0,155.0,0.0,88.252,20.118,34.836,1
IR007_3,inner_race,3,0.007,DROP,256,20,855,14.035,155.326,155.0,155.0,0.0,99.745,16.224,34.836,1
IR007_3,inner_race,3,0.007,IE_ORACLE,256,20,855,14.035,155.326,155.0,155.0,0.0,26.517,29.933,34.836,1
IR007_3,inner_race,3,0.007,LTTB,256,20,855,14.035,155.326,155.0,155.0,0.0,90.229,21.766,34.836,1
IR007_3,inner_race,3,0.007,SDT,256,20,858,13.986,155.326,155.0,155.0,0.0,51.14,27.866,34.836,1
IR007_3,inner_race,3,0.007,SDT_BOUNDED,256,20,851,14.101,155.326,155.0,155.0,0.0,51.698,27.943,34.836,1
IR007_3,inner_race,3,0.007,IE,256,50,495,24.242,155.326,155.0,155.0,0.0,59.675,25.908,34.836,1
IR007_3,inner_race,3,0.007,VW,256,50,495,24.242,155.326,155.0,155.0,0.0,95.871,17.209,34.836,1
IR007_3,inner_race,3,0.007,DROP,256,50,495,24.242,155.326,155.0,155.0,0.0,99.96,9.819,34.836,1
IR007_3,inner_race,3,0.007,IE_ORACLE,256,50,495,24.242,155.326,155.0,155.0,0.0,48.159,28.621,34.836,1
IR007_3,inner_race,3,0.007,LTTB,256,50,495,24.242,155.326,155.0,155.0,0.0,93.741,20.758,34.836,1
IR007_3,inner_race,3,0.007,SDT,256,50,495,24.242,155.326,155.0,155.0,0.0,70.503,22.23,34.836,1
IR007_3,inner_race,3,0.007,SDT_BOUNDED,256,50,492,24.39,155.326,155.0,155.0,0.0,71.244,22.115,34.836,1
IR007_3,inner_race,3,0.007,IE,512,5,2911,4.122,155.326,155.0,155.0,0.0,10.731,33.485,34.836,1
IR007_3,inner_race,3,0.007,VW,512,5,2911,4.122,155.326,155.0,155.0,0.0,18.727,29.611,34.836,1
IR007_3,inner_race,3,0.007,DROP,512,5,2911,4.122,155.326,155.0,155.0,0.0,91.664,25.125,34.836,1
IR007_3,inner_race,3,0.007,IE_ORACLE,512,5,2911,4.122,155.326,155.0,155.0,0.0,10.37,33.636,34.836,1
IR007_3,inner_race,3,0.007,LTTB,512,5,2911,4.122,155.326,155.0,155.0,0.0,70.256,29.054,34.836,1
IR007_3,inner_race,3,0.007,SDT,512,5,2912,4.121,155.326,155.0,155.0,0.0,14.416,34.756,34.836,1
IR007_3,inner_race,3,0.007,SDT_BOUNDED,512,5,2898,4.141,155.326,155.0,155.0,0.0,13.987,34.632,34.836,1
IR007_3,inner_race,3,0.007,IE,512,10,1711,7.013,155.326,155.0,155.0,0.0,4.808,32.714,34.836,1
IR007_3,inner_race,3,0.007,VW,512,10,1711,7.013,155.326,155.0,155.0,0.0,61.401,23.957,34.836,1
IR007_3,inner_race,3,0.007,DROP,512,10,1711,7.013,155.326,155.0,155.0,0.0,99.049,20.262,34.836,1
IR007_3,inner_race,3,0.007,IE_ORACLE,512,10,1711,7.013,155.326,155.0,155.0,0.0,2.191,33.52,34.836,1
IR007_3,inner_race,3,0.007,LTTB,512,10,1711,7.013,155.326,155.0,155.0,0.0,85.767,22.083,34.836,1
IR007_3,inner_race,3,0.007,SDT,512,10,1711,7.013,155.326,155.0,155.0,0.0,10.395,31.542,34.836,1
IR007_3,inner_race,3,0.007,SDT_BOUNDED,512,10,1703,7.046,155.326,155.0,155.0,0.0,11.013,31.221,34.836,1
IR007_3,inner_race,3,0.007,IE,512,20,1111,10.801,155.326,155.0,155.0,0.0,25.574,30.12,34.836,1
IR007_3,inner_race,3,0.007,VW,512,20,1111,10.801,155.326,155.0,155.0,0.0,79.449,21.294,34.836,1
IR007_3,inner_race,3,0.007,DROP,512,20,1111,10.801,155.326,155.0,155.0,0.0,99.63,18.244,34.836,1
IR007_3,inner_race,3,0.007,IE_ORACLE,512,20,1111,10.801,155.326,155.0,155.0,0.0,13.635,31.522,34.836,1
IR007_3,inner_race,3,0.007,LTTB,512,20,1111,10.801,155.326,155.0,155.0,0.0,89.9,22.572,34.836,1
IR007_3,inner_race,3,0.007,SDT,512,20,1110,10.811,155.326,155.0,155.0,0.0,35.948,28.862,34.836,1
IR007_3,inner_race,3,0.007,SDT_BOUNDED,512,20,1110,10.811,155.326,155.0,155.0,0.0,35.948,28.862,34.836,1
IR007_3,inner_race,3,0.007,IE,512,50,751,15.979,155.326,155.0,155.0,0.0,39.644,28.956,34.836,1
IR007_3,inner_race,3,0.007,VW,512,50,751,15.979,155.326,155.0,155.0,0.0,90.096,19.356,34.836,1
IR007_3,inner_race,3,0.007,DROP,512,50,751,15.979,155.326,155.0,155.0,0.0,99.901,11.079,34.836,1
IR007_3,inner_race,3,0.007,IE_ORACLE,512,50,751,15.979,155.326,155.0,155.0,0.0,33.273,29.125,34.836,1
IR007_3,inner_race,3,0.007,LTTB,512,50,751,15.979,155.326,155.0,155.0,0.0,92.129,22.833,34.836,1
IR007_3,inner_race,3,0.007,SDT,512,50,752,15.957,155.326,155.0,155.0,0.0,57.041,27.599,34.836,1
IR007_3,inner_race,3,0.007,SDT_BOUNDED,512,50,752,15.957,155.326,155.0,155.0,0.0,57.041,27.599,34.836,1
B007_0,ball,0,0.007,IE,128,5,2527,4.749,70.547,69.0,72.0,3.0,12.156,7.644,7.582,0
B007_0,ball,0,0.007,VW,128,5,2527,4.749,70.547,69.0,69.0,0.0,58.611,3.318,7.582,0
B007_0,ball,0,0.007,DROP,128,5,2527,4.749,70.547,69.0,69.0,0.0,92.404,7.218,7.582,1
B007_0,ball,0,0.007,IE_ORACLE,128,5,2527,4.749,70.547,69.0,72.0,3.0,19.537,6.604,7.582,0
B007_0,ball,0,0.007,LTTB,128,5,2527,4.749,70.547,69.0,72.0,3.0,82.595,8.181,7.582,0
B007_0,ball,0,0.007,SDT,128,5,2524,4.754,70.547,69.0,72.0,3.0,16.975,7.72,7.582,0
B007_0,ball,0,0.007,SDT_BOUNDED,128,5,2453,4.892,70.547,69.0,72.0,3.0,13.744,7.475,7.582,0
B007_0,ball,0,0.007,IE,128,10,1327,9.043,70.547,69.0,72.0,3.0,29.219,4.838,7.582,0
B007_0,ball,0,0.007,VW,128,10,1327,9.043,70.547,69.0,72.0,3.0,81.482,5.943,7.582,0
B007_0,ball,0,0.007,DROP,128,10,1327,9.043,70.547,69.0,72.0,3.0,98.443,3.397,7.582,0
B007_0,ball,0,0.007,IE_ORACLE,128,10,1327,9.043,70.547,69.0,72.0,3.0,2.527,6.956,7.582,0
B007_0,ball,0,0.007,LTTB,128,10,1327,9.043,70.547,69.0,74.0,5.0,90.021,2.376,7.582,0
B007_0,ball,0,0.007,SDT,128,10,1330,9.023,70.547,69.0,72.0,3.0,52.414,2.621,7.582,0
B007_0,ball,0,0.007,SDT_BOUNDED,128,10,1285,9.339,70.547,69.0,72.0,3.0,52.199,3.263,7.582,0
B007_0,ball,0,0.007,IE,128,20,727,16.506,70.547,69.0,68.0,1.0,57.965,3.549,7.582,0
B007_0,ball,0,0.007,VW,128,20,727,16.506,70.547,69.0,68.0,1.0,88.594,5.73,7.582,0
B007_0,ball,0,0.007,DROP,128,20,727,16.506,70.547,69.0,71.0,2.0,98.864,5.594,7.582,0
B007_0,ball,0,0.007,IE_ORACLE,128,20,727,16.506,70.547,69.0,72.0,3.0,43.343,4.495,7.582,0
B007_0,ball,0,0.007,LTTB,128,20,727,16.506,70.547,69.0,69.0,0.0,95.043,1.539,7.582,0
B007_0,ball,0,0.007,SDT,128,20,727,16.506,70.547,69.0,72.0,3.0,55.533,6.089,7.582,0
B007_0,ball,0,0.007,SDT_BOUNDED,128,20,706,16.997,70.547,69.0,72.0,3.0,57.463,5.97,7.582,0
B007_0,ball,0,0.007,IE,128,50,367,32.698,70.547,69.0,69.0,0.0,73.794,2.651,7.582,0
B007_0,ball,0,0.007,VW,128,50,367,32.698,70.547,69.0,69.0,0.0,96.023,0.339,7.582,0
B007_0,ball,0,0.007,DROP,128,50,367,32.698,70.547,69.0,74.0,5.0,99.876,2.555,7.582,0
B007_0,ball,0,0.007,IE_ORACLE,128,50,367,32.698,70.547,69.0,72.0,3.0,64.894,3.585,7.582,0
B007_0,ball,0,0.007,LTTB,128,50,367,32.698,70.547,69.0,69.0,0.0,91.212,7.892,7.582,1
B007_0,ball,0,0.007,SDT,128,50,367,32.698,70.547,69.0,69.0,0.0,82.223,4.022,7.582,0
B007_0,ball,0,0.007,SDT_BOUNDED,128,50,356,33.708,70.547,69.0,69.0,0.0,81.233,4.447,7.582,0
B007_0,ball,0,0.007,IE,256,5,2655,4.52,70.547,69.0,72.0,3.0,18.88,7.395,7.582,0
B007_0,ball,0,0.007,VW,256,5,2655,4.52,70.547,69.0,73.0,4.0,64.302,1.638,7.582,0
B007_0,ball,0,0.007,DROP,256,5,2655,4.52,70.547,69.0,69.0,0.0,92.069,7.981,7.582,1
B007_0,ball,0,0.007,IE_ORACLE,256,5,2655,4.52,70.547,69.0,72.0,3.0,27.524,7.64,7.582,0
B007_0,ball,0,0.007,LTTB,256,5,2655,4.52,70.547,69.0,72.0,3.0,77.138,8.717,7.582,0
B007_0,ball,0,0.007,SDT,256,5,2656,4.518,70.547,69.0,72.0,3.0,11.435,7.025,7.582,0
B007_0,ball,0,0.007,SDT_BOUNDED,256,5,2622,4.577,70.547,69.0,72.0,3.0,14.568,7.311,7.582,0
B007_0,ball,0,0.007,IE,256,10,1455,8.247,70.547,69.0,72.0,3.0,27.898,5.257,7.582,0
B007_0,ball,0,0.007,VW,256,10,1455,8.247,70.547,69.0,72.0,3.0,79.636,4.781,7.582,0
B007_0,ball,0,0.007,DROP,256,10,1455,8.247,70.547,69.0,72.0,3.0,97.305,9.493,7.582,0
B007_0,ball,0,0.007,IE_ORACLE,256,10,1455,8.247,70.547,69.0,72.0,3.0,5.051,6.494,7.582,0
B007_0,ball,0,0.007,LTTB,256,10,1455,8.247,70.547,69.0,73.0,4.0,88.73,3.85,7.582,0
B007_0,ball,0,0.007,SDT,256,10,1455,8.247,70.547,69.0,72.0,3.0,43.676,3.774,7.582,0
B007_0,ball,0,0.007,SDT_BOUNDED,256,10,1423,8.433,70.547,69.0,72.0,3.0,44.041,4.053,7.582,0
B007_0,ball,0,0.007,IE,256,20,855,14.035,70.547,69.0,69.0,0.0,64.088,1.556,7.582,0
B007_0,ball,0,0.007,VW,256,20,855,14.035,70.547,69.0,72.0,3.0,85.687,7.872,7.582,0
B007_0,ball,0,0.007,DROP,256,20,855,14.035,70.547,69.0,68.0,1.0,98.979,4.758,7.582,0
B007_0,ball,0,0.007,IE_ORACLE,256,20,855,14.035,70.547,69.0,72.0,3.0,34.903,4.516,7.582,0
B007_0,ball,0,0.007,LTTB,256,20,855,14.035,70.547,69.0,71.0,2.0,95.146,0.325,7.582,0
B007_0,ball,0,0.007,SDT,256,20,854,14.052,70.547,69.0,72.0,3.0,59.881,3.888,7.582,0
B007_0,ball,0,0.007,SDT_BOUNDED,256,20,838,14.32,70.547,69.0,72.0,3.0,63.5,3.153,7.582,0
B007_0,ball,0,0.007,IE,256,50,495,24.242,70.547,69.0,72.0,3.0,72.17,1.281,7.582,0
B007_0,ball,0,0.007,VW,256,50,495,24.242,70.547,69.0,74.0,5.0,94.46,4.633,7.582,0
B007_0,ball,0,0.007,DROP,256,50,495,24.242,70.547,69.0,69.0,0.0,99.801,6.954,7.582,1
B007_0,ball,0,0.007,IE_ORACLE,256,50,495,24.242,70.547,69.0,72.0,3.0,50.336,4.941,7.582,0
B007_0,ball,0,0.007,LTTB,256,50,495,24.242,70.547,69.0,72.0,3.0,94.624,4.522,7.582,0
B007_0,ball,0,0.007,SDT,256,50,496,24.194,70.547,69.0,72.0,3.0,68.23,6.053,7.582,0
B007_0,ball,0,0.007,SDT_BOUNDED,256,50,496,24.194,70.547,69.0,72.0,3.0,68.23,6.053,7.582,0
B007_0,ball,0,0.007,IE,512,5,2911,4.122,70.547,69.0,72.0,3.0,24.605,8.039,7.582,0
B007_0,ball,0,0.007,VW,512,5,2911,4.122,70.547,69.0,73.0,4.0,58.379,2.485,7.582,0
B007_0,ball,0,0.007,DROP,512,5,2911,4.122,70.547,69.0,72.0,3.0,93.682,5.807,7.582,0
B007_0,ball,0,0.007,IE_ORACLE,512,5,2911,4.122,70.547,69.0,72.0,3.0,23.725,8.0,7.582,0
B007_0,ball,0,0.007,LTTB,512,5,2911,4.122,70.547,69.0,72.0,3.0,73.716,8.226,7.582,0
B007_0,ball,0,0.007,SDT,512,5,2911,4.122,70.547,69.0,72.0,3.0,20.898,7.028,7.582,0
B007_0,ball,0,0.007,SDT_BOUNDED,512,5,2891,4.151,70.547,69.0,72.0,3.0,23.879,7.162,7.582,0
B007_0,ball,0,0.007,IE,512,10,1711,7.013,70.547,69.0,72.0,3.0,11.46,5.723,7.582,0
B007_0,ball,0,0.007,VW,512,10,1711,7.013,70.547,69.0,72.0,3.0,62.969,7.98,7.582,0
B007_0,ball,0,0.007,DROP,512,10,1711,7.013,70.547,69.0,72.0,3.0,97.081,8.838,7.582,0
B007_0,ball,0,0.007,IE_ORACLE,512,10,1711,7.013,70.547,69.0,72.0,3.0,5.02,6.828,7.582,0
B007_0,ball,0,0.007,LTTB,512,10,1711,7.013,70.547,69.0,71.0,2.0,89.607,3.149,7.582,0
B007_0,ball,0,0.007,SDT,512,10,1713,7.005,70.547,69.0,72.0,3.0,22.651,5.859,7.582,0
B007_0,ball,0,0.007,SDT_BOUNDED,512,10,1694,7.084,70.547,69.0,72.0,3.0,26.398,5.822,7.582,0
B007_0,ball,0,0.007,IE,512,20,1111,10.801,70.547,69.0,72.0,3.0,48.276,3.155,7.582,0
B007_0,ball,0,0.007,VW,512,20,1111,10.801,70.547,69.0,74.0,5.0,87.394,2.474,7.582,0
B007_0,ball,0,0.007,DROP,512,20,1111,10.801,70.547,69.0,72.0,3.0,98.436,8.995,7.582,0
B007_0,ball,0,0.007,IE_ORACLE,512,20,1111,10.801,70.547,69.0,72.0,3.0,16.853,5.509,7.582,0
B007_0,ball,0,0.007,LTTB,512,20,1111,10.801,70.547,69.0,69.0,0.0,86.178,5.644,7.582,0
B007_0,ball,0,0.007,SDT,512,20,1108,10.83,70.547,69.0,72.0,3.0,50.725,4.208,7.582,0
B007_0,ball,0,0.007,SDT_BOUNDED,512,20,1108,10.83,70.547,69.0,72.0,3.0,50.725,4.208,7.582,0
B007_0,ball,0,0.007,IE,512,50,751,15.979,70.547,69.0,72.0,3.0,60.214,1.676,7.582,0
B007_0,ball,0,0.007,VW,512,50,751,15.979,70.547,69.0,68.0,1.0,87.465,5.361,7.582,0
B007_0,ball,0,0.007,DROP,512,50,751,15.979,70.547,69.0,71.0,2.0,99.639,4.511,7.582,0
B007_0,ball,0,0.007,IE_ORACLE,512,50,751,15.979,70.547,69.0,72.0,3.0,41.744,5.144,7.582,0
B007_0,ball,0,0.007,LTTB,512,50,751,15.979,70.547,69.0,69.0,0.0,90.31,5.887,7.582,0
B007_0,ball,0,0.007,SDT,512,50,750,16.0,70.547,69.0,72.0,3.0,55.634,6.58,7.582,0
B007_0,ball,0,0.007,SDT_BOUNDED,512,50,750,16.0,70.547,69.0,72.0,3.0,55.634,6.58,7.582,0
B007_1,ball,1,0.007,IE,128,5,2527,4.749,69.604,71.0,71.0,0.0,30.951,7.698,6.626,1
B007_1,ball,1,0.007,VW,128,5,2527,4.749,69.604,71.0,70.0,1.0,2.987,7.891,6.626,1
B007_1,ball,1,0.007,DROP,128,5,2527,4.749,69.604,71.0,71.0,0.0,92.747,5.505,6.626,0
B007_1,ball,1,0.007,IE_ORACLE,128,5,2527,4.749,69.604,71.0,70.0,1.0,28.189,6.746,6.626,1
B007_1,ball,1,0.007,LTTB,128,5,2527,4.749,69.604,71.0,70.0,1.0,76.818,6.97,6.626,1
B007_1,ball,1,0.007,SDT,128,5,2530,4.743,69.604,71.0,70.0,1.0,17.131,6.364,6.626,1
B007_1,ball,1,0.007,SDT_BOUNDED,128,5,2484,4.831,69.604,71.0,70.0,1.0,23.966,7.205,6.626,1
B007_1,ball,1,0.007,IE,128,10,1327,9.043,69.604,71.0,70.0,1.0,7.053,6.621,6.626,1
B007_1,ball,1,0.007,VW,128,10,1327,9.043,69.604,71.0,69.0,2.0,75.093,4.221,6.626,0
B007_1,ball,1,0.007,DROP,128,10,1327,9.043,69.604,71.0,71.0,0.0,96.067,9.545,6.626,1
B007_1,ball,1,0.007,IE_ORACLE,128,10,1327,9.043,69.604,71.0,70.0,1.0,41.097,7.525,6.626,1
B007_1,ball,1,0.007,LTTB,128,10,1327,9.043,69.604,71.0,72.0,1.0,88.211,4.182,6.626,0
B007_1,ball,1,0.007,SDT,128,10,1328,9.036,69.604,71.0,70.0,1.0,20.338,4.38,6.626,0
B007_1,ball,1,0.007,SDT_BOUNDED,128,10,1287,9.324,69.604,71.0,70.0,1.0,38.252,2.385,6.626,0
B007_1,ball,1,0.007,IE,128,20,727,16.506,69.604,71.0,70.0,1.0,10.985,8.967,6.626,1
B007_1,ball,1,0.007,VW,128,20,727,16.506,69.604,71.0,67.0,4.0,87.364,2.101,6.626,0
B007_1,ball,1,0.007,DROP,128,20,727,16.506,69.604,71.0,68.0,3.0,98.86,3.875,6.626,0
B007_1,ball,1,0.007,IE_ORACLE,128,20,727,16.506,69.604,71.0,70.0,1.0,22.485,9.136,6.626,1
B007_1,ball,1,0.007,LTTB,128,20,727,16.506,69.604,71.0,69.0,2.0,93.369,0.314,6.626,0
B007_1,ball,1,0.007,SDT,128,20,729,16.461,69.604,71.0,70.0,1.0,47.081,4.294,6.626,0
B007_1,ball,1,0.007,SDT_BOUNDED,128,20,706,16.997,69.604,71.0,70.0,1.0,46.382,5.203,6.626,0
B007_1,ball,1,0.007,IE,128,50,367,32.698,69.604,71.0,70.0,1.0,42.005,6.001,6.626,1
B007_1,ball,1,0.007,VW,128,50,367,32.698,69.604,71.0,71.0,0.0,94.696,5.267,6.626,0
B007_1,ball,1,0.007,DROP,128,50,367,32.698,69.604,71.0,73.0,2.0,99.818,4.084,6.626,0
B007_1,ball,1,0.007,IE_ORACLE,128,50,367,32.698,69.604,71.0,70.0,1.0,14.941,6.368,6.626,1
B007_1,ball,1,0.007,LTTB,128,50,367,32.698,69.604,71.0,70.0,1.0,93.639,5.468,6.626,0
B007_1,ball,1,0.007,SDT,128,50,368,32.609,69.604,71.0,72.0,1.0,68.568,4.835,6.626,0
B007_1,ball,1,0.007,SDT_BOUNDED,128,50,362,33.149,69.604,71.0,72.0,1.0,68.856,4.846,6.626,0
B007_1,ball,1,0.007,IE,256,5,2655,4.52,69.604,71.0,71.0,0.0,29.332,7.539,6.626,1
B007_1,ball,1,0.007,VW,256,5,2655,4.52,69.604,71.0,70.0,1.0,4.739,8.921,6.626,1
B007_1,ball,1,0.007,DROP,256,5,2655,4.52,69.604,71.0,70.0,1.0,92.445,6.19,6.626,1
B007_1,ball,1,0.007,IE_ORACLE,256,5,2655,4.52,69.604,71.0,70.0,1.0,35.176,7.184,6.626,1
B007_1,ball,1,0.007,LTTB,256,5,2655,4.52,69.604,71.0,70.0,1.0,81.766,4.33,6.626,0
B007_1,ball,1,0.007,SDT,256,5,2654,4.521,69.604,71.0,70.0,1.0,31.812,7.618,6.626,1
B007_1,ball,1,0.007,SDT_BOUNDED,256,5,2621,4.578,69.604,71.0,70.0,1.0,19.114,6.735,6.626,1
B007_1,ball,1,0.007,IE,256,10,1455,8.247,69.604,71.0,70.0,1.0,11.472,6.939,6.626,1
B007_1,ball,1,0.007,VW,256,10,1455,8.247,69.604,71.0,70.0,1.0,71.034,6.194,6.626,1
B007_1,ball,1,0.007,DROP,256,10,1455,8.247,69.604,71.0,71.0,0.0,95.651,10.364,6.626,1
B007_1,ball,1,0.007,IE_ORACLE,256,10,1455,8.247,69.604,71.0,70.0,1.0,43.504,8.001,6.626,1
B007_1,ball,1,0.007,LTTB,256,10,1455,8.247,69.604,71.0,71.0,0.0,81.752,7.358,6.626,1
B007_1,ball,1,0.007,SDT,256,10,1456,8.242,69.604,71.0,70.0,1.0,7.788,5.343,6.626,0
B007_1,ball,1,0.007,SDT_BOUNDED,256,10,1432,8.38,69.604,71.0,70.0,1.0,19.737,5.074,6.626,0
B007_1,ball,1,0.007,IE,256,20,855,14.035,69.604,71.0,70.0,1.0,21.708,9.809,6.626,1
B007_1,ball,1,0.007,VW,256,20,855,14.035,69.604,71.0,71.0,0.0,85.148,3.627,6.626,0
B007_1,ball,1,0.007,DROP,256,20,855,14.035,69.604,71.0,67.0,4.0,98.607,4.324,6.626,0
B007_1,ball,1,0.007,IE_ORACLE,256,20,855,14.035,69.604,71.0,70.0,1.0,29.761,9.248,6.626,1
B007_1,ball,1,0.007,LTTB,256,20,855,14.035,69.604,71.0,69.0,2.0,90.739,3.258,6.626,0
B007_1,ball,1,0.007,SDT,256,20,855,14.035,69.604,71.0,69.0,2.0,37.35,4.81,6.626,0
B007_1,ball,1,0.007,SDT_BOUNDED,256,20,841,14.269,69.604,71.0,69.0,2.0,42.453,4.465,6.626,0
B007_1,ball,1,0.007,IE,256,50,495,24.242,69.604,71.0,70.0,1.0,35.35,5.624,6.626,0
B007_1,ball,1,0.007,VW,256,50,495,24.242,69.604,71.0,68.0,3.0,94.424,1.505,6.626,0
B007_1,ball,1,0.007,DROP,256,50,495,24.242,69.604,71.0,71.0,0.0,99.769,4.842,6.626,0
B007_1,ball,1,0.007,IE_ORACLE,256,50,495,24.242,69.604,71.0,70.0,1.0,1.98,7.309,6.626,1
B007_1,ball,1,0.007,LTTB,256,50,495,24.242,69.604,71.0,70.0,1.0,90.241,5.064,6.626,0
B007_1,ball,1,0.007,SDT,256,50,495,24.242,69.604,71.0,68.0,3.0,67.923,2.415,6.626,0
B007_1,ball,1,0.007,SDT_BOUNDED,256,50,491,24.44,69.604,71.0,70.0,1.0,73.281,1.853,6.626,0
B007_1,ball,1,0.007,IE,512,5,2911,4.122,69.604,71.0,70.0,1.0,41.701,8.179,6.626,1
B007_1,ball,1,0.007,VW,512,5,2911,4.122,69.604,71.0,70.0,1.0,5.359,8.643,6.626,1
B007_1,ball,1,0.007,DROP,512,5,2911,4.122,69.604,71.0,70.0,1.0,94.811,1.537,6.626,0
B007_1,ball,1,0.007,IE_ORACLE,512,5,2911,4.122,69.604,71.0,70.0,1.0,28.285,7.08,6.626,1
B007_1,ball,1,0.007,LTTB,512,5,2911,4.122,69.604,71.0,69.0,2.0,81.733,3.272,6.626,0
B007_1,ball,1,0.007,SDT,512,5,2911,4.122,69.604,71.0,70.0,1.0,40.029,7.734,6.626,1
B007_1,ball,1,0.007,SDT_BOUNDED,512,5,2894,4.147,69.604,71.0,70.0,1.0,40.489,7.952,6.626,1
B007_1,ball,1,0.007,IE,512,10,1711,7.013,69.604,71.0,70.0,1.0,17.982,7.641,6.626,1
B007_1,ball,1,0.007,VW,512,10,1711,7.013,69.604,71.0,70.0,1.0,50.91,7.034,6.626,1
B007_1,ball,1,0.007,DROP,512,10,1711,7.013,69.604,71.0,67.0,4.0,97.137,5.433,6.626,0
B007_1,ball,1,0.007,IE_ORACLE,512,10,1711,7.013,69.604,71.0,70.0,1.0,38.083,7.918,6.626,1
B007_1,ball,1,0.007,LTTB,512,10,1711,7.013,69.604,71.0,69.0,2.0,79.656,7.071,6.626,0
B007_1,ball,1,0.007,SDT,512,10,1712,7.009,69.604,71.0,70.0,1.0,10.386,6.728,6.626,1
B007_1,ball,1,0.007,SDT_BOUNDED,512,10,1700,7.059,69.604,71.0,70.0,1.0,10.595,6.624,6.626,1
B007_1,ball,1,0.007,IE,512,20,1111,10.801,69.604,71.0,70.0,1.0,22.652,9.695,6.626,1
B007_1,ball,1,0.007,VW,512,20,1111,10.801,69.604,71.0,70.0,1.0,79.603,3.551,6.626,0
B007_1,ball,1,0.007,DROP,512,20,1111,10.801,69.604,71.0,72.0,1.0,98.708,2.343,6.626,0
B007_1,ball,1,0.007,IE_ORACLE,512,20,1111,10.801,69.604,71.0,70.0,1.0,41.991,9.266,6.626,1
B007_1,ball,1,0.007,LTTB,512,20,1111,10.801,69.604,71.0,68.0,3.0,87.477,3.501,6.626,0
B007_1,ball,1,0.007,SDT,512,20,1107,10.84,69.604,71.0,70.0,1.0,34.918,2.671,6.626,0
B007_1,ball,1,0.007,SDT_BOUNDED,512,20,1106,10.85,69.604,71.0,70.0,1.0,35.526,2.586,6.626,0
B007_1,ball,1,0.007,IE,512,50,751,15.979,69.604,71.0,70.0,1.0,21.408,5.94,6.626,0
B007_1,ball,1,0.007,VW,512,50,751,15.979,69.604,71.0,73.0,2.0,86.171,4.443,6.626,0
B007_1,ball,1,0.007,DROP,512,50,751,15.979,69.604,71.0,67.0,4.0,99.529,1.157,6.626,0
B007_1,ball,1,0.007,IE_ORACLE,512,50,751,15.979,69.604,71.0,70.0,1.0,23.377,9.001,6.626,1
B007_1,ball,1,0.007,LTTB,512,50,751,15.979,69.604,71.0,67.0,4.0,89.101,2.677,6.626,0
B007_1,ball,1,0.007,SDT,512,50,749,16.021,69.604,71.0,70.0,1.0,42.706,4.37,6.626,0
B007_1,ball,1,0.007,SDT_BOUNDED,512,50,749,16.021,69.604,71.0,70.0,1.0,42.706,4.37,6.626,0
B007_2,ball,2,0.007,IE,128,5,2527,4.749,68.661,69.0,72.0,3.0,22.304,-2.336,2.861,0
B007_2,ball,2,0.007,VW,128,5,2527,4.749,68.661,69.0,71.0,2.0,10.944,2.957,2.861,0
B007_2,ball,2,0.007,DROP,128,5,2527,4.749,68.661,69.0,70.0,1.0,91.82,0.694,2.861,0
B007_2,ball,2,0.007,IE_ORACLE,128,5,2527,4.749,68.661,69.0,68.0,1.0,43.633,2.923,2.861,0
B007_2,ball,2,0.007,LTTB,128,5,2527,4.749,68.661,69.0,66.0,3.0,74.003,2.376,2.861,0
B007_2,ball,2,0.007,SDT,128,5,2527,4.749,68.661,69.0,67.0,2.0,30.332,1.848,2.861,0
B007_2,ball,2,0.007,SDT_BOUNDED,128,5,2506,4.789,68.661,69.0,67.0,2.0,42.162,2.481,2.861,0
B007_2,ball,2,0.007,IE,128,10,1327,9.043,68.661,69.0,72.0,3.0,45.424,-2.746,2.861,0
B007_2,ball,2,0.007,VW,128,10,1327,9.043,68.661,69.0,66.0,3.0,60.828,4.022,2.861,0
B007_2,ball,2,0.007,DROP,128,10,1327,9.043,68.661,69.0,68.0,1.0,97.012,1.249,2.861,0
B007_2,ball,2,0.007,IE_ORACLE,128,10,1327,9.043,68.661,69.0,72.0,3.0,35.661,3.774,2.861,0
B007_2,ball,2,0.007,LTTB,128,10,1327,9.043,68.661,69.0,68.0,1.0,86.189,-1.185,2.861,0
B007_2,ball,2,0.007,SDT,128,10,1328,9.036,68.661,69.0,72.0,3.0,6.162,3.29,2.861,0
B007_2,ball,2,0.007,SDT_BOUNDED,128,10,1303,9.21,68.661,69.0,72.0,3.0,12.781,2.783,2.861,0
B007_2,ball,2,0.007,IE,128,20,727,16.506,68.661,69.0,68.0,1.0,13.908,3.387,2.861,0
B007_2,ball,2,0.007,VW,128,20,727,16.506,68.661,69.0,69.0,0.0,78.344,4.693,2.861,0
B007_2,ball,2,0.007,DROP,128,20,727,16.506,68.661,69.0,72.0,3.0,97.574,3.464,2.861,0
B007_2,ball,2,0.007,IE_ORACLE,128,20,727,16.506,68.661,69.0,72.0,3.0,35.434,4.829,2.861,0
B007_2,ball,2,0.007,LTTB,128,20,727,16.506,68.661,69.0,71.0,2.0,88.991,0.366,2.861,0
B007_2,ball,2,0.007,SDT,128,20,729,16.461,68.661,69.0,71.0,2.0,31.739,3.104,2.861,0
B007_2,ball,2,0.007,SDT_BOUNDED,128,20,728,16.484,68.661,69.0,71.0,2.0,31.322,3.123,2.861,0
B007_2,ball,2,0.007,IE,128,50,367,32.698,68.661,69.0,68.0,1.0,63.883,-1.953,2.861,0
B007_2,ball,2,0.007,VW,128,50,367,32.698,68.661,69.0,71.0,2.0,89.853,5.391,2.861,0
B007_2,ball,2,0.007,DROP,128,50,367,32.698,68.661,69.0,66.0,3.0,99.7,2.831,2.861,0
B007_2,ball,2,0.007,IE_ORACLE,128,50,367,32.698,68.661,69.0,71.0,2.0,13.571,5.944,2.861,0
B007_2,ball,2,0.007,LTTB,128,50,367,32.698,68.661,69.0,67.0,2.0,96.638,1.3,2.861,0
B007_2,ball,2,0.007,SDT,128,50,371,32.345,68.661,69.0,69.0,0.0,71.392,3.524,2.861,0
B007_2,ball,2,0.007,SDT_BOUNDED,128,50,366,32.787,68.661,69.0,69.0,0.0,75.317,2.025,2.861,0
B007_2,ball,2,0.007,IE,256,5,2655,4.52,68.661,69.0,70.0,1.0,17.412,-1.6,2.861,0
B007_2,ball,2,0.007,VW,256,5,2655,4.52,68.661,69.0,71.0,2.0,22.096,2.266,2.861,0
B007_2,ball,2,0.007,DROP,256,5,2655,4.52,68.661,69.0,67.0,2.0,85.334,7.09,2.861,0
B007_2,ball,2,0.007,IE_ORACLE,256,5,2655,4.52,68.661,69.0,68.0,1.0,15.063,0.776,2.861,0
B007_2,ball,2,0.007,LTTB,256,5,2655,4.52,68.661,69.0,69.0,0.0,74.727,2.649,2.861,0
B007_2,ball,2,0.007,SDT,256,5,2655,4.52,68.661,69.0,67.0,2.0,18.891,0.666,2.861,0
B007_2,ball,2,0.007,SDT_BOUNDED,256,5,2654,4.521,68.661,69.0,67.0,2.0,18.825,0.654,2.861,0
B007_2,ball,2,0.007,IE,256,10,1455,8.247,68.661,69.0,72.0,3.0,2.007,2.853,2.861,0
B007_2,ball,2,0.007,VW,256,10,1455,8.247,68.661,69.0,66.0,3.0,51.803,4.65,2.861,0
B007_2,ball,2,0.007,DROP,256,10,1455,8.247,68.661,69.0,66.0,3.0,97.11,1.78,2.861,0
B007_2,ball,2,0.007,IE_ORACLE,256,10,1455,8.247,68.661,69.0,72.0,3.0,34.168,3.525,2.861,0
B007_2,ball,2,0.007,LTTB,256,10,1455,8.247,68.661,69.0,69.0,0.0,80.724,2.907,2.861,0
B007_2,ball,2,0.007,SDT,256,10,1456,8.242,68.661,69.0,72.0,3.0,19.557,3.796,2.861,0
B007_2,ball,2,0.007,SDT_BOUNDED,256,10,1455,8.247,68.661,69.0,72.0,3.0,19.895,3.875,2.861,0
B007_2,ball,2,0.007,IE,256,20,855,14.035,68.661,69.0,68.0,1.0,11.717,4.293,2.861,0
B007_2,ball,2,0.007,VW,256,20,855,14.035,68.661,69.0,70.0,1.0,79.605,2.538,2.861,0
B007_2,ball,2,0.007,DROP,256,20,855,14.035,68.661,69.0,71.0,2.0,95.012,9.321,2.861,0
B007_2,ball,2,0.007,IE_ORACLE,256,20,855,14.035,68.661,69.0,72.0,3.0,32.011,4.138,2.861,0
B007_2,ball,2,0.007,LTTB,256,20,855,14.035,68.661,69.0,70.0,1.0,78.573,4.061,2.861,0
B007_2,ball,2,0.007,SDT,256,20,852,14.085,68.661,69.0,71.0,2.0,8.212,4.679,2.861,0
B007_2,ball,2,0.007,SDT_BOUNDED,256,20,852,14.085,68.661,69.0,71.0,2.0,8.212,4.679,2.861,0
B007_2,ball,2,0.007,IE,256,50,495,24.242,68.661,69.0,68.0,1.0,12.541,5.026,2.861,0
B007_2,ball,2,0.007,VW,256,50,495,24.242,68.661,69.0,72.0,3.0,83.774,7.332,2.861,0
B007_2,ball,2,0.007,DROP,256,50,495,24.242,68.661,69.0,67.0,2.0,99.358,8.396,2.861,0
B007_2,ball,2,0.007,IE_ORACLE,256,50,495,24.242,68.661,69.0,72.0,3.0,19.197,6.005,2.861,0
B007_2,ball,2,0.007,LTTB,256,50,495,24.242,68.661,69.0,67.0,2.0,87.275,2.732,2.861,0
B007_2,ball,2,0.007,SDT,256,50,495,24.242,68.661,69.0,72.0,3.0,50.569,3.287,2.861,0
B007_2,ball,2,0.007,SDT_BOUNDED,256,50,495,24.242,68.661,69.0,72.0,3.0,50.569,3.287,2.861,0
B007_2,ball,2,0.007,IE,512,5,2911,4.122,68.661,69.0,70.0,1.0,13.646,-1.828,2.861,0
B007_2,ball,2,0.007,VW,512,5,2911,4.122,68.661,69.0,68.0,1.0,7.978,4.486,2.861,0
B007_2,ball,2,0.007,DROP,512,5,2911,4.122,68.661,69.0,70.0,1.0,90.577,2.186,2.861,0
B007_2,ball,2,0.007,IE_ORACLE,512,5,2911,4.122,68.661,69.0,68.0,1.0,17.35,0.558,2.861,0
B007_2,ball,2,0.007,LTTB,512,5,2911,4.122,68.661,69.0,72.0,3.0,66.398,5.004,2.861,0
B007_2,ball,2,0.007,SDT,512,5,2912,4.121,68.661,69.0,67.0,2.0,21.099,0.831,2.861,0
B007_2,ball,2,0.007,SDT_BOUNDED,512,5,2911,4.122,68.661,69.0,67.0,2.0,21.089,0.824,2.861,0
B007_2,ball,2,0.007,IE,512,10,1711,7.013,68.661,69.0,72.0,3.0,6.508,2.056,2.861,0
B007_2,ball,2,0.007,VW,512,10,1711,7.013,68.661,69.0,69.0,0.0,50.104,3.889,2.861,0
B007_2,ball,2,0.007,DROP,512,10,1711,7.013,68.661,69.0,71.0,2.0,97.135,2.271,2.861,0
B007_2,ball,2,0.007,IE_ORACLE,512,10,1711,7.013,68.661,69.0,72.0,3.0,2.802,0.751,2.861,0
B007_2,ball,2,0.007,LTTB,512,10,1711,7.013,68.661,69.0,71.0,2.0,65.236,5.888,2.861,0
B007_2,ball,2,0.007,SDT,512,10,1709,7.022,68.661,69.0,72.0,3.0,26.875,4.143,2.861,0
B007_2,ball,2,0.007,SDT_BOUNDED,512,10,1709,7.022,68.661,69.0,72.0,3.0,26.875,4.143,2.861,0
B007_2,ball,2,0.007,IE,512,20,1111,10.801,68.661,69.0,72.0,3.0,20.032,1.455,2.861,0
B007_2,ball,2,0.007,VW,512,20,1111,10.801,68.661,69.0,67.0,2.0,68.662,3.101,2.861,0
B007_2,ball,2,0.007,DROP,512,20,1111,10.801,68.661,69.0,71.0,2.0,95.808,7.96,2.861,0
B007_2,ball,2,0.007,IE_ORACLE,512,20,1111,10.801,68.661,69.0,72.0,3.0,22.323,3.348,2.861,0
B007_2,ball,2,0.007,LTTB,512,20,1111,10.801,68.661,69.0,66.0,3.0,68.553,7.823,2.861,0
B007_2,ball,2,0.007,SDT,512,20,1111,10.801,68.661,69.0,71.0,2.0,24.704,2.365,2.861,0
B007_2,ball,2,0.007,SDT_BOUNDED,512,20,1111,10.801,68.661,69.0,71.0,2.0,24.704,2.365,2.861,0
B007_2,ball,2,0.007,IE,512,50,751,15.979,68.661,69.0,72.0,3.0,0.176,4.005,2.861,0
B007_2,ball,2,0.007,VW,512,50,751,15.979,68.661,69.0,68.0,1.0,76.973,4.013,2.861,0
B007_2,ball,2,0.007,DROP,512,50,751,15.979,68.661,69.0,72.0,3.0,99.528,2.046,2.861,0
B007_2,ball,2,0.007,IE_ORACLE,512,50,751,15.979,68.661,69.0,72.0,3.0,27.716,4.034,2.861,0
B007_2,ball,2,0.007,LTTB,512,50,751,15.979,68.661,69.0,72.0,3.0,81.764,3.823,2.861,0
B007_2,ball,2,0.007,SDT,512,50,752,15.957,68.661,69.0,71.0,2.0,26.925,2.664,2.861,0
B007_2,ball,2,0.007,SDT_BOUNDED,512,50,752,15.957,68.661,69.0,71.0,2.0,26.925,2.664,2.861,0
B007_3,ball,3,0.007,IE,128,5,2527,4.749,67.64,69.0,69.0,0.0,1.335,9.934,9.981,1
B007_3,ball,3,0.007,VW,128,5,2527,4.749,67.64,69.0,69.0,0.0,44.429,9.18,9.981,1
B007_3,ball,3,0.007,DROP,128,5,2527,4.749,67.64,69.0,69.0,0.0,93.315,8.154,9.981,1
B007_3,ball,3,0.007,IE_ORACLE,128,5,2527,4.749,67.64,69.0,69.0,0.0,18.609,10.698,9.981,1
B007_3,ball,3,0.007,LTTB,128,5,2527,4.749,67.64,69.0,69.0,0.0,79.795,7.741,9.981,1
B007_3,ball,3,0.007,SDT,128,5,2526,4.751,67.64,69.0,69.0,0.0,17.647,9.786,9.981,1
B007_3,ball,3,0.007,SDT_BOUNDED,128,5,2480,4.839,67.64,69.0,69.0,0.0,18.769,9.899,9.981,1
B007_3,ball,3,0.007,IE,128,10,1327,9.043,67.64,69.0,69.0,0.0,19.314,8.036,9.981,1
B007_3,ball,3,0.007,VW,128,10,1327,9.043,67.64,69.0,69.0,0.0,84.046,3.583,9.981,0
B007_3,ball,3,0.007,DROP,128,10,1327,9.043,67.64,69.0,69.0,0.0,98.404,5.644,9.981,0
B007_3,ball,3,0.007,IE_ORACLE,128,10,1327,9.043,67.64,69.0,69.0,0.0,13.73,10.89,9.981,1
B007_3,ball,3,0.007,LTTB,128,10,1327,9.043,67.64,69.0,66.0,3.0,87.123,5.415,9.981,0
B007_3,ball,3,0.007,SDT,128,10,1328,9.036,67.64,69.0,69.0,0.0,40.337,7.018,9.981,1
B007_3,ball,3,0.007,SDT_BOUNDED,128,10,1310,9.16,67.64,69.0,69.0,0.0,43.098,6.429,9.981,1
B007_3,ball,3,0.007,IE,128,20,727,16.506,67.64,69.0,69.0,0.0,28.715,10.711,9.981,1
B007_3,ball,3,0.007,VW,128,20,727,16.506,67.64,69.0,70.0,1.0,88.87,4.774,9.981,0
B007_3,ball,3,0.007,DROP,128,20,727,16.506,67.64,69.0,66.0,3.0,98.808,5.561,9.981,0
B007_3,ball,3,0.007,IE_ORACLE,128,20,727,16.506,67.64,69.0,69.0,0.0,18.039,10.099,9.981,1
B007_3,ball,3,0.007,LTTB,128,20,727,16.506,67.64,69.0,69.0,0.0,93.661,2.241,9.981,0
B007_3,ball,3,0.007,SDT,128,20,726,16.529,67.64,69.0,69.0,0.0,62.533,6.449,9.981,1
B007_3,ball,3,0.007,SDT_BOUNDED,128,20,713,16.83,67.64,69.0,69.0,0.0,62.269,6.522,9.981,1
B007_3,ball,3,0.007,IE,128,50,367,32.698,67.64,69.0,69.0,0.0,61.809,8.655,9.981,1
B007_3,ball,3,0.007,VW,128,50,367,32.698,67.64,69.0,67.0,2.0,94.861,5.52,9.981,0
B007_3,ball,3,0.007,DROP,128,50,367,32.698,67.64,69.0,69.0,0.0,99.847,6.228,9.981,1
B007_3,ball,3,0.007,IE_ORACLE,128,50,367,32.698,67.64,69.0,69.0,0.0,64.824,5.394,9.981,0
B007_3,ball,3,0.007,LTTB,128,50,367,32.698,67.64,69.0,68.0,1.0,96.984,2.784,9.981,0
B007_3,ball,3,0.007,SDT,128,50,369,32.52,67.64,69.0,69.0,0.0,83.642,4.976,9.981,0
B007_3,ball,3,0.007,SDT_BOUNDED,128,50,362,33.149,67.64,69.0,69.0,0.0,83.622,5.141,9.981,0
B007_3,ball,3,0.007,IE,256,5,2655,4.52,67.64,69.0,69.0,0.0,4.914,9.752,9.981,1
B007_3,ball,3,0.007,VW,256,5,2655,4.52,67.64,69.0,69.0,0.0,58.431,4.862,9.981,0
B007_3,ball,3,0.007,DROP,256,5,2655,4.52,67.64,69.0,69.0,0.0,93.97,6.158,9.981,1
B007_3,ball,3,0.007,IE_ORACLE,256,5,2655,4.52,67.64,69.0,69.0,0.0,20.427,11.171,9.981,1
B007_3,ball,3,0.007,LTTB,256,5,2655,4.52,67.64,69.0,69.0,0.0,76.472,10.392,9.981,1
B007_3,ball,3,0.007,SDT,256,5,2656,4.518,67.64,69.0,69.0,0.0,29.595,10.005,9.981,1
B007_3,ball,3,0.007,SDT_BOUNDED,256,5,2625,4.571,67.64,69.0,69.0,0.0,38.405,10.847,9.981,1
B007_3,ball,3,0.007,IE,256,10,1455,8.247,67.64,69.0,69.0,0.0,12.273,9.433,9.981,1
B007_3,ball,3,0.007,VW,256,10,1455,8.247,67.64,69.0,69.0,0.0,77.762,5.888,9.981,0
B007_3,ball,3,0.007,DROP,256,10,1455,8.247,67.64,69.0,69.0,0.0,98.304,6.733,9.981,1
B007_3,ball,3,0.007,IE_ORACLE,256,10,1455,8.247,67.64,69.0,69.0,0.0,25.063,11.642,9.981,1
B007_3,ball,3,0.007,LTTB,256,10,1455,8.247,67.64,69.0,69.0,0.0,91.991,1.173,9.981,0
B007_3,ball,3,0.007,SDT,256,10,1455,8.247,67.64,69.0,69.0,0.0,35.386,7.404,9.981,1
B007_3,ball,3,0.007,SDT_BOUNDED,256,10,1445,8.304,67.64,69.0,69.0,0.0,35.378,7.383,9.981,1
B007_3,ball,3,0.007,IE,256,20,855,14.035,67.64,69.0,69.0,0.0,19.634,11.845,9.981,1
B007_3,ball,3,0.007,VW,256,20,855,14.035,67.64,69.0,69.0,0.0,92.039,1.088,9.981,0
B007_3,ball,3,0.007,DROP,256,20,855,14.035,67.64,69.0,65.0,4.0,98.699,5.755,9.981,0
B007_3,ball,3,0.007,IE_ORACLE,256,20,855,14.035,67.64,69.0,69.0,0.0,16.931,10.189,9.981,1
B007_3,ball,3,0.007,LTTB,256,20,855,14.035,67.64,69.0,69.0,0.0,94.837,2.312,9.981,0
B007_3,ball,3,0.007,SDT,256,20,856,14.019,67.64,69.0,69.0,0.0,56.662,8.075,9.981,1
B007_3,ball,3,0.007,SDT_BOUNDED,256,20,847,14.168,67.64,69.0,69.0,0.0,56.505,8.177,9.981,1
B007_3,ball,3,0.007,IE,256,50,495,24.242,67.64,69.0,69.0,0.0,48.973,10.065,9.981,1
B007_3,ball,3,0.007,VW,256,50,495,24.242,67.64,69.0,69.0,0.0,92.211,7.58,9.981,1
B007_3,ball,3,0.007,DROP,256,50,495,24.242,67.64,69.0,66.0,3.0,99.861,3.955,9.981,0
B007_3,ball,3,0.007,IE_ORACLE,256,50,495,24.242,67.64,69.0,69.0,0.0,47.811,6.749,9.981,1
B007_3,ball,3,0.007,LTTB,256,50,495,24.242,67.64,69.0,69.0,0.0,95.817,4.095,9.981,0
B007_3,ball,3,0.007,SDT,256,50,495,24.242,67.64,69.0,69.0,0.0,76.286,6.192,9.981,1
B007_3,ball,3,0.007,SDT_BOUNDED,256,50,493,24.341,67.64,69.0,69.0,0.0,76.46,6.072,9.981,1
B007_3,ball,3,0.007,IE,512,5,2911,4.122,67.64,69.0,69.0,0.0,4.033,9.81,9.981,1
B007_3,ball,3,0.007,VW,512,5,2911,4.122,67.64,69.0,69.0,0.0,53.687,5.114,9.981,0
B007_3,ball,3,0.007,DROP,512,5,2911,4.122,67.64,69.0,69.0,0.0,93.666,7.188,9.981,1
B007_3,ball,3,0.007,IE_ORACLE,512,5,2911,4.122,67.64,69.0,69.0,0.0,17.327,9.888,9.981,1
B007_3,ball,3,0.007,LTTB,512,5,2911,4.122,67.64,69.0,69.0,0.0,73.368,10.785,9.981,1
B007_3,ball,3,0.007,SDT,512,5,2912,4.121,67.64,69.0,69.0,0.0,31.421,10.317,9.981,1
B007_3,ball,3,0.007,SDT_BOUNDED,512,5,2899,4.139,67.64,69.0,69.0,0.0,32.868,10.281,9.981,1
B007_3,ball,3,0.007,IE,512,10,1711,7.013,67.64,69.0,69.0,0.0,8.121,9.764,9.981,1
B007_3,ball,3,0.007,VW,512,10,1711,7.013,67.64,69.0,71.0,2.0,68.925,8.085,9.981,0
B007_3,ball,3,0.007,DROP,512,10,1711,7.013,67.64,69.0,68.0,1.0,98.514,2.938,9.981,0
B007_3,ball,3,0.007,IE_ORACLE,512,10,1711,7.013,67.64,69.0,69.0,0.0,16.579,10.287,9.981,1
B007_3,ball,3,0.007,LTTB,512,10,1711,7.013,67.64,69.0,69.0,0.0,87.723,4.788,9.981,0
B007_3,ball,3,0.007,SDT,512,10,1711,7.013,67.64,69.0,69.0,0.0,18.486,9.419,9.981,1
B007_3,ball,3,0.007,SDT_BOUNDED,512,10,1703,7.046,67.64,69.0,69.0,0.0,18.524,9.618,9.981,1
B007_3,ball,3,0.007,IE,512,20,1111,10.801,67.64,69.0,69.0,0.0,15.543,10.939,9.981,1
B007_3,ball,3,0.007,VW,512,20,1111,10.801,67.64,69.0,69.0,0.0,89.071,2.199,9.981,0
B007_3,ball,3,0.007,DROP,512,20,1111,10.801,67.64,69.0,65.0,4.0,99.06,2.761,9.981,0
B007_3,ball,3,0.007,IE_ORACLE,512,20,1111,10.801,67.64,69.0,69.0,0.0,1.589,10.536,9.981,1
B007_3,ball,3,0.007,LTTB,512,20,1111,10.801,67.64,69.0,69.0,0.0,89.93,7.179,9.981,1
B007_3,ball,3,0.007,SDT,512,20,1110,10.811,67.64,69.0,69.0,0.0,55.813,7.552,9.981,1
B007_3,ball,3,0.007,SDT_BOUNDED,512,20,1108,10.83,67.64,69.0,69.0,0.0,55.308,7.62,9.981,1
B007_3,ball,3,0.007,IE,512,50,751,15.979,67.64,69.0,69.0,0.0,28.793,10.464,9.981,1
B007_3,ball,3,0.007,VW,512,50,751,15.979,67.64,69.0,69.0,0.0,89.283,7.748,9.981,1
B007_3,ball,3,0.007,DROP,512,50,751,15.979,67.64,69.0,71.0,2.0,99.701,5.8,9.981,0
B007_3,ball,3,0.007,IE_ORACLE,512,50,751,15.979,67.64,69.0,69.0,0.0,22.799,9.998,9.981,1
B007_3,ball,3,0.007,LTTB,512,50,751,15.979,67.64,69.0,69.0,0.0,94.579,4.49,9.981,0
B007_3,ball,3,0.007,SDT,512,50,753,15.936,67.64,69.0,69.0,0.0,63.574,6.418,9.981,1
B007_3,ball,3,0.007,SDT_BOUNDED,512,50,751,15.979,67.64,69.0,69.0,0.0,63.783,6.359,9.981,1
OR007@6_0,outer_race,0,0.007,IE,128,5,2527,4.749,107.305,108.0,108.0,0.0,10.161,38.648,38.232,1
OR007@6_0,outer_race,0,0.007,VW,128,5,2527,4.749,107.305,108.0,108.0,0.0,9.549,32.729,38.232,1
OR007@6_0,outer_race,0,0.007,DROP,128,5,2527,4.749,107.305,108.0,108.0,0.0,92.983,32.739,38.232,1
OR007@6_0,outer_race,0,0.007,IE_ORACLE,128,5,2527,4.749,107.305,108.0,108.0,0.0,10.47,37.76,38.232,1
OR007@6_0,outer_race,0,0.007,LTTB,128,5,2527,4.749,107.305,108.0,108.0,0.0,78.016,31.809,38.232,1
OR007@6_0,outer_race,0,0.007,SDT,128,5,2528,4.747,107.305,108.0,108.0,0.0,11.057,36.951,38.232,1
OR007@6_0,outer_race,0,0.007,SDT_BOUNDED,128,5,2498,4.804,107.305,108.0,108.0,0.0,10.024,36.799,38.232,1
OR007@6_0,outer_race,0,0.007,IE,128,10,1327,9.043,107.305,108.0,108.0,0.0,16.521,35.267,38.232,1
OR007@6_0,outer_race,0,0.007,VW,128,10,1327,9.043,107.305,108.0,108.0,0.0,53.019,27.002,38.232,1
OR007@6_0,outer_race,0,0.007,DROP,128,10,1327,9.043,107.305,108.0,108.0,0.0,98.638,25.866,38.232,1
OR007@6_0,outer_race,0,0.007,IE_ORACLE,128,10,1327,9.043,107.305,108.0,108.0,0.0,10.202,34.616,38.232,1
OR007@6_0,outer_race,0,0.007,LTTB,128,10,1327,9.043,107.305,108.0,108.0,0.0,85.52,25.015,38.232,1
OR007@6_0,outer_race,0,0.007,SDT,128,10,1329,9.029,107.305,108.0,108.0,0.0,24.147,30.745,38.232,1
OR007@6_0,outer_race,0,0.007,SDT_BOUNDED,128,10,1309,9.167,107.305,108.0,108.0,0.0,24.781,30.501,38.232,1
OR007@6_0,outer_race,0,0.007,IE,128,20,727,16.506,107.305,108.0,108.0,0.0,45.311,30.106,38.232,1
OR007@6_0,outer_race,0,0.007,VW,128,20,727,16.506,107.305,108.0,108.0,0.0,90.742,20.962,38.232,1
OR007@6_0,outer_race,0,0.007,DROP,128,20,727,16.506,107.305,108.0,108.0,0.0,99.406,22.034,38.232,1
OR007@6_0,outer_race,0,0.007,IE_ORACLE,128,20,727,16.506,107.305,108.0,108.0,0.0,37.156,29.443,38.232,1
OR007@6_0,outer_race,0,0.007,LTTB,128,20,727,16.506,107.305,108.0,108.0,0.0,92.615,23.034,38.232,1
OR007@6_0,outer_race,0,0.007,SDT,128,20,727,16.506,107.305,108.0,108.0,0.0,56.177,26.297,38.232,1
OR007@6_0,outer_race,0,0.007,SDT_BOUNDED,128,20,713,16.83,107.305,108.0,108.0,0.0,57.097,25.648,38.232,1
OR007@6_0,outer_race,0,0.007,IE,128,50,367,32.698,107.305,108.0,108.0,0.0,68.319,23.369,38.232,1
OR007@6_0,outer_race,0,0.007,VW,128,50,367,32.698,107.305,108.0,108.0,0.0,97.123,14.669,38.232,1
OR007@6_0,outer_race,0,0.007,DROP,128,50,367,32.698,107.305,108.0,108.0,0.0,99.973,11.541,38.232,1
OR007@6_0,outer_race,0,0.007,IE_ORACLE,128,50,367,32.698,107.305,108.0,108.0,0.0,60.746,25.64,38.232,1
OR007@6_0,outer_race,0,0.007,LTTB,128,50,367,32.698,107.305,108.0,108.0,0.0,95.108,20.983,38.232,1
OR007@6_0,outer_race,0,0.007,SDT,128,50,369,32.52,107.305,108.0,108.0,0.0,79.209,20.362,38.232,1
OR007@6_0,outer_race,0,0.007,SDT_BOUNDED,128,50,365,32.877,107.305,108.0,108.0,0.0,79.91,19.446,38.232,1
OR007@6_0,outer_race,0,0.007,IE,256,5,2655,4.52,107.305,108.0,108.0,0.0,9.84,37.735,38.232,1
OR007@6_0,outer_race,0,0.007,VW,256,5,2655,4.52,107.305,108.0,108.0,0.0,8.247,33.588,38.232,1
OR007@6_0,outer_race,0,0.007,DROP,256,5,2655,4.52,107.305,108.0,108.0,0.0,92.66,34.366,38.232,1
OR007@6_0,outer_race,0,0.007,IE_ORACLE,256,5,2655,4.52,107.305,108.0,108.0,0.0,10.861,37.665,38.232,1
OR007@6_0,outer_race,0,0.007,LTTB,256,5,2655,4.52,107.305,108.0,108.0,0.0,76.115,32.195,38.232,1
OR007@6_0,outer_race,0,0.007,SDT,256,5,2655,4.52,107.305,108.0,108.0,0.0,12.061,36.702,38.232,1
OR007@6_0,outer_race,0,0.007,SDT_BOUNDED,256,5,2628,4.566,107.305,108.0,108.0,0.0,11.587,36.716,38.232,1
OR007@6_0,outer_race,0,0.007,IE,256,10,1455,8.247,107.305,108.0,108.0,0.0,14.731,34.041,38.232,1
OR007@6_0,outer_race,0,0.007,VW,256,10,1455,8.247,107.305,108.0,108.0,0.0,51.479,27.326,38.232,1
OR007@6_0,outer_race,0,0.007,DROP,256,10,1455,8.247,107.305,108.0,108.0,0.0,98.608,24.929,38.232,1
OR007@6_0,outer_race,0,0.007,IE_ORACLE,256,10,1455,8.247,107.305,108.0,108.0,0.0,6.301,35.122,38.232,1
OR007@6_0,outer_race,0,0.007,LTTB,256,10,1455,8.247,107.305,108.0,108.0,0.0,82.562,25.707,38.232,1
OR007@6_0,outer_race,0,0.007,SDT,256,10,1453,8.259,107.305,108.0,108.0,0.0,17.123,33.28,38.232,1
OR007@6_0,outer_race,0,0.007,SDT_BOUNDED,256,10,1443,8.316,107.305,108.0,108.0,0.0,17.272,33.553,38.232,1
OR007@6_0,outer_race,0,0.007,IE,256,20,855,14.035,107.305,108.0,108.0,0.0,39.646,31.07,38.232,1
OR007@6_0,outer_race,0,0.007,VW,256,20,855,14.035,107.305,108.0,108.0,0.0,87.581,20.089,38.232,1
OR007@6_0,outer_race,0,0.007,DROP,256,20,855,14.035,107.305,108.0,108.0,0.0,99.399,21.151,38.232,1
OR007@6_0,outer_race,0,0.007,IE_ORACLE,256,20,855,14.035,107.305,108.0,108.0,0.0,30.805,31.72,38.232,1
OR007@6_0,outer_race,0,0.007,LTTB,256,20,855,14.035,107.305,108.0,108.0,0.0,90.278,23.646,38.232,1
OR007@6_0,outer_race,0,0.007,SDT,256,20,855,14.035,107.305,108.0,108.0,0.0,51.273,28.057,38.232,1
OR007@6_0,outer_race,0,0.007,SDT_BOUNDED,256,20,847,14.168,107.305,108.0,108.0,0.0,52.65,26.926,38.232,1
OR007@6_0,outer_race,0,0.007,IE,256,50,495,24.242,107.305,108.0,108.0,0.0,59.758,24.635,38.232,1
OR007@6_0,outer_race,0,0.007,VW,256,50,495,24.242,107.305,108.0,108.0,0.0,95.362,17.283,38.232,1
OR007@6_0,outer_race,0,0.007,DROP,256,50,495,24.242,107.305,108.0,108.0,0.0,99.963,12.639,38.232,1
OR007@6_0,outer_race,0,0.007,IE_ORACLE,256,50,495,24.242,107.305,108.0,108.0,0.0,51.051,29.397,38.232,1
OR007@6_0,outer_race,0,0.007,LTTB,256,50,495,24.242,107.305,108.0,108.0,0.0,93.851,23.241,38.232,1
OR007@6_0,outer_race,0,0.007,SDT,256,50,490,24.49,107.305,108.0,108.0,0.0,69.065,22.459,38.232,1
OR007@6_0,outer_race,0,0.007,SDT_BOUNDED,256,50,490,24.49,107.305,108.0,108.0,0.0,69.065,22.459,38.232,1
OR007@6_0,outer_race,0,0.007,IE,512,5,2911,4.122,107.305,108.0,108.0,0.0,10.795,37.402,38.232,1
OR007@6_0,outer_race,0,0.007,VW,512,5,2911,4.122,107.305,108.0,108.0,0.0,6.297,33.753,38.232,1
OR007@6_0,outer_race,0,0.007,DROP,512,5,2911,4.122,107.305,108.0,108.0,0.0,92.834,32.425,38.232,1
OR007@6_0,outer_race,0,0.007,IE_ORACLE,512,5,2911,4.122,107.305,108.0,108.0,0.0,10.836,37.351,38.232,1
OR007@6_0,outer_race,0,0.007,LTTB,512,5,2911,4.122,107.305,108.0,108.0,0.0,71.875,34.535,38.232,1
OR007@6_0,outer_race,0,0.007,SDT,512,5,2911,4.122,107.305,108.0,108.0,0.0,13.139,38.821,38.232,1
OR007@6_0,outer_race,0,0.007,SDT_BOUNDED,512,5,2893,4.148,107.305,108.0,108.0,0.0,12.493,37.051,38.232,1
OR007@6_0,outer_race,0,0.007,IE,512,10,1711,7.013,107.305,108.0,108.0,0.0,7.004,34.91,38.232,1
OR007@6_0,outer_race,0,0.007,VW,512,10,1711,7.013,107.305,108.0,108.0,0.0,42.321,28.582,38.232,1
OR007@6_0,outer_race,0,0.007,DROP,512,10,1711,7.013,107.305,108.0,108.0,0.0,98.644,25.247,38.232,1
OR007@6_0,outer_race,0,0.007,IE_ORACLE,512,10,1711,7.013,107.305,108.0,108.0,0.0,0.629,36.728,38.232,1
OR007@6_0,outer_race,0,0.007,LTTB,512,10,1711,7.013,107.305,108.0,108.0,0.0,81.946,28.305,38.232,1
OR007@6_0,outer_race,0,0.007,SDT,512,10,1711,7.013,107.305,108.0,108.0,0.0,5.637,35.897,38.232,1
OR007@6_0,outer_race,0,0.007,SDT_BOUNDED,512,10,1702,7.051,107.305,108.0,108.0,0.0,6.405,34.853,38.232,1
OR007@6_0,outer_race,0,0.007,IE,512,20,1111,10.801,107.305,108.0,108.0,0.0,25.505,31.654,38.232,1
OR007@6_0,outer_race,0,0.007,VW,512,20,1111,10.801,107.305,108.0,108.0,0.0,72.106,23.791,38.232,1
OR007@6_0,outer_race,0,0.007,DROP,512,20,1111,10.801,107.305,108.0,108.0,0.0,99.325,21.809,38.232,1
OR007@6_0,outer_race,0,0.007,IE_ORACLE,512,20,1111,10.801,107.305,108.0,108.0,0.0,19.182,33.144,38.232,1
OR007@6_0,outer_race,0,0.007,LTTB,512,20,1111,10.801,107.305,108.0,108.0,0.0,87.083,25.651,38.232,1
OR007@6_0,outer_race,0,0.007,SDT,512,20,1111,10.801,107.305,108.0,108.0,0.0,36.914,29.925,38.232,1
OR007@6_0,outer_race,0,0.007,SDT_BOUNDED,512,20,1108,10.83,107.305,108.0,108.0,0.0,37.02,29.97,38.232,1
OR007@6_0,outer_race,0,0.007,IE,512,50,751,15.979,107.305,108.0,108.0,0.0,40.172,29.597,38.232,1
OR007@6_0,outer_race,0,0.007,VW,512,50,751,15.979,107.305,108.0,108.0,0.0,85.845,20.626,38.232,1
OR007@6_0,outer_race,0,0.007,DROP,512,50,751,15.979,107.305,108.0,108.0,0.0,99.941,6.759,38.232,1
OR007@6_0,outer_race,0,0.007,IE_ORACLE,512,50,751,15.979,107.305,108.0,108.0,0.0,36.03,29.546,38.232,1
OR007@6_0,outer_race,0,0.007,LTTB,512,50,751,15.979,107.305,108.0,108.0,0.0,92.178,22.544,38.232,1
OR007@6_0,outer_race,0,0.007,SDT,512,50,755,15.894,107.305,108.0,108.0,0.0,54.405,28.204,38.232,1
OR007@6_0,outer_race,0,0.007,SDT_BOUNDED,512,50,752,15.957,107.305,108.0,108.0,0.0,54.683,28.407,38.232,1
OR007@6_1,outer_race,1,0.007,IE,128,5,2527,4.749,105.931,106.0,106.0,0.0,17.057,38.135,36.416,1
OR007@6_1,outer_race,1,0.007,VW,128,5,2527,4.749,105.931,106.0,106.0,0.0,7.701,32.773,36.416,1
OR007@6_1,outer_race,1,0.007,DROP,128,5,2527,4.749,105.931,106.0,106.0,0.0,92.841,30.187,36.416,1
OR007@6_1,outer_race,1,0.007,IE_ORACLE,128,5,2527,4.749,105.931,106.0,106.0,0.0,15.964,37.189,36.416,1
OR007@6_1,outer_race,1,0.007,LTTB,128,5,2527,4.749,105.931,106.0,106.0,0.0,77.389,31.104,36.416,1
OR007@6_1,outer_race,1,0.007,SDT,128,5,2526,4.751,105.931,106.0,106.0,0.0,17.649,36.836,36.416,1
OR007@6_1,outer_race,1,0.007,SDT_BOUNDED,128,5,2505,4.79,105.931,106.0,106.0,0.0,17.412,36.62,36.416,1
OR007@6_1,outer_race,1,0.007,IE,128,10,1327,9.043,105.931,106.0,106.0,0.0,9.449,34.565,36.416,1
OR007@6_1,outer_race,1,0.007,VW,128,10,1327,9.043,105.931,106.0,106.0,0.0,52.199,25.083,36.416,1
OR007@6_1,outer_race,1,0.007,DROP,128,10,1327,9.043,105.931,106.0,106.0,0.0,98.46,26.729,36.416,1
OR007@6_1,outer_race,1,0.007,IE_ORACLE,128,10,1327,9.043,105.931,106.0,106.0,0.0,3.203,35.939,36.416,1
OR007@6_1,outer_race,1,0.007,LTTB,128,10,1327,9.043,105.931,106.0,106.0,0.0,84.232,25.797,36.416,1
OR007@6_1,outer_race,1,0.007,SDT,128,10,1327,9.043,105.931,106.0,106.0,0.0,17.988,30.425,36.416,1
OR007@6_1,outer_race,1,0.007,SDT_BOUNDED,128,10,1318,9.105,105.931,106.0,106.0,0.0,18.119,30.549,36.416,1
OR007@6_1,outer_race,1,0.007,IE,128,20,727,16.506,105.931,106.0,106.0,0.0,39.869,28.215,36.416,1
OR007@6_1,outer_race,1,0.007,VW,128,20,727,16.506,105.931,106.0,106.0,0.0,88.406,20.613,36.416,1
OR007@6_1,outer_race,1,0.007,DROP,128,20,727,16.506,105.931,106.0,106.0,0.0,99.289,22.132,36.416,1
OR007@6_1,outer_race,1,0.007,IE_ORACLE,128,20,727,16.506,105.931,106.0,106.0,0.0,33.287,28.123,36.416,1
OR007@6_1,outer_race,1,0.007,LTTB,128,20,727,16.506,105.931,106.0,106.0,0.0,92.785,22.376,36.416,1
OR007@6_1,outer_race,1,0.007,SDT,128,20,728,16.484,105.931,106.0,106.0,0.0,52.738,25.542,36.416,1
OR007@6_1,outer_race,1,0.007,SDT_BOUNDED,128,20,724,16.575,105.931,106.0,106.0,0.0,52.921,25.771,36.416,1
OR007@6_1,outer_race,1,0.007,IE,128,50,367,32.698,105.931,106.0,106.0,0.0,68.386,24.684,36.416,1
OR007@6_1,outer_race,1,0.007,VW,128,50,367,32.698,105.931,106.0,106.0,0.0,97.077,15.272,36.416,1
OR007@6_1,outer_race,1,0.007,DROP,128,50,367,32.698,105.931,106.0,106.0,0.0,99.968,12.199,36.416,1
OR007@6_1,outer_race,1,0.007,IE_ORACLE,128,50,367,32.698,105.931,106.0,106.0,0.0,58.384,24.835,36.416,1
OR007@6_1,outer_race,1,0.007,LTTB,128,50,367,32.698,105.931,106.0,106.0,0.0,95.175,19.923,36.416,1
OR007@6_1,outer_race,1,0.007,SDT,128,50,367,32.698,105.931,106.0,106.0,0.0,78.344,19.696,36.416,1
OR007@6_1,outer_race,1,0.007,SDT_BOUNDED,128,50,365,32.877,105.931,106.0,106.0,0.0,78.457,19.47,36.416,1
OR007@6_1,outer_race,1,0.007,IE,256,5,2655,4.52,105.931,106.0,106.0,0.0,16.729,37.566,36.416,1
OR007@6_1,outer_race,1,0.007,VW,256,5,2655,4.52,105.931,106.0,106.0,0.0,7.197,33.671,36.416,1
OR007@6_1,outer_race,1,0.007,DROP,256,5,2655,4.52,105.931,106.0,106.0,0.0,92.566,29.329,36.416,1
OR007@6_1,outer_race,1,0.007,IE_ORACLE,256,5,2655,4.52,105.931,106.0,106.0,0.0,15.433,36.77,36.416,1
OR007@6_1,outer_race,1,0.007,LTTB,256,5,2655,4.52,105.931,106.0,106.0,0.0,76.065,31.198,36.416,1
OR007@6_1,outer_race,1,0.007,SDT,256,5,2656,4.518,105.931,106.0,106.0,0.0,18.438,37.101,36.416,1
OR007@6_1,outer_race,1,0.007,SDT_BOUNDED,256,5,2636,4.552,105.931,106.0,106.0,0.0,18.138,37.214,36.416,1
OR007@6_1,outer_race,1,0.007,IE,256,10,1455,8.247,105.931,106.0,106.0,0.0,8.011,33.044,36.416,1
OR007@6_1,outer_race,1,0.007,VW,256,10,1455,8.247,105.931,106.0,106.0,0.0,49.91,26.763,36.416,1
OR007@6_1,outer_race,1,0.007,DROP,256,10,1455,8.247,105.931,106.0,106.0,0.0,98.441,25.064,36.416,1
OR007@6_1,outer_race,1,0.007,IE_ORACLE,256,10,1455,8.247,105.931,106.0,106.0,0.0,1.738,36.133,36.416,1
OR007@6_1,outer_race,1,0.007,LTTB,256,10,1455,8.247,105.931,106.0,106.0,0.0,82.901,26.981,36.416,1
OR007@6_1,outer_race,1,0.007,SDT,256,10,1455,8.247,105.931,106.0,106.0,0.0,11.031,31.177,36.416,1
OR007@6_1,outer_race,1,0.007,SDT_BOUNDED,256,10,1446,8.299,105.931,106.0,106.0,0.0,11.473,31.097,36.416,1
OR007@6_1,outer_race,1,0.007,IE,256,20,855,14.035,105.931,106.0,106.0,0.0,36.791,27.742,36.416,1
OR007@6_1,outer_race,1,0.007,VW,256,20,855,14.035,105.931,106.0,106.0,0.0,82.551,22.192,36.416,1
OR007@6_1,outer_race,1,0.007,DROP,256,20,855,14.035,105.931,106.0,106.0,0.0,99.197,23.931,36.416,1
OR007@6_1,outer_race,1,0.007,IE_ORACLE,256,20,855,14.035,105.931,106.0,106.0,0.0,26.807,30.609,36.416,1
OR007@6_1,outer_race,1,0.007,LTTB,256,20,855,14.035,105.931,106.0,106.0,0.0,90.075,23.302,36.416,1
OR007@6_1,outer_race,1,0.007,SDT,256,20,855,14.035,105.931,106.0,106.0,0.0,45.653,28.008,36.416,1
OR007@6_1,outer_race,1,0.007,SDT_BOUNDED,256,20,852,14.085,105.931,106.0,106.0,0.0,46.24,27.712,36.416,1
OR007@6_1,outer_race,1,0.007,IE,256,50,495,24.242,105.931,106.0,106.0,0.0,58.896,25.49,36.416,1
OR007@6_1,outer_race,1,0.007,VW,256,50,495,24.242,105.931,106.0,106.0,0.0,93.795,17.667,36.416,1
OR007@6_1,outer_race,1,0.007,DROP,256,50,495,24.242,105.931,106.0,106.0,0.0,99.959,14.15,36.416,1
OR007@6_1,outer_race,1,0.007,IE_ORACLE,256,50,495,24.242,105.931,106.0,106.0,0.0,48.816,27.284,36.416,1
OR007@6_1,outer_race,1,0.007,LTTB,256,50,495,24.242,105.931,106.0,106.0,0.0,94.764,23.713,36.416,1
OR007@6_1,outer_race,1,0.007,SDT,256,50,496,24.194,105.931,106.0,106.0,0.0,69.975,23.692,36.416,1
OR007@6_1,outer_race,1,0.007,SDT_BOUNDED,256,50,495,24.242,105.931,106.0,106.0,0.0,70.091,24.003,36.416,1
OR007@6_1,outer_race,1,0.007,IE,512,5,2911,4.122,105.931,106.0,106.0,0.0,16.143,36.533,36.416,1
OR007@6_1,outer_race,1,0.007,VW,512,5,2911,4.122,105.931,106.0,106.0,0.0,4.591,33.821,36.416,1
OR007@6_1,outer_race,1,0.007,DROP,512,5,2911,4.122,105.931,106.0,106.0,0.0,92.933,28.737,36.416,1
OR007@6_1,outer_race,1,0.007,IE_ORACLE,512,5,2911,4.122,105.931,106.0,106.0,0.0,15.54,38.125,36.416,1
OR007@6_1,outer_race,1,0.007,LTTB,512,5,2911,4.122,105.931,106.0,106.0,0.0,72.181,31.388,36.416,1
OR007@6_1,outer_race,1,0.007,SDT,512,5,2911,4.122,105.931,106.0,106.0,0.0,19.886,36.479,36.416,1
OR007@6_1,outer_race,1,0.007,SDT_BOUNDED,512,5,2892,4.149,105.931,106.0,106.0,0.0,19.734,36.811,36.416,1
OR007@6_1,outer_race,1,0.007,IE,512,10,1711,7.013,105.931,106.0,106.0,0.0,0.881,34.569,36.416,1
OR007@6_1,outer_race,1,0.007,VW,512,10,1711,7.013,105.931,106.0,106.0,0.0,43.08,28.298,36.416,1
OR007@6_1,outer_race,1,0.007,DROP,512,10,1711,7.013,105.931,106.0,106.0,0.0,98.453,24.427,36.416,1
OR007@6_1,outer_race,1,0.007,IE_ORACLE,512,10,1711,7.013,105.931,106.0,106.0,0.0,8.641,36.968,36.416,1
OR007@6_1,outer_race,1,0.007,LTTB,512,10,1711,7.013,105.931,106.0,106.0,0.0,81.922,25.892,36.416,1
OR007@6_1,outer_race,1,0.007,SDT,512,10,1711,7.013,105.931,106.0,106.0,0.0,0.418,34.265,36.416,1
OR007@6_1,outer_race,1,0.007,SDT_BOUNDED,512,10,1702,7.051,105.931,106.0,106.0,0.0,0.55,33.827,36.416,1
OR007@6_1,outer_race,1,0.007,IE,512,20,1111,10.801,105.931,106.0,106.0,0.0,23.546,31.532,36.416,1
OR007@6_1,outer_race,1,0.007,VW,512,20,1111,10.801,105.931,106.0,106.0,0.0,68.538,24.393,36.416,1
OR007@6_1,outer_race,1,0.007,DROP,512,20,1111,10.801,105.931,106.0,106.0,0.0,99.261,21.307,36.416,1
OR007@6_1,outer_race,1,0.007,IE_ORACLE,512,20,1111,10.801,105.931,106.0,106.0,0.0,13.055,33.667,36.416,1
OR007@6_1,outer_race,1,0.007,LTTB,512,20,1111,10.801,105.931,106.0,106.0,0.0,85.34,26.631,36.416,1
OR007@6_1,outer_race,1,0.007,SDT,512,20,1111,10.801,105.931,106.0,106.0,0.0,29.274,29.271,36.416,1
OR007@6_1,outer_race,1,0.007,SDT_BOUNDED,512,20,1108,10.83,105.931,106.0,106.0,0.0,29.604,29.671,36.416,1
OR007@6_1,outer_race,1,0.007,IE,512,50,751,15.979,105.931,106.0,106.0,0.0,38.7,28.066,36.416,1
OR007@6_1,outer_race,1,0.007,VW,512,50,751,15.979,105.931,106.0,106.0,0.0,85.145,20.554,36.416,1
OR007@6_1,outer_race,1,0.007,DROP,512,50,751,15.979,105.931,106.0,106.0,0.0,99.926,10.037,36.416,1
OR007@6_1,outer_race,1,0.007,IE_ORACLE,512,50,751,15.979,105.931,106.0,106.0,0.0,31.324,29.631,36.416,1
OR007@6_1,outer_race,1,0.007,LTTB,512,50,751,15.979,105.931,106.0,106.0,0.0,90.628,22.707,36.416,1
OR007@6_1,outer_race,1,0.007,SDT,512,50,752,15.957,105.931,106.0,106.0,0.0,51.685,25.212,36.416,1
OR007@6_1,outer_race,1,0.007,SDT_BOUNDED,512,50,752,15.957,105.931,106.0,106.0,0.0,51.685,25.212,36.416,1
OR007@6_2,outer_race,2,0.007,IE,128,5,2527,4.749,104.557,105.0,105.0,0.0,14.346,37.615,39.218,1
OR007@6_2,outer_race,2,0.007,VW,128,5,2527,4.749,104.557,105.0,105.0,0.0,7.717,32.601,39.218,1
OR007@6_2,outer_race,2,0.007,DROP,128,5,2527,4.749,104.557,105.0,105.0,0.0,92.786,29.644,39.218,1
OR007@6_2,outer_race,2,0.007,IE_ORACLE,128,5,2527,4.749,104.557,105.0,105.0,0.0,13.841,36.699,39.218,1
OR007@6_2,outer_race,2,0.007,LTTB,128,5,2527,4.749,104.557,105.0,105.0,0.0,78.475,32.652,39.218,1
OR007@6_2,outer_race,2,0.007,SDT,128,5,2528,4.747,104.557,105.0,105.0,0.0,14.955,37.825,39.218,1
OR007@6_2,outer_race,2,0.007,SDT_BOUNDED,128,5,2516,4.769,104.557,105.0,105.0,0.0,14.844,37.886,39.218,1
OR007@6_2,outer_race,2,0.007,IE,128,10,1327,9.043,104.557,105.0,105.0,0.0,10.851,32.603,39.218,1
OR007@6_2,outer_race,2,0.007,VW,128,10,1327,9.043,104.557,105.0,105.0,0.0,55.416,27.159,39.218,1
OR007@6_2,outer_race,2,0.007,DROP,128,10,1327,9.043,104.557,105.0,105.0,0.0,98.615,25.778,39.218,1
OR007@6_2,outer_race,2,0.007,IE_ORACLE,128,10,1327,9.043,104.557,105.0,105.0,0.0,5.483,34.396,39.218,1
OR007@6_2,outer_race,2,0.007,LTTB,128,10,1327,9.043,104.557,105.0,105.0,0.0,84.009,26.391,39.218,1
OR007@6_2,outer_race,2,0.007,SDT,128,10,1327,9.043,104.557,105.0,105.0,0.0,17.483,32.034,39.218,1
OR007@6_2,outer_race,2,0.007,SDT_BOUNDED,128,10,1317,9.112,104.557,105.0,105.0,0.0,17.656,31.879,39.218,1
OR007@6_2,outer_race,2,0.007,IE,128,20,727,16.506,104.557,105.0,105.0,0.0,39.945,30.844,39.218,1
OR007@6_2,outer_race,2,0.007,VW,128,20,727,16.506,104.557,105.0,105.0,0.0,89.405,20.36,39.218,1
OR007@6_2,outer_race,2,0.007,DROP,128,20,727,16.506,104.557,105.0,105.0,0.0,99.504,22.331,39.218,1
OR007@6_2,outer_race,2,0.007,IE_ORACLE,128,20,727,16.506,104.557,105.0,105.0,0.0,32.715,31.054,39.218,1
OR007@6_2,outer_race,2,0.007,LTTB,128,20,727,16.506,104.557,105.0,105.0,0.0,91.37,24.344,39.218,1
OR007@6_2,outer_race,2,0.007,SDT,128,20,726,16.529,104.557,105.0,105.0,0.0,52.002,28.03,39.218,1
OR007@6_2,outer_race,2,0.007,SDT_BOUNDED,128,20,724,16.575,104.557,105.0,105.0,0.0,52.041,28.123,39.218,1
OR007@6_2,outer_race,2,0.007,IE,128,50,367,32.698,104.557,105.0,105.0,0.0,68.184,24.299,39.218,1
OR007@6_2,outer_race,2,0.007,VW,128,50,367,32.698,104.557,105.0,105.0,0.0,98.009,14.054,39.218,1
OR007@6_2,outer_race,2,0.007,DROP,128,50,367,32.698,104.557,105.0,105.0,0.0,99.972,14.499,39.218,1
OR007@6_2,outer_race,2,0.007,IE_ORACLE,128,50,367,32.698,104.557,105.0,105.0,0.0,57.672,26.868,39.218,1
OR007@6_2,outer_race,2,0.007,LTTB,128,50,367,32.698,104.557,105.0,105.0,0.0,95.322,20.097,39.218,1
OR007@6_2,outer_race,2,0.007,SDT,128,50,367,32.698,104.557,105.0,105.0,0.0,76.653,20.388,39.218,1
OR007@6_2,outer_race,2,0.007,SDT_BOUNDED,128,50,367,32.698,104.557,105.0,105.0,0.0,76.653,20.388,39.218,1
OR007@6_2,outer_race,2,0.007,IE,256,5,2655,4.52,104.557,105.0,105.0,0.0,14.159,36.504,39.218,1
OR007@6_2,outer_race,2,0.007,VW,256,5,2655,4.52,104.557,105.0,105.0,0.0,6.804,33.056,39.218,1
OR007@6_2,outer_race,2,0.007,DROP,256,5,2655,4.52,104.557,105.0,105.0,0.0,93.085,28.314,39.218,1
OR007@6_2,outer_race,2,0.007,IE_ORACLE,256,5,2655,4.52,104.557,105.0,105.0,0.0,14.015,36.948,39.218,1
OR007@6_2,outer_race,2,0.007,LTTB,256,5,2655,4.52,104.557,105.0,105.0,0.0,75.158,33.106,39.218,1
OR007@6_2,outer_race,2,0.007,SDT,256,5,2654,4.521,104.557,105.0,105.0,0.0,15.747,37.698,39.218,1
OR007@6_2,outer_race,2,0.007,SDT_BOUNDED,256,5,2646,4.535,104.557,105.0,105.0,0.0,15.701,37.792,39.218,1
OR007@6_2,outer_race,2,0.007,IE,256,10,1455,8.247,104.557,105.0,105.0,0.0,9.045,32.146,39.218,1
OR007@6_2,outer_race,2,0.007,VW,256,10,1455,8.247,104.557,105.0,105.0,0.0,51.693,27.788,39.218,1
OR007@6_2,outer_race,2,0.007,DROP,256,10,1455,8.247,104.557,105.0,105.0,0.0,98.564,25.662,39.218,1
OR007@6_2,outer_race,2,0.007,IE_ORACLE,256,10,1455,8.247,104.557,105.0,105.0,0.0,0.358,35.116,39.218,1
OR007@6_2,outer_race,2,0.007,LTTB,256,10,1455,8.247,104.557,105.0,105.0,0.0,82.544,26.89,39.218,1
OR007@6_2,outer_race,2,0.007,SDT,256,10,1456,8.242,104.557,105.0,105.0,0.0,11.931,33.737,39.218,1
OR007@6_2,outer_race,2,0.007,SDT_BOUNDED,256,10,1450,8.276,104.557,105.0,105.0,0.0,12.217,33.298,39.218,1
OR007@6_2,outer_race,2,0.007,IE,256,20,855,14.035,104.557,105.0,105.0,0.0,34.936,30.8,39.218,1
OR007@6_2,outer_race,2,0.007,VW,256,20,855,14.035,104.557,105.0,105.0,0.0,85.059,20.493,39.218,1
OR007@6_2,outer_race,2,0.007,DROP,256,20,855,14.035,104.557,105.0,105.0,0.0,99.331,23.98,39.218,1
OR007@6_2,outer_race,2,0.007,IE_ORACLE,256,20,855,14.035,104.557,105.0,105.0,0.0,25.638,32.136,39.218,1
OR007@6_2,outer_race,2,0.007,LTTB,256,20,855,14.035,104.557,105.0,105.0,0.0,90.142,25.358,39.218,1
OR007@6_2,outer_race,2,0.007,SDT,256,20,855,14.035,104.557,105.0,105.0,0.0,44.094,30.367,39.218,1
OR007@6_2,outer_race,2,0.007,SDT_BOUNDED,256,20,854,14.052,104.557,105.0,105.0,0.0,44.362,30.282,39.218,1
OR007@6_2,outer_race,2,0.007,IE,256,50,495,24.242,104.557,105.0,105.0,0.0,56.113,26.606,39.218,1
OR007@6_2,outer_race,2,0.007,VW,256,50,495,24.242,104.557,105.0,105.0,0.0,94.031,17.695,39.218,1
OR007@6_2,outer_race,2,0.007,DROP,256,50,495,24.242,104.557,105.0,105.0,0.0,99.97,12.29,39.218,1
OR007@6_2,outer_race,2,0.007,IE_ORACLE,256,50,495,24.242,104.557,105.0,105.0,0.0,47.154,28.766,39.218,1
OR007@6_2,outer_race,2,0.007,LTTB,256,50,495,24.242,104.557,105.0,105.0,0.0,93.568,20.85,39.218,1
OR007@6_2,outer_race,2,0.007,SDT,256,50,497,24.145,104.557,105.0,105.0,0.0,66.899,23.858,39.218,1
OR007@6_2,outer_race,2,0.007,SDT_BOUNDED,256,50,496,24.194,104.557,105.0,105.0,0.0,66.902,23.852,39.218,1
OR007@6_2,outer_race,2,0.007,IE,512,5,2911,4.122,104.557,105.0,105.0,0.0,14.638,36.516,39.218,1
OR007@6_2,outer_race,2,0.007,VW,512,5,2911,4.122,104.557,105.0,105.0,0.0,4.942,34.04,39.218,1
OR007@6_2,outer_race,2,0.007,DROP,512,5,2911,4.122,104.557,105.0,105.0,0.0,92.933,29.113,39.218,1
OR007@6_2,outer_race,2,0.007,IE_ORACLE,512,5,2911,4.122,104.557,105.0,105.0,0.0,13.461,37.569,39.218,1
OR007@6_2,outer_race,2,0.007,LTTB,512,5,2911,4.122,104.557,105.0,105.0,0.0,71.933,31.174,39.218,1
OR007@6_2,outer_race,2,0.007,SDT,512,5,2911,4.122,104.557,105.0,105.0,0.0,16.633,37.593,39.218,1
OR007@6_2,outer_race,2,0.007,SDT_BOUNDED,512,5,2902,4.135,104.557,105.0,105.0,0.0,16.304,37.33,39.218,1
OR007@6_2,outer_race,2,0.007,IE,512,10,1711,7.013,104.557,105.0,105.0,0.0,1.627,35.121,39.218,1
OR007@6_2,outer_race,2,0.007,VW,512,10,1711,7.013,104.557,105.0,105.0,0.0,42.931,29.516,39.218,1
OR007@6_2,outer_race,2,0.007,DROP,512,10,1711,7.013,104.557,105.0,105.0,0.0,98.534,24.388,39.218,1
OR007@6_2,outer_race,2,0.007,IE_ORACLE,512,10,1711,7.013,104.557,105.0,105.0,0.0,6.469,36.72,39.218,1
OR007@6_2,outer_race,2,0.007,LTTB,512,10,1711,7.013,104.557,105.0,105.0,0.0,82.218,26.864,39.218,1
OR007@6_2,outer_race,2,0.007,SDT,512,10,1712,7.009,104.557,105.0,105.0,0.0,2.663,35.911,39.218,1
OR007@6_2,outer_race,2,0.007,SDT_BOUNDED,512,10,1706,7.034,104.557,105.0,105.0,0.0,3.118,36.015,39.218,1
OR007@6_2,outer_race,2,0.007,IE,512,20,1111,10.801,104.557,105.0,105.0,0.0,23.425,31.508,39.218,1
OR007@6_2,outer_race,2,0.007,VW,512,20,1111,10.801,104.557,105.0,105.0,0.0,68.172,23.823,39.218,1
OR007@6_2,outer_race,2,0.007,DROP,512,20,1111,10.801,104.557,105.0,105.0,0.0,99.318,20.84,39.218,1
OR007@6_2,outer_race,2,0.007,IE_ORACLE,512,20,1111,10.801,104.557,105.0,105.0,0.0,13.644,33.099,39.218,1
OR007@6_2,outer_race,2,0.007,LTTB,512,20,1111,10.801,104.557,105.0,105.0,0.0,87.473,27.244,39.218,1
OR007@6_2,outer_race,2,0.007,SDT,512,20,1111,10.801,104.557,105.0,105.0,0.0,29.916,30.489,39.218,1
OR007@6_2,outer_race,2,0.007,SDT_BOUNDED,512,20,1110,10.811,104.557,105.0,105.0,0.0,29.987,30.617,39.218,1
OR007@6_2,outer_race,2,0.007,IE,512,50,751,15.979,104.557,105.0,105.0,0.0,38.451,29.907,39.218,1
OR007@6_2,outer_race,2,0.007,VW,512,50,751,15.979,104.557,105.0,105.0,0.0,84.669,18.678,39.218,1
OR007@6_2,outer_race,2,0.007,DROP,512,50,751,15.979,104.557,105.0,105.0,0.0,99.894,8.211,39.218,1
OR007@6_2,outer_race,2,0.007,IE_ORACLE,512,50,751,15.979,104.557,105.0,105.0,0.0,31.346,31.327,39.218,1
OR007@6_2,outer_race,2,0.007,LTTB,512,50,751,15.979,104.557,105.0,105.0,0.0,92.23,23.338,39.218,1
OR007@6_2,outer_race,2,0.007,SDT,512,50,752,15.957,104.557,105.0,105.0,0.0,50.961,28.285,39.218,1
OR007@6_2,outer_race,2,0.007,SDT_BOUNDED,512,50,752,15.957,104.557,105.0,105.0,0.0,50.961,28.285,39.218,1
OR007@6_3,outer_race,3,0.007,IE,128,5,2527,4.749,103.063,103.0,103.0,0.0,11.792,35.926,36.057,1
OR007@6_3,outer_race,3,0.007,VW,128,5,2527,4.749,103.063,103.0,103.0,0.0,8.195,32.826,36.057,1
OR007@6_3,outer_race,3,0.007,DROP,128,5,2527,4.749,103.063,103.0,103.0,0.0,92.975,28.837,36.057,1
OR007@6_3,outer_race,3,0.007,IE_ORACLE,128,5,2527,4.749,103.063,103.0,103.0,0.0,11.6,35.579,36.057,1
OR007@6_3,outer_race,3,0.007,LTTB,128,5,2527,4.749,103.063,103.0,103.0,0.0,76.58,31.018,36.057,1
OR007@6_3,outer_race,3,0.007,SDT,128,5,2527,4.749,103.063,103.0,103.0,0.0,12.89,36.5,36.057,1
OR007@6_3,outer_race,3,0.007,SDT_BOUNDED,128,5,2488,4.823,103.063,103.0,103.0,0.0,12.438,36.294,36.057,1
OR007@6_3,outer_race,3,0.007,IE,128,10,1327,9.043,103.063,103.0,103.0,0.0,11.358,33.162,36.057,1
OR007@6_3,outer_race,3,0.007,VW,128,10,1327,9.043,103.063,103.0,103.0,0.0,55.156,25.072,36.057,1
OR007@6_3,outer_race,3,0.007,DROP,128,10,1327,9.043,103.063,103.0,103.0,0.0,98.661,24.059,36.057,1
OR007@6_3,outer_race,3,0.007,IE_ORACLE,128,10,1327,9.043,103.063,103.0,103.0,0.0,5.188,33.632,36.057,1
OR007@6_3,outer_race,3,0.007,LTTB,128,10,1327,9.043,103.063,103.0,103.0,0.0,84.513,26.137,36.057,1
OR007@6_3,outer_race,3,0.007,SDT,128,10,1327,9.043,103.063,103.0,103.0,0.0,17.806,30.918,36.057,1
OR007@6_3,outer_race,3,0.007,SDT_BOUNDED,128,10,1303,9.21,103.063,103.0,103.0,0.0,18.37,30.353,36.057,1
OR007@6_3,outer_race,3,0.007,IE,128,20,727,16.506,103.063,103.0,103.0,0.0,41.38,29.96,36.057,1
OR007@6_3,outer_race,3,0.007,VW,128,20,727,16.506,103.063,103.0,103.0,0.0,88.735,20.801,36.057,1
OR007@6_3,outer_race,3,0.007,DROP,128,20,727,16.506,103.063,103.0,103.0,0.0,99.401,20.145,36.057,1
OR007@6_3,outer_race,3,0.007,IE_ORACLE,128,20,727,16.506,103.063,103.0,103.0,0.0,32.922,30.132,36.057,1
OR007@6_3,outer_race,3,0.007,LTTB,128,20,727,16.506,103.063,103.0,103.0,0.0,89.752,22.843,36.057,1
OR007@6_3,outer_race,3,0.007,SDT,128,20,727,16.506,103.063,103.0,103.0,0.0,51.136,26.662,36.057,1
OR007@6_3,outer_race,3,0.007,SDT_BOUNDED,128,20,715,16.783,103.063,103.0,103.0,0.0,51.695,26.205,36.057,1
OR007@6_3,outer_race,3,0.007,IE,128,50,367,32.698,103.063,103.0,103.0,0.0,67.463,23.243,36.057,1
OR007@6_3,outer_race,3,0.007,VW,128,50,367,32.698,103.063,103.0,103.0,0.0,97.425,14.842,36.057,1
OR007@6_3,outer_race,3,0.007,DROP,128,50,367,32.698,103.063,103.0,103.0,0.0,99.97,11.223,36.057,1
OR007@6_3,outer_race,3,0.007,IE_ORACLE,128,50,367,32.698,103.063,103.0,103.0,0.0,57.25,25.762,36.057,1
OR007@6_3,outer_race,3,0.007,LTTB,128,50,367,32.698,103.063,103.0,103.0,0.0,94.785,19.385,36.057,1
OR007@6_3,outer_race,3,0.007,SDT,128,50,366,32.787,103.063,103.0,103.0,0.0,76.378,20.849,36.057,1
OR007@6_3,outer_race,3,0.007,SDT_BOUNDED,128,50,364,32.967,103.063,103.0,103.0,0.0,77.094,19.832,36.057,1
OR007@6_3,outer_race,3,0.007,IE,256,5,2655,4.52,103.063,103.0,103.0,0.0,11.609,36.35,36.057,1
OR007@6_3,outer_race,3,0.007,VW,256,5,2655,4.52,103.063,103.0,103.0,0.0,7.148,32.977,36.057,1
OR007@6_3,outer_race,3,0.007,DROP,256,5,2655,4.52,103.063,103.0,103.0,0.0,93.523,29.629,36.057,1
OR007@6_3,outer_race,3,0.007,IE_ORACLE,256,5,2655,4.52,103.063,103.0,103.0,0.0,11.573,36.265,36.057,1
OR007@6_3,outer_race,3,0.007,LTTB,256,5,2655,4.52,103.063,103.0,103.0,0.0,74.455,30.311,36.057,1
OR007@6_3,outer_race,3,0.007,SDT,256,5,2655,4.52,103.063,103.0,103.0,0.0,13.275,36.414,36.057,1
OR007@6_3,outer_race,3,0.007,SDT_BOUNDED,256,5,2622,4.577,103.063,103.0,103.0,0.0,12.775,35.908,36.057,1
OR007@6_3,outer_race,3,0.007,IE,256,10,1455,8.247,103.063,103.0,103.0,0.0,10.192,34.412,36.057,1
OR007@6_3,outer_race,3,0.007,VW,256,10,1455,8.247,103.063,103.0,103.0,0.0,53.421,25.916,36.057,1
OR007@6_3,outer_race,3,0.007,DROP,256,10,1455,8.247,103.063,103.0,103.0,0.0,98.642,23.684,36.057,1
OR007@6_3,outer_race,3,0.007,IE_ORACLE,256,10,1455,8.247,103.063,103.0,103.0,0.0,0.082,34.117,36.057,1
OR007@6_3,outer_race,3,0.007,LTTB,256,10,1455,8.247,103.063,103.0,103.0,0.0,83.244,26.639,36.057,1
OR007@6_3,outer_race,3,0.007,SDT,256,10,1455,8.247,103.063,103.0,103.0,0.0,10.856,31.699,36.057,1
OR007@6_3,outer_race,3,0.007,SDT_BOUNDED,256,10,1433,8.374,103.063,103.0,103.0,0.0,11.937,30.842,36.057,1
OR007@6_3,outer_race,3,0.007,IE,256,20,855,14.035,103.063,103.0,103.0,0.0,39.202,29.801,36.057,1
OR007@6_3,outer_race,3,0.007,VW,256,20,855,14.035,103.063,103.0,103.0,0.0,83.24,21.611,36.057,1
OR007@6_3,outer_race,3,0.007,DROP,256,20,855,14.035,103.063,103.0,103.0,0.0,99.412,19.467,36.057,1
OR007@6_3,outer_race,3,0.007,IE_ORACLE,256,20,855,14.035,103.063,103.0,103.0,0.0,25.687,30.333,36.057,1
OR007@6_3,outer_race,3,0.007,LTTB,256,20,855,14.035,103.063,103.0,103.0,0.0,89.741,22.596,36.057,1
OR007@6_3,outer_race,3,0.007,SDT,256,20,856,14.019,103.063,103.0,103.0,0.0,42.882,28.03,36.057,1
OR007@6_3,outer_race,3,0.007,SDT_BOUNDED,256,20,845,14.201,103.063,103.0,103.0,0.0,43.877,27.626,36.057,1
OR007@6_3,outer_race,3,0.007,IE,256,50,495,24.242,103.063,103.0,103.0,0.0,57.955,24.718,36.057,1
OR007@6_3,outer_race,3,0.007,VW,256,50,495,24.242,103.063,103.0,103.0,0.0,95.423,17.169,36.057,1
OR007@6_3,outer_race,3,0.007,DROP,256,50,495,24.242,103.063,103.0,103.0,0.0,99.952,11.251,36.057,1
OR007@6_3,outer_race,3,0.007,IE_ORACLE,256,50,495,24.242,103.063,103.0,103.0,0.0,47.705,26.016,36.057,1
OR007@6_3,outer_race,3,0.007,LTTB,256,50,495,24.242,103.063,103.0,103.0,0.0,94.659,19.754,36.057,1
OR007@6_3,outer_race,3,0.007,SDT,256,50,495,24.242,103.063,103.0,103.0,0.0,66.661,23.578,36.057,1
OR007@6_3,outer_race,3,0.007,SDT_BOUNDED,256,50,493,24.341,103.063,103.0,103.0,0.0,67.121,23.142,36.057,1
OR007@6_3,outer_race,3,0.007,IE,512,5,2911,4.122,103.063,103.0,103.0,0.0,11.325,35.811,36.057,1
OR007@6_3,outer_race,3,0.007,VW,512,5,2911,4.122,103.063,103.0,103.0,0.0,6.208,33.61,36.057,1
OR007@6_3,outer_race,3,0.007,DROP,512,5,2911,4.122,103.063,103.0,103.0,0.0,92.839,29.26,36.057,1
OR007@6_3,outer_race,3,0.007,IE_ORACLE,512,5,2911,4.122,103.063,103.0,103.0,0.0,11.928,35.697,36.057,1
OR007@6_3,outer_race,3,0.007,LTTB,512,5,2911,4.122,103.063,103.0,103.0,0.0,71.139,31.368,36.057,1
OR007@6_3,outer_race,3,0.007,SDT,512,5,2911,4.122,103.063,103.0,103.0,0.0,14.277,36.931,36.057,1
OR007@6_3,outer_race,3,0.007,SDT_BOUNDED,512,5,2876,4.172,103.063,103.0,103.0,0.0,13.111,35.264,36.057,1
OR007@6_3,outer_race,3,0.007,IE,512,10,1711,7.013,103.063,103.0,103.0,0.0,4.626,33.593,36.057,1
OR007@6_3,outer_race,3,0.007,VW,512,10,1711,7.013,103.063,103.0,103.0,0.0,42.792,27.449,36.057,1
OR007@6_3,outer_race,3,0.007,DROP,512,10,1711,7.013,103.063,103.0,103.0,0.0,98.546,24.698,36.057,1
OR007@6_3,outer_race,3,0.007,IE_ORACLE,512,10,1711,7.013,103.063,103.0,103.0,0.0,5.901,35.607,36.057,1
OR007@6_3,outer_race,3,0.007,LTTB,512,10,1711,7.013,103.063,103.0,103.0,0.0,82.184,26.613,36.057,1
OR007@6_3,outer_race,3,0.007,SDT,512,10,1711,7.013,103.063,103.0,103.0,0.0,1.69,33.545,36.057,1
OR007@6_3,outer_race,3,0.007,SDT_BOUNDED,512,10,1689,7.105,103.063,103.0,103.0,0.0,4.177,31.298,36.057,1
OR007@6_3,outer_race,3,0.007,IE,512,20,1111,10.801,103.063,103.0,103.0,0.0,24.703,30.423,36.057,1
OR007@6_3,outer_race,3,0.007,VW,512,20,1111,10.801,103.063,103.0,103.0,0.0,67.317,23.446,36.057,1
OR007@6_3,outer_race,3,0.007,DROP,512,20,1111,10.801,103.063,103.0,103.0,0.0,99.374,19.674,36.057,1
OR007@6_3,outer_race,3,0.007,IE_ORACLE,512,20,1111,10.801,103.063,103.0,103.0,0.0,13.067,32.592,36.057,1
OR007@6_3,outer_race,3,0.007,LTTB,512,20,1111,10.801,103.063,103.0,103.0,0.0,85.77,23.903,36.057,1
OR007@6_3,outer_race,3,0.007,SDT,512,20,1111,10.801,103.063,103.0,103.0,0.0,29.404,30.172,36.057,1
OR007@6_3,outer_race,3,0.007,SDT_BOUNDED,512,20,1102,10.889,103.063,103.0,103.0,0.0,30.978,27.977,36.057,1
OR007@6_3,outer_race,3,0.007,IE,512,50,751,15.979,103.063,103.0,103.0,0.0,39.704,29.302,36.057,1
OR007@6_3,outer_race,3,0.007,VW,512,50,751,15.979,103.063,103.0,103.0,0.0,84.593,18.985,36.057,1
OR007@6_3,outer_race,3,0.007,DROP,512,50,751,15.979,103.063,103.0,103.0,0.0,99.922,8.36,36.057,1
OR007@6_3,outer_race,3,0.007,IE_ORACLE,512,50,751,15.979,103.063,103.0,103.0,0.0,31.586,30.563,36.057,1
OR007@6_3,outer_race,3,0.007,LTTB,512,50,751,15.979,103.063,103.0,103.0,0.0,91.037,22.368,36.057,1
OR007@6_3,outer_race,3,0.007,SDT,512,50,751,15.979,103.063,103.0,103.0,0.0,48.447,27.216,36.057,1
OR007@6_3,outer_race,3,0.007,SDT_BOUNDED,512,50,748,16.043,103.063,103.0,103.0,0.0,48.793,26.523,36.057,1
IR014_0,inner_race,0,0.014,IE,128,5,2527,4.749,162.095,162.0,162.0,0.0,8.612,28.856,29.007,1
IR014_0,inner_race,0,0.014,VW,128,5,2527,4.749,162.095,162.0,162.0,0.0,10.878,26.651,29.007,1
IR014_0,inner_race,0,0.014,DROP,128,5,2527,4.749,162.095,162.0,162.0,0.0,93.879,20.16,29.007,1
IR014_0,inner_race,0,0.014,IE_ORACLE,128,5,2527,4.749,162.095,162.0,162.0,0.0,7.579,29.907,29.007,1
IR014_0,inner_race,0,0.014,LTTB,128,5,2527,4.749,162.095,162.0,162.0,0.0,73.276,23.511,29.007,1
IR014_0,inner_race,0,0.014,SDT,128,5,2527,4.749,162.095,162.0,162.0,0.0,6.991,29.438,29.007,1
IR014_0,inner_race,0,0.014,SDT_BOUNDED,128,5,2469,4.86,162.095,162.0,162.0,0.0,3.821,28.402,29.007,1
IR014_0,inner_race,0,0.014,IE,128,10,1327,9.043,162.095,162.0,162.0,0.0,0.253,28.442,29.007,1
IR014_0,inner_race,0,0.014,VW,128,10,1327,9.043,162.095,162.0,162.0,0.0,38.571,22.961,29.007,1
IR014_0,inner_race,0,0.014,DROP,128,10,1327,9.043,162.095,162.0,162.0,0.0,98.866,17.535,29.007,1
IR014_0,inner_race,0,0.014,IE_ORACLE,128,10,1327,9.043,162.095,162.0,162.0,0.0,2.66,27.755,29.007,1
IR014_0,inner_race,0,0.014,LTTB,128,10,1327,9.043,162.095,162.0,162.0,0.0,83.686,19.429,29.007,1
IR014_0,inner_race,0,0.014,SDT,128,10,1327,9.043,162.095,162.0,162.0,0.0,3.4,29.247,29.007,1
IR014_0,inner_race,0,0.014,SDT_BOUNDED,128,10,1308,9.174,162.095,162.0,162.0,0.0,7.02,25.336,29.007,1
IR014_0,inner_race,0,0.014,IE,128,20,727,16.506,162.095,162.0,162.0,0.0,14.02,26.768,29.007,1
IR014_0,inner_race,0,0.014,VW,128,20,727,16.506,162.095,162.0,162.0,0.0,72.35,19.502,29.007,1
IR014_0,inner_race,0,0.014,DROP,128,20,727,16.506,162.095,162.0,162.0,0.0,99.612,15.357,29.007,1
IR014_0,inner_race,0,0.014,IE_ORACLE,128,20,727,16.506,162.095,162.0,162.0,0.0,9.965,27.65,29.007,1
IR014_0,inner_race,0,0.014,LTTB,128,20,727,16.506,162.095,162.0,162.0,0.0,90.81,15.949,29.007,1
IR014_0,inner_race,0,0.014,SDT,128,20,728,16.484,162.095,162.0,162.0,0.0,16.861,26.165,29.007,1
IR014_0,inner_race,0,0.014,SDT_BOUNDED,128,20,718,16.713,162.095,162.0,162.0,0.0,18.493,26.667,29.007,1
IR014_0,inner_race,0,0.014,IE,128,50,367,32.698,162.095,162.0,162.0,0.0,38.765,24.301,29.007,1
IR014_0,inner_race,0,0.014,VW,128,50,367,32.698,162.095,162.0,162.0,0.0,96.549,16.079,29.007,1
IR014_0,inner_race,0,0.014,DROP,128,50,367,32.698,162.095,162.0,162.0,0.0,99.938,13.714,29.007,1
IR014_0,inner_race,0,0.014,IE_ORACLE,128,50,367,32.698,162.095,162.0,162.0,0.0,29.62,24.768,29.007,1
IR014_0,inner_race,0,0.014,LTTB,128,50,367,32.698,162.095,162.0,162.0,0.0,96.166,13.109,29.007,1
IR014_0,inner_race,0,0.014,SDT,128,50,367,32.698,162.095,162.0,162.0,0.0,42.09,23.15,29.007,1
IR014_0,inner_race,0,0.014,SDT_BOUNDED,128,50,364,32.967,162.095,162.0,162.0,0.0,43.023,22.432,29.007,1
IR014_0,inner_race,0,0.014,IE,256,5,2655,4.52,162.095,162.0,162.0,0.0,8.677,28.611,29.007,1
IR014_0,inner_race,0,0.014,VW,256,5,2655,4.52,162.095,162.0,162.0,0.0,10.657,26.977,29.007,1
IR014_0,inner_race,0,0.014,DROP,256,5,2655,4.52,162.095,162.0,162.0,0.0,93.947,20.134,29.007,1
IR014_0,inner_race,0,0.014,IE_ORACLE,256,5,2655,4.52,162.095,162.0,162.0,0.0,7.194,29.265,29.007,1
IR014_0,inner_race,0,0.014,LTTB,256,5,2655,4.52,162.095,162.0,162.0,0.0,74.033,21.979,29.007,1
IR014_0,inner_race,0,0.014,SDT,256,5,2655,4.52,162.095,162.0,162.0,0.0,7.393,28.727,29.007,1
IR014_0,inner_race,0,0.014,SDT_BOUNDED,256,5,2619,4.582,162.095,162.0,162.0,0.0,5.765,28.959,29.007,1
IR014_0,inner_race,0,0.014,IE,256,10,1455,8.247,162.095,162.0,162.0,0.0,0.383,28.253,29.007,1
IR014_0,inner_race,0,0.014,VW,256,10,1455,8.247,162.095,162.0,162.0,0.0,33.634,23.769,29.007,1
IR014_0,inner_race,0,0.014,DROP,256,10,1455,8.247,162.095,162.0,162.0,0.0,98.719,16.649,29.007,1
IR014_0,inner_race,0,0.014,IE_ORACLE,256,10,1455,8.247,162.095,162.0,162.0,0.0,0.534,28.128,29.007,1
IR014_0,inner_race,0,0.014,LTTB,256,10,1455,8.247,162.095,162.0,162.0,0.0,82.193,20.771,29.007,1
IR014_0,inner_race,0,0.014,SDT,256,10,1455,8.247,162.095,162.0,162.0,0.0,2.038,28.968,29.007,1
IR014_0,inner_race,0,0.014,SDT_BOUNDED,256,10,1439,8.339,162.095,162.0,162.0,0.0,3.584,28.055,29.007,1
IR014_0,inner_race,0,0.014,IE,256,20,855,14.035,162.095,162.0,162.0,0.0,11.396,27.953,29.007,1
IR014_0,inner_race,0,0.014,VW,256,20,855,14.035,162.095,162.0,162.0,0.0,62.157,19.932,29.007,1
IR014_0,inner_race,0,0.014,DROP,256,20,855,14.035,162.095,162.0,162.0,0.0,99.681,12.001,29.007,1
IR014_0,inner_race,0,0.014,IE_ORACLE,256,20,855,14.035,162.095,162.0,162.0,0.0,6.763,28.028,29.007,1
IR014_0,inner_race,0,0.014,LTTB,256,20,855,14.035,162.095,162.0,162.0,0.0,90.479,17.235,29.007,1
IR014_0,inner_race,0,0.014,SDT,256,20,855,14.035,162.095,162.0,162.0,0.0,11.456,28.04,29.007,1
IR014_0,inner_race,0,0.014,SDT_BOUNDED,256,20,852,14.085,162.095,162.0,162.0,0.0,12.146,28.023,29.007,1
IR014_0,inner_race,0,0.014,IE,256,50,495,24.242,162.095,162.0,162.0,0.0,26.918,24.849,29.007,1
IR014_0,inner_race,0,0.014,VW,256,50,495,24.242,162.095,162.0,162.0,0.0,88.232,13.027,29.007,1
IR014_0,inner_race,0,0.014,DROP,256,50,495,24.242,162.095,162.0,162.0,0.0,99.925,9.616,29.007,1
IR014_0,inner_race,0,0.014,IE_ORACLE,256,50,495,24.242,162.095,162.0,162.0,0.0,19.458,26.149,29.007,1
IR014_0,inner_race,0,0.014,LTTB,256,50,495,24.242,162.095,162.0,162.0,0.0,92.149,13.832,29.007,1
IR014_0,inner_race,0,0.014,SDT,256,50,495,24.242,162.095,162.0,162.0,0.0,28.843,26.75,29.007,1
IR014_0,inner_race,0,0.014,SDT_BOUNDED,256,50,492,24.39,162.095,162.0,162.0,0.0,28.818,26.705,29.007,1
IR014_0,inner_race,0,0.014,IE,512,5,2911,4.122,162.095,162.0,162.0,0.0,8.714,28.844,29.007,1
IR014_0,inner_race,0,0.014,VW,512,5,2911,4.122,162.095,162.0,162.0,0.0,9.793,26.628,29.007,1
IR014_0,inner_race,0,0.014,DROP,512,5,2911,4.122,162.095,162.0,162.0,0.0,94.469,19.247,29.007,1
IR014_0,inner_race,0,0.014,IE_ORACLE,512,5,2911,4.122,162.095,162.0,162.0,0.0,8.324,28.996,29.007,1
IR014_0,inner_race,0,0.014,LTTB,512,5,2911,4.122,162.095,162.0,162.0,0.0,71.266,23.912,29.007,1
IR014_0,inner_race,0,0.014,SDT,512,5,2912,4.121,162.095,162.0,162.0,0.0,8.3,29.079,29.007,1
IR014_0,inner_race,0,0.014,SDT_BOUNDED,512,5,2897,4.142,162.095,162.0,162.0,0.0,7.284,28.697,29.007,1
IR014_0,inner_race,0,0.014,IE,512,10,1711,7.013,162.095,162.0,162.0,0.0,1.66,27.835,29.007,1
IR014_0,inner_race,0,0.014,VW,512,10,1711,7.013,162.095,162.0,162.0,0.0,25.738,24.847,29.007,1
IR014_0,inner_race,0,0.014,DROP,512,10,1711,7.013,162.095,162.0,162.0,0.0,98.783,16.655,29.007,1
IR014_0,inner_race,0,0.014,IE_ORACLE,512,10,1711,7.013,162.095,162.0,162.0,0.0,3.19,28.071,29.007,1
IR014_0,inner_race,0,0.014,LTTB,512,10,1711,7.013,162.095,162.0,162.0,0.0,79.683,21.447,29.007,1
IR014_0,inner_race,0,0.014,SDT,512,10,1712,7.009,162.095,162.0,162.0,0.0,0.922,28.574,29.007,1
IR014_0,inner_race,0,0.014,SDT_BOUNDED,512,10,1705,7.038,162.095,162.0,162.0,0.0,1.988,26.919,29.007,1
IR014_0,inner_race,0,0.014,IE,512,20,1111,10.801,162.095,162.0,162.0,0.0,6.783,27.272,29.007,1
IR014_0,inner_race,0,0.014,VW,512,20,1111,10.801,162.095,162.0,162.0,0.0,47.397,23.643,29.007,1
IR014_0,inner_race,0,0.014,DROP,512,20,1111,10.801,162.095,162.0,162.0,0.0,99.573,15.823,29.007,1
IR014_0,inner_race,0,0.014,IE_ORACLE,512,20,1111,10.801,162.095,162.0,162.0,0.0,4.238,28.672,29.007,1
IR014_0,inner_race,0,0.014,LTTB,512,20,1111,10.801,162.095,162.0,162.0,0.0,88.596,17.721,29.007,1
IR014_0,inner_race,0,0.014,SDT,512,20,1112,10.791,162.095,162.0,162.0,0.0,7.068,29.041,29.007,1
IR014_0,inner_race,0,0.014,SDT_BOUNDED,512,20,1109,10.821,162.095,162.0,162.0,0.0,7.254,28.934,29.007,1
IR014_0,inner_race,0,0.014,IE,512,50,751,15.979,162.095,162.0,162.0,0.0,13.755,27.135,29.007,1
IR014_0,inner_race,0,0.014,VW,512,50,751,15.979,162.095,162.0,162.0,0.0,62.324,17.217,29.007,1
IR014_0,inner_race,0,0.014,DROP,512,50,751,15.979,162.095,162.0,168.0,6.0,99.927,7.939,29.007,0
IR014_0,inner_race,0,0.014,IE_ORACLE,512,50,751,15.979,162.095,162.0,162.0,0.0,9.488,27.642,29.007,1
IR014_0,inner_race,0,0.014,LTTB,512,50,751,15.979,162.095,162.0,162.0,0.0,91.928,16.57,29.007,1
IR014_0,inner_race,0,0.014,SDT,512,50,753,15.936,162.095,162.0,162.0,0.0,15.015,26.752,29.007,1
IR014_0,inner_race,0,0.014,SDT_BOUNDED,512,50,750,16.0,162.095,162.0,162.0,0.0,15.2,26.574,29.007,1
IR014_1,inner_race,1,0.014,IE,128,5,2527,4.749,160.109,160.0,160.0,0.0,10.452,25.47,25.962,1
IR014_1,inner_race,1,0.014,VW,128,5,2527,4.749,160.109,160.0,160.0,0.0,3.413,24.154,25.962,1
IR014_1,inner_race,1,0.014,DROP,128,5,2527,4.749,160.109,160.0,160.0,0.0,92.253,20.872,25.962,1
IR014_1,inner_race,1,0.014,IE_ORACLE,128,5,2527,4.749,160.109,160.0,160.0,0.0,10.042,25.45,25.962,1
IR014_1,inner_race,1,0.014,LTTB,128,5,2527,4.749,160.109,160.0,160.0,0.0,71.799,23.037,25.962,1
IR014_1,inner_race,1,0.014,SDT,128,5,2527,4.749,160.109,160.0,160.0,0.0,11.43,25.372,25.962,1
IR014_1,inner_race,1,0.014,SDT_BOUNDED,128,5,2502,4.796,160.109,160.0,160.0,0.0,10.302,25.035,25.962,1
IR014_1,inner_race,1,0.014,IE,128,10,1327,9.043,160.109,160.0,160.0,0.0,5.722,25.19,25.962,1
IR014_1,inner_race,1,0.014,VW,128,10,1327,9.043,160.109,160.0,160.0,0.0,32.08,21.992,25.962,1
IR014_1,inner_race,1,0.014,DROP,128,10,1327,9.043,160.109,160.0,160.0,0.0,98.865,15.996,25.962,1
IR014_1,inner_race,1,0.014,IE_ORACLE,128,10,1327,9.043,160.109,160.0,160.0,0.0,7.643,26.167,25.962,1
IR014_1,inner_race,1,0.014,LTTB,128,10,1327,9.043,160.109,160.0,160.0,0.0,82.011,18.698,25.962,1
IR014_1,inner_race,1,0.014,SDT,128,10,1327,9.043,160.109,160.0,160.0,0.0,0.059,23.825,25.962,1
IR014_1,inner_race,1,0.014,SDT_BOUNDED,128,10,1301,9.224,160.109,160.0,160.0,0.0,2.756,24.042,25.962,1
IR014_1,inner_race,1,0.014,IE,128,20,727,16.506,160.109,160.0,160.0,0.0,10.73,23.655,25.962,1
IR014_1,inner_race,1,0.014,VW,128,20,727,16.506,160.109,160.0,160.0,0.0,72.205,14.2,25.962,1
IR014_1,inner_race,1,0.014,DROP,128,20,727,16.506,160.109,160.0,160.0,0.0,99.586,14.82,25.962,1
IR014_1,inner_race,1,0.014,IE_ORACLE,128,20,727,16.506,160.109,160.0,160.0,0.0,7.581,23.233,25.962,1
IR014_1,inner_race,1,0.014,LTTB,128,20,727,16.506,160.109,160.0,160.0,0.0,88.556,14.566,25.962,1
IR014_1,inner_race,1,0.014,SDT,128,20,727,16.506,160.109,160.0,160.0,0.0,16.334,22.999,25.962,1
IR014_1,inner_race,1,0.014,SDT_BOUNDED,128,20,718,16.713,160.109,160.0,160.0,0.0,16.006,23.136,25.962,1
IR014_1,inner_race,1,0.014,IE,128,50,367,32.698,160.109,160.0,160.0,0.0,36.445,22.142,25.962,1
IR014_1,inner_race,1,0.014,VW,128,50,367,32.698,160.109,160.0,160.0,0.0,95.2,14.838,25.962,1
IR014_1,inner_race,1,0.014,DROP,128,50,367,32.698,160.109,160.0,160.0,0.0,99.91,14.698,25.962,1
IR014_1,inner_race,1,0.014,IE_ORACLE,128,50,367,32.698,160.109,160.0,160.0,0.0,29.072,22.385,25.962,1
IR014_1,inner_race,1,0.014,LTTB,128,50,367,32.698,160.109,160.0,160.0,0.0,95.759,10.717,25.962,1
IR014_1,inner_race,1,0.014,SDT,128,50,367,32.698,160.109,160.0,160.0,0.0,39.692,20.493,25.962,1
IR014_1,inner_race,1,0.014,SDT_BOUNDED,128,50,366,32.787,160.109,160.0,160.0,0.0,40.525,19.944,25.962,1
IR014_1,inner_race,1,0.014,IE,256,5,2655,4.52,160.109,160.0,160.0,0.0,9.068,25.687,25.962,1
IR014_1,inner_race,1,0.014,VW,256,5,2655,4.52,160.109,160.0,160.0,0.0,1.861,24.851,25.962,1
IR014_1,inner_race,1,0.014,DROP,256,5,2655,4.52,160.109,160.0,160.0,0.0,92.285,21.139,25.962,1
IR014_1,inner_race,1,0.014,IE_ORACLE,256,5,2655,4.52,160.109,160.0,160.0,0.0,9.392,25.672,25.962,1
IR014_1,inner_race,1,0.014,LTTB,256,5,2655,4.52,160.109,160.0,160.0,0.0,71.359,22.722,25.962,1
IR014_1,inner_race,1,0.014,SDT,256,5,2655,4.52,160.109,160.0,160.0,0.0,11.909,25.593,25.962,1
IR014_1,inner_race,1,0.014,SDT_BOUNDED,256,5,2632,4.559,160.109,160.0,160.0,0.0,10.953,24.617,25.962,1
IR014_1,inner_race,1,0.014,IE,256,10,1455,8.247,160.109,160.0,160.0,0.0,5.972,24.783,25.962,1
IR014_1,inner_race,1,0.014,VW,256,10,1455,8.247,160.109,160.0,160.0,0.0,30.94,22.261,25.962,1
IR014_1,inner_race,1,0.014,DROP,256,10,1455,8.247,160.109,160.0,160.0,0.0,98.87,14.911,25.962,1
IR014_1,inner_race,1,0.014,IE_ORACLE,256,10,1455,8.247,160.109,160.0,160.0,0.0,8.63,26.049,25.962,1
IR014_1,inner_race,1,0.014,LTTB,256,10,1455,8.247,160.109,160.0,160.0,0.0,80.718,18.221,25.962,1
IR014_1,inner_race,1,0.014,SDT,256,10,1454,8.253,160.109,160.0,160.0,0.0,0.746,24.018,25.962,1
IR014_1,inner_race,1,0.014,SDT_BOUNDED,256,10,1441,8.328,160.109,160.0,160.0,0.0,0.18,24.27,25.962,1
IR014_1,inner_race,1,0.014,IE,256,20,855,14.035,160.109,160.0,160.0,0.0,8.004,23.561,25.962,1
IR014_1,inner_race,1,0.014,VW,256,20,855,14.035,160.109,160.0,160.0,0.0,69.3,13.87,25.962,1
IR014_1,inner_race,1,0.014,DROP,256,20,855,14.035,160.109,160.0,160.0,0.0,99.736,9.807,25.962,1
IR014_1,inner_race,1,0.014,IE_ORACLE,256,20,855,14.035,160.109,160.0,160.0,0.0,3.281,24.922,25.962,1
IR014_1,inner_race,1,0.014,LTTB,256,20,855,14.035,160.109,160.0,160.0,0.0,90.504,15.893,25.962,1
IR014_1,inner_race,1,0.014,SDT,256,20,857,14.002,160.109,160.0,160.0,0.0,11.281,23.334,25.962,1
IR014_1,inner_race,1,0.014,SDT_BOUNDED,256,20,849,14.134,160.109,160.0,160.0,0.0,13.777,21.64,25.962,1
IR014_1,inner_race,1,0.014,IE,256,50,495,24.242,160.109,160.0,160.0,0.0,25.283,22.941,25.962,1
IR014_1,inner_race,1,0.014,VW,256,50,495,24.242,160.109,160.0,160.0,0.0,86.107,9.547,25.962,1
IR014_1,inner_race,1,0.014,DROP,256,50,495,24.242,160.109,160.0,160.0,0.0,99.962,6.964,25.962,1
IR014_1,inner_race,1,0.014,IE_ORACLE,256,50,495,24.242,160.109,160.0,160.0,0.0,20.122,23.231,25.962,1
IR014_1,inner_race,1,0.014,LTTB,256,50,495,24.242,160.109,160.0,160.0,0.0,94.023,12.645,25.962,1
IR014_1,inner_race,1,0.014,SDT,256,50,496,24.194,160.109,160.0,160.0,0.0,28.747,20.941,25.962,1
IR014_1,inner_race,1,0.014,SDT_BOUNDED,256,50,494,24.291,160.109,160.0,160.0,0.0,28.74,21.115,25.962,1
IR014_1,inner_race,1,0.014,IE,512,5,2911,4.122,160.109,160.0,160.0,0.0,8.437,25.245,25.962,1
IR014_1,inner_race,1,0.014,VW,512,5,2911,4.122,160.109,160.0,160.0,0.0,1.056,24.648,25.962,1
IR014_1,inner_race,1,0.014,DROP,512,5,2911,4.122,160.109,160.0,160.0,0.0,95.199,18.349,25.962,1
IR014_1,inner_race,1,0.014,IE_ORACLE,512,5,2911,4.122,160.109,160.0,160.0,0.0,8.787,24.965,25.962,1
IR014_1,inner_race,1,0.014,LTTB,512,5,2911,4.122,160.109,160.0,160.0,0.0,68.814,25.284,25.962,1
IR014_1,inner_race,1,0.014,SDT,512,5,2911,4.122,160.109,160.0,160.0,0.0,12.095,24.822,25.962,1
IR014_1,inner_race,1,0.014,SDT_BOUNDED,512,5,2891,4.151,160.109,160.0,160.0,0.0,11.279,24.884,25.962,1
IR014_1,inner_race,1,0.014,IE,512,10,1711,7.013,160.109,160.0,160.0,0.0,6.783,25.469,25.962,1
IR014_1,inner_race,1,0.014,VW,512,10,1711,7.013,160.109,160.0,160.0,0.0,28.146,22.2,25.962,1
IR014_1,inner_race,1,0.014,DROP,512,10,1711,7.013,160.109,160.0,160.0,0.0,98.766,16.762,25.962,1
IR014_1,inner_race,1,0.014,IE_ORACLE,512,10,1711,7.013,160.109,160.0,160.0,0.0,9.599,25.682,25.962,1
IR014_1,inner_race,1,0.014,LTTB,512,10,1711,7.013,160.109,160.0,160.0,0.0,79.036,19.844,25.962,1
IR014_1,inner_race,1,0.014,SDT,512,10,1711,7.013,160.109,160.0,160.0,0.0,4.819,25.663,25.962,1
IR014_1,inner_race,1,0.014,SDT_BOUNDED,512,10,1705,7.038,160.109,160.0,160.0,0.0,4.121,25.397,25.962,1
IR014_1,inner_race,1,0.014,IE,512,20,1111,10.801,160.109,160.0,160.0,0.0,2.175,24.666,25.962,1
IR014_1,inner_race,1,0.014,VW,512,20,1111,10.801,160.109,160.0,160.0,0.0,53.977,15.345,25.962,1
IR014_1,inner_race,1,0.014,DROP,512,20,1111,10.801,160.109,160.0,160.0,0.0,99.657,10.953,25.962,1
IR014_1,inner_race,1,0.014,IE_ORACLE,512,20,1111,10.801,160.109,160.0,160.0,0.0,3.676,25.129,25.962,1
IR014_1,inner_race,1,0.014,LTTB,512,20,1111,10.801,160.109,160.0,160.0,0.0,86.945,17.434,25.962,1
IR014_1,inner_race,1,0.014,SDT,512,20,1112,10.791,160.109,160.0,160.0,0.0,3.473,23.59,25.962,1
IR014_1,inner_race,1,0.014,SDT_BOUNDED,512,20,1105,10.86,160.109,160.0,160.0,0.0,4.388,24.12,25.962,1
IR014_1,inner_race,1,0.014,IE,512,50,751,15.979,160.109,160.0,160.0,0.0,11.811,22.962,25.962,1
IR014_1,inner_race,1,0.014,VW,512,50,751,15.979,160.109,160.0,160.0,0.0,62.492,15.014,25.962,1
IR014_1,inner_race,1,0.014,DROP,512,50,751,15.979,160.109,160.0,160.0,0.0,99.853,6.421,25.962,1
IR014_1,inner_race,1,0.014,IE_ORACLE,512,50,751,15.979,160.109,160.0,160.0,0.0,6.492,23.374,25.962,1
IR014_1,inner_race,1,0.014,LTTB,512,50,751,15.979,160.109,160.0,160.0,0.0,89.442,14.381,25.962,1
IR014_1,inner_race,1,0.014,SDT,512,50,752,15.957,160.109,160.0,160.0,0.0,15.696,23.059,25.962,1
IR014_1,inner_race,1,0.014,SDT_BOUNDED,512,50,750,16.0,160.109,160.0,160.0,0.0,16.077,22.666,25.962,1
IR014_2,inner_race,2,0.014,IE,128,5,2527,4.749,158.124,158.0,158.0,0.0,9.106,23.653,23.096,1
IR014_2,inner_race,2,0.014,VW,128,5,2527,4.749,158.124,158.0,158.0,0.0,5.826,22.777,23.096,1
IR014_2,inner_race,2,0.014,DROP,128,5,2527,4.749,158.124,158.0,158.0,0.0,93.576,17.866,23.096,1
IR014_2,inner_race,2,0.014,IE_ORACLE,128,5,2527,4.749,158.124,158.0,158.0,0.0,9.049,23.312,23.096,1
IR014_2,inner_race,2,0.014,LTTB,128,5,2527,4.749,158.124,158.0,158.0,0.0,71.167,20.179,23.096,1
IR014_2,inner_race,2,0.014,SDT,128,5,2527,4.749,158.124,158.0,158.0,0.0,7.036,23.488,23.096,1
IR014_2,inner_race,2,0.014,SDT_BOUNDED,128,5,2464,4.87,158.124,158.0,158.0,0.0,0.679,22.316,23.096,1
IR014_2,inner_race,2,0.014,IE,128,10,1327,9.043,158.124,158.0,158.0,0.0,0.82,22.602,23.096,1
IR014_2,inner_race,2,0.014,VW,128,10,1327,9.043,158.124,158.0,158.0,0.0,37.086,20.607,23.096,1
IR014_2,inner_race,2,0.014,DROP,128,10,1327,9.043,158.124,158.0,158.0,0.0,98.918,15.513,23.096,1
IR014_2,inner_race,2,0.014,IE_ORACLE,128,10,1327,9.043,158.124,158.0,158.0,0.0,0.16,22.957,23.096,1
IR014_2,inner_race,2,0.014,LTTB,128,10,1327,9.043,158.124,158.0,158.0,0.0,83.75,19.462,23.096,1
IR014_2,inner_race,2,0.014,SDT,128,10,1328,9.036,158.124,158.0,158.0,0.0,5.573,22.211,23.096,1
IR014_2,inner_race,2,0.014,SDT_BOUNDED,128,10,1314,9.132,158.124,158.0,158.0,0.0,7.658,22.402,23.096,1
IR014_2,inner_race,2,0.014,IE,128,20,727,16.506,158.124,158.0,158.0,0.0,11.762,21.858,23.096,1
IR014_2,inner_race,2,0.014,VW,128,20,727,16.506,158.124,158.0,158.0,0.0,71.299,14.612,23.096,1
IR014_2,inner_race,2,0.014,DROP,128,20,727,16.506,158.124,158.0,158.0,0.0,99.617,12.928,23.096,1
IR014_2,inner_race,2,0.014,IE_ORACLE,128,20,727,16.506,158.124,158.0,158.0,0.0,9.511,22.113,23.096,1
IR014_2,inner_race,2,0.014,LTTB,128,20,727,16.506,158.124,158.0,158.0,0.0,90.822,14.501,23.096,1
IR014_2,inner_race,2,0.014,SDT,128,20,726,16.529,158.124,158.0,158.0,0.0,17.009,21.47,23.096,1
IR014_2,inner_race,2,0.014,SDT_BOUNDED,128,20,718,16.713,158.124,158.0,158.0,0.0,17.69,21.054,23.096,1
IR014_2,inner_race,2,0.014,IE,128,50,367,32.698,158.124,158.0,158.0,0.0,35.187,21.159,23.096,1
IR014_2,inner_race,2,0.014,VW,128,50,367,32.698,158.124,158.0,158.0,0.0,92.174,11.552,23.096,1
IR014_2,inner_race,2,0.014,DROP,128,50,367,32.698,158.124,158.0,158.0,0.0,99.953,8.57,23.096,1
IR014_2,inner_race,2,0.014,IE_ORACLE,128,50,367,32.698,158.124,158.0,158.0,0.0,27.527,19.791,23.096,1
IR014_2,inner_race,2,0.014,LTTB,128,50,367,32.698,158.124,158.0,158.0,0.0,95.657,12.359,23.096,1
IR014_2,inner_race,2,0.014,SDT,128,50,368,32.609,158.124,158.0,158.0,0.0,36.965,19.098,23.096,1
IR014_2,inner_race,2,0.014,SDT_BOUNDED,128,50,368,32.609,158.124,158.0,158.0,0.0,36.965,19.098,23.096,1
IR014_2,inner_race,2,0.014,IE,256,5,2655,4.52,158.124,158.0,158.0,0.0,9.831,23.817,23.096,1
IR014_2,inner_race,2,0.014,VW,256,5,2655,4.52,158.124,158.0,158.0,0.0,6.227,22.688,23.096,1
IR014_2,inner_race,2,0.014,DROP,256,5,2655,4.52,158.124,158.0,158.0,0.0,93.167,19.348,23.096,1
IR014_2,inner_race,2,0.014,IE_ORACLE,256,5,2655,4.52,158.124,158.0,158.0,0.0,8.766,22.893,23.096,1
IR014_2,inner_race,2,0.014,LTTB,256,5,2655,4.52,158.124,158.0,158.0,0.0,72.513,22.236,23.096,1
IR014_2,inner_race,2,0.014,SDT,256,5,2656,4.518,158.124,158.0,158.0,0.0,7.813,23.689,23.096,1
IR014_2,inner_race,2,0.014,SDT_BOUNDED,256,5,2635,4.554,158.124,158.0,158.0,0.0,6.919,23.299,23.096,1
IR014_2,inner_race,2,0.014,IE,256,10,1455,8.247,158.124,158.0,158.0,0.0,0.499,22.596,23.096,1
IR014_2,inner_race,2,0.014,VW,256,10,1455,8.247,158.124,158.0,158.0,0.0,35.41,20.751,23.096,1
IR014_2,inner_race,2,0.014,DROP,256,10,1455,8.247,158.124,158.0,158.0,0.0,98.949,15.097,23.096,1
IR014_2,inner_race,2,0.014,IE_ORACLE,256,10,1455,8.247,158.124,158.0,158.0,0.0,1.9,23.141,23.096,1
IR014_2,inner_race,2,0.014,LTTB,256,10,1455,8.247,158.124,158.0,158.0,0.0,82.725,19.311,23.096,1
IR014_2,inner_race,2,0.014,SDT,256,10,1456,8.242,158.124,158.0,158.0,0.0,2.63,22.623,23.096,1
IR014_2,inner_race,2,0.014,SDT_BOUNDED,256,10,1453,8.259,158.124,158.0,158.0,0.0,2.673,22.686,23.096,1
IR014_2,inner_race,2,0.014,IE,256,20,855,14.035,158.124,158.0,158.0,0.0,9.43,22.079,23.096,1
IR014_2,inner_race,2,0.014,VW,256,20,855,14.035,158.124,158.0,158.0,0.0,67.108,13.182,23.096,1
IR014_2,inner_race,2,0.014,DROP,256,20,855,14.035,158.124,158.0,158.0,0.0,99.689,11.046,23.096,1
IR014_2,inner_race,2,0.014,IE_ORACLE,256,20,855,14.035,158.124,158.0,158.0,0.0,7.523,22.294,23.096,1
IR014_2,inner_race,2,0.014,LTTB,256,20,855,14.035,158.124,158.0,158.0,0.0,89.389,14.995,23.096,1
IR014_2,inner_race,2,0.014,SDT,256,20,855,14.035,158.124,158.0,158.0,0.0,12.599,21.966,23.096,1
IR014_2,inner_race,2,0.014,SDT_BOUNDED,256,20,855,14.035,158.124,158.0,158.0,0.0,12.599,21.966,23.096,1
IR014_2,inner_race,2,0.014,IE,256,50,495,24.242,158.124,158.0,158.0,0.0,26.316,20.286,23.096,1
IR014_2,inner_race,2,0.014,VW,256,50,495,24.242,158.124,158.0,158.0,0.0,88.654,9.354,23.096,1
IR014_2,inner_race,2,0.014,DROP,256,50,495,24.242,158.124,158.0,158.0,0.0,99.96,8.983,23.096,1
IR014_2,inner_race,2,0.014,IE_ORACLE,256,50,495,24.242,158.124,158.0,158.0,0.0,19.828,21.108,23.096,1
IR014_2,inner_race,2,0.014,LTTB,256,50,495,24.242,158.124,158.0,158.0,0.0,93.815,10.017,23.096,1
IR014_2,inner_race,2,0.014,SDT,256,50,497,24.145,158.124,158.0,158.0,0.0,26.916,20.113,23.096,1
IR014_2,inner_race,2,0.014,SDT_BOUNDED,256,50,496,24.194,158.124,158.0,158.0,0.0,26.902,20.117,23.096,1
IR014_2,inner_race,2,0.014,IE,512,5,2911,4.122,158.124,158.0,158.0,0.0,8.831,23.554,23.096,1
IR014_2,inner_race,2,0.014,VW,512,5,2911,4.122,158.124,158.0,158.0,0.0,5.749,22.772,23.096,1
IR014_2,inner_race,2,0.014,DROP,512,5,2911,4.122,158.124,158.0,158.0,0.0,94.218,16.979,23.096,1
IR014_2,inner_race,2,0.014,IE_ORACLE,512,5,2911,4.122,158.124,158.0,158.0,0.0,8.664,23.363,23.096,1
IR014_2,inner_race,2,0.014,LTTB,512,5,2911,4.122,158.124,158.0,158.0,0.0,71.871,21.623,23.096,1
IR014_2,inner_race,2,0.014,SDT,512,5,2912,4.121,158.124,158.0,158.0,0.0,10.373,23.617,23.096,1
IR014_2,inner_race,2,0.014,SDT_BOUNDED,512,5,2905,4.131,158.124,158.0,158.0,0.0,10.352,23.686,23.096,1
IR014_2,inner_race,2,0.014,IE,512,10,1711,7.013,158.124,158.0,158.0,0.0,1.991,22.823,23.096,1
IR014_2,inner_race,2,0.014,VW,512,10,1711,7.013,158.124,158.0,158.0,0.0,30.014,20.765,23.096,1
IR014_2,inner_race,2,0.014,DROP,512,10,1711,7.013,158.124,158.0,158.0,0.0,98.954,15.573,23.096,1
IR014_2,inner_race,2,0.014,IE_ORACLE,512,10,1711,7.013,158.124,158.0,158.0,0.0,4.03,23.322,23.096,1
IR014_2,inner_race,2,0.014,LTTB,512,10,1711,7.013,158.124,158.0,158.0,0.0,81.069,19.129,23.096,1
IR014_2,inner_race,2,0.014,SDT,512,10,1711,7.013,158.124,158.0,158.0,0.0,0.479,22.542,23.096,1
IR014_2,inner_race,2,0.014,SDT_BOUNDED,512,10,1709,7.022,158.124,158.0,158.0,0.0,0.356,22.368,23.096,1
IR014_2,inner_race,2,0.014,IE,512,20,1111,10.801,158.124,158.0,158.0,0.0,6.778,22.56,23.096,1
IR014_2,inner_race,2,0.014,VW,512,20,1111,10.801,158.124,158.0,158.0,0.0,45.563,19.276,23.096,1
IR014_2,inner_race,2,0.014,DROP,512,20,1111,10.801,158.124,158.0,158.0,0.0,99.656,12.335,23.096,1
IR014_2,inner_race,2,0.014,IE_ORACLE,512,20,1111,10.801,158.124,158.0,158.0,0.0,2.825,22.844,23.096,1
IR014_2,inner_race,2,0.014,LTTB,512,20,1111,10.801,158.124,158.0,158.0,0.0,88.818,15.904,23.096,1
IR014_2,inner_race,2,0.014,SDT,512,20,1112,10.791,158.124,158.0,158.0,0.0,8.471,22.138,23.096,1
IR014_2,inner_race,2,0.014,SDT_BOUNDED,512,20,1111,10.801,158.124,158.0,158.0,0.0,9.497,21.554,23.096,1
IR014_2,inner_race,2,0.014,IE,512,50,751,15.979,158.124,158.0,158.0,0.0,11.185,22.104,23.096,1
IR014_2,inner_race,2,0.014,VW,512,50,751,15.979,158.124,158.0,158.0,0.0,67.47,15.101,23.096,1
IR014_2,inner_race,2,0.014,DROP,512,50,751,15.979,158.124,158.0,152.0,6.0,99.927,5.487,23.096,0
IR014_2,inner_race,2,0.014,IE_ORACLE,512,50,751,15.979,158.124,158.0,158.0,0.0,8.829,22.416,23.096,1
IR014_2,inner_race,2,0.014,LTTB,512,50,751,15.979,158.124,158.0,158.0,0.0,92.426,14.972,23.096,1
IR014_2,inner_race,2,0.014,SDT,512,50,751,15.979,158.124,158.0,158.0,0.0,15.738,21.527,23.096,1
IR014_2,inner_race,2,0.014,SDT_BOUNDED,512,50,751,15.979,158.124,158.0,158.0,0.0,15.738,21.527,23.096,1
IR014_3,inner_race,3,0.014,IE,128,5,2527,4.749,155.958,156.0,156.0,0.0,5.17,24.93,25.429,1
IR014_3,inner_race,3,0.014,VW,128,5,2527,4.749,155.958,156.0,156.0,0.0,15.828,24.281,25.429,1
IR014_3,inner_race,3,0.014,DROP,128,5,2527,4.749,155.958,156.0,156.0,0.0,94.046,18.73,25.429,1
IR014_3,inner_race,3,0.014,IE_ORACLE,128,5,2527,4.749,155.958,156.0,156.0,0.0,8.159,25.435,25.429,1
IR014_3,inner_race,3,0.014,LTTB,128,5,2527,4.749,155.958,156.0,156.0,0.0,77.821,21.286,25.429,1
IR014_3,inner_race,3,0.014,SDT,128,5,2528,4.747,155.958,156.0,156.0,0.0,4.931,25.323,25.429,1
IR014_3,inner_race,3,0.014,SDT_BOUNDED,128,5,2501,4.798,155.958,156.0,156.0,0.0,4.312,24.958,25.429,1
IR014_3,inner_race,3,0.014,IE,128,10,1327,9.043,155.958,156.0,156.0,0.0,3.074,24.46,25.429,1
IR014_3,inner_race,3,0.014,VW,128,10,1327,9.043,155.958,156.0,156.0,0.0,41.31,19.645,25.429,1
IR014_3,inner_race,3,0.014,DROP,128,10,1327,9.043,155.958,156.0,156.0,0.0,99.159,13.717,25.429,1
IR014_3,inner_race,3,0.014,IE_ORACLE,128,10,1327,9.043,155.958,156.0,156.0,0.0,2.899,24.991,25.429,1
IR014_3,inner_race,3,0.014,LTTB,128,10,1327,9.043,155.958,156.0,156.0,0.0,85.293,17.09,25.429,1
IR014_3,inner_race,3,0.014,SDT,128,10,1329,9.029,155.958,156.0,156.0,0.0,12.68,23.375,25.429,1
IR014_3,inner_race,3,0.014,SDT_BOUNDED,128,10,1313,9.139,155.958,156.0,156.0,0.0,12.725,23.4,25.429,1
IR014_3,inner_race,3,0.014,IE,128,20,727,16.506,155.958,156.0,156.0,0.0,13.883,23.761,25.429,1
IR014_3,inner_race,3,0.014,VW,128,20,727,16.506,155.958,156.0,156.0,0.0,74.931,16.455,25.429,1
IR014_3,inner_race,3,0.014,DROP,128,20,727,16.506,155.958,156.0,156.0,0.0,99.733,9.793,25.429,1
IR014_3,inner_race,3,0.014,IE_ORACLE,128,20,727,16.506,155.958,156.0,156.0,0.0,14.206,22.908,25.429,1
IR014_3,inner_race,3,0.014,LTTB,128,20,727,16.506,155.958,156.0,156.0,0.0,93.812,13.407,25.429,1
IR014_3,inner_race,3,0.014,SDT,128,20,727,16.506,155.958,156.0,156.0,0.0,23.351,23.491,25.429,1
IR014_3,inner_race,3,0.014,SDT_BOUNDED,128,20,715,16.783,155.958,156.0,156.0,0.0,24.143,22.923,25.429,1
IR014_3,inner_race,3,0.014,IE,128,50,367,32.698,155.958,156.0,156.0,0.0,34.933,22.05,25.429,1
IR014_3,inner_race,3,0.014,VW,128,50,367,32.698,155.958,156.0,156.0,0.0,95.199,11.194,25.429,1
IR014_3,inner_race,3,0.014,DROP,128,50,367,32.698,155.958,156.0,156.0,0.0,99.96,6.488,25.429,1
IR014_3,inner_race,3,0.014,IE_ORACLE,128,50,367,32.698,155.958,156.0,156.0,0.0,30.361,22.702,25.429,1
IR014_3,inner_race,3,0.014,LTTB,128,50,367,32.698,155.958,156.0,156.0,0.0,96.619,16.615,25.429,1
IR014_3,inner_race,3,0.014,SDT,128,50,368,32.609,155.958,156.0,156.0,0.0,36.324,21.01,25.429,1
IR014_3,inner_race,3,0.014,SDT_BOUNDED,128,50,363,33.058,155.958,156.0,156.0,0.0,37.724,20.544,25.429,1
IR014_3,inner_race,3,0.014,IE,256,5,2655,4.52,155.958,156.0,156.0,0.0,5.464,24.925,25.429,1
IR014_3,inner_race,3,0.014,VW,256,5,2655,4.52,155.958,156.0,156.0,0.0,14.409,23.914,25.429,1
IR014_3,inner_race,3,0.014,DROP,256,5,2655,4.52,155.958,156.0,156.0,0.0,93.425,19.515,25.429,1
IR014_3,inner_race,3,0.014,IE_ORACLE,256,5,2655,4.52,155.958,156.0,156.0,0.0,8.51,25.286,25.429,1
IR014_3,inner_race,3,0.014,LTTB,256,5,2655,4.52,155.958,156.0,156.0,0.0,75.839,21.308,25.429,1
IR014_3,inner_race,3,0.014,SDT,256,5,2654,4.521,155.958,156.0,156.0,0.0,6.043,25.025,25.429,1
IR014_3,inner_race,3,0.014,SDT_BOUNDED,256,5,2629,4.564,155.958,156.0,156.0,0.0,5.61,25.071,25.429,1
IR014_3,inner_race,3,0.014,IE,256,10,1455,8.247,155.958,156.0,156.0,0.0,2.599,24.311,25.429,1
IR014_3,inner_race,3,0.014,VW,256,10,1455,8.247,155.958,156.0,156.0,0.0,37.598,19.924,25.429,1
IR014_3,inner_race,3,0.014,DROP,256,10,1455,8.247,155.958,156.0,156.0,0.0,98.819,15.323,25.429,1
IR014_3,inner_race,3,0.014,IE_ORACLE,256,10,1455,8.247,155.958,156.0,156.0,0.0,2.226,25.218,25.429,1
IR014_3,inner_race,3,0.014,LTTB,256,10,1455,8.247,155.958,156.0,156.0,0.0,85.736,18.808,25.429,1
IR014_3,inner_race,3,0.014,SDT,256,10,1456,8.242,155.958,156.0,156.0,0.0,9.611,23.441,25.429,1
IR014_3,inner_race,3,0.014,SDT_BOUNDED,256,10,1440,8.333,155.958,156.0,156.0,0.0,9.927,23.467,25.429,1
IR014_3,inner_race,3,0.014,IE,256,20,855,14.035,155.958,156.0,156.0,0.0,14.099,24.11,25.429,1
IR014_3,inner_race,3,0.014,VW,256,20,855,14.035,155.958,156.0,156.0,0.0,68.53,17.545,25.429,1
IR014_3,inner_race,3,0.014,DROP,256,20,855,14.035,155.958,156.0,156.0,0.0,99.511,13.255,25.429,1
IR014_3,inner_race,3,0.014,IE_ORACLE,256,20,855,14.035,155.958,156.0,156.0,0.0,10.626,24.3,25.429,1
IR014_3,inner_race,3,0.014,LTTB,256,20,855,14.035,155.958,156.0,156.0,0.0,90.995,16.327,25.429,1
IR014_3,inner_race,3,0.014,SDT,256,20,858,13.986,155.958,156.0,156.0,0.0,21.835,23.07,25.429,1
IR014_3,inner_race,3,0.014,SDT_BOUNDED,256,20,846,14.184,155.958,156.0,156.0,0.0,23.059,22.241,25.429,1
IR014_3,inner_race,3,0.014,IE,256,50,495,24.242,155.958,156.0,156.0,0.0,27.086,23.225,25.429,1
IR014_3,inner_race,3,0.014,VW,256,50,495,24.242,155.958,156.0,156.0,0.0,91.255,13.609,25.429,1
IR014_3,inner_race,3,0.014,DROP,256,50,495,24.242,155.958,156.0,156.0,0.0,99.943,9.101,25.429,1
IR014_3,inner_race,3,0.014,IE_ORACLE,256,50,495,24.242,155.958,156.0,156.0,0.0,23.269,23.135,25.429,1
IR014_3,inner_race,3,0.014,LTTB,256,50,495,24.242,155.958,156.0,156.0,0.0,95.788,13.716,25.429,1
IR014_3,inner_race,3,0.014,SDT,256,50,496,24.194,155.958,156.0,156.0,0.0,29.434,22.961,25.429,1
IR014_3,inner_race,3,0.014,SDT_BOUNDED,256,50,491,24.44,155.958,156.0,156.0,0.0,33.062,21.001,25.429,1
IR014_3,inner_race,3,0.014,IE,512,5,2911,4.122,155.958,156.0,156.0,0.0,6.318,25.296,25.429,1
IR014_3,inner_race,3,0.014,VW,512,5,2911,4.122,155.958,156.0,156.0,0.0,14.923,24.409,25.429,1
IR014_3,inner_race,3,0.014,DROP,512,5,2911,4.122,155.958,156.0,156.0,0.0,94.655,16.287,25.429,1
IR014_3,inner_race,3,0.014,IE_ORACLE,512,5,2911,4.122,155.958,156.0,156.0,0.0,8.8,25.445,25.429,1
IR014_3,inner_race,3,0.014,LTTB,512,5,2911,4.122,155.958,156.0,156.0,0.0,72.563,23.493,25.429,1
IR014_3,inner_race,3,0.014,SDT,512,5,2914,4.118,155.958,156.0,156.0,0.0,6.911,25.954,25.429,1
IR014_3,inner_race,3,0.014,SDT_BOUNDED,512,5,2892,4.149,155.958,156.0,156.0,0.0,5.533,25.687,25.429,1
IR014_3,inner_race,3,0.014,IE,512,10,1711,7.013,155.958,156.0,156.0,0.0,3.216,24.482,25.429,1
IR014_3,inner_race,3,0.014,VW,512,10,1711,7.013,155.958,156.0,156.0,0.0,32.527,21.775,25.429,1
IR014_3,inner_race,3,0.014,DROP,512,10,1711,7.013,155.958,156.0,156.0,0.0,98.845,16.677,25.429,1
IR014_3,inner_race,3,0.014,IE_ORACLE,512,10,1711,7.013,155.958,156.0,156.0,0.0,0.175,25.114,25.429,1
IR014_3,inner_race,3,0.014,LTTB,512,10,1711,7.013,155.958,156.0,156.0,0.0,82.741,19.189,25.429,1
IR014_3,inner_race,3,0.014,SDT,512,10,1712,7.009,155.958,156.0,156.0,0.0,6.122,24.163,25.429,1
IR014_3,inner_race,3,0.014,SDT_BOUNDED,512,10,1699,7.063,155.958,156.0,156.0,0.0,6.312,23.984,25.429,1
IR014_3,inner_race,3,0.014,IE,512,20,1111,10.801,155.958,156.0,156.0,0.0,10.143,23.666,25.429,1
IR014_3,inner_race,3,0.014,VW,512,20,1111,10.801,155.958,156.0,156.0,0.0,51.516,16.322,25.429,1
IR014_3,inner_race,3,0.014,DROP,512,20,1111,10.801,155.958,156.0,156.0,0.0,99.543,12.447,25.429,1
IR014_3,inner_race,3,0.014,IE_ORACLE,512,20,1111,10.801,155.958,156.0,156.0,0.0,4.6,24.551,25.429,1
IR014_3,inner_race,3,0.014,LTTB,512,20,1111,10.801,155.958,156.0,156.0,0.0,90.138,13.769,25.429,1
IR014_3,inner_race,3,0.014,SDT,512,20,1110,10.811,155.958,156.0,156.0,0.0,15.818,23.473,25.429,1
IR014_3,inner_race,3,0.014,SDT_BOUNDED,512,20,1106,10.85,155.958,156.0,156.0,0.0,15.652,23.699,25.429,1
IR014_3,inner_race,3,0.014,IE,512,50,751,15.979,155.958,156.0,156.0,0.0,17.418,22.909,25.429,1
IR014_3,inner_race,3,0.014,VW,512,50,751,15.979,155.958,156.0,156.0,0.0,70.703,14.918,25.429,1
IR014_3,inner_race,3,0.014,DROP,512,50,751,15.979,155.958,156.0,156.0,0.0,99.839,5.639,25.429,0
IR014_3,inner_race,3,0.014,IE_ORACLE,512,50,751,15.979,155.958,156.0,156.0,0.0,14.021,23.257,25.429,1
IR014_3,inner_race,3,0.014,LTTB,512,50,751,15.979,155.958,156.0,156.0,0.0,90.396,15.619,25.429,1
IR014_3,inner_race,3,0.014,SDT,512,50,750,16.0,155.958,156.0,156.0,0.0,21.99,22.913,25.429,1
IR014_3,inner_race,3,0.014,SDT_BOUNDED,512,50,749,16.021,155.958,156.0,156.0,0.0,22.073,22.891,25.429,1
B014_0,ball,0,0.014,IE,128,5,2527,4.749,70.547,72.0,72.0,0.0,2.354,-0.782,-0.389,0
B014_0,ball,0,0.014,VW,128,5,2527,4.749,70.547,72.0,72.0,0.0,19.862,2.232,-0.389,0
B014_0,ball,0,0.014,DROP,128,5,2527,4.749,70.547,72.0,72.0,0.0,92.719,1.713,-0.389,0
B014_0,ball,0,0.014,IE_ORACLE,128,5,2527,4.749,70.547,72.0,72.0,0.0,4.765,-0.99,-0.389,0
B014_0,ball,0,0.014,LTTB,128,5,2527,4.749,70.547,72.0,72.0,0.0,71.953,1.484,-0.389,0
B014_0,ball,0,0.014,SDT,128,5,2528,4.747,70.547,72.0,72.0,0.0,0.476,-0.94,-0.389,0
B014_0,ball,0,0.014,SDT_BOUNDED,128,5,2097,5.722,70.547,72.0,72.0,0.0,29.515,3.257,-0.389,0
B014_0,ball,0,0.014,IE,128,10,1327,9.043,70.547,72.0,68.0,4.0,8.836,-1.633,-0.389,0
B014_0,ball,0,0.014,VW,128,10,1327,9.043,70.547,72.0,73.0,1.0,10.929,5.799,-0.389,0
B014_0,ball,0,0.014,DROP,128,10,1327,9.043,70.547,72.0,73.0,1.0,96.689,3.021,-0.389,0
B014_0,ball,0,0.014,IE_ORACLE,128,10,1327,9.043,70.547,72.0,72.0,0.0,11.742,-0.012,-0.389,0
B014_0,ball,0,0.014,LTTB,128,10,1327,9.043,70.547,72.0,74.0,2.0,79.627,4.756,-0.389,0
B014_0,ball,0,0.014,SDT,128,10,1327,9.043,70.547,72.0,73.0,1.0,18.682,-0.244,-0.389,0
B014_0,ball,0,0.014,SDT_BOUNDED,128,10,1028,11.673,70.547,72.0,72.0,0.0,40.985,3.927,-0.389,0
B014_0,ball,0,0.014,IE,128,20,727,16.506,70.547,72.0,68.0,4.0,6.745,1.141,-0.389,0
B014_0,ball,0,0.014,VW,128,20,727,16.506,70.547,72.0,73.0,1.0,77.461,3.841,-0.389,0
B014_0,ball,0,0.014,DROP,128,20,727,16.506,70.547,72.0,73.0,1.0,99.086,1.07,-0.389,0
B014_0,ball,0,0.014,IE_ORACLE,128,20,727,16.506,70.547,72.0,73.0,1.0,16.236,0.169,-0.389,0
B014_0,ball,0,0.014,LTTB,128,20,727,16.506,70.547,72.0,73.0,1.0,86.289,6.231,-0.389,1
B014_0,ball,0,0.014,SDT,128,20,725,16.552,70.547,72.0,73.0,1.0,14.974,0.901,-0.389,0
B014_0,ball,0,0.014,SDT_BOUNDED,128,20,530,22.642,70.547,72.0,73.0,1.0,20.822,2.868,-0.389,0
B014_0,ball,0,0.014,IE,128,50,367,32.698,70.547,72.0,73.0,1.0,22.027,3.973,-0.389,0
B014_0,ball,0,0.014,VW,128,50,367,32.698,70.547,72.0,68.0,4.0,87.644,3.974,-0.389,0
B014_0,ball,0,0.014,DROP,128,50,367,32.698,70.547,72.0,70.0,2.0,99.825,3.325,-0.389,0
B014_0,ball,0,0.014,IE_ORACLE,128,50,367,32.698,70.547,72.0,73.0,1.0,22.952,2.279,-0.389,0
B014_0,ball,0,0.014,LTTB,128,50,367,32.698,70.547,72.0,72.0,0.0,92.4,-0.893,-0.389,0
B014_0,ball,0,0.014,SDT,128,50,372,32.258,70.547,72.0,73.0,1.0,35.11,4.519,-0.389,0
B014_0,ball,0,0.014,SDT_BOUNDED,128,50,275,43.636,70.547,72.0,72.0,0.0,19.83,3.734,-0.389,0
B014_0,ball,0,0.014,IE,256,5,2655,4.52,70.547,72.0,72.0,0.0,14.977,-2.036,-0.389,0
B014_0,ball,0,0.014,VW,256,5,2655,4.52,70.547,72.0,72.0,0.0,7.613,0.749,-0.389,0
B014_0,ball,0,0.014,DROP,256,5,2655,4.52,70.547,72.0,73.0,1.0,93.769,-0.558,-0.389,0
B014_0,ball,0,0.014,IE_ORACLE,256,5,2655,4.52,70.547,72.0,71.0,1.0,5.156,-1.255,-0.389,0
B014_0,ball,0,0.014,LTTB,256,5,2655,4.52,70.547,72.0,72.0,0.0,73.504,0.567,-0.389,0
B014_0,ball,0,0.014,SDT,256,5,2655,4.52,70.547,72.0,72.0,0.0,0.213,-1.197,-0.389,0
B014_0,ball,0,0.014,SDT_BOUNDED,256,5,2290,5.24,70.547,72.0,69.0,3.0,30.393,-1.613,-0.389,0
B014_0,ball,0,0.014,IE,256,10,1455,8.247,70.547,72.0,68.0,4.0,3.492,-1.548,-0.389,0
B014_0,ball,0,0.014,VW,256,10,1455,8.247,70.547,72.0,73.0,1.0,1.835,3.674,-0.389,0
B014_0,ball,0,0.014,DROP,256,10,1455,8.247,70.547,72.0,73.0,1.0,96.652,2.968,-0.389,0
B014_0,ball,0,0.014,IE_ORACLE,256,10,1455,8.247,70.547,72.0,72.0,0.0,12.028,0.022,-0.389,0
B014_0,ball,0,0.014,LTTB,256,10,1455,8.247,70.547,72.0,70.0,2.0,82.41,1.578,-0.389,0
B014_0,ball,0,0.014,SDT,256,10,1455,8.247,70.547,72.0,73.0,1.0,4.199,-1.509,-0.389,0
B014_0,ball,0,0.014,SDT_BOUNDED,256,10,1186,10.118,70.547,72.0,68.0,4.0,44.388,3.571,-0.389,0
B014_0,ball,0,0.014,IE,256,20,855,14.035,70.547,72.0,68.0,4.0,1.164,0.016,-0.389,0
B014_0,ball,0,0.014,VW,256,20,855,14.035,70.547,72.0,73.0,1.0,45.381,3.75,-0.389,0
B014_0,ball,0,0.014,DROP,256,20,855,14.035,70.547,72.0,71.0,1.0,97.93,3.774,-0.389,0
B014_0,ball,0,0.014,IE_ORACLE,256,20,855,14.035,70.547,72.0,73.0,1.0,4.05,-0.661,-0.389,0
B014_0,ball,0,0.014,LTTB,256,20,855,14.035,70.547,72.0,73.0,1.0,83.802,4.403,-0.389,0
B014_0,ball,0,0.014,SDT,256,20,857,14.002,70.547,72.0,68.0,4.0,8.824,0.162,-0.389,0
B014_0,ball,0,0.014,SDT_BOUNDED,256,20,691,17.366,70.547,72.0,72.0,0.0,58.632,-4.05,-0.389,0
B014_0,ball,0,0.014,IE,256,50,495,24.242,70.547,72.0,73.0,1.0,6.985,1.474,-0.389,0
B014_0,ball,0,0.014,VW,256,50,495,24.242,70.547,72.0,73.0,1.0,78.564,3.196,-0.389,0
B014_0,ball,0,0.014,DROP,256,50,495,24.242,70.547,72.0,71.0,1.0,99.745,4.665,-0.389,0
B014_0,ball,0,0.014,IE_ORACLE,256,50,495,24.242,70.547,72.0,73.0,1.0,7.245,0.437,-0.389,0
B014_0,ball,0,0.014,LTTB,256,50,495,24.242,70.547,72.0,69.0,3.0,92.927,2.639,-0.389,0
B014_0,ball,0,0.014,SDT,256,50,498,24.096,70.547,72.0,73.0,1.0,30.543,2.452,-0.389,0
B014_0,ball,0,0.014,SDT_BOUNDED,256,50,421,28.504,70.547,72.0,73.0,1.0,66.551,6.056,-0.389,1
B014_0,ball,0,0.014,IE,512,5,2911,4.122,70.547,72.0,72.0,0.0,4.203,-1.189,-0.389,0
B014_0,ball,0,0.014,VW,512,5,2911,4.122,70.547,72.0,72.0,0.0,4.521,0.058,-0.389,0
B014_0,ball,0,0.014,DROP,512,5,2911,4.122,70.547,72.0,72.0,0.0,92.896,0.764,-0.389,0
B014_0,ball,0,0.014,IE_ORACLE,512,5,2911,4.122,70.547,72.0,72.0,0.0,1.664,-0.79,-0.389,0
B014_0,ball,0,0.014,LTTB,512,5,2911,4.122,70.547,72.0,72.0,0.0,74.075,-1.415,-0.389,0
B014_0,ball,0,0.014,SDT,512,5,2911,4.122,70.547,72.0,72.0,0.0,4.551,-0.856,-0.389,0
B014_0,ball,0,0.014,SDT_BOUNDED,512,5,2662,4.508,70.547,72.0,70.0,2.0,8.387,-0.339,-0.389,0
B014_0,ball,0,0.014,IE,512,10,1711,7.013,70.547,72.0,72.0,0.0,3.31,-1.194,-0.389,0
B014_0,ball,0,0.014,VW,512,10,1711,7.013,70.547,72.0,73.0,1.0,13.342,2.908,-0.389,0
B014_0,ball,0,0.014,DROP,512,10,1711,7.013,70.547,72.0,68.0,4.0,95.547,4.361,-0.389,0
B014_0,ball,0,0.014,IE_ORACLE,512,10,1711,7.013,70.547,72.0,72.0,0.0,2.03,-0.658,-0.389,0
B014_0,ball,0,0.014,LTTB,512,10,1711,7.013,70.547,72.0,72.0,0.0,76.664,1.525,-0.389,0
B014_0,ball,0,0.014,SDT,512,10,1714,7.001,70.547,72.0,72.0,0.0,6.391,-0.708,-0.389,0
B014_0,ball,0,0.014,SDT_BOUNDED,512,10,1532,7.833,70.547,72.0,68.0,4.0,12.754,0.644,-0.389,0
B014_0,ball,0,0.014,IE,512,20,1111,10.801,70.547,72.0,72.0,0.0,16.894,0.307,-0.389,0
B014_0,ball,0,0.014,VW,512,20,1111,10.801,70.547,72.0,73.0,1.0,4.866,4.02,-0.389,0
B014_0,ball,0,0.014,DROP,512,20,1111,10.801,70.547,72.0,69.0,3.0,98.464,2.442,-0.389,0
B014_0,ball,0,0.014,IE_ORACLE,512,20,1111,10.801,70.547,72.0,72.0,0.0,6.673,-0.436,-0.389,0
B014_0,ball,0,0.014,LTTB,512,20,1111,10.801,70.547,72.0,70.0,2.0,89.504,0.336,-0.389,0
B014_0,ball,0,0.014,SDT,512,20,1117,10.743,70.547,72.0,68.0,4.0,15.583,0.452,-0.389,0
B014_0,ball,0,0.014,SDT_BOUNDED,512,20,1018,11.788,70.547,72.0,68.0,4.0,53.437,2.983,-0.389,0
B014_0,ball,0,0.014,IE,512,50,751,15.979,70.547,72.0,73.0,1.0,12.516,0.671,-0.389,0
B014_0,ball,0,0.014,VW,512,50,751,15.979,70.547,72.0,73.0,1.0,19.972,3.313,-0.389,0
B014_0,ball,0,0.014,DROP,512,50,751,15.979,70.547,72.0,69.0,3.0,99.708,3.296,-0.389,0
B014_0,ball,0,0.014,IE_ORACLE,512,50,751,15.979,70.547,72.0,73.0,1.0,20.56,0.724,-0.389,0
B014_0,ball,0,0.014,LTTB,512,50,751,15.979,70.547,72.0,72.0,0.0,88.048,5.888,-0.389,0
B014_0,ball,0,0.014,SDT,512,50,750,16.0,70.547,72.0,73.0,1.0,18.558,1.233,-0.389,0
B014_0,ball,0,0.014,SDT_BOUNDED,512,50,732,16.393,70.547,72.0,69.0,3.0,14.005,1.126,-0.389,0
B014_1,ball,1,0.014,IE,128,5,2527,4.749,69.604,71.0,71.0,0.0,14.31,1.574,1.816,0
B014_1,ball,1,0.014,VW,128,5,2527,4.749,69.604,71.0,71.0,0.0,10.204,1.681,1.816,0
B014_1,ball,1,0.014,DROP,128,5,2527,4.749,69.604,71.0,71.0,0.0,91.919,2.629,1.816,0
B014_1,ball,1,0.014,IE_ORACLE,128,5,2527,4.749,69.604,71.0,71.0,0.0,12.421,1.461,1.816,0
B014_1,ball,1,0.014,LTTB,128,5,2527,4.749,69.604,71.0,71.0,0.0,76.723,1.684,1.816,0
B014_1,ball,1,0.014,SDT,128,5,2528,4.747,69.604,71.0,71.0,0.0,16.239,1.674,1.816,0
B014_1,ball,1,0.014,SDT_BOUNDED,128,5,2298,5.222,69.604,71.0,70.0,1.0,0.185,1.38,1.816,0
B014_1,ball,1,0.014,IE,128,10,1327,9.043,69.604,71.0,71.0,0.0,13.094,1.183,1.816,0
B014_1,ball,1,0.014,VW,128,10,1327,9.043,69.604,71.0,68.0,3.0,16.466,3.419,1.816,0
B014_1,ball,1,0.014,DROP,128,10,1327,9.043,69.604,71.0,68.0,3.0,98.177,-0.082,1.816,0
B014_1,ball,1,0.014,IE_ORACLE,128,10,1327,9.043,69.604,71.0,68.0,3.0,8.642,1.231,1.816,0
B014_1,ball,1,0.014,LTTB,128,10,1327,9.043,69.604,71.0,68.0,3.0,81.187,2.679,1.816,0
B014_1,ball,1,0.014,SDT,128,10,1328,9.036,69.604,71.0,68.0,3.0,33.461,3.481,1.816,0
B014_1,ball,1,0.014,SDT_BOUNDED,128,10,1186,10.118,69.604,71.0,68.0,3.0,8.983,1.803,1.816,0
B014_1,ball,1,0.014,IE,128,20,727,16.506,69.604,71.0,68.0,3.0,9.668,2.001,1.816,0
B014_1,ball,1,0.014,VW,128,20,727,16.506,69.604,71.0,69.0,2.0,60.055,4.149,1.816,0
B014_1,ball,1,0.014,DROP,128,20,727,16.506,69.604,71.0,68.0,3.0,98.515,3.643,1.816,0
B014_1,ball,1,0.014,IE_ORACLE,128,20,727,16.506,69.604,71.0,68.0,3.0,28.675,3.511,1.816,0
B014_1,ball,1,0.014,LTTB,128,20,727,16.506,69.604,71.0,67.0,4.0,93.18,1.424,1.816,0
B014_1,ball,1,0.014,SDT,128,20,729,16.461,69.604,71.0,68.0,3.0,3.302,1.84,1.816,0
B014_1,ball,1,0.014,SDT_BOUNDED,128,20,653,18.377,69.604,71.0,68.0,3.0,5.576,1.762,1.816,0
B014_1,ball,1,0.014,IE,128,50,367,32.698,69.604,71.0,68.0,3.0,1.481,3.238,1.816,0
B014_1,ball,1,0.014,VW,128,50,367,32.698,69.604,71.0,68.0,3.0,85.934,4.288,1.816,0
B014_1,ball,1,0.014,DROP,128,50,367,32.698,69.604,71.0,67.0,4.0,99.847,-0.308,1.816,0
B014_1,ball,1,0.014,IE_ORACLE,128,50,367,32.698,69.604,71.0,68.0,3.0,5.765,1.878,1.816,0
B014_1,ball,1,0.014,LTTB,128,50,367,32.698,69.604,71.0,73.0,2.0,91.656,2.547,1.816,0
B014_1,ball,1,0.014,SDT,128,50,369,32.52,69.604,71.0,69.0,2.0,24.196,1.818,1.816,0
B014_1,ball,1,0.014,SDT_BOUNDED,128,50,360,33.333,69.604,71.0,69.0,2.0,24.331,1.771,1.816,0
B014_1,ball,1,0.014,IE,256,5,2655,4.52,69.604,71.0,71.0,0.0,13.17,1.796,1.816,0
B014_1,ball,1,0.014,VW,256,5,2655,4.52,69.604,71.0,71.0,0.0,0.699,0.893,1.816,0
B014_1,ball,1,0.014,DROP,256,5,2655,4.52,69.604,71.0,71.0,0.0,91.436,3.126,1.816,0
B014_1,ball,1,0.014,IE_ORACLE,256,5,2655,4.52,69.604,71.0,71.0,0.0,12.0,1.293,1.816,0
B014_1,ball,1,0.014,LTTB,256,5,2655,4.52,69.604,71.0,72.0,1.0,74.805,2.239,1.816,0
B014_1,ball,1,0.014,SDT,256,5,2654,4.521,69.604,71.0,71.0,0.0,18.667,1.386,1.816,0
B014_1,ball,1,0.014,SDT_BOUNDED,256,5,2530,4.743,69.604,71.0,72.0,1.0,19.391,1.495,1.816,0
B014_1,ball,1,0.014,IE,256,10,1455,8.247,69.604,71.0,68.0,3.0,13.296,0.994,1.816,0
B014_1,ball,1,0.014,VW,256,10,1455,8.247,69.604,71.0,68.0,3.0,22.924,3.014,1.816,0
B014_1,ball,1,0.014,DROP,256,10,1455,8.247,69.604,71.0,72.0,1.0,98.585,-3.018,1.816,0
B014_1,ball,1,0.014,IE_ORACLE,256,10,1455,8.247,69.604,71.0,71.0,0.0,0.36,0.418,1.816,0
B014_1,ball,1,0.014,LTTB,256,10,1455,8.247,69.604,71.0,71.0,0.0,81.911,2.238,1.816,0
B014_1,ball,1,0.014,SDT,256,10,1454,8.253,69.604,71.0,68.0,3.0,37.411,3.533,1.816,0
B014_1,ball,1,0.014,SDT_BOUNDED,256,10,1386,8.658,69.604,71.0,68.0,3.0,31.649,3.184,1.816,0
B014_1,ball,1,0.014,IE,256,20,855,14.035,69.604,71.0,68.0,3.0,25.383,3.021,1.816,0
B014_1,ball,1,0.014,VW,256,20,855,14.035,69.604,71.0,69.0,2.0,54.354,3.312,1.816,0
B014_1,ball,1,0.014,DROP,256,20,855,14.035,69.604,71.0,72.0,1.0,97.639,5.138,1.816,0
B014_1,ball,1,0.014,IE_ORACLE,256,20,855,14.035,69.604,71.0,68.0,3.0,30.34,3.227,1.816,0
B014_1,ball,1,0.014,LTTB,256,20,855,14.035,69.604,71.0,71.0,0.0,91.237,1.055,1.816,0
B014_1,ball,1,0.014,SDT,256,20,854,14.052,69.604,71.0,68.0,3.0,12.701,2.196,1.816,0
B014_1,ball,1,0.014,SDT_BOUNDED,256,20,846,14.184,69.604,71.0,68.0,3.0,13.554,2.325,1.816,0
B014_1,ball,1,0.014,IE,256,50,495,24.242,69.604,71.0,68.0,3.0,3.234,2.493,1.816,0
B014_1,ball,1,0.014,VW,256,50,495,24.242,69.604,71.0,72.0,1.0,78.806,4.196,1.816,0
B014_1,ball,1,0.014,DROP,256,50,495,24.242,69.604,71.0,70.0,1.0,99.72,7.071,1.816,1
B014_1,ball,1,0.014,IE_ORACLE,256,50,495,24.242,69.604,71.0,68.0,3.0,12.572,3.259,1.816,0
B014_1,ball,1,0.014,LTTB,256,50,495,24.242,69.604,71.0,69.0,2.0,85.021,5.776,1.816,0
B014_1,ball,1,0.014,SDT,256,50,494,24.291,69.604,71.0,72.0,1.0,19.136,1.675,1.816,0
B014_1,ball,1,0.014,SDT_BOUNDED,256,50,491,24.44,69.604,71.0,72.0,1.0,19.052,1.696,1.816,0
B014_1,ball,1,0.014,IE,512,5,2911,4.122,69.604,71.0,71.0,0.0,7.002,1.16,1.816,0
B014_1,ball,1,0.014,VW,512,5,2911,4.122,69.604,71.0,71.0,0.0,6.684,0.471,1.816,0
B014_1,ball,1,0.014,DROP,512,5,2911,4.122,69.604,71.0,71.0,0.0,91.525,3.124,1.816,0
B014_1,ball,1,0.014,IE_ORACLE,512,5,2911,4.122,69.604,71.0,71.0,0.0,13.596,1.642,1.816,0
B014_1,ball,1,0.014,LTTB,512,5,2911,4.122,69.604,71.0,71.0,0.0,68.017,1.749,1.816,0
B014_1,ball,1,0.014,SDT,512,5,2912,4.121,69.604,71.0,71.0,0.0,23.415,1.967,1.816,0
B014_1,ball,1,0.014,SDT_BOUNDED,512,5,2885,4.159,69.604,71.0,71.0,0.0,28.705,2.455,1.816,0
B014_1,ball,1,0.014,IE,512,10,1711,7.013,69.604,71.0,68.0,3.0,4.202,1.022,1.816,0
B014_1,ball,1,0.014,VW,512,10,1711,7.013,69.604,71.0,68.0,3.0,14.409,2.703,1.816,0
B014_1,ball,1,0.014,DROP,512,10,1711,7.013,69.604,71.0,68.0,3.0,98.319,-2.164,1.816,0
B014_1,ball,1,0.014,IE_ORACLE,512,10,1711,7.013,69.604,71.0,71.0,0.0,1.376,0.475,1.816,0
B014_1,ball,1,0.014,LTTB,512,10,1711,7.013,69.604,71.0,72.0,1.0,75.963,3.549,1.816,0
B014_1,ball,1,0.014,SDT,512,10,1712,7.009,69.604,71.0,68.0,3.0,11.696,1.538,1.816,0
B014_1,ball,1,0.014,SDT_BOUNDED,512,10,1696,7.075,69.604,71.0,68.0,3.0,12.168,2.006,1.816,0
B014_1,ball,1,0.014,IE,512,20,1111,10.801,69.604,71.0,68.0,3.0,26.532,2.999,1.816,0
B014_1,ball,1,0.014,VW,512,20,1111,10.801,69.604,71.0,69.0,2.0,31.627,2.13,1.816,0
B014_1,ball,1,0.014,DROP,512,20,1111,10.801,69.604,71.0,71.0,0.0,97.54,5.634,1.816,0
B014_1,ball,1,0.014,IE_ORACLE,512,20,1111,10.801,69.604,71.0,68.0,3.0,18.143,2.615,1.816,0
B014_1,ball,1,0.014,LTTB,512,20,1111,10.801,69.604,71.0,71.0,0.0,84.669,2.48,1.816,0
B014_1,ball,1,0.014,SDT,512,20,1108,10.83,69.604,71.0,68.0,3.0,35.747,3.706,1.816,0
B014_1,ball,1,0.014,SDT_BOUNDED,512,20,1108,10.83,69.604,71.0,68.0,3.0,35.747,3.706,1.816,0
B014_1,ball,1,0.014,IE,512,50,751,15.979,69.604,71.0,68.0,3.0,16.339,3.321,1.816,0
B014_1,ball,1,0.014,VW,512,50,751,15.979,69.604,71.0,72.0,1.0,64.752,0.848,1.816,0
B014_1,ball,1,0.014,DROP,512,50,751,15.979,69.604,71.0,73.0,2.0,99.744,2.001,1.816,0
B014_1,ball,1,0.014,IE_ORACLE,512,50,751,15.979,69.604,71.0,68.0,3.0,30.019,3.564,1.816,0
B014_1,ball,1,0.014,LTTB,512,50,751,15.979,69.604,71.0,71.0,0.0,80.128,9.64,1.816,1
B014_1,ball,1,0.014,SDT,512,50,750,16.0,69.604,71.0,68.0,3.0,5.583,1.561,1.816,0
B014_1,ball,1,0.014,SDT_BOUNDED,512,50,750,16.0,69.604,71.0,68.0,3.0,5.583,1.561,1.816,0
B014_2,ball,2,0.014,IE,128,5,2527,4.749,68.701,68.0,68.0,0.0,14.479,9.372,9.708,1
B014_2,ball,2,0.014,VW,128,5,2527,4.749,68.701,68.0,68.0,0.0,24.892,7.452,9.708,1
B014_2,ball,2,0.014,DROP,128,5,2527,4.749,68.701,68.0,67.0,1.0,93.775,10.013,9.708,1
B014_2,ball,2,0.014,IE_ORACLE,128,5,2527,4.749,68.701,68.0,68.0,0.0,10.577,9.533,9.708,1
B014_2,ball,2,0.014,LTTB,128,5,2527,4.749,68.701,68.0,67.0,1.0,78.278,8.295,9.708,1
B014_2,ball,2,0.014,SDT,128,5,2527,4.749,68.701,68.0,68.0,0.0,13.354,9.106,9.708,1
B014_2,ball,2,0.014,SDT_BOUNDED,128,5,2310,5.195,68.701,68.0,67.0,1.0,26.672,6.034,9.708,1
B014_2,ball,2,0.014,IE,128,10,1327,9.043,68.701,68.0,68.0,0.0,7.66,9.415,9.708,1
B014_2,ball,2,0.014,VW,128,10,1327,9.043,68.701,68.0,67.0,1.0,48.602,8.524,9.708,1
B014_2,ball,2,0.014,DROP,128,10,1327,9.043,68.701,68.0,67.0,1.0,97.517,7.003,9.708,1
B014_2,ball,2,0.014,IE_ORACLE,128,10,1327,9.043,68.701,68.0,68.0,0.0,12.422,9.96,9.708,1
B014_2,ball,2,0.014,LTTB,128,10,1327,9.043,68.701,68.0,68.0,0.0,85.661,8.171,9.708,1
B014_2,ball,2,0.014,SDT,128,10,1328,9.036,68.701,68.0,68.0,0.0,13.158,9.846,9.708,1
B014_2,ball,2,0.014,SDT_BOUNDED,128,10,1140,10.526,68.701,68.0,67.0,1.0,11.147,7.757,9.708,1
B014_2,ball,2,0.014,IE,128,20,727,16.506,68.701,68.0,67.0,1.0,28.585,8.648,9.708,1
B014_2,ball,2,0.014,VW,128,20,727,16.506,68.701,68.0,68.0,0.0,87.789,5.194,9.708,0
B014_2,ball,2,0.014,DROP,128,20,727,16.506,68.701,68.0,67.0,1.0,98.241,9.517,9.708,1
B014_2,ball,2,0.014,IE_ORACLE,128,20,727,16.506,68.701,68.0,68.0,0.0,0.128,9.663,9.708,1
B014_2,ball,2,0.014,LTTB,128,20,727,16.506,68.701,68.0,66.0,2.0,91.512,5.987,9.708,0
B014_2,ball,2,0.014,SDT,128,20,727,16.506,68.701,68.0,67.0,1.0,36.538,6.712,9.708,1
B014_2,ball,2,0.014,SDT_BOUNDED,128,20,621,19.324,68.701,68.0,68.0,0.0,48.807,3.977,9.708,0
B014_2,ball,2,0.014,IE,128,50,367,32.698,68.701,68.0,67.0,1.0,54.815,5.875,9.708,0
B014_2,ball,2,0.014,VW,128,50,367,32.698,68.701,68.0,71.0,3.0,95.436,4.557,9.708,0
B014_2,ball,2,0.014,DROP,128,50,367,32.698,68.701,68.0,69.0,1.0,99.895,4.489,9.708,0
B014_2,ball,2,0.014,IE_ORACLE,128,50,367,32.698,68.701,68.0,68.0,0.0,30.955,7.931,9.708,1
B014_2,ball,2,0.014,LTTB,128,50,367,32.698,68.701,68.0,70.0,2.0,96.593,4.65,9.708,0
B014_2,ball,2,0.014,SDT,128,50,368,32.609,68.701,68.0,68.0,0.0,62.737,4.34,9.708,0
B014_2,ball,2,0.014,SDT_BOUNDED,128,50,346,34.682,68.701,68.0,72.0,4.0,72.399,3.995,9.708,0
B014_2,ball,2,0.014,IE,256,5,2655,4.52,68.701,68.0,68.0,0.0,14.194,9.378,9.708,1
B014_2,ball,2,0.014,VW,256,5,2655,4.52,68.701,68.0,68.0,0.0,21.322,8.441,9.708,1
B014_2,ball,2,0.014,DROP,256,5,2655,4.52,68.701,68.0,68.0,0.0,94.434,9.405,9.708,1
B014_2,ball,2,0.014,IE_ORACLE,256,5,2655,4.52,68.701,68.0,68.0,0.0,11.636,9.434,9.708,1
B014_2,ball,2,0.014,LTTB,256,5,2655,4.52,68.701,68.0,68.0,0.0,72.479,10.979,9.708,1
B014_2,ball,2,0.014,SDT,256,5,2656,4.518,68.701,68.0,68.0,0.0,12.017,8.8,9.708,1
B014_2,ball,2,0.014,SDT_BOUNDED,256,5,2513,4.775,68.701,68.0,68.0,0.0,1.331,8.658,9.708,1
B014_2,ball,2,0.014,IE,256,10,1455,8.247,68.701,68.0,68.0,0.0,9.826,9.833,9.708,1
B014_2,ball,2,0.014,VW,256,10,1455,8.247,68.701,68.0,67.0,1.0,53.255,6.375,9.708,1
B014_2,ball,2,0.014,DROP,256,10,1455,8.247,68.701,68.0,72.0,4.0,97.953,4.411,9.708,0
B014_2,ball,2,0.014,IE_ORACLE,256,10,1455,8.247,68.701,68.0,68.0,0.0,13.369,9.438,9.708,1
B014_2,ball,2,0.014,LTTB,256,10,1455,8.247,68.701,68.0,68.0,0.0,81.583,10.207,9.708,1
B014_2,ball,2,0.014,SDT,256,10,1456,8.242,68.701,68.0,68.0,0.0,9.949,9.093,9.708,1
B014_2,ball,2,0.014,SDT_BOUNDED,256,10,1343,8.935,68.701,68.0,68.0,0.0,1.168,9.241,9.708,1
B014_2,ball,2,0.014,IE,256,20,855,14.035,68.701,68.0,68.0,0.0,18.517,9.103,9.708,1
B014_2,ball,2,0.014,VW,256,20,855,14.035,68.701,68.0,66.0,2.0,79.478,8.849,9.708,0
B014_2,ball,2,0.014,DROP,256,20,855,14.035,68.701,68.0,67.0,1.0,99.14,4.807,9.708,0
B014_2,ball,2,0.014,IE_ORACLE,256,20,855,14.035,68.701,68.0,68.0,0.0,4.899,8.942,9.708,1
B014_2,ball,2,0.014,LTTB,256,20,855,14.035,68.701,68.0,66.0,2.0,92.524,8.398,9.708,0
B014_2,ball,2,0.014,SDT,256,20,855,14.035,68.701,68.0,67.0,1.0,26.416,7.923,9.708,1
B014_2,ball,2,0.014,SDT_BOUNDED,256,20,795,15.094,68.701,68.0,71.0,3.0,47.254,4.564,9.708,0
B014_2,ball,2,0.014,IE,256,50,495,24.242,68.701,68.0,67.0,1.0,34.81,8.1,9.708,1
B014_2,ball,2,0.014,VW,256,50,495,24.242,68.701,68.0,66.0,2.0,95.472,1.237,9.708,0
B014_2,ball,2,0.014,DROP,256,50,495,24.242,68.701,68.0,68.0,0.0,99.836,4.906,9.708,0
B014_2,ball,2,0.014,IE_ORACLE,256,50,495,24.242,68.701,68.0,68.0,0.0,15.069,8.303,9.708,1
B014_2,ball,2,0.014,LTTB,256,50,495,24.242,68.701,68.0,66.0,2.0,97.624,2.821,9.708,0
B014_2,ball,2,0.014,SDT,256,50,497,24.145,68.701,68.0,67.0,1.0,55.481,6.22,9.708,1
B014_2,ball,2,0.014,SDT_BOUNDED,256,50,483,24.845,68.701,68.0,67.0,1.0,52.688,6.67,9.708,1
B014_2,ball,2,0.014,IE,512,5,2911,4.122,68.701,68.0,68.0,0.0,14.248,9.026,9.708,1
B014_2,ball,2,0.014,VW,512,5,2911,4.122,68.701,68.0,68.0,0.0,10.88,8.858,9.708,1
B014_2,ball,2,0.014,DROP,512,5,2911,4.122,68.701,68.0,68.0,0.0,93.967,9.037,9.708,1
B014_2,ball,2,0.014,IE_ORACLE,512,5,2911,4.122,68.701,68.0,68.0,0.0,13.017,9.649,9.708,1
B014_2,ball,2,0.014,LTTB,512,5,2911,4.122,68.701,68.0,67.0,1.0,71.801,8.775,9.708,1
B014_2,ball,2,0.014,SDT,512,5,2911,4.122,68.701,68.0,68.0,0.0,10.883,8.616,9.708,1
B014_2,ball,2,0.014,SDT_BOUNDED,512,5,2877,4.171,68.701,68.0,68.0,0.0,8.562,8.775,9.708,1
B014_2,ball,2,0.014,IE,512,10,1711,7.013,68.701,68.0,68.0,0.0,11.053,9.123,9.708,1
B014_2,ball,2,0.014,VW,512,10,1711,7.013,68.701,68.0,67.0,1.0,45.032,7.395,9.708,1
B014_2,ball,2,0.014,DROP,512,10,1711,7.013,68.701,68.0,67.0,1.0,97.868,5.608,9.708,0
B014_2,ball,2,0.014,IE_ORACLE,512,10,1711,7.013,68.701,68.0,68.0,0.0,12.676,9.326,9.708,1
B014_2,ball,2,0.014,LTTB,512,10,1711,7.013,68.701,68.0,68.0,0.0,85.395,6.268,9.708,1
B014_2,ball,2,0.014,SDT,512,10,1712,7.009,68.701,68.0,68.0,0.0,16.106,9.046,9.708,1
B014_2,ball,2,0.014,SDT_BOUNDED,512,10,1700,7.059,68.701,68.0,68.0,0.0,14.113,9.456,9.708,1
B014_2,ball,2,0.014,IE,512,20,1111,10.801,68.701,68.0,68.0,0.0,0.222,9.26,9.708,1
B014_2,ball,2,0.014,VW,512,20,1111,10.801,68.701,68.0,68.0,0.0,67.318,6.762,9.708,1
B014_2,ball,2,0.014,DROP,512,20,1111,10.801,68.701,68.0,67.0,1.0,99.169,2.631,9.708,0
B014_2,ball,2,0.014,IE_ORACLE,512,20,1111,10.801,68.701,68.0,68.0,0.0,6.358,9.736,9.708,1
B014_2,ball,2,0.014,LTTB,512,20,1111,10.801,68.701,68.0,68.0,0.0,90.244,4.654,9.708,0
B014_2,ball,2,0.014,SDT,512,20,1111,10.801,68.701,68.0,68.0,0.0,4.949,9.101,9.708,1
B014_2,ball,2,0.014,SDT_BOUNDED,512,20,1110,10.811,68.701,68.0,68.0,0.0,6.042,8.939,9.708,1
B014_2,ball,2,0.014,IE,512,50,751,15.979,68.701,68.0,68.0,0.0,4.79,9.028,9.708,1
B014_2,ball,2,0.014,VW,512,50,751,15.979,68.701,68.0,71.0,3.0,85.163,0.237,9.708,0
B014_2,ball,2,0.014,DROP,512,50,751,15.979,68.701,68.0,67.0,1.0,99.78,4.808,9.708,0
B014_2,ball,2,0.014,IE_ORACLE,512,50,751,15.979,68.701,68.0,68.0,0.0,0.224,9.166,9.708,1
B014_2,ball,2,0.014,LTTB,512,50,751,15.979,68.701,68.0,68.0,0.0,93.768,2.939,9.708,0
B014_2,ball,2,0.014,SDT,512,50,752,15.957,68.701,68.0,67.0,1.0,34.175,6.95,9.708,1
B014_2,ball,2,0.014,SDT_BOUNDED,512,50,751,15.979,68.701,68.0,67.0,1.0,33.651,7.06,9.708,1
B014_3,ball,3,0.014,IE,128,5,2527,4.749,67.719,68.0,68.0,0.0,24.16,5.724,5.467,0
B014_3,ball,3,0.014,VW,128,5,2527,4.749,67.719,68.0,68.0,0.0,6.703,5.64,5.467,0
B014_3,ball,3,0.014,DROP,128,5,2527,4.749,67.719,68.0,68.0,0.0,90.599,7.622,5.467,1
B014_3,ball,3,0.014,IE_ORACLE,128,5,2527,4.749,67.719,68.0,68.0,0.0,7.416,4.88,5.467,0
B014_3,ball,3,0.014,LTTB,128,5,2527,4.749,67.719,68.0,68.0,0.0,76.939,3.41,5.467,0
B014_3,ball,3,0.014,SDT,128,5,2528,4.747,67.719,68.0,68.0,0.0,19.636,5.01,5.467,0
B014_3,ball,3,0.014,SDT_BOUNDED,128,5,2402,4.996,67.719,68.0,68.0,0.0,19.587,5.691,5.467,0
B014_3,ball,3,0.014,IE,128,10,1327,9.043,67.719,68.0,68.0,0.0,24.237,6.322,5.467,1
B014_3,ball,3,0.014,VW,128,10,1327,9.043,67.719,68.0,66.0,2.0,48.214,1.472,5.467,0
B014_3,ball,3,0.014,DROP,128,10,1327,9.043,67.719,68.0,71.0,3.0,97.229,1.671,5.467,0
B014_3,ball,3,0.014,IE_ORACLE,128,10,1327,9.043,67.719,68.0,68.0,0.0,24.206,5.656,5.467,0
B014_3,ball,3,0.014,LTTB,128,10,1327,9.043,67.719,68.0,68.0,0.0,84.188,2.021,5.467,0
B014_3,ball,3,0.014,SDT,128,10,1328,9.036,67.719,68.0,68.0,0.0,16.499,5.351,5.467,0
B014_3,ball,3,0.014,SDT_BOUNDED,128,10,1239,9.685,67.719,68.0,67.0,1.0,6.342,5.106,5.467,0
B014_3,ball,3,0.014,IE,128,20,727,16.506,67.719,68.0,68.0,0.0,2.704,5.503,5.467,0
B014_3,ball,3,0.014,VW,128,20,727,16.506,67.719,68.0,71.0,3.0,78.319,0.382,5.467,0
B014_3,ball,3,0.014,DROP,128,20,727,16.506,67.719,68.0,66.0,2.0,98.865,4.226,5.467,0
B014_3,ball,3,0.014,IE_ORACLE,128,20,727,16.506,67.719,68.0,68.0,0.0,23.403,6.758,5.467,1
B014_3,ball,3,0.014,LTTB,128,20,727,16.506,67.719,68.0,68.0,0.0,88.752,4.572,5.467,0
B014_3,ball,3,0.014,SDT,128,20,730,16.438,67.719,68.0,68.0,0.0,15.282,3.06,5.467,0
B014_3,ball,3,0.014,SDT_BOUNDED,128,20,671,17.884,67.719,68.0,65.0,3.0,24.227,2.278,5.467,0
B014_3,ball,3,0.014,IE,128,50,367,32.698,67.719,68.0,68.0,0.0,12.806,4.617,5.467,0
B014_3,ball,3,0.014,VW,128,50,367,32.698,67.719,68.0,66.0,2.0,82.392,3.726,5.467,0
B014_3,ball,3,0.014,DROP,128,50,367,32.698,67.719,68.0,71.0,3.0,99.782,5.689,5.467,0
B014_3,ball,3,0.014,IE_ORACLE,128,50,367,32.698,67.719,68.0,68.0,0.0,8.807,4.253,5.467,0
B014_3,ball,3,0.014,LTTB,128,50,367,32.698,67.719,68.0,68.0,0.0,94.906,7.9,5.467,1
B014_3,ball,3,0.014,SDT,128,50,363,33.058,67.719,68.0,71.0,3.0,26.976,3.001,5.467,0
B014_3,ball,3,0.014,SDT_BOUNDED,128,50,343,34.985,67.719,68.0,69.0,1.0,31.908,3.002,5.467,0
B014_3,ball,3,0.014,IE,256,5,2655,4.52,67.719,68.0,68.0,0.0,24.591,6.039,5.467,1
B014_3,ball,3,0.014,VW,256,5,2655,4.52,67.719,68.0,68.0,0.0,4.426,5.104,5.467,0
B014_3,ball,3,0.014,DROP,256,5,2655,4.52,67.719,68.0,71.0,3.0,91.988,5.658,5.467,0
B014_3,ball,3,0.014,IE_ORACLE,256,5,2655,4.52,67.719,68.0,71.0,3.0,7.687,5.005,5.467,0
B014_3,ball,3,0.014,LTTB,256,5,2655,4.52,67.719,68.0,71.0,3.0,68.019,6.853,5.467,0
B014_3,ball,3,0.014,SDT,256,5,2656,4.518,67.719,68.0,68.0,0.0,19.333,5.585,5.467,0
B014_3,ball,3,0.014,SDT_BOUNDED,256,5,2590,4.633,67.719,68.0,68.0,0.0,8.905,4.904,5.467,0
B014_3,ball,3,0.014,IE,256,10,1455,8.247,67.719,68.0,68.0,0.0,27.742,5.725,5.467,0
B014_3,ball,3,0.014,VW,256,10,1455,8.247,67.719,68.0,66.0,2.0,41.712,1.253,5.467,0
B014_3,ball,3,0.014,DROP,256,10,1455,8.247,67.719,68.0,71.0,3.0,97.036,3.906,5.467,0
B014_3,ball,3,0.014,IE_ORACLE,256,10,1455,8.247,67.719,68.0,68.0,0.0,22.062,5.262,5.467,0
B014_3,ball,3,0.014,LTTB,256,10,1455,8.247,67.719,68.0,66.0,2.0,90.213,-0.991,5.467,0
B014_3,ball,3,0.014,SDT,256,10,1456,8.242,67.719,68.0,68.0,0.0,23.923,6.538,5.467,1
B014_3,ball,3,0.014,SDT_BOUNDED,256,10,1416,8.475,67.719,68.0,68.0,0.0,10.545,4.385,5.467,0
B014_3,ball,3,0.014,IE,256,20,855,14.035,67.719,68.0,68.0,0.0,12.958,6.272,5.467,1
B014_3,ball,3,0.014,VW,256,20,855,14.035,67.719,68.0,66.0,2.0,53.421,1.905,5.467,0
B014_3,ball,3,0.014,DROP,256,20,855,14.035,67.719,68.0,70.0,2.0,99.157,-0.447,5.467,0
B014_3,ball,3,0.014,IE_ORACLE,256,20,855,14.035,67.719,68.0,68.0,0.0,31.953,6.877,5.467,1
B014_3,ball,3,0.014,LTTB,256,20,855,14.035,67.719,68.0,68.0,0.0,90.564,4.513,5.467,0
B014_3,ball,3,0.014,SDT,256,20,854,14.052,67.719,68.0,68.0,0.0,10.611,3.534,5.467,0
B014_3,ball,3,0.014,SDT_BOUNDED,256,20,827,14.51,67.719,68.0,68.0,0.0,22.983,2.762,5.467,0
B014_3,ball,3,0.014,IE,256,50,495,24.242,67.719,68.0,68.0,0.0,2.291,6.443,5.467,1
B014_3,ball,3,0.014,VW,256,50,495,24.242,67.719,68.0,71.0,3.0,74.902,3.049,5.467,0
B014_3,ball,3,0.014,DROP,256,50,495,24.242,67.719,68.0,67.0,1.0,99.57,7.553,5.467,1
B014_3,ball,3,0.014,IE_ORACLE,256,50,495,24.242,67.719,68.0,68.0,0.0,5.501,5.621,5.467,0
B014_3,ball,3,0.014,LTTB,256,50,495,24.242,67.719,68.0,70.0,2.0,90.45,3.221,5.467,0
B014_3,ball,3,0.014,SDT,256,50,496,24.194,67.719,68.0,68.0,0.0,17.17,2.629,5.467,0
B014_3,ball,3,0.014,SDT_BOUNDED,256,50,482,24.896,67.719,68.0,67.0,1.0,4.371,4.113,5.467,0
B014_3,ball,3,0.014,IE,512,5,2911,4.122,67.719,68.0,68.0,0.0,18.056,5.444,5.467,0
B014_3,ball,3,0.014,VW,512,5,2911,4.122,67.719,68.0,68.0,0.0,8.125,5.748,5.467,0
B014_3,ball,3,0.014,DROP,512,5,2911,4.122,67.719,68.0,65.0,3.0,94.677,2.193,5.467,0
B014_3,ball,3,0.014,IE_ORACLE,512,5,2911,4.122,67.719,68.0,68.0,0.0,1.211,4.824,5.467,0
B014_3,ball,3,0.014,LTTB,512,5,2911,4.122,67.719,68.0,70.0,2.0,67.929,5.64,5.467,0
B014_3,ball,3,0.014,SDT,512,5,2911,4.122,67.719,68.0,68.0,0.0,26.753,5.835,5.467,0
B014_3,ball,3,0.014,SDT_BOUNDED,512,5,2893,4.148,67.719,68.0,68.0,0.0,25.38,5.882,5.467,0
B014_3,ball,3,0.014,IE,512,10,1711,7.013,67.719,68.0,68.0,0.0,38.146,6.979,5.467,1
B014_3,ball,3,0.014,VW,512,10,1711,7.013,67.719,68.0,66.0,2.0,32.837,2.913,5.467,0
B014_3,ball,3,0.014,DROP,512,10,1711,7.013,67.719,68.0,65.0,3.0,96.861,3.63,5.467,0
B014_3,ball,3,0.014,IE_ORACLE,512,10,1711,7.013,67.719,68.0,68.0,0.0,15.894,5.444,5.467,0
B014_3,ball,3,0.014,LTTB,512,10,1711,7.013,67.719,68.0,68.0,0.0,79.051,5.877,5.467,0
B014_3,ball,3,0.014,SDT,512,10,1711,7.013,67.719,68.0,68.0,0.0,22.756,5.657,5.467,0
B014_3,ball,3,0.014,SDT_BOUNDED,512,10,1698,7.067,67.719,68.0,68.0,0.0,18.473,4.82,5.467,0
B014_3,ball,3,0.014,IE,512,20,1111,10.801,67.719,68.0,68.0,0.0,26.768,6.114,5.467,1
B014_3,ball,3,0.014,VW,512,20,1111,10.801,67.719,68.0,66.0,2.0,46.172,1.329,5.467,0
B014_3,ball,3,0.014,DROP,512,20,1111,10.801,67.719,68.0,66.0,2.0,98.054,5.944,5.467,0
B014_3,ball,3,0.014,IE_ORACLE,512,20,1111,10.801,67.719,68.0,68.0,0.0,26.511,5.417,5.467,0
B014_3,ball,3,0.014,LTTB,512,20,1111,10.801,67.719,68.0,68.0,0.0,83.231,4.717,5.467,0
B014_3,ball,3,0.014,SDT,512,20,1111,10.801,67.719,68.0,68.0,0.0,16.384,5.997,5.467,0
B014_3,ball,3,0.014,SDT_BOUNDED,512,20,1105,10.86,67.719,68.0,68.0,0.0,1.734,6.017,5.467,1
B014_3,ball,3,0.014,IE,512,50,751,15.979,67.719,68.0,68.0,0.0,24.996,8.811,5.467,1
B014_3,ball,3,0.014,VW,512,50,751,15.979,67.719,68.0,69.0,1.0,46.194,1.996,5.467,0
B014_3,ball,3,0.014,DROP,512,50,751,15.979,67.719,68.0,66.0,2.0,99.307,2.99,5.467,0
B014_3,ball,3,0.014,IE_ORACLE,512,50,751,15.979,67.719,68.0,68.0,0.0,24.359,6.397,5.467,1
B014_3,ball,3,0.014,LTTB,512,50,751,15.979,67.719,68.0,68.0,0.0,85.375,4.163,5.467,0
B014_3,ball,3,0.014,SDT,512,50,746,16.086,67.719,68.0,68.0,0.0,20.93,2.363,5.467,0
B014_3,ball,3,0.014,SDT_BOUNDED,512,50,746,16.086,67.719,68.0,68.0,0.0,20.93,2.363,5.467,0
OR014@6_0,outer_race,0,0.014,IE,128,5,2527,4.749,107.305,107.0,102.0,5.0,0.25,6.467,7.543,0
OR014@6_0,outer_race,0,0.014,VW,128,5,2527,4.749,107.305,107.0,102.0,5.0,34.242,5.569,7.543,0
OR014@6_0,outer_race,0,0.014,DROP,128,5,2527,4.749,107.305,107.0,105.0,2.0,92.722,2.648,7.543,0
OR014@6_0,outer_race,0,0.014,IE_ORACLE,128,5,2527,4.749,107.305,107.0,102.0,5.0,9.583,6.936,7.543,0
OR014@6_0,outer_race,0,0.014,LTTB,128,5,2527,4.749,107.305,107.0,102.0,5.0,74.525,6.054,7.543,0
OR014@6_0,outer_race,0,0.014,SDT,128,5,2527,4.749,107.305,107.0,102.0,5.0,14.708,7.373,7.543,0
OR014@6_0,outer_race,0,0.014,SDT_BOUNDED,128,5,2471,4.856,107.305,107.0,102.0,5.0,4.661,6.206,7.543,0
OR014@6_0,outer_race,0,0.014,IE,128,10,1327,9.043,107.305,107.0,102.0,5.0,1.92,7.57,7.543,0
OR014@6_0,outer_race,0,0.014,VW,128,10,1327,9.043,107.305,107.0,102.0,5.0,69.896,8.245,7.543,0
OR014@6_0,outer_race,0,0.014,DROP,128,10,1327,9.043,107.305,107.0,112.0,5.0,98.265,2.116,7.543,0
OR014@6_0,outer_race,0,0.014,IE_ORACLE,128,10,1327,9.043,107.305,107.0,102.0,5.0,7.616,7.596,7.543,0
OR014@6_0,outer_race,0,0.014,LTTB,128,10,1327,9.043,107.305,107.0,102.0,5.0,87.254,3.675,7.543,0
OR014@6_0,outer_race,0,0.014,SDT,128,10,1325,9.057,107.305,107.0,102.0,5.0,13.17,7.059,7.543,0
OR014@6_0,outer_race,0,0.014,SDT_BOUNDED,128,10,1292,9.288,107.305,107.0,102.0,5.0,16.131,6.8,7.543,0
OR014@6_0,outer_race,0,0.014,IE,128,20,727,16.506,107.305,107.0,105.0,2.0,20.535,7.326,7.543,0
OR014@6_0,outer_race,0,0.014,VW,128,20,727,16.506,107.305,107.0,110.0,3.0,87.032,3.757,7.543,0
OR014@6_0,outer_race,0,0.014,DROP,128,20,727,16.506,107.305,107.0,106.0,1.0,98.919,5.311,7.543,0
OR014@6_0,outer_race,0,0.014,IE_ORACLE,128,20,727,16.506,107.305,107.0,102.0,5.0,12.527,7.64,7.543,0
OR014@6_0,outer_race,0,0.014,LTTB,128,20,727,16.506,107.305,107.0,111.0,4.0,90.056,6.021,7.543,0
OR014@6_0,outer_race,0,0.014,SDT,128,20,728,16.484,107.305,107.0,105.0,2.0,37.597,4.816,7.543,0
OR014@6_0,outer_race,0,0.014,SDT_BOUNDED,128,20,713,16.83,107.305,107.0,105.0,2.0,37.006,4.923,7.543,0
OR014@6_0,outer_race,0,0.014,IE,128,50,367,32.698,107.305,107.0,107.0,0.0,51.209,6.081,7.543,1
OR014@6_0,outer_race,0,0.014,VW,128,50,367,32.698,107.305,107.0,102.0,5.0,96.306,2.406,7.543,0
OR014@6_0,outer_race,0,0.014,DROP,128,50,367,32.698,107.305,107.0,103.0,4.0,99.827,4.273,7.543,0
OR014@6_0,outer_race,0,0.014,IE_ORACLE,128,50,367,32.698,107.305,107.0,102.0,5.0,22.942,7.492,7.543,0
OR014@6_0,outer_race,0,0.014,LTTB,128,50,367,32.698,107.305,107.0,103.0,4.0,92.864,5.407,7.543,0
OR014@6_0,outer_race,0,0.014,SDT,128,50,367,32.698,107.305,107.0,106.0,1.0,46.996,7.252,7.543,1
OR014@6_0,outer_race,0,0.014,SDT_BOUNDED,128,50,365,32.877,107.305,107.0,106.0,1.0,47.187,7.194,7.543,1
OR014@6_0,outer_race,0,0.014,IE,256,5,2655,4.52,107.305,107.0,102.0,5.0,3.651,5.984,7.543,0
OR014@6_0,outer_race,0,0.014,VW,256,5,2655,4.52,107.305,107.0,102.0,5.0,38.489,5.312,7.543,0
OR014@6_0,outer_race,0,0.014,DROP,256,5,2655,4.52,107.305,107.0,107.0,0.0,87.519,8.026,7.543,1
OR014@6_0,outer_race,0,0.014,IE_ORACLE,256,5,2655,4.52,107.305,107.0,102.0,5.0,7.894,5.957,7.543,0
OR014@6_0,outer_race,0,0.014,LTTB,256,5,2655,4.52,107.305,107.0,111.0,4.0,80.034,4.382,7.543,0
OR014@6_0,outer_race,0,0.014,SDT,256,5,2656,4.518,107.305,107.0,102.0,5.0,17.125,7.528,7.543,0
OR014@6_0,outer_race,0,0.014,SDT_BOUNDED,256,5,2615,4.589,107.305,107.0,102.0,5.0,16.62,7.833,7.543,0
OR014@6_0,outer_race,0,0.014,IE,256,10,1455,8.247,107.305,107.0,102.0,5.0,7.858,8.909,7.543,0
OR014@6_0,outer_race,0,0.014,VW,256,10,1455,8.247,107.305,107.0,102.0,5.0,67.29,8.282,7.543,0
OR014@6_0,outer_race,0,0.014,DROP,256,10,1455,8.247,107.305,107.0,106.0,1.0,97.804,4.923,7.543,0
OR014@6_0,outer_race,0,0.014,IE_ORACLE,256,10,1455,8.247,107.305,107.0,102.0,5.0,9.59,7.906,7.543,0
OR014@6_0,outer_race,0,0.014,LTTB,256,10,1455,8.247,107.305,107.0,110.0,3.0,82.185,6.019,7.543,0
OR014@6_0,outer_race,0,0.014,SDT,256,10,1457,8.236,107.305,107.0,102.0,5.0,5.981,8.284,7.543,0
OR014@6_0,outer_race,0,0.014,SDT_BOUNDED,256,10,1432,8.38,107.305,107.0,102.0,5.0,17.556,6.874,7.543,0
OR014@6_0,outer_race,0,0.014,IE,256,20,855,14.035,107.305,107.0,102.0,5.0,21.977,7.542,7.543,0
OR014@6_0,outer_race,0,0.014,VW,256,20,855,14.035,107.305,107.0,109.0,2.0,76.403,8.079,7.543,0
OR014@6_0,outer_race,0,0.014,DROP,256,20,855,14.035,107.305,107.0,107.0,0.0,98.589,7.728,7.543,1
OR014@6_0,outer_race,0,0.014,IE_ORACLE,256,20,855,14.035,107.305,107.0,102.0,5.0,1.516,7.676,7.543,0
OR014@6_0,outer_race,0,0.014,LTTB,256,20,855,14.035,107.305,107.0,102.0,5.0,88.365,5.921,7.543,0
OR014@6_0,outer_race,0,0.014,SDT,256,20,856,14.019,107.305,107.0,102.0,5.0,28.979,6.481,7.543,0
OR014@6_0,outer_race,0,0.014,SDT_BOUNDED,256,20,842,14.252,107.305,107.0,107.0,0.0,31.951,6.181,7.543,1
OR014@6_0,outer_race,0,0.014,IE,256,50,495,24.242,107.305,107.0,109.0,2.0,49.604,3.176,7.543,0
OR014@6_0,outer_race,0,0.014,VW,256,50,495,24.242,107.305,107.0,110.0,3.0,90.041,6.691,7.543,0
OR014@6_0,outer_race,0,0.014,DROP,256,50,495,24.242,107.305,107.0,103.0,4.0,99.822,3.859,7.543,0
OR014@6_0,outer_race,0,0.014,IE_ORACLE,256,50,495,24.242,107.305,107.0,102.0,5.0,23.081,6.602,7.543,0
OR014@6_0,outer_race,0,0.014,LTTB,256,50,495,24.242,107.305,107.0,112.0,5.0,94.23,4.705,7.543,0
OR014@6_0,outer_race,0,0.014,SDT,256,50,496,24.194,107.305,107.0,106.0,1.0,28.851,7.256,7.543,1
OR014@6_0,outer_race,0,0.014,SDT_BOUNDED,256,50,492,24.39,107.305,107.0,106.0,1.0,28.699,7.272,7.543,1
OR014@6_0,outer_race,0,0.014,IE,512,5,2911,4.122,107.305,107.0,102.0,5.0,2.466,5.685,7.543,0
OR014@6_0,outer_race,0,0.014,VW,512,5,2911,4.122,107.305,107.0,102.0,5.0,22.277,6.533,7.543,0
OR014@6_0,outer_race,0,0.014,DROP,512,5,2911,4.122,107.305,107.0,102.0,5.0,89.632,7.186,7.543,0
OR014@6_0,outer_race,0,0.014,IE_ORACLE,512,5,2911,4.122,107.305,107.0,107.0,0.0,22.649,7.248,7.543,1
OR014@6_0,outer_race,0,0.014,LTTB,512,5,2911,4.122,107.305,107.0,102.0,5.0,73.618,6.977,7.543,0
OR014@6_0,outer_race,0,0.014,SDT,512,5,2907,4.128,107.305,107.0,107.0,0.0,12.632,7.372,7.543,1
OR014@6_0,outer_race,0,0.014,SDT_BOUNDED,512,5,2893,4.148,107.305,107.0,107.0,0.0,9.649,6.868,7.543,1
OR014@6_0,outer_race,0,0.014,IE,512,10,1711,7.013,107.305,107.0,102.0,5.0,8.214,7.102,7.543,0
OR014@6_0,outer_race,0,0.014,VW,512,10,1711,7.013,107.305,107.0,102.0,5.0,61.024,7.433,7.543,0
OR014@6_0,outer_race,0,0.014,DROP,512,10,1711,7.013,107.305,107.0,108.0,1.0,98.307,3.289,7.543,0
OR014@6_0,outer_race,0,0.014,IE_ORACLE,512,10,1711,7.013,107.305,107.0,102.0,5.0,0.133,6.406,7.543,0
OR014@6_0,outer_race,0,0.014,LTTB,512,10,1711,7.013,107.305,107.0,107.0,0.0,73.001,9.375,7.543,1
OR014@6_0,outer_race,0,0.014,SDT,512,10,1712,7.009,107.305,107.0,102.0,5.0,8.443,6.924,7.543,0
OR014@6_0,outer_race,0,0.014,SDT_BOUNDED,512,10,1698,7.067,107.305,107.0,102.0,5.0,6.662,6.883,7.543,0
OR014@6_0,outer_race,0,0.014,IE,512,20,1111,10.801,107.305,107.0,102.0,5.0,8.593,8.457,7.543,0
OR014@6_0,outer_race,0,0.014,VW,512,20,1111,10.801,107.305,107.0,102.0,5.0,88.729,-0.484,7.543,0
OR014@6_0,outer_race,0,0.014,DROP,512,20,1111,10.801,107.305,107.0,111.0,4.0,98.764,7.508,7.543,0
OR014@6_0,outer_race,0,0.014,IE_ORACLE,512,20,1111,10.801,107.305,107.0,102.0,5.0,4.156,8.026,7.543,0
OR014@6_0,outer_race,0,0.014,LTTB,512,20,1111,10.801,107.305,107.0,106.0,1.0,86.209,5.59,7.543,0
OR014@6_0,outer_race,0,0.014,SDT,512,20,1112,10.791,107.305,107.0,102.0,5.0,9.426,7.168,7.543,0
OR014@6_0,outer_race,0,0.014,SDT_BOUNDED,512,20,1108,10.83,107.305,107.0,102.0,5.0,14.064,7.111,7.543,0
OR014@6_0,outer_race,0,0.014,IE,512,50,751,15.979,107.305,107.0,102.0,5.0,14.176,8.029,7.543,0
OR014@6_0,outer_race,0,0.014,VW,512,50,751,15.979,107.305,107.0,102.0,5.0,83.48,5.991,7.543,0
OR014@6_0,outer_race,0,0.014,DROP,512,50,751,15.979,107.305,107.0,103.0,4.0,99.782,2.136,7.543,0
OR014@6_0,outer_race,0,0.014,IE_ORACLE,512,50,751,15.979,107.305,107.0,102.0,5.0,9.235,7.449,7.543,0
OR014@6_0,outer_race,0,0.014,LTTB,512,50,751,15.979,107.305,107.0,104.0,3.0,94.03,1.962,7.543,0
OR014@6_0,outer_race,0,0.014,SDT,512,50,752,15.957,107.305,107.0,102.0,5.0,28.108,6.012,7.543,0
OR014@6_0,outer_race,0,0.014,SDT_BOUNDED,512,50,748,16.043,107.305,107.0,102.0,5.0,26.476,6.355,7.543,0
OR014@6_1,outer_race,1,0.014,IE,128,5,2527,4.749,105.871,107.0,107.0,0.0,12.998,9.068,9.543,1
OR014@6_1,outer_race,1,0.014,VW,128,5,2527,4.749,105.871,107.0,107.0,0.0,8.054,10.367,9.543,1
OR014@6_1,outer_race,1,0.014,DROP,128,5,2527,4.749,105.871,107.0,107.0,0.0,91.374,6.772,9.543,1
OR014@6_1,outer_race,1,0.014,IE_ORACLE,128,5,2527,4.749,105.871,107.0,107.0,0.0,26.489,9.209,9.543,1
OR014@6_1,outer_race,1,0.014,LTTB,128,5,2527,4.749,105.871,107.0,106.0,1.0,76.016,8.167,9.543,1
OR014@6_1,outer_race,1,0.014,SDT,128,5,2528,4.747,105.871,107.0,107.0,0.0,14.277,8.064,9.543,1
OR014@6_1,outer_race,1,0.014,SDT_BOUNDED,128,5,2523,4.756,105.871,107.0,107.0,0.0,14.25,8.056,9.543,1
OR014@6_1,outer_race,1,0.014,IE,128,10,1327,9.043,105.871,107.0,107.0,0.0,9.041,9.709,9.543,1
OR014@6_1,outer_race,1,0.014,VW,128,10,1327,9.043,105.871,107.0,101.0,6.0,80.451,5.691,9.543,0
OR014@6_1,outer_race,1,0.014,DROP,128,10,1327,9.043,105.871,107.0,102.0,5.0,97.69,6.969,9.543,0
OR014@6_1,outer_race,1,0.014,IE_ORACLE,128,10,1327,9.043,105.871,107.0,107.0,0.0,1.934,7.884,9.543,1
OR014@6_1,outer_race,1,0.014,LTTB,128,10,1327,9.043,105.871,107.0,106.0,1.0,84.372,7.673,9.543,1
OR014@6_1,outer_race,1,0.014,SDT,128,10,1327,9.043,105.871,107.0,107.0,0.0,0.305,11.094,9.543,1
OR014@6_1,outer_race,1,0.014,SDT_BOUNDED,128,10,1323,9.07,105.871,107.0,107.0,0.0,0.616,11.073,9.543,1
OR014@6_1,outer_race,1,0.014,IE,128,20,727,16.506,105.871,107.0,107.0,0.0,15.412,9.25,9.543,1
OR014@6_1,outer_race,1,0.014,VW,128,20,727,16.506,105.871,107.0,109.0,2.0,87.185,4.567,9.543,0
OR014@6_1,outer_race,1,0.014,DROP,128,20,727,16.506,105.871,107.0,106.0,1.0,98.653,7.519,9.543,1
OR014@6_1,outer_race,1,0.014,IE_ORACLE,128,20,727,16.506,105.871,107.0,107.0,0.0,12.333,8.364,9.543,1
OR014@6_1,outer_race,1,0.014,LTTB,128,20,727,16.506,105.871,107.0,106.0,1.0,88.83,7.253,9.543,1
OR014@6_1,outer_race,1,0.014,SDT,128,20,727,16.506,105.871,107.0,107.0,0.0,40.726,7.172,9.543,1
OR014@6_1,outer_race,1,0.014,SDT_BOUNDED,128,20,725,16.552,105.871,107.0,107.0,0.0,40.686,7.302,9.543,1
OR014@6_1,outer_race,1,0.014,IE,128,50,367,32.698,105.871,107.0,107.0,0.0,53.174,7.222,9.543,1
OR014@6_1,outer_race,1,0.014,VW,128,50,367,32.698,105.871,107.0,108.0,1.0,92.593,6.131,9.543,1
OR014@6_1,outer_race,1,0.014,DROP,128,50,367,32.698,105.871,107.0,107.0,0.0,99.864,4.136,9.543,0
OR014@6_1,outer_race,1,0.014,IE_ORACLE,128,50,367,32.698,105.871,107.0,107.0,0.0,24.746,9.154,9.543,1
OR014@6_1,outer_race,1,0.014,LTTB,128,50,367,32.698,105.871,107.0,109.0,2.0,93.864,5.542,9.543,0
OR014@6_1,outer_race,1,0.014,SDT,128,50,367,32.698,105.871,107.0,107.0,0.0,40.613,10.409,9.543,1
OR014@6_1,outer_race,1,0.014,SDT_BOUNDED,128,50,367,32.698,105.871,107.0,107.0,0.0,40.613,10.409,9.543,1
OR014@6_1,outer_race,1,0.014,IE,256,5,2655,4.52,105.871,107.0,107.0,0.0,13.835,9.447,9.543,1
OR014@6_1,outer_race,1,0.014,VW,256,5,2655,4.52,105.871,107.0,107.0,0.0,18.269,9.341,9.543,1
OR014@6_1,outer_race,1,0.014,DROP,256,5,2655,4.52,105.871,107.0,111.0,4.0,92.577,6.049,9.543,0
OR014@6_1,outer_race,1,0.014,IE_ORACLE,256,5,2655,4.52,105.871,107.0,107.0,0.0,21.767,8.618,9.543,1
OR014@6_1,outer_race,1,0.014,LTTB,256,5,2655,4.52,105.871,107.0,101.0,6.0,81.127,6.018,9.543,0
OR014@6_1,outer_race,1,0.014,SDT,256,5,2655,4.52,105.871,107.0,107.0,0.0,26.01,9.154,9.543,1
OR014@6_1,outer_race,1,0.014,SDT_BOUNDED,256,5,2650,4.528,105.871,107.0,107.0,0.0,25.587,9.087,9.543,1
OR014@6_1,outer_race,1,0.014,IE,256,10,1455,8.247,105.871,107.0,107.0,0.0,6.241,9.576,9.543,1
OR014@6_1,outer_race,1,0.014,VW,256,10,1455,8.247,105.871,107.0,107.0,0.0,81.295,5.823,9.543,0
OR014@6_1,outer_race,1,0.014,DROP,256,10,1455,8.247,105.871,107.0,110.0,3.0,98.471,1.954,9.543,0
OR014@6_1,outer_race,1,0.014,IE_ORACLE,256,10,1455,8.247,105.871,107.0,107.0,0.0,6.192,8.472,9.543,1
OR014@6_1,outer_race,1,0.014,LTTB,256,10,1455,8.247,105.871,107.0,106.0,1.0,82.137,6.964,9.543,1
OR014@6_1,outer_race,1,0.014,SDT,256,10,1453,8.259,105.871,107.0,107.0,0.0,12.315,11.541,9.543,1
OR014@6_1,outer_race,1,0.014,SDT_BOUNDED,256,10,1453,8.259,105.871,107.0,107.0,0.0,12.315,11.541,9.543,1
OR014@6_1,outer_race,1,0.014,IE,256,20,855,14.035,105.871,107.0,107.0,0.0,10.701,9.836,9.543,1
OR014@6_1,outer_race,1,0.014,VW,256,20,855,14.035,105.871,107.0,106.0,1.0,81.516,8.123,9.543,1
OR014@6_1,outer_race,1,0.014,DROP,256,20,855,14.035,105.871,107.0,106.0,1.0,98.915,6.178,9.543,1
OR014@6_1,outer_race,1,0.014,IE_ORACLE,256,20,855,14.035,105.871,107.0,107.0,0.0,1.743,9.229,9.543,1
OR014@6_1,outer_race,1,0.014,LTTB,256,20,855,14.035,105.871,107.0,110.0,3.0,94.997,2.505,9.543,0
OR014@6_1,outer_race,1,0.014,SDT,256,20,857,14.002,105.871,107.0,107.0,0.0,27.602,8.387,9.543,1
OR014@6_1,outer_race,1,0.014,SDT_BOUNDED,256,20,855,14.035,105.871,107.0,107.0,0.0,27.498,8.426,9.543,1
OR014@6_1,outer_race,1,0.014,IE,256,50,495,24.242,105.871,107.0,107.0,0.0,47.076,7.877,9.543,1
OR014@6_1,outer_race,1,0.014,VW,256,50,495,24.242,105.871,107.0,107.0,0.0,92.622,5.574,9.543,0
OR014@6_1,outer_race,1,0.014,DROP,256,50,495,24.242,105.871,107.0,108.0,1.0,99.848,4.084,9.543,0
OR014@6_1,outer_race,1,0.014,IE_ORACLE,256,50,495,24.242,105.871,107.0,107.0,0.0,17.76,10.009,9.543,1
OR014@6_1,outer_race,1,0.014,LTTB,256,50,495,24.242,105.871,107.0,111.0,4.0,92.693,6.336,9.543,0
OR014@6_1,outer_race,1,0.014,SDT,256,50,499,24.048,105.871,107.0,107.0,0.0,44.22,8.024,9.543,1
OR014@6_1,outer_race,1,0.014,SDT_BOUNDED,256,50,496,24.194,105.871,107.0,107.0,0.0,44.139,8.023,9.543,1
OR014@6_1,outer_race,1,0.014,IE,512,5,2911,4.122,105.871,107.0,107.0,0.0,8.17,8.445,9.543,1
OR014@6_1,outer_race,1,0.014,VW,512,5,2911,4.122,105.871,107.0,107.0,0.0,7.41,10.269,9.543,1
OR014@6_1,outer_race,1,0.014,DROP,512,5,2911,4.122,105.871,107.0,110.0,3.0,90.622,5.741,9.543,0
OR014@6_1,outer_race,1,0.014,IE_ORACLE,512,5,2911,4.122,105.871,107.0,107.0,0.0,24.688,8.725,9.543,1
OR014@6_1,outer_race,1,0.014,LTTB,512,5,2911,4.122,105.871,107.0,107.0,0.0,70.349,8.983,9.543,1
OR014@6_1,outer_race,1,0.014,SDT,512,5,2912,4.121,105.871,107.0,107.0,0.0,26.924,9.547,9.543,1
OR014@6_1,outer_race,1,0.014,SDT_BOUNDED,512,5,2907,4.128,105.871,107.0,107.0,0.0,26.928,9.544,9.543,1
OR014@6_1,outer_race,1,0.014,IE,512,10,1711,7.013,105.871,107.0,107.0,0.0,2.049,9.244,9.543,1
OR014@6_1,outer_race,1,0.014,VW,512,10,1711,7.013,105.871,107.0,107.0,0.0,78.292,5.071,9.543,0
OR014@6_1,outer_race,1,0.014,DROP,512,10,1711,7.013,105.871,107.0,111.0,4.0,97.33,6.757,9.543,0
OR014@6_1,outer_race,1,0.014,IE_ORACLE,512,10,1711,7.013,105.871,107.0,107.0,0.0,12.667,8.883,9.543,1
OR014@6_1,outer_race,1,0.014,LTTB,512,10,1711,7.013,105.871,107.0,106.0,1.0,81.075,5.127,9.543,0
OR014@6_1,outer_race,1,0.014,SDT,512,10,1711,7.013,105.871,107.0,107.0,0.0,10.721,10.147,9.543,1
OR014@6_1,outer_race,1,0.014,SDT_BOUNDED,512,10,1709,7.022,105.871,107.0,107.0,0.0,12.177,10.21,9.543,1
OR014@6_1,outer_race,1,0.014,IE,512,20,1111,10.801,105.871,107.0,107.0,0.0,13.41,8.968,9.543,1
OR014@6_1,outer_race,1,0.014,VW,512,20,1111,10.801,105.871,107.0,103.0,4.0,83.789,8.083,9.543,0
OR014@6_1,outer_race,1,0.014,DROP,512,20,1111,10.801,105.871,107.0,106.0,1.0,99.221,1.833,9.543,0
OR014@6_1,outer_race,1,0.014,IE_ORACLE,512,20,1111,10.801,105.871,107.0,107.0,0.0,4.02,9.207,9.543,1
OR014@6_1,outer_race,1,0.014,LTTB,512,20,1111,10.801,105.871,107.0,102.0,5.0,86.337,6.594,9.543,0
OR014@6_1,outer_race,1,0.014,SDT,512,20,1111,10.801,105.871,107.0,107.0,0.0,6.232,11.392,9.543,1
OR014@6_1,outer_race,1,0.014,SDT_BOUNDED,512,20,1111,10.801,105.871,107.0,107.0,0.0,6.232,11.392,9.543,1
OR014@6_1,outer_race,1,0.014,IE,512,50,751,15.979,105.871,107.0,107.0,0.0,21.588,9.476,9.543,1
OR014@6_1,outer_race,1,0.014,VW,512,50,751,15.979,105.871,107.0,107.0,0.0,91.234,4.172,9.543,0
OR014@6_1,outer_race,1,0.014,DROP,512,50,751,15.979,105.871,107.0,102.0,5.0,99.8,3.313,9.543,0
OR014@6_1,outer_race,1,0.014,IE_ORACLE,512,50,751,15.979,105.871,107.0,107.0,0.0,5.228,9.158,9.543,1
OR014@6_1,outer_race,1,0.014,LTTB,512,50,751,15.979,105.871,107.0,107.0,0.0,89.884,6.689,9.543,1
OR014@6_1,outer_race,1,0.014,SDT,512,50,752,15.957,105.871,107.0,107.0,0.0,36.81,7.158,9.543,1
OR014@6_1,outer_race,1,0.014,SDT_BOUNDED,512,50,752,15.957,105.871,107.0,107.0,0.0,36.81,7.158,9.543,1
OR014@6_2,outer_race,2,0.014,IE,128,5,2527,4.749,104.497,100.0,105.0,5.0,13.187,5.275,5.374,0
OR014@6_2,outer_race,2,0.014,VW,128,5,2527,4.749,104.497,100.0,109.0,9.0,24.145,4.995,5.374,0
OR014@6_2,outer_race,2,0.014,DROP,128,5,2527,4.749,104.497,100.0,106.0,6.0,92.725,2.08,5.374,0
OR014@6_2,outer_race,2,0.014,IE_ORACLE,128,5,2527,4.749,104.497,100.0,105.0,5.0,8.19,4.24,5.374,0
OR014@6_2,outer_race,2,0.014,LTTB,128,5,2527,4.749,104.497,100.0,105.0,5.0,67.573,5.639,5.374,0
OR014@6_2,outer_race,2,0.014,SDT,128,5,2528,4.747,104.497,100.0,105.0,5.0,13.228,5.393,5.374,0
OR014@6_2,outer_race,2,0.014,SDT_BOUNDED,128,5,2427,4.944,104.497,100.0,105.0,5.0,6.046,4.899,5.374,0
OR014@6_2,outer_race,2,0.014,IE,128,10,1327,9.043,104.497,100.0,103.0,3.0,2.89,5.852,5.374,0
OR014@6_2,outer_race,2,0.014,VW,128,10,1327,9.043,104.497,100.0,101.0,1.0,65.746,4.63,5.374,0
OR014@6_2,outer_race,2,0.014,DROP,128,10,1327,9.043,104.497,100.0,100.0,0.0,97.817,2.552,5.374,0
OR014@6_2,outer_race,2,0.014,IE_ORACLE,128,10,1327,9.043,104.497,100.0,103.0,3.0,2.897,5.479,5.374,0
OR014@6_2,outer_race,2,0.014,LTTB,128,10,1327,9.043,104.497,100.0,104.0,4.0,81.497,3.676,5.374,0
OR014@6_2,outer_race,2,0.014,SDT,128,10,1326,9.05,104.497,100.0,103.0,3.0,10.704,4.832,5.374,0
OR014@6_2,outer_race,2,0.014,SDT_BOUNDED,128,10,1245,9.639,104.497,100.0,104.0,4.0,9.537,5.085,5.374,0
OR014@6_2,outer_race,2,0.014,IE,128,20,727,16.506,104.497,100.0,103.0,3.0,41.071,2.307,5.374,0
OR014@6_2,outer_race,2,0.014,VW,128,20,727,16.506,104.497,100.0,107.0,7.0,84.459,4.373,5.374,0
OR014@6_2,outer_race,2,0.014,DROP,128,20,727,16.506,104.497,100.0,109.0,9.0,98.238,7.208,5.374,0
OR014@6_2,outer_race,2,0.014,IE_ORACLE,128,20,727,16.506,104.497,100.0,103.0,3.0,19.979,7.955,5.374,0
OR014@6_2,outer_race,2,0.014,LTTB,128,20,727,16.506,104.497,100.0,109.0,9.0,87.788,4.881,5.374,0
OR014@6_2,outer_race,2,0.014,SDT,128,20,724,16.575,104.497,100.0,104.0,4.0,6.671,6.855,5.374,0
OR014@6_2,outer_race,2,0.014,SDT_BOUNDED,128,20,693,17.316,104.497,100.0,103.0,3.0,6.281,6.961,5.374,0
OR014@6_2,outer_race,2,0.014,IE,128,50,367,32.698,104.497,100.0,104.0,4.0,30.798,6.676,5.374,0
OR014@6_2,outer_race,2,0.014,VW,128,50,367,32.698,104.497,100.0,109.0,9.0,91.663,1.16,5.374,0
OR014@6_2,outer_race,2,0.014,DROP,128,50,367,32.698,104.497,100.0,106.0,6.0,99.721,9.86,5.374,0
OR014@6_2,outer_race,2,0.014,IE_ORACLE,128,50,367,32.698,104.497,100.0,105.0,5.0,25.315,6.065,5.374,0
OR014@6_2,outer_race,2,0.014,LTTB,128,50,367,32.698,104.497,100.0,104.0,4.0,94.729,0.599,5.374,0
OR014@6_2,outer_race,2,0.014,SDT,128,50,367,32.698,104.497,100.0,104.0,4.0,48.756,5.314,5.374,0
OR014@6_2,outer_race,2,0.014,SDT_BOUNDED,128,50,355,33.803,104.497,100.0,104.0,4.0,43.596,7.065,5.374,0
OR014@6_2,outer_race,2,0.014,IE,256,5,2655,4.52,104.497,100.0,105.0,5.0,7.186,4.299,5.374,0
OR014@6_2,outer_race,2,0.014,VW,256,5,2655,4.52,104.497,100.0,103.0,3.0,19.238,5.67,5.374,0
OR014@6_2,outer_race,2,0.014,DROP,256,5,2655,4.52,104.497,100.0,109.0,9.0,94.292,-0.571,5.374,0
OR014@6_2,outer_race,2,0.014,IE_ORACLE,256,5,2655,4.52,104.497,100.0,105.0,5.0,20.031,4.742,5.374,0
OR014@6_2,outer_race,2,0.014,LTTB,256,5,2655,4.52,104.497,100.0,100.0,0.0,66.131,8.044,5.374,1
OR014@6_2,outer_race,2,0.014,SDT,256,5,2658,4.515,104.497,100.0,105.0,5.0,7.642,5.032,5.374,0
OR014@6_2,outer_race,2,0.014,SDT_BOUNDED,256,5,2589,4.635,104.497,100.0,105.0,5.0,3.973,4.408,5.374,0
OR014@6_2,outer_race,2,0.014,IE,256,10,1455,8.247,104.497,100.0,103.0,3.0,3.247,5.78,5.374,0
OR014@6_2,outer_race,2,0.014,VW,256,10,1455,8.247,104.497,100.0,101.0,1.0,65.265,4.989,5.374,0
OR014@6_2,outer_race,2,0.014,DROP,256,10,1455,8.247,104.497,100.0,105.0,5.0,96.317,7.641,5.374,0
OR014@6_2,outer_race,2,0.014,IE_ORACLE,256,10,1455,8.247,104.497,100.0,105.0,5.0,10.981,5.363,5.374,0
OR014@6_2,outer_race,2,0.014,LTTB,256,10,1455,8.247,104.497,100.0,105.0,5.0,79.173,4.028,5.374,0
OR014@6_2,outer_race,2,0.014,SDT,256,10,1457,8.236,104.497,100.0,103.0,3.0,8.293,4.933,5.374,0
OR014@6_2,outer_race,2,0.014,SDT_BOUNDED,256,10,1387,8.652,104.497,100.0,104.0,4.0,3.215,5.305,5.374,0
OR014@6_2,outer_race,2,0.014,IE,256,20,855,14.035,104.497,100.0,103.0,3.0,27.06,3.247,5.374,0
OR014@6_2,outer_race,2,0.014,VW,256,20,855,14.035,104.497,100.0,104.0,4.0,86.904,1.688,5.374,0
OR014@6_2,outer_race,2,0.014,DROP,256,20,855,14.035,104.497,100.0,101.0,1.0,98.9,2.884,5.374,0
OR014@6_2,outer_race,2,0.014,IE_ORACLE,256,20,855,14.035,104.497,100.0,103.0,3.0,5.809,6.563,5.374,0
OR014@6_2,outer_race,2,0.014,LTTB,256,20,855,14.035,104.497,100.0,106.0,6.0,88.276,4.122,5.374,0
OR014@6_2,outer_race,2,0.014,SDT,256,20,856,14.019,104.497,100.0,105.0,5.0,2.06,7.398,5.374,0
OR014@6_2,outer_race,2,0.014,SDT_BOUNDED,256,20,823,14.581,104.497,100.0,104.0,4.0,6.642,7.963,5.374,0
OR014@6_2,outer_race,2,0.014,IE,256,50,495,24.242,104.497,100.0,104.0,4.0,23.621,6.662,5.374,0
OR014@6_2,outer_race,2,0.014,VW,256,50,495,24.242,104.497,100.0,103.0,3.0,87.278,4.531,5.374,0
OR014@6_2,outer_race,2,0.014,DROP,256,50,495,24.242,104.497,100.0,102.0,2.0,99.807,4.111,5.374,0
OR014@6_2,outer_race,2,0.014,IE_ORACLE,256,50,495,24.242,104.497,100.0,103.0,3.0,12.292,6.068,5.374,0
OR014@6_2,outer_race,2,0.014,LTTB,256,50,495,24.242,104.497,100.0,107.0,7.0,92.85,5.513,5.374,0
OR014@6_2,outer_race,2,0.014,SDT,256,50,497,24.145,104.497,100.0,104.0,4.0,23.249,6.684,5.374,0
OR014@6_2,outer_race,2,0.014,SDT_BOUNDED,256,50,488,24.59,104.497,100.0,104.0,4.0,24.756,6.517,5.374,0
OR014@6_2,outer_race,2,0.014,IE,512,5,2911,4.122,104.497,100.0,105.0,5.0,0.888,3.432,5.374,0
OR014@6_2,outer_race,2,0.014,VW,512,5,2911,4.122,104.497,100.0,103.0,3.0,7.268,6.06,5.374,0
OR014@6_2,outer_race,2,0.014,DROP,512,5,2911,4.122,104.497,100.0,109.0,9.0,87.972,5.529,5.374,0
OR014@6_2,outer_race,2,0.014,IE_ORACLE,512,5,2911,4.122,104.497,100.0,105.0,5.0,15.041,3.995,5.374,0
OR014@6_2,outer_race,2,0.014,LTTB,512,5,2911,4.122,104.497,100.0,105.0,5.0,68.192,7.81,5.374,0
OR014@6_2,outer_race,2,0.014,SDT,512,5,2911,4.122,104.497,100.0,103.0,3.0,9.163,4.505,5.374,0
OR014@6_2,outer_race,2,0.014,SDT_BOUNDED,512,5,2874,4.175,104.497,100.0,103.0,3.0,5.028,4.255,5.374,0
OR014@6_2,outer_race,2,0.014,IE,512,10,1711,7.013,104.497,100.0,103.0,3.0,23.714,6.868,5.374,0
OR014@6_2,outer_race,2,0.014,VW,512,10,1711,7.013,104.497,100.0,104.0,4.0,62.416,4.371,5.374,0
OR014@6_2,outer_race,2,0.014,DROP,512,10,1711,7.013,104.497,100.0,105.0,5.0,97.119,5.728,5.374,0
OR014@6_2,outer_race,2,0.014,IE_ORACLE,512,10,1711,7.013,104.497,100.0,103.0,3.0,11.373,3.476,5.374,0
OR014@6_2,outer_race,2,0.014,LTTB,512,10,1711,7.013,104.497,100.0,105.0,5.0,74.933,3.752,5.374,0
OR014@6_2,outer_race,2,0.014,SDT,512,10,1712,7.009,104.497,100.0,103.0,3.0,20.456,7.596,5.374,0
OR014@6_2,outer_race,2,0.014,SDT_BOUNDED,512,10,1671,7.181,104.497,100.0,103.0,3.0,18.499,7.546,5.374,0
OR014@6_2,outer_race,2,0.014,IE,512,20,1111,10.801,104.497,100.0,103.0,3.0,8.812,5.293,5.374,0
OR014@6_2,outer_race,2,0.014,VW,512,20,1111,10.801,104.497,100.0,104.0,4.0,73.472,6.378,5.374,0
OR014@6_2,outer_race,2,0.014,DROP,512,20,1111,10.801,104.497,100.0,103.0,3.0,98.206,4.39,5.374,0
OR014@6_2,outer_race,2,0.014,IE_ORACLE,512,20,1111,10.801,104.497,100.0,105.0,5.0,3.69,5.429,5.374,0
OR014@6_2,outer_race,2,0.014,LTTB,512,20,1111,10.801,104.497,100.0,104.0,4.0,77.353,6.67,5.374,0
OR014@6_2,outer_race,2,0.014,SDT,512,20,1112,10.791,104.497,100.0,103.0,3.0,9.791,5.645,5.374,0
OR014@6_2,outer_race,2,0.014,SDT_BOUNDED,512,20,1084,11.07,104.497,100.0,105.0,5.0,15.175,5.444,5.374,0
OR014@6_2,outer_race,2,0.014,IE,512,50,751,15.979,104.497,100.0,105.0,5.0,21.602,5.721,5.374,0
OR014@6_2,outer_race,2,0.014,VW,512,50,751,15.979,104.497,100.0,104.0,4.0,84.244,4.553,5.374,0
OR014@6_2,outer_race,2,0.014,DROP,512,50,751,15.979,104.497,100.0,109.0,9.0,99.51,1.102,5.374,0
OR014@6_2,outer_race,2,0.014,IE_ORACLE,512,50,751,15.979,104.497,100.0,103.0,3.0,19.224,7.995,5.374,0
OR014@6_2,outer_race,2,0.014,LTTB,512,50,751,15.979,104.497,100.0,100.0,0.0,92.72,4.358,5.374,0
OR014@6_2,outer_race,2,0.014,SDT,512,50,752,15.957,104.497,100.0,104.0,4.0,1.784,7.708,5.374,0
OR014@6_2,outer_race,2,0.014,SDT_BOUNDED,512,50,748,16.043,104.497,100.0,104.0,4.0,10.86,6.711,5.374,0
OR014@6_3,outer_race,3,0.014,IE,128,5,2527,4.749,102.944,104.0,107.0,3.0,19.362,3.987,3.87,0
OR014@6_3,outer_race,3,0.014,VW,128,5,2527,4.749,102.944,104.0,104.0,0.0,23.603,3.662,3.87,0
OR014@6_3,outer_race,3,0.014,DROP,128,5,2527,4.749,102.944,104.0,100.0,4.0,86.447,5.798,3.87,0
OR014@6_3,outer_race,3,0.014,IE_ORACLE,128,5,2527,4.749,102.944,104.0,104.0,0.0,45.909,5.113,3.87,0
OR014@6_3,outer_race,3,0.014,LTTB,128,5,2527,4.749,102.944,104.0,104.0,0.0,70.749,6.581,3.87,1
OR014@6_3,outer_race,3,0.014,SDT,128,5,2528,4.747,102.944,104.0,103.0,1.0,30.458,4.518,3.87,0
OR014@6_3,outer_race,3,0.014,SDT_BOUNDED,128,5,2521,4.76,102.944,104.0,103.0,1.0,30.666,4.52,3.87,0
OR014@6_3,outer_race,3,0.014,IE,128,10,1327,9.043,102.944,104.0,103.0,1.0,11.608,4.595,3.87,0
OR014@6_3,outer_race,3,0.014,VW,128,10,1327,9.043,102.944,104.0,105.0,1.0,74.901,1.014,3.87,0
OR014@6_3,outer_race,3,0.014,DROP,128,10,1327,9.043,102.944,104.0,101.0,3.0,95.629,7.459,3.87,0
OR014@6_3,outer_race,3,0.014,IE_ORACLE,128,10,1327,9.043,102.944,104.0,103.0,1.0,8.993,5.235,3.87,0
OR014@6_3,outer_race,3,0.014,LTTB,128,10,1327,9.043,102.944,104.0,106.0,2.0,66.605,9.836,3.87,0
OR014@6_3,outer_race,3,0.014,SDT,128,10,1327,9.043,102.944,104.0,104.0,0.0,3.785,5.205,3.87,0
OR014@6_3,outer_race,3,0.014,SDT_BOUNDED,128,10,1325,9.057,102.944,104.0,104.0,0.0,4.306,5.112,3.87,0
OR014@6_3,outer_race,3,0.014,IE,128,20,727,16.506,102.944,104.0,104.0,0.0,24.235,5.083,3.87,0
OR014@6_3,outer_race,3,0.014,VW,128,20,727,16.506,102.944,104.0,108.0,4.0,64.753,8.222,3.87,0
OR014@6_3,outer_race,3,0.014,DROP,128,20,727,16.506,102.944,104.0,108.0,4.0,98.137,5.321,3.87,0
OR014@6_3,outer_race,3,0.014,IE_ORACLE,128,20,727,16.506,102.944,104.0,103.0,1.0,22.948,7.251,3.87,1
OR014@6_3,outer_race,3,0.014,LTTB,128,20,727,16.506,102.944,104.0,106.0,2.0,74.286,8.987,3.87,0
OR014@6_3,outer_race,3,0.014,SDT,128,20,729,16.461,102.944,104.0,103.0,1.0,24.775,5.381,3.87,0
OR014@6_3,outer_race,3,0.014,SDT_BOUNDED,128,20,724,16.575,102.944,104.0,103.0,1.0,26.216,5.077,3.87,0
OR014@6_3,outer_race,3,0.014,IE,128,50,367,32.698,102.944,104.0,103.0,1.0,43.847,5.214,3.87,0
OR014@6_3,outer_race,3,0.014,VW,128,50,367,32.698,102.944,104.0,104.0,0.0,91.887,3.218,3.87,0
OR014@6_3,outer_race,3,0.014,DROP,128,50,367,32.698,102.944,104.0,99.0,5.0,99.712,4.395,3.87,0
OR014@6_3,outer_race,3,0.014,IE_ORACLE,128,50,367,32.698,102.944,104.0,107.0,3.0,25.971,5.031,3.87,0
OR014@6_3,outer_race,3,0.014,LTTB,128,50,367,32.698,102.944,104.0,105.0,1.0,91.522,5.359,3.87,0
OR014@6_3,outer_race,3,0.014,SDT,128,50,369,32.52,102.944,104.0,104.0,0.0,57.507,4.587,3.87,0
OR014@6_3,outer_race,3,0.014,SDT_BOUNDED,128,50,365,32.877,102.944,104.0,104.0,0.0,58.278,4.591,3.87,0
OR014@6_3,outer_race,3,0.014,IE,256,5,2655,4.52,102.944,104.0,107.0,3.0,6.246,2.894,3.87,0
OR014@6_3,outer_race,3,0.014,VW,256,5,2655,4.52,102.944,104.0,108.0,4.0,40.872,1.34,3.87,0
OR014@6_3,outer_race,3,0.014,DROP,256,5,2655,4.52,102.944,104.0,100.0,4.0,82.748,6.692,3.87,0
OR014@6_3,outer_race,3,0.014,IE_ORACLE,256,5,2655,4.52,102.944,104.0,104.0,0.0,45.806,5.387,3.87,0
OR014@6_3,outer_race,3,0.014,LTTB,256,5,2655,4.52,102.944,104.0,106.0,2.0,63.667,6.453,3.87,0
OR014@6_3,outer_race,3,0.014,SDT,256,5,2658,4.515,102.944,104.0,104.0,0.0,20.301,3.769,3.87,0
OR014@6_3,outer_race,3,0.014,SDT_BOUNDED,256,5,2648,4.532,102.944,104.0,104.0,0.0,19.716,3.742,3.87,0
OR014@6_3,outer_race,3,0.014,IE,256,10,1455,8.247,102.944,104.0,103.0,1.0,23.817,5.639,3.87,0
OR014@6_3,outer_race,3,0.014,VW,256,10,1455,8.247,102.944,104.0,106.0,2.0,61.045,5.836,3.87,0
OR014@6_3,outer_race,3,0.014,DROP,256,10,1455,8.247,102.944,104.0,102.0,2.0,93.503,9.48,3.87,0
OR014@6_3,outer_race,3,0.014,IE_ORACLE,256,10,1455,8.247,102.944,104.0,104.0,0.0,8.995,3.961,3.87,0
OR014@6_3,outer_race,3,0.014,LTTB,256,10,1455,8.247,102.944,104.0,108.0,4.0,82.941,3.943,3.87,0
OR014@6_3,outer_race,3,0.014,SDT,256,10,1457,8.236,102.944,104.0,103.0,1.0,0.23,5.211,3.87,0
OR014@6_3,outer_race,3,0.014,SDT_BOUNDED,256,10,1452,8.264,102.944,104.0,103.0,1.0,2.698,5.352,3.87,0
OR014@6_3,outer_race,3,0.014,IE,256,20,855,14.035,102.944,104.0,104.0,0.0,11.274,6.084,3.87,1
OR014@6_3,outer_race,3,0.014,VW,256,20,855,14.035,102.944,104.0,107.0,3.0,70.272,8.014,3.87,0
OR014@6_3,outer_race,3,0.014,DROP,256,20,855,14.035,102.944,104.0,105.0,1.0,98.039,6.152,3.87,1
OR014@6_3,outer_race,3,0.014,IE_ORACLE,256,20,855,14.035,102.944,104.0,103.0,1.0,18.674,6.697,3.87,1
OR014@6_3,outer_race,3,0.014,LTTB,256,20,855,14.035,102.944,104.0,103.0,1.0,78.119,9.03,3.87,1
OR014@6_3,outer_race,3,0.014,SDT,256,20,854,14.052,102.944,104.0,104.0,0.0,7.228,7.411,3.87,1
OR014@6_3,outer_race,3,0.014,SDT_BOUNDED,256,20,853,14.068,102.944,104.0,104.0,0.0,7.356,7.418,3.87,1
OR014@6_3,outer_race,3,0.014,IE,256,50,495,24.242,102.944,104.0,103.0,1.0,28.113,5.249,3.87,0
OR014@6_3,outer_race,3,0.014,VW,256,50,495,24.242,102.944,104.0,104.0,0.0,86.957,5.24,3.87,0
OR014@6_3,outer_race,3,0.014,DROP,256,50,495,24.242,102.944,104.0,99.0,5.0,99.785,3.449,3.87,0
OR014@6_3,outer_race,3,0.014,IE_ORACLE,256,50,495,24.242,102.944,104.0,103.0,1.0,22.559,4.706,3.87,0
OR014@6_3,outer_race,3,0.014,LTTB,256,50,495,24.242,102.944,104.0,98.0,6.0,89.41,4.471,3.87,0
OR014@6_3,outer_race,3,0.014,SDT,256,50,499,24.048,102.944,104.0,104.0,0.0,41.564,6.744,3.87,1
OR014@6_3,outer_race,3,0.014,SDT_BOUNDED,256,50,494,24.291,102.944,104.0,104.0,0.0,44.282,6.397,3.87,1
OR014@6_3,outer_race,3,0.014,IE,512,5,2911,4.122,102.944,104.0,104.0,0.0,16.798,3.822,3.87,0
OR014@6_3,outer_race,3,0.014,VW,512,5,2911,4.122,102.944,104.0,103.0,1.0,17.929,4.078,3.87,0
OR014@6_3,outer_race,3,0.014,DROP,512,5,2911,4.122,102.944,104.0,105.0,1.0,87.278,5.119,3.87,0
OR014@6_3,outer_race,3,0.014,IE_ORACLE,512,5,2911,4.122,102.944,104.0,104.0,0.0,9.269,3.266,3.87,0
OR014@6_3,outer_race,3,0.014,LTTB,512,5,2911,4.122,102.944,104.0,100.0,4.0,74.539,3.773,3.87,0
OR014@6_3,outer_race,3,0.014,SDT,512,5,2910,4.124,102.944,104.0,104.0,0.0,48.369,5.648,3.87,0
OR014@6_3,outer_race,3,0.014,SDT_BOUNDED,512,5,2906,4.129,102.944,104.0,104.0,0.0,48.892,5.653,3.87,0
OR014@6_3,outer_race,3,0.014,IE,512,10,1711,7.013,102.944,104.0,103.0,1.0,20.622,4.624,3.87,0
OR014@6_3,outer_race,3,0.014,VW,512,10,1711,7.013,102.944,104.0,108.0,4.0,48.95,7.166,3.87,0
OR014@6_3,outer_race,3,0.014,DROP,512,10,1711,7.013,102.944,104.0,102.0,2.0,95.62,6.494,3.87,0
OR014@6_3,outer_race,3,0.014,IE_ORACLE,512,10,1711,7.013,102.944,104.0,104.0,0.0,31.88,4.897,3.87,0
OR014@6_3,outer_race,3,0.014,LTTB,512,10,1711,7.013,102.944,104.0,106.0,2.0,82.643,1.845,3.87,0
OR014@6_3,outer_race,3,0.014,SDT,512,10,1709,7.022,102.944,104.0,104.0,0.0,2.224,4.063,3.87,0
OR014@6_3,outer_race,3,0.014,SDT_BOUNDED,512,10,1709,7.022,102.944,104.0,104.0,0.0,2.224,4.063,3.87,0
OR014@6_3,outer_race,3,0.014,IE,512,20,1111,10.801,102.944,104.0,103.0,1.0,1.898,6.238,3.87,1
OR014@6_3,outer_race,3,0.014,VW,512,20,1111,10.801,102.944,104.0,100.0,4.0,61.02,9.973,3.87,0
OR014@6_3,outer_race,3,0.014,DROP,512,20,1111,10.801,102.944,104.0,98.0,6.0,97.693,6.944,3.87,0
OR014@6_3,outer_race,3,0.014,IE_ORACLE,512,20,1111,10.801,102.944,104.0,103.0,1.0,29.935,6.567,3.87,1
OR014@6_3,outer_race,3,0.014,LTTB,512,20,1111,10.801,102.944,104.0,105.0,1.0,76.875,6.799,3.87,1
OR014@6_3,outer_race,3,0.014,SDT,512,20,1111,10.801,102.944,104.0,104.0,0.0,1.758,6.151,3.87,1
OR014@6_3,outer_race,3,0.014,SDT_BOUNDED,512,20,1111,10.801,102.944,104.0,104.0,0.0,1.758,6.151,3.87,1
OR014@6_3,outer_race,3,0.014,IE,512,50,751,15.979,102.944,104.0,104.0,0.0,3.893,6.838,3.87,1
OR014@6_3,outer_race,3,0.014,VW,512,50,751,15.979,102.944,104.0,102.0,2.0,85.13,3.609,3.87,0
OR014@6_3,outer_race,3,0.014,DROP,512,50,751,15.979,102.944,104.0,107.0,3.0,99.607,2.201,3.87,0
OR014@6_3,outer_race,3,0.014,IE_ORACLE,512,50,751,15.979,102.944,104.0,103.0,1.0,27.043,7.627,3.87,1
OR014@6_3,outer_race,3,0.014,LTTB,512,50,751,15.979,102.944,104.0,99.0,5.0,87.227,3.543,3.87,0
OR014@6_3,outer_race,3,0.014,SDT,512,50,751,15.979,102.944,104.0,107.0,3.0,31.293,4.97,3.87,0
OR014@6_3,outer_race,3,0.014,SDT_BOUNDED,512,50,751,15.979,102.944,104.0,107.0,3.0,31.293,4.97,3.87,0
IR021_0,inner_race,0,0.021,IE,128,5,2527,4.749,162.185,162.0,162.0,0.0,15.957,31.798,33.177,1
IR021_0,inner_race,0,0.021,VW,128,5,2527,4.749,162.185,162.0,162.0,0.0,1.71,29.009,33.177,1
IR021_0,inner_race,0,0.021,DROP,128,5,2527,4.749,162.185,162.0,162.0,0.0,95.922,27.821,33.177,1
IR021_0,inner_race,0,0.021,IE_ORACLE,128,5,2527,4.749,162.185,162.0,162.0,0.0,14.73,32.083,33.177,1
IR021_0,inner_race,0,0.021,LTTB,128,5,2527,4.749,162.185,162.0,162.0,0.0,75.542,27.615,33.177,1
IR021_0,inner_race,0,0.021,SDT,128,5,2526,4.751,162.185,162.0,162.0,0.0,10.502,31.309,33.177,1
IR021_0,inner_race,0,0.021,SDT_BOUNDED,128,5,2506,4.789,162.185,162.0,162.0,0.0,10.417,31.535,33.177,1
IR021_0,inner_race,0,0.021,IE,128,10,1327,9.043,162.185,162.0,162.0,0.0,1.503,29.063,33.177,1
IR021_0,inner_race,0,0.021,VW,128,10,1327,9.043,162.185,162.0,162.0,0.0,49.946,23.094,33.177,1
IR021_0,inner_race,0,0.021,DROP,128,10,1327,9.043,162.185,162.0,162.0,0.0,98.064,19.294,33.177,1
IR021_0,inner_race,0,0.021,IE_ORACLE,128,10,1327,9.043,162.185,162.0,162.0,0.0,4.174,28.714,33.177,1
IR021_0,inner_race,0,0.021,LTTB,128,10,1327,9.043,162.185,162.0,162.0,0.0,85.961,22.796,33.177,1
IR021_0,inner_race,0,0.021,SDT,128,10,1331,9.016,162.185,162.0,162.0,0.0,16.732,27.926,33.177,1
IR021_0,inner_race,0,0.021,SDT_BOUNDED,128,10,1314,9.132,162.185,162.0,162.0,0.0,16.927,27.945,33.177,1
IR021_0,inner_race,0,0.021,IE,128,20,727,16.506,162.185,162.0,162.0,0.0,22.952,27.267,33.177,1
IR021_0,inner_race,0,0.021,VW,128,20,727,16.506,162.185,162.0,162.0,0.0,89.958,18.128,33.177,1
IR021_0,inner_race,0,0.021,DROP,128,20,727,16.506,162.185,162.0,162.0,0.0,99.762,11.868,33.177,1
IR021_0,inner_race,0,0.021,IE_ORACLE,128,20,727,16.506,162.185,162.0,162.0,0.0,11.748,27.544,33.177,1
IR021_0,inner_race,0,0.021,LTTB,128,20,727,16.506,162.185,162.0,162.0,0.0,88.544,20.491,33.177,1
IR021_0,inner_race,0,0.021,SDT,128,20,727,16.506,162.185,162.0,162.0,0.0,41.932,25.664,33.177,1
IR021_0,inner_race,0,0.021,SDT_BOUNDED,128,20,717,16.736,162.185,162.0,162.0,0.0,42.558,25.059,33.177,1
IR021_0,inner_race,0,0.021,IE,128,50,367,32.698,162.185,162.0,162.0,0.0,57.682,22.572,33.177,1
IR021_0,inner_race,0,0.021,VW,128,50,367,32.698,162.185,162.0,162.0,0.0,97.1,13.517,33.177,1
IR021_0,inner_race,0,0.021,DROP,128,50,367,32.698,162.185,162.0,156.0,6.0,99.958,10.524,33.177,0
IR021_0,inner_race,0,0.021,IE_ORACLE,128,50,367,32.698,162.185,162.0,162.0,0.0,42.684,24.585,33.177,1
IR021_0,inner_race,0,0.021,LTTB,128,50,367,32.698,162.185,162.0,162.0,0.0,94.263,17.002,33.177,1
IR021_0,inner_race,0,0.021,SDT,128,50,368,32.609,162.185,162.0,162.0,0.0,65.309,25.545,33.177,1
IR021_0,inner_race,0,0.021,SDT_BOUNDED,128,50,363,33.058,162.185,162.0,162.0,0.0,65.919,25.189,33.177,1
IR021_0,inner_race,0,0.021,IE,256,5,2655,4.52,162.185,162.0,162.0,0.0,15.54,31.785,33.177,1
IR021_0,inner_race,0,0.021,VW,256,5,2655,4.52,162.185,162.0,162.0,0.0,1.852,29.283,33.177,1
IR021_0,inner_race,0,0.021,DROP,256,5,2655,4.52,162.185,162.0,162.0,0.0,96.013,28.887,33.177,1
IR021_0,inner_race,0,0.021,IE_ORACLE,256,5,2655,4.52,162.185,162.0,162.0,0.0,14.456,31.971,33.177,1
IR021_0,inner_race,0,0.021,LTTB,256,5,2655,4.52,162.185,162.0,162.0,0.0,72.79,26.623,33.177,1
IR021_0,inner_race,0,0.021,SDT,256,5,2656,4.518,162.185,162.0,162.0,0.0,11.825,31.974,33.177,1
IR021_0,inner_race,0,0.021,SDT_BOUNDED,256,5,2634,4.556,162.185,162.0,162.0,0.0,11.44,32.107,33.177,1
IR021_0,inner_race,0,0.021,IE,256,10,1455,8.247,162.185,162.0,162.0,0.0,2.415,29.358,33.177,1
IR021_0,inner_race,0,0.021,VW,256,10,1455,8.247,162.185,162.0,162.0,0.0,48.221,23.386,33.177,1
IR021_0,inner_race,0,0.021,DROP,256,10,1455,8.247,162.185,162.0,162.0,0.0,98.03,20.401,33.177,1
IR021_0,inner_race,0,0.021,IE_ORACLE,256,10,1455,8.247,162.185,162.0,162.0,0.0,6.342,30.134,33.177,1
IR021_0,inner_race,0,0.021,LTTB,256,10,1455,8.247,162.185,162.0,162.0,0.0,87.153,21.906,33.177,1
IR021_0,inner_race,0,0.021,SDT,256,10,1456,8.242,162.185,162.0,162.0,0.0,13.442,28.807,33.177,1
IR021_0,inner_race,0,0.021,SDT_BOUNDED,256,10,1442,8.322,162.185,162.0,162.0,0.0,14.188,29.19,33.177,1
IR021_0,inner_race,0,0.021,IE,256,20,855,14.035,162.185,162.0,162.0,0.0,19.411,27.833,33.177,1
IR021_0,inner_race,0,0.021,VW,256,20,855,14.035,162.185,162.0,162.0,0.0,85.924,18.54,33.177,1
IR021_0,inner_race,0,0.021,DROP,256,20,855,14.035,162.185,162.0,162.0,0.0,99.819,9.415,33.177,1
IR021_0,inner_race,0,0.021,IE_ORACLE,256,20,855,14.035,162.185,162.0,162.0,0.0,6.274,27.569,33.177,1
IR021_0,inner_race,0,0.021,LTTB,256,20,855,14.035,162.185,162.0,162.0,0.0,87.754,21.854,33.177,1
IR021_0,inner_race,0,0.021,SDT,256,20,856,14.019,162.185,162.0,162.0,0.0,33.561,26.032,33.177,1
IR021_0,inner_race,0,0.021,SDT_BOUNDED,256,20,849,14.134,162.185,162.0,162.0,0.0,34.803,25.491,33.177,1
IR021_0,inner_race,0,0.021,IE,256,50,495,24.242,162.185,162.0,162.0,0.0,43.59,23.674,33.177,1
IR021_0,inner_race,0,0.021,VW,256,50,495,24.242,162.185,162.0,162.0,0.0,94.649,13.87,33.177,1
IR021_0,inner_race,0,0.021,DROP,256,50,495,24.242,162.185,162.0,168.0,6.0,99.963,8.732,33.177,0
IR021_0,inner_race,0,0.021,IE_ORACLE,256,50,495,24.242,162.185,162.0,162.0,0.0,28.08,26.398,33.177,1
IR021_0,inner_race,0,0.021,LTTB,256,50,495,24.242,162.185,162.0,162.0,0.0,92.159,18.958,33.177,1
IR021_0,inner_race,0,0.021,SDT,256,50,496,24.194,162.185,162.0,162.0,0.0,53.565,25.354,33.177,1
IR021_0,inner_race,0,0.021,SDT_BOUNDED,256,50,492,24.39,162.185,162.0,162.0,0.0,53.878,24.984,33.177,1
IR021_0,inner_race,0,0.021,IE,512,5,2911,4.122,162.185,162.0,162.0,0.0,15.719,32.44,33.177,1
IR021_0,inner_race,0,0.021,VW,512,5,2911,4.122,162.185,162.0,162.0,0.0,3.615,30.238,33.177,1
IR021_0,inner_race,0,0.021,DROP,512,5,2911,4.122,162.185,162.0,162.0,0.0,95.869,27.583,33.177,1
IR021_0,inner_race,0,0.021,IE_ORACLE,512,5,2911,4.122,162.185,162.0,162.0,0.0,13.442,32.084,33.177,1
IR021_0,inner_race,0,0.021,LTTB,512,5,2911,4.122,162.185,162.0,162.0,0.0,68.603,28.303,33.177,1
IR021_0,inner_race,0,0.021,SDT,512,5,2907,4.128,162.185,162.0,162.0,0.0,15.67,32.642,33.177,1
IR021_0,inner_race,0,0.021,SDT_BOUNDED,512,5,2893,4.148,162.185,162.0,162.0,0.0,15.225,32.147,33.177,1
IR021_0,inner_race,0,0.021,IE,512,10,1711,7.013,162.185,162.0,162.0,0.0,6.535,30.143,33.177,1
IR021_0,inner_race,0,0.021,VW,512,10,1711,7.013,162.185,162.0,162.0,0.0,33.104,25.0,33.177,1
IR021_0,inner_race,0,0.021,DROP,512,10,1711,7.013,162.185,162.0,162.0,0.0,98.028,20.382,33.177,1
IR021_0,inner_race,0,0.021,IE_ORACLE,512,10,1711,7.013,162.185,162.0,162.0,0.0,12.184,31.145,33.177,1
IR021_0,inner_race,0,0.021,LTTB,512,10,1711,7.013,162.185,162.0,162.0,0.0,82.957,23.25,33.177,1
IR021_0,inner_race,0,0.021,SDT,512,10,1711,7.013,162.185,162.0,162.0,0.0,4.987,29.784,33.177,1
IR021_0,inner_race,0,0.021,SDT_BOUNDED,512,10,1700,7.059,162.185,162.0,162.0,0.0,5.542,29.723,33.177,1
IR021_0,inner_race,0,0.021,IE,512,20,1111,10.801,162.185,162.0,162.0,0.0,8.197,27.854,33.177,1
IR021_0,inner_race,0,0.021,VW,512,20,1111,10.801,162.185,162.0,162.0,0.0,66.622,19.282,33.177,1
IR021_0,inner_race,0,0.021,DROP,512,20,1111,10.801,162.185,162.0,162.0,0.0,99.773,11.633,33.177,1
IR021_0,inner_race,0,0.021,IE_ORACLE,512,20,1111,10.801,162.185,162.0,162.0,0.0,0.318,28.018,33.177,1
IR021_0,inner_race,0,0.021,LTTB,512,20,1111,10.801,162.185,162.0,162.0,0.0,85.367,23.65,33.177,1
IR021_0,inner_race,0,0.021,SDT,512,20,1112,10.791,162.185,162.0,162.0,0.0,22.194,27.678,33.177,1
IR021_0,inner_race,0,0.021,SDT_BOUNDED,512,20,1106,10.85,162.185,162.0,162.0,0.0,23.614,26.333,33.177,1
IR021_0,inner_race,0,0.021,IE,512,50,751,15.979,162.185,162.0,162.0,0.0,20.813,27.384,33.177,1
IR021_0,inner_race,0,0.021,VW,512,50,751,15.979,162.185,162.0,162.0,0.0,82.415,17.013,33.177,1
IR021_0,inner_race,0,0.021,DROP,512,50,751,15.979,162.185,162.0,168.0,6.0,99.937,5.563,33.177,0
IR021_0,inner_race,0,0.021,IE_ORACLE,512,50,751,15.979,162.185,162.0,162.0,0.0,10.42,27.396,33.177,1
IR021_0,inner_race,0,0.021,LTTB,512,50,751,15.979,162.185,162.0,162.0,0.0,89.827,21.199,33.177,1
IR021_0,inner_race,0,0.021,SDT,512,50,752,15.957,162.185,162.0,162.0,0.0,39.513,25.795,33.177,1
IR021_0,inner_race,0,0.021,SDT_BOUNDED,512,50,749,16.021,162.185,162.0,162.0,0.0,39.723,25.589,33.177,1
IR021_1,inner_race,1,0.021,IE,128,5,2527,4.749,160.109,160.0,160.0,0.0,10.95,29.956,31.218,1
IR021_1,inner_race,1,0.021,VW,128,5,2527,4.749,160.109,160.0,160.0,0.0,3.381,29.816,31.218,1
IR021_1,inner_race,1,0.021,DROP,128,5,2527,4.749,160.109,160.0,160.0,0.0,96.321,27.588,31.218,1
IR021_1,inner_race,1,0.021,IE_ORACLE,128,5,2527,4.749,160.109,160.0,160.0,0.0,9.641,29.813,31.218,1
IR021_1,inner_race,1,0.021,LTTB,128,5,2527,4.749,160.109,160.0,160.0,0.0,75.618,27.133,31.218,1
IR021_1,inner_race,1,0.021,SDT,128,5,2528,4.747,160.109,160.0,160.0,0.0,8.898,30.342,31.218,1
IR021_1,inner_race,1,0.021,SDT_BOUNDED,128,5,2485,4.829,160.109,160.0,160.0,0.0,7.308,29.452,31.218,1
IR021_1,inner_race,1,0.021,IE,128,10,1327,9.043,160.109,160.0,160.0,0.0,0.785,29.172,31.218,1
IR021_1,inner_race,1,0.021,VW,128,10,1327,9.043,160.109,160.0,160.0,0.0,55.767,22.32,31.218,1
IR021_1,inner_race,1,0.021,DROP,128,10,1327,9.043,160.109,160.0,160.0,0.0,98.268,20.327,31.218,1
IR021_1,inner_race,1,0.021,IE_ORACLE,128,10,1327,9.043,160.109,160.0,160.0,0.0,5.016,29.69,31.218,1
IR021_1,inner_race,1,0.021,LTTB,128,10,1327,9.043,160.109,160.0,160.0,0.0,87.788,21.52,31.218,1
IR021_1,inner_race,1,0.021,SDT,128,10,1325,9.057,160.109,160.0,160.0,0.0,11.647,29.002,31.218,1
IR021_1,inner_race,1,0.021,SDT_BOUNDED,128,10,1311,9.153,160.109,160.0,160.0,0.0,12.807,28.619,31.218,1
IR021_1,inner_race,1,0.021,IE,128,20,727,16.506,160.109,160.0,160.0,0.0,27.25,26.464,31.218,1
IR021_1,inner_race,1,0.021,VW,128,20,727,16.506,160.109,160.0,160.0,0.0,89.615,16.185,31.218,1
IR021_1,inner_race,1,0.021,DROP,128,20,727,16.506,160.109,160.0,160.0,0.0,99.726,14.187,31.218,1
IR021_1,inner_race,1,0.021,IE_ORACLE,128,20,727,16.506,160.109,160.0,160.0,0.0,15.735,28.192,31.218,1
IR021_1,inner_race,1,0.021,LTTB,128,20,727,16.506,160.109,160.0,160.0,0.0,91.456,20.207,31.218,1
IR021_1,inner_race,1,0.021,SDT,128,20,727,16.506,160.109,160.0,160.0,0.0,41.112,25.57,31.218,1
IR021_1,inner_race,1,0.021,SDT_BOUNDED,128,20,718,16.713,160.109,160.0,160.0,0.0,41.618,25.583,31.218,1
IR021_1,inner_race,1,0.021,IE,128,50,367,32.698,160.109,160.0,160.0,0.0,59.63,22.767,31.218,1
IR021_1,inner_race,1,0.021,VW,128,50,367,32.698,160.109,160.0,160.0,0.0,96.766,13.013,31.218,1
IR021_1,inner_race,1,0.021,DROP,128,50,367,32.698,160.109,160.0,159.0,1.0,99.972,8.811,31.218,1
IR021_1,inner_race,1,0.021,IE_ORACLE,128,50,367,32.698,160.109,160.0,160.0,0.0,44.276,24.014,31.218,1
IR021_1,inner_race,1,0.021,LTTB,128,50,367,32.698,160.109,160.0,160.0,0.0,95.236,16.814,31.218,1
IR021_1,inner_race,1,0.021,SDT,128,50,367,32.698,160.109,160.0,160.0,0.0,69.982,21.898,31.218,1
IR021_1,inner_race,1,0.021,SDT_BOUNDED,128,50,362,33.149,160.109,160.0,160.0,0.0,70.416,21.789,31.218,1
IR021_1,inner_race,1,0.021,IE,256,5,2655,4.52,160.109,160.0,160.0,0.0,10.812,29.909,31.218,1
IR021_1,inner_race,1,0.021,VW,256,5,2655,4.52,160.109,160.0,160.0,0.0,3.543,29.412,31.218,1
IR021_1,inner_race,1,0.021,DROP,256,5,2655,4.52,160.109,160.0,160.0,0.0,96.339,26.743,31.218,1
IR021_1,inner_race,1,0.021,IE_ORACLE,256,5,2655,4.52,160.109,160.0,160.0,0.0,9.68,30.294,31.218,1
IR021_1,inner_race,1,0.021,LTTB,256,5,2655,4.52,160.109,160.0,160.0,0.0,73.643,27.598,31.218,1
IR021_1,inner_race,1,0.021,SDT,256,5,2655,4.52,160.109,160.0,160.0,0.0,9.124,30.329,31.218,1
IR021_1,inner_race,1,0.021,SDT_BOUNDED,256,5,2624,4.573,160.109,160.0,160.0,0.0,8.458,29.973,31.218,1
IR021_1,inner_race,1,0.021,IE,256,10,1455,8.247,160.109,160.0,160.0,0.0,2.386,29.21,31.218,1
IR021_1,inner_race,1,0.021,VW,256,10,1455,8.247,160.109,160.0,160.0,0.0,53.507,23.64,31.218,1
IR021_1,inner_race,1,0.021,DROP,256,10,1455,8.247,160.109,160.0,160.0,0.0,98.224,20.998,31.218,1
IR021_1,inner_race,1,0.021,IE_ORACLE,256,10,1455,8.247,160.109,160.0,160.0,0.0,7.403,29.375,31.218,1
IR021_1,inner_race,1,0.021,LTTB,256,10,1455,8.247,160.109,160.0,160.0,0.0,85.443,23.7,31.218,1
IR021_1,inner_race,1,0.021,SDT,256,10,1456,8.242,160.109,160.0,160.0,0.0,7.163,30.163,31.218,1
IR021_1,inner_race,1,0.021,SDT_BOUNDED,256,10,1445,8.304,160.109,160.0,160.0,0.0,7.51,30.202,31.218,1
IR021_1,inner_race,1,0.021,IE,256,20,855,14.035,160.109,160.0,160.0,0.0,21.774,27.048,31.218,1
IR021_1,inner_race,1,0.021,VW,256,20,855,14.035,160.109,160.0,160.0,0.0,82.801,17.996,31.218,1
IR021_1,inner_race,1,0.021,DROP,256,20,855,14.035,160.109,160.0,160.0,0.0,99.724,13.035,31.218,1
IR021_1,inner_race,1,0.021,IE_ORACLE,256,20,855,14.035,160.109,160.0,160.0,0.0,9.088,27.633,31.218,1
IR021_1,inner_race,1,0.021,LTTB,256,20,855,14.035,160.109,160.0,160.0,0.0,88.608,21.354,31.218,1
IR021_1,inner_race,1,0.021,SDT,256,20,853,14.068,160.109,160.0,160.0,0.0,34.079,26.653,31.218,1
IR021_1,inner_race,1,0.021,SDT_BOUNDED,256,20,851,14.101,160.109,160.0,160.0,0.0,34.087,26.656,31.218,1
IR021_1,inner_race,1,0.021,IE,256,50,495,24.242,160.109,160.0,160.0,0.0,45.748,25.019,31.218,1
IR021_1,inner_race,1,0.021,VW,256,50,495,24.242,160.109,160.0,160.0,0.0,95.672,14.097,31.218,1
IR021_1,inner_race,1,0.021,DROP,256,50,495,24.242,160.109,160.0,159.0,1.0,99.975,6.507,31.218,1
IR021_1,inner_race,1,0.021,IE_ORACLE,256,50,495,24.242,160.109,160.0,160.0,0.0,32.218,27.074,31.218,1
IR021_1,inner_race,1,0.021,LTTB,256,50,495,24.242,160.109,160.0,160.0,0.0,93.247,17.831,31.218,1
IR021_1,inner_race,1,0.021,SDT,256,50,497,24.145,160.109,160.0,160.0,0.0,62.141,22.394,31.218,1
IR021_1,inner_race,1,0.021,SDT_BOUNDED,256,50,493,24.341,160.109,160.0,160.0,0.0,62.66,22.639,31.218,1
IR021_1,inner_race,1,0.021,IE,512,5,2911,4.122,160.109,160.0,160.0,0.0,10.702,29.732,31.218,1
IR021_1,inner_race,1,0.021,VW,512,5,2911,4.122,160.109,160.0,160.0,0.0,3.968,29.641,31.218,1
IR021_1,inner_race,1,0.021,DROP,512,5,2911,4.122,160.109,160.0,160.0,0.0,96.224,26.857,31.218,1
IR021_1,inner_race,1,0.021,IE_ORACLE,512,5,2911,4.122,160.109,160.0,160.0,0.0,9.359,30.0,31.218,1
IR021_1,inner_race,1,0.021,LTTB,512,5,2911,4.122,160.109,160.0,160.0,0.0,69.72,27.472,31.218,1
IR021_1,inner_race,1,0.021,SDT,512,5,2911,4.122,160.109,160.0,160.0,0.0,11.189,30.815,31.218,1
IR021_1,inner_race,1,0.021,SDT_BOUNDED,512,5,2891,4.151,160.109,160.0,160.0,0.0,9.491,29.964,31.218,1
IR021_1,inner_race,1,0.021,IE,512,10,1711,7.013,160.109,160.0,160.0,0.0,5.672,28.974,31.218,1
IR021_1,inner_race,1,0.021,VW,512,10,1711,7.013,160.109,160.0,160.0,0.0,33.833,27.497,31.218,1
IR021_1,inner_race,1,0.021,DROP,512,10,1711,7.013,160.109,160.0,160.0,0.0,98.218,20.995,31.218,1
IR021_1,inner_race,1,0.021,IE_ORACLE,512,10,1711,7.013,160.109,160.0,160.0,0.0,10.176,29.481,31.218,1
IR021_1,inner_race,1,0.021,LTTB,512,10,1711,7.013,160.109,160.0,160.0,0.0,82.966,24.797,31.218,1
IR021_1,inner_race,1,0.021,SDT,512,10,1712,7.009,160.109,160.0,160.0,0.0,0.747,29.928,31.218,1
IR021_1,inner_race,1,0.021,SDT_BOUNDED,512,10,1702,7.051,160.109,160.0,160.0,0.0,1.083,29.358,31.218,1
IR021_1,inner_race,1,0.021,IE,512,20,1111,10.801,160.109,160.0,160.0,0.0,9.639,27.908,31.218,1
IR021_1,inner_race,1,0.021,VW,512,20,1111,10.801,160.109,160.0,160.0,0.0,63.008,22.003,31.218,1
IR021_1,inner_race,1,0.021,DROP,512,20,1111,10.801,160.109,160.0,160.0,0.0,99.671,14.474,31.218,1
IR021_1,inner_race,1,0.021,IE_ORACLE,512,20,1111,10.801,160.109,160.0,160.0,0.0,0.294,28.506,31.218,1
IR021_1,inner_race,1,0.021,LTTB,512,20,1111,10.801,160.109,160.0,160.0,0.0,86.697,21.948,31.218,1
IR021_1,inner_race,1,0.021,SDT,512,20,1112,10.791,160.109,160.0,160.0,0.0,20.085,28.478,31.218,1
IR021_1,inner_race,1,0.021,SDT_BOUNDED,512,20,1107,10.84,160.109,160.0,160.0,0.0,21.411,27.399,31.218,1
IR021_1,inner_race,1,0.021,IE,512,50,751,15.979,160.109,160.0,160.0,0.0,24.287,26.304,31.218,1
IR021_1,inner_race,1,0.021,VW,512,50,751,15.979,160.109,160.0,160.0,0.0,83.256,14.42,31.218,1
IR021_1,inner_race,1,0.021,DROP,512,50,751,15.979,160.109,160.0,160.0,0.0,99.891,8.435,31.218,1
IR021_1,inner_race,1,0.021,IE_ORACLE,512,50,751,15.979,160.109,160.0,160.0,0.0,14.606,28.325,31.218,1
IR021_1,inner_race,1,0.021,LTTB,512,50,751,15.979,160.109,160.0,160.0,0.0,89.496,21.299,31.218,1
IR021_1,inner_race,1,0.021,SDT,512,50,753,15.936,160.109,160.0,160.0,0.0,41.088,25.115,31.218,1
IR021_1,inner_race,1,0.021,SDT_BOUNDED,512,50,750,16.0,160.109,160.0,160.0,0.0,41.651,24.78,31.218,1
IR021_2,inner_race,2,0.021,IE,128,5,2527,4.749,158.124,158.0,158.0,0.0,10.477,29.401,29.943,1
IR021_2,inner_race,2,0.021,VW,128,5,2527,4.749,158.124,158.0,158.0,0.0,0.85,28.122,29.943,1
IR021_2,inner_race,2,0.021,DROP,128,5,2527,4.749,158.124,158.0,158.0,0.0,96.198,26.359,29.943,1
IR021_2,inner_race,2,0.021,IE_ORACLE,128,5,2527,4.749,158.124,158.0,158.0,0.0,9.097,28.999,29.943,1
IR021_2,inner_race,2,0.021,LTTB,128,5,2527,4.749,158.124,158.0,158.0,0.0,75.242,26.502,29.943,1
IR021_2,inner_race,2,0.021,SDT,128,5,2527,4.749,158.124,158.0,158.0,0.0,7.677,27.791,29.943,1
IR021_2,inner_race,2,0.021,SDT_BOUNDED,128,5,2485,4.829,158.124,158.0,158.0,0.0,0.798,25.232,29.943,1
IR021_2,inner_race,2,0.021,IE,128,10,1327,9.043,158.124,158.0,158.0,0.0,1.486,27.373,29.943,1
IR021_2,inner_race,2,0.021,VW,128,10,1327,9.043,158.124,158.0,158.0,0.0,49.248,22.707,29.943,1
IR021_2,inner_race,2,0.021,DROP,128,10,1327,9.043,158.124,158.0,158.0,0.0,97.92,20.758,29.943,1
IR021_2,inner_race,2,0.021,IE_ORACLE,128,10,1327,9.043,158.124,158.0,158.0,0.0,3.562,27.094,29.943,1
IR021_2,inner_race,2,0.021,LTTB,128,10,1327,9.043,158.124,158.0,158.0,0.0,86.803,20.354,29.943,1
IR021_2,inner_race,2,0.021,SDT,128,10,1328,9.036,158.124,158.0,158.0,0.0,12.806,25.502,29.943,1
IR021_2,inner_race,2,0.021,SDT_BOUNDED,128,10,1309,9.167,158.124,158.0,158.0,0.0,14.097,25.154,29.943,1
IR021_2,inner_race,2,0.021,IE,128,20,727,16.506,158.124,158.0,158.0,0.0,23.523,24.802,29.943,1
IR021_2,inner_race,2,0.021,VW,128,20,727,16.506,158.124,158.0,158.0,0.0,87.103,16.358,29.943,1
IR021_2,inner_race,2,0.021,DROP,128,20,727,16.506,158.124,158.0,158.0,0.0,99.647,16.298,29.943,1
IR021_2,inner_race,2,0.021,IE_ORACLE,128,20,727,16.506,158.124,158.0,158.0,0.0,15.0,26.022,29.943,1
IR021_2,inner_race,2,0.021,LTTB,128,20,727,16.506,158.124,158.0,158.0,0.0,90.117,20.539,29.943,1
IR021_2,inner_race,2,0.021,SDT,128,20,728,16.484,158.124,158.0,158.0,0.0,36.045,24.952,29.943,1
IR021_2,inner_race,2,0.021,SDT_BOUNDED,128,20,716,16.76,158.124,158.0,158.0,0.0,36.956,24.826,29.943,1
IR021_2,inner_race,2,0.021,IE,128,50,367,32.698,158.124,158.0,158.0,0.0,56.724,20.876,29.943,1
IR021_2,inner_race,2,0.021,VW,128,50,367,32.698,158.124,158.0,158.0,0.0,97.449,14.32,29.943,1
IR021_2,inner_race,2,0.021,DROP,128,50,367,32.698,158.124,158.0,164.0,6.0,99.941,13.18,29.943,0
IR021_2,inner_race,2,0.021,IE_ORACLE,128,50,367,32.698,158.124,158.0,158.0,0.0,43.596,22.826,29.943,1
IR021_2,inner_race,2,0.021,LTTB,128,50,367,32.698,158.124,158.0,158.0,0.0,95.049,15.856,29.943,1
IR021_2,inner_race,2,0.021,SDT,128,50,370,32.432,158.124,158.0,158.0,0.0,70.754,18.718,29.943,1
IR021_2,inner_race,2,0.021,SDT_BOUNDED,128,50,360,33.333,158.124,158.0,158.0,0.0,72.078,19.27,29.943,1
IR021_2,inner_race,2,0.021,IE,256,5,2655,4.52,158.124,158.0,158.0,0.0,10.927,29.108,29.943,1
IR021_2,inner_race,2,0.021,VW,256,5,2655,4.52,158.124,158.0,158.0,0.0,0.4,27.588,29.943,1
IR021_2,inner_race,2,0.021,DROP,256,5,2655,4.52,158.124,158.0,158.0,0.0,96.258,26.869,29.943,1
IR021_2,inner_race,2,0.021,IE_ORACLE,256,5,2655,4.52,158.124,158.0,158.0,0.0,8.829,29.137,29.943,1
IR021_2,inner_race,2,0.021,LTTB,256,5,2655,4.52,158.124,158.0,158.0,0.0,72.631,26.646,29.943,1
IR021_2,inner_race,2,0.021,SDT,256,5,2655,4.52,158.124,158.0,158.0,0.0,8.027,27.966,29.943,1
IR021_2,inner_race,2,0.021,SDT_BOUNDED,256,5,2622,4.577,158.124,158.0,158.0,0.0,6.426,27.902,29.943,1
IR021_2,inner_race,2,0.021,IE,256,10,1455,8.247,158.124,158.0,158.0,0.0,2.181,27.167,29.943,1
IR021_2,inner_race,2,0.021,VW,256,10,1455,8.247,158.124,158.0,158.0,0.0,45.904,23.341,29.943,1
IR021_2,inner_race,2,0.021,DROP,256,10,1455,8.247,158.124,158.0,158.0,0.0,97.955,21.908,29.943,1
IR021_2,inner_race,2,0.021,IE_ORACLE,256,10,1455,8.247,158.124,158.0,158.0,0.0,5.67,27.336,29.943,1
IR021_2,inner_race,2,0.021,LTTB,256,10,1455,8.247,158.124,158.0,158.0,0.0,84.847,22.341,29.943,1
IR021_2,inner_race,2,0.021,SDT,256,10,1454,8.253,158.124,158.0,158.0,0.0,8.688,25.774,29.943,1
IR021_2,inner_race,2,0.021,SDT_BOUNDED,256,10,1439,8.339,158.124,158.0,158.0,0.0,9.851,25.788,29.943,1
IR021_2,inner_race,2,0.021,IE,256,20,855,14.035,158.124,158.0,158.0,0.0,19.485,25.219,29.943,1
IR021_2,inner_race,2,0.021,VW,256,20,855,14.035,158.124,158.0,158.0,0.0,84.397,17.023,29.943,1
IR021_2,inner_race,2,0.021,DROP,256,20,855,14.035,158.124,158.0,158.0,0.0,99.678,14.428,29.943,1
IR021_2,inner_race,2,0.021,IE_ORACLE,256,20,855,14.035,158.124,158.0,158.0,0.0,9.369,26.3,29.943,1
IR021_2,inner_race,2,0.021,LTTB,256,20,855,14.035,158.124,158.0,158.0,0.0,87.809,22.692,29.943,1
IR021_2,inner_race,2,0.021,SDT,256,20,856,14.019,158.124,158.0,158.0,0.0,28.38,24.579,29.943,1
IR021_2,inner_race,2,0.021,SDT_BOUNDED,256,20,846,14.184,158.124,158.0,158.0,0.0,30.963,24.105,29.943,1
IR021_2,inner_race,2,0.021,IE,256,50,495,24.242,158.124,158.0,158.0,0.0,42.709,23.7,29.943,1
IR021_2,inner_race,2,0.021,VW,256,50,495,24.242,158.124,158.0,158.0,0.0,94.133,12.246,29.943,1
IR021_2,inner_race,2,0.021,DROP,256,50,495,24.242,158.124,158.0,158.0,0.0,99.951,11.38,29.943,1
IR021_2,inner_race,2,0.021,IE_ORACLE,256,50,495,24.242,158.124,158.0,158.0,0.0,30.606,24.328,29.943,1
IR021_2,inner_race,2,0.021,LTTB,256,50,495,24.242,158.124,158.0,158.0,0.0,92.971,18.471,29.943,1
IR021_2,inner_race,2,0.021,SDT,256,50,496,24.194,158.124,158.0,158.0,0.0,57.526,21.318,29.943,1
IR021_2,inner_race,2,0.021,SDT_BOUNDED,256,50,488,24.59,158.124,158.0,158.0,0.0,59.192,20.831,29.943,1
IR021_2,inner_race,2,0.021,IE,512,5,2911,4.122,158.124,158.0,158.0,0.0,10.943,28.31,29.943,1
IR021_2,inner_race,2,0.021,VW,512,5,2911,4.122,158.124,158.0,158.0,0.0,1.069,28.291,29.943,1
IR021_2,inner_race,2,0.021,DROP,512,5,2911,4.122,158.124,158.0,158.0,0.0,96.231,25.972,29.943,1
IR021_2,inner_race,2,0.021,IE_ORACLE,512,5,2911,4.122,158.124,158.0,158.0,0.0,8.908,29.645,29.943,1
IR021_2,inner_race,2,0.021,LTTB,512,5,2911,4.122,158.124,158.0,158.0,0.0,69.314,27.492,29.943,1
IR021_2,inner_race,2,0.021,SDT,512,5,2911,4.122,158.124,158.0,158.0,0.0,9.821,28.779,29.943,1
IR021_2,inner_race,2,0.021,SDT_BOUNDED,512,5,2889,4.154,158.124,158.0,158.0,0.0,8.414,28.236,29.943,1
IR021_2,inner_race,2,0.021,IE,512,10,1711,7.013,158.124,158.0,158.0,0.0,5.184,27.084,29.943,1
IR021_2,inner_race,2,0.021,VW,512,10,1711,7.013,158.124,158.0,158.0,0.0,29.916,24.648,29.943,1
IR021_2,inner_race,2,0.021,DROP,512,10,1711,7.013,158.124,158.0,158.0,0.0,97.811,20.794,29.943,1
IR021_2,inner_race,2,0.021,IE_ORACLE,512,10,1711,7.013,158.124,158.0,158.0,0.0,8.315,28.683,29.943,1
IR021_2,inner_race,2,0.021,LTTB,512,10,1711,7.013,158.124,158.0,158.0,0.0,83.168,24.103,29.943,1
IR021_2,inner_race,2,0.021,SDT,512,10,1711,7.013,158.124,158.0,158.0,0.0,3.379,26.916,29.943,1
IR021_2,inner_race,2,0.021,SDT_BOUNDED,512,10,1695,7.08,158.124,158.0,158.0,0.0,5.832,26.166,29.943,1
IR021_2,inner_race,2,0.021,IE,512,20,1111,10.801,158.124,158.0,158.0,0.0,9.575,25.727,29.943,1
IR021_2,inner_race,2,0.021,VW,512,20,1111,10.801,158.124,158.0,158.0,0.0,59.821,20.78,29.943,1
IR021_2,inner_race,2,0.021,DROP,512,20,1111,10.801,158.124,158.0,158.0,0.0,99.615,15.49,29.943,1
IR021_2,inner_race,2,0.021,IE_ORACLE,512,20,1111,10.801,158.124,158.0,158.0,0.0,2.595,26.545,29.943,1
IR021_2,inner_race,2,0.021,LTTB,512,20,1111,10.801,158.124,158.0,158.0,0.0,87.555,20.759,29.943,1
IR021_2,inner_race,2,0.021,SDT,512,20,1112,10.791,158.124,158.0,158.0,0.0,19.35,24.713,29.943,1
IR021_2,inner_race,2,0.021,SDT_BOUNDED,512,20,1104,10.87,158.124,158.0,158.0,0.0,21.17,24.609,29.943,1
IR021_2,inner_race,2,0.021,IE,512,50,751,15.979,158.124,158.0,158.0,0.0,21.667,25.704,29.943,1
IR021_2,inner_race,2,0.021,VW,512,50,751,15.979,158.124,158.0,158.0,0.0,74.951,17.487,29.943,1
IR021_2,inner_race,2,0.021,DROP,512,50,751,15.979,158.124,158.0,158.0,0.0,99.913,9.433,29.943,1
IR021_2,inner_race,2,0.021,IE_ORACLE,512,50,751,15.979,158.124,158.0,158.0,0.0,13.716,26.072,29.943,1
IR021_2,inner_race,2,0.021,LTTB,512,50,751,15.979,158.124,158.0,158.0,0.0,90.378,20.695,29.943,1
IR021_2,inner_race,2,0.021,SDT,512,50,751,15.979,158.124,158.0,158.0,0.0,33.86,24.819,29.943,1
IR021_2,inner_race,2,0.021,SDT_BOUNDED,512,50,750,16.0,158.124,158.0,158.0,0.0,33.956,24.924,29.943,1
IR021_3,inner_race,3,0.021,IE,128,5,2527,4.749,155.958,156.0,156.0,0.0,13.956,29.55,29.898,1
IR021_3,inner_race,3,0.021,VW,128,5,2527,4.749,155.958,156.0,156.0,0.0,4.192,27.885,29.898,1
IR021_3,inner_race,3,0.021,DROP,128,5,2527,4.749,155.958,156.0,156.0,0.0,96.042,24.555,29.898,1
IR021_3,inner_race,3,0.021,IE_ORACLE,128,5,2527,4.749,155.958,156.0,156.0,0.0,10.97,28.774,29.898,1
IR021_3,inner_race,3,0.021,LTTB,128,5,2527,4.749,155.958,156.0,156.0,0.0,75.214,25.528,29.898,1
IR021_3,inner_race,3,0.021,SDT,128,5,2531,4.741,155.958,156.0,156.0,0.0,13.135,29.037,29.898,1
IR021_3,inner_race,3,0.021,SDT_BOUNDED,128,5,2516,4.769,155.958,156.0,156.0,0.0,10.699,26.724,29.898,1
IR021_3,inner_race,3,0.021,IE,128,10,1327,9.043,155.958,156.0,156.0,0.0,6.281,28.627,29.898,1
IR021_3,inner_race,3,0.021,VW,128,10,1327,9.043,155.958,156.0,156.0,0.0,48.801,22.585,29.898,1
IR021_3,inner_race,3,0.021,DROP,128,10,1327,9.043,155.958,156.0,156.0,0.0,97.617,21.537,29.898,1
IR021_3,inner_race,3,0.021,IE_ORACLE,128,10,1327,9.043,155.958,156.0,156.0,0.0,8.194,27.012,29.898,1
IR021_3,inner_race,3,0.021,LTTB,128,10,1327,9.043,155.958,156.0,156.0,0.0,88.478,19.911,29.898,1
IR021_3,inner_race,3,0.021,SDT,128,10,1329,9.029,155.958,156.0,156.0,0.0,10.547,25.857,29.898,1
IR021_3,inner_race,3,0.021,SDT_BOUNDED,128,10,1320,9.091,155.958,156.0,156.0,0.0,10.717,25.71,29.898,1
IR021_3,inner_race,3,0.021,IE,128,20,727,16.506,155.958,156.0,156.0,0.0,20.84,24.483,29.898,1
IR021_3,inner_race,3,0.021,VW,128,20,727,16.506,155.958,156.0,156.0,0.0,88.442,15.719,29.898,1
IR021_3,inner_race,3,0.021,DROP,128,20,727,16.506,155.958,156.0,156.0,0.0,99.608,13.579,29.898,1
IR021_3,inner_race,3,0.021,IE_ORACLE,128,20,727,16.506,155.958,156.0,156.0,0.0,12.65,25.391,29.898,1
IR021_3,inner_race,3,0.021,LTTB,128,20,727,16.506,155.958,156.0,156.0,0.0,89.379,19.496,29.898,1
IR021_3,inner_race,3,0.021,SDT,128,20,727,16.506,155.958,156.0,156.0,0.0,34.986,24.202,29.898,1
IR021_3,inner_race,3,0.021,SDT_BOUNDED,128,20,723,16.598,155.958,156.0,156.0,0.0,35.296,24.144,29.898,1
IR021_3,inner_race,3,0.021,IE,128,50,367,32.698,155.958,156.0,156.0,0.0,52.578,21.187,29.898,1
IR021_3,inner_race,3,0.021,VW,128,50,367,32.698,155.958,156.0,156.0,0.0,97.01,10.448,29.898,1
IR021_3,inner_race,3,0.021,DROP,128,50,367,32.698,155.958,156.0,156.0,0.0,99.952,10.326,29.898,1
IR021_3,inner_race,3,0.021,IE_ORACLE,128,50,367,32.698,155.958,156.0,156.0,0.0,41.26,22.13,29.898,1
IR021_3,inner_race,3,0.021,LTTB,128,50,367,32.698,155.958,156.0,156.0,0.0,94.949,15.821,29.898,1
IR021_3,inner_race,3,0.021,SDT,128,50,367,32.698,155.958,156.0,156.0,0.0,63.419,22.747,29.898,1
IR021_3,inner_race,3,0.021,SDT_BOUNDED,128,50,367,32.698,155.958,156.0,156.0,0.0,63.419,22.747,29.898,1
IR021_3,inner_race,3,0.021,IE,256,5,2655,4.52,155.958,156.0,156.0,0.0,12.08,29.358,29.898,1
IR021_3,inner_race,3,0.021,VW,256,5,2655,4.52,155.958,156.0,156.0,0.0,4.725,28.06,29.898,1
IR021_3,inner_race,3,0.021,DROP,256,5,2655,4.52,155.958,156.0,156.0,0.0,96.153,24.448,29.898,1
IR021_3,inner_race,3,0.021,IE_ORACLE,256,5,2655,4.52,155.958,156.0,156.0,0.0,10.085,28.581,29.898,1
IR021_3,inner_race,3,0.021,LTTB,256,5,2655,4.52,155.958,156.0,156.0,0.0,72.442,25.276,29.898,1
IR021_3,inner_race,3,0.021,SDT,256,5,2654,4.521,155.958,156.0,156.0,0.0,15.195,29.454,29.898,1
IR021_3,inner_race,3,0.021,SDT_BOUNDED,256,5,2652,4.525,155.958,156.0,156.0,0.0,15.205,29.479,29.898,1
IR021_3,inner_race,3,0.021,IE,256,10,1455,8.247,155.958,156.0,156.0,0.0,7.142,27.583,29.898,1
IR021_3,inner_race,3,0.021,VW,256,10,1455,8.247,155.958,156.0,156.0,0.0,46.853,23.084,29.898,1
IR021_3,inner_race,3,0.021,DROP,256,10,1455,8.247,155.958,156.0,156.0,0.0,97.589,21.044,29.898,1
IR021_3,inner_race,3,0.021,IE_ORACLE,256,10,1455,8.247,155.958,156.0,156.0,0.0,11.292,27.57,29.898,1
IR021_3,inner_race,3,0.021,LTTB,256,10,1455,8.247,155.958,156.0,156.0,0.0,86.81,19.72,29.898,1
IR021_3,inner_race,3,0.021,SDT,256,10,1454,8.253,155.958,156.0,156.0,0.0,5.095,26.145,29.898,1
IR021_3,inner_race,3,0.021,SDT_BOUNDED,256,10,1449,8.282,155.958,156.0,156.0,0.0,5.16,25.862,29.898,1
IR021_3,inner_race,3,0.021,IE,256,20,855,14.035,155.958,156.0,156.0,0.0,15.196,25.26,29.898,1
IR021_3,inner_race,3,0.021,VW,256,20,855,14.035,155.958,156.0,156.0,0.0,81.441,16.897,29.898,1
IR021_3,inner_race,3,0.021,DROP,256,20,855,14.035,155.958,156.0,156.0,0.0,99.581,15.066,29.898,1
IR021_3,inner_race,3,0.021,IE_ORACLE,256,20,855,14.035,155.958,156.0,156.0,0.0,7.002,25.115,29.898,1
IR021_3,inner_race,3,0.021,LTTB,256,20,855,14.035,155.958,156.0,156.0,0.0,89.196,19.442,29.898,1
IR021_3,inner_race,3,0.021,SDT,256,20,856,14.019,155.958,156.0,156.0,0.0,26.937,25.084,29.898,1
IR021_3,inner_race,3,0.021,SDT_BOUNDED,256,20,852,14.085,155.958,156.0,156.0,0.0,26.889,25.341,29.898,1
IR021_3,inner_race,3,0.021,IE,256,50,495,24.242,155.958,156.0,156.0,0.0,38.472,22.56,29.898,1
IR021_3,inner_race,3,0.021,VW,256,50,495,24.242,155.958,156.0,156.0,0.0,94.959,11.549,29.898,1
IR021_3,inner_race,3,0.021,DROP,256,50,495,24.242,155.958,156.0,156.0,0.0,99.957,7.495,29.898,1
IR021_3,inner_race,3,0.021,IE_ORACLE,256,50,495,24.242,155.958,156.0,156.0,0.0,28.9,24.515,29.898,1
IR021_3,inner_race,3,0.021,LTTB,256,50,495,24.242,155.958,156.0,156.0,0.0,94.155,17.796,29.898,1
IR021_3,inner_race,3,0.021,SDT,256,50,492,24.39,155.958,156.0,156.0,0.0,53.197,21.799,29.898,1
IR021_3,inner_race,3,0.021,SDT_BOUNDED,256,50,492,24.39,155.958,156.0,156.0,0.0,53.197,21.799,29.898,1
IR021_3,inner_race,3,0.021,IE,512,5,2911,4.122,155.958,156.0,156.0,0.0,12.506,29.454,29.898,1
IR021_3,inner_race,3,0.021,VW,512,5,2911,4.122,155.958,156.0,156.0,0.0,6.326,27.545,29.898,1
IR021_3,inner_race,3,0.021,DROP,512,5,2911,4.122,155.958,156.0,156.0,0.0,96.059,24.603,29.898,1
IR021_3,inner_race,3,0.021,IE_ORACLE,512,5,2911,4.122,155.958,156.0,156.0,0.0,8.821,29.216,29.898,1
IR021_3,inner_race,3,0.021,LTTB,512,5,2911,4.122,155.958,156.0,156.0,0.0,69.582,26.471,29.898,1
IR021_3,inner_race,3,0.021,SDT,512,5,2910,4.124,155.958,156.0,156.0,0.0,16.068,29.053,29.898,1
IR021_3,inner_race,3,0.021,SDT_BOUNDED,512,5,2908,4.127,155.958,156.0,156.0,0.0,15.796,28.943,29.898,1
IR021_3,inner_race,3,0.021,IE,512,10,1711,7.013,155.958,156.0,156.0,0.0,10.763,28.399,29.898,1
IR021_3,inner_race,3,0.021,VW,512,10,1711,7.013,155.958,156.0,156.0,0.0,32.438,22.814,29.898,1
IR021_3,inner_race,3,0.021,DROP,512,10,1711,7.013,155.958,156.0,156.0,0.0,97.598,21.138,29.898,1
IR021_3,inner_race,3,0.021,IE_ORACLE,512,10,1711,7.013,155.958,156.0,156.0,0.0,14.508,28.199,29.898,1
IR021_3,inner_race,3,0.021,LTTB,512,10,1711,7.013,155.958,156.0,156.0,0.0,83.491,21.657,29.898,1
IR021_3,inner_race,3,0.021,SDT,512,10,1711,7.013,155.958,156.0,156.0,0.0,0.142,26.113,29.898,1
IR021_3,inner_race,3,0.021,SDT_BOUNDED,512,10,1706,7.034,155.958,156.0,156.0,0.0,1.122,25.773,29.898,1
IR021_3,inner_race,3,0.021,IE,512,20,1111,10.801,155.958,156.0,156.0,0.0,4.201,26.187,29.898,1
IR021_3,inner_race,3,0.021,VW,512,20,1111,10.801,155.958,156.0,156.0,0.0,62.177,18.065,29.898,1
IR021_3,inner_race,3,0.021,DROP,512,20,1111,10.801,155.958,156.0,156.0,0.0,99.637,13.933,29.898,1
IR021_3,inner_race,3,0.021,IE_ORACLE,512,20,1111,10.801,155.958,156.0,156.0,0.0,4.506,27.106,29.898,1
IR021_3,inner_race,3,0.021,LTTB,512,20,1111,10.801,155.958,156.0,156.0,0.0,86.017,21.131,29.898,1
IR021_3,inner_race,3,0.021,SDT,512,20,1112,10.791,155.958,156.0,156.0,0.0,14.994,25.951,29.898,1
IR021_3,inner_race,3,0.021,SDT_BOUNDED,512,20,1109,10.821,155.958,156.0,156.0,0.0,15.086,25.953,29.898,1
IR021_3,inner_race,3,0.021,IE,512,50,751,15.979,155.958,156.0,156.0,0.0,22.869,24.023,29.898,1
IR021_3,inner_race,3,0.021,VW,512,50,751,15.979,155.958,156.0,156.0,0.0,78.037,14.542,29.898,1
IR021_3,inner_race,3,0.021,DROP,512,50,751,15.979,155.958,156.0,156.0,0.0,99.896,11.1,29.898,1
IR021_3,inner_race,3,0.021,IE_ORACLE,512,50,751,15.979,155.958,156.0,156.0,0.0,11.442,25.466,29.898,1
IR021_3,inner_race,3,0.021,LTTB,512,50,751,15.979,155.958,156.0,156.0,0.0,86.284,20.638,29.898,1
IR021_3,inner_race,3,0.021,SDT,512,50,753,15.936,155.958,156.0,156.0,0.0,32.346,25.877,29.898,1
IR021_3,inner_race,3,0.021,SDT_BOUNDED,512,50,752,15.957,155.958,156.0,156.0,0.0,32.4,25.844,29.898,1
B021_0,ball,0,0.021,IE,128,5,2527,4.749,70.547,72.0,72.0,0.0,0.201,5.631,7.87,0
B021_0,ball,0,0.021,VW,128,5,2527,4.749,70.547,72.0,72.0,0.0,16.142,7.595,7.87,1
B021_0,ball,0,0.021,DROP,128,5,2527,4.749,70.547,72.0,73.0,1.0,92.6,5.846,7.87,0
B021_0,ball,0,0.021,IE_ORACLE,128,5,2527,4.749,70.547,72.0,72.0,0.0,17.764,6.109,7.87,1
B021_0,ball,0,0.021,LTTB,128,5,2527,4.749,70.547,72.0,72.0,0.0,77.115,6.619,7.87,1
B021_0,ball,0,0.021,SDT,128,5,2526,4.751,70.547,72.0,72.0,0.0,17.069,7.13,7.87,1
B021_0,ball,0,0.021,SDT_BOUNDED,128,5,2475,4.848,70.547,72.0,72.0,0.0,7.438,5.149,7.87,0
B021_0,ball,0,0.021,IE,128,10,1327,9.043,70.547,72.0,72.0,0.0,8.882,5.855,7.87,0
B021_0,ball,0,0.021,VW,128,10,1327,9.043,70.547,72.0,72.0,0.0,66.779,9.086,7.87,1
B021_0,ball,0,0.021,DROP,128,10,1327,9.043,70.547,72.0,69.0,3.0,98.532,1.424,7.87,0
B021_0,ball,0,0.021,IE_ORACLE,128,10,1327,9.043,70.547,72.0,72.0,0.0,6.46,5.853,7.87,0
B021_0,ball,0,0.021,LTTB,128,10,1327,9.043,70.547,72.0,73.0,1.0,84.539,6.774,7.87,1
B021_0,ball,0,0.021,SDT,128,10,1327,9.043,70.547,72.0,72.0,0.0,8.156,8.196,7.87,1
B021_0,ball,0,0.021,SDT_BOUNDED,128,10,1300,9.231,70.547,72.0,72.0,0.0,0.417,8.801,7.87,1
B021_0,ball,0,0.021,IE,128,20,727,16.506,70.547,72.0,73.0,1.0,11.773,8.816,7.87,1
B021_0,ball,0,0.021,VW,128,20,727,16.506,70.547,72.0,71.0,1.0,80.769,5.929,7.87,0
B021_0,ball,0,0.021,DROP,128,20,727,16.506,70.547,72.0,73.0,1.0,98.305,6.795,7.87,1
B021_0,ball,0,0.021,IE_ORACLE,128,20,727,16.506,70.547,72.0,72.0,0.0,14.09,9.653,7.87,1
B021_0,ball,0,0.021,LTTB,128,20,727,16.506,70.547,72.0,71.0,1.0,91.307,7.415,7.87,1
B021_0,ball,0,0.021,SDT,128,20,730,16.438,70.547,72.0,72.0,0.0,20.052,9.648,7.87,1
B021_0,ball,0,0.021,SDT_BOUNDED,128,20,717,16.736,70.547,72.0,72.0,0.0,23.234,8.792,7.87,1
B021_0,ball,0,0.021,IE,128,50,367,32.698,70.547,72.0,72.0,0.0,46.343,7.862,7.87,1
B021_0,ball,0,0.021,VW,128,50,367,32.698,70.547,72.0,74.0,2.0,94.2,7.354,7.87,0
B021_0,ball,0,0.021,DROP,128,50,367,32.698,70.547,72.0,73.0,1.0,99.787,8.589,7.87,1
B021_0,ball,0,0.021,IE_ORACLE,128,50,367,32.698,70.547,72.0,72.0,0.0,25.92,8.379,7.87,1
B021_0,ball,0,0.021,LTTB,128,50,367,32.698,70.547,72.0,72.0,0.0,93.047,7.611,7.87,1
B021_0,ball,0,0.021,SDT,128,50,368,32.609,70.547,72.0,72.0,0.0,62.741,7.717,7.87,1
B021_0,ball,0,0.021,SDT_BOUNDED,128,50,363,33.058,70.547,72.0,72.0,0.0,62.614,7.707,7.87,1
B021_0,ball,0,0.021,IE,256,5,2655,4.52,70.547,72.0,72.0,0.0,5.913,6.09,7.87,1
B021_0,ball,0,0.021,VW,256,5,2655,4.52,70.547,72.0,72.0,0.0,25.634,6.428,7.87,1
B021_0,ball,0,0.021,DROP,256,5,2655,4.52,70.547,72.0,72.0,0.0,91.077,9.134,7.87,1
B021_0,ball,0,0.021,IE_ORACLE,256,5,2655,4.52,70.547,72.0,72.0,0.0,15.556,6.277,7.87,1
B021_0,ball,0,0.021,LTTB,256,5,2655,4.52,70.547,72.0,72.0,0.0,75.157,7.827,7.87,1
B021_0,ball,0,0.021,SDT,256,5,2654,4.521,70.547,72.0,72.0,0.0,10.987,6.184,7.87,1
B021_0,ball,0,0.021,SDT_BOUNDED,256,5,2628,4.566,70.547,72.0,72.0,0.0,3.677,5.418,7.87,0
B021_0,ball,0,0.021,IE,256,10,1455,8.247,70.547,72.0,72.0,0.0,1.028,7.089,7.87,1
B021_0,ball,0,0.021,VW,256,10,1455,8.247,70.547,72.0,72.0,0.0,68.001,8.418,7.87,1
B021_0,ball,0,0.021,DROP,256,10,1455,8.247,70.547,72.0,72.0,0.0,97.828,3.99,7.87,0
B021_0,ball,0,0.021,IE_ORACLE,256,10,1455,8.247,70.547,72.0,72.0,0.0,8.569,5.919,7.87,0
B021_0,ball,0,0.021,LTTB,256,10,1455,8.247,70.547,72.0,72.0,0.0,81.696,10.063,7.87,1
B021_0,ball,0,0.021,SDT,256,10,1457,8.236,70.547,72.0,72.0,0.0,2.048,7.31,7.87,1
B021_0,ball,0,0.021,SDT_BOUNDED,256,10,1440,8.333,70.547,72.0,72.0,0.0,2.506,7.458,7.87,1
B021_0,ball,0,0.021,IE,256,20,855,14.035,70.547,72.0,73.0,1.0,9.487,8.758,7.87,1
B021_0,ball,0,0.021,VW,256,20,855,14.035,70.547,72.0,70.0,2.0,84.632,5.725,7.87,0
B021_0,ball,0,0.021,DROP,256,20,855,14.035,70.547,72.0,68.0,4.0,98.678,7.281,7.87,0
B021_0,ball,0,0.021,IE_ORACLE,256,20,855,14.035,70.547,72.0,72.0,0.0,22.018,9.345,7.87,1
B021_0,ball,0,0.021,LTTB,256,20,855,14.035,70.547,72.0,70.0,2.0,90.131,6.448,7.87,0
B021_0,ball,0,0.021,SDT,256,20,854,14.052,70.547,72.0,72.0,0.0,18.261,9.351,7.87,1
B021_0,ball,0,0.021,SDT_BOUNDED,256,20,846,14.184,70.547,72.0,72.0,0.0,17.747,9.574,7.87,1
B021_0,ball,0,0.021,IE,256,50,495,24.242,70.547,72.0,72.0,0.0,42.51,6.813,7.87,1
B021_0,ball,0,0.021,VW,256,50,495,24.242,70.547,72.0,74.0,2.0,91.645,6.822,7.87,0
B021_0,ball,0,0.021,DROP,256,50,495,24.242,70.547,72.0,72.0,0.0,99.683,11.197,7.87,1
B021_0,ball,0,0.021,IE_ORACLE,256,50,495,24.242,70.547,72.0,72.0,0.0,12.706,8.864,7.87,1
B021_0,ball,0,0.021,LTTB,256,50,495,24.242,70.547,72.0,72.0,0.0,94.647,5.407,7.87,0
B021_0,ball,0,0.021,SDT,256,50,493,24.341,70.547,72.0,72.0,0.0,42.74,7.444,7.87,1
B021_0,ball,0,0.021,SDT_BOUNDED,256,50,491,24.44,70.547,72.0,72.0,0.0,42.506,7.528,7.87,1
B021_0,ball,0,0.021,IE,512,5,2911,4.122,70.547,72.0,72.0,0.0,6.289,6.25,7.87,1
B021_0,ball,0,0.021,VW,512,5,2911,4.122,70.547,72.0,72.0,0.0,7.265,7.541,7.87,1
B021_0,ball,0,0.021,DROP,512,5,2911,4.122,70.547,72.0,72.0,0.0,94.082,5.001,7.87,0
B021_0,ball,0,0.021,IE_ORACLE,512,5,2911,4.122,70.547,72.0,72.0,0.0,10.309,5.804,7.87,0
B021_0,ball,0,0.021,LTTB,512,5,2911,4.122,70.547,72.0,72.0,0.0,65.54,9.346,7.87,1
B021_0,ball,0,0.021,SDT,512,5,2912,4.121,70.547,72.0,72.0,0.0,7.379,5.611,7.87,0
B021_0,ball,0,0.021,SDT_BOUNDED,512,5,2886,4.158,70.547,72.0,72.0,0.0,4.058,5.348,7.87,0
B021_0,ball,0,0.021,IE,512,10,1711,7.013,70.547,72.0,72.0,0.0,8.664,6.882,7.87,1
B021_0,ball,0,0.021,VW,512,10,1711,7.013,70.547,72.0,72.0,0.0,56.696,6.545,7.87,1
B021_0,ball,0,0.021,DROP,512,10,1711,7.013,70.547,72.0,72.0,0.0,98.041,2.272,7.87,0
B021_0,ball,0,0.021,IE_ORACLE,512,10,1711,7.013,70.547,72.0,72.0,0.0,3.897,5.451,7.87,0
B021_0,ball,0,0.021,LTTB,512,10,1711,7.013,70.547,72.0,74.0,2.0,81.298,6.632,7.87,0
B021_0,ball,0,0.021,SDT,512,10,1711,7.013,70.547,72.0,72.0,0.0,4.987,5.705,7.87,0
B021_0,ball,0,0.021,SDT_BOUNDED,512,10,1697,7.071,70.547,72.0,72.0,0.0,9.067,5.45,7.87,0
B021_0,ball,0,0.021,IE,512,20,1111,10.801,70.547,72.0,72.0,0.0,0.608,8.338,7.87,1
B021_0,ball,0,0.021,VW,512,20,1111,10.801,70.547,72.0,72.0,0.0,84.716,3.365,7.87,0
B021_0,ball,0,0.021,DROP,512,20,1111,10.801,70.547,72.0,68.0,4.0,99.084,1.011,7.87,0
B021_0,ball,0,0.021,IE_ORACLE,512,20,1111,10.801,70.547,72.0,72.0,0.0,5.759,6.923,7.87,1
B021_0,ball,0,0.021,LTTB,512,20,1111,10.801,70.547,72.0,68.0,4.0,91.799,2.424,7.87,0
B021_0,ball,0,0.021,SDT,512,20,1111,10.801,70.547,72.0,72.0,0.0,13.511,7.925,7.87,1
B021_0,ball,0,0.021,SDT_BOUNDED,512,20,1104,10.87,70.547,72.0,72.0,0.0,17.241,7.964,7.87,1
B021_0,ball,0,0.021,IE,512,50,751,15.979,70.547,72.0,72.0,0.0,11.074,9.199,7.87,1
B021_0,ball,0,0.021,VW,512,50,751,15.979,70.547,72.0,72.0,0.0,84.538,6.545,7.87,1
B021_0,ball,0,0.021,DROP,512,50,751,15.979,70.547,72.0,71.0,1.0,99.787,2.835,7.87,0
B021_0,ball,0,0.021,IE_ORACLE,512,50,751,15.979,70.547,72.0,72.0,0.0,14.646,9.514,7.87,1
B021_0,ball,0,0.021,LTTB,512,50,751,15.979,70.547,72.0,72.0,0.0,89.511,7.666,7.87,1
B021_0,ball,0,0.021,SDT,512,50,751,15.979,70.547,72.0,72.0,0.0,16.304,9.845,7.87,1
B021_0,ball,0,0.021,SDT_BOUNDED,512,50,749,16.021,70.547,72.0,72.0,0.0,16.428,9.797,7.87,1
B021_1,ball,1,0.021,IE,128,5,2527,4.749,69.683,71.0,71.0,0.0,4.179,8.171,8.638,1
B021_1,ball,1,0.021,VW,128,5,2527,4.749,69.683,71.0,71.0,0.0,19.621,9.511,8.638,1
B021_1,ball,1,0.021,DROP,128,5,2527,4.749,69.683,71.0,71.0,0.0,91.937,8.383,8.638,1
B021_1,ball,1,0.021,IE_ORACLE,128,5,2527,4.749,69.683,71.0,71.0,0.0,17.016,9.528,8.638,1
B021_1,ball,1,0.021,LTTB,128,5,2527,4.749,69.683,71.0,71.0,0.0,85.244,6.938,8.638,1
B021_1,ball,1,0.021,SDT,128,5,2528,4.747,69.683,71.0,71.0,0.0,27.073,12.217,8.638,1
B021_1,ball,1,0.021,SDT_BOUNDED,128,5,2212,5.425,69.683,71.0,71.0,0.0,20.781,13.297,8.638,1
B021_1,ball,1,0.021,IE,128,10,1327,9.043,69.683,71.0,71.0,0.0,5.003,10.53,8.638,1
B021_1,ball,1,0.021,VW,128,10,1327,9.043,69.683,71.0,71.0,0.0,71.323,7.15,8.638,1
B021_1,ball,1,0.021,DROP,128,10,1327,9.043,69.683,71.0,71.0,0.0,98.556,5.827,8.638,0
B021_1,ball,1,0.021,IE_ORACLE,128,10,1327,9.043,69.683,71.0,71.0,0.0,6.085,11.301,8.638,1
B021_1,ball,1,0.021,LTTB,128,10,1327,9.043,69.683,71.0,67.0,4.0,90.79,5.259,8.638,0
B021_1,ball,1,0.021,SDT,128,10,1325,9.057,69.683,71.0,71.0,0.0,25.741,9.134,8.638,1
B021_1,ball,1,0.021,SDT_BOUNDED,128,10,1086,11.05,69.683,71.0,71.0,0.0,41.13,8.301,8.638,1
B021_1,ball,1,0.021,IE,128,20,727,16.506,69.683,71.0,71.0,0.0,14.511,10.619,8.638,1
B021_1,ball,1,0.021,VW,128,20,727,16.506,69.683,71.0,71.0,0.0,87.417,4.847,8.638,0
B021_1,ball,1,0.021,DROP,128,20,727,16.506,69.683,71.0,71.0,0.0,98.82,6.256,8.638,1
B021_1,ball,1,0.021,IE_ORACLE,128,20,727,16.506,69.683,71.0,71.0,0.0,15.748,9.348,8.638,1
B021_1,ball,1,0.021,LTTB,128,20,727,16.506,69.683,71.0,73.0,2.0,93.975,2.52,8.638,0
B021_1,ball,1,0.021,SDT,128,20,727,16.506,69.683,71.0,71.0,0.0,57.944,4.662,8.638,0
B021_1,ball,1,0.021,SDT_BOUNDED,128,20,571,21.016,69.683,71.0,72.0,1.0,69.008,5.417,8.638,0
B021_1,ball,1,0.021,IE,128,50,367,32.698,69.683,71.0,71.0,0.0,69.024,4.084,8.638,0
B021_1,ball,1,0.021,VW,128,50,367,32.698,69.683,71.0,73.0,2.0,95.604,6.33,8.638,0
B021_1,ball,1,0.021,DROP,128,50,367,32.698,69.683,71.0,73.0,2.0,99.895,3.74,8.638,0
B021_1,ball,1,0.021,IE_ORACLE,128,50,367,32.698,69.683,71.0,73.0,2.0,65.209,4.303,8.638,0
B021_1,ball,1,0.021,LTTB,128,50,367,32.698,69.683,71.0,72.0,1.0,97.227,2.787,8.638,0
B021_1,ball,1,0.021,SDT,128,50,368,32.609,69.683,71.0,73.0,2.0,73.181,3.805,8.638,0
B021_1,ball,1,0.021,SDT_BOUNDED,128,50,282,42.553,69.683,71.0,72.0,1.0,84.236,-1.221,8.638,0
B021_1,ball,1,0.021,IE,256,5,2655,4.52,69.683,71.0,71.0,0.0,6.07,7.742,8.638,1
B021_1,ball,1,0.021,VW,256,5,2655,4.52,69.683,71.0,71.0,0.0,17.505,10.5,8.638,1
B021_1,ball,1,0.021,DROP,256,5,2655,4.52,69.683,71.0,71.0,0.0,93.693,6.703,8.638,1
B021_1,ball,1,0.021,IE_ORACLE,256,5,2655,4.52,69.683,71.0,71.0,0.0,14.258,9.627,8.638,1
B021_1,ball,1,0.021,LTTB,256,5,2655,4.52,69.683,71.0,71.0,0.0,83.026,6.474,8.638,1
B021_1,ball,1,0.021,SDT,256,5,2655,4.52,69.683,71.0,71.0,0.0,26.354,11.579,8.638,1
B021_1,ball,1,0.021,SDT_BOUNDED,256,5,2468,4.862,69.683,71.0,71.0,0.0,11.916,10.31,8.638,1
B021_1,ball,1,0.021,IE,256,10,1455,8.247,69.683,71.0,71.0,0.0,6.814,11.629,8.638,1
B021_1,ball,1,0.021,VW,256,10,1455,8.247,69.683,71.0,71.0,0.0,78.382,2.818,8.638,0
B021_1,ball,1,0.021,DROP,256,10,1455,8.247,69.683,71.0,71.0,0.0,98.665,5.138,8.638,0
B021_1,ball,1,0.021,IE_ORACLE,256,10,1455,8.247,69.683,71.0,71.0,0.0,15.949,12.324,8.638,1
B021_1,ball,1,0.021,LTTB,256,10,1455,8.247,69.683,71.0,73.0,2.0,88.885,7.174,8.638,0
B021_1,ball,1,0.021,SDT,256,10,1455,8.247,69.683,71.0,71.0,0.0,15.164,10.369,8.638,1
B021_1,ball,1,0.021,SDT_BOUNDED,256,10,1354,8.863,69.683,71.0,71.0,0.0,33.224,8.351,8.638,1
B021_1,ball,1,0.021,IE,256,20,855,14.035,69.683,71.0,71.0,0.0,18.297,9.951,8.638,1
B021_1,ball,1,0.021,VW,256,20,855,14.035,69.683,71.0,73.0,2.0,89.921,2.577,8.638,0
B021_1,ball,1,0.021,DROP,256,20,855,14.035,69.683,71.0,70.0,1.0,99.14,3.973,8.638,0
B021_1,ball,1,0.021,IE_ORACLE,256,20,855,14.035,69.683,71.0,71.0,0.0,4.948,10.546,8.638,1
B021_1,ball,1,0.021,LTTB,256,20,855,14.035,69.683,71.0,72.0,1.0,92.481,6.344,8.638,1
B021_1,ball,1,0.021,SDT,256,20,855,14.035,69.683,71.0,71.0,0.0,48.829,5.747,8.638,0
B021_1,ball,1,0.021,SDT_BOUNDED,256,20,793,15.132,69.683,71.0,73.0,2.0,55.012,4.542,8.638,0
B021_1,ball,1,0.021,IE,256,50,495,24.242,69.683,71.0,71.0,0.0,65.483,4.139,8.638,0
B021_1,ball,1,0.021,VW,256,50,495,24.242,69.683,71.0,73.0,2.0,91.526,7.472,8.638,0
B021_1,ball,1,0.021,DROP,256,50,495,24.242,69.683,71.0,71.0,0.0,99.865,4.188,8.638,0
B021_1,ball,1,0.021,IE_ORACLE,256,50,495,24.242,69.683,71.0,71.0,0.0,51.68,6.384,8.638,1
B021_1,ball,1,0.021,LTTB,256,50,495,24.242,69.683,71.0,73.0,2.0,92.057,7.268,8.638,0
B021_1,ball,1,0.021,SDT,256,50,493,24.341,69.683,71.0,73.0,2.0,68.272,3.515,8.638,0
B021_1,ball,1,0.021,SDT_BOUNDED,256,50,483,24.845,69.683,71.0,71.0,0.0,66.609,4.004,8.638,0
B021_1,ball,1,0.021,IE,512,5,2911,4.122,69.683,71.0,71.0,0.0,9.545,8.356,8.638,1
B021_1,ball,1,0.021,VW,512,5,2911,4.122,69.683,71.0,71.0,0.0,16.314,9.721,8.638,1
B021_1,ball,1,0.021,DROP,512,5,2911,4.122,69.683,71.0,71.0,0.0,92.626,7.534,8.638,1
B021_1,ball,1,0.021,IE_ORACLE,512,5,2911,4.122,69.683,71.0,71.0,0.0,19.656,9.169,8.638,1
B021_1,ball,1,0.021,LTTB,512,5,2911,4.122,69.683,71.0,71.0,0.0,80.872,6.448,8.638,1
B021_1,ball,1,0.021,SDT,512,5,2913,4.119,69.683,71.0,71.0,0.0,29.867,11.474,8.638,1
B021_1,ball,1,0.021,SDT_BOUNDED,512,5,2911,4.122,69.683,71.0,71.0,0.0,29.912,11.502,8.638,1
B021_1,ball,1,0.021,IE,512,10,1711,7.013,69.683,71.0,71.0,0.0,11.123,11.926,8.638,1
B021_1,ball,1,0.021,VW,512,10,1711,7.013,69.683,71.0,71.0,0.0,58.425,6.945,8.638,1
B021_1,ball,1,0.021,DROP,512,10,1711,7.013,69.683,71.0,71.0,0.0,97.945,7.147,8.638,1
B021_1,ball,1,0.021,IE_ORACLE,512,10,1711,7.013,69.683,71.0,71.0,0.0,19.668,11.319,8.638,1
B021_1,ball,1,0.021,LTTB,512,10,1711,7.013,69.683,71.0,71.0,0.0,84.473,6.427,8.638,1
B021_1,ball,1,0.021,SDT,512,10,1710,7.018,69.683,71.0,71.0,0.0,0.498,10.884,8.638,1
B021_1,ball,1,0.021,SDT_BOUNDED,512,10,1710,7.018,69.683,71.0,71.0,0.0,0.498,10.884,8.638,1
B021_1,ball,1,0.021,IE,512,20,1111,10.801,69.683,71.0,71.0,0.0,1.982,11.406,8.638,1
B021_1,ball,1,0.021,VW,512,20,1111,10.801,69.683,71.0,71.0,0.0,82.746,2.339,8.638,0
B021_1,ball,1,0.021,DROP,512,20,1111,10.801,69.683,71.0,72.0,1.0,99.256,0.877,8.638,0
B021_1,ball,1,0.021,IE_ORACLE,512,20,1111,10.801,69.683,71.0,71.0,0.0,4.191,11.9,8.638,1
B021_1,ball,1,0.021,LTTB,512,20,1111,10.801,69.683,71.0,69.0,2.0,89.871,7.98,8.638,0
B021_1,ball,1,0.021,SDT,512,20,1112,10.791,69.683,71.0,71.0,0.0,36.908,7.204,8.638,1
B021_1,ball,1,0.021,SDT_BOUNDED,512,20,1110,10.811,69.683,71.0,71.0,0.0,36.503,7.032,8.638,1
B021_1,ball,1,0.021,IE,512,50,751,15.979,69.683,71.0,71.0,0.0,35.245,7.725,8.638,1
B021_1,ball,1,0.021,VW,512,50,751,15.979,69.683,71.0,71.0,0.0,89.251,1.175,8.638,0
B021_1,ball,1,0.021,DROP,512,50,751,15.979,69.683,71.0,69.0,2.0,99.571,0.707,8.638,0
B021_1,ball,1,0.021,IE_ORACLE,512,50,751,15.979,69.683,71.0,71.0,0.0,15.894,9.402,8.638,1
B021_1,ball,1,0.021,LTTB,512,50,751,15.979,69.683,71.0,71.0,0.0,94.786,4.097,8.638,0
B021_1,ball,1,0.021,SDT,512,50,751,15.979,69.683,71.0,71.0,0.0,52.187,5.54,8.638,0
B021_1,ball,1,0.021,SDT_BOUNDED,512,50,751,15.979,69.683,71.0,71.0,0.0,52.187,5.54,8.638,0
B021_2,ball,2,0.021,IE,128,5,2527,4.749,68.897,70.0,70.0,0.0,42.03,10.159,7.324,1
B021_2,ball,2,0.021,VW,128,5,2527,4.749,68.897,70.0,71.0,1.0,9.493,10.187,7.324,1
B021_2,ball,2,0.021,DROP,128,5,2527,4.749,68.897,70.0,71.0,1.0,90.268,8.105,7.324,1
B021_2,ball,2,0.021,IE_ORACLE,128,5,2527,4.749,68.897,70.0,70.0,0.0,31.609,8.729,7.324,1
B021_2,ball,2,0.021,LTTB,128,5,2527,4.749,68.897,70.0,70.0,0.0,82.376,5.724,7.324,0
B021_2,ball,2,0.021,SDT,128,5,2529,4.745,68.897,70.0,70.0,0.0,26.67,7.948,7.324,1
B021_2,ball,2,0.021,SDT_BOUNDED,128,5,2488,4.823,68.897,70.0,70.0,0.0,31.384,7.89,7.324,1
B021_2,ball,2,0.021,IE,128,10,1327,9.043,68.897,70.0,70.0,0.0,22.887,10.822,7.324,1
B021_2,ball,2,0.021,VW,128,10,1327,9.043,68.897,70.0,70.0,0.0,75.439,3.899,7.324,0
B021_2,ball,2,0.021,DROP,128,10,1327,9.043,68.897,70.0,72.0,2.0,98.506,3.26,7.324,0
B021_2,ball,2,0.021,IE_ORACLE,128,10,1327,9.043,68.897,70.0,70.0,0.0,29.765,11.0,7.324,1
B021_2,ball,2,0.021,LTTB,128,10,1327,9.043,68.897,70.0,70.0,0.0,83.423,9.04,7.324,1
B021_2,ball,2,0.021,SDT,128,10,1326,9.05,68.897,70.0,70.0,0.0,32.228,12.057,7.324,1
B021_2,ball,2,0.021,SDT_BOUNDED,128,10,1300,9.231,68.897,70.0,70.0,0.0,29.42,11.441,7.324,1
B021_2,ball,2,0.021,IE,128,20,727,16.506,68.897,70.0,70.0,0.0,10.238,10.013,7.324,1
B021_2,ball,2,0.021,VW,128,20,727,16.506,68.897,70.0,72.0,2.0,89.615,4.165,7.324,0
B021_2,ball,2,0.021,DROP,128,20,727,16.506,68.897,70.0,70.0,0.0,98.613,4.915,7.324,0
B021_2,ball,2,0.021,IE_ORACLE,128,20,727,16.506,68.897,70.0,70.0,0.0,34.512,11.374,7.324,1
B021_2,ball,2,0.021,LTTB,128,20,727,16.506,68.897,70.0,67.0,3.0,90.387,5.42,7.324,0
B021_2,ball,2,0.021,SDT,128,20,727,16.506,68.897,70.0,70.0,0.0,6.77,13.299,7.324,1
B021_2,ball,2,0.021,SDT_BOUNDED,128,20,706,16.997,68.897,70.0,70.0,0.0,3.055,12.842,7.324,1
B021_2,ball,2,0.021,IE,128,50,367,32.698,68.897,70.0,70.0,0.0,23.86,14.024,7.324,1
B021_2,ball,2,0.021,VW,128,50,367,32.698,68.897,70.0,72.0,2.0,92.219,6.021,7.324,0
B021_2,ball,2,0.021,DROP,128,50,367,32.698,68.897,70.0,72.0,2.0,99.889,0.394,7.324,0
B021_2,ball,2,0.021,IE_ORACLE,128,50,367,32.698,68.897,70.0,70.0,0.0,7.654,11.896,7.324,1
B021_2,ball,2,0.021,LTTB,128,50,367,32.698,68.897,70.0,70.0,0.0,94.25,4.062,7.324,0
B021_2,ball,2,0.021,SDT,128,50,368,32.609,68.897,70.0,70.0,0.0,50.975,10.144,7.324,1
B021_2,ball,2,0.021,SDT_BOUNDED,128,50,362,33.149,68.897,70.0,70.0,0.0,51.063,10.135,7.324,1
B021_2,ball,2,0.021,IE,256,5,2655,4.52,68.897,70.0,70.0,0.0,31.791,9.814,7.324,1
B021_2,ball,2,0.021,VW,256,5,2655,4.52,68.897,70.0,70.0,0.0,6.005,9.304,7.324,1
B021_2,ball,2,0.021,DROP,256,5,2655,4.52,68.897,70.0,68.0,2.0,94.766,1.196,7.324,0
B021_2,ball,2,0.021,IE_ORACLE,256,5,2655,4.52,68.897,70.0,70.0,0.0,27.641,8.845,7.324,1
B021_2,ball,2,0.021,LTTB,256,5,2655,4.52,68.897,70.0,70.0,0.0,75.012,8.828,7.324,1
B021_2,ball,2,0.021,SDT,256,5,2655,4.52,68.897,70.0,70.0,0.0,31.478,8.301,7.324,1
B021_2,ball,2,0.021,SDT_BOUNDED,256,5,2620,4.58,68.897,70.0,70.0,0.0,32.605,8.633,7.324,1
B021_2,ball,2,0.021,IE,256,10,1455,8.247,68.897,70.0,70.0,0.0,21.053,10.588,7.324,1
B021_2,ball,2,0.021,VW,256,10,1455,8.247,68.897,70.0,70.0,0.0,66.539,7.661,7.324,1
B021_2,ball,2,0.021,DROP,256,10,1455,8.247,68.897,70.0,72.0,2.0,97.744,5.957,7.324,0
B021_2,ball,2,0.021,IE_ORACLE,256,10,1455,8.247,68.897,70.0,70.0,0.0,26.259,10.196,7.324,1
B021_2,ball,2,0.021,LTTB,256,10,1455,8.247,68.897,70.0,71.0,1.0,84.124,5.865,7.324,0
B021_2,ball,2,0.021,SDT,256,10,1457,8.236,68.897,70.0,70.0,0.0,36.87,12.585,7.324,1
B021_2,ball,2,0.021,SDT_BOUNDED,256,10,1429,8.397,68.897,70.0,70.0,0.0,28.109,11.744,7.324,1
B021_2,ball,2,0.021,IE,256,20,855,14.035,68.897,70.0,70.0,0.0,4.665,10.365,7.324,1
B021_2,ball,2,0.021,VW,256,20,855,14.035,68.897,70.0,69.0,1.0,90.212,3.243,7.324,0
B021_2,ball,2,0.021,DROP,256,20,855,14.035,68.897,70.0,68.0,2.0,98.802,3.37,7.324,0
B021_2,ball,2,0.021,IE_ORACLE,256,20,855,14.035,68.897,70.0,70.0,0.0,35.29,11.211,7.324,1
B021_2,ball,2,0.021,LTTB,256,20,855,14.035,68.897,70.0,70.0,0.0,89.651,7.381,7.324,1
B021_2,ball,2,0.021,SDT,256,20,856,14.019,68.897,70.0,70.0,0.0,19.169,13.171,7.324,1
B021_2,ball,2,0.021,SDT_BOUNDED,256,20,850,14.118,68.897,70.0,70.0,0.0,18.353,13.216,7.324,1
B021_2,ball,2,0.021,IE,256,50,495,24.242,68.897,70.0,70.0,0.0,2.649,11.131,7.324,1
B021_2,ball,2,0.021,VW,256,50,495,24.242,68.897,70.0,72.0,2.0,93.328,6.586,7.324,0
B021_2,ball,2,0.021,DROP,256,50,495,24.242,68.897,70.0,68.0,2.0,99.782,10.007,7.324,0
B021_2,ball,2,0.021,IE_ORACLE,256,50,495,24.242,68.897,70.0,70.0,0.0,9.833,10.863,7.324,1
B021_2,ball,2,0.021,LTTB,256,50,495,24.242,68.897,70.0,70.0,0.0,92.498,4.434,7.324,0
B021_2,ball,2,0.021,SDT,256,50,495,24.242,68.897,70.0,70.0,0.0,31.189,12.113,7.324,1
B021_2,ball,2,0.021,SDT_BOUNDED,256,50,491,24.44,68.897,70.0,70.0,0.0,35.022,12.54,7.324,1
B021_2,ball,2,0.021,IE,512,5,2911,4.122,68.897,70.0,70.0,0.0,30.273,9.519,7.324,1
B021_2,ball,2,0.021,VW,512,5,2911,4.122,68.897,70.0,70.0,0.0,5.727,10.364,7.324,1
B021_2,ball,2,0.021,DROP,512,5,2911,4.122,68.897,70.0,70.0,0.0,92.247,6.045,7.324,1
B021_2,ball,2,0.021,IE_ORACLE,512,5,2911,4.122,68.897,70.0,70.0,0.0,22.14,7.803,7.324,1
B021_2,ball,2,0.021,LTTB,512,5,2911,4.122,68.897,70.0,70.0,0.0,75.028,6.744,7.324,1
B021_2,ball,2,0.021,SDT,512,5,2909,4.125,68.897,70.0,70.0,0.0,26.078,7.984,7.324,1
B021_2,ball,2,0.021,SDT_BOUNDED,512,5,2887,4.157,68.897,70.0,70.0,0.0,22.552,7.459,7.324,1
B021_2,ball,2,0.021,IE,512,10,1711,7.013,68.897,70.0,70.0,0.0,12.84,9.729,7.324,1
B021_2,ball,2,0.021,VW,512,10,1711,7.013,68.897,70.0,70.0,0.0,54.546,8.997,7.324,1
B021_2,ball,2,0.021,DROP,512,10,1711,7.013,68.897,70.0,70.0,0.0,97.596,6.661,7.324,1
B021_2,ball,2,0.021,IE_ORACLE,512,10,1711,7.013,68.897,70.0,70.0,0.0,35.281,9.176,7.324,1
B021_2,ball,2,0.021,LTTB,512,10,1711,7.013,68.897,70.0,70.0,0.0,85.569,5.978,7.324,0
B021_2,ball,2,0.021,SDT,512,10,1712,7.009,68.897,70.0,70.0,0.0,36.376,12.191,7.324,1
B021_2,ball,2,0.021,SDT_BOUNDED,512,10,1695,7.08,68.897,70.0,70.0,0.0,33.52,11.853,7.324,1
B021_2,ball,2,0.021,IE,512,20,1111,10.801,68.897,70.0,70.0,0.0,11.305,9.706,7.324,1
B021_2,ball,2,0.021,VW,512,20,1111,10.801,68.897,70.0,71.0,1.0,81.432,5.441,7.324,0
B021_2,ball,2,0.021,DROP,512,20,1111,10.801,68.897,70.0,66.0,4.0,98.077,6.841,7.324,0
B021_2,ball,2,0.021,IE_ORACLE,512,20,1111,10.801,68.897,70.0,70.0,0.0,31.6,11.247,7.324,1
B021_2,ball,2,0.021,LTTB,512,20,1111,10.801,68.897,70.0,70.0,0.0,89.525,3.521,7.324,0
B021_2,ball,2,0.021,SDT,512,20,1110,10.811,68.897,70.0,70.0,0.0,19.131,11.655,7.324,1
B021_2,ball,2,0.021,SDT_BOUNDED,512,20,1106,10.85,68.897,70.0,70.0,0.0,11.194,10.0,7.324,1
B021_2,ball,2,0.021,IE,512,50,751,15.979,68.897,70.0,70.0,0.0,19.215,11.824,7.324,1
B021_2,ball,2,0.021,VW,512,50,751,15.979,68.897,70.0,66.0,4.0,87.717,4.323,7.324,0
B021_2,ball,2,0.021,DROP,512,50,751,15.979,68.897,70.0,70.0,0.0,99.604,5.045,7.324,0
B021_2,ball,2,0.021,IE_ORACLE,512,50,751,15.979,68.897,70.0,70.0,0.0,35.588,11.162,7.324,1
B021_2,ball,2,0.021,LTTB,512,50,751,15.979,68.897,70.0,69.0,1.0,93.141,1.46,7.324,0
B021_2,ball,2,0.021,SDT,512,50,752,15.957,68.897,70.0,70.0,0.0,6.404,13.699,7.324,1
B021_2,ball,2,0.021,SDT_BOUNDED,512,50,752,15.957,68.897,70.0,70.0,0.0,6.404,13.699,7.324,1
B021_3,ball,3,0.021,IE,128,5,2527,4.749,67.915,69.0,69.0,0.0,1.097,8.298,7.753,1
B021_3,ball,3,0.021,VW,128,5,2527,4.749,67.915,69.0,70.0,1.0,25.661,7.995,7.753,1
B021_3,ball,3,0.021,DROP,128,5,2527,4.749,67.915,69.0,69.0,0.0,90.889,8.912,7.753,1
B021_3,ball,3,0.021,IE_ORACLE,128,5,2527,4.749,67.915,69.0,69.0,0.0,23.428,8.828,7.753,1
B021_3,ball,3,0.021,LTTB,128,5,2527,4.749,67.915,69.0,69.0,0.0,80.341,4.788,7.753,0
B021_3,ball,3,0.021,SDT,128,5,2528,4.747,67.915,69.0,69.0,0.0,19.952,9.659,7.753,1
B021_3,ball,3,0.021,SDT_BOUNDED,128,5,2499,4.802,67.915,69.0,69.0,0.0,23.292,8.852,7.753,1
B021_3,ball,3,0.021,IE,128,10,1327,9.043,67.915,69.0,69.0,0.0,9.943,8.535,7.753,1
B021_3,ball,3,0.021,VW,128,10,1327,9.043,67.915,69.0,69.0,0.0,81.586,4.367,7.753,0
B021_3,ball,3,0.021,DROP,128,10,1327,9.043,67.915,69.0,69.0,0.0,97.973,6.196,7.753,1
B021_3,ball,3,0.021,IE_ORACLE,128,10,1327,9.043,67.915,69.0,69.0,0.0,9.189,7.932,7.753,1
B021_3,ball,3,0.021,LTTB,128,10,1327,9.043,67.915,69.0,69.0,0.0,80.953,9.049,7.753,1
B021_3,ball,3,0.021,SDT,128,10,1329,9.029,67.915,69.0,69.0,0.0,13.145,10.658,7.753,1
B021_3,ball,3,0.021,SDT_BOUNDED,128,10,1323,9.07,67.915,69.0,69.0,0.0,12.479,10.73,7.753,1
B021_3,ball,3,0.021,IE,128,20,727,16.506,67.915,69.0,69.0,0.0,14.992,9.958,7.753,1
B021_3,ball,3,0.021,VW,128,20,727,16.506,67.915,69.0,69.0,0.0,85.44,8.89,7.753,1
B021_3,ball,3,0.021,DROP,128,20,727,16.506,67.915,69.0,70.0,1.0,98.302,6.005,7.753,1
B021_3,ball,3,0.021,IE_ORACLE,128,20,727,16.506,67.915,69.0,69.0,0.0,26.239,8.147,7.753,1
B021_3,ball,3,0.021,LTTB,128,20,727,16.506,67.915,69.0,69.0,0.0,88.055,7.112,7.753,1
B021_3,ball,3,0.021,SDT,128,20,728,16.484,67.915,69.0,69.0,0.0,46.7,6.794,7.753,1
B021_3,ball,3,0.021,SDT_BOUNDED,128,20,715,16.783,67.915,69.0,69.0,0.0,50.4,6.895,7.753,1
B021_3,ball,3,0.021,IE,128,50,367,32.698,67.915,69.0,69.0,0.0,45.841,8.974,7.753,1
B021_3,ball,3,0.021,VW,128,50,367,32.698,67.915,69.0,69.0,0.0,95.052,-0.426,7.753,0
B021_3,ball,3,0.021,DROP,128,50,367,32.698,67.915,69.0,67.0,2.0,99.862,1.855,7.753,0
B021_3,ball,3,0.021,IE_ORACLE,128,50,367,32.698,67.915,69.0,69.0,0.0,36.95,8.455,7.753,1
B021_3,ball,3,0.021,LTTB,128,50,367,32.698,67.915,69.0,69.0,0.0,94.101,6.234,7.753,1
B021_3,ball,3,0.021,SDT,128,50,370,32.432,67.915,69.0,70.0,1.0,68.724,7.834,7.753,1
B021_3,ball,3,0.021,SDT_BOUNDED,128,50,368,32.609,67.915,69.0,70.0,1.0,68.731,7.831,7.753,1
B021_3,ball,3,0.021,IE,256,5,2655,4.52,67.915,69.0,69.0,0.0,13.878,8.969,7.753,1
B021_3,ball,3,0.021,VW,256,5,2655,4.52,67.915,69.0,69.0,0.0,29.669,8.728,7.753,1
B021_3,ball,3,0.021,DROP,256,5,2655,4.52,67.915,69.0,70.0,1.0,91.317,6.24,7.753,1
B021_3,ball,3,0.021,IE_ORACLE,256,5,2655,4.52,67.915,69.0,69.0,0.0,19.193,8.773,7.753,1
B021_3,ball,3,0.021,LTTB,256,5,2655,4.52,67.915,69.0,69.0,0.0,75.42,7.463,7.753,1
B021_3,ball,3,0.021,SDT,256,5,2655,4.52,67.915,69.0,69.0,0.0,33.395,10.574,7.753,1
B021_3,ball,3,0.021,SDT_BOUNDED,256,5,2649,4.53,67.915,69.0,69.0,0.0,32.94,10.463,7.753,1
B021_3,ball,3,0.021,IE,256,10,1455,8.247,67.915,69.0,69.0,0.0,9.056,8.246,7.753,1
B021_3,ball,3,0.021,VW,256,10,1455,8.247,67.915,69.0,70.0,1.0,82.2,4.022,7.753,0
B021_3,ball,3,0.021,DROP,256,10,1455,8.247,67.915,69.0,69.0,0.0,98.683,2.051,7.753,0
B021_3,ball,3,0.021,IE_ORACLE,256,10,1455,8.247,67.915,69.0,69.0,0.0,3.518,8.184,7.753,1
B021_3,ball,3,0.021,LTTB,256,10,1455,8.247,67.915,69.0,69.0,0.0,85.346,5.261,7.753,0
B021_3,ball,3,0.021,SDT,256,10,1458,8.23,67.915,69.0,69.0,0.0,10.512,9.078,7.753,1
B021_3,ball,3,0.021,SDT_BOUNDED,256,10,1455,8.247,67.915,69.0,69.0,0.0,12.042,9.34,7.753,1
B021_3,ball,3,0.021,IE,256,20,855,14.035,67.915,69.0,69.0,0.0,4.029,9.56,7.753,1
B021_3,ball,3,0.021,VW,256,20,855,14.035,67.915,69.0,68.0,1.0,89.256,2.731,7.753,0
B021_3,ball,3,0.021,DROP,256,20,855,14.035,67.915,69.0,69.0,0.0,98.235,7.032,7.753,1
B021_3,ball,3,0.021,IE_ORACLE,256,20,855,14.035,67.915,69.0,69.0,0.0,26.462,8.003,7.753,1
B021_3,ball,3,0.021,LTTB,256,20,855,14.035,67.915,69.0,70.0,1.0,89.687,5.156,7.753,0
B021_3,ball,3,0.021,SDT,256,20,857,14.002,67.915,69.0,69.0,0.0,38.603,7.995,7.753,1
B021_3,ball,3,0.021,SDT_BOUNDED,256,20,856,14.019,67.915,69.0,69.0,0.0,38.599,7.995,7.753,1
B021_3,ball,3,0.021,IE,256,50,495,24.242,67.915,69.0,70.0,1.0,42.513,8.68,7.753,1
B021_3,ball,3,0.021,VW,256,50,495,24.242,67.915,69.0,69.0,0.0,91.056,4.866,7.753,0
B021_3,ball,3,0.021,DROP,256,50,495,24.242,67.915,69.0,69.0,0.0,99.801,2.487,7.753,0
B021_3,ball,3,0.021,IE_ORACLE,256,50,495,24.242,67.915,69.0,69.0,0.0,24.559,8.675,7.753,1
B021_3,ball,3,0.021,LTTB,256,50,495,24.242,67.915,69.0,70.0,1.0,95.882,3.472,7.753,0
B021_3,ball,3,0.021,SDT,256,50,494,24.291,67.915,69.0,69.0,0.0,59.353,7.47,7.753,1
B021_3,ball,3,0.021,SDT_BOUNDED,256,50,494,24.291,67.915,69.0,69.0,0.0,59.353,7.47,7.753,1
B021_3,ball,3,0.021,IE,512,5,2911,4.122,67.915,69.0,69.0,0.0,17.366,8.769,7.753,1
B021_3,ball,3,0.021,VW,512,5,2911,4.122,67.915,69.0,69.0,0.0,17.064,9.998,7.753,1
B021_3,ball,3,0.021,DROP,512,5,2911,4.122,67.915,69.0,69.0,0.0,92.351,6.743,7.753,1
B021_3,ball,3,0.021,IE_ORACLE,512,5,2911,4.122,67.915,69.0,69.0,0.0,5.555,6.715,7.753,1
B021_3,ball,3,0.021,LTTB,512,5,2911,4.122,67.915,69.0,70.0,1.0,66.355,8.569,7.753,1
B021_3,ball,3,0.021,SDT,512,5,2912,4.121,67.915,69.0,69.0,0.0,30.589,9.568,7.753,1
B021_3,ball,3,0.021,SDT_BOUNDED,512,5,2912,4.121,67.915,69.0,69.0,0.0,30.589,9.568,7.753,1
B021_3,ball,3,0.021,IE,512,10,1711,7.013,67.915,69.0,69.0,0.0,6.264,10.285,7.753,1
B021_3,ball,3,0.021,VW,512,10,1711,7.013,67.915,69.0,67.0,2.0,69.819,4.819,7.753,0
B021_3,ball,3,0.021,DROP,512,10,1711,7.013,67.915,69.0,65.0,4.0,97.569,5.523,7.753,0
B021_3,ball,3,0.021,IE_ORACLE,512,10,1711,7.013,67.915,69.0,69.0,0.0,8.586,8.584,7.753,1
B021_3,ball,3,0.021,LTTB,512,10,1711,7.013,67.915,69.0,70.0,1.0,84.868,4.634,7.753,0
B021_3,ball,3,0.021,SDT,512,10,1710,7.018,67.915,69.0,69.0,0.0,10.922,9.953,7.753,1
B021_3,ball,3,0.021,SDT_BOUNDED,512,10,1710,7.018,67.915,69.0,69.0,0.0,10.922,9.953,7.753,1
B021_3,ball,3,0.021,IE,512,20,1111,10.801,67.915,69.0,69.0,0.0,19.634,6.975,7.753,1
B021_3,ball,3,0.021,VW,512,20,1111,10.801,67.915,69.0,67.0,2.0,88.85,1.108,7.753,0
B021_3,ball,3,0.021,DROP,512,20,1111,10.801,67.915,69.0,65.0,4.0,97.593,8.48,7.753,0
B021_3,ball,3,0.021,IE_ORACLE,512,20,1111,10.801,67.915,69.0,69.0,0.0,1.537,8.456,7.753,1
B021_3,ball,3,0.021,LTTB,512,20,1111,10.801,67.915,69.0,67.0,2.0,79.71,11.355,7.753,0
B021_3,ball,3,0.021,SDT,512,20,1111,10.801,67.915,69.0,69.0,0.0,25.253,9.143,7.753,1
B021_3,ball,3,0.021,SDT_BOUNDED,512,20,1111,10.801,67.915,69.0,69.0,0.0,25.253,9.143,7.753,1
B021_3,ball,3,0.021,IE,512,50,751,15.979,67.915,69.0,69.0,0.0,1.009,9.658,7.753,1
B021_3,ball,3,0.021,VW,512,50,751,15.979,67.915,69.0,68.0,1.0,90.035,4.067,7.753,0
B021_3,ball,3,0.021,DROP,512,50,751,15.979,67.915,69.0,68.0,1.0,99.675,1.274,7.753,0
B021_3,ball,3,0.021,IE_ORACLE,512,50,751,15.979,67.915,69.0,69.0,0.0,27.88,7.689,7.753,1
B021_3,ball,3,0.021,LTTB,512,50,751,15.979,67.915,69.0,68.0,1.0,91.454,6.018,7.753,1
B021_3,ball,3,0.021,SDT,512,50,750,16.0,67.915,69.0,69.0,0.0,46.05,6.901,7.753,1
B021_3,ball,3,0.021,SDT_BOUNDED,512,50,750,16.0,67.915,69.0,69.0,0.0,46.05,6.901,7.753,1
OR021@6_0,outer_race,0,0.021,IE,128,5,2527,4.749,107.305,107.0,107.0,0.0,4.1,27.498,26.693,1
OR021@6_0,outer_race,0,0.021,VW,128,5,2527,4.749,107.305,107.0,107.0,0.0,6.571,26.537,26.693,1
OR021@6_0,outer_race,0,0.021,DROP,128,5,2527,4.749,107.305,107.0,108.0,1.0,93.76,19.283,26.693,1
OR021@6_0,outer_race,0,0.021,IE_ORACLE,128,5,2527,4.749,107.305,107.0,107.0,0.0,3.332,28.121,26.693,1
OR021@6_0,outer_race,0,0.021,LTTB,128,5,2527,4.749,107.305,107.0,108.0,1.0,76.132,23.302,26.693,1
OR021@6_0,outer_race,0,0.021,SDT,128,5,2528,4.747,107.305,107.0,107.0,0.0,2.791,27.916,26.693,1
OR021@6_0,outer_race,0,0.021,SDT_BOUNDED,128,5,2476,4.847,107.305,107.0,108.0,1.0,1.766,27.181,26.693,1
OR021@6_0,outer_race,0,0.021,IE,128,10,1327,9.043,107.305,107.0,107.0,0.0,4.889,26.52,26.693,1
OR021@6_0,outer_race,0,0.021,VW,128,10,1327,9.043,107.305,107.0,108.0,1.0,31.092,22.946,26.693,1
OR021@6_0,outer_race,0,0.021,DROP,128,10,1327,9.043,107.305,107.0,108.0,1.0,98.497,20.397,26.693,1
OR021@6_0,outer_race,0,0.021,IE_ORACLE,128,10,1327,9.043,107.305,107.0,107.0,0.0,3.982,26.108,26.693,1
OR021@6_0,outer_race,0,0.021,LTTB,128,10,1327,9.043,107.305,107.0,108.0,1.0,85.792,17.951,26.693,1
OR021@6_0,outer_race,0,0.021,SDT,128,10,1327,9.043,107.305,107.0,107.0,0.0,6.009,24.833,26.693,1
OR021@6_0,outer_race,0,0.021,SDT_BOUNDED,128,10,1292,9.288,107.305,107.0,107.0,0.0,7.824,24.66,26.693,1
OR021@6_0,outer_race,0,0.021,IE,128,20,727,16.506,107.305,107.0,108.0,1.0,26.687,22.589,26.693,1
OR021@6_0,outer_race,0,0.021,VW,128,20,727,16.506,107.305,107.0,108.0,1.0,66.279,16.487,26.693,1
OR021@6_0,outer_race,0,0.021,DROP,128,20,727,16.506,107.305,107.0,108.0,1.0,99.423,14.65,26.693,1
OR021@6_0,outer_race,0,0.021,IE_ORACLE,128,20,727,16.506,107.305,107.0,107.0,0.0,19.226,23.683,26.693,1
OR021@6_0,outer_race,0,0.021,LTTB,128,20,727,16.506,107.305,107.0,108.0,1.0,92.459,14.315,26.693,1
OR021@6_0,outer_race,0,0.021,SDT,128,20,728,16.484,107.305,107.0,107.0,0.0,26.917,22.787,26.693,1
OR021@6_0,outer_race,0,0.021,SDT_BOUNDED,128,20,711,16.878,107.305,107.0,107.0,0.0,27.753,22.75,26.693,1
OR021@6_0,outer_race,0,0.021,IE,128,50,367,32.698,107.305,107.0,108.0,1.0,46.545,22.274,26.693,1
OR021@6_0,outer_race,0,0.021,VW,128,50,367,32.698,107.305,107.0,107.0,0.0,88.141,11.028,26.693,1
OR021@6_0,outer_race,0,0.021,DROP,128,50,367,32.698,107.305,107.0,108.0,1.0,99.985,3.99,26.693,0
OR021@6_0,outer_race,0,0.021,IE_ORACLE,128,50,367,32.698,107.305,107.0,108.0,1.0,40.301,22.657,26.693,1
OR021@6_0,outer_race,0,0.021,LTTB,128,50,367,32.698,107.305,107.0,108.0,1.0,96.183,11.656,26.693,1
OR021@6_0,outer_race,0,0.021,SDT,128,50,367,32.698,107.305,107.0,107.0,0.0,50.305,19.818,26.693,1
OR021@6_0,outer_race,0,0.021,SDT_BOUNDED,128,50,363,33.058,107.305,107.0,108.0,1.0,50.88,19.304,26.693,1
OR021@6_0,outer_race,0,0.021,IE,256,5,2655,4.52,107.305,107.0,107.0,0.0,3.821,27.68,26.693,1
OR021@6_0,outer_race,0,0.021,VW,256,5,2655,4.52,107.305,107.0,107.0,0.0,5.711,26.495,26.693,1
OR021@6_0,outer_race,0,0.021,DROP,256,5,2655,4.52,107.305,107.0,107.0,0.0,93.259,20.778,26.693,1
OR021@6_0,outer_race,0,0.021,IE_ORACLE,256,5,2655,4.52,107.305,107.0,107.0,0.0,3.707,27.524,26.693,1
OR021@6_0,outer_race,0,0.021,LTTB,256,5,2655,4.52,107.305,107.0,108.0,1.0,73.436,25.155,26.693,1
OR021@6_0,outer_race,0,0.021,SDT,256,5,2656,4.518,107.305,107.0,107.0,0.0,3.415,27.93,26.693,1
OR021@6_0,outer_race,0,0.021,SDT_BOUNDED,256,5,2606,4.605,107.305,107.0,107.0,0.0,2.899,27.505,26.693,1
OR021@6_0,outer_race,0,0.021,IE,256,10,1455,8.247,107.305,107.0,107.0,0.0,4.531,25.909,26.693,1
OR021@6_0,outer_race,0,0.021,VW,256,10,1455,8.247,107.305,107.0,108.0,1.0,30.719,22.444,26.693,1
OR021@6_0,outer_race,0,0.021,DROP,256,10,1455,8.247,107.305,107.0,108.0,1.0,98.46,18.487,26.693,1
OR021@6_0,outer_race,0,0.021,IE_ORACLE,256,10,1455,8.247,107.305,107.0,107.0,0.0,2.972,26.224,26.693,1
OR021@6_0,outer_race,0,0.021,LTTB,256,10,1455,8.247,107.305,107.0,108.0,1.0,85.018,20.234,26.693,1
OR021@6_0,outer_race,0,0.021,SDT,256,10,1456,8.242,107.305,107.0,107.0,0.0,4.58,25.332,26.693,1
OR021@6_0,outer_race,0,0.021,SDT_BOUNDED,256,10,1432,8.38,107.305,107.0,107.0,0.0,6.842,24.29,26.693,1
OR021@6_0,outer_race,0,0.021,IE,256,20,855,14.035,107.305,107.0,108.0,1.0,21.23,23.117,26.693,1
OR021@6_0,outer_race,0,0.021,VW,256,20,855,14.035,107.305,107.0,107.0,0.0,58.309,19.874,26.693,1
OR021@6_0,outer_race,0,0.021,DROP,256,20,855,14.035,107.305,107.0,107.0,0.0,99.403,14.011,26.693,1
OR021@6_0,outer_race,0,0.021,IE_ORACLE,256,20,855,14.035,107.305,107.0,107.0,0.0,13.103,24.994,26.693,1
OR021@6_0,outer_race,0,0.021,LTTB,256,20,855,14.035,107.305,107.0,107.0,0.0,93.017,16.33,26.693,1
OR021@6_0,outer_race,0,0.021,SDT,256,20,856,14.019,107.305,107.0,107.0,0.0,20.22,23.116,26.693,1
OR021@6_0,outer_race,0,0.021,SDT_BOUNDED,256,20,842,14.252,107.305,107.0,107.0,0.0,21.679,23.056,26.693,1
OR021@6_0,outer_race,0,0.021,IE,256,50,495,24.242,107.305,107.0,108.0,1.0,37.366,21.492,26.693,1
OR021@6_0,outer_race,0,0.021,VW,256,50,495,24.242,107.305,107.0,108.0,1.0,78.895,16.986,26.693,1
OR021@6_0,outer_race,0,0.021,DROP,256,50,495,24.242,107.305,107.0,107.0,0.0,99.975,3.991,26.693,0
OR021@6_0,outer_race,0,0.021,IE_ORACLE,256,50,495,24.242,107.305,107.0,108.0,1.0,31.852,21.703,26.693,1
OR021@6_0,outer_race,0,0.021,LTTB,256,50,495,24.242,107.305,107.0,108.0,1.0,94.572,11.989,26.693,1
OR021@6_0,outer_race,0,0.021,SDT,256,50,495,24.242,107.305,107.0,108.0,1.0,42.059,20.99,26.693,1
OR021@6_0,outer_race,0,0.021,SDT_BOUNDED,256,50,491,24.44,107.305,107.0,108.0,1.0,42.811,22.376,26.693,1
OR021@6_0,outer_race,0,0.021,IE,512,5,2911,4.122,107.305,107.0,107.0,0.0,4.441,27.644,26.693,1
OR021@6_0,outer_race,0,0.021,VW,512,5,2911,4.122,107.305,107.0,108.0,1.0,4.211,27.536,26.693,1
OR021@6_0,outer_race,0,0.021,DROP,512,5,2911,4.122,107.305,107.0,107.0,0.0,93.313,19.297,26.693,1
OR021@6_0,outer_race,0,0.021,IE_ORACLE,512,5,2911,4.122,107.305,107.0,107.0,0.0,3.785,27.439,26.693,1
OR021@6_0,outer_race,0,0.021,LTTB,512,5,2911,4.122,107.305,107.0,107.0,0.0,72.164,26.665,26.693,1
OR021@6_0,outer_race,0,0.021,SDT,512,5,2911,4.122,107.305,107.0,107.0,0.0,4.656,27.726,26.693,1
OR021@6_0,outer_race,0,0.021,SDT_BOUNDED,512,5,2874,4.175,107.305,107.0,108.0,1.0,3.899,27.197,26.693,1
OR021@6_0,outer_race,0,0.021,IE,512,10,1711,7.013,107.305,107.0,108.0,1.0,2.949,26.64,26.693,1
OR021@6_0,outer_race,0,0.021,VW,512,10,1711,7.013,107.305,107.0,108.0,1.0,23.784,22.874,26.693,1
OR021@6_0,outer_race,0,0.021,DROP,512,10,1711,7.013,107.305,107.0,108.0,1.0,98.658,17.283,26.693,1
OR021@6_0,outer_race,0,0.021,IE_ORACLE,512,10,1711,7.013,107.305,107.0,107.0,0.0,0.412,26.578,26.693,1
OR021@6_0,outer_race,0,0.021,LTTB,512,10,1711,7.013,107.305,107.0,108.0,1.0,83.315,20.013,26.693,1
OR021@6_0,outer_race,0,0.021,SDT,512,10,1712,7.009,107.305,107.0,107.0,0.0,1.883,26.397,26.693,1
OR021@6_0,outer_race,0,0.021,SDT_BOUNDED,512,10,1697,7.071,107.305,107.0,107.0,0.0,2.364,26.744,26.693,1
OR021@6_0,outer_race,0,0.021,IE,512,20,1111,10.801,107.305,107.0,108.0,1.0,12.778,24.931,26.693,1
OR021@6_0,outer_race,0,0.021,VW,512,20,1111,10.801,107.305,107.0,108.0,1.0,42.691,21.46,26.693,1
OR021@6_0,outer_race,0,0.021,DROP,512,20,1111,10.801,107.305,107.0,108.0,1.0,99.436,15.726,26.693,1
OR021@6_0,outer_race,0,0.021,IE_ORACLE,512,20,1111,10.801,107.305,107.0,107.0,0.0,7.118,26.038,26.693,1
OR021@6_0,outer_race,0,0.021,LTTB,512,20,1111,10.801,107.305,107.0,108.0,1.0,89.314,17.163,26.693,1
OR021@6_0,outer_race,0,0.021,SDT,512,20,1112,10.791,107.305,107.0,107.0,0.0,11.036,24.001,26.693,1
OR021@6_0,outer_race,0,0.021,SDT_BOUNDED,512,20,1103,10.879,107.305,107.0,107.0,0.0,11.888,23.939,26.693,1
OR021@6_0,outer_race,0,0.021,IE,512,50,751,15.979,107.305,107.0,108.0,1.0,23.364,22.723,26.693,1
OR021@6_0,outer_race,0,0.021,VW,512,50,751,15.979,107.305,107.0,108.0,1.0,56.703,18.29,26.693,1
OR021@6_0,outer_race,0,0.021,DROP,512,50,751,15.979,107.305,107.0,103.0,4.0,99.964,5.965,26.693,0
OR021@6_0,outer_race,0,0.021,IE_ORACLE,512,50,751,15.979,107.305,107.0,107.0,0.0,18.247,23.895,26.693,1
OR021@6_0,outer_race,0,0.021,LTTB,512,50,751,15.979,107.305,107.0,108.0,1.0,92.081,14.426,26.693,1
OR021@6_0,outer_race,0,0.021,SDT,512,50,752,15.957,107.305,107.0,107.0,0.0,25.386,23.051,26.693,1
OR021@6_0,outer_race,0,0.021,SDT_BOUNDED,512,50,747,16.064,107.305,107.0,107.0,0.0,26.557,22.084,26.693,1
OR021@6_1,outer_race,1,0.021,IE,128,5,2527,4.749,105.811,106.0,106.0,0.0,5.191,27.955,27.287,1
OR021@6_1,outer_race,1,0.021,VW,128,5,2527,4.749,105.811,106.0,106.0,0.0,5.98,26.791,27.287,1
OR021@6_1,outer_race,1,0.021,DROP,128,5,2527,4.749,105.811,106.0,106.0,0.0,93.79,22.687,27.287,1
OR021@6_1,outer_race,1,0.021,IE_ORACLE,128,5,2527,4.749,105.811,106.0,106.0,0.0,3.678,28.066,27.287,1
OR021@6_1,outer_race,1,0.021,LTTB,128,5,2527,4.749,105.811,106.0,106.0,0.0,74.138,24.202,27.287,1
OR021@6_1,outer_race,1,0.021,SDT,128,5,2528,4.747,105.811,106.0,106.0,0.0,3.109,27.732,27.287,1
OR021@6_1,outer_race,1,0.021,SDT_BOUNDED,128,5,2459,4.88,105.811,106.0,106.0,0.0,0.714,25.787,27.287,1
OR021@6_1,outer_race,1,0.021,IE,128,10,1327,9.043,105.811,106.0,106.0,0.0,5.259,25.734,27.287,1
OR021@6_1,outer_race,1,0.021,VW,128,10,1327,9.043,105.811,106.0,106.0,0.0,32.128,23.691,27.287,1
OR021@6_1,outer_race,1,0.021,DROP,128,10,1327,9.043,105.811,106.0,106.0,0.0,98.383,17.802,27.287,1
OR021@6_1,outer_race,1,0.021,IE_ORACLE,128,10,1327,9.043,105.811,106.0,106.0,0.0,3.391,26.002,27.287,1
OR021@6_1,outer_race,1,0.021,LTTB,128,10,1327,9.043,105.811,106.0,106.0,0.0,86.321,18.66,27.287,1
OR021@6_1,outer_race,1,0.021,SDT,128,10,1327,9.043,105.811,106.0,106.0,0.0,7.496,25.548,27.287,1
OR021@6_1,outer_race,1,0.021,SDT_BOUNDED,128,10,1290,9.302,105.811,106.0,106.0,0.0,9.117,25.517,27.287,1
OR021@6_1,outer_race,1,0.021,IE,128,20,727,16.506,105.811,106.0,106.0,0.0,22.942,24.939,27.287,1
OR021@6_1,outer_race,1,0.021,VW,128,20,727,16.506,105.811,106.0,106.0,0.0,68.014,16.63,27.287,1
OR021@6_1,outer_race,1,0.021,DROP,128,20,727,16.506,105.811,106.0,106.0,0.0,99.365,16.659,27.287,1
OR021@6_1,outer_race,1,0.021,IE_ORACLE,128,20,727,16.506,105.811,106.0,106.0,0.0,19.93,25.067,27.287,1
OR021@6_1,outer_race,1,0.021,LTTB,128,20,727,16.506,105.811,106.0,106.0,0.0,93.317,18.659,27.287,1
OR021@6_1,outer_race,1,0.021,SDT,128,20,728,16.484,105.811,106.0,106.0,0.0,27.326,23.341,27.287,1
OR021@6_1,outer_race,1,0.021,SDT_BOUNDED,128,20,704,17.045,105.811,106.0,106.0,0.0,30.67,22.513,27.287,1
OR021@6_1,outer_race,1,0.021,IE,128,50,367,32.698,105.811,106.0,106.0,0.0,48.776,22.325,27.287,1
OR021@6_1,outer_race,1,0.021,VW,128,50,367,32.698,105.811,106.0,106.0,0.0,93.121,16.832,27.287,1
OR021@6_1,outer_race,1,0.021,DROP,128,50,367,32.698,105.811,106.0,106.0,0.0,99.986,5.605,27.287,0
OR021@6_1,outer_race,1,0.021,IE_ORACLE,128,50,367,32.698,105.811,106.0,106.0,0.0,41.117,21.631,27.287,1
OR021@6_1,outer_race,1,0.021,LTTB,128,50,367,32.698,105.811,106.0,106.0,0.0,96.372,15.021,27.287,1
OR021@6_1,outer_race,1,0.021,SDT,128,50,367,32.698,105.811,106.0,106.0,0.0,53.243,20.811,27.287,1
OR021@6_1,outer_race,1,0.021,SDT_BOUNDED,128,50,360,33.333,105.811,106.0,106.0,0.0,54.414,20.404,27.287,1
OR021@6_1,outer_race,1,0.021,IE,256,5,2655,4.52,105.811,106.0,106.0,0.0,4.793,28.392,27.287,1
OR021@6_1,outer_race,1,0.021,VW,256,5,2655,4.52,105.811,106.0,106.0,0.0,5.896,26.174,27.287,1
OR021@6_1,outer_race,1,0.021,DROP,256,5,2655,4.52,105.811,106.0,106.0,0.0,93.591,20.78,27.287,1
OR021@6_1,outer_race,1,0.021,IE_ORACLE,256,5,2655,4.52,105.811,106.0,106.0,0.0,4.039,27.909,27.287,1
OR021@6_1,outer_race,1,0.021,LTTB,256,5,2655,4.52,105.811,106.0,106.0,0.0,73.186,23.936,27.287,1
OR021@6_1,outer_race,1,0.021,SDT,256,5,2655,4.52,105.811,106.0,106.0,0.0,3.976,27.77,27.287,1
OR021@6_1,outer_race,1,0.021,SDT_BOUNDED,256,5,2594,4.626,105.811,106.0,106.0,0.0,3.084,28.03,27.287,1
OR021@6_1,outer_race,1,0.021,IE,256,10,1455,8.247,105.811,106.0,106.0,0.0,4.731,26.127,27.287,1
OR021@6_1,outer_race,1,0.021,VW,256,10,1455,8.247,105.811,106.0,106.0,0.0,30.111,23.222,27.287,1
OR021@6_1,outer_race,1,0.021,DROP,256,10,1455,8.247,105.811,106.0,106.0,0.0,98.334,20.992,27.287,1
OR021@6_1,outer_race,1,0.021,IE_ORACLE,256,10,1455,8.247,105.811,106.0,106.0,0.0,2.323,26.771,27.287,1
OR021@6_1,outer_race,1,0.021,LTTB,256,10,1455,8.247,105.811,106.0,106.0,0.0,85.071,18.768,27.287,1
OR021@6_1,outer_race,1,0.021,SDT,256,10,1456,8.242,105.811,106.0,106.0,0.0,5.45,26.284,27.287,1
OR021@6_1,outer_race,1,0.021,SDT_BOUNDED,256,10,1421,8.445,105.811,106.0,106.0,0.0,6.247,26.088,27.287,1
OR021@6_1,outer_race,1,0.021,IE,256,20,855,14.035,105.811,106.0,106.0,0.0,20.027,25.578,27.287,1
OR021@6_1,outer_race,1,0.021,VW,256,20,855,14.035,105.811,106.0,106.0,0.0,58.445,21.051,27.287,1
OR021@6_1,outer_race,1,0.021,DROP,256,20,855,14.035,105.811,106.0,106.0,0.0,99.342,18.304,27.287,1
OR021@6_1,outer_race,1,0.021,IE_ORACLE,256,20,855,14.035,105.811,106.0,106.0,0.0,14.432,25.779,27.287,1
OR021@6_1,outer_race,1,0.021,LTTB,256,20,855,14.035,105.811,106.0,106.0,0.0,92.707,17.291,27.287,1
OR021@6_1,outer_race,1,0.021,SDT,256,20,857,14.002,105.811,106.0,106.0,0.0,20.601,24.785,27.287,1
OR021@6_1,outer_race,1,0.021,SDT_BOUNDED,256,20,832,14.423,105.811,106.0,106.0,0.0,23.766,22.536,27.287,1
OR021@6_1,outer_race,1,0.021,IE,256,50,495,24.242,105.811,106.0,106.0,0.0,37.756,22.484,27.287,1
OR021@6_1,outer_race,1,0.021,VW,256,50,495,24.242,105.811,106.0,106.0,0.0,83.193,13.146,27.287,1
OR021@6_1,outer_race,1,0.021,DROP,256,50,495,24.242,105.811,106.0,106.0,0.0,99.968,9.022,27.287,1
OR021@6_1,outer_race,1,0.021,IE_ORACLE,256,50,495,24.242,105.811,106.0,106.0,0.0,31.182,23.086,27.287,1
OR021@6_1,outer_race,1,0.021,LTTB,256,50,495,24.242,105.811,106.0,106.0,0.0,94.727,18.018,27.287,1
OR021@6_1,outer_race,1,0.021,SDT,256,50,495,24.242,105.811,106.0,106.0,0.0,41.102,21.663,27.287,1
OR021@6_1,outer_race,1,0.021,SDT_BOUNDED,256,50,488,24.59,105.811,106.0,106.0,0.0,43.103,20.451,27.287,1
OR021@6_1,outer_race,1,0.021,IE,512,5,2911,4.122,105.811,106.0,106.0,0.0,4.4,27.977,27.287,1
OR021@6_1,outer_race,1,0.021,VW,512,5,2911,4.122,105.811,106.0,106.0,0.0,4.62,27.052,27.287,1
OR021@6_1,outer_race,1,0.021,DROP,512,5,2911,4.122,105.811,106.0,106.0,0.0,93.127,23.047,27.287,1
OR021@6_1,outer_race,1,0.021,IE_ORACLE,512,5,2911,4.122,105.811,106.0,106.0,0.0,4.264,27.537,27.287,1
OR021@6_1,outer_race,1,0.021,LTTB,512,5,2911,4.122,105.811,106.0,106.0,0.0,71.164,25.492,27.287,1
OR021@6_1,outer_race,1,0.021,SDT,512,5,2911,4.122,105.811,106.0,106.0,0.0,3.708,27.921,27.287,1
OR021@6_1,outer_race,1,0.021,SDT_BOUNDED,512,5,2857,4.2,105.811,106.0,106.0,0.0,2.787,27.38,27.287,1
OR021@6_1,outer_race,1,0.021,IE,512,10,1711,7.013,105.811,106.0,106.0,0.0,2.742,26.41,27.287,1
OR021@6_1,outer_race,1,0.021,VW,512,10,1711,7.013,105.811,106.0,106.0,0.0,24.913,23.859,27.287,1
OR021@6_1,outer_race,1,0.021,DROP,512,10,1711,7.013,105.811,106.0,106.0,0.0,98.287,20.77,27.287,1
OR021@6_1,outer_race,1,0.021,IE_ORACLE,512,10,1711,7.013,105.811,106.0,106.0,0.0,0.125,27.021,27.287,1
OR021@6_1,outer_race,1,0.021,LTTB,512,10,1711,7.013,105.811,106.0,106.0,0.0,81.99,22.004,27.287,1
OR021@6_1,outer_race,1,0.021,SDT,512,10,1712,7.009,105.811,106.0,106.0,0.0,2.073,25.931,27.287,1
OR021@6_1,outer_race,1,0.021,SDT_BOUNDED,512,10,1681,7.139,105.811,106.0,106.0,0.0,5.91,23.321,27.287,1
OR021@6_1,outer_race,1,0.021,IE,512,20,1111,10.801,105.811,106.0,106.0,0.0,13.428,25.539,27.287,1
OR021@6_1,outer_race,1,0.021,VW,512,20,1111,10.801,105.811,106.0,106.0,0.0,42.997,21.737,27.287,1
OR021@6_1,outer_race,1,0.021,DROP,512,20,1111,10.801,105.811,106.0,106.0,0.0,99.392,16.715,27.287,1
OR021@6_1,outer_race,1,0.021,IE_ORACLE,512,20,1111,10.801,105.811,106.0,106.0,0.0,7.556,26.537,27.287,1
OR021@6_1,outer_race,1,0.021,LTTB,512,20,1111,10.801,105.811,106.0,106.0,0.0,90.705,20.426,27.287,1
OR021@6_1,outer_race,1,0.021,SDT,512,20,1110,10.811,105.811,106.0,106.0,0.0,11.939,25.946,27.287,1
OR021@6_1,outer_race,1,0.021,SDT_BOUNDED,512,20,1090,11.009,105.811,106.0,106.0,0.0,13.658,25.73,27.287,1
OR021@6_1,outer_race,1,0.021,IE,512,50,751,15.979,105.811,106.0,106.0,0.0,23.505,24.707,27.287,1
OR021@6_1,outer_race,1,0.021,VW,512,50,751,15.979,105.811,106.0,106.0,0.0,59.026,19.134,27.287,1
OR021@6_1,outer_race,1,0.021,DROP,512,50,751,15.979,105.811,106.0,106.0,0.0,99.924,8.958,27.287,1
OR021@6_1,outer_race,1,0.021,IE_ORACLE,512,50,751,15.979,105.811,106.0,106.0,0.0,19.146,25.465,27.287,1
OR021@6_1,outer_race,1,0.021,LTTB,512,50,751,15.979,105.811,106.0,106.0,0.0,91.423,15.041,27.287,1
OR021@6_1,outer_race,1,0.021,SDT,512,50,752,15.957,105.811,106.0,106.0,0.0,25.636,23.889,27.287,1
OR021@6_1,outer_race,1,0.021,SDT_BOUNDED,512,50,744,16.129,105.811,106.0,106.0,0.0,26.792,23.227,27.287,1
OR021@6_2,outer_race,2,0.021,IE,128,5,2527,4.749,104.437,105.0,105.0,0.0,6.003,25.57,25.389,1
OR021@6_2,outer_race,2,0.021,VW,128,5,2527,4.749,104.437,105.0,105.0,0.0,4.759,24.861,25.389,1
OR021@6_2,outer_race,2,0.021,DROP,128,5,2527,4.749,104.437,105.0,105.0,0.0,93.831,20.968,25.389,1
OR021@6_2,outer_race,2,0.021,IE_ORACLE,128,5,2527,4.749,104.437,105.0,105.0,0.0,4.783,25.237,25.389,1
OR021@6_2,outer_race,2,0.021,LTTB,128,5,2527,4.749,104.437,105.0,105.0,0.0,79.037,24.609,25.389,1
OR021@6_2,outer_race,2,0.021,SDT,128,5,2528,4.747,104.437,105.0,105.0,0.0,5.778,25.477,25.389,1
OR021@6_2,outer_race,2,0.021,SDT_BOUNDED,128,5,2440,4.918,104.437,105.0,105.0,0.0,0.362,23.963,25.389,1
OR021@6_2,outer_race,2,0.021,IE,128,10,1327,9.043,104.437,105.0,105.0,0.0,4.973,24.463,25.389,1
OR021@6_2,outer_race,2,0.021,VW,128,10,1327,9.043,104.437,105.0,105.0,0.0,35.018,22.2,25.389,1
OR021@6_2,outer_race,2,0.021,DROP,128,10,1327,9.043,104.437,105.0,105.0,0.0,98.842,17.994,25.389,1
OR021@6_2,outer_race,2,0.021,IE_ORACLE,128,10,1327,9.043,104.437,105.0,105.0,0.0,1.671,24.515,25.389,1
OR021@6_2,outer_race,2,0.021,LTTB,128,10,1327,9.043,104.437,105.0,105.0,0.0,87.227,20.549,25.389,1
OR021@6_2,outer_race,2,0.021,SDT,128,10,1326,9.05,104.437,105.0,105.0,0.0,4.765,23.898,25.389,1
OR021@6_2,outer_race,2,0.021,SDT_BOUNDED,128,10,1283,9.353,104.437,105.0,105.0,0.0,9.334,21.689,25.389,1
OR021@6_2,outer_race,2,0.021,IE,128,20,727,16.506,104.437,105.0,105.0,0.0,26.077,22.34,25.389,1
OR021@6_2,outer_race,2,0.021,VW,128,20,727,16.506,104.437,105.0,105.0,0.0,68.084,16.705,25.389,1
OR021@6_2,outer_race,2,0.021,DROP,128,20,727,16.506,104.437,105.0,105.0,0.0,99.429,19.016,25.389,1
OR021@6_2,outer_race,2,0.021,IE_ORACLE,128,20,727,16.506,104.437,105.0,105.0,0.0,18.334,23.677,25.389,1
OR021@6_2,outer_race,2,0.021,LTTB,128,20,727,16.506,104.437,105.0,105.0,0.0,92.921,14.502,25.389,1
OR021@6_2,outer_race,2,0.021,SDT,128,20,728,16.484,104.437,105.0,105.0,0.0,26.491,22.304,25.389,1
OR021@6_2,outer_race,2,0.021,SDT_BOUNDED,128,20,703,17.07,104.437,105.0,105.0,0.0,28.354,21.815,25.389,1
OR021@6_2,outer_race,2,0.021,IE,128,50,367,32.698,104.437,105.0,105.0,0.0,52.061,18.872,25.389,1
OR021@6_2,outer_race,2,0.021,VW,128,50,367,32.698,104.437,105.0,105.0,0.0,88.494,10.13,25.389,1
OR021@6_2,outer_race,2,0.021,DROP,128,50,367,32.698,104.437,105.0,105.0,0.0,99.968,8.447,25.389,1
OR021@6_2,outer_race,2,0.021,IE_ORACLE,128,50,367,32.698,104.437,105.0,105.0,0.0,42.752,19.595,25.389,1
OR021@6_2,outer_race,2,0.021,LTTB,128,50,367,32.698,104.437,105.0,105.0,0.0,96.996,17.213,25.389,1
OR021@6_2,outer_race,2,0.021,SDT,128,50,368,32.609,104.437,105.0,105.0,0.0,56.997,17.818,25.389,1
OR021@6_2,outer_race,2,0.021,SDT_BOUNDED,128,50,356,33.708,104.437,105.0,105.0,0.0,58.993,17.235,25.389,1
OR021@6_2,outer_race,2,0.021,IE,256,5,2655,4.52,104.437,105.0,105.0,0.0,5.88,25.398,25.389,1
OR021@6_2,outer_race,2,0.021,VW,256,5,2655,4.52,104.437,105.0,105.0,0.0,4.538,24.865,25.389,1
OR021@6_2,outer_race,2,0.021,DROP,256,5,2655,4.52,104.437,105.0,105.0,0.0,93.364,20.781,25.389,1
OR021@6_2,outer_race,2,0.021,IE_ORACLE,256,5,2655,4.52,104.437,105.0,105.0,0.0,5.123,25.293,25.389,1
OR021@6_2,outer_race,2,0.021,LTTB,256,5,2655,4.52,104.437,105.0,105.0,0.0,75.198,25.046,25.389,1
OR021@6_2,outer_race,2,0.021,SDT,256,5,2655,4.52,104.437,105.0,105.0,0.0,6.688,25.467,25.389,1
OR021@6_2,outer_race,2,0.021,SDT_BOUNDED,256,5,2581,4.649,104.437,105.0,105.0,0.0,4.238,25.076,25.389,1
OR021@6_2,outer_race,2,0.021,IE,256,10,1455,8.247,104.437,105.0,105.0,0.0,3.532,24.752,25.389,1
OR021@6_2,outer_race,2,0.021,VW,256,10,1455,8.247,104.437,105.0,105.0,0.0,33.037,21.216,25.389,1
OR021@6_2,outer_race,2,0.021,DROP,256,10,1455,8.247,104.437,105.0,105.0,0.0,98.716,18.658,25.389,1
OR021@6_2,outer_race,2,0.021,IE_ORACLE,256,10,1455,8.247,104.437,105.0,105.0,0.0,0.187,25.171,25.389,1
OR021@6_2,outer_race,2,0.021,LTTB,256,10,1455,8.247,104.437,105.0,105.0,0.0,87.647,19.7,25.389,1
OR021@6_2,outer_race,2,0.021,SDT,256,10,1456,8.242,104.437,105.0,105.0,0.0,2.617,24.075,25.389,1
OR021@6_2,outer_race,2,0.021,SDT_BOUNDED,256,10,1416,8.475,104.437,105.0,105.0,0.0,6.952,22.588,25.389,1
OR021@6_2,outer_race,2,0.021,IE,256,20,855,14.035,104.437,105.0,105.0,0.0,19.975,22.87,25.389,1
OR021@6_2,outer_race,2,0.021,VW,256,20,855,14.035,104.437,105.0,105.0,0.0,62.162,18.343,25.389,1
OR021@6_2,outer_race,2,0.021,DROP,256,20,855,14.035,104.437,105.0,104.0,1.0,99.4,16.771,25.389,1
OR021@6_2,outer_race,2,0.021,IE_ORACLE,256,20,855,14.035,104.437,105.0,105.0,0.0,13.654,23.714,25.389,1
OR021@6_2,outer_race,2,0.021,LTTB,256,20,855,14.035,104.437,105.0,105.0,0.0,92.984,18.958,25.389,1
OR021@6_2,outer_race,2,0.021,SDT,256,20,855,14.035,104.437,105.0,105.0,0.0,19.146,22.762,25.389,1
OR021@6_2,outer_race,2,0.021,SDT_BOUNDED,256,20,835,14.371,104.437,105.0,105.0,0.0,22.004,22.65,25.389,1
OR021@6_2,outer_race,2,0.021,IE,256,50,495,24.242,104.437,105.0,105.0,0.0,41.701,19.853,25.389,1
OR021@6_2,outer_race,2,0.021,VW,256,50,495,24.242,104.437,105.0,105.0,0.0,80.052,17.561,25.389,1
OR021@6_2,outer_race,2,0.021,DROP,256,50,495,24.242,104.437,105.0,105.0,0.0,99.978,6.838,25.389,1
OR021@6_2,outer_race,2,0.021,IE_ORACLE,256,50,495,24.242,104.437,105.0,105.0,0.0,32.619,21.908,25.389,1
OR021@6_2,outer_race,2,0.021,LTTB,256,50,495,24.242,104.437,105.0,105.0,0.0,92.975,15.543,25.389,1
OR021@6_2,outer_race,2,0.021,SDT,256,50,495,24.242,104.437,105.0,105.0,0.0,42.997,19.995,25.389,1
OR021@6_2,outer_race,2,0.021,SDT_BOUNDED,256,50,490,24.49,104.437,105.0,105.0,0.0,45.624,20.698,25.389,1
OR021@6_2,outer_race,2,0.021,IE,512,5,2911,4.122,104.437,105.0,105.0,0.0,5.556,25.25,25.389,1
OR021@6_2,outer_race,2,0.021,VW,512,5,2911,4.122,104.437,105.0,105.0,0.0,2.641,25.057,25.389,1
OR021@6_2,outer_race,2,0.021,DROP,512,5,2911,4.122,104.437,105.0,105.0,0.0,92.115,22.708,25.389,1
OR021@6_2,outer_race,2,0.021,IE_ORACLE,512,5,2911,4.122,104.437,105.0,105.0,0.0,4.858,25.339,25.389,1
OR021@6_2,outer_race,2,0.021,LTTB,512,5,2911,4.122,104.437,105.0,105.0,0.0,72.683,25.018,25.389,1
OR021@6_2,outer_race,2,0.021,SDT,512,5,2911,4.122,104.437,105.0,105.0,0.0,6.553,25.337,25.389,1
OR021@6_2,outer_race,2,0.021,SDT_BOUNDED,512,5,2862,4.193,104.437,105.0,105.0,0.0,5.734,25.533,25.389,1
OR021@6_2,outer_race,2,0.021,IE,512,10,1711,7.013,104.437,105.0,105.0,0.0,0.105,24.952,25.389,1
OR021@6_2,outer_race,2,0.021,VW,512,10,1711,7.013,104.437,105.0,105.0,0.0,23.708,23.524,25.389,1
OR021@6_2,outer_race,2,0.021,DROP,512,10,1711,7.013,104.437,105.0,105.0,0.0,98.784,17.668,25.389,1
OR021@6_2,outer_race,2,0.021,IE_ORACLE,512,10,1711,7.013,104.437,105.0,105.0,0.0,2.257,25.452,25.389,1
OR021@6_2,outer_race,2,0.021,LTTB,512,10,1711,7.013,104.437,105.0,105.0,0.0,83.592,19.026,25.389,1
OR021@6_2,outer_race,2,0.021,SDT,512,10,1711,7.013,104.437,105.0,105.0,0.0,0.081,24.581,25.389,1
OR021@6_2,outer_race,2,0.021,SDT_BOUNDED,512,10,1681,7.139,104.437,105.0,105.0,0.0,2.503,24.489,25.389,1
OR021@6_2,outer_race,2,0.021,IE,512,20,1111,10.801,104.437,105.0,105.0,0.0,11.223,23.756,25.389,1
OR021@6_2,outer_race,2,0.021,VW,512,20,1111,10.801,104.437,105.0,105.0,0.0,47.665,18.549,25.389,1
OR021@6_2,outer_race,2,0.021,DROP,512,20,1111,10.801,104.437,105.0,105.0,0.0,99.398,15.72,25.389,1
OR021@6_2,outer_race,2,0.021,IE_ORACLE,512,20,1111,10.801,104.437,105.0,105.0,0.0,5.729,24.319,25.389,1
OR021@6_2,outer_race,2,0.021,LTTB,512,20,1111,10.801,104.437,105.0,105.0,0.0,89.129,16.755,25.389,1
OR021@6_2,outer_race,2,0.021,SDT,512,20,1113,10.782,104.437,105.0,105.0,0.0,9.026,23.556,25.389,1
OR021@6_2,outer_race,2,0.021,SDT_BOUNDED,512,20,1097,10.939,104.437,105.0,105.0,0.0,11.392,24.41,25.389,1
OR021@6_2,outer_race,2,0.021,IE,512,50,751,15.979,104.437,105.0,105.0,0.0,22.395,22.626,25.389,1
OR021@6_2,outer_race,2,0.021,VW,512,50,751,15.979,104.437,105.0,105.0,0.0,61.397,20.271,25.389,1
OR021@6_2,outer_race,2,0.021,DROP,512,50,751,15.979,104.437,105.0,107.0,2.0,99.921,1.817,25.389,0
OR021@6_2,outer_race,2,0.021,IE_ORACLE,512,50,751,15.979,104.437,105.0,105.0,0.0,17.246,23.877,25.389,1
OR021@6_2,outer_race,2,0.021,LTTB,512,50,751,15.979,104.437,105.0,105.0,0.0,93.354,15.797,25.389,1
OR021@6_2,outer_race,2,0.021,SDT,512,50,752,15.957,104.437,105.0,105.0,0.0,24.697,22.656,25.389,1
OR021@6_2,outer_race,2,0.021,SDT_BOUNDED,512,50,747,16.064,104.437,105.0,105.0,0.0,26.252,22.23,25.389,1
OR021@6_3,outer_race,3,0.021,IE,128,5,2527,4.749,102.824,103.0,103.0,0.0,4.959,26.534,26.454,1
OR021@6_3,outer_race,3,0.021,VW,128,5,2527,4.749,102.824,103.0,103.0,0.0,5.783,25.447,26.454,1
OR021@6_3,outer_race,3,0.021,DROP,128,5,2527,4.749,102.824,103.0,103.0,0.0,93.185,22.592,26.454,1
OR021@6_3,outer_race,3,0.021,IE_ORACLE,128,5,2527,4.749,102.824,103.0,103.0,0.0,4.134,26.467,26.454,1
OR021@6_3,outer_race,3,0.021,LTTB,128,5,2527,4.749,102.824,103.0,103.0,0.0,78.983,23.735,26.454,1
OR021@6_3,outer_race,3,0.021,SDT,128,5,2527,4.749,102.824,103.0,103.0,0.0,3.603,26.413,26.454,1
OR021@6_3,outer_race,3,0.021,SDT_BOUNDED,128,5,2482,4.835,102.824,103.0,103.0,0.0,2.692,26.509,26.454,1
OR021@6_3,outer_race,3,0.021,IE,128,10,1327,9.043,102.824,103.0,103.0,0.0,5.186,25.139,26.454,1
OR021@6_3,outer_race,3,0.021,VW,128,10,1327,9.043,102.824,103.0,103.0,0.0,30.682,24.908,26.454,1
OR021@6_3,outer_race,3,0.021,DROP,128,10,1327,9.043,102.824,103.0,103.0,0.0,98.935,20.424,26.454,1
OR021@6_3,outer_race,3,0.021,IE_ORACLE,128,10,1327,9.043,102.824,103.0,103.0,0.0,3.433,25.422,26.454,1
OR021@6_3,outer_race,3,0.021,LTTB,128,10,1327,9.043,102.824,103.0,103.0,0.0,88.944,20.521,26.454,1
OR021@6_3,outer_race,3,0.021,SDT,128,10,1328,9.036,102.824,103.0,103.0,0.0,6.134,24.701,26.454,1
OR021@6_3,outer_race,3,0.021,SDT_BOUNDED,128,10,1290,9.302,102.824,103.0,103.0,0.0,8.923,23.718,26.454,1
OR021@6_3,outer_race,3,0.021,IE,128,20,727,16.506,102.824,103.0,103.0,0.0,26.486,22.765,26.454,1
OR021@6_3,outer_race,3,0.021,VW,128,20,727,16.506,102.824,103.0,103.0,0.0,66.327,20.831,26.454,1
OR021@6_3,outer_race,3,0.021,DROP,128,20,727,16.506,102.824,103.0,103.0,0.0,99.439,16.099,26.454,1
OR021@6_3,outer_race,3,0.021,IE_ORACLE,128,20,727,16.506,102.824,103.0,103.0,0.0,19.317,23.996,26.454,1
OR021@6_3,outer_race,3,0.021,LTTB,128,20,727,16.506,102.824,103.0,103.0,0.0,92.293,16.482,26.454,1
OR021@6_3,outer_race,3,0.021,SDT,128,20,727,16.506,102.824,103.0,103.0,0.0,26.058,22.066,26.454,1
OR021@6_3,outer_race,3,0.021,SDT_BOUNDED,128,20,696,17.241,102.824,103.0,103.0,0.0,30.362,21.685,26.454,1
OR021@6_3,outer_race,3,0.021,IE,128,50,367,32.698,102.824,103.0,103.0,0.0,52.271,21.002,26.454,1
OR021@6_3,outer_race,3,0.021,VW,128,50,367,32.698,102.824,103.0,103.0,0.0,94.061,16.734,26.454,1
OR021@6_3,outer_race,3,0.021,DROP,128,50,367,32.698,102.824,103.0,103.0,0.0,99.974,9.948,26.454,1
OR021@6_3,outer_race,3,0.021,IE_ORACLE,128,50,367,32.698,102.824,103.0,103.0,0.0,44.474,21.279,26.454,1
OR021@6_3,outer_race,3,0.021,LTTB,128,50,367,32.698,102.824,103.0,103.0,0.0,96.783,16.393,26.454,1
OR021@6_3,outer_race,3,0.021,SDT,128,50,368,32.609,102.824,103.0,103.0,0.0,58.159,19.248,26.454,1
OR021@6_3,outer_race,3,0.021,SDT_BOUNDED,128,50,358,33.52,102.824,103.0,103.0,0.0,59.478,19.241,26.454,1
OR021@6_3,outer_race,3,0.021,IE,256,5,2655,4.52,102.824,103.0,103.0,0.0,5.008,26.586,26.454,1
OR021@6_3,outer_race,3,0.021,VW,256,5,2655,4.52,102.824,103.0,103.0,0.0,5.137,25.293,26.454,1
OR021@6_3,outer_race,3,0.021,DROP,256,5,2655,4.52,102.824,103.0,103.0,0.0,93.115,22.445,26.454,1
OR021@6_3,outer_race,3,0.021,IE_ORACLE,256,5,2655,4.52,102.824,103.0,103.0,0.0,4.091,26.413,26.454,1
OR021@6_3,outer_race,3,0.021,LTTB,256,5,2655,4.52,102.824,103.0,103.0,0.0,76.279,26.305,26.454,1
OR021@6_3,outer_race,3,0.021,SDT,256,5,2654,4.521,102.824,103.0,103.0,0.0,3.737,26.685,26.454,1
OR021@6_3,outer_race,3,0.021,SDT_BOUNDED,256,5,2611,4.596,102.824,103.0,103.0,0.0,3.193,26.441,26.454,1
OR021@6_3,outer_race,3,0.021,IE,256,10,1455,8.247,102.824,103.0,103.0,0.0,4.324,24.866,26.454,1
OR021@6_3,outer_race,3,0.021,VW,256,10,1455,8.247,102.824,103.0,103.0,0.0,28.017,25.526,26.454,1
OR021@6_3,outer_race,3,0.021,DROP,256,10,1455,8.247,102.824,103.0,103.0,0.0,98.919,20.047,26.454,1
OR021@6_3,outer_race,3,0.021,IE_ORACLE,256,10,1455,8.247,102.824,103.0,103.0,0.0,1.898,25.731,26.454,1
OR021@6_3,outer_race,3,0.021,LTTB,256,10,1455,8.247,102.824,103.0,103.0,0.0,86.72,20.608,26.454,1
OR021@6_3,outer_race,3,0.021,SDT,256,10,1458,8.23,102.824,103.0,103.0,0.0,4.646,24.977,26.454,1
OR021@6_3,outer_race,3,0.021,SDT_BOUNDED,256,10,1424,8.427,102.824,103.0,103.0,0.0,5.655,24.901,26.454,1
OR021@6_3,outer_race,3,0.021,IE,256,20,855,14.035,102.824,103.0,103.0,0.0,21.953,23.738,26.454,1
OR021@6_3,outer_race,3,0.021,VW,256,20,855,14.035,102.824,103.0,103.0,0.0,62.305,21.581,26.454,1
OR021@6_3,outer_race,3,0.021,DROP,256,20,855,14.035,102.824,103.0,103.0,0.0,99.476,16.078,26.454,1
OR021@6_3,outer_race,3,0.021,IE_ORACLE,256,20,855,14.035,102.824,103.0,103.0,0.0,14.254,24.346,26.454,1
OR021@6_3,outer_race,3,0.021,LTTB,256,20,855,14.035,102.824,103.0,103.0,0.0,93.773,22.439,26.454,1
OR021@6_3,outer_race,3,0.021,SDT,256,20,856,14.019,102.824,103.0,103.0,0.0,19.459,22.843,26.454,1
OR021@6_3,outer_race,3,0.021,SDT_BOUNDED,256,20,830,14.458,102.824,103.0,103.0,0.0,21.48,23.37,26.454,1
OR021@6_3,outer_race,3,0.021,IE,256,50,495,24.242,102.824,103.0,103.0,0.0,40.966,22.216,26.454,1
OR021@6_3,outer_race,3,0.021,VW,256,50,495,24.242,102.824,103.0,103.0,0.0,83.31,16.733,26.454,1
OR021@6_3,outer_race,3,0.021,DROP,256,50,495,24.242,102.824,103.0,103.0,0.0,99.981,9.183,26.454,1
OR021@6_3,outer_race,3,0.021,IE_ORACLE,256,50,495,24.242,102.824,103.0,103.0,0.0,33.056,21.494,26.454,1
OR021@6_3,outer_race,3,0.021,LTTB,256,50,495,24.242,102.824,103.0,103.0,0.0,94.848,18.224,26.454,1
OR021@6_3,outer_race,3,0.021,SDT,256,50,495,24.242,102.824,103.0,103.0,0.0,44.674,19.078,26.454,1
OR021@6_3,outer_race,3,0.021,SDT_BOUNDED,256,50,485,24.742,102.824,103.0,103.0,0.0,46.586,18.575,26.454,1
OR021@6_3,outer_race,3,0.021,IE,512,5,2911,4.122,102.824,103.0,103.0,0.0,4.869,26.698,26.454,1
OR021@6_3,outer_race,3,0.021,VW,512,5,2911,4.122,102.824,103.0,103.0,0.0,3.993,25.813,26.454,1
OR021@6_3,outer_race,3,0.021,DROP,512,5,2911,4.122,102.824,103.0,103.0,0.0,92.276,25.111,26.454,1
OR021@6_3,outer_race,3,0.021,IE_ORACLE,512,5,2911,4.122,102.824,103.0,103.0,0.0,3.997,26.472,26.454,1
OR021@6_3,outer_race,3,0.021,LTTB,512,5,2911,4.122,102.824,103.0,103.0,0.0,73.884,25.87,26.454,1
OR021@6_3,outer_race,3,0.021,SDT,512,5,2911,4.122,102.824,103.0,103.0,0.0,4.429,26.828,26.454,1
OR021@6_3,outer_race,3,0.021,SDT_BOUNDED,512,5,2874,4.175,102.824,103.0,103.0,0.0,3.759,26.099,26.454,1
OR021@6_3,outer_race,3,0.021,IE,512,10,1711,7.013,102.824,103.0,103.0,0.0,2.602,25.398,26.454,1
OR021@6_3,outer_race,3,0.021,VW,512,10,1711,7.013,102.824,103.0,103.0,0.0,23.66,24.766,26.454,1
OR021@6_3,outer_race,3,0.021,DROP,512,10,1711,7.013,102.824,103.0,103.0,0.0,98.881,19.951,26.454,1
OR021@6_3,outer_race,3,0.021,IE_ORACLE,512,10,1711,7.013,102.824,103.0,103.0,0.0,0.763,26.019,26.454,1
OR021@6_3,outer_race,3,0.021,LTTB,512,10,1711,7.013,102.824,103.0,103.0,0.0,84.485,22.7,26.454,1
OR021@6_3,outer_race,3,0.021,SDT,512,10,1715,6.997,102.824,103.0,103.0,0.0,1.987,25.518,26.454,1
OR021@6_3,outer_race,3,0.021,SDT_BOUNDED,512,10,1687,7.113,102.824,103.0,103.0,0.0,4.212,24.053,26.454,1
OR021@6_3,outer_race,3,0.021,IE,512,20,1111,10.801,102.824,103.0,103.0,0.0,13.945,24.027,26.454,1
OR021@6_3,outer_race,3,0.021,VW,512,20,1111,10.801,102.824,103.0,103.0,0.0,45.064,20.984,26.454,1
OR021@6_3,outer_race,3,0.021,DROP,512,20,1111,10.801,102.824,103.0,103.0,0.0,99.317,16.619,26.454,1
OR021@6_3,outer_race,3,0.021,IE_ORACLE,512,20,1111,10.801,102.824,103.0,103.0,0.0,7.189,24.858,26.454,1
OR021@6_3,outer_race,3,0.021,LTTB,512,20,1111,10.801,102.824,103.0,103.0,0.0,90.126,18.268,26.454,1
OR021@6_3,outer_race,3,0.021,SDT,512,20,1111,10.801,102.824,103.0,103.0,0.0,10.375,24.668,26.454,1
OR021@6_3,outer_race,3,0.021,SDT_BOUNDED,512,20,1097,10.939,102.824,103.0,103.0,0.0,11.495,24.215,26.454,1
OR021@6_3,outer_race,3,0.021,IE,512,50,751,15.979,102.824,103.0,103.0,0.0,23.968,22.847,26.454,1
OR021@6_3,outer_race,3,0.021,VW,512,50,751,15.979,102.824,103.0,103.0,0.0,63.116,21.466,26.454,1
OR021@6_3,outer_race,3,0.021,DROP,512,50,751,15.979,102.824,103.0,103.0,0.0,99.934,7.355,26.454,1
OR021@6_3,outer_race,3,0.021,IE_ORACLE,512,50,751,15.979,102.824,103.0,103.0,0.0,18.184,24.181,26.454,1
OR021@6_3,outer_race,3,0.021,LTTB,512,50,751,15.979,102.824,103.0,103.0,0.0,94.526,21.45,26.454,1
OR021@6_3,outer_race,3,0.021,SDT,512,50,750,16.0,102.824,103.0,103.0,0.0,24.188,22.597,26.454,1
OR021@6_3,outer_race,3,0.021,SDT_BOUNDED,512,50,744,16.129,102.824,103.0,103.0,0.0,24.731,22.281,26.454,1
