signal,condition,load,mode,buffer_size,overload,retained,CR,snr_db,snr_saturated,pnr_orig_db,pnr_db,pnr_loss,amp_error_pct,diagnosable
Normal_3,,,IE,128,5,2527,4.7487,2.3684,0,,,,,
Normal_3,,,VW,128,5,2527,4.7487,1.9649,0,,,,,
Normal_3,,,DROP,128,5,2527,4.7487,0.6007,0,,,,,
Normal_3,,,IE_ORACLE,128,5,2527,4.7487,2.7037,0,,,,,
Normal_3,,,LTTB,128,5,2527,4.7487,1.1573,0,,,,,
Normal_3,,,SDT,128,5,2527,4.7487,2.3735,0,,,,,
Normal_3,,,SDT_BOUNDED,128,5,2514,4.7733,2.3167,0,,,,,
Normal_3,,,IE,128,10,1327,9.043,-0.5158,0,,,,,
Normal_3,,,VW,128,10,1327,9.043,0.2091,0,,,,,
Normal_3,,,DROP,128,10,1327,9.043,-0.2121,0,,,,,
Normal_3,,,IE_ORACLE,128,10,1327,9.043,-0.1511,0,,,,,
Normal_3,,,LTTB,128,10,1327,9.043,-0.6718,0,,,,,
Normal_3,,,SDT,128,10,1326,9.0498,0.553,0,,,,,
Normal_3,,,SDT_BOUNDED,128,10,1319,9.0978,0.4883,0,,,,,
Normal_3,,,IE,128,20,727,16.5062,-2.6458,0,,,,,
Normal_3,,,VW,128,20,727,16.5062,-1.2836,0,,,,,
Normal_3,,,DROP,128,20,727,16.5062,-1.397,0,,,,,
Normal_3,,,IE_ORACLE,128,20,727,16.5062,-2.0483,0,,,,,
Normal_3,,,LTTB,128,20,727,16.5062,-1.5261,0,,,,,
Normal_3,,,SDT,128,20,728,16.4835,-0.3658,0,,,,,
Normal_3,,,SDT_BOUNDED,128,20,728,16.4835,-0.3658,0,,,,,
Normal_3,,,IE,128,50,367,32.6975,-3.7457,0,,,,,
Normal_3,,,VW,128,50,367,32.6975,-2.4243,0,,,,,
Normal_3,,,DROP,128,50,367,32.6975,-1.8898,0,,,,,
Normal_3,,,IE_ORACLE,128,50,367,32.6975,-3.6947,0,,,,,
Normal_3,,,LTTB,128,50,367,32.6975,-3.1937,0,,,,,
Normal_3,,,SDT,128,50,370,32.4324,-1.1271,0,,,,,
Normal_3,,,SDT_BOUNDED,128,50,368,32.6087,-1.125,0,,,,,
Normal_3,,,IE,256,5,2655,4.5198,2.5624,0,,,,,
Normal_3,,,VW,256,5,2655,4.5198,2.1322,0,,,,,
Normal_3,,,DROP,256,5,2655,4.5198,0.72,0,,,,,
Normal_3,,,IE_ORACLE,256,5,2655,4.5198,2.9534,0,,,,,
Normal_3,,,LTTB,256,5,2655,4.5198,1.3369,0,,,,,
Normal_3,,,SDT,256,5,2656,4.5181,2.5991,0,,,,,
Normal_3,,,SDT_BOUNDED,256,5,2652,4.5249,2.5719,0,,,,,
Normal_3,,,IE,256,10,1455,8.2474,-0.3791,0,,,,,
Normal_3,,,VW,256,10,1455,8.2474,0.3165,0,,,,,
Normal_3,,,DROP,256,10,1455,8.2474,-0.1256,0,,,,,
Normal_3,,,IE_ORACLE,256,10,1455,8.2474,0.0882,0,,,,,
Normal_3,,,LTTB,256,10,1455,8.2474,-0.4405,0,,,,,
Normal_3,,,SDT,256,10,1453,8.2588,0.7555,0,,,,,
Normal_3,,,SDT_BOUNDED,256,10,1453,8.2588,0.7555,0,,,,,
Normal_3,,,IE,256,20,855,14.0351,-2.3271,0,,,,,
Normal_3,,,VW,256,20,855,14.0351,-0.9366,0,,,,,
Normal_3,,,DROP,256,20,855,14.0351,-1.5044,0,,,,,
Normal_3,,,IE_ORACLE,256,20,855,14.0351,-1.5873,0,,,,,
Normal_3,,,LTTB,256,20,855,14.0351,-1.7444,0,,,,,
Normal_3,,,SDT,256,20,854,14.0515,-0.1637,0,,,,,
Normal_3,,,SDT_BOUNDED,256,20,854,14.0515,-0.1637,0,,,,,
Normal_3,,,IE,256,50,495,24.2424,-3.302,0,,,,,
Normal_3,,,VW,256,50,495,24.2424,-2.031,0,,,,,
Normal_3,,,DROP,256,50,495,24.2424,-1.4242,0,,,,,
Normal_3,,,IE_ORACLE,256,50,495,24.2424,-2.9312,0,,,,,
Normal_3,,,LTTB,256,50,495,24.2424,-2.7846,0,,,,,
Normal_3,,,SDT,256,50,496,24.1935,-0.7423,0,,,,,
Normal_3,,,SDT_BOUNDED,256,50,496,24.1935,-0.7423,0,,,,,
Normal_3,,,IE,512,5,2911,4.1223,2.8719,0,,,,,
Normal_3,,,VW,512,5,2911,4.1223,2.416,0,,,,,
Normal_3,,,DROP,512,5,2911,4.1223,0.7545,0,,,,,
Normal_3,,,IE_ORACLE,512,5,2911,4.1223,3.5127,0,,,,,
Normal_3,,,LTTB,512,5,2911,4.1223,1.6183,0,,,,,
Normal_3,,,SDT,512,5,2912,4.1209,2.9753,0,,,,,
Normal_3,,,SDT_BOUNDED,512,5,2909,4.1251,2.9588,0,,,,,
Normal_3,,,IE,512,10,1711,7.0134,0.2865,0,,,,,
Normal_3,,,VW,512,10,1711,7.0134,0.5865,0,,,,,
Normal_3,,,DROP,512,10,1711,7.0134,-0.0101,0,,,,,
Normal_3,,,IE_ORACLE,512,10,1711,7.0134,0.633,0,,,,,
Normal_3,,,LTTB,512,10,1711,7.0134,-0.067,0,,,,,
Normal_3,,,SDT,512,10,1714,7.0012,1.2056,0,,,,,
Normal_3,,,SDT_BOUNDED,512,10,1712,7.0093,1.205,0,,,,,
Normal_3,,,IE,512,20,1111,10.8011,-1.7731,0,,,,,
Normal_3,,,VW,512,20,1111,10.8011,-0.428,0,,,,,
Normal_3,,,DROP,512,20,1111,10.8011,-1.4242,0,,,,,
Normal_3,,,IE_ORACLE,512,20,1111,10.8011,-0.8033,0,,,,,
Normal_3,,,LTTB,512,20,1111,10.8011,-1.2128,0,,,,,
Normal_3,,,SDT,512,20,1112,10.7914,0.2683,0,,,,,
Normal_3,,,SDT_BOUNDED,512,20,1112,10.7914,0.2683,0,,,,,
Normal_3,,,IE,512,50,751,15.9787,-2.8265,0,,,,,
Normal_3,,,VW,512,50,751,15.9787,-1.4317,0,,,,,
Normal_3,,,DROP,512,50,751,15.9787,-1.7376,0,,,,,
Normal_3,,,IE_ORACLE,512,50,751,15.9787,-1.9544,0,,,,,
Normal_3,,,LTTB,512,50,751,15.9787,-1.3072,0,,,,,
Normal_3,,,SDT,512,50,753,15.9363,-0.3378,0,,,,,
Normal_3,,,SDT_BOUNDED,512,50,752,15.9574,-0.3455,0,,,,,
IR007_0,inner_race,0,IE,128,5,2527,4.7487,2.6136,0,33.973,32.58,1.393,12.704,1
IR007_0,inner_race,0,VW,128,5,2527,4.7487,1.9655,0,33.973,29.307,4.666,16.297,1
IR007_0,inner_race,0,DROP,128,5,2527,4.7487,-1.3076,0,33.973,20.841,13.132,94.411,1
IR007_0,inner_race,0,IE_ORACLE,128,5,2527,4.7487,2.8075,0,33.973,32.885,1.088,15.644,1
IR007_0,inner_race,0,LTTB,128,5,2527,4.7487,-0.5379,0,33.973,25.43,8.543,69.112,1
IR007_0,inner_race,0,SDT,128,5,2529,4.745,3.119,0,33.973,32.794,1.179,8.301,1
IR007_0,inner_race,0,SDT_BOUNDED,128,5,2525,4.7525,3.105,0,33.973,32.818,1.155,8.307,1
IR007_0,inner_race,0,IE,128,10,1327,9.043,-1.2525,0,33.973,30.992,2.981,10.561,1
IR007_0,inner_race,0,VW,128,10,1327,9.043,-1.1461,0,33.973,20.609,13.364,70.089,1
IR007_0,inner_race,0,DROP,128,10,1327,9.043,-2.2568,0,33.973,20.12,13.853,98.63,1
IR007_0,inner_race,0,IE_ORACLE,128,10,1327,9.043,-1.2461,0,33.973,31.764,2.209,4.101,1
IR007_0,inner_race,0,LTTB,128,10,1327,9.043,-2.2246,0,33.973,21.275,12.698,87.837,1
IR007_0,inner_race,0,SDT,128,10,1327,9.043,0.3259,0,33.973,29.548,4.425,28.984,1
IR007_0,inner_race,0,SDT_BOUNDED,128,10,1323,9.0703,0.3064,0,33.973,29.69,4.283,29.127,1
IR007_0,inner_race,0,IE,128,20,727,16.5062,-4.0489,0,33.973,29.243,4.73,38.448,1
IR007_0,inner_race,0,VW,128,20,727,16.5062,-2.3039,0,33.973,19.845,14.128,90.187,1
IR007_0,inner_race,0,DROP,128,20,727,16.5062,-2.2805,0,33.973,19.559,14.414,99.519,1
IR007_0,inner_race,0,IE_ORACLE,128,20,727,16.5062,-4.1392,0,33.973,28.713,5.26,31.531,1
IR007_0,inner_race,0,LTTB,128,20,727,16.5062,-3.6693,0,33.973,18.364,15.609,92.302,1
IR007_0,inner_race,0,SDT,128,20,727,16.5062,-0.9784,0,33.973,26.526,7.447,58.083,1
IR007_0,inner_race,0,SDT_BOUNDED,128,20,725,16.5517,-0.9787,0,33.973,26.531,7.442,58.089,1
IR007_0,inner_race,0,IE,128,50,367,32.6975,-6.5491,0,33.973,22.372,11.601,67.893,1
IR007_0,inner_race,0,VW,128,50,367,32.6975,-3.1585,0,33.973,14.423,19.55,98.342,1
IR007_0,inner_race,0,DROP,128,50,367,32.6975,-2.2977,0,33.973,9.847,24.126,99.955,1
IR007_0,inner_race,0,IE_ORACLE,128,50,367,32.6975,-6.3002,0,33.973,24.162,9.811,57.269,1
IR007_0,inner_race,0,LTTB,128,50,367,32.6975,-5.3743,0,33.973,16.468,17.505,95.345,1
IR007_0,inner_race,0,SDT,128,50,368,32.6087,-1.7985,0,33.973,22.468,11.505,81.137,1
IR007_0,inner_race,0,SDT_BOUNDED,128,50,368,32.6087,-1.7985,0,33.973,22.468,11.505,81.137,1
IR007_0,inner_race,0,IE,256,5,2655,4.5198,2.7805,0,33.973,32.632,1.341,12.888,1
IR007_0,inner_race,0,VW,256,5,2655,4.5198,2.1296,0,33.973,29.267,4.706,16.882,1
IR007_0,inner_race,0,DROP,256,5,2655,4.5198,-1.2422,0,33.973,22.156,11.817,94.353,1
IR007_0,inner_race,0,IE_ORACLE,256,5,2655,4.5198,3.1858,0,33.973,33.265,0.708,15.831,1
IR007_0,inner_race,0,LTTB,256,5,2655,4.5198,-0.3172,0,33.973,26.587,7.386,65.512,1
IR007_0,inner_race,0,SDT,256,5,2658,4.5147,3.5018,0,33.973,33.318,0.655,10.299,1
IR007_0,inner_race,0,SDT_BOUNDED,256,5,2653,4.5232,3.4467,0,33.973,33.383,0.59,10.211,1
IR007_0,inner_race,0,IE,256,10,1455,8.2474,-0.9642,0,33.973,30.73,3.243,8.85,1
IR007_0,inner_race,0,VW,256,10,1455,8.2474,-0.9684,0,33.973,21.136,12.837,68.42,1
IR007_0,inner_race,0,DROP,256,10,1455,8.2474,-2.1079,0,33.973,19.333,14.64,98.567,1
IR007_0,inner_race,0,IE_ORACLE,256,10,1455,8.2474,-0.7264,0,33.973,32.318,1.655,0.549,1
IR007_0,inner_race,0,LTTB,256,10,1455,8.2474,-2.2588,0,33.973,22.173,11.8,84.19,1
IR007_0,inner_race,0,SDT,256,10,1455,8.2474,0.7378,0,33.973,29.979,3.994,25.215,1
IR007_0,inner_race,0,SDT_BOUNDED,256,10,1453,8.2588,0.7178,0,33.973,29.784,4.189,25.511,1
IR007_0,inner_race,0,IE,256,20,855,14.0351,-3.4065,0,33.973,28.975,4.998,34.042,1
IR007_0,inner_race,0,VW,256,20,855,14.0351,-2.1524,0,33.973,18.173,15.8,88.923,1
IR007_0,inner_race,0,DROP,256,20,855,14.0351,-2.1748,0,33.973,17.307,16.666,99.556,1
IR007_0,inner_race,0,IE_ORACLE,256,20,855,14.0351,-3.1714,0,33.973,29.381,4.592,23.008,1
IR007_0,inner_race,0,LTTB,256,20,855,14.0351,-3.3095,0,33.973,19.047,14.926,90.194,1
IR007_0,inner_race,0,SDT,256,20,855,14.0351,-0.5073,0,33.973,26.587,7.386,50.374,1
IR007_0,inner_race,0,SDT_BOUNDED,256,20,853,14.068,-0.5142,0,33.973,26.793,7.18,50.416,1
IR007_0,inner_race,0,IE,256,50,495,24.2424,-5.6875,0,33.973,25.38,8.593,55.491,1
IR007_0,inner_race,0,VW,256,50,495,24.2424,-2.7784,0,33.973,12.738,21.235,96.411,1
IR007_0,inner_race,0,DROP,256,50,495,24.2424,-2.3267,0,33.973,9.274,24.699,99.944,1
IR007_0,inner_race,0,IE_ORACLE,256,50,495,24.2424,-6.1376,0,33.973,26.207,7.766,46.274,1
IR007_0,inner_race,0,LTTB,256,50,495,24.2424,-4.7804,0,33.973,17.023,16.95,94.114,1
IR007_0,inner_race,0,SDT,256,50,495,24.2424,-1.3592,0,33.973,22.753,11.22,71.331,1
IR007_0,inner_race,0,SDT_BOUNDED,256,50,495,24.2424,-1.3592,0,33.973,22.753,11.22,71.331,1
IR007_0,inner_race,0,IE,512,5,2911,4.1223,3.2293,0,33.973,32.581,1.392,13.675,1
IR007_0,inner_race,0,VW,512,5,2911,4.1223,2.5704,0,33.973,29.641,4.332,12.691,1
IR007_0,inner_race,0,DROP,512,5,2911,4.1223,-1.0826,0,33.973,21.011,12.962,94.424,1
IR007_0,inner_race,0,IE_ORACLE,512,5,2911,4.1223,3.9897,0,33.973,32.628,1.345,15.076,1
IR007_0,inner_race,0,LTTB,512,5,2911,4.1223,-0.0263,0,33.973,28.917,5.056,62.542,1
IR007_0,inner_race,0,SDT,512,5,2912,4.1209,3.9672,0,33.973,33.478,0.495,13.056,1
IR007_0,inner_race,0,SDT_BOUNDED,512,5,2910,4.1237,3.9649,0,33.973,33.471,0.502,13.052,1
IR007_0,inner_race,0,IE,512,10,1711,7.0134,-0.4236,0,33.973,31.001,2.972,3.881,1
IR007_0,inner_race,0,VW,512,10,1711,7.0134,-0.4811,0,33.973,22.563,11.41,58.109,1
IR007_0,inner_race,0,DROP,512,10,1711,7.0134,-2.0728,0,33.973,20.421,13.552,98.513,1
IR007_0,inner_race,0,IE_ORACLE,512,10,1711,7.0134,0.1474,0,33.973,32.426,1.547,6.344,1
IR007_0,inner_race,0,LTTB,512,10,1711,7.0134,-1.9317,0,33.973,23.436,10.537,80.911,1
IR007_0,inner_race,0,SDT,512,10,1710,7.0175,1.1763,0,33.973,31.343,2.63,13.52,1
IR007_0,inner_race,0,SDT_BOUNDED,512,10,1710,7.0175,1.1763,0,33.973,31.343,2.63,13.52,1
IR007_0,inner_race,0,IE,512,20,1111,10.8011,-2.3126,0,33.973,29.154,4.819,24.035,1
IR007_0,inner_race,0,VW,512,20,1111,10.8011,-1.5465,0,33.973,19.184,14.789,80.388,1
IR007_0,inner_race,0,DROP,512,20,1111,10.8011,-2.0052,0,33.973,17.53,16.443,99.562,1
IR007_0,inner_race,0,IE_ORACLE,512,20,1111,10.8011,-1.9658,0,33.973,30.989,2.984,12.814,1
IR007_0,inner_race,0,LTTB,512,20,1111,10.8011,-2.6795,0,33.973,21.259,12.714,89.148,1
IR007_0,inner_race,0,SDT,512,20,1112,10.7914,-0.0183,0,33.973,28.778,5.195,36.864,1
IR007_0,inner_race,0,SDT_BOUNDED,512,20,1109,10.8206,-0.0181,0,33.973,28.715,5.258,37.006,1
IR007_0,inner_race,0,IE,512,50,751,15.9787,-3.8601,0,33.973,28.226,5.747,39.88,1
IR007_0,inner_race,0,VW,512,50,751,15.9787,-2.4011,0,33.973,17.012,16.961,88.768,1
IR007_0,inner_race,0,DROP,512,50,751,15.9787,-2.2773,0,33.973,9.355,24.618,99.88,1
IR007_0,inner_race,0,IE_ORACLE,512,50,751,15.9787,-3.9119,0,33.973,29.021,4.952,29.726,1
IR007_0,inner_race,0,LTTB,512,50,751,15.9787,-3.5034,0,33.973,20.527,13.446,92.644,1
IR007_0,inner_race,0,SDT,512,50,752,15.9574,-0.9797,0,33.973,26.695,7.278,57.027,1
IR007_0,inner_race,0,SDT_BOUNDED,512,50,752,15.9574,-0.9797,0,33.973,26.695,7.278,57.027,1
IR007_1,inner_race,1,IE,128,5,2527,4.7487,2.7047,0,33.665,31.579,2.086,14.357,1
IR007_1,inner_race,1,VW,128,5,2527,4.7487,1.9064,0,33.665,29.758,3.907,18.451,1
IR007_1,inner_race,1,DROP,128,5,2527,4.7487,-1.2931,0,33.665,21.344,12.321,93.92,1
IR007_1,inner_race,1,IE_ORACLE,128,5,2527,4.7487,2.923,0,33.665,33.153,0.512,14.942,1
IR007_1,inner_race,1,LTTB,128,5,2527,4.7487,-0.5683,0,33.665,26.435,7.23,68.686,1
IR007_1,inner_race,1,SDT,128,5,2528,4.7468,3.2032,0,33.665,32.151,1.514,10.765,1
IR007_1,inner_race,1,SDT_BOUNDED,128,5,2516,4.7695,3.1159,0,33.665,32.022,1.643,10.548,1
IR007_1,inner_race,1,IE,128,10,1327,9.043,-1.1981,0,33.665,31.575,2.09,12.02,1
IR007_1,inner_race,1,VW,128,10,1327,9.043,-1.1476,0,33.665,22.243,11.422,67.978,1
IR007_1,inner_race,1,DROP,128,10,1327,9.043,-2.2172,0,33.665,21.466,12.199,98.405,1
IR007_1,inner_race,1,IE_ORACLE,128,10,1327,9.043,-1.3776,0,33.665,32.033,1.632,7.094,1
IR007_1,inner_race,1,LTTB,128,10,1327,9.043,-2.1654,0,33.665,20.074,13.591,87.869,1
IR007_1,inner_race,1,SDT,128,10,1328,9.0361,0.4457,0,33.665,29.403,4.262,28.813,1
IR007_1,inner_race,1,SDT_BOUNDED,128,10,1317,9.1116,0.4111,0,33.665,29.054,4.611,29.099,1
IR007_1,inner_race,1,IE,128,20,727,16.5062,-3.8262,0,33.665,27.561,6.104,43.771,1
IR007_1,inner_race,1,VW,128,20,727,16.5062,-2.501,0,33.665,16.729,16.936,92.739,1
IR007_1,inner_race,1,DROP,128,20,727,16.5062,-2.3026,0,33.665,18.573,15.092,99.487,1
IR007_1,inner_race,1,IE_ORACLE,128,20,727,16.5062,-4.3668,0,33.665,28.609,5.056,32.842,1
IR007_1,inner_race,1,LTTB,128,20,727,16.5062,-3.7324,0,33.665,20.693,12.972,89.229,1
IR007_1,inner_race,1,SDT,128,20,728,16.4835,-0.9675,0,33.665,26.654,7.011,54.705,1
IR007_1,inner_race,1,SDT_BOUNDED,128,20,722,16.6205,-1.1102,0,33.665,26.259,7.406,55.019,1
IR007_1,inner_race,1,IE,128,50,367,32.6975,-6.8309,0,33.665,23.712,9.953,65.681,1
IR007_1,inner_race,1,VW,128,50,367,32.6975,-3.1036,0,33.665,13.637,20.028,96.87,1
IR007_1,inner_race,1,DROP,128,50,367,32.6975,-2.437,0,33.665,12.339,21.326,99.935,1
IR007_1,inner_race,1,IE_ORACLE,128,50,367,32.6975,-6.724,0,33.665,25.951,7.714,58.776,1
IR007_1,inner_race,1,LTTB,128,50,367,32.6975,-5.5664,0,33.665,16.004,17.661,95.12,1
IR007_1,inner_race,1,SDT,128,50,367,32.6975,-2.1327,0,33.665,18.422,15.243,81.031,1
IR007_1,inner_race,1,SDT_BOUNDED,128,50,367,32.6975,-2.1327,0,33.665,18.422,15.243,81.031,1
IR007_1,inner_race,1,IE,256,5,2655,4.5198,2.8636,0,33.665,31.654,2.011,14.836,1
IR007_1,inner_race,1,VW,256,5,2655,4.5198,2.107,0,33.665,29.175,4.49,18.122,1
IR007_1,inner_race,1,DROP,256,5,2655,4.5198,-1.2517,0,33.665,20.166,13.499,94.175,1
IR007_1,inner_race,1,IE_ORACLE,256,5,2655,4.5198,3.3922,0,33.665,32.22,1.445,15.123,1
IR007_1,inner_race,1,LTTB,256,5,2655,4.5198,-0.3807,0,33.665,27.743,5.922,65.859,1
IR007_1,inner_race,1,SDT,256,5,2654,4.5215,3.6478,0,33.665,33.106,0.559,13.644,1
IR007_1,inner_race,1,SDT_BOUNDED,256,5,2644,4.5386,3.5448,0,33.665,32.651,1.014,13.218,1
IR007_1,inner_race,1,IE,256,10,1455,8.2474,-0.8233,0,33.665,31.397,2.268,9.955,1
IR007_1,inner_race,1,VW,256,10,1455,8.2474,-0.9069,0,33.665,23.011,10.654,65.167,1
IR007_1,inner_race,1,DROP,256,10,1455,8.2474,-2.2657,0,33.665,22.149,11.516,98.501,1
IR007_1,inner_race,1,IE_ORACLE,256,10,1455,8.2474,-0.6636,0,33.665,31.725,1.94,1.149,1
IR007_1,inner_race,1,LTTB,256,10,1455,8.2474,-2.1413,0,33.665,21.851,11.814,86.274,1
IR007_1,inner_race,1,SDT,256,10,1455,8.2474,0.7203,0,33.665,29.614,4.051,24.69,1
IR007_1,inner_race,1,SDT_BOUNDED,256,10,1447,8.293,0.6773,0,33.665,29.728,3.937,25.081,1
IR007_1,inner_race,1,IE,256,20,855,14.0351,-3.6606,0,33.665,28.531,5.134,38.365,1
IR007_1,inner_race,1,VW,256,20,855,14.0351,-2.16,0,33.665,18.239,15.426,90.002,1
IR007_1,inner_race,1,DROP,256,20,855,14.0351,-2.1541,0,33.665,17.924,15.741,99.544,1
IR007_1,inner_race,1,IE_ORACLE,256,20,855,14.0351,-3.5394,0,33.665,29.466,4.199,26.867,1
IR007_1,inner_race,1,LTTB,256,20,855,14.0351,-3.2339,0,33.665,21.027,12.638,89.65,1
IR007_1,inner_race,1,SDT,256,20,856,14.0187,-0.5566,0,33.665,26.831,6.834,45.97,1
IR007_1,inner_race,1,SDT_BOUNDED,256,20,852,14.0845,-0.5909,0,33.665,26.944,6.721,46.12,1
IR007_1,inner_race,1,IE,256,50,495,24.2424,-6.0375,0,33.665,23.158,10.507,59.292,1
IR007_1,inner_race,1,VW,256,50,495,24.2424,-2.8105,0,33.665,14.51,19.155,94.573,1
IR007_1,inner_race,1,DROP,256,50,495,24.2424,-2.0817,0,33.665,12.244,21.421,99.937,1
IR007_1,inner_race,1,IE_ORACLE,256,50,495,24.2424,-6.3151,0,33.665,26.228,7.437,49.66,1
IR007_1,inner_race,1,LTTB,256,50,495,24.2424,-4.8265,0,33.665,18.074,15.591,93.455,1
IR007_1,inner_race,1,SDT,256,50,494,24.2915,-1.6969,0,33.665,21.681,11.984,71.817,1
IR007_1,inner_race,1,SDT_BOUNDED,256,50,494,24.2915,-1.6969,0,33.665,21.681,11.984,71.817,1
IR007_1,inner_race,1,IE,512,5,2911,4.1223,3.3848,0,33.665,31.756,1.909,15.342,1
IR007_1,inner_race,1,VW,512,5,2911,4.1223,2.5605,0,33.665,30.085,3.58,13.159,1
IR007_1,inner_race,1,DROP,512,5,2911,4.1223,-1.1459,0,33.665,21.158,12.507,94.129,1
IR007_1,inner_race,1,IE_ORACLE,512,5,2911,4.1223,4.1838,0,33.665,32.355,1.31,14.515,1
IR007_1,inner_race,1,LTTB,512,5,2911,4.1223,-0.0592,0,33.665,29.4,4.265,64.408,1
IR007_1,inner_race,1,SDT,512,5,2910,4.1237,4.206,0,33.665,33.493,0.172,16.844,1
IR007_1,inner_race,1,SDT_BOUNDED,512,5,2906,4.1294,4.1266,0,33.665,33.563,0.102,16.849,1
IR007_1,inner_race,1,IE,512,10,1711,7.0134,-0.4032,0,33.665,31.669,1.996,3.504,1
IR007_1,inner_race,1,VW,512,10,1711,7.0134,-0.4836,0,33.665,23.855,9.81,59.262,1
IR007_1,inner_race,1,DROP,512,10,1711,7.0134,-2.0723,0,33.665,20.162,13.503,98.505,1
IR007_1,inner_race,1,IE_ORACLE,512,10,1711,7.0134,0.5759,0,33.665,32.867,0.798,6.025,1
IR007_1,inner_race,1,LTTB,512,10,1711,7.0134,-1.9449,0,33.665,22.184,11.481,81.938,1
IR007_1,inner_race,1,SDT,512,10,1709,7.0217,1.3315,0,33.665,31.088,2.577,14.593,1
IR007_1,inner_race,1,SDT_BOUNDED,512,10,1707,7.0299,1.2997,0,33.665,31.109,2.556,15.211,1
IR007_1,inner_race,1,IE,512,20,1111,10.8011,-2.5582,0,33.665,29.804,3.861,25.976,1
IR007_1,inner_race,1,VW,512,20,1111,10.8011,-1.649,0,33.665,19.309,14.356,81.462,1
IR007_1,inner_race,1,DROP,512,20,1111,10.8011,-2.0448,0,33.665,17.238,16.427,99.569,1
IR007_1,inner_race,1,IE_ORACLE,512,20,1111,10.8011,-2.2637,0,33.665,31.634,2.031,16.072,1
IR007_1,inner_race,1,LTTB,512,20,1111,10.8011,-2.7436,0,33.665,21.523,12.142,87.795,1
IR007_1,inner_race,1,SDT,512,20,1111,10.8011,-0.1897,0,33.665,27.202,6.463,36.778,1
IR007_1,inner_race,1,SDT_BOUNDED,512,20,1111,10.8011,-0.1897,0,33.665,27.202,6.463,36.778,1
IR007_1,inner_race,1,IE,512,50,751,15.9787,-3.9576,0,33.665,26.6,7.065,40.217,1
IR007_1,inner_race,1,VW,512,50,751,15.9787,-2.4737,0,33.665,16.606,17.059,89.751,1
IR007_1,inner_race,1,DROP,512,50,751,15.9787,-1.9318,0,33.665,6.125,27.54,99.927,0
IR007_1,inner_race,1,IE_ORACLE,512,50,751,15.9787,-3.8538,0,33.665,28.879,4.786,31.397,1
IR007_1,inner_race,1,LTTB,512,50,751,15.9787,-3.694,0,33.665,19.84,13.825,90.51,1
IR007_1,inner_race,1,SDT,512,50,751,15.9787,-0.7752,0,33.665,25.939,7.726,53.808,1
IR007_1,inner_race,1,SDT_BOUNDED,512,50,751,15.9787,-0.7752,0,33.665,25.939,7.726,53.808,1
IR007_2,inner_race,2,IE,128,5,2527,4.7487,3.0112,0,33.82,32.568,1.252,12.953,1
IR007_2,inner_race,2,VW,128,5,2527,4.7487,2.034,0,33.82,30.634,3.186,15.624,1
IR007_2,inner_race,2,DROP,128,5,2527,4.7487,-1.2528,0,33.82,22.809,11.011,92.907,1
IR007_2,inner_race,2,IE_ORACLE,128,5,2527,4.7487,3.1231,0,33.82,32.661,1.159,15.369,1
IR007_2,inner_race,2,LTTB,128,5,2527,4.7487,-0.6191,0,33.82,26.143,7.677,70.808,1
IR007_2,inner_race,2,SDT,128,5,2527,4.7487,3.3984,0,33.82,34.029,-0.209,13.349,1
IR007_2,inner_race,2,SDT_BOUNDED,128,5,2506,4.7885,3.0994,0,33.82,33.801,0.019,12.868,1
IR007_2,inner_race,2,IE,128,10,1327,9.043,-1.1204,0,33.82,30.883,2.937,9.479,1
IR007_2,inner_race,2,VW,128,10,1327,9.043,-1.2689,0,33.82,22.824,10.996,66.988,1
IR007_2,inner_race,2,DROP,128,10,1327,9.043,-2.1916,0,33.82,21.658,12.162,98.759,1
IR007_2,inner_race,2,IE_ORACLE,128,10,1327,9.043,-1.3092,0,33.82,31.829,1.991,2.658,1
IR007_2,inner_race,2,LTTB,128,10,1327,9.043,-2.3087,0,33.82,20.636,13.184,87.586,1
IR007_2,inner_race,2,SDT,128,10,1328,9.0361,0.5063,0,33.82,29.666,4.154,24.734,1
IR007_2,inner_race,2,SDT_BOUNDED,128,10,1317,9.1116,0.4553,0,33.82,29.563,4.257,24.775,1
IR007_2,inner_race,2,IE,128,20,727,16.5062,-3.8411,0,33.82,28.477,5.343,37.113,1
IR007_2,inner_race,2,VW,128,20,727,16.5062,-2.3515,0,33.82,17.772,16.048,90.57,1
IR007_2,inner_race,2,DROP,128,20,727,16.5062,-2.1105,0,33.82,18.581,15.239,99.517,1
IR007_2,inner_race,2,IE_ORACLE,128,20,727,16.5062,-3.6727,0,33.82,30.882,2.938,29.032,1
IR007_2,inner_race,2,LTTB,128,20,727,16.5062,-3.5689,0,33.82,20.323,13.497,90.963,1
IR007_2,inner_race,2,SDT,128,20,728,16.4835,-0.7837,0,33.82,27.239,6.581,50.567,1
IR007_2,inner_race,2,SDT_BOUNDED,128,20,723,16.5975,-0.8921,0,33.82,27.041,6.779,50.909,1
IR007_2,inner_race,2,IE,128,50,367,32.6975,-6.6409,0,33.82,22.927,10.893,67.41,1
IR007_2,inner_race,2,VW,128,50,367,32.6975,-3.0718,0,33.82,12.614,21.206,97.812,1
IR007_2,inner_race,2,DROP,128,50,367,32.6975,-2.1603,0,33.82,12.043,21.777,99.947,1
IR007_2,inner_race,2,IE_ORACLE,128,50,367,32.6975,-6.5584,0,33.82,24.56,9.26,56.141,1
IR007_2,inner_race,2,LTTB,128,50,367,32.6975,-5.2283,0,33.82,18.849,14.971,95.212,1
IR007_2,inner_race,2,SDT,128,50,367,32.6975,-1.766,0,33.82,20.789,13.031,77.286,1
IR007_2,inner_race,2,SDT_BOUNDED,128,50,364,32.967,-1.7796,0,33.82,20.379,13.441,77.891,1
IR007_2,inner_race,2,IE,256,5,2655,4.5198,3.1406,0,33.82,33.328,0.492,13.217,1
IR007_2,inner_race,2,VW,256,5,2655,4.5198,2.2572,0,33.82,30.733,3.087,14.604,1
IR007_2,inner_race,2,DROP,256,5,2655,4.5198,-1.1767,0,33.82,22.316,11.504,93.299,1
IR007_2,inner_race,2,IE_ORACLE,256,5,2655,4.5198,3.4942,0,33.82,32.547,1.273,15.796,1
IR007_2,inner_race,2,LTTB,256,5,2655,4.5198,-0.3349,0,33.82,26.447,7.373,67.8,1
IR007_2,inner_race,2,SDT,256,5,2656,4.5181,3.7097,0,33.82,33.626,0.194,14.085,1
IR007_2,inner_race,2,SDT_BOUNDED,256,5,2635,4.5541,3.4817,0,33.82,33.778,0.042,13.967,1
IR007_2,inner_race,2,IE,256,10,1455,8.2474,-0.7367,0,33.82,31.273,2.547,8.781,1
IR007_2,inner_race,2,VW,256,10,1455,8.2474,-1.0133,0,33.82,23.317,10.503,62.812,1
IR007_2,inner_race,2,DROP,256,10,1455,8.2474,-2.1423,0,33.82,21.438,12.382,98.844,1
IR007_2,inner_race,2,IE_ORACLE,256,10,1455,8.2474,-0.6825,0,33.82,31.676,2.144,0.768,1
IR007_2,inner_race,2,LTTB,256,10,1455,8.2474,-2.299,0,33.82,22.16,11.66,85.823,1
IR007_2,inner_race,2,SDT,256,10,1454,8.2531,0.806,0,33.82,30.638,3.182,19.265,1
IR007_2,inner_race,2,SDT_BOUNDED,256,10,1446,8.2988,0.7449,0,33.82,30.601,3.219,19.706,1
IR007_2,inner_race,2,IE,256,20,855,14.0351,-3.4025,0,33.82,29.059,4.761,34.002,1
IR007_2,inner_race,2,VW,256,20,855,14.0351,-2.1794,0,33.82,18.832,14.988,89.004,1
IR007_2,inner_race,2,DROP,256,20,855,14.0351,-2.1104,0,33.82,19.487,14.333,99.474,1
IR007_2,inner_race,2,IE_ORACLE,256,20,855,14.0351,-3.3534,0,33.82,29.923,3.897,23.535,1
IR007_2,inner_race,2,LTTB,256,20,855,14.0351,-3.2163,0,33.82,20.03,13.79,90.473,1
IR007_2,inner_race,2,SDT,256,20,856,14.0187,-0.6169,0,33.82,27.361,6.459,43.679,1
IR007_2,inner_race,2,SDT_BOUNDED,256,20,850,14.1176,-0.7902,0,33.82,27.866,5.954,44.372,1
IR007_2,inner_race,2,IE,256,50,495,24.2424,-5.6692,0,33.82,24.711,9.109,56.018,1
IR007_2,inner_race,2,VW,256,50,495,24.2424,-2.8379,0,33.82,15.865,17.955,94.953,1
IR007_2,inner_race,2,DROP,256,50,495,24.2424,-2.357,0,33.82,9.202,24.618,99.957,1
IR007_2,inner_race,2,IE_ORACLE,256,50,495,24.2424,-6.3301,0,33.82,27.543,6.277,43.719,1
IR007_2,inner_race,2,LTTB,256,50,495,24.2424,-4.7856,0,33.82,19.45,14.37,92.126,1
IR007_2,inner_race,2,SDT,256,50,496,24.1935,-1.4342,0,33.82,23.456,10.364,67.524,1
IR007_2,inner_race,2,SDT_BOUNDED,256,50,494,24.2915,-1.4687,0,33.82,23.61,10.21,67.607,1
IR007_2,inner_race,2,IE,512,5,2911,4.1223,3.5781,0,33.82,33.472,0.348,14.123,1
IR007_2,inner_race,2,VW,512,5,2911,4.1223,2.5486,0,33.82,30.161,3.659,13.832,1
IR007_2,inner_race,2,DROP,512,5,2911,4.1223,-1.0914,0,33.82,22.959,10.861,93.317,1
IR007_2,inner_race,2,IE_ORACLE,512,5,2911,4.1223,4.1972,0,33.82,32.668,1.152,15.426,1
IR007_2,inner_race,2,LTTB,512,5,2911,4.1223,-0.0456,0,33.82,28.847,4.973,65.736,1
IR007_2,inner_race,2,SDT,512,5,2911,4.1223,4.1656,0,33.82,32.888,0.932,17.577,1
IR007_2,inner_race,2,SDT_BOUNDED,512,5,2895,4.1451,3.986,0,33.82,32.447,1.373,17.396,1
IR007_2,inner_race,2,IE,512,10,1711,7.0134,-0.1801,0,33.82,31.387,2.433,5.618,1
IR007_2,inner_race,2,VW,512,10,1711,7.0134,-0.5862,0,33.82,22.901,10.919,56.379,1
IR007_2,inner_race,2,DROP,512,10,1711,7.0134,-2.1641,0,33.82,23.484,10.336,98.435,1
IR007_2,inner_race,2,IE_ORACLE,512,10,1711,7.0134,0.5044,0,33.82,32.581,1.239,7.157,1
IR007_2,inner_race,2,LTTB,512,10,1711,7.0134,-2.0042,0,33.82,22.047,11.773,82.772,1
IR007_2,inner_race,2,SDT,512,10,1710,7.0175,1.3614,0,33.82,30.583,3.237,11.456,1
IR007_2,inner_race,2,SDT_BOUNDED,512,10,1702,7.0505,1.2585,0,33.82,29.714,4.106,12.322,1
IR007_2,inner_race,2,IE,512,20,1111,10.8011,-2.5409,0,33.82,29.901,3.919,25.561,1
IR007_2,inner_race,2,VW,512,20,1111,10.8011,-1.6414,0,33.82,21.24,12.58,74.709,1
IR007_2,inner_race,2,DROP,512,20,1111,10.8011,-2.2175,0,33.82,19.891,13.929,99.38,1
IR007_2,inner_race,2,IE_ORACLE,512,20,1111,10.8011,-2.2851,0,33.82,30.546,3.274,11.735,1
IR007_2,inner_race,2,LTTB,512,20,1111,10.8011,-2.7831,0,33.82,21.06,12.76,89.529,1
IR007_2,inner_race,2,SDT,512,20,1111,10.8011,0.12,0,33.82,29.41,4.41,33.296,1
IR007_2,inner_race,2,SDT_BOUNDED,512,20,1109,10.8206,0.0901,0,33.82,28.167,5.653,34.378,1
IR007_2,inner_race,2,IE,512,50,751,15.9787,-4.057,0,33.82,27.8,6.02,35.192,1
IR007_2,inner_race,2,VW,512,50,751,15.9787,-2.459,0,33.82,17.797,16.023,88.864,1
IR007_2,inner_race,2,DROP,512,50,751,15.9787,-1.862,0,33.82,10.586,23.234,99.909,1
IR007_2,inner_race,2,IE_ORACLE,512,50,751,15.9787,-3.7654,0,33.82,30.046,3.774,27.639,1
IR007_2,inner_race,2,LTTB,512,50,751,15.9787,-3.6413,0,33.82,20.2,13.62,90.018,1
IR007_2,inner_race,2,SDT,512,50,751,15.9787,-0.7326,0,33.82,27.222,6.598,49.669,1
IR007_2,inner_race,2,SDT_BOUNDED,512,50,751,15.9787,-0.7326,0,33.82,27.222,6.598,49.669,1
IR007_3,inner_race,3,IE,128,5,2527,4.7487,2.413,0,34.836,33.765,1.071,9.676,1
IR007_3,inner_race,3,VW,128,5,2527,4.7487,1.5846,0,34.836,29.5,5.336,23.842,1
IR007_3,inner_race,3,DROP,128,5,2527,4.7487,-0.9787,0,34.836,23.411,11.425,93.217,1
IR007_3,inner_race,3,IE_ORACLE,128,5,2527,4.7487,2.498,0,34.836,34.281,0.555,9.759,1
IR007_3,inner_race,3,LTTB,128,5,2527,4.7487,-0.5227,0,34.836,26.266,8.57,73.566,1
IR007_3,inner_race,3,SDT,128,5,2528,4.7468,3.1873,0,34.836,34.6,0.236,9.582,1
IR007_3,inner_race,3,SDT_BOUNDED,128,5,2509,4.7828,3.023,0,34.836,33.457,1.379,7.585,1
IR007_3,inner_race,3,IE,128,10,1327,9.043,-1.7761,0,34.836,32.852,1.984,12.159,1
IR007_3,inner_race,3,VW,128,10,1327,9.043,-1.2414,0,34.836,22.695,12.141,71.843,1
IR007_3,inner_race,3,DROP,128,10,1327,9.043,-2.2254,0,34.836,19.209,15.627,99.149,1
IR007_3,inner_race,3,IE_ORACLE,128,10,1327,9.043,-1.44,0,34.836,33.809,1.027,6.357,1
IR007_3,inner_race,3,LTTB,128,10,1327,9.043,-2.2231,0,34.836,21.851,12.985,88.802,1
IR007_3,inner_race,3,SDT,128,10,1327,9.043,0.3974,0,34.836,30.803,4.033,26.608,1
IR007_3,inner_race,3,SDT_BOUNDED,128,10,1312,9.1463,0.3251,0,34.836,29.979,4.857,27.509,1
IR007_3,inner_race,3,IE,128,20,727,16.5062,-4.2787,0,34.836,27.944,6.892,43.408,1
IR007_3,inner_race,3,VW,128,20,727,16.5062,-2.3207,0,34.836,18.301,16.535,91.696,1
IR007_3,inner_race,3,DROP,128,20,727,16.5062,-2.2111,0,34.836,13.395,21.441,99.785,1
IR007_3,inner_race,3,IE_ORACLE,128,20,727,16.5062,-4.5968,0,34.836,29.349,5.487,34.544,1
IR007_3,inner_race,3,LTTB,128,20,727,16.5062,-3.6296,0,34.836,22.265,12.571,90.02,1
IR007_3,inner_race,3,SDT,128,20,729,16.4609,-0.7379,0,34.836,28.328,6.508,57.149,1
IR007_3,inner_race,3,SDT_BOUNDED,128,20,718,16.7131,-1.1234,0,34.836,29.032,5.804,57.891,1
IR007_3,inner_race,3,IE,128,50,367,32.6975,-6.4954,0,34.836,23.974,10.862,68.949,1
IR007_3,inner_race,3,VW,128,50,367,32.6975,-3.19,0,34.836,14.854,19.982,97.034,1
IR007_3,inner_race,3,DROP,128,50,367,32.6975,-1.9754,0,34.836,10.635,24.201,99.967,1
IR007_3,inner_race,3,IE_ORACLE,128,50,367,32.6975,-6.5706,0,34.836,27.717,7.119,57.277,1
IR007_3,inner_race,3,LTTB,128,50,367,32.6975,-4.9972,0,34.836,17.487,17.349,96.075,1
IR007_3,inner_race,3,SDT,128,50,368,32.6087,-1.4906,0,34.836,19.484,15.352,81.195,1
IR007_3,inner_race,3,SDT_BOUNDED,128,50,364,32.967,-1.4963,0,34.836,19.503,15.333,81.231,1
IR007_3,inner_race,3,IE,256,5,2655,4.5198,2.5147,0,34.836,33.949,0.887,10.015,1
IR007_3,inner_race,3,VW,256,5,2655,4.5198,1.8503,0,34.836,29.625,5.211,22.598,1
IR007_3,inner_race,3,DROP,256,5,2655,4.5198,-0.9584,0,34.836,22.819,12.017,93.561,1
IR007_3,inner_race,3,IE_ORACLE,256,5,2655,4.5198,2.9385,0,34.836,34.108,0.728,9.655,1
IR007_3,inner_race,3,LTTB,256,5,2655,4.5198,-0.4697,0,34.836,26.835,8.001,73.668,1
IR007_3,inner_race,3,SDT,256,5,2656,4.5181,3.4039,0,34.836,34.721,0.115,11.801,1
IR007_3,inner_race,3,SDT_BOUNDED,256,5,2643,4.5403,3.0986,0,34.836,34.547,0.289,11.652,1
IR007_3,inner_race,3,IE,256,10,1455,8.2474,-1.3927,0,34.836,32.815,2.021,10.891,1
IR007_3,inner_race,3,VW,256,10,1455,8.2474,-1.0222,0,34.836,23.132,11.704,70.317,1
IR007_3,inner_race,3,DROP,256,10,1455,8.2474,-2.2208,0,34.836,19.275,15.561,99.108,1
IR007_3,inner_race,3,IE_ORACLE,256,10,1455,8.2474,-0.6978,0,34.836,32.819,2.017,2.989,1
IR007_3,inner_race,3,LTTB,256,10,1455,8.2474,-2.193,0,34.836,22.06,12.776,86.127,1
IR007_3,inner_race,3,SDT,256,10,1455,8.2474,0.7283,0,34.836,30.582,4.254,21.61,1
IR007_3,inner_race,3,SDT_BOUNDED,256,10,1444,8.3102,0.6526,0,34.836,30.27,4.566,22.009,1
IR007_3,inner_race,3,IE,256,20,855,14.0351,-4.071,0,34.836,29.024,5.812,38.192,1
IR007_3,inner_race,3,VW,256,20,855,14.0351,-2.0323,0,34.836,20.118,14.718,88.252,1
IR007_3,inner_race,3,DROP,256,20,855,14.0351,-2.323,0,34.836,16.224,18.612,99.745,1
IR007_3,inner_race,3,IE_ORACLE,256,20,855,14.0351,-3.8623,0,34.836,29.933,4.903,26.517,1
IR007_3,inner_race,3,LTTB,256,20,855,14.0351,-3.2734,0,34.836,21.766,13.07,90.229,1
IR007_3,inner_race,3,SDT,256,20,858,13.986,-0.7201,0,34.836,27.866,6.97,51.14,1
IR007_3,inner_race,3,SDT_BOUNDED,256,20,851,14.1011,-0.8059,0,34.836,27.943,6.893,51.698,1
IR007_3,inner_race,3,IE,256,50,495,24.2424,-5.4398,0,34.836,25.908,8.928,59.675,1
IR007_3,inner_race,3,VW,256,50,495,24.2424,-2.9831,0,34.836,17.209,17.627,95.871,1
IR007_3,inner_race,3,DROP,256,50,495,24.2424,-2.0237,0,34.836,9.819,25.017,99.96,1
IR007_3,inner_race,3,IE_ORACLE,256,50,495,24.2424,-6.1645,0,34.836,28.621,6.215,48.159,1
IR007_3,inner_race,3,LTTB,256,50,495,24.2424,-4.5812,0,34.836,20.758,14.078,93.741,1
IR007_3,inner_race,3,SDT,256,50,495,24.2424,-1.0837,0,34.836,22.23,12.606,70.503,1
IR007_3,inner_race,3,SDT_BOUNDED,256,50,492,24.3902,-1.0606,0,34.836,22.115,12.721,71.244,1
IR007_3,inner_race,3,IE,512,5,2911,4.1223,3.0876,0,34.836,33.485,1.351,10.731,1
IR007_3,inner_race,3,VW,512,5,2911,4.1223,2.3234,0,34.836,29.611,5.225,18.727,1
IR007_3,inner_race,3,DROP,512,5,2911,4.1223,-0.9247,0,34.836,25.125,9.711,91.664,1
IR007_3,inner_race,3,IE_ORACLE,512,5,2911,4.1223,3.6113,0,34.836,33.636,1.2,10.37,1
IR007_3,inner_race,3,LTTB,512,5,2911,4.1223,-0.0898,0,34.836,29.054,5.782,70.256,1
IR007_3,inner_race,3,SDT,512,5,2912,4.1209,3.8701,0,34.836,34.756,0.08,14.416,1
IR007_3,inner_race,3,SDT_BOUNDED,512,5,2898,4.1408,3.8262,0,34.836,34.632,0.204,13.987,1
IR007_3,inner_race,3,IE,512,10,1711,7.0134,-0.6129,0,34.836,32.714,2.122,4.808,1
IR007_3,inner_race,3,VW,512,10,1711,7.0134,-0.5094,0,34.836,23.957,10.879,61.401,1
IR007_3,inner_race,3,DROP,512,10,1711,7.0134,-2.2987,0,34.836,20.262,14.574,99.049,1
IR007_3,inner_race,3,IE_ORACLE,512,10,1711,7.0134,0.2233,0,34.836,33.52,1.316,2.191,1
IR007_3,inner_race,3,LTTB,512,10,1711,7.0134,-1.8492,0,34.836,22.083,12.753,85.767,1
IR007_3,inner_race,3,SDT,512,10,1711,7.0134,1.4408,0,34.836,31.542,3.294,10.395,1
IR007_3,inner_race,3,SDT_BOUNDED,512,10,1703,7.0464,1.4116,0,34.836,31.221,3.615,11.013,1
IR007_3,inner_race,3,IE,512,20,1111,10.8011,-3.4715,0,34.836,30.12,4.716,25.574,1
IR007_3,inner_race,3,VW,512,20,1111,10.8011,-1.6238,0,34.836,21.294,13.542,79.449,1
IR007_3,inner_race,3,DROP,512,20,1111,10.8011,-2.2455,0,34.836,18.244,16.592,99.63,1
IR007_3,inner_race,3,IE_ORACLE,512,20,1111,10.8011,-2.817,0,34.836,31.522,3.314,13.635,1
IR007_3,inner_race,3,LTTB,512,20,1111,10.8011,-2.5881,0,34.836,22.572,12.264,89.9,1
IR007_3,inner_race,3,SDT,512,20,1110,10.8108,-0.1233,0,34.836,28.862,5.974,35.948,1
IR007_3,inner_race,3,SDT_BOUNDED,512,20,1110,10.8108,-0.1233,0,34.836,28.862,5.974,35.948,1
IR007_3,inner_race,3,IE,512,50,751,15.9787,-4.7272,0,34.836,28.956,5.88,39.644,1
IR007_3,inner_race,3,VW,512,50,751,15.9787,-2.2665,0,34.836,19.356,15.48,90.096,1
IR007_3,inner_race,3,DROP,512,50,751,15.9787,-1.999,0,34.836,11.079,23.757,99.901,1
IR007_3,inner_race,3,IE_ORACLE,512,50,751,15.9787,-4.4077,0,34.836,29.125,5.711,33.273,1
IR007_3,inner_race,3,LTTB,512,50,751,15.9787,-3.6208,0,34.836,22.833,12.003,92.129,1
IR007_3,inner_race,3,SDT,512,50,752,15.9574,-0.9636,0,34.836,27.599,7.237,57.041,1
IR007_3,inner_race,3,SDT_BOUNDED,512,50,752,15.9574,-0.9636,0,34.836,27.599,7.237,57.041,1
B007_0,ball,0,IE,128,5,2527,4.7487,0.603,0,7.582,7.644,-0.062,12.156,0
B007_0,ball,0,VW,128,5,2527,4.7487,0.0676,0,7.582,3.318,4.264,58.611,0
B007_0,ball,0,DROP,128,5,2527,4.7487,-1.1398,0,7.582,7.218,0.364,92.404,1
B007_0,ball,0,IE_ORACLE,128,5,2527,4.7487,0.7062,0,7.582,6.604,0.978,19.537,0
B007_0,ball,0,LTTB,128,5,2527,4.7487,-0.8953,0,7.582,8.181,-0.599,82.595,0
B007_0,ball,0,SDT,128,5,2524,4.7544,1.3117,0,7.582,7.72,-0.138,16.975,0
B007_0,ball,0,SDT_BOUNDED,128,5,2453,4.892,1.0408,0,7.582,7.475,0.107,13.744,0
B007_0,ball,0,IE,128,10,1327,9.043,-1.9399,0,7.582,4.838,2.744,29.219,0
B007_0,ball,0,VW,128,10,1327,9.043,-1.7004,0,7.582,5.943,1.639,81.482,0
B007_0,ball,0,DROP,128,10,1327,9.043,-1.9947,0,7.582,3.397,4.185,98.443,0
B007_0,ball,0,IE_ORACLE,128,10,1327,9.043,-2.3488,0,7.582,6.956,0.626,2.527,0
B007_0,ball,0,LTTB,128,10,1327,9.043,-1.9144,0,7.582,2.376,5.206,90.021,0
B007_0,ball,0,SDT,128,10,1330,9.0226,-0.0714,0,7.582,2.621,4.961,52.414,0
B007_0,ball,0,SDT_BOUNDED,128,10,1285,9.3385,-0.214,0,7.582,3.263,4.319,52.199,0
B007_0,ball,0,IE,128,20,727,16.5062,-3.6719,0,7.582,3.549,4.033,57.965,0
B007_0,ball,0,VW,128,20,727,16.5062,-2.3408,0,7.582,5.73,1.852,88.594,0
B007_0,ball,0,DROP,128,20,727,16.5062,-1.7523,0,7.582,5.594,1.988,98.864,0
B007_0,ball,0,IE_ORACLE,128,20,727,16.5062,-3.48,0,7.582,4.495,3.087,43.343,0
B007_0,ball,0,LTTB,128,20,727,16.5062,-2.6987,0,7.582,1.539,6.043,95.043,0
B007_0,ball,0,SDT,128,20,727,16.5062,-0.6275,0,7.582,6.089,1.493,55.533,0
B007_0,ball,0,SDT_BOUNDED,128,20,706,16.9972,-0.7366,0,7.582,5.97,1.612,57.463,0
B007_0,ball,0,IE,128,50,367,32.6975,-4.9841,0,7.582,2.651,4.931,73.794,0
B007_0,ball,0,VW,128,50,367,32.6975,-3.1369,0,7.582,0.339,7.243,96.023,0
B007_0,ball,0,DROP,128,50,367,32.6975,-2.1004,0,7.582,2.555,5.027,99.876,0
B007_0,ball,0,IE_ORACLE,128,50,367,32.6975,-5.3278,0,7.582,3.585,3.997,64.894,0
B007_0,ball,0,LTTB,128,50,367,32.6975,-3.4497,0,7.582,7.892,-0.31,91.212,1
B007_0,ball,0,SDT,128,50,367,32.6975,-0.9031,0,7.582,4.022,3.56,82.223,0
B007_0,ball,0,SDT_BOUNDED,128,50,356,33.7079,-1.1077,0,7.582,4.447,3.135,81.233,0
B007_0,ball,0,IE,256,5,2655,4.5198,0.7078,0,7.582,7.395,0.187,18.88,0
B007_0,ball,0,VW,256,5,2655,4.5198,0.224,0,7.582,1.638,5.944,64.302,0
B007_0,ball,0,DROP,256,5,2655,4.5198,-1.0806,0,7.582,7.981,-0.399,92.069,1
B007_0,ball,0,IE_ORACLE,256,5,2655,4.5198,1.0622,0,7.582,7.64,-0.058,27.524,0
B007_0,ball,0,LTTB,256,5,2655,4.5198,-0.7313,0,7.582,8.717,-1.135,77.138,0
B007_0,ball,0,SDT,256,5,2656,4.5181,1.586,0,7.582,7.025,0.557,11.435,0
B007_0,ball,0,SDT_BOUNDED,256,5,2622,4.5767,1.4486,0,7.582,7.311,0.271,14.568,0
B007_0,ball,0,IE,256,10,1455,8.2474,-1.7957,0,7.582,5.257,2.325,27.898,0
B007_0,ball,0,VW,256,10,1455,8.2474,-1.541,0,7.582,4.781,2.801,79.636,0
B007_0,ball,0,DROP,256,10,1455,8.2474,-1.9153,0,7.582,9.493,-1.911,97.305,0
B007_0,ball,0,IE_ORACLE,256,10,1455,8.2474,-1.7027,0,7.582,6.494,1.088,5.051,0
B007_0,ball,0,LTTB,256,10,1455,8.2474,-1.8101,0,7.582,3.85,3.732,88.73,0
B007_0,ball,0,SDT,256,10,1455,8.2474,0.0908,0,7.582,3.774,3.808,43.676,0
B007_0,ball,0,SDT_BOUNDED,256,10,1423,8.4329,0.0328,0,7.582,4.053,3.529,44.041,0
B007_0,ball,0,IE,256,20,855,14.0351,-3.1761,0,7.582,1.556,6.026,64.088,0
B007_0,ball,0,VW,256,20,855,14.0351,-2.1856,0,7.582,7.872,-0.29,85.687,0
B007_0,ball,0,DROP,256,20,855,14.0351,-1.884,0,7.582,4.758,2.824,98.979,0
B007_0,ball,0,IE_ORACLE,256,20,855,14.0351,-3.3499,0,7.582,4.516,3.066,34.903,0
B007_0,ball,0,LTTB,256,20,855,14.0351,-2.5222,0,7.582,0.325,7.257,95.146,0
B007_0,ball,0,SDT,256,20,854,14.0515,-0.4507,0,7.582,3.888,3.694,59.881,0
B007_0,ball,0,SDT_BOUNDED,256,20,838,14.3198,-0.4313,0,7.582,3.153,4.429,63.5,0
B007_0,ball,0,IE,256,50,495,24.2424,-4.3085,0,7.582,1.281,6.301,72.17,0
B007_0,ball,0,VW,256,50,495,24.2424,-2.8453,0,7.582,4.633,2.949,94.46,0
B007_0,ball,0,DROP,256,50,495,24.2424,-2.4308,0,7.582,6.954,0.628,99.801,1
B007_0,ball,0,IE_ORACLE,256,50,495,24.2424,-4.7717,0,7.582,4.941,2.641,50.336,0
B007_0,ball,0,LTTB,256,50,495,24.2424,-3.1692,0,7.582,4.522,3.06,94.624,0
B007_0,ball,0,SDT,256,50,496,24.1935,-0.8876,0,7.582,6.053,1.529,68.23,0
B007_0,ball,0,SDT_BOUNDED,256,50,496,24.1935,-0.8876,0,7.582,6.053,1.529,68.23,0
B007_0,ball,0,IE,512,5,2911,4.1223,1.0772,0,7.582,8.039,-0.457,24.605,0
B007_0,ball,0,VW,512,5,2911,4.1223,0.5151,0,7.582,2.485,5.097,58.379,0
B007_0,ball,0,DROP,512,5,2911,4.1223,-0.9419,0,7.582,5.807,1.775,93.682,0
B007_0,ball,0,IE_ORACLE,512,5,2911,4.1223,1.4785,0,7.582,8.0,-0.418,23.725,0
B007_0,ball,0,LTTB,512,5,2911,4.1223,-0.3504,0,7.582,8.226,-0.644,73.716,0
B007_0,ball,0,SDT,512,5,2911,4.1223,1.9445,0,7.582,7.028,0.554,20.898,0
B007_0,ball,0,SDT_BOUNDED,512,5,2891,4.1508,1.8374,0,7.582,7.162,0.42,23.879,0
B007_0,ball,0,IE,512,10,1711,7.0134,-1.1496,0,7.582,5.723,1.859,11.46,0
B007_0,ball,0,VW,512,10,1711,7.0134,-1.2606,0,7.582,7.98,-0.398,62.969,0
B007_0,ball,0,DROP,512,10,1711,7.0134,-1.8135,0,7.582,8.838,-1.256,97.081,0
B007_0,ball,0,IE_ORACLE,512,10,1711,7.0134,-1.1936,0,7.582,6.828,0.754,5.02,0
B007_0,ball,0,LTTB,512,10,1711,7.0134,-1.6453,0,7.582,3.149,4.433,89.607,0
B007_0,ball,0,SDT,512,10,1713,7.0053,0.33,0,7.582,5.859,1.723,22.651,0
B007_0,ball,0,SDT_BOUNDED,512,10,1694,7.0838,0.3004,0,7.582,5.822,1.76,26.398,0
B007_0,ball,0,IE,512,20,1111,10.8011,-2.7495,0,7.582,3.155,4.427,48.276,0
B007_0,ball,0,VW,512,20,1111,10.8011,-1.9751,0,7.582,2.474,5.108,87.394,0
B007_0,ball,0,DROP,512,20,1111,10.8011,-1.7267,0,7.582,8.995,-1.413,98.436,0
B007_0,ball,0,IE_ORACLE,512,20,1111,10.8011,-2.6943,0,7.582,5.509,2.073,16.853,0
B007_0,ball,0,LTTB,512,20,1111,10.8011,-2.1534,0,7.582,5.644,1.938,86.178,0
B007_0,ball,0,SDT,512,20,1108,10.8303,-0.2793,0,7.582,4.208,3.374,50.725,0
B007_0,ball,0,SDT_BOUNDED,512,20,1108,10.8303,-0.2793,0,7.582,4.208,3.374,50.725,0
B007_0,ball,0,IE,512,50,751,15.9787,-3.7113,0,7.582,1.676,5.906,60.214,0
B007_0,ball,0,VW,512,50,751,15.9787,-2.5489,0,7.582,5.361,2.221,87.465,0
B007_0,ball,0,DROP,512,50,751,15.9787,-2.1935,0,7.582,4.511,3.071,99.639,0
B007_0,ball,0,IE_ORACLE,512,50,751,15.9787,-3.5815,0,7.582,5.144,2.438,41.744,0
B007_0,ball,0,LTTB,512,50,751,15.9787,-2.695,0,7.582,5.887,1.695,90.31,0
B007_0,ball,0,SDT,512,50,750,16.0,-0.6144,0,7.582,6.58,1.002,55.634,0
B007_0,ball,0,SDT_BOUNDED,512,50,750,16.0,-0.6144,0,7.582,6.58,1.002,55.634,0
B007_1,ball,1,IE,128,5,2527,4.7487,0.3777,0,6.626,7.698,-1.072,30.951,1
B007_1,ball,1,VW,128,5,2527,4.7487,-0.1756,0,6.626,7.891,-1.265,2.987,1
B007_1,ball,1,DROP,128,5,2527,4.7487,-1.2143,0,6.626,5.505,1.121,92.747,0
B007_1,ball,1,IE_ORACLE,128,5,2527,4.7487,0.6092,0,6.626,6.746,-0.12,28.189,1
B007_1,ball,1,LTTB,128,5,2527,4.7487,-1.0551,0,6.626,6.97,-0.344,76.818,1
B007_1,ball,1,SDT,128,5,2530,4.7431,1.3844,0,6.626,6.364,0.262,17.131,1
B007_1,ball,1,SDT_BOUNDED,128,5,2484,4.8309,1.1652,0,6.626,7.205,-0.579,23.966,1
B007_1,ball,1,IE,128,10,1327,9.043,-2.0793,0,6.626,6.621,0.005,7.053,1
B007_1,ball,1,VW,128,10,1327,9.043,-1.9422,0,6.626,4.221,2.405,75.093,0
B007_1,ball,1,DROP,128,10,1327,9.043,-2.0149,0,6.626,9.545,-2.919,96.067,1
B007_1,ball,1,IE_ORACLE,128,10,1327,9.043,-2.1548,0,6.626,7.525,-0.899,41.097,1
B007_1,ball,1,LTTB,128,10,1327,9.043,-2.0494,0,6.626,4.182,2.444,88.211,0
B007_1,ball,1,SDT,128,10,1328,9.0361,-0.0788,0,6.626,4.38,2.246,20.338,0
B007_1,ball,1,SDT_BOUNDED,128,10,1287,9.324,-0.1745,0,6.626,2.385,4.241,38.252,0
B007_1,ball,1,IE,128,20,727,16.5062,-3.7255,0,6.626,8.967,-2.341,10.985,1
B007_1,ball,1,VW,128,20,727,16.5062,-2.6067,0,6.626,2.101,4.525,87.364,0
B007_1,ball,1,DROP,128,20,727,16.5062,-1.847,0,6.626,3.875,2.751,98.86,0
B007_1,ball,1,IE_ORACLE,128,20,727,16.5062,-3.6242,0,6.626,9.136,-2.51,22.485,1
B007_1,ball,1,LTTB,128,20,727,16.5062,-2.7704,0,6.626,0.314,6.312,93.369,0
B007_1,ball,1,SDT,128,20,729,16.4609,-0.6231,0,6.626,4.294,2.332,47.081,0
B007_1,ball,1,SDT_BOUNDED,128,20,706,16.9972,-0.7551,0,6.626,5.203,1.423,46.382,0
B007_1,ball,1,IE,128,50,367,32.6975,-5.0575,0,6.626,6.001,0.625,42.005,1
B007_1,ball,1,VW,128,50,367,32.6975,-3.1681,0,6.626,5.267,1.359,94.696,0
B007_1,ball,1,DROP,128,50,367,32.6975,-2.2582,0,6.626,4.084,2.542,99.818,0
B007_1,ball,1,IE_ORACLE,128,50,367,32.6975,-5.3946,0,6.626,6.368,0.258,14.941,1
B007_1,ball,1,LTTB,128,50,367,32.6975,-3.5099,0,6.626,5.468,1.158,93.639,0
B007_1,ball,1,SDT,128,50,368,32.6087,-0.8665,0,6.626,4.835,1.791,68.568,0
B007_1,ball,1,SDT_BOUNDED,128,50,362,33.1492,-0.8635,0,6.626,4.846,1.78,68.856,0
B007_1,ball,1,IE,256,5,2655,4.5198,0.5981,0,6.626,7.539,-0.913,29.332,1
B007_1,ball,1,VW,256,5,2655,4.5198,0.0557,0,6.626,8.921,-2.295,4.739,1
B007_1,ball,1,DROP,256,5,2655,4.5198,-1.1711,0,6.626,6.19,0.436,92.445,1
B007_1,ball,1,IE_ORACLE,256,5,2655,4.5198,0.8179,0,6.626,7.184,-0.558,35.176,1
B007_1,ball,1,LTTB,256,5,2655,4.5198,-0.9425,0,6.626,4.33,2.296,81.766,0
B007_1,ball,1,SDT,256,5,2654,4.5215,1.5312,0,6.626,7.618,-0.992,31.812,1
B007_1,ball,1,SDT_BOUNDED,256,5,2621,4.5784,1.394,0,6.626,6.735,-0.109,19.114,1
B007_1,ball,1,IE,256,10,1455,8.2474,-1.9079,0,6.626,6.939,-0.313,11.472,1
B007_1,ball,1,VW,256,10,1455,8.2474,-1.8279,0,6.626,6.194,0.432,71.034,1
B007_1,ball,1,DROP,256,10,1455,8.2474,-1.9817,0,6.626,10.364,-3.738,95.651,1
B007_1,ball,1,IE_ORACLE,256,10,1455,8.2474,-1.837,0,6.626,8.001,-1.375,43.504,1
B007_1,ball,1,LTTB,256,10,1455,8.2474,-1.9691,0,6.626,7.358,-0.732,81.752,1
B007_1,ball,1,SDT,256,10,1456,8.2418,0.0325,0,6.626,5.343,1.283,7.788,0
B007_1,ball,1,SDT_BOUNDED,256,10,1432,8.3799,-0.2134,0,6.626,5.074,1.552,19.737,0
B007_1,ball,1,IE,256,20,855,14.0351,-3.453,0,6.626,9.809,-3.183,21.708,1
B007_1,ball,1,VW,256,20,855,14.0351,-2.3963,0,6.626,3.627,2.999,85.148,0
B007_1,ball,1,DROP,256,20,855,14.0351,-1.8412,0,6.626,4.324,2.302,98.607,0
B007_1,ball,1,IE_ORACLE,256,20,855,14.0351,-3.3921,0,6.626,9.248,-2.622,29.761,1
B007_1,ball,1,LTTB,256,20,855,14.0351,-2.6346,0,6.626,3.258,3.368,90.739,0
B007_1,ball,1,SDT,256,20,855,14.0351,-0.4996,0,6.626,4.81,1.816,37.35,0
B007_1,ball,1,SDT_BOUNDED,256,20,841,14.2687,-0.5405,0,6.626,4.465,2.161,42.453,0
B007_1,ball,1,IE,256,50,495,24.2424,-4.428,0,6.626,5.624,1.002,35.35,0
B007_1,ball,1,VW,256,50,495,24.2424,-3.0862,0,6.626,1.505,5.121,94.424,0
B007_1,ball,1,DROP,256,50,495,24.2424,-2.0915,0,6.626,4.842,1.784,99.769,0
B007_1,ball,1,IE_ORACLE,256,50,495,24.2424,-4.4766,0,6.626,7.309,-0.683,1.98,1
B007_1,ball,1,LTTB,256,50,495,24.2424,-3.2967,0,6.626,5.064,1.562,90.241,0
B007_1,ball,1,SDT,256,50,495,24.2424,-0.7205,0,6.626,2.415,4.211,67.923,0
B007_1,ball,1,SDT_BOUNDED,256,50,491,24.4399,-0.7331,0,6.626,1.853,4.773,73.281,0
B007_1,ball,1,IE,512,5,2911,4.1223,0.8355,0,6.626,8.179,-1.553,41.701,1
B007_1,ball,1,VW,512,5,2911,4.1223,0.3684,0,6.626,8.643,-2.017,5.359,1
B007_1,ball,1,DROP,512,5,2911,4.1223,-1.0694,0,6.626,1.537,5.089,94.811,0
B007_1,ball,1,IE_ORACLE,512,5,2911,4.1223,1.3633,0,6.626,7.08,-0.454,28.285,1
B007_1,ball,1,LTTB,512,5,2911,4.1223,-0.6366,0,6.626,3.272,3.354,81.733,0
B007_1,ball,1,SDT,512,5,2911,4.1223,1.8683,0,6.626,7.734,-1.108,40.029,1
B007_1,ball,1,SDT_BOUNDED,512,5,2894,4.1465,1.7762,0,6.626,7.952,-1.326,40.489,1
B007_1,ball,1,IE,512,10,1711,7.0134,-1.7539,0,6.626,7.641,-1.015,17.982,1
B007_1,ball,1,VW,512,10,1711,7.0134,-1.4994,0,6.626,7.034,-0.408,50.91,1
B007_1,ball,1,DROP,512,10,1711,7.0134,-1.8525,0,6.626,5.433,1.193,97.137,0
B007_1,ball,1,IE_ORACLE,512,10,1711,7.0134,-1.47,0,6.626,7.918,-1.292,38.083,1
B007_1,ball,1,LTTB,512,10,1711,7.0134,-1.74,0,6.626,7.071,-0.445,79.656,0
B007_1,ball,1,SDT,512,10,1712,7.0093,0.3294,0,6.626,6.728,-0.102,10.386,1
B007_1,ball,1,SDT_BOUNDED,512,10,1700,7.0588,0.3212,0,6.626,6.624,0.002,10.595,1
B007_1,ball,1,IE,512,20,1111,10.8011,-2.9779,0,6.626,9.695,-3.069,22.652,1
B007_1,ball,1,VW,512,20,1111,10.8011,-2.1617,0,6.626,3.551,3.075,79.603,0
B007_1,ball,1,DROP,512,20,1111,10.8011,-1.7932,0,6.626,2.343,4.283,98.708,0
B007_1,ball,1,IE_ORACLE,512,20,1111,10.8011,-2.8692,0,6.626,9.266,-2.64,41.991,1
B007_1,ball,1,LTTB,512,20,1111,10.8011,-2.3148,0,6.626,3.501,3.125,87.477,0
B007_1,ball,1,SDT,512,20,1107,10.8401,-0.246,0,6.626,2.671,3.955,34.918,0
B007_1,ball,1,SDT_BOUNDED,512,20,1106,10.8499,-0.2462,0,6.626,2.586,4.04,35.526,0
B007_1,ball,1,IE,512,50,751,15.9787,-3.7356,0,6.626,5.94,0.686,21.408,0
B007_1,ball,1,VW,512,50,751,15.9787,-2.5864,0,6.626,4.443,2.183,86.171,0
B007_1,ball,1,DROP,512,50,751,15.9787,-2.1413,0,6.626,1.157,5.469,99.529,0
B007_1,ball,1,IE_ORACLE,512,50,751,15.9787,-3.3959,0,6.626,9.001,-2.375,23.377,1
B007_1,ball,1,LTTB,512,50,751,15.9787,-2.7883,0,6.626,2.677,3.949,89.101,0
B007_1,ball,1,SDT,512,50,749,16.0214,-0.5894,0,6.626,4.37,2.256,42.706,0
B007_1,ball,1,SDT_BOUNDED,512,50,749,16.0214,-0.5894,0,6.626,4.37,2.256,42.706,0
B007_2,ball,2,IE,128,5,2527,4.7487,0.1218,0,2.861,-2.336,5.197,22.304,0
B007_2,ball,2,VW,128,5,2527,4.7487,-0.3888,0,2.861,2.957,-0.096,10.944,0
B007_2,ball,2,DROP,128,5,2527,4.7487,-1.1614,0,2.861,0.694,2.167,91.82,0
B007_2,ball,2,IE_ORACLE,128,5,2527,4.7487,0.1545,0,2.861,2.923,-0.062,43.633,0
B007_2,ball,2,LTTB,128,5,2527,4.7487,-1.0886,0,2.861,2.376,0.485,74.003,0
B007_2,ball,2,SDT,128,5,2527,4.7487,1.2452,0,2.861,1.848,1.013,30.332,0
B007_2,ball,2,SDT_BOUNDED,128,5,2506,4.7885,1.1772,0,2.861,2.481,0.38,42.162,0
B007_2,ball,2,IE,128,10,1327,9.043,-2.4553,0,2.861,-2.746,5.607,45.424,0
B007_2,ball,2,VW,128,10,1327,9.043,-1.9771,0,2.861,4.022,-1.161,60.828,0
B007_2,ball,2,DROP,128,10,1327,9.043,-2.1109,0,2.861,1.249,1.612,97.012,0
B007_2,ball,2,IE_ORACLE,128,10,1327,9.043,-2.567,0,2.861,3.774,-0.913,35.661,0
B007_2,ball,2,LTTB,128,10,1327,9.043,-2.0062,0,2.861,-1.185,4.046,86.189,0
B007_2,ball,2,SDT,128,10,1328,9.0361,-0.085,0,2.861,3.29,-0.429,6.162,0
B007_2,ball,2,SDT_BOUNDED,128,10,1303,9.2095,-0.1934,0,2.861,2.783,0.078,12.781,0
B007_2,ball,2,IE,128,20,727,16.5062,-3.5699,0,2.861,3.387,-0.526,13.908,0
B007_2,ball,2,VW,128,20,727,16.5062,-2.5959,0,2.861,4.693,-1.832,78.344,0
B007_2,ball,2,DROP,128,20,727,16.5062,-1.793,0,2.861,3.464,-0.603,97.574,0
B007_2,ball,2,IE_ORACLE,128,20,727,16.5062,-3.8758,0,2.861,4.829,-1.968,35.434,0
B007_2,ball,2,LTTB,128,20,727,16.5062,-2.7055,0,2.861,0.366,2.495,88.991,0
B007_2,ball,2,SDT,128,20,729,16.4609,-0.6679,0,2.861,3.104,-0.243,31.739,0
B007_2,ball,2,SDT_BOUNDED,128,20,728,16.4835,-0.6707,0,2.861,3.123,-0.262,31.322,0
B007_2,ball,2,IE,128,50,367,32.6975,-4.8626,0,2.861,-1.953,4.814,63.883,0
B007_2,ball,2,VW,128,50,367,32.6975,-2.9226,0,2.861,5.391,-2.53,89.853,0
B007_2,ball,2,DROP,128,50,367,32.6975,-2.044,0,2.861,2.831,0.03,99.7,0
B007_2,ball,2,IE_ORACLE,128,50,367,32.6975,-4.9429,0,2.861,5.944,-3.083,13.571,0
B007_2,ball,2,LTTB,128,50,367,32.6975,-3.3928,0,2.861,1.3,1.561,96.638,0
B007_2,ball,2,SDT,128,50,371,32.345,-0.931,0,2.861,3.524,-0.663,71.392,0
B007_2,ball,2,SDT_BOUNDED,128,50,366,32.7869,-0.9364,0,2.861,2.025,0.836,75.317,0
B007_2,ball,2,IE,256,5,2655,4.5198,0.2905,0,2.861,-1.6,4.461,17.412,0
B007_2,ball,2,VW,256,5,2655,4.5198,-0.2173,0,2.861,2.266,0.595,22.096,0
B007_2,ball,2,DROP,256,5,2655,4.5198,-1.0837,0,2.861,7.09,-4.229,85.334,0
B007_2,ball,2,IE_ORACLE,256,5,2655,4.5198,0.4695,0,2.861,0.776,2.085,15.063,0
B007_2,ball,2,LTTB,256,5,2655,4.5198,-0.9303,0,2.861,2.649,0.212,74.727,0
B007_2,ball,2,SDT,256,5,2655,4.5198,1.3266,0,2.861,0.666,2.195,18.891,0
B007_2,ball,2,SDT_BOUNDED,256,5,2654,4.5215,1.326,0,2.861,0.654,2.207,18.825,0
B007_2,ball,2,IE,256,10,1455,8.2474,-2.3311,0,2.861,2.853,0.008,2.007,0
B007_2,ball,2,VW,256,10,1455,8.2474,-1.8442,0,2.861,4.65,-1.789,51.803,0
B007_2,ball,2,DROP,256,10,1455,8.2474,-2.0445,0,2.861,1.78,1.081,97.11,0
B007_2,ball,2,IE_ORACLE,256,10,1455,8.2474,-2.1821,0,2.861,3.525,-0.664,34.168,0
B007_2,ball,2,LTTB,256,10,1455,8.2474,-1.9017,0,2.861,2.907,-0.046,80.724,0
B007_2,ball,2,SDT,256,10,1456,8.2418,-0.0606,0,2.861,3.796,-0.935,19.557,0
B007_2,ball,2,SDT_BOUNDED,256,10,1455,8.2474,-0.0682,0,2.861,3.875,-1.014,19.895,0
B007_2,ball,2,IE,256,20,855,14.0351,-3.3907,0,2.861,4.293,-1.432,11.717,0
B007_2,ball,2,VW,256,20,855,14.0351,-2.4708,0,2.861,2.538,0.323,79.605,0
B007_2,ball,2,DROP,256,20,855,14.0351,-1.7566,0,2.861,9.321,-6.46,95.012,0
B007_2,ball,2,IE_ORACLE,256,20,855,14.0351,-3.5049,0,2.861,4.138,-1.277,32.011,0
B007_2,ball,2,LTTB,256,20,855,14.0351,-2.4944,0,2.861,4.061,-1.2,78.573,0
B007_2,ball,2,SDT,256,20,852,14.0845,-0.639,0,2.861,4.679,-1.818,8.212,0
B007_2,ball,2,SDT_BOUNDED,256,20,852,14.0845,-0.639,0,2.861,4.679,-1.818,8.212,0
B007_2,ball,2,IE,256,50,495,24.2424,-4.3817,0,2.861,5.026,-2.165,12.541,0
B007_2,ball,2,VW,256,50,495,24.2424,-2.9533,0,2.861,7.332,-4.471,83.774,0
B007_2,ball,2,DROP,256,50,495,24.2424,-2.1265,0,2.861,8.396,-5.535,99.358,0
B007_2,ball,2,IE_ORACLE,256,50,495,24.2424,-4.1269,0,2.861,6.005,-3.144,19.197,0
B007_2,ball,2,LTTB,256,50,495,24.2424,-3.1217,0,2.861,2.732,0.129,87.275,0
B007_2,ball,2,SDT,256,50,495,24.2424,-0.6837,0,2.861,3.287,-0.426,50.569,0
B007_2,ball,2,SDT_BOUNDED,256,50,495,24.2424,-0.6837,0,2.861,3.287,-0.426,50.569,0
B007_2,ball,2,IE,512,5,2911,4.1223,0.6748,0,2.861,-1.828,4.689,13.646,0
B007_2,ball,2,VW,512,5,2911,4.1223,0.0692,0,2.861,4.486,-1.625,7.978,0
B007_2,ball,2,DROP,512,5,2911,4.1223,-0.9473,0,2.861,2.186,0.675,90.577,0
B007_2,ball,2,IE_ORACLE,512,5,2911,4.1223,1.0988,0,2.861,0.558,2.303,17.35,0
B007_2,ball,2,LTTB,512,5,2911,4.1223,-0.6512,0,2.861,5.004,-2.143,66.398,0
B007_2,ball,2,SDT,512,5,2912,4.1209,1.6462,0,2.861,0.831,2.03,21.099,0
B007_2,ball,2,SDT_BOUNDED,512,5,2911,4.1223,1.645,0,2.861,0.824,2.037,21.089,0
B007_2,ball,2,IE,512,10,1711,7.0134,-1.9077,0,2.861,2.056,0.805,6.508,0
B007_2,ball,2,VW,512,10,1711,7.0134,-1.5161,0,2.861,3.889,-1.028,50.104,0
B007_2,ball,2,DROP,512,10,1711,7.0134,-1.9527,0,2.861,2.271,0.59,97.135,0
B007_2,ball,2,IE_ORACLE,512,10,1711,7.0134,-1.606,0,2.861,0.751,2.11,2.802,0
B007_2,ball,2,LTTB,512,10,1711,7.0134,-1.7072,0,2.861,5.888,-3.027,65.236,0
B007_2,ball,2,SDT,512,10,1709,7.0217,0.3026,0,2.861,4.143,-1.282,26.875,0
B007_2,ball,2,SDT_BOUNDED,512,10,1709,7.0217,0.3026,0,2.861,4.143,-1.282,26.875,0
B007_2,ball,2,IE,512,20,1111,10.8011,-2.8405,0,2.861,1.455,1.406,20.032,0
B007_2,ball,2,VW,512,20,1111,10.8011,-2.1418,0,2.861,3.101,-0.24,68.662,0
B007_2,ball,2,DROP,512,20,1111,10.8011,-1.6581,0,2.861,7.96,-5.099,95.808,0
B007_2,ball,2,IE_ORACLE,512,20,1111,10.8011,-2.8861,0,2.861,3.348,-0.487,22.323,0
B007_2,ball,2,LTTB,512,20,1111,10.8011,-2.2685,0,2.861,7.823,-4.962,68.553,0
B007_2,ball,2,SDT,512,20,1111,10.8011,-0.3349,0,2.861,2.365,0.496,24.704,0
B007_2,ball,2,SDT_BOUNDED,512,20,1111,10.8011,-0.3349,0,2.861,2.365,0.496,24.704,0
B007_2,ball,2,IE,512,50,751,15.9787,-3.7755,0,2.861,4.005,-1.144,0.176,0
B007_2,ball,2,VW,512,50,751,15.9787,-2.5672,0,2.861,4.013,-1.152,76.973,0
B007_2,ball,2,DROP,512,50,751,15.9787,-2.0313,0,2.861,2.046,0.815,99.528,0
B007_2,ball,2,IE_ORACLE,512,50,751,15.9787,-4.0172,0,2.861,4.034,-1.173,27.716,0
B007_2,ball,2,LTTB,512,50,751,15.9787,-2.7732,0,2.861,3.823,-0.962,81.764,0
B007_2,ball,2,SDT,512,50,752,15.9574,-0.6295,0,2.861,2.664,0.197,26.925,0
B007_2,ball,2,SDT_BOUNDED,512,50,752,15.9574,-0.6295,0,2.861,2.664,0.197,26.925,0
B007_3,ball,3,IE,128,5,2527,4.7487,0.2932,0,9.981,9.934,0.047,1.335,1
B007_3,ball,3,VW,128,5,2527,4.7487,-0.2162,0,9.981,9.18,0.801,44.429,1
B007_3,ball,3,DROP,128,5,2527,4.7487,-1.0742,0,9.981,8.154,1.827,93.315,1
B007_3,ball,3,IE_ORACLE,128,5,2527,4.7487,0.3842,0,9.981,10.698,-0.717,18.609,1
B007_3,ball,3,LTTB,128,5,2527,4.7487,-0.9616,0,9.981,7.741,2.24,79.795,1
B007_3,ball,3,SDT,128,5,2526,4.7506,0.9895,0,9.981,9.786,0.195,17.647,1
B007_3,ball,3,SDT_BOUNDED,128,5,2480,4.8387,0.8869,0,9.981,9.899,0.082,18.769,1
B007_3,ball,3,IE,128,10,1327,9.043,-2.2305,0,9.981,8.036,1.945,19.314,1
B007_3,ball,3,VW,128,10,1327,9.043,-1.94,0,9.981,3.583,6.398,84.046,0
B007_3,ball,3,DROP,128,10,1327,9.043,-2.046,0,9.981,5.644,4.337,98.404,0
B007_3,ball,3,IE_ORACLE,128,10,1327,9.043,-2.3923,0,9.981,10.89,-0.909,13.73,1
B007_3,ball,3,LTTB,128,10,1327,9.043,-2.1011,0,9.981,5.415,4.566,87.123,0
B007_3,ball,3,SDT,128,10,1328,9.0361,-0.2303,0,9.981,7.018,2.963,40.337,1
B007_3,ball,3,SDT_BOUNDED,128,10,1310,9.1603,-0.2522,0,9.981,6.429,3.552,43.098,1
B007_3,ball,3,IE,128,20,727,16.5062,-3.6414,0,9.981,10.711,-0.73,28.715,1
B007_3,ball,3,VW,128,20,727,16.5062,-2.5226,0,9.981,4.774,5.207,88.87,0
B007_3,ball,3,DROP,128,20,727,16.5062,-1.8155,0,9.981,5.561,4.42,98.808,0
B007_3,ball,3,IE_ORACLE,128,20,727,16.5062,-3.7588,0,9.981,10.099,-0.118,18.039,1
B007_3,ball,3,LTTB,128,20,727,16.5062,-2.8929,0,9.981,2.241,7.74,93.661,0
B007_3,ball,3,SDT,128,20,726,16.5289,-0.6855,0,9.981,6.449,3.532,62.533,1
B007_3,ball,3,SDT_BOUNDED,128,20,713,16.8303,-0.7457,0,9.981,6.522,3.459,62.269,1
B007_3,ball,3,IE,128,50,367,32.6975,-4.4356,0,9.981,8.655,1.326,61.809,1
B007_3,ball,3,VW,128,50,367,32.6975,-3.339,0,9.981,5.52,4.461,94.861,0
B007_3,ball,3,DROP,128,50,367,32.6975,-2.0336,0,9.981,6.228,3.753,99.847,1
B007_3,ball,3,IE_ORACLE,128,50,367,32.6975,-5.0998,0,9.981,5.394,4.587,64.824,0
B007_3,ball,3,LTTB,128,50,367,32.6975,-3.6469,0,9.981,2.784,7.197,96.984,0
B007_3,ball,3,SDT,128,50,369,32.5203,-0.9259,0,9.981,4.976,5.005,83.642,0
B007_3,ball,3,SDT_BOUNDED,128,50,362,33.1492,-0.9191,0,9.981,5.141,4.84,83.622,0
B007_3,ball,3,IE,256,5,2655,4.5198,0.4,0,9.981,9.752,0.229,4.914,1
B007_3,ball,3,VW,256,5,2655,4.5198,-0.045,0,9.981,4.862,5.119,58.431,0
B007_3,ball,3,DROP,256,5,2655,4.5198,-1.0651,0,9.981,6.158,3.823,93.97,1
B007_3,ball,3,IE_ORACLE,256,5,2655,4.5198,0.6537,0,9.981,11.171,-1.19,20.427,1
B007_3,ball,3,LTTB,256,5,2655,4.5198,-0.709,0,9.981,10.392,-0.411,76.472,1
B007_3,ball,3,SDT,256,5,2656,4.5181,1.1043,0,9.981,10.005,-0.024,29.595,1
B007_3,ball,3,SDT_BOUNDED,256,5,2625,4.5714,1.0321,0,9.981,10.847,-0.866,38.405,1
B007_3,ball,3,IE,256,10,1455,8.2474,-2.0477,0,9.981,9.433,0.548,12.273,1
B007_3,ball,3,VW,256,10,1455,8.2474,-1.7329,0,9.981,5.888,4.093,77.762,0
B007_3,ball,3,DROP,256,10,1455,8.2474,-2.0817,0,9.981,6.733,3.248,98.304,1
B007_3,ball,3,IE_ORACLE,256,10,1455,8.2474,-1.9253,0,9.981,11.642,-1.661,25.063,1
B007_3,ball,3,LTTB,256,10,1455,8.2474,-1.8973,0,9.981,1.173,8.808,91.991,0
B007_3,ball,3,SDT,256,10,1455,8.2474,-0.0744,0,9.981,7.404,2.577,35.386,1
B007_3,ball,3,SDT_BOUNDED,256,10,1445,8.3045,-0.1356,0,9.981,7.383,2.598,35.378,1
B007_3,ball,3,IE,256,20,855,14.0351,-3.2545,0,9.981,11.845,-1.864,19.634,1
B007_3,ball,3,VW,256,20,855,14.0351,-2.3791,0,9.981,1.088,8.893,92.039,0
B007_3,ball,3,DROP,256,20,855,14.0351,-1.7202,0,9.981,5.755,4.226,98.699,0
B007_3,ball,3,IE_ORACLE,256,20,855,14.0351,-2.9888,0,9.981,10.189,-0.208,16.931,1
B007_3,ball,3,LTTB,256,20,855,14.0351,-2.6838,0,9.981,2.312,7.669,94.837,0
B007_3,ball,3,SDT,256,20,856,14.0187,-0.5715,0,9.981,8.075,1.906,56.662,1
B007_3,ball,3,SDT_BOUNDED,256,20,847,14.1677,-0.5781,0,9.981,8.177,1.804,56.505,1
B007_3,ball,3,IE,256,50,495,24.2424,-4.0922,0,9.981,10.065,-0.084,48.973,1
B007_3,ball,3,VW,256,50,495,24.2424,-3.1473,0,9.981,7.58,2.401,92.211,1
B007_3,ball,3,DROP,256,50,495,24.2424,-2.2048,0,9.981,3.955,6.026,99.861,0
B007_3,ball,3,IE_ORACLE,256,50,495,24.2424,-4.6436,0,9.981,6.749,3.232,47.811,1
B007_3,ball,3,LTTB,256,50,495,24.2424,-3.2737,0,9.981,4.095,5.886,95.817,0
B007_3,ball,3,SDT,256,50,495,24.2424,-1.0146,0,9.981,6.192,3.789,76.286,1
B007_3,ball,3,SDT_BOUNDED,256,50,493,24.3408,-1.0232,0,9.981,6.072,3.909,76.46,1
B007_3,ball,3,IE,512,5,2911,4.1223,0.8304,0,9.981,9.81,0.171,4.033,1
B007_3,ball,3,VW,512,5,2911,4.1223,0.3585,0,9.981,5.114,4.867,53.687,0
B007_3,ball,3,DROP,512,5,2911,4.1223,-0.9525,0,9.981,7.188,2.793,93.666,1
B007_3,ball,3,IE_ORACLE,512,5,2911,4.1223,1.2547,0,9.981,9.888,0.093,17.327,1
B007_3,ball,3,LTTB,512,5,2911,4.1223,-0.4369,0,9.981,10.785,-0.804,73.368,1
B007_3,ball,3,SDT,512,5,2912,4.1209,1.4591,0,9.981,10.317,-0.336,31.421,1
B007_3,ball,3,SDT_BOUNDED,512,5,2899,4.1394,1.42,0,9.981,10.281,-0.3,32.868,1
B007_3,ball,3,IE,512,10,1711,7.0134,-1.5126,0,9.981,9.764,0.217,8.121,1
B007_3,ball,3,VW,512,10,1711,7.0134,-1.4727,0,9.981,8.085,1.896,68.925,0
B007_3,ball,3,DROP,512,10,1711,7.0134,-1.9913,0,9.981,2.938,7.043,98.514,0
B007_3,ball,3,IE_ORACLE,512,10,1711,7.0134,-1.3546,0,9.981,10.287,-0.306,16.579,1
B007_3,ball,3,LTTB,512,10,1711,7.0134,-1.7283,0,9.981,4.788,5.193,87.723,0
B007_3,ball,3,SDT,512,10,1711,7.0134,0.1023,0,9.981,9.419,0.562,18.486,1
B007_3,ball,3,SDT_BOUNDED,512,10,1703,7.0464,0.0974,0,9.981,9.618,0.363,18.524,1
B007_3,ball,3,IE,512,20,1111,10.8011,-3.025,0,9.981,10.939,-0.958,15.543,1
B007_3,ball,3,VW,512,20,1111,10.8011,-2.1134,0,9.981,2.199,7.782,89.071,0
B007_3,ball,3,DROP,512,20,1111,10.8011,-1.7818,0,9.981,2.761,7.22,99.06,0
B007_3,ball,3,IE_ORACLE,512,20,1111,10.8011,-2.7274,0,9.981,10.536,-0.555,1.589,1
B007_3,ball,3,LTTB,512,20,1111,10.8011,-2.3659,0,9.981,7.179,2.802,89.93,1
B007_3,ball,3,SDT,512,20,1110,10.8108,-0.4799,0,9.981,7.552,2.429,55.813,1
B007_3,ball,3,SDT_BOUNDED,512,20,1108,10.8303,-0.4804,0,9.981,7.62,2.361,55.308,1
B007_3,ball,3,IE,512,50,751,15.9787,-3.9263,0,9.981,10.464,-0.483,28.793,1
B007_3,ball,3,VW,512,50,751,15.9787,-2.6184,0,9.981,7.748,2.233,89.283,1
B007_3,ball,3,DROP,512,50,751,15.9787,-2.1222,0,9.981,5.8,4.181,99.701,0
B007_3,ball,3,IE_ORACLE,512,50,751,15.9787,-3.7039,0,9.981,9.998,-0.017,22.799,1
B007_3,ball,3,LTTB,512,50,751,15.9787,-2.804,0,9.981,4.49,5.491,94.579,0
B007_3,ball,3,SDT,512,50,753,15.9363,-0.6578,0,9.981,6.418,3.563,63.574,1
B007_3,ball,3,SDT_BOUNDED,512,50,751,15.9787,-0.6602,0,9.981,6.359,3.622,63.783,1
OR007@6_0,outer_race,0,IE,128,5,2527,4.7487,4.7515,0,38.232,38.648,-0.416,10.161,1
OR007@6_0,outer_race,0,VW,128,5,2527,4.7487,4.0289,0,38.232,32.729,5.503,9.549,1
OR007@6_0,outer_race,0,DROP,128,5,2527,4.7487,-1.4479,0,38.232,32.739,5.493,92.983,1
OR007@6_0,outer_race,0,IE_ORACLE,128,5,2527,4.7487,4.767,0,38.232,37.76,0.472,10.47,1
OR007@6_0,outer_race,0,LTTB,128,5,2527,4.7487,-1.3061,0,38.232,31.809,6.423,78.016,1
OR007@6_0,outer_race,0,SDT,128,5,2528,4.7468,6.817,0,38.232,36.951,1.281,11.057,1
OR007@6_0,outer_race,0,SDT_BOUNDED,128,5,2498,4.8038,6.2215,0,38.232,36.799,1.433,10.024,1
OR007@6_0,outer_race,0,IE,128,10,1327,9.043,-2.7294,0,38.232,35.267,2.965,16.521,1
OR007@6_0,outer_race,0,VW,128,10,1327,9.043,-0.3611,0,38.232,27.002,11.23,53.019,1
OR007@6_0,outer_race,0,DROP,128,10,1327,9.043,-2.2413,0,38.232,25.866,12.366,98.638,1
OR007@6_0,outer_race,0,IE_ORACLE,128,10,1327,9.043,-2.2155,0,38.232,34.616,3.616,10.202,1
OR007@6_0,outer_race,0,LTTB,128,10,1327,9.043,-2.4642,0,38.232,25.015,13.217,85.52,1
OR007@6_0,outer_race,0,SDT,128,10,1329,9.0293,0.7356,0,38.232,30.745,7.487,24.147,1
OR007@6_0,outer_race,0,SDT_BOUNDED,128,10,1309,9.1673,0.5111,0,38.232,30.501,7.731,24.781,1
OR007@6_0,outer_race,0,IE,128,20,727,16.5062,-4.848,0,38.232,30.106,8.126,45.311,1
OR007@6_0,outer_race,0,VW,128,20,727,16.5062,-2.3673,0,38.232,20.962,17.27,90.742,1
OR007@6_0,outer_race,0,DROP,128,20,727,16.5062,-2.0096,0,38.232,22.034,16.198,99.406,1
OR007@6_0,outer_race,0,IE_ORACLE,128,20,727,16.5062,-5.6934,0,38.232,29.443,8.789,37.156,1
OR007@6_0,outer_race,0,LTTB,128,20,727,16.5062,-3.7029,0,38.232,23.034,15.198,92.615,1
OR007@6_0,outer_race,0,SDT,128,20,727,16.5062,-1.1232,0,38.232,26.297,11.935,56.177,1
OR007@6_0,outer_race,0,SDT_BOUNDED,128,20,713,16.8303,-1.1529,0,38.232,25.648,12.584,57.097,1
OR007@6_0,outer_race,0,IE,128,50,367,32.6975,-8.3044,0,38.232,23.369,14.863,68.319,1
OR007@6_0,outer_race,0,VW,128,50,367,32.6975,-2.7885,0,38.232,14.669,23.563,97.123,1
OR007@6_0,outer_race,0,DROP,128,50,367,32.6975,-2.0716,0,38.232,11.541,26.691,99.973,1
OR007@6_0,outer_race,0,IE_ORACLE,128,50,367,32.6975,-8.0407,0,38.232,25.64,12.592,60.746,1
OR007@6_0,outer_race,0,LTTB,128,50,367,32.6975,-5.2629,0,38.232,20.983,17.249,95.108,1
OR007@6_0,outer_race,0,SDT,128,50,369,32.5203,-1.7283,0,38.232,20.362,17.87,79.209,1
OR007@6_0,outer_race,0,SDT_BOUNDED,128,50,365,32.8767,-1.7618,0,38.232,19.446,18.786,79.91,1
OR007@6_0,outer_race,0,IE,256,5,2655,4.5198,4.8224,0,38.232,37.735,0.497,9.84,1
OR007@6_0,outer_race,0,VW,256,5,2655,4.5198,4.2865,0,38.232,33.588,4.644,8.247,1
OR007@6_0,outer_race,0,DROP,256,5,2655,4.5198,-1.4628,0,38.232,34.366,3.866,92.66,1
OR007@6_0,outer_race,0,IE_ORACLE,256,5,2655,4.5198,5.1729,0,38.232,37.665,0.567,10.861,1
OR007@6_0,outer_race,0,LTTB,256,5,2655,4.5198,-1.1831,0,38.232,32.195,6.037,76.115,1
OR007@6_0,outer_race,0,SDT,256,5,2655,4.5198,7.2008,0,38.232,36.702,1.53,12.061,1
OR007@6_0,outer_race,0,SDT_BOUNDED,256,5,2628,4.5662,6.4996,0,38.232,36.716,1.516,11.587,1
OR007@6_0,outer_race,0,IE,256,10,1455,8.2474,-2.2705,0,38.232,34.041,4.191,14.731,1
OR007@6_0,outer_race,0,VW,256,10,1455,8.2474,-0.1388,0,38.232,27.326,10.906,51.479,1
OR007@6_0,outer_race,0,DROP,256,10,1455,8.2474,-2.2854,0,38.232,24.929,13.303,98.608,1
OR007@6_0,outer_race,0,IE_ORACLE,256,10,1455,8.2474,-1.2294,0,38.232,35.122,3.11,6.301,1
OR007@6_0,outer_race,0,LTTB,256,10,1455,8.2474,-2.2684,0,38.232,25.707,12.525,82.562,1
OR007@6_0,outer_race,0,SDT,256,10,1453,8.2588,1.0989,0,38.232,33.28,4.952,17.123,1
OR007@6_0,outer_race,0,SDT_BOUNDED,256,10,1443,8.316,0.971,0,38.232,33.553,4.679,17.272,1
OR007@6_0,outer_race,0,IE,256,20,855,14.0351,-4.3903,0,38.232,31.07,7.162,39.646,1
OR007@6_0,outer_race,0,VW,256,20,855,14.0351,-2.049,0,38.232,20.089,18.143,87.581,1
OR007@6_0,outer_race,0,DROP,256,20,855,14.0351,-1.9429,0,38.232,21.151,17.081,99.399,1
OR007@6_0,outer_race,0,IE_ORACLE,256,20,855,14.0351,-4.7698,0,38.232,31.72,6.512,30.805,1
OR007@6_0,outer_race,0,LTTB,256,20,855,14.0351,-3.4235,0,38.232,23.646,14.586,90.278,1
OR007@6_0,outer_race,0,SDT,256,20,855,14.0351,-0.8322,0,38.232,28.057,10.175,51.273,1
OR007@6_0,outer_race,0,SDT_BOUNDED,256,20,847,14.1677,-0.9428,0,38.232,26.926,11.306,52.65,1
OR007@6_0,outer_race,0,IE,256,50,495,24.2424,-7.4456,0,38.232,24.635,13.597,59.758,1
OR007@6_0,outer_race,0,VW,256,50,495,24.2424,-2.7818,0,38.232,17.283,20.949,95.362,1
OR007@6_0,outer_race,0,DROP,256,50,495,24.2424,-2.2465,0,38.232,12.639,25.593,99.963,1
OR007@6_0,outer_race,0,IE_ORACLE,256,50,495,24.2424,-7.0475,0,38.232,29.397,8.835,51.051,1
OR007@6_0,outer_race,0,LTTB,256,50,495,24.2424,-4.4491,0,38.232,23.241,14.991,93.851,1
OR007@6_0,outer_race,0,SDT,256,50,490,24.4898,-1.599,0,38.232,22.459,15.773,69.065,1
OR007@6_0,outer_race,0,SDT_BOUNDED,256,50,490,24.4898,-1.599,0,38.232,22.459,15.773,69.065,1
OR007@6_0,outer_race,0,IE,512,5,2911,4.1223,5.0581,0,38.232,37.402,0.83,10.795,1
OR007@6_0,outer_race,0,VW,512,5,2911,4.1223,4.7528,0,38.232,33.753,4.479,6.297,1
OR007@6_0,outer_race,0,DROP,512,5,2911,4.1223,-1.2818,0,38.232,32.425,5.807,92.834,1
OR007@6_0,outer_race,0,IE_ORACLE,512,5,2911,4.1223,6.0155,0,38.232,37.351,0.881,10.836,1
OR007@6_0,outer_race,0,LTTB,512,5,2911,4.1223,-0.9083,0,38.232,34.535,3.697,71.875,1
OR007@6_0,outer_race,0,SDT,512,5,2911,4.1223,7.9241,0,38.232,38.821,-0.589,13.139,1
OR007@6_0,outer_race,0,SDT_BOUNDED,512,5,2893,4.1479,7.4386,0,38.232,37.051,1.181,12.493,1
OR007@6_0,outer_race,0,IE,512,10,1711,7.0134,-0.9918,0,38.232,34.91,3.322,7.004,1
OR007@6_0,outer_race,0,VW,512,10,1711,7.0134,0.485,0,38.232,28.582,9.65,42.321,1
OR007@6_0,outer_race,0,DROP,512,10,1711,7.0134,-2.1197,0,38.232,25.247,12.985,98.644,1
OR007@6_0,outer_race,0,IE_ORACLE,512,10,1711,7.0134,0.738,0,38.232,36.728,1.504,0.629,1
OR007@6_0,outer_race,0,LTTB,512,10,1711,7.0134,-1.9114,0,38.232,28.305,9.927,81.946,1
OR007@6_0,outer_race,0,SDT,512,10,1711,7.0134,2.1626,0,38.232,35.897,2.335,5.637,1
OR007@6_0,outer_race,0,SDT_BOUNDED,512,10,1702,7.0505,2.0632,0,38.232,34.853,3.379,6.405,1
OR007@6_0,outer_race,0,IE,512,20,1111,10.8011,-3.6506,0,38.232,31.654,6.578,25.505,1
OR007@6_0,outer_race,0,VW,512,20,1111,10.8011,-1.333,0,38.232,23.791,14.441,72.106,1
OR007@6_0,outer_race,0,DROP,512,20,1111,10.8011,-1.9039,0,38.232,21.809,16.423,99.325,1
OR007@6_0,outer_race,0,IE_ORACLE,512,20,1111,10.8011,-3.4194,0,38.232,33.144,5.088,19.182,1
OR007@6_0,outer_race,0,LTTB,512,20,1111,10.8011,-3.0173,0,38.232,25.651,12.581,87.083,1
OR007@6_0,outer_race,0,SDT,512,20,1111,10.8011,-0.0159,0,38.232,29.925,8.307,36.914,1
OR007@6_0,outer_race,0,SDT_BOUNDED,512,20,1108,10.8303,-0.2254,0,38.232,29.97,8.262,37.02,1
OR007@6_0,outer_race,0,IE,512,50,751,15.9787,-5.4849,0,38.232,29.597,8.635,40.172,1
OR007@6_0,outer_race,0,VW,512,50,751,15.9787,-2.2706,0,38.232,20.626,17.606,85.845,1
OR007@6_0,outer_race,0,DROP,512,50,751,15.9787,-2.3196,0,38.232,6.759,31.473,99.941,1
OR007@6_0,outer_race,0,IE_ORACLE,512,50,751,15.9787,-5.8085,0,38.232,29.546,8.686,36.03,1
OR007@6_0,outer_race,0,LTTB,512,50,751,15.9787,-3.5995,0,38.232,22.544,15.688,92.178,1
OR007@6_0,outer_race,0,SDT,512,50,755,15.894,-1.136,0,38.232,28.204,10.028,54.405,1
OR007@6_0,outer_race,0,SDT_BOUNDED,512,50,752,15.9574,-1.1475,0,38.232,28.407,9.825,54.683,1
OR007@6_1,outer_race,1,IE,128,5,2527,4.7487,4.6694,0,36.416,38.135,-1.719,17.057,1
OR007@6_1,outer_race,1,VW,128,5,2527,4.7487,3.559,0,36.416,32.773,3.643,7.701,1
OR007@6_1,outer_race,1,DROP,128,5,2527,4.7487,-1.5,0,36.416,30.187,6.229,92.841,1
OR007@6_1,outer_race,1,IE_ORACLE,128,5,2527,4.7487,4.5834,0,36.416,37.189,-0.773,15.964,1
OR007@6_1,outer_race,1,LTTB,128,5,2527,4.7487,-1.2672,0,36.416,31.104,5.312,77.389,1
OR007@6_1,outer_race,1,SDT,128,5,2526,4.7506,6.4435,0,36.416,36.836,-0.42,17.649,1
OR007@6_1,outer_race,1,SDT_BOUNDED,128,5,2505,4.7904,5.8998,0,36.416,36.62,-0.204,17.412,1
OR007@6_1,outer_race,1,IE,128,10,1327,9.043,-2.7142,0,36.416,34.565,1.851,9.449,1
OR007@6_1,outer_race,1,VW,128,10,1327,9.043,-0.6993,0,36.416,25.083,11.333,52.199,1
OR007@6_1,outer_race,1,DROP,128,10,1327,9.043,-2.2861,0,36.416,26.729,9.687,98.46,1
OR007@6_1,outer_race,1,IE_ORACLE,128,10,1327,9.043,-2.343,0,36.416,35.939,0.477,3.203,1
OR007@6_1,outer_race,1,LTTB,128,10,1327,9.043,-2.4566,0,36.416,25.797,10.619,84.232,1
OR007@6_1,outer_race,1,SDT,128,10,1327,9.043,0.8622,0,36.416,30.425,5.991,17.988,1
OR007@6_1,outer_race,1,SDT_BOUNDED,128,10,1318,9.1047,0.8121,0,36.416,30.549,5.867,18.119,1
OR007@6_1,outer_race,1,IE,128,20,727,16.5062,-5.6806,0,36.416,28.215,8.201,39.869,1
OR007@6_1,outer_race,1,VW,128,20,727,16.5062,-2.3114,0,36.416,20.613,15.803,88.406,1
OR007@6_1,outer_race,1,DROP,128,20,727,16.5062,-2.0332,0,36.416,22.132,14.284,99.289,1
OR007@6_1,outer_race,1,IE_ORACLE,128,20,727,16.5062,-5.5635,0,36.416,28.123,8.293,33.287,1
OR007@6_1,outer_race,1,LTTB,128,20,727,16.5062,-3.6869,0,36.416,22.376,14.04,92.785,1
OR007@6_1,outer_race,1,SDT,128,20,728,16.4835,-1.5569,0,36.416,25.542,10.874,52.738,1
OR007@6_1,outer_race,1,SDT_BOUNDED,128,20,724,16.5746,-1.5058,0,36.416,25.771,10.645,52.921,1
OR007@6_1,outer_race,1,IE,128,50,367,32.6975,-7.5287,0,36.416,24.684,11.732,68.386,1
OR007@6_1,outer_race,1,VW,128,50,367,32.6975,-2.8936,0,36.416,15.272,21.144,97.077,1
OR007@6_1,outer_race,1,DROP,128,50,367,32.6975,-2.3957,0,36.416,12.199,24.217,99.968,1
OR007@6_1,outer_race,1,IE_ORACLE,128,50,367,32.6975,-8.051,0,36.416,24.835,11.581,58.384,1
OR007@6_1,outer_race,1,LTTB,128,50,367,32.6975,-5.3222,0,36.416,19.923,16.493,95.175,1
OR007@6_1,outer_race,1,SDT,128,50,367,32.6975,-1.5885,0,36.416,19.696,16.72,78.344,1
OR007@6_1,outer_race,1,SDT_BOUNDED,128,50,365,32.8767,-1.7909,0,36.416,19.47,16.946,78.457,1
OR007@6_1,outer_race,1,IE,256,5,2655,4.5198,4.7161,0,36.416,37.566,-1.15,16.729,1
OR007@6_1,outer_race,1,VW,256,5,2655,4.5198,3.8599,0,36.416,33.671,2.745,7.197,1
OR007@6_1,outer_race,1,DROP,256,5,2655,4.5198,-1.4695,0,36.416,29.329,7.087,92.566,1
OR007@6_1,outer_race,1,IE_ORACLE,256,5,2655,4.5198,5.0303,0,36.416,36.77,-0.354,15.433,1
OR007@6_1,outer_race,1,LTTB,256,5,2655,4.5198,-1.2056,0,36.416,31.198,5.218,76.065,1
OR007@6_1,outer_race,1,SDT,256,5,2656,4.5181,6.8478,0,36.416,37.101,-0.685,18.438,1
OR007@6_1,outer_race,1,SDT_BOUNDED,256,5,2636,4.5524,6.4706,0,36.416,37.214,-0.798,18.138,1
OR007@6_1,outer_race,1,IE,256,10,1455,8.2474,-2.3987,0,36.416,33.044,3.372,8.011,1
OR007@6_1,outer_race,1,VW,256,10,1455,8.2474,-0.3307,0,36.416,26.763,9.653,49.91,1
OR007@6_1,outer_race,1,DROP,256,10,1455,8.2474,-2.31,0,36.416,25.064,11.352,98.441,1
OR007@6_1,outer_race,1,IE_ORACLE,256,10,1455,8.2474,-0.858,0,36.416,36.133,0.283,1.738,1
OR007@6_1,outer_race,1,LTTB,256,10,1455,8.2474,-2.3199,0,36.416,26.981,9.435,82.901,1
OR007@6_1,outer_race,1,SDT,256,10,1455,8.2474,1.4178,0,36.416,31.177,5.239,11.031,1
OR007@6_1,outer_race,1,SDT_BOUNDED,256,10,1446,8.2988,1.2588,0,36.416,31.097,5.319,11.473,1
OR007@6_1,outer_race,1,IE,256,20,855,14.0351,-4.8961,0,36.416,27.742,8.674,36.791,1
OR007@6_1,outer_race,1,VW,256,20,855,14.0351,-2.0417,0,36.416,22.192,14.224,82.551,1
OR007@6_1,outer_race,1,DROP,256,20,855,14.0351,-2.0937,0,36.416,23.931,12.485,99.197,1
OR007@6_1,outer_race,1,IE_ORACLE,256,20,855,14.0351,-5.2304,0,36.416,30.609,5.807,26.807,1
OR007@6_1,outer_race,1,LTTB,256,20,855,14.0351,-3.3389,0,36.416,23.302,13.114,90.075,1
OR007@6_1,outer_race,1,SDT,256,20,855,14.0351,-1.0417,0,36.416,28.008,8.408,45.653,1
OR007@6_1,outer_race,1,SDT_BOUNDED,256,20,852,14.0845,-1.0955,0,36.416,27.712,8.704,46.24,1
OR007@6_1,outer_race,1,IE,256,50,495,24.2424,-7.0178,0,36.416,25.49,10.926,58.896,1
OR007@6_1,outer_race,1,VW,256,50,495,24.2424,-2.7306,0,36.416,17.667,18.749,93.795,1
OR007@6_1,outer_race,1,DROP,256,50,495,24.2424,-2.6407,0,36.416,14.15,22.266,99.959,1
OR007@6_1,outer_race,1,IE_ORACLE,256,50,495,24.2424,-7.1798,0,36.416,27.284,9.132,48.816,1
OR007@6_1,outer_race,1,LTTB,256,50,495,24.2424,-4.5126,0,36.416,23.713,12.703,94.764,1
OR007@6_1,outer_race,1,SDT,256,50,496,24.1935,-1.296,0,36.416,23.692,12.724,69.975,1
OR007@6_1,outer_race,1,SDT_BOUNDED,256,50,495,24.2424,-1.3008,0,36.416,24.003,12.413,70.091,1
OR007@6_1,outer_race,1,IE,512,5,2911,4.1223,5.1371,0,36.416,36.533,-0.117,16.143,1
OR007@6_1,outer_race,1,VW,512,5,2911,4.1223,4.2488,0,36.416,33.821,2.595,4.591,1
OR007@6_1,outer_race,1,DROP,512,5,2911,4.1223,-1.2896,0,36.416,28.737,7.679,92.933,1
OR007@6_1,outer_race,1,IE_ORACLE,512,5,2911,4.1223,5.9708,0,36.416,38.125,-1.709,15.54,1
OR007@6_1,outer_race,1,LTTB,512,5,2911,4.1223,-0.9223,0,36.416,31.388,5.028,72.181,1
OR007@6_1,outer_race,1,SDT,512,5,2911,4.1223,7.6342,0,36.416,36.479,-0.063,19.886,1
OR007@6_1,outer_race,1,SDT_BOUNDED,512,5,2892,4.1494,7.3123,0,36.416,36.811,-0.395,19.734,1
OR007@6_1,outer_race,1,IE,512,10,1711,7.0134,-0.7966,0,36.416,34.569,1.847,0.881,1
OR007@6_1,outer_race,1,VW,512,10,1711,7.0134,0.2321,0,36.416,28.298,8.118,43.08,1
OR007@6_1,outer_race,1,DROP,512,10,1711,7.0134,-2.1059,0,36.416,24.427,11.989,98.453,1
OR007@6_1,outer_race,1,IE_ORACLE,512,10,1711,7.0134,0.5233,0,36.416,36.968,-0.552,8.641,1
OR007@6_1,outer_race,1,LTTB,512,10,1711,7.0134,-2.0141,0,36.416,25.892,10.524,81.922,1
OR007@6_1,outer_race,1,SDT,512,10,1711,7.0134,2.5723,0,36.416,34.265,2.151,0.418,1
OR007@6_1,outer_race,1,SDT_BOUNDED,512,10,1702,7.0505,2.4971,0,36.416,33.827,2.589,0.55,1
OR007@6_1,outer_race,1,IE,512,20,1111,10.8011,-3.8472,0,36.416,31.532,4.884,23.546,1
OR007@6_1,outer_race,1,VW,512,20,1111,10.8011,-1.4062,0,36.416,24.393,12.023,68.538,1
OR007@6_1,outer_race,1,DROP,512,20,1111,10.8011,-1.9426,0,36.416,21.307,15.109,99.261,1
OR007@6_1,outer_race,1,IE_ORACLE,512,20,1111,10.8011,-3.4702,0,36.416,33.667,2.749,13.055,1
OR007@6_1,outer_race,1,LTTB,512,20,1111,10.8011,-2.9109,0,36.416,26.631,9.785,85.34,1
OR007@6_1,outer_race,1,SDT,512,20,1111,10.8011,-0.0861,0,36.416,29.271,7.145,29.274,1
OR007@6_1,outer_race,1,SDT_BOUNDED,512,20,1108,10.8303,-0.0913,0,36.416,29.671,6.745,29.604,1
OR007@6_1,outer_race,1,IE,512,50,751,15.9787,-5.7752,0,36.416,28.066,8.35,38.7,1
OR007@6_1,outer_race,1,VW,512,50,751,15.9787,-2.314,0,36.416,20.554,15.862,85.145,1
OR007@6_1,outer_race,1,DROP,512,50,751,15.9787,-1.9479,0,36.416,10.037,26.379,99.926,1
OR007@6_1,outer_race,1,IE_ORACLE,512,50,751,15.9787,-5.5767,0,36.416,29.631,6.785,31.324,1
OR007@6_1,outer_race,1,LTTB,512,50,751,15.9787,-3.6603,0,36.416,22.707,13.709,90.628,1
OR007@6_1,outer_race,1,SDT,512,50,752,15.9574,-1.4668,0,36.416,25.212,11.204,51.685,1
OR007@6_1,outer_race,1,SDT_BOUNDED,512,50,752,15.9574,-1.4668,0,36.416,25.212,11.204,51.685,1
OR007@6_2,outer_race,2,IE,128,5,2527,4.7487,4.8207,0,39.218,37.615,1.603,14.346,1
OR007@6_2,outer_race,2,VW,128,5,2527,4.7487,3.6228,0,39.218,32.601,6.617,7.717,1
OR007@6_2,outer_race,2,DROP,128,5,2527,4.7487,-1.4741,0,39.218,29.644,9.574,92.786,1
OR007@6_2,outer_race,2,IE_ORACLE,128,5,2527,4.7487,4.6354,0,39.218,36.699,2.519,13.841,1
OR007@6_2,outer_race,2,LTTB,128,5,2527,4.7487,-1.2791,0,39.218,32.652,6.566,78.475,1
OR007@6_2,outer_race,2,SDT,128,5,2528,4.7468,6.3168,0,39.218,37.825,1.393,14.955,1
OR007@6_2,outer_race,2,SDT_BOUNDED,128,5,2516,4.7695,6.0205,0,39.218,37.886,1.332,14.844,1
OR007@6_2,outer_race,2,IE,128,10,1327,9.043,-2.0994,0,39.218,32.603,6.615,10.851,1
OR007@6_2,outer_race,2,VW,128,10,1327,9.043,-0.535,0,39.218,27.159,12.059,55.416,1
OR007@6_2,outer_race,2,DROP,128,10,1327,9.043,-2.195,0,39.218,25.778,13.44,98.615,1
OR007@6_2,outer_race,2,IE_ORACLE,128,10,1327,9.043,-1.7587,0,39.218,34.396,4.822,5.483,1
OR007@6_2,outer_race,2,LTTB,128,10,1327,9.043,-2.4266,0,39.218,26.391,12.827,84.009,1
OR007@6_2,outer_race,2,SDT,128,10,1327,9.043,0.5701,0,39.218,32.034,7.184,17.483,1
OR007@6_2,outer_race,2,SDT_BOUNDED,128,10,1317,9.1116,0.5355,0,39.218,31.879,7.339,17.656,1
OR007@6_2,outer_race,2,IE,128,20,727,16.5062,-5.4429,0,39.218,30.844,8.374,39.945,1
OR007@6_2,outer_race,2,VW,128,20,727,16.5062,-2.2903,0,39.218,20.36,18.858,89.405,1
OR007@6_2,outer_race,2,DROP,128,20,727,16.5062,-1.7334,0,39.218,22.331,16.887,99.504,1
OR007@6_2,outer_race,2,IE_ORACLE,128,20,727,16.5062,-5.2313,0,39.218,31.054,8.164,32.715,1
OR007@6_2,outer_race,2,LTTB,128,20,727,16.5062,-3.8265,0,39.218,24.344,14.874,91.37,1
OR007@6_2,outer_race,2,SDT,128,20,726,16.5289,-1.29,0,39.218,28.03,11.188,52.002,1
OR007@6_2,outer_race,2,SDT_BOUNDED,128,20,724,16.5746,-1.3179,0,39.218,28.123,11.095,52.041,1
OR007@6_2,outer_race,2,IE,128,50,367,32.6975,-7.8926,0,39.218,24.299,14.919,68.184,1
OR007@6_2,outer_race,2,VW,128,50,367,32.6975,-2.7081,0,39.218,14.054,25.164,98.009,1
OR007@6_2,outer_race,2,DROP,128,50,367,32.6975,-2.1124,0,39.218,14.499,24.719,99.972,1
OR007@6_2,outer_race,2,IE_ORACLE,128,50,367,32.6975,-7.7953,0,39.218,26.868,12.35,57.672,1
OR007@6_2,outer_race,2,LTTB,128,50,367,32.6975,-5.4042,0,39.218,20.097,19.121,95.322,1
OR007@6_2,outer_race,2,SDT,128,50,367,32.6975,-2.0378,0,39.218,20.388,18.83,76.653,1
OR007@6_2,outer_race,2,SDT_BOUNDED,128,50,367,32.6975,-2.0378,0,39.218,20.388,18.83,76.653,1
OR007@6_2,outer_race,2,IE,256,5,2655,4.5198,5.0714,0,39.218,36.504,2.714,14.159,1
OR007@6_2,outer_race,2,VW,256,5,2655,4.5198,3.8472,0,39.218,33.056,6.162,6.804,1
OR007@6_2,outer_race,2,DROP,256,5,2655,4.5198,-1.4646,0,39.218,28.314,10.904,93.085,1
OR007@6_2,outer_race,2,IE_ORACLE,256,5,2655,4.5198,5.3798,0,39.218,36.948,2.27,14.015,1
OR007@6_2,outer_race,2,LTTB,256,5,2655,4.5198,-1.1718,0,39.218,33.106,6.112,75.158,1
OR007@6_2,outer_race,2,SDT,256,5,2654,4.5215,6.6703,0,39.218,37.698,1.52,15.747,1
OR007@6_2,outer_race,2,SDT_BOUNDED,256,5,2646,4.5351,6.5355,0,39.218,37.792,1.426,15.701,1
OR007@6_2,outer_race,2,IE,256,10,1455,8.2474,-1.9345,0,39.218,32.146,7.072,9.045,1
OR007@6_2,outer_race,2,VW,256,10,1455,8.2474,-0.218,0,39.218,27.788,11.43,51.693,1
OR007@6_2,outer_race,2,DROP,256,10,1455,8.2474,-2.3252,0,39.218,25.662,13.556,98.564,1
OR007@6_2,outer_race,2,IE_ORACLE,256,10,1455,8.2474,-1.085,0,39.218,35.116,4.102,0.358,1
OR007@6_2,outer_race,2,LTTB,256,10,1455,8.2474,-2.21,0,39.218,26.89,12.328,82.544,1
OR007@6_2,outer_race,2,SDT,256,10,1456,8.2418,0.9621,0,39.218,33.737,5.481,11.931,1
OR007@6_2,outer_race,2,SDT_BOUNDED,256,10,1450,8.2759,0.9214,0,39.218,33.298,5.92,12.217,1
OR007@6_2,outer_race,2,IE,256,20,855,14.0351,-4.837,0,39.218,30.8,8.418,34.936,1
OR007@6_2,outer_race,2,VW,256,20,855,14.0351,-1.9389,0,39.218,20.493,18.725,85.059,1
OR007@6_2,outer_race,2,DROP,256,20,855,14.0351,-2.1553,0,39.218,23.98,15.238,99.331,1
OR007@6_2,outer_race,2,IE_ORACLE,256,20,855,14.0351,-4.6156,0,39.218,32.136,7.082,25.638,1
OR007@6_2,outer_race,2,LTTB,256,20,855,14.0351,-3.4591,0,39.218,25.358,13.86,90.142,1
OR007@6_2,outer_race,2,SDT,256,20,855,14.0351,-0.9959,0,39.218,30.367,8.851,44.094,1
OR007@6_2,outer_race,2,SDT_BOUNDED,256,20,854,14.0515,-1.0182,0,39.218,30.282,8.936,44.362,1
OR007@6_2,outer_race,2,IE,256,50,495,24.2424,-7.3644,0,39.218,26.606,12.612,56.113,1
OR007@6_2,outer_race,2,VW,256,50,495,24.2424,-2.5069,0,39.218,17.695,21.523,94.031,1
OR007@6_2,outer_race,2,DROP,256,50,495,24.2424,-1.8036,0,39.218,12.29,26.928,99.97,1
OR007@6_2,outer_race,2,IE_ORACLE,256,50,495,24.2424,-7.0401,0,39.218,28.766,10.452,47.154,1
OR007@6_2,outer_race,2,LTTB,256,50,495,24.2424,-4.6685,0,39.218,20.85,18.368,93.568,1
OR007@6_2,outer_race,2,SDT,256,50,497,24.1449,-1.7508,0,39.218,23.858,15.36,66.899,1
OR007@6_2,outer_race,2,SDT_BOUNDED,256,50,496,24.1935,-1.7505,0,39.218,23.852,15.366,66.902,1
OR007@6_2,outer_race,2,IE,512,5,2911,4.1223,5.512,0,39.218,36.516,2.702,14.638,1
OR007@6_2,outer_race,2,VW,512,5,2911,4.1223,4.2245,0,39.218,34.04,5.178,4.942,1
OR007@6_2,outer_race,2,DROP,512,5,2911,4.1223,-1.2338,0,39.218,29.113,10.105,92.933,1
OR007@6_2,outer_race,2,IE_ORACLE,512,5,2911,4.1223,6.1548,0,39.218,37.569,1.649,13.461,1
OR007@6_2,outer_race,2,LTTB,512,5,2911,4.1223,-0.8898,0,39.218,31.174,8.044,71.933,1
OR007@6_2,outer_race,2,SDT,512,5,2911,4.1223,7.337,0,39.218,37.593,1.625,16.633,1
OR007@6_2,outer_race,2,SDT_BOUNDED,512,5,2902,4.1351,7.1352,0,39.218,37.33,1.888,16.304,1
OR007@6_2,outer_race,2,IE,512,10,1711,7.0134,-0.449,0,39.218,35.121,4.097,1.627,1
OR007@6_2,outer_race,2,VW,512,10,1711,7.0134,0.4246,0,39.218,29.516,9.702,42.931,1
OR007@6_2,outer_race,2,DROP,512,10,1711,7.0134,-2.1187,0,39.218,24.388,14.83,98.534,1
OR007@6_2,outer_race,2,IE_ORACLE,512,10,1711,7.0134,0.5279,0,39.218,36.72,2.498,6.469,1
OR007@6_2,outer_race,2,LTTB,512,10,1711,7.0134,-1.9911,0,39.218,26.864,12.354,82.218,1
OR007@6_2,outer_race,2,SDT,512,10,1712,7.0093,2.6027,0,39.218,35.911,3.307,2.663,1
OR007@6_2,outer_race,2,SDT_BOUNDED,512,10,1706,7.034,2.5742,0,39.218,36.015,3.203,3.118,1
OR007@6_2,outer_race,2,IE,512,20,1111,10.8011,-3.5367,0,39.218,31.508,7.71,23.425,1
OR007@6_2,outer_race,2,VW,512,20,1111,10.8011,-1.3988,0,39.218,23.823,15.395,68.172,1
OR007@6_2,outer_race,2,DROP,512,20,1111,10.8011,-1.6456,0,39.218,20.84,18.378,99.318,1
OR007@6_2,outer_race,2,IE_ORACLE,512,20,1111,10.8011,-2.9647,0,39.218,33.099,6.119,13.644,1
OR007@6_2,outer_race,2,LTTB,512,20,1111,10.8011,-2.8289,0,39.218,27.244,11.974,87.473,1
OR007@6_2,outer_race,2,SDT,512,20,1111,10.8011,-0.3793,0,39.218,30.489,8.729,29.916,1
OR007@6_2,outer_race,2,SDT_BOUNDED,512,20,1110,10.8108,-0.3815,0,39.218,30.617,8.601,29.987,1
OR007@6_2,outer_race,2,IE,512,50,751,15.9787,-5.4696,0,39.218,29.907,9.311,38.451,1
OR007@6_2,outer_race,2,VW,512,50,751,15.9787,-2.291,0,39.218,18.678,20.54,84.669,1
OR007@6_2,outer_race,2,DROP,512,50,751,15.9787,-2.347,0,39.218,8.211,31.007,99.894,1
OR007@6_2,outer_race,2,IE_ORACLE,512,50,751,15.9787,-5.193,0,39.218,31.327,7.891,31.346,1
OR007@6_2,outer_race,2,LTTB,512,50,751,15.9787,-3.754,0,39.218,23.338,15.88,92.23,1
OR007@6_2,outer_race,2,SDT,512,50,752,15.9574,-1.0938,0,39.218,28.285,10.933,50.961,1
OR007@6_2,outer_race,2,SDT_BOUNDED,512,50,752,15.9574,-1.0938,0,39.218,28.285,10.933,50.961,1
OR007@6_3,outer_race,3,IE,128,5,2527,4.7487,4.5358,0,36.057,35.926,0.131,11.792,1
OR007@6_3,outer_race,3,VW,128,5,2527,4.7487,3.9039,0,36.057,32.826,3.231,8.195,1
OR007@6_3,outer_race,3,DROP,128,5,2527,4.7487,-1.5158,0,36.057,28.837,7.22,92.975,1
OR007@6_3,outer_race,3,IE_ORACLE,128,5,2527,4.7487,4.7339,0,36.057,35.579,0.478,11.6,1
OR007@6_3,outer_race,3,LTTB,128,5,2527,4.7487,-1.2956,0,36.057,31.018,5.039,76.58,1
OR007@6_3,outer_race,3,SDT,128,5,2527,4.7487,6.3591,0,36.057,36.5,-0.443,12.89,1
OR007@6_3,outer_race,3,SDT_BOUNDED,128,5,2488,4.8232,5.5986,0,36.057,36.294,-0.237,12.438,1
OR007@6_3,outer_race,3,IE,128,10,1327,9.043,-1.9726,0,36.057,33.162,2.895,11.358,1
OR007@6_3,outer_race,3,VW,128,10,1327,9.043,-0.4245,0,36.057,25.072,10.985,55.156,1
OR007@6_3,outer_race,3,DROP,128,10,1327,9.043,-2.2679,0,36.057,24.059,11.998,98.661,1
OR007@6_3,outer_race,3,IE_ORACLE,128,10,1327,9.043,-1.8287,0,36.057,33.632,2.425,5.188,1
OR007@6_3,outer_race,3,LTTB,128,10,1327,9.043,-2.4269,0,36.057,26.137,9.92,84.513,1
OR007@6_3,outer_race,3,SDT,128,10,1327,9.043,0.8525,0,36.057,30.918,5.139,17.806,1
OR007@6_3,outer_race,3,SDT_BOUNDED,128,10,1303,9.2095,0.4088,0,36.057,30.353,5.704,18.37,1
OR007@6_3,outer_race,3,IE,128,20,727,16.5062,-4.9942,0,36.057,29.96,6.097,41.38,1
OR007@6_3,outer_race,3,VW,128,20,727,16.5062,-2.3342,0,36.057,20.801,15.256,88.735,1
OR007@6_3,outer_race,3,DROP,128,20,727,16.5062,-1.9855,0,36.057,20.145,15.912,99.401,1
OR007@6_3,outer_race,3,IE_ORACLE,128,20,727,16.5062,-5.0444,0,36.057,30.132,5.925,32.922,1
OR007@6_3,outer_race,3,LTTB,128,20,727,16.5062,-3.8346,0,36.057,22.843,13.214,89.752,1
OR007@6_3,outer_race,3,SDT,128,20,727,16.5062,-1.2772,0,36.057,26.662,9.395,51.136,1
OR007@6_3,outer_race,3,SDT_BOUNDED,128,20,715,16.7832,-1.4872,0,36.057,26.205,9.852,51.695,1
OR007@6_3,outer_race,3,IE,128,50,367,32.6975,-7.3012,0,36.057,23.243,12.814,67.463,1
OR007@6_3,outer_race,3,VW,128,50,367,32.6975,-2.9305,0,36.057,14.842,21.215,97.425,1
OR007@6_3,outer_race,3,DROP,128,50,367,32.6975,-2.0354,0,36.057,11.223,24.834,99.97,1
OR007@6_3,outer_race,3,IE_ORACLE,128,50,367,32.6975,-8.112,0,36.057,25.762,10.295,57.25,1
OR007@6_3,outer_race,3,LTTB,128,50,367,32.6975,-5.3972,0,36.057,19.385,16.672,94.785,1
OR007@6_3,outer_race,3,SDT,128,50,366,32.7869,-2.039,0,36.057,20.849,15.208,76.378,1
OR007@6_3,outer_race,3,SDT_BOUNDED,128,50,364,32.967,-2.0507,0,36.057,19.832,16.225,77.094,1
OR007@6_3,outer_race,3,IE,256,5,2655,4.5198,4.6481,0,36.057,36.35,-0.293,11.609,1
OR007@6_3,outer_race,3,VW,256,5,2655,4.5198,4.2142,0,36.057,32.977,3.08,7.148,1
OR007@6_3,outer_race,3,DROP,256,5,2655,4.5198,-1.4105,0,36.057,29.629,6.428,93.523,1
OR007@6_3,outer_race,3,IE_ORACLE,256,5,2655,4.5198,5.0267,0,36.057,36.265,-0.208,11.573,1
OR007@6_3,outer_race,3,LTTB,256,5,2655,4.5198,-1.1211,0,36.057,30.311,5.746,74.455,1
OR007@6_3,outer_race,3,SDT,256,5,2655,4.5198,6.6216,0,36.057,36.414,-0.357,13.275,1
OR007@6_3,outer_race,3,SDT_BOUNDED,256,5,2622,4.5767,5.2087,0,36.057,35.908,0.149,12.775,1
OR007@6_3,outer_race,3,IE,256,10,1455,8.2474,-1.5819,0,36.057,34.412,1.645,10.192,1
OR007@6_3,outer_race,3,VW,256,10,1455,8.2474,-0.104,0,36.057,25.916,10.141,53.421,1
OR007@6_3,outer_race,3,DROP,256,10,1455,8.2474,-2.1465,0,36.057,23.684,12.373,98.642,1
OR007@6_3,outer_race,3,IE_ORACLE,256,10,1455,8.2474,-0.7134,0,36.057,34.117,1.94,0.082,1
OR007@6_3,outer_race,3,LTTB,256,10,1455,8.2474,-2.1972,0,36.057,26.639,9.418,83.244,1
OR007@6_3,outer_race,3,SDT,256,10,1455,8.2474,1.5098,0,36.057,31.699,4.358,10.856,1
OR007@6_3,outer_race,3,SDT_BOUNDED,256,10,1433,8.374,1.0553,0,36.057,30.842,5.215,11.937,1
OR007@6_3,outer_race,3,IE,256,20,855,14.0351,-4.7586,0,36.057,29.801,6.256,39.202,1
OR007@6_3,outer_race,3,VW,256,20,855,14.0351,-1.9786,0,36.057,21.611,14.446,83.24,1
OR007@6_3,outer_race,3,DROP,256,20,855,14.0351,-1.8766,0,36.057,19.467,16.59,99.412,1
OR007@6_3,outer_race,3,IE_ORACLE,256,20,855,14.0351,-4.741,0,36.057,30.333,5.724,25.687,1
OR007@6_3,outer_race,3,LTTB,256,20,855,14.0351,-3.3987,0,36.057,22.596,13.461,89.741,1
OR007@6_3,outer_race,3,SDT,256,20,856,14.0187,-0.9473,0,36.057,28.03,8.027,42.882,1
OR007@6_3,outer_race,3,SDT_BOUNDED,256,20,845,14.2012,-1.1635,0,36.057,27.626,8.431,43.877,1
OR007@6_3,outer_race,3,IE,256,50,495,24.2424,-6.8292,0,36.057,24.718,11.339,57.955,1
OR007@6_3,outer_race,3,VW,256,50,495,24.2424,-2.605,0,36.057,17.169,18.888,95.423,1
OR007@6_3,outer_race,3,DROP,256,50,495,24.2424,-2.2142,0,36.057,11.251,24.806,99.952,1
OR007@6_3,outer_race,3,IE_ORACLE,256,50,495,24.2424,-6.6413,0,36.057,26.016,10.041,47.705,1
OR007@6_3,outer_race,3,LTTB,256,50,495,24.2424,-4.4595,0,36.057,19.754,16.303,94.659,1
OR007@6_3,outer_race,3,SDT,256,50,495,24.2424,-1.8466,0,36.057,23.578,12.479,66.661,1
OR007@6_3,outer_race,3,SDT_BOUNDED,256,50,493,24.3408,-1.8568,0,36.057,23.142,12.915,67.121,1
OR007@6_3,outer_race,3,IE,512,5,2911,4.1223,5.1767,0,36.057,35.811,0.246,11.325,1
OR007@6_3,outer_race,3,VW,512,5,2911,4.1223,4.5837,0,36.057,33.61,2.447,6.208,1
OR007@6_3,outer_race,3,DROP,512,5,2911,4.1223,-1.3434,0,36.057,29.26,6.797,92.839,1
OR007@6_3,outer_race,3,IE_ORACLE,512,5,2911,4.1223,5.9972,0,36.057,35.697,0.36,11.928,1
OR007@6_3,outer_race,3,LTTB,512,5,2911,4.1223,-0.8369,0,36.057,31.368,4.689,71.139,1
OR007@6_3,outer_race,3,SDT,512,5,2911,4.1223,7.3342,0,36.057,36.931,-0.874,14.277,1
OR007@6_3,outer_race,3,SDT_BOUNDED,512,5,2876,4.1725,6.7877,0,36.057,35.264,0.793,13.111,1
OR007@6_3,outer_race,3,IE,512,10,1711,7.0134,-0.6014,0,36.057,33.593,2.464,4.626,1
OR007@6_3,outer_race,3,VW,512,10,1711,7.0134,0.6778,0,36.057,27.449,8.608,42.792,1
OR007@6_3,outer_race,3,DROP,512,10,1711,7.0134,-2.2396,0,36.057,24.698,11.359,98.546,1
OR007@6_3,outer_race,3,IE_ORACLE,512,10,1711,7.0134,1.1768,0,36.057,35.607,0.45,5.901,1
OR007@6_3,outer_race,3,LTTB,512,10,1711,7.0134,-1.9528,0,36.057,26.613,9.444,82.184,1
OR007@6_3,outer_race,3,SDT,512,10,1711,7.0134,2.9948,0,36.057,33.545,2.512,1.69,1
OR007@6_3,outer_race,3,SDT_BOUNDED,512,10,1689,7.1048,2.6058,0,36.057,31.298,4.759,4.177,1
OR007@6_3,outer_race,3,IE,512,20,1111,10.8011,-3.794,0,36.057,30.423,5.634,24.703,1
OR007@6_3,outer_race,3,VW,512,20,1111,10.8011,-1.3217,0,36.057,23.446,12.611,67.317,1
OR007@6_3,outer_race,3,DROP,512,20,1111,10.8011,-1.923,0,36.057,19.674,16.383,99.374,1
OR007@6_3,outer_race,3,IE_ORACLE,512,20,1111,10.8011,-3.3687,0,36.057,32.592,3.465,13.067,1
OR007@6_3,outer_race,3,LTTB,512,20,1111,10.8011,-2.8636,0,36.057,23.903,12.154,85.77,1
OR007@6_3,outer_race,3,SDT,512,20,1111,10.8011,-0.0476,0,36.057,30.172,5.885,29.404,1
OR007@6_3,outer_race,3,SDT_BOUNDED,512,20,1102,10.8893,-0.0963,0,36.057,27.977,8.08,30.978,1
OR007@6_3,outer_race,3,IE,512,50,751,15.9787,-5.43,0,36.057,29.302,6.755,39.704,1
OR007@6_3,outer_race,3,VW,512,50,751,15.9787,-2.2377,0,36.057,18.985,17.072,84.593,1
OR007@6_3,outer_race,3,DROP,512,50,751,15.9787,-2.7476,0,36.057,8.36,27.697,99.922,1
OR007@6_3,outer_race,3,IE_ORACLE,512,50,751,15.9787,-4.9586,0,36.057,30.563,5.494,31.586,1
OR007@6_3,outer_race,3,LTTB,512,50,751,15.9787,-3.7484,0,36.057,22.368,13.689,91.037,1
OR007@6_3,outer_race,3,SDT,512,50,751,15.9787,-1.2683,0,36.057,27.216,8.841,48.447,1
OR007@6_3,outer_race,3,SDT_BOUNDED,512,50,748,16.0428,-1.3634,0,36.057,26.523,9.534,48.793,1
IR014_0,inner_race,0,IE,128,5,2527,4.7487,5.437,0,29.007,28.856,0.151,8.612,1
IR014_0,inner_race,0,VW,128,5,2527,4.7487,4.7513,0,29.007,26.651,2.356,10.878,1
IR014_0,inner_race,0,DROP,128,5,2527,4.7487,-1.423,0,29.007,20.16,8.847,93.879,1
IR014_0,inner_race,0,IE_ORACLE,128,5,2527,4.7487,5.6468,0,29.007,29.907,-0.9,7.579,1
IR014_0,inner_race,0,LTTB,128,5,2527,4.7487,-0.9242,0,29.007,23.511,5.496,73.276,1
IR014_0,inner_race,0,SDT,128,5,2527,4.7487,6.7667,0,29.007,29.438,-0.431,6.991,1
IR014_0,inner_race,0,SDT_BOUNDED,128,5,2469,4.8603,6.044,0,29.007,28.402,0.605,3.821,1
IR014_0,inner_race,0,IE,128,10,1327,9.043,2.0674,0,29.007,28.442,0.565,0.253,1
IR014_0,inner_race,0,VW,128,10,1327,9.043,1.453,0,29.007,22.961,6.046,38.571,1
IR014_0,inner_race,0,DROP,128,10,1327,9.043,-2.0,0,29.007,17.535,11.472,98.866,1
IR014_0,inner_race,0,IE_ORACLE,128,10,1327,9.043,1.8776,0,29.007,27.755,1.252,2.66,1
IR014_0,inner_race,0,LTTB,128,10,1327,9.043,-2.2154,0,29.007,19.429,9.578,83.686,1
IR014_0,inner_race,0,SDT,128,10,1327,9.043,4.3887,0,29.007,29.247,-0.24,3.4,1
IR014_0,inner_race,0,SDT_BOUNDED,128,10,1308,9.1743,3.7948,0,29.007,25.336,3.671,7.02,1
IR014_0,inner_race,0,IE,128,20,727,16.5062,-1.5447,0,29.007,26.768,2.239,14.02,1
IR014_0,inner_race,0,VW,128,20,727,16.5062,-1.161,0,29.007,19.502,9.505,72.35,1
IR014_0,inner_race,0,DROP,128,20,727,16.5062,-1.7972,0,29.007,15.357,13.65,99.612,1
IR014_0,inner_race,0,IE_ORACLE,128,20,727,16.5062,-0.3898,0,29.007,27.65,1.357,9.965,1
IR014_0,inner_race,0,LTTB,128,20,727,16.5062,-3.2892,0,29.007,15.949,13.058,90.81,1
IR014_0,inner_race,0,SDT,128,20,728,16.4835,1.9873,0,29.007,26.165,2.842,16.861,1
IR014_0,inner_race,0,SDT_BOUNDED,128,20,718,16.7131,1.7514,0,29.007,26.667,2.34,18.493,1
IR014_0,inner_race,0,IE,128,50,367,32.6975,-5.9423,0,29.007,24.301,4.706,38.765,1
IR014_0,inner_race,0,VW,128,50,367,32.6975,-2.3254,0,29.007,16.079,12.928,96.549,1
IR014_0,inner_race,0,DROP,128,50,367,32.6975,-1.976,0,29.007,13.714,15.293,99.938,1
IR014_0,inner_race,0,IE_ORACLE,128,50,367,32.6975,-5.7134,0,29.007,24.768,4.239,29.62,1
IR014_0,inner_race,0,LTTB,128,50,367,32.6975,-5.0929,0,29.007,13.109,15.898,96.166,1
IR014_0,inner_race,0,SDT,128,50,367,32.6975,-1.4267,0,29.007,23.15,5.857,42.09,1
IR014_0,inner_race,0,SDT_BOUNDED,128,50,364,32.967,-1.8292,0,29.007,22.432,6.575,43.023,1
IR014_0,inner_race,0,IE,256,5,2655,4.5198,5.7427,0,29.007,28.611,0.396,8.677,1
IR014_0,inner_race,0,VW,256,5,2655,4.5198,4.9225,0,29.007,26.977,2.03,10.657,1
IR014_0,inner_race,0,DROP,256,5,2655,4.5198,-1.3841,0,29.007,20.134,8.873,93.947,1
IR014_0,inner_race,0,IE_ORACLE,256,5,2655,4.5198,6.0053,0,29.007,29.265,-0.258,7.194,1
IR014_0,inner_race,0,LTTB,256,5,2655,4.5198,-0.7333,0,29.007,21.979,7.028,74.033,1
IR014_0,inner_race,0,SDT,256,5,2655,4.5198,6.9662,0,29.007,28.727,0.28,7.393,1
IR014_0,inner_race,0,SDT_BOUNDED,256,5,2619,4.5819,6.7378,0,29.007,28.959,0.048,5.765,1
IR014_0,inner_race,0,IE,256,10,1455,8.2474,2.2389,0,29.007,28.253,0.754,0.383,1
IR014_0,inner_race,0,VW,256,10,1455,8.2474,1.9287,0,29.007,23.769,5.238,33.634,1
IR014_0,inner_race,0,DROP,256,10,1455,8.2474,-1.899,0,29.007,16.649,12.358,98.719,1
IR014_0,inner_race,0,IE_ORACLE,256,10,1455,8.2474,2.5166,0,29.007,28.128,0.879,0.534,1
IR014_0,inner_race,0,LTTB,256,10,1455,8.2474,-2.09,0,29.007,20.771,8.236,82.193,1
IR014_0,inner_race,0,SDT,256,10,1455,8.2474,4.9302,0,29.007,28.968,0.039,2.038,1
IR014_0,inner_race,0,SDT_BOUNDED,256,10,1439,8.3391,4.5051,0,29.007,28.055,0.952,3.584,1
IR014_0,inner_race,0,IE,256,20,855,14.0351,-0.2247,0,29.007,27.953,1.054,11.396,1
IR014_0,inner_race,0,VW,256,20,855,14.0351,-0.6566,0,29.007,19.932,9.075,62.157,1
IR014_0,inner_race,0,DROP,256,20,855,14.0351,-1.7254,0,29.007,12.001,17.006,99.681,1
IR014_0,inner_race,0,IE_ORACLE,256,20,855,14.0351,-0.1336,0,29.007,28.028,0.979,6.763,1
IR014_0,inner_race,0,LTTB,256,20,855,14.0351,-3.1281,0,29.007,17.235,11.772,90.479,1
IR014_0,inner_race,0,SDT,256,20,855,14.0351,2.7369,0,29.007,28.04,0.967,11.456,1
IR014_0,inner_race,0,SDT_BOUNDED,256,20,852,14.0845,2.6852,0,29.007,28.023,0.984,12.146,1
IR014_0,inner_race,0,IE,256,50,495,24.2424,-4.6094,0,29.007,24.849,4.158,26.918,1
IR014_0,inner_race,0,VW,256,50,495,24.2424,-2.2035,0,29.007,13.027,15.98,88.232,1
IR014_0,inner_race,0,DROP,256,50,495,24.2424,-1.5866,0,29.007,9.616,19.391,99.925,1
IR014_0,inner_race,0,IE_ORACLE,256,50,495,24.2424,-4.1489,0,29.007,26.149,2.858,19.458,1
IR014_0,inner_race,0,LTTB,256,50,495,24.2424,-4.304,0,29.007,13.832,15.175,92.149,1
IR014_0,inner_race,0,SDT,256,50,495,24.2424,-0.0467,0,29.007,26.75,2.257,28.843,1
IR014_0,inner_race,0,SDT_BOUNDED,256,50,492,24.3902,-0.2355,0,29.007,26.705,2.302,28.818,1
IR014_0,inner_race,0,IE,512,5,2911,4.1223,6.2094,0,29.007,28.844,0.163,8.714,1
IR014_0,inner_race,0,VW,512,5,2911,4.1223,5.3539,0,29.007,26.628,2.379,9.793,1
IR014_0,inner_race,0,DROP,512,5,2911,4.1223,-1.3488,0,29.007,19.247,9.76,94.469,1
IR014_0,inner_race,0,IE_ORACLE,512,5,2911,4.1223,6.7504,0,29.007,28.996,0.011,8.324,1
IR014_0,inner_race,0,LTTB,512,5,2911,4.1223,-0.55,0,29.007,23.912,5.095,71.266,1
IR014_0,inner_race,0,SDT,512,5,2912,4.1209,7.4758,0,29.007,29.079,-0.072,8.3,1
IR014_0,inner_race,0,SDT_BOUNDED,512,5,2897,4.1422,7.1355,0,29.007,28.697,0.31,7.284,1
IR014_0,inner_race,0,IE,512,10,1711,7.0134,3.0044,0,29.007,27.835,1.172,1.66,1
IR014_0,inner_race,0,VW,512,10,1711,7.0134,2.4181,0,29.007,24.847,4.16,25.738,1
IR014_0,inner_race,0,DROP,512,10,1711,7.0134,-1.9055,0,29.007,16.655,12.352,98.783,1
IR014_0,inner_race,0,IE_ORACLE,512,10,1711,7.0134,3.2401,0,29.007,28.071,0.936,3.19,1
IR014_0,inner_race,0,LTTB,512,10,1711,7.0134,-1.7404,0,29.007,21.447,7.56,79.683,1
IR014_0,inner_race,0,SDT,512,10,1712,7.0093,5.3516,0,29.007,28.574,0.433,0.922,1
IR014_0,inner_race,0,SDT_BOUNDED,512,10,1705,7.0381,5.1322,0,29.007,26.919,2.088,1.988,1
IR014_0,inner_race,0,IE,512,20,1111,10.8011,0.3954,0,29.007,27.272,1.735,6.783,1
IR014_0,inner_race,0,VW,512,20,1111,10.8011,0.4148,0,29.007,23.643,5.364,47.397,1
IR014_0,inner_race,0,DROP,512,20,1111,10.8011,-1.7817,0,29.007,15.823,13.184,99.573,1
IR014_0,inner_race,0,IE_ORACLE,512,20,1111,10.8011,0.9412,0,29.007,28.672,0.335,4.238,1
IR014_0,inner_race,0,LTTB,512,20,1111,10.8011,-2.4471,0,29.007,17.721,11.286,88.596,1
IR014_0,inner_race,0,SDT,512,20,1112,10.7914,3.8509,0,29.007,29.041,-0.034,7.068,1
IR014_0,inner_race,0,SDT_BOUNDED,512,20,1109,10.8206,3.8703,0,29.007,28.934,0.073,7.254,1
IR014_0,inner_race,0,IE,512,50,751,15.9787,-1.5783,0,29.007,27.135,1.872,13.755,1
IR014_0,inner_race,0,VW,512,50,751,15.9787,-0.6275,0,29.007,17.217,11.79,62.324,1
IR014_0,inner_race,0,DROP,512,50,751,15.9787,-2.2189,0,29.007,7.939,21.068,99.927,0
IR014_0,inner_race,0,IE_ORACLE,512,50,751,15.9787,-0.2931,0,29.007,27.642,1.365,9.488,1
IR014_0,inner_race,0,LTTB,512,50,751,15.9787,-3.2347,0,29.007,16.57,12.437,91.928,1
IR014_0,inner_race,0,SDT,512,50,753,15.9363,2.3758,0,29.007,26.752,2.255,15.015,1
IR014_0,inner_race,0,SDT_BOUNDED,512,50,750,16.0,2.3548,0,29.007,26.574,2.433,15.2,1
IR014_1,inner_race,1,IE,128,5,2527,4.7487,4.7475,0,25.962,25.47,0.492,10.452,1
IR014_1,inner_race,1,VW,128,5,2527,4.7487,3.9479,0,25.962,24.154,1.808,3.413,1
IR014_1,inner_race,1,DROP,128,5,2527,4.7487,-1.5946,0,25.962,20.872,5.09,92.253,1
IR014_1,inner_race,1,IE_ORACLE,128,5,2527,4.7487,4.9904,0,25.962,25.45,0.512,10.042,1
IR014_1,inner_race,1,LTTB,128,5,2527,4.7487,-1.2739,0,25.962,23.037,2.925,71.799,1
IR014_1,inner_race,1,SDT,128,5,2527,4.7487,5.8146,0,25.962,25.372,0.59,11.43,1
IR014_1,inner_race,1,SDT_BOUNDED,128,5,2502,4.7962,5.4135,0,25.962,25.035,0.927,10.302,1
IR014_1,inner_race,1,IE,128,10,1327,9.043,1.2601,0,25.962,25.19,0.772,5.722,1
IR014_1,inner_race,1,VW,128,10,1327,9.043,0.9523,0,25.962,21.992,3.97,32.08,1
IR014_1,inner_race,1,DROP,128,10,1327,9.043,-2.5936,0,25.962,15.996,9.966,98.865,1
IR014_1,inner_race,1,IE_ORACLE,128,10,1327,9.043,1.3433,0,25.962,26.167,-0.205,7.643,1
IR014_1,inner_race,1,LTTB,128,10,1327,9.043,-2.5126,0,25.962,18.698,7.264,82.011,1
IR014_1,inner_race,1,SDT,128,10,1327,9.043,3.8318,0,25.962,23.825,2.137,0.059,1
IR014_1,inner_race,1,SDT_BOUNDED,128,10,1301,9.2237,3.4888,0,25.962,24.042,1.92,2.756,1
IR014_1,inner_race,1,IE,128,20,727,16.5062,-1.8112,0,25.962,23.655,2.307,10.73,1
IR014_1,inner_race,1,VW,128,20,727,16.5062,-1.5768,0,25.962,14.2,11.762,72.205,1
IR014_1,inner_race,1,DROP,128,20,727,16.5062,-2.1746,0,25.962,14.82,11.142,99.586,1
IR014_1,inner_race,1,IE_ORACLE,128,20,727,16.5062,-1.3836,0,25.962,23.233,2.729,7.581,1
IR014_1,inner_race,1,LTTB,128,20,727,16.5062,-3.7705,0,25.962,14.566,11.396,88.556,1
IR014_1,inner_race,1,SDT,128,20,727,16.5062,1.9487,0,25.962,22.999,2.963,16.334,1
IR014_1,inner_race,1,SDT_BOUNDED,128,20,718,16.7131,1.9068,0,25.962,23.136,2.826,16.006,1
IR014_1,inner_race,1,IE,128,50,367,32.6975,-6.3366,0,25.962,22.142,3.82,36.445,1
IR014_1,inner_race,1,VW,128,50,367,32.6975,-3.1373,0,25.962,14.838,11.124,95.2,1
IR014_1,inner_race,1,DROP,128,50,367,32.6975,-3.8272,0,25.962,14.698,11.264,99.91,1
IR014_1,inner_race,1,IE_ORACLE,128,50,367,32.6975,-5.544,0,25.962,22.385,3.577,29.072,1
IR014_1,inner_race,1,LTTB,128,50,367,32.6975,-5.4032,0,25.962,10.717,15.245,95.759,1
IR014_1,inner_race,1,SDT,128,50,367,32.6975,-0.2908,0,25.962,20.493,5.469,39.692,1
IR014_1,inner_race,1,SDT_BOUNDED,128,50,366,32.7869,-0.377,0,25.962,19.944,6.018,40.525,1
IR014_1,inner_race,1,IE,256,5,2655,4.5198,5.0919,0,25.962,25.687,0.275,9.068,1
IR014_1,inner_race,1,VW,256,5,2655,4.5198,4.1741,0,25.962,24.851,1.111,1.861,1
IR014_1,inner_race,1,DROP,256,5,2655,4.5198,-1.5955,0,25.962,21.139,4.823,92.285,1
IR014_1,inner_race,1,IE_ORACLE,256,5,2655,4.5198,5.2398,0,25.962,25.672,0.29,9.392,1
IR014_1,inner_race,1,LTTB,256,5,2655,4.5198,-1.2136,0,25.962,22.722,3.24,71.359,1
IR014_1,inner_race,1,SDT,256,5,2655,4.5198,6.0009,0,25.962,25.593,0.369,11.909,1
IR014_1,inner_race,1,SDT_BOUNDED,256,5,2632,4.5593,5.5288,0,25.962,24.617,1.345,10.953,1
IR014_1,inner_race,1,IE,256,10,1455,8.2474,1.6515,0,25.962,24.783,1.179,5.972,1
IR014_1,inner_race,1,VW,256,10,1455,8.2474,1.2531,0,25.962,22.261,3.701,30.94,1
IR014_1,inner_race,1,DROP,256,10,1455,8.2474,-2.7257,0,25.962,14.911,11.051,98.87,1
IR014_1,inner_race,1,IE_ORACLE,256,10,1455,8.2474,1.6201,0,25.962,26.049,-0.087,8.63,1
IR014_1,inner_race,1,LTTB,256,10,1455,8.2474,-2.2879,0,25.962,18.221,7.741,80.718,1
IR014_1,inner_race,1,SDT,256,10,1454,8.2531,3.8874,0,25.962,24.018,1.944,0.746,1
IR014_1,inner_race,1,SDT_BOUNDED,256,10,1441,8.3276,3.8084,0,25.962,24.27,1.692,0.18,1
IR014_1,inner_race,1,IE,256,20,855,14.0351,-0.9588,0,25.962,23.561,2.401,8.004,1
IR014_1,inner_race,1,VW,256,20,855,14.0351,-1.1818,0,25.962,13.87,12.092,69.3,1
IR014_1,inner_race,1,DROP,256,20,855,14.0351,-2.6912,0,25.962,9.807,16.155,99.736,1
IR014_1,inner_race,1,IE_ORACLE,256,20,855,14.0351,-0.5179,0,25.962,24.922,1.04,3.281,1
IR014_1,inner_race,1,LTTB,256,20,855,14.0351,-3.2447,0,25.962,15.893,10.069,90.504,1
IR014_1,inner_race,1,SDT,256,20,857,14.0023,2.5979,0,25.962,23.334,2.628,11.281,1
IR014_1,inner_race,1,SDT_BOUNDED,256,20,849,14.1343,1.797,0,25.962,21.64,4.322,13.777,1
IR014_1,inner_race,1,IE,256,50,495,24.2424,-4.5465,0,25.962,22.941,3.021,25.283,1
IR014_1,inner_race,1,VW,256,50,495,24.2424,-2.3773,0,25.962,9.547,16.415,86.107,1
IR014_1,inner_race,1,DROP,256,50,495,24.2424,-1.5762,0,25.962,6.964,18.998,99.962,1
IR014_1,inner_race,1,IE_ORACLE,256,50,495,24.2424,-3.8876,0,25.962,23.231,2.731,20.122,1
IR014_1,inner_race,1,LTTB,256,50,495,24.2424,-4.6011,0,25.962,12.645,13.317,94.023,1
IR014_1,inner_race,1,SDT,256,50,496,24.1935,-0.0234,0,25.962,20.941,5.021,28.747,1
IR014_1,inner_race,1,SDT_BOUNDED,256,50,494,24.2915,-0.0882,0,25.962,21.115,4.847,28.74,1
IR014_1,inner_race,1,IE,512,5,2911,4.1223,5.4677,0,25.962,25.245,0.717,8.437,1
IR014_1,inner_race,1,VW,512,5,2911,4.1223,4.5766,0,25.962,24.648,1.314,1.056,1
IR014_1,inner_race,1,DROP,512,5,2911,4.1223,-1.2927,0,25.962,18.349,7.613,95.199,1
IR014_1,inner_race,1,IE_ORACLE,512,5,2911,4.1223,5.8694,0,25.962,24.965,0.997,8.787,1
IR014_1,inner_race,1,LTTB,512,5,2911,4.1223,-0.9889,0,25.962,25.284,0.678,68.814,1
IR014_1,inner_race,1,SDT,512,5,2911,4.1223,6.4119,0,25.962,24.822,1.14,12.095,1
IR014_1,inner_race,1,SDT_BOUNDED,512,5,2891,4.1508,5.9934,0,25.962,24.884,1.078,11.279,1
IR014_1,inner_race,1,IE,512,10,1711,7.0134,2.3527,0,25.962,25.469,0.493,6.783,1
IR014_1,inner_race,1,VW,512,10,1711,7.0134,1.8148,0,25.962,22.2,3.762,28.146,1
IR014_1,inner_race,1,DROP,512,10,1711,7.0134,-1.9087,0,25.962,16.762,9.2,98.766,1
IR014_1,inner_race,1,IE_ORACLE,512,10,1711,7.0134,2.5974,0,25.962,25.682,0.28,9.599,1
IR014_1,inner_race,1,LTTB,512,10,1711,7.0134,-2.0483,0,25.962,19.844,6.118,79.036,1
IR014_1,inner_race,1,SDT,512,10,1711,7.0134,4.429,0,25.962,25.663,0.299,4.819,1
IR014_1,inner_race,1,SDT_BOUNDED,512,10,1705,7.0381,4.3844,0,25.962,25.397,0.565,4.121,1
IR014_1,inner_race,1,IE,512,20,1111,10.8011,0.338,0,25.962,24.666,1.296,2.175,1
IR014_1,inner_race,1,VW,512,20,1111,10.8011,-0.3142,0,25.962,15.345,10.617,53.977,1
IR014_1,inner_race,1,DROP,512,20,1111,10.8011,-1.8402,0,25.962,10.953,15.009,99.657,1
IR014_1,inner_race,1,IE_ORACLE,512,20,1111,10.8011,0.3869,0,25.962,25.129,0.833,3.676,1
IR014_1,inner_race,1,LTTB,512,20,1111,10.8011,-2.7622,0,25.962,17.434,8.528,86.945,1
IR014_1,inner_race,1,SDT,512,20,1112,10.7914,3.1826,0,25.962,23.59,2.372,3.473,1
IR014_1,inner_race,1,SDT_BOUNDED,512,20,1105,10.8597,3.1779,0,25.962,24.12,1.842,4.388,1
IR014_1,inner_race,1,IE,512,50,751,15.9787,-2.3346,0,25.962,22.962,3.0,11.811,1
IR014_1,inner_race,1,VW,512,50,751,15.9787,-1.1329,0,25.962,15.014,10.948,62.492,1
IR014_1,inner_race,1,DROP,512,50,751,15.9787,-2.8786,0,25.962,6.421,19.541,99.853,1
IR014_1,inner_race,1,IE_ORACLE,512,50,751,15.9787,-1.087,0,25.962,23.374,2.588,6.492,1
IR014_1,inner_race,1,LTTB,512,50,751,15.9787,-3.6165,0,25.962,14.381,11.581,89.442,1
IR014_1,inner_race,1,SDT,512,50,752,15.9574,2.0359,0,25.962,23.059,2.903,15.696,1
IR014_1,inner_race,1,SDT_BOUNDED,512,50,750,16.0,2.0241,0,25.962,22.666,3.296,16.077,1
IR014_2,inner_race,2,IE,128,5,2527,4.7487,4.3879,0,23.096,23.653,-0.557,9.106,1
IR014_2,inner_race,2,VW,128,5,2527,4.7487,3.8255,0,23.096,22.777,0.319,5.826,1
IR014_2,inner_race,2,DROP,128,5,2527,4.7487,-1.2397,0,23.096,17.866,5.23,93.576,1
IR014_2,inner_race,2,IE_ORACLE,128,5,2527,4.7487,4.5736,0,23.096,23.312,-0.216,9.049,1
IR014_2,inner_race,2,LTTB,128,5,2527,4.7487,-1.215,0,23.096,20.179,2.917,71.167,1
IR014_2,inner_race,2,SDT,128,5,2527,4.7487,5.4889,0,23.096,23.488,-0.392,7.036,1
IR014_2,inner_race,2,SDT_BOUNDED,128,5,2464,4.8701,4.6057,0,23.096,22.316,0.78,0.679,1
IR014_2,inner_race,2,IE,128,10,1327,9.043,1.0238,0,23.096,22.602,0.494,0.82,1
IR014_2,inner_race,2,VW,128,10,1327,9.043,0.9606,0,23.096,20.607,2.489,37.086,1
IR014_2,inner_race,2,DROP,128,10,1327,9.043,-2.0019,0,23.096,15.513,7.583,98.918,1
IR014_2,inner_race,2,IE_ORACLE,128,10,1327,9.043,1.0855,0,23.096,22.957,0.139,0.16,1
IR014_2,inner_race,2,LTTB,128,10,1327,9.043,-2.4177,0,23.096,19.462,3.634,83.75,1
IR014_2,inner_race,2,SDT,128,10,1328,9.0361,3.5861,0,23.096,22.211,0.885,5.573,1
IR014_2,inner_race,2,SDT_BOUNDED,128,10,1314,9.1324,3.0907,0,23.096,22.402,0.694,7.658,1
IR014_2,inner_race,2,IE,128,20,727,16.5062,-1.3491,0,23.096,21.858,1.238,11.762,1
IR014_2,inner_race,2,VW,128,20,727,16.5062,-1.5623,0,23.096,14.612,8.484,71.299,1
IR014_2,inner_race,2,DROP,128,20,727,16.5062,-1.8429,0,23.096,12.928,10.168,99.617,1
IR014_2,inner_race,2,IE_ORACLE,128,20,727,16.5062,-1.6256,0,23.096,22.113,0.983,9.511,1
IR014_2,inner_race,2,LTTB,128,20,727,16.5062,-3.4695,0,23.096,14.501,8.595,90.822,1
IR014_2,inner_race,2,SDT,128,20,726,16.5289,2.002,0,23.096,21.47,1.626,17.009,1
IR014_2,inner_race,2,SDT_BOUNDED,128,20,718,16.7131,1.7219,0,23.096,21.054,2.042,17.69,1
IR014_2,inner_race,2,IE,128,50,367,32.6975,-6.3169,0,23.096,21.159,1.937,35.187,1
IR014_2,inner_race,2,VW,128,50,367,32.6975,-3.2116,0,23.096,11.552,11.544,92.174,1
IR014_2,inner_race,2,DROP,128,50,367,32.6975,-2.0151,0,23.096,8.57,14.526,99.953,1
IR014_2,inner_race,2,IE_ORACLE,128,50,367,32.6975,-5.0446,0,23.096,19.791,3.305,27.527,1
IR014_2,inner_race,2,LTTB,128,50,367,32.6975,-5.1938,0,23.096,12.359,10.737,95.657,1
IR014_2,inner_race,2,SDT,128,50,368,32.6087,-0.7481,0,23.096,19.098,3.998,36.965,1
IR014_2,inner_race,2,SDT_BOUNDED,128,50,368,32.6087,-0.7481,0,23.096,19.098,3.998,36.965,1
IR014_2,inner_race,2,IE,256,5,2655,4.5198,4.6212,0,23.096,23.817,-0.721,9.831,1
IR014_2,inner_race,2,VW,256,5,2655,4.5198,4.0123,0,23.096,22.688,0.408,6.227,1
IR014_2,inner_race,2,DROP,256,5,2655,4.5198,-1.1201,0,23.096,19.348,3.748,93.167,1
IR014_2,inner_race,2,IE_ORACLE,256,5,2655,4.5198,4.9544,0,23.096,22.893,0.203,8.766,1
IR014_2,inner_race,2,LTTB,256,5,2655,4.5198,-1.0275,0,23.096,22.236,0.86,72.513,1
IR014_2,inner_race,2,SDT,256,5,2656,4.5181,5.674,0,23.096,23.689,-0.593,7.813,1
IR014_2,inner_race,2,SDT_BOUNDED,256,5,2635,4.5541,5.5246,0,23.096,23.299,-0.203,6.919,1
IR014_2,inner_race,2,IE,256,10,1455,8.2474,1.3663,0,23.096,22.596,0.5,0.499,1
IR014_2,inner_race,2,VW,256,10,1455,8.2474,1.1909,0,23.096,20.751,2.345,35.41,1
IR014_2,inner_race,2,DROP,256,10,1455,8.2474,-2.0836,0,23.096,15.097,7.999,98.949,1
IR014_2,inner_race,2,IE_ORACLE,256,10,1455,8.2474,1.6375,0,23.096,23.141,-0.045,1.9,1
IR014_2,inner_race,2,LTTB,256,10,1455,8.2474,-2.378,0,23.096,19.311,3.785,82.725,1
IR014_2,inner_race,2,SDT,256,10,1456,8.2418,3.8045,0,23.096,22.623,0.473,2.63,1
IR014_2,inner_race,2,SDT_BOUNDED,256,10,1453,8.2588,3.7553,0,23.096,22.686,0.41,2.673,1
IR014_2,inner_race,2,IE,256,20,855,14.0351,-0.9228,0,23.096,22.079,1.017,9.43,1
IR014_2,inner_race,2,VW,256,20,855,14.0351,-1.1706,0,23.096,13.182,9.914,67.108,1
IR014_2,inner_race,2,DROP,256,20,855,14.0351,-2.0062,0,23.096,11.046,12.05,99.689,1
IR014_2,inner_race,2,IE_ORACLE,256,20,855,14.0351,-0.7671,0,23.096,22.294,0.802,7.523,1
IR014_2,inner_race,2,LTTB,256,20,855,14.0351,-3.43,0,23.096,14.995,8.101,89.389,1
IR014_2,inner_race,2,SDT,256,20,855,14.0351,2.416,0,23.096,21.966,1.13,12.599,1
IR014_2,inner_race,2,SDT_BOUNDED,256,20,855,14.0351,2.416,0,23.096,21.966,1.13,12.599,1
IR014_2,inner_race,2,IE,256,50,495,24.2424,-3.8415,0,23.096,20.286,2.81,26.316,1
IR014_2,inner_race,2,VW,256,50,495,24.2424,-2.422,0,23.096,9.354,13.742,88.654,1
IR014_2,inner_race,2,DROP,256,50,495,24.2424,-1.4184,0,23.096,8.983,14.113,99.96,1
IR014_2,inner_race,2,IE_ORACLE,256,50,495,24.2424,-3.2861,0,23.096,21.108,1.988,19.828,1
IR014_2,inner_race,2,LTTB,256,50,495,24.2424,-4.5398,0,23.096,10.017,13.079,93.815,1
IR014_2,inner_race,2,SDT,256,50,497,24.1449,0.2917,0,23.096,20.113,2.983,26.916,1
IR014_2,inner_race,2,SDT_BOUNDED,256,50,496,24.1935,0.2904,0,23.096,20.117,2.979,26.902,1
IR014_2,inner_race,2,IE,512,5,2911,4.1223,5.0366,0,23.096,23.554,-0.458,8.831,1
IR014_2,inner_race,2,VW,512,5,2911,4.1223,4.5005,0,23.096,22.772,0.324,5.749,1
IR014_2,inner_race,2,DROP,512,5,2911,4.1223,-0.9876,0,23.096,16.979,6.117,94.218,1
IR014_2,inner_race,2,IE_ORACLE,512,5,2911,4.1223,5.5686,0,23.096,23.363,-0.267,8.664,1
IR014_2,inner_race,2,LTTB,512,5,2911,4.1223,-0.9568,0,23.096,21.623,1.473,71.871,1
IR014_2,inner_race,2,SDT,512,5,2912,4.1209,6.1269,0,23.096,23.617,-0.521,10.373,1
IR014_2,inner_race,2,SDT_BOUNDED,512,5,2905,4.1308,6.1263,0,23.096,23.686,-0.59,10.352,1
IR014_2,inner_race,2,IE,512,10,1711,7.0134,2.0828,0,23.096,22.823,0.273,1.991,1
IR014_2,inner_race,2,VW,512,10,1711,7.0134,1.7285,0,23.096,20.765,2.331,30.014,1
IR014_2,inner_race,2,DROP,512,10,1711,7.0134,-2.0045,0,23.096,15.573,7.523,98.954,1
IR014_2,inner_race,2,IE_ORACLE,512,10,1711,7.0134,2.5518,0,23.096,23.322,-0.226,4.03,1
IR014_2,inner_race,2,LTTB,512,10,1711,7.0134,-2.0985,0,23.096,19.129,3.967,81.069,1
IR014_2,inner_race,2,SDT,512,10,1711,7.0134,4.141,0,23.096,22.542,0.554,0.479,1
IR014_2,inner_race,2,SDT_BOUNDED,512,10,1709,7.0217,4.1348,0,23.096,22.368,0.728,0.356,1
IR014_2,inner_race,2,IE,512,20,1111,10.8011,-0.3645,0,23.096,22.56,0.536,6.778,1
IR014_2,inner_race,2,VW,512,20,1111,10.8011,0.1888,0,23.096,19.276,3.82,45.563,1
IR014_2,inner_race,2,DROP,512,20,1111,10.8011,-1.8468,0,23.096,12.335,10.761,99.656,1
IR014_2,inner_race,2,IE_ORACLE,512,20,1111,10.8011,0.3387,0,23.096,22.844,0.252,2.825,1
IR014_2,inner_race,2,LTTB,512,20,1111,10.8011,-2.7991,0,23.096,15.904,7.192,88.818,1
IR014_2,inner_race,2,SDT,512,20,1112,10.7914,2.9182,0,23.096,22.138,0.958,8.471,1
IR014_2,inner_race,2,SDT_BOUNDED,512,20,1111,10.8011,2.8566,0,23.096,21.554,1.542,9.497,1
IR014_2,inner_race,2,IE,512,50,751,15.9787,-2.0489,0,23.096,22.104,0.992,11.185,1
IR014_2,inner_race,2,VW,512,50,751,15.9787,-1.3275,0,23.096,15.101,7.995,67.47,1
IR014_2,inner_race,2,DROP,512,50,751,15.9787,-2.9994,0,23.096,5.487,17.609,99.927,0
IR014_2,inner_race,2,IE_ORACLE,512,50,751,15.9787,-1.5232,0,23.096,22.416,0.68,8.829,1
IR014_2,inner_race,2,LTTB,512,50,751,15.9787,-3.6041,0,23.096,14.972,8.124,92.426,1
IR014_2,inner_race,2,SDT,512,50,751,15.9787,2.0303,0,23.096,21.527,1.569,15.738,1
IR014_2,inner_race,2,SDT_BOUNDED,512,50,751,15.9787,2.0303,0,23.096,21.527,1.569,15.738,1
IR014_3,inner_race,3,IE,128,5,2527,4.7487,4.3055,0,25.429,24.93,0.499,5.17,1
IR014_3,inner_race,3,VW,128,5,2527,4.7487,3.2898,0,25.429,24.281,1.148,15.828,1
IR014_3,inner_race,3,DROP,128,5,2527,4.7487,-1.2152,0,25.429,18.73,6.699,94.046,1
IR014_3,inner_race,3,IE_ORACLE,128,5,2527,4.7487,4.4255,0,25.429,25.435,-0.006,8.159,1
IR014_3,inner_race,3,LTTB,128,5,2527,4.7487,-0.9494,0,25.429,21.286,4.143,77.821,1
IR014_3,inner_race,3,SDT,128,5,2528,4.7468,4.5095,0,25.429,25.323,0.106,4.931,1
IR014_3,inner_race,3,SDT_BOUNDED,128,5,2501,4.7981,4.0633,0,25.429,24.958,0.471,4.312,1
IR014_3,inner_race,3,IE,128,10,1327,9.043,0.9266,0,25.429,24.46,0.969,3.074,1
IR014_3,inner_race,3,VW,128,10,1327,9.043,0.505,0,25.429,19.645,5.784,41.31,1
IR014_3,inner_race,3,DROP,128,10,1327,9.043,-2.2415,0,25.429,13.717,11.712,99.159,1
IR014_3,inner_race,3,IE_ORACLE,128,10,1327,9.043,0.7688,0,25.429,24.991,0.438,2.899,1
IR014_3,inner_race,3,LTTB,128,10,1327,9.043,-2.4118,0,25.429,17.09,8.339,85.293,1
IR014_3,inner_race,3,SDT,128,10,1329,9.0293,2.6473,0,25.429,23.375,2.054,12.68,1
IR014_3,inner_race,3,SDT_BOUNDED,128,10,1313,9.1394,2.4177,0,25.429,23.4,2.029,12.725,1
IR014_3,inner_race,3,IE,128,20,727,16.5062,-1.3363,0,25.429,23.761,1.668,13.883,1
IR014_3,inner_race,3,VW,128,20,727,16.5062,-1.8092,0,25.429,16.455,8.974,74.931,1
IR014_3,inner_race,3,DROP,128,20,727,16.5062,-1.887,0,25.429,9.793,15.636,99.733,1
IR014_3,inner_race,3,IE_ORACLE,128,20,727,16.5062,-2.2279,0,25.429,22.908,2.521,14.206,1
IR014_3,inner_race,3,LTTB,128,20,727,16.5062,-3.3751,0,25.429,13.407,12.022,93.812,1
IR014_3,inner_race,3,SDT,128,20,727,16.5062,1.5831,0,25.429,23.491,1.938,23.351,1
IR014_3,inner_race,3,SDT_BOUNDED,128,20,715,16.7832,1.3928,0,25.429,22.923,2.506,24.143,1
IR014_3,inner_race,3,IE,128,50,367,32.6975,-5.6157,0,25.429,22.05,3.379,34.933,1
IR014_3,inner_race,3,VW,128,50,367,32.6975,-2.936,0,25.429,11.194,14.235,95.199,1
IR014_3,inner_race,3,DROP,128,50,367,32.6975,-2.1625,0,25.429,6.488,18.941,99.96,1
IR014_3,inner_race,3,IE_ORACLE,128,50,367,32.6975,-5.0704,0,25.429,22.702,2.727,30.361,1
IR014_3,inner_race,3,LTTB,128,50,367,32.6975,-4.9889,0,25.429,16.615,8.814,96.619,1
IR014_3,inner_race,3,SDT,128,50,368,32.6087,-1.3966,0,25.429,21.01,4.419,36.324,1
IR014_3,inner_race,3,SDT_BOUNDED,128,50,363,33.0579,-1.8031,0,25.429,20.544,4.885,37.724,1
IR014_3,inner_race,3,IE,256,5,2655,4.5198,4.5276,0,25.429,24.925,0.504,5.464,1
IR014_3,inner_race,3,VW,256,5,2655,4.5198,3.4868,0,25.429,23.914,1.515,14.409,1
IR014_3,inner_race,3,DROP,256,5,2655,4.5198,-1.1762,0,25.429,19.515,5.914,93.425,1
IR014_3,inner_race,3,IE_ORACLE,256,5,2655,4.5198,4.6938,0,25.429,25.286,0.143,8.51,1
IR014_3,inner_race,3,LTTB,256,5,2655,4.5198,-0.592,0,25.429,21.308,4.121,75.839,1
IR014_3,inner_race,3,SDT,256,5,2654,4.5215,4.6745,0,25.429,25.025,0.404,6.043,1
IR014_3,inner_race,3,SDT_BOUNDED,256,5,2629,4.5645,4.2367,0,25.429,25.071,0.358,5.61,1
IR014_3,inner_race,3,IE,256,10,1455,8.2474,1.2155,0,25.429,24.311,1.118,2.599,1
IR014_3,inner_race,3,VW,256,10,1455,8.2474,0.841,0,25.429,19.924,5.505,37.598,1
IR014_3,inner_race,3,DROP,256,10,1455,8.2474,-2.1551,0,25.429,15.323,10.106,98.819,1
IR014_3,inner_race,3,IE_ORACLE,256,10,1455,8.2474,1.2288,0,25.429,25.218,0.211,2.226,1
IR014_3,inner_race,3,LTTB,256,10,1455,8.2474,-2.1386,0,25.429,18.808,6.621,85.736,1
IR014_3,inner_race,3,SDT,256,10,1456,8.2418,2.8413,0,25.429,23.441,1.988,9.611,1
IR014_3,inner_race,3,SDT_BOUNDED,256,10,1440,8.3333,2.5249,0,25.429,23.467,1.962,9.927,1
IR014_3,inner_race,3,IE,256,20,855,14.0351,-1.2468,0,25.429,24.11,1.319,14.099,1
IR014_3,inner_race,3,VW,256,20,855,14.0351,-1.4448,0,25.429,17.545,7.884,68.53,1
IR014_3,inner_race,3,DROP,256,20,855,14.0351,-2.0745,0,25.429,13.255,12.174,99.511,1
IR014_3,inner_race,3,IE_ORACLE,256,20,855,14.0351,-1.1457,0,25.429,24.3,1.129,10.626,1
IR014_3,inner_race,3,LTTB,256,20,855,14.0351,-3.1501,0,25.429,16.327,9.102,90.995,1
IR014_3,inner_race,3,SDT,256,20,858,13.986,1.7462,0,25.429,23.07,2.359,21.835,1
IR014_3,inner_race,3,SDT_BOUNDED,256,20,846,14.1844,1.6194,0,25.429,22.241,3.188,23.059,1
IR014_3,inner_race,3,IE,256,50,495,24.2424,-4.3227,0,25.429,23.225,2.204,27.086,1
IR014_3,inner_race,3,VW,256,50,495,24.2424,-2.6544,0,25.429,13.609,11.82,91.255,1
IR014_3,inner_race,3,DROP,256,50,495,24.2424,-1.8759,0,25.429,9.101,16.328,99.943,1
IR014_3,inner_race,3,IE_ORACLE,256,50,495,24.2424,-3.0979,0,25.429,23.135,2.294,23.269,1
IR014_3,inner_race,3,LTTB,256,50,495,24.2424,-4.3922,0,25.429,13.716,11.713,95.788,1
IR014_3,inner_race,3,SDT,256,50,496,24.1935,0.1261,0,25.429,22.961,2.468,29.434,1
IR014_3,inner_race,3,SDT_BOUNDED,256,50,491,24.4399,-0.0163,0,25.429,21.001,4.428,33.062,1
IR014_3,inner_race,3,IE,512,5,2911,4.1223,4.9661,0,25.429,25.296,0.133,6.318,1
IR014_3,inner_race,3,VW,512,5,2911,4.1223,3.8931,0,25.429,24.409,1.02,14.923,1
IR014_3,inner_race,3,DROP,512,5,2911,4.1223,-0.9461,0,25.429,16.287,9.142,94.655,1
IR014_3,inner_race,3,IE_ORACLE,512,5,2911,4.1223,5.533,0,25.429,25.445,-0.016,8.8,1
IR014_3,inner_race,3,LTTB,512,5,2911,4.1223,-0.361,0,25.429,23.493,1.936,72.563,1
IR014_3,inner_race,3,SDT,512,5,2914,4.1181,5.1097,0,25.429,25.954,-0.525,6.911,1
IR014_3,inner_race,3,SDT_BOUNDED,512,5,2892,4.1494,4.8702,0,25.429,25.687,-0.258,5.533,1
IR014_3,inner_race,3,IE,512,10,1711,7.0134,1.787,0,25.429,24.482,0.947,3.216,1
IR014_3,inner_race,3,VW,512,10,1711,7.0134,1.2383,0,25.429,21.775,3.654,32.527,1
IR014_3,inner_race,3,DROP,512,10,1711,7.0134,-2.0535,0,25.429,16.677,8.752,98.845,1
IR014_3,inner_race,3,IE_ORACLE,512,10,1711,7.0134,1.8766,0,25.429,25.114,0.315,0.175,1
IR014_3,inner_race,3,LTTB,512,10,1711,7.0134,-2.1106,0,25.429,19.189,6.24,82.741,1
IR014_3,inner_race,3,SDT,512,10,1712,7.0093,3.3117,0,25.429,24.163,1.266,6.122,1
IR014_3,inner_race,3,SDT_BOUNDED,512,10,1699,7.063,3.294,0,25.429,23.984,1.445,6.312,1
IR014_3,inner_race,3,IE,512,20,1111,10.8011,-0.2101,0,25.429,23.666,1.763,10.143,1
IR014_3,inner_race,3,VW,512,20,1111,10.8011,-0.4071,0,25.429,16.322,9.107,51.516,1
IR014_3,inner_race,3,DROP,512,20,1111,10.8011,-1.7706,0,25.429,12.447,12.982,99.543,1
IR014_3,inner_race,3,IE_ORACLE,512,20,1111,10.8011,0.4336,0,25.429,24.551,0.878,4.6,1
IR014_3,inner_race,3,LTTB,512,20,1111,10.8011,-2.7048,0,25.429,13.769,11.66,90.138,1
IR014_3,inner_race,3,SDT,512,20,1110,10.8108,2.2225,0,25.429,23.473,1.956,15.818,1
IR014_3,inner_race,3,SDT_BOUNDED,512,20,1106,10.8499,2.1916,0,25.429,23.699,1.73,15.652,1
IR014_3,inner_race,3,IE,512,50,751,15.9787,-2.0083,0,25.429,22.909,2.52,17.418,1
IR014_3,inner_race,3,VW,512,50,751,15.9787,-1.7487,0,25.429,14.918,10.511,70.703,1
IR014_3,inner_race,3,DROP,512,50,751,15.9787,-2.0941,0,25.429,5.639,19.79,99.839,0
IR014_3,inner_race,3,IE_ORACLE,512,50,751,15.9787,-1.9484,0,25.429,23.257,2.172,14.021,1
IR014_3,inner_race,3,LTTB,512,50,751,15.9787,-3.4186,0,25.429,15.619,9.81,90.396,1
IR014_3,inner_race,3,SDT,512,50,750,16.0,1.7008,0,25.429,22.913,2.516,21.99,1
IR014_3,inner_race,3,SDT_BOUNDED,512,50,749,16.0214,1.6966,0,25.429,22.891,2.538,22.073,1
B014_0,ball,0,IE,128,5,2527,4.7487,2.7824,0,-0.389,-0.782,0.393,2.354,0
B014_0,ball,0,VW,128,5,2527,4.7487,2.0216,0,-0.389,2.232,-2.621,19.862,0
B014_0,ball,0,DROP,128,5,2527,4.7487,-1.275,0,-0.389,1.713,-2.102,92.719,0
B014_0,ball,0,IE_ORACLE,128,5,2527,4.7487,3.9019,0,-0.389,-0.99,0.601,4.765,0
B014_0,ball,0,LTTB,128,5,2527,4.7487,-0.7534,0,-0.389,1.484,-1.873,71.953,0
B014_0,ball,0,SDT,128,5,2528,4.7468,4.4037,0,-0.389,-0.94,0.551,0.476,0
B014_0,ball,0,SDT_BOUNDED,128,5,2097,5.7225,0.733,0,-0.389,3.257,-3.646,29.515,0
B014_0,ball,0,IE,128,10,1327,9.043,-0.4211,0,-0.389,-1.633,1.244,8.836,0
B014_0,ball,0,VW,128,10,1327,9.043,-0.6105,0,-0.389,5.799,-6.188,10.929,0
B014_0,ball,0,DROP,128,10,1327,9.043,-1.5894,0,-0.389,3.021,-3.41,96.689,0
B014_0,ball,0,IE_ORACLE,128,10,1327,9.043,-0.212,0,-0.389,-0.012,-0.377,11.742,0
B014_0,ball,0,LTTB,128,10,1327,9.043,-1.8284,0,-0.389,4.756,-5.145,79.627,0
B014_0,ball,0,SDT,128,10,1327,9.043,1.9745,0,-0.389,-0.244,-0.145,18.682,0
B014_0,ball,0,SDT_BOUNDED,128,10,1028,11.6732,-0.1667,0,-0.389,3.927,-4.316,40.985,0
B014_0,ball,0,IE,128,20,727,16.5062,-3.9153,0,-0.389,1.141,-1.53,6.745,0
B014_0,ball,0,VW,128,20,727,16.5062,-1.9746,0,-0.389,3.841,-4.23,77.461,0
B014_0,ball,0,DROP,128,20,727,16.5062,-1.5601,0,-0.389,1.07,-1.459,99.086,0
B014_0,ball,0,IE_ORACLE,128,20,727,16.5062,-3.4338,0,-0.389,0.169,-0.558,16.236,0
B014_0,ball,0,LTTB,128,20,727,16.5062,-2.7089,0,-0.389,6.231,-6.62,86.289,1
B014_0,ball,0,SDT,128,20,725,16.5517,0.699,0,-0.389,0.901,-1.29,14.974,0
B014_0,ball,0,SDT_BOUNDED,128,20,530,22.6415,-1.4666,0,-0.389,2.868,-3.257,20.822,0
B014_0,ball,0,IE,128,50,367,32.6975,-5.909,0,-0.389,3.973,-4.362,22.027,0
B014_0,ball,0,VW,128,50,367,32.6975,-2.7121,0,-0.389,3.974,-4.363,87.644,0
B014_0,ball,0,DROP,128,50,367,32.6975,-1.7631,0,-0.389,3.325,-3.714,99.825,0
B014_0,ball,0,IE_ORACLE,128,50,367,32.6975,-5.0246,0,-0.389,2.279,-2.668,22.952,0
B014_0,ball,0,LTTB,128,50,367,32.6975,-3.875,0,-0.389,-0.893,0.504,92.4,0
B014_0,ball,0,SDT,128,50,372,32.2581,-1.1321,0,-0.389,4.519,-4.908,35.11,0
B014_0,ball,0,SDT_BOUNDED,128,50,275,43.6364,-2.9763,0,-0.389,3.734,-4.123,19.83,0
B014_0,ball,0,IE,256,5,2655,4.5198,3.1514,0,-0.389,-2.036,1.647,14.977,0
B014_0,ball,0,VW,256,5,2655,4.5198,2.5239,0,-0.389,0.749,-1.138,7.613,0
B014_0,ball,0,DROP,256,5,2655,4.5198,-1.1893,0,-0.389,-0.558,0.169,93.769,0
B014_0,ball,0,IE_ORACLE,256,5,2655,4.5198,4.1499,0,-0.389,-1.255,0.866,5.156,0
B014_0,ball,0,LTTB,256,5,2655,4.5198,-0.6487,0,-0.389,0.567,-0.956,73.504,0
B014_0,ball,0,SDT,256,5,2655,4.5198,4.6584,0,-0.389,-1.197,0.808,0.213,0
B014_0,ball,0,SDT_BOUNDED,256,5,2290,5.2402,2.015,0,-0.389,-1.613,1.224,30.393,0
B014_0,ball,0,IE,256,10,1455,8.2474,-0.3184,0,-0.389,-1.548,1.159,3.492,0
B014_0,ball,0,VW,256,10,1455,8.2474,-0.4038,0,-0.389,3.674,-4.063,1.835,0
B014_0,ball,0,DROP,256,10,1455,8.2474,-1.5052,0,-0.389,2.968,-3.357,96.652,0
B014_0,ball,0,IE_ORACLE,256,10,1455,8.2474,0.1762,0,-0.389,0.022,-0.411,12.028,0
B014_0,ball,0,LTTB,256,10,1455,8.2474,-1.7876,0,-0.389,1.578,-1.967,82.41,0
B014_0,ball,0,SDT,256,10,1455,8.2474,2.4056,0,-0.389,-1.509,1.12,4.199,0
B014_0,ball,0,SDT_BOUNDED,256,10,1186,10.118,0.4864,0,-0.389,3.571,-3.96,44.388,0
B014_0,ball,0,IE,256,20,855,14.0351,-3.0075,0,-0.389,0.016,-0.405,1.164,0
B014_0,ball,0,VW,256,20,855,14.0351,-1.6217,0,-0.389,3.75,-4.139,45.381,0
B014_0,ball,0,DROP,256,20,855,14.0351,-1.8751,0,-0.389,3.774,-4.163,97.93,0
B014_0,ball,0,IE_ORACLE,256,20,855,14.0351,-2.7356,0,-0.389,-0.661,0.272,4.05,0
B014_0,ball,0,LTTB,256,20,855,14.0351,-2.4722,0,-0.389,4.403,-4.792,83.802,0
B014_0,ball,0,SDT,256,20,857,14.0023,1.2011,0,-0.389,0.162,-0.551,8.824,0
B014_0,ball,0,SDT_BOUNDED,256,20,691,17.3661,-1.2281,0,-0.389,-4.05,3.661,58.632,0
B014_0,ball,0,IE,256,50,495,24.2424,-3.9706,0,-0.389,1.474,-1.863,6.985,0
B014_0,ball,0,VW,256,50,495,24.2424,-2.5674,0,-0.389,3.196,-3.585,78.564,0
B014_0,ball,0,DROP,256,50,495,24.2424,-2.3451,0,-0.389,4.665,-5.054,99.745,0
B014_0,ball,0,IE_ORACLE,256,50,495,24.2424,-5.2078,0,-0.389,0.437,-0.826,7.245,0
B014_0,ball,0,LTTB,256,50,495,24.2424,-3.3215,0,-0.389,2.639,-3.028,92.927,0
B014_0,ball,0,SDT,256,50,498,24.0964,0.2905,0,-0.389,2.452,-2.841,30.543,0
B014_0,ball,0,SDT_BOUNDED,256,50,421,28.5036,-0.153,0,-0.389,6.056,-6.445,66.551,1
B014_0,ball,0,IE,512,5,2911,4.1223,3.6775,0,-0.389,-1.189,0.8,4.203,0
B014_0,ball,0,VW,512,5,2911,4.1223,2.9678,0,-0.389,0.058,-0.447,4.521,0
B014_0,ball,0,DROP,512,5,2911,4.1223,-1.1244,0,-0.389,0.764,-1.153,92.896,0
B014_0,ball,0,IE_ORACLE,512,5,2911,4.1223,4.9387,0,-0.389,-0.79,0.401,1.664,0
B014_0,ball,0,LTTB,512,5,2911,4.1223,-0.2338,0,-0.389,-1.415,1.026,74.075,0
B014_0,ball,0,SDT,512,5,2911,4.1223,5.1652,0,-0.389,-0.856,0.467,4.551,0
B014_0,ball,0,SDT_BOUNDED,512,5,2662,4.5079,3.3913,0,-0.389,-0.339,-0.05,8.387,0
B014_0,ball,0,IE,512,10,1711,7.0134,0.1826,0,-0.389,-1.194,0.805,3.31,0
B014_0,ball,0,VW,512,10,1711,7.0134,0.4249,0,-0.389,2.908,-3.297,13.342,0
B014_0,ball,0,DROP,512,10,1711,7.0134,-1.4851,0,-0.389,4.361,-4.75,95.547,0
B014_0,ball,0,IE_ORACLE,512,10,1711,7.0134,1.0451,0,-0.389,-0.658,0.269,2.03,0
B014_0,ball,0,LTTB,512,10,1711,7.0134,-1.58,0,-0.389,1.525,-1.914,76.664,0
B014_0,ball,0,SDT,512,10,1714,7.0012,2.7465,0,-0.389,-0.708,0.319,6.391,0
B014_0,ball,0,SDT_BOUNDED,512,10,1532,7.8329,1.1056,0,-0.389,0.644,-1.033,12.754,0
B014_0,ball,0,IE,512,20,1111,10.8011,-1.613,0,-0.389,0.307,-0.696,16.894,0
B014_0,ball,0,VW,512,20,1111,10.8011,-0.9728,0,-0.389,4.02,-4.409,4.866,0
B014_0,ball,0,DROP,512,20,1111,10.8011,-1.7124,0,-0.389,2.442,-2.831,98.464,0
B014_0,ball,0,IE_ORACLE,512,20,1111,10.8011,-0.8386,0,-0.389,-0.436,0.047,6.673,0
B014_0,ball,0,LTTB,512,20,1111,10.8011,-2.2806,0,-0.389,0.336,-0.725,89.504,0
B014_0,ball,0,SDT,512,20,1117,10.7431,1.4527,0,-0.389,0.452,-0.841,15.583,0
B014_0,ball,0,SDT_BOUNDED,512,20,1018,11.7878,0.2754,0,-0.389,2.983,-3.372,53.437,0
B014_0,ball,0,IE,512,50,751,15.9787,-3.7216,0,-0.389,0.671,-1.06,12.516,0
B014_0,ball,0,VW,512,50,751,15.9787,-1.6764,0,-0.389,3.313,-3.702,19.972,0
B014_0,ball,0,DROP,512,50,751,15.9787,-1.8465,0,-0.389,3.296,-3.685,99.708,0
B014_0,ball,0,IE_ORACLE,512,50,751,15.9787,-3.0232,0,-0.389,0.724,-1.113,20.56,0
B014_0,ball,0,LTTB,512,50,751,15.9787,-2.6686,0,-0.389,5.888,-6.277,88.048,0
B014_0,ball,0,SDT,512,50,750,16.0,0.7234,0,-0.389,1.233,-1.622,18.558,0
B014_0,ball,0,SDT_BOUNDED,512,50,732,16.3934,0.4189,0,-0.389,1.126,-1.515,14.005,0
B014_1,ball,1,IE,128,5,2527,4.7487,3.1861,0,1.816,1.574,0.242,14.31,0
B014_1,ball,1,VW,128,5,2527,4.7487,2.4593,0,1.816,1.681,0.135,10.204,0
B014_1,ball,1,DROP,128,5,2527,4.7487,-1.0672,0,1.816,2.629,-0.813,91.919,0
B014_1,ball,1,IE_ORACLE,128,5,2527,4.7487,3.5414,0,1.816,1.461,0.355,12.421,0
B014_1,ball,1,LTTB,128,5,2527,4.7487,-0.6793,0,1.816,1.684,0.132,76.723,0
B014_1,ball,1,SDT,128,5,2528,4.7468,4.3284,0,1.816,1.674,0.142,16.239,0
B014_1,ball,1,SDT_BOUNDED,128,5,2298,5.2219,2.0402,0,1.816,1.38,0.436,0.185,0
B014_1,ball,1,IE,128,10,1327,9.043,-0.1491,0,1.816,1.183,0.633,13.094,0
B014_1,ball,1,VW,128,10,1327,9.043,-0.2533,0,1.816,3.419,-1.603,16.466,0
B014_1,ball,1,DROP,128,10,1327,9.043,-1.5545,0,1.816,-0.082,1.898,98.177,0
B014_1,ball,1,IE_ORACLE,128,10,1327,9.043,-0.6996,0,1.816,1.231,0.585,8.642,0
B014_1,ball,1,LTTB,128,10,1327,9.043,-1.6911,0,1.816,2.679,-0.863,81.187,0
B014_1,ball,1,SDT,128,10,1328,9.0361,1.4566,0,1.816,3.481,-1.665,33.461,0
B014_1,ball,1,SDT_BOUNDED,128,10,1186,10.118,0.3145,0,1.816,1.803,0.013,8.983,0
B014_1,ball,1,IE,128,20,727,16.5062,-3.609,0,1.816,2.001,-0.185,9.668,0
B014_1,ball,1,VW,128,20,727,16.5062,-1.6334,0,1.816,4.149,-2.333,60.055,0
B014_1,ball,1,DROP,128,20,727,16.5062,-1.6372,0,1.816,3.643,-1.827,98.515,0
B014_1,ball,1,IE_ORACLE,128,20,727,16.5062,-3.6529,0,1.816,3.511,-1.695,28.675,0
B014_1,ball,1,LTTB,128,20,727,16.5062,-2.4672,0,1.816,1.424,0.392,93.18,0
B014_1,ball,1,SDT,128,20,729,16.4609,-0.0942,0,1.816,1.84,-0.024,3.302,0
B014_1,ball,1,SDT_BOUNDED,128,20,653,18.3767,-1.0069,0,1.816,1.762,0.054,5.576,0
B014_1,ball,1,IE,128,50,367,32.6975,-5.5835,0,1.816,3.238,-1.422,1.481,0
B014_1,ball,1,VW,128,50,367,32.6975,-2.6438,0,1.816,4.288,-2.472,85.934,0
B014_1,ball,1,DROP,128,50,367,32.6975,-1.87,0,1.816,-0.308,2.124,99.847,0
B014_1,ball,1,IE_ORACLE,128,50,367,32.6975,-6.9792,0,1.816,1.878,-0.062,5.765,0
B014_1,ball,1,LTTB,128,50,367,32.6975,-4.0825,0,1.816,2.547,-0.731,91.656,0
B014_1,ball,1,SDT,128,50,369,32.5203,-2.1421,0,1.816,1.818,-0.002,24.196,0
B014_1,ball,1,SDT_BOUNDED,128,50,360,33.3333,-2.1843,0,1.816,1.771,0.045,24.331,0
B014_1,ball,1,IE,256,5,2655,4.5198,3.6998,0,1.816,1.796,0.02,13.17,0
B014_1,ball,1,VW,256,5,2655,4.5198,2.8692,0,1.816,0.893,0.923,0.699,0
B014_1,ball,1,DROP,256,5,2655,4.5198,-0.9022,0,1.816,3.126,-1.31,91.436,0
B014_1,ball,1,IE_ORACLE,256,5,2655,4.5198,4.0352,0,1.816,1.293,0.523,12.0,0
B014_1,ball,1,LTTB,256,5,2655,4.5198,-0.5155,0,1.816,2.239,-0.423,74.805,0
B014_1,ball,1,SDT,256,5,2654,4.5215,4.5602,0,1.816,1.386,0.43,18.667,0
B014_1,ball,1,SDT_BOUNDED,256,5,2530,4.7431,3.404,0,1.816,1.495,0.321,19.391,0
B014_1,ball,1,IE,256,10,1455,8.2474,-0.0404,0,1.816,0.994,0.822,13.296,0
B014_1,ball,1,VW,256,10,1455,8.2474,0.0393,0,1.816,3.014,-1.198,22.924,0
B014_1,ball,1,DROP,256,10,1455,8.2474,-1.3975,0,1.816,-3.018,4.834,98.585,0
B014_1,ball,1,IE_ORACLE,256,10,1455,8.2474,-0.5785,0,1.816,0.418,1.398,0.36,0
B014_1,ball,1,LTTB,256,10,1455,8.2474,-1.6438,0,1.816,2.238,-0.422,81.911,0
B014_1,ball,1,SDT,256,10,1454,8.2531,1.9764,0,1.816,3.533,-1.717,37.411,0
B014_1,ball,1,SDT_BOUNDED,256,10,1386,8.658,1.2943,0,1.816,3.184,-1.368,31.649,0
B014_1,ball,1,IE,256,20,855,14.0351,-3.0227,0,1.816,3.021,-1.205,25.383,0
B014_1,ball,1,VW,256,20,855,14.0351,-1.2958,0,1.816,3.312,-1.496,54.354,0
B014_1,ball,1,DROP,256,20,855,14.0351,-1.5999,0,1.816,5.138,-3.322,97.639,0
B014_1,ball,1,IE_ORACLE,256,20,855,14.0351,-3.3149,0,1.816,3.227,-1.411,30.34,0
B014_1,ball,1,LTTB,256,20,855,14.0351,-2.4551,0,1.816,1.055,0.761,91.237,0
B014_1,ball,1,SDT,256,20,854,14.0515,0.3738,0,1.816,2.196,-0.38,12.701,0
B014_1,ball,1,SDT_BOUNDED,256,20,846,14.1844,0.2237,0,1.816,2.325,-0.509,13.554,0
B014_1,ball,1,IE,256,50,495,24.2424,-5.427,0,1.816,2.493,-0.677,3.234,0
B014_1,ball,1,VW,256,50,495,24.2424,-2.2105,0,1.816,4.196,-2.38,78.806,0
B014_1,ball,1,DROP,256,50,495,24.2424,-2.2113,0,1.816,7.071,-5.255,99.72,1
B014_1,ball,1,IE_ORACLE,256,50,495,24.2424,-5.9309,0,1.816,3.259,-1.443,12.572,0
B014_1,ball,1,LTTB,256,50,495,24.2424,-3.4321,0,1.816,5.776,-3.96,85.021,0
B014_1,ball,1,SDT,256,50,494,24.2915,-1.0009,0,1.816,1.675,0.141,19.136,0
B014_1,ball,1,SDT_BOUNDED,256,50,491,24.4399,-1.0374,0,1.816,1.696,0.12,19.052,0
B014_1,ball,1,IE,512,5,2911,4.1223,4.298,0,1.816,1.16,0.656,7.002,0
B014_1,ball,1,VW,512,5,2911,4.1223,3.4227,0,1.816,0.471,1.345,6.684,0
B014_1,ball,1,DROP,512,5,2911,4.1223,-0.7646,0,1.816,3.124,-1.308,91.525,0
B014_1,ball,1,IE_ORACLE,512,5,2911,4.1223,4.9133,0,1.816,1.642,0.174,13.596,0
B014_1,ball,1,LTTB,512,5,2911,4.1223,-0.2441,0,1.816,1.749,0.067,68.017,0
B014_1,ball,1,SDT,512,5,2912,4.1209,5.0996,0,1.816,1.967,-0.151,23.415,0
B014_1,ball,1,SDT_BOUNDED,512,5,2885,4.1594,4.9392,0,1.816,2.455,-0.639,28.705,0
B014_1,ball,1,IE,512,10,1711,7.0134,0.7734,0,1.816,1.022,0.794,4.202,0
B014_1,ball,1,VW,512,10,1711,7.0134,0.7818,0,1.816,2.703,-0.887,14.409,0
B014_1,ball,1,DROP,512,10,1711,7.0134,-1.2393,0,1.816,-2.164,3.98,98.319,0
B014_1,ball,1,IE_ORACLE,512,10,1711,7.0134,0.9616,0,1.816,0.475,1.341,1.376,0
B014_1,ball,1,LTTB,512,10,1711,7.0134,-1.423,0,1.816,3.549,-1.733,75.963,0
B014_1,ball,1,SDT,512,10,1712,7.0093,2.7606,0,1.816,1.538,0.278,11.696,0
B014_1,ball,1,SDT_BOUNDED,512,10,1696,7.0755,2.6832,0,1.816,2.006,-0.19,12.168,0
B014_1,ball,1,IE,512,20,1111,10.8011,-2.128,0,1.816,2.999,-1.183,26.532,0
B014_1,ball,1,VW,512,20,1111,10.8011,-0.6893,0,1.816,2.13,-0.314,31.627,0
B014_1,ball,1,DROP,512,20,1111,10.8011,-1.567,0,1.816,5.634,-3.818,97.54,0
B014_1,ball,1,IE_ORACLE,512,20,1111,10.8011,-1.7482,0,1.816,2.615,-0.799,18.143,0
B014_1,ball,1,LTTB,512,20,1111,10.8011,-2.0358,0,1.816,2.48,-0.664,84.669,0
B014_1,ball,1,SDT,512,20,1108,10.8303,0.9176,0,1.816,3.706,-1.89,35.747,0
B014_1,ball,1,SDT_BOUNDED,512,20,1108,10.8303,0.9176,0,1.816,3.706,-1.89,35.747,0
B014_1,ball,1,IE,512,50,751,15.9787,-3.963,0,1.816,3.321,-1.505,16.339,0
B014_1,ball,1,VW,512,50,751,15.9787,-1.6842,0,1.816,0.848,0.968,64.752,0
B014_1,ball,1,DROP,512,50,751,15.9787,-2.4038,0,1.816,2.001,-0.185,99.744,0
B014_1,ball,1,IE_ORACLE,512,50,751,15.9787,-3.7965,0,1.816,3.564,-1.748,30.019,0
B014_1,ball,1,LTTB,512,50,751,15.9787,-2.3471,0,1.816,9.64,-7.824,80.128,1
B014_1,ball,1,SDT,512,50,750,16.0,-0.056,0,1.816,1.561,0.255,5.583,0
B014_1,ball,1,SDT_BOUNDED,512,50,750,16.0,-0.056,0,1.816,1.561,0.255,5.583,0
B014_2,ball,2,IE,128,5,2527,4.7487,2.5185,0,9.708,9.372,0.336,14.479,1
B014_2,ball,2,VW,128,5,2527,4.7487,1.8813,0,9.708,7.452,2.256,24.892,1
B014_2,ball,2,DROP,128,5,2527,4.7487,-0.9525,0,9.708,10.013,-0.305,93.775,1
B014_2,ball,2,IE_ORACLE,128,5,2527,4.7487,3.2429,0,9.708,9.533,0.175,10.577,1
B014_2,ball,2,LTTB,128,5,2527,4.7487,-0.4592,0,9.708,8.295,1.413,78.278,1
B014_2,ball,2,SDT,128,5,2527,4.7487,3.5783,0,9.708,9.106,0.602,13.354,1
B014_2,ball,2,SDT_BOUNDED,128,5,2310,5.1948,1.9155,0,9.708,6.034,3.674,26.672,1
B014_2,ball,2,IE,128,10,1327,9.043,-0.9362,0,9.708,9.415,0.293,7.66,1
B014_2,ball,2,VW,128,10,1327,9.043,-0.7246,0,9.708,8.524,1.184,48.602,1
B014_2,ball,2,DROP,128,10,1327,9.043,-1.5312,0,9.708,7.003,2.705,97.517,1
B014_2,ball,2,IE_ORACLE,128,10,1327,9.043,-0.8415,0,9.708,9.96,-0.252,12.422,1
B014_2,ball,2,LTTB,128,10,1327,9.043,-1.7575,0,9.708,8.171,1.537,85.661,1
B014_2,ball,2,SDT,128,10,1328,9.0361,1.3492,0,9.708,9.846,-0.138,13.158,1
B014_2,ball,2,SDT_BOUNDED,128,10,1140,10.5263,0.1058,0,9.708,7.757,1.951,11.147,1
B014_2,ball,2,IE,128,20,727,16.5062,-3.442,0,9.708,8.648,1.06,28.585,1
B014_2,ball,2,VW,128,20,727,16.5062,-1.8025,0,9.708,5.194,4.514,87.789,0
B014_2,ball,2,DROP,128,20,727,16.5062,-1.9762,0,9.708,9.517,0.191,98.241,1
B014_2,ball,2,IE_ORACLE,128,20,727,16.5062,-3.8852,0,9.708,9.663,0.045,0.128,1
B014_2,ball,2,LTTB,128,20,727,16.5062,-2.4525,0,9.708,5.987,3.721,91.512,0
B014_2,ball,2,SDT,128,20,727,16.5062,-0.3809,0,9.708,6.712,2.996,36.538,1
B014_2,ball,2,SDT_BOUNDED,128,20,621,19.3237,-0.8123,0,9.708,3.977,5.731,48.807,0
B014_2,ball,2,IE,128,50,367,32.6975,-6.0235,0,9.708,5.875,3.833,54.815,0
B014_2,ball,2,VW,128,50,367,32.6975,-2.781,0,9.708,4.557,5.151,95.436,0
B014_2,ball,2,DROP,128,50,367,32.6975,-2.2933,0,9.708,4.489,5.219,99.895,0
B014_2,ball,2,IE_ORACLE,128,50,367,32.6975,-6.466,0,9.708,7.931,1.777,30.955,1
B014_2,ball,2,LTTB,128,50,367,32.6975,-3.9138,0,9.708,4.65,5.058,96.593,0
B014_2,ball,2,SDT,128,50,368,32.6087,-1.349,0,9.708,4.34,5.368,62.737,0
B014_2,ball,2,SDT_BOUNDED,128,50,346,34.6821,-1.7449,0,9.708,3.995,5.713,72.399,0
B014_2,ball,2,IE,256,5,2655,4.5198,3.0125,0,9.708,9.378,0.33,14.194,1
B014_2,ball,2,VW,256,5,2655,4.5198,2.2823,0,9.708,8.441,1.267,21.322,1
B014_2,ball,2,DROP,256,5,2655,4.5198,-0.8902,0,9.708,9.405,0.303,94.434,1
B014_2,ball,2,IE_ORACLE,256,5,2655,4.5198,3.5599,0,9.708,9.434,0.274,11.636,1
B014_2,ball,2,LTTB,256,5,2655,4.5198,-0.2944,0,9.708,10.979,-1.271,72.479,1
B014_2,ball,2,SDT,256,5,2656,4.5181,3.9066,0,9.708,8.8,0.908,12.017,1
B014_2,ball,2,SDT_BOUNDED,256,5,2513,4.7752,2.9524,0,9.708,8.658,1.05,1.331,1
B014_2,ball,2,IE,256,10,1455,8.2474,-0.6263,0,9.708,9.833,-0.125,9.826,1
B014_2,ball,2,VW,256,10,1455,8.2474,-0.3884,0,9.708,6.375,3.333,53.255,1
B014_2,ball,2,DROP,256,10,1455,8.2474,-1.4538,0,9.708,4.411,5.297,97.953,0
B014_2,ball,2,IE_ORACLE,256,10,1455,8.2474,-0.2092,0,9.708,9.438,0.27,13.369,1
B014_2,ball,2,LTTB,256,10,1455,8.2474,-1.6277,0,9.708,10.207,-0.499,81.583,1
B014_2,ball,2,SDT,256,10,1456,8.2418,1.3895,0,9.708,9.093,0.615,9.949,1
B014_2,ball,2,SDT_BOUNDED,256,10,1343,8.9352,0.5604,0,9.708,9.241,0.467,1.168,1
B014_2,ball,2,IE,256,20,855,14.0351,-2.8247,0,9.708,9.103,0.605,18.517,1
B014_2,ball,2,VW,256,20,855,14.0351,-1.6226,0,9.708,8.849,0.859,79.478,0
B014_2,ball,2,DROP,256,20,855,14.0351,-1.6155,0,9.708,4.807,4.901,99.14,0
B014_2,ball,2,IE_ORACLE,256,20,855,14.0351,-3.2266,0,9.708,8.942,0.766,4.899,1
B014_2,ball,2,LTTB,256,20,855,14.0351,-2.511,0,9.708,8.398,1.31,92.524,0
B014_2,ball,2,SDT,256,20,855,14.0351,-0.3319,0,9.708,7.923,1.785,26.416,1
B014_2,ball,2,SDT_BOUNDED,256,20,795,15.0943,-1.011,0,9.708,4.564,5.144,47.254,0
B014_2,ball,2,IE,256,50,495,24.2424,-4.7239,0,9.708,8.1,1.608,34.81,1
B014_2,ball,2,VW,256,50,495,24.2424,-2.6482,0,9.708,1.237,8.471,95.472,0
B014_2,ball,2,DROP,256,50,495,24.2424,-2.2431,0,9.708,4.906,4.802,99.836,0
B014_2,ball,2,IE_ORACLE,256,50,495,24.2424,-4.8719,0,9.708,8.303,1.405,15.069,1
B014_2,ball,2,LTTB,256,50,495,24.2424,-3.3745,0,9.708,2.821,6.887,97.624,0
B014_2,ball,2,SDT,256,50,497,24.1449,-0.5682,0,9.708,6.22,3.488,55.481,1
B014_2,ball,2,SDT_BOUNDED,256,50,483,24.8447,-0.6162,0,9.708,6.67,3.038,52.688,1
B014_2,ball,2,IE,512,5,2911,4.1223,3.6028,0,9.708,9.026,0.682,14.248,1
B014_2,ball,2,VW,512,5,2911,4.1223,2.7947,0,9.708,8.858,0.85,10.88,1
B014_2,ball,2,DROP,512,5,2911,4.1223,-0.8235,0,9.708,9.037,0.671,93.967,1
B014_2,ball,2,IE_ORACLE,512,5,2911,4.1223,4.2969,0,9.708,9.649,0.059,13.017,1
B014_2,ball,2,LTTB,512,5,2911,4.1223,0.0314,0,9.708,8.775,0.933,71.801,1
B014_2,ball,2,SDT,512,5,2911,4.1223,4.3668,0,9.708,8.616,1.092,10.883,1
B014_2,ball,2,SDT_BOUNDED,512,5,2877,4.171,4.2904,0,9.708,8.775,0.933,8.562,1
B014_2,ball,2,IE,512,10,1711,7.0134,-0.1193,0,9.708,9.123,0.585,11.053,1
B014_2,ball,2,VW,512,10,1711,7.0134,0.0346,0,9.708,7.395,2.313,45.032,1
B014_2,ball,2,DROP,512,10,1711,7.0134,-1.3216,0,9.708,5.608,4.1,97.868,0
B014_2,ball,2,IE_ORACLE,512,10,1711,7.0134,0.504,0,9.708,9.326,0.382,12.676,1
B014_2,ball,2,LTTB,512,10,1711,7.0134,-1.308,0,9.708,6.268,3.44,85.395,1
B014_2,ball,2,SDT,512,10,1712,7.0093,2.0226,0,9.708,9.046,0.662,16.106,1
B014_2,ball,2,SDT_BOUNDED,512,10,1700,7.0588,1.9667,0,9.708,9.456,0.252,14.113,1
B014_2,ball,2,IE,512,20,1111,10.8011,-2.3003,0,9.708,9.26,0.448,0.222,1
B014_2,ball,2,VW,512,20,1111,10.8011,-1.1148,0,9.708,6.762,2.946,67.318,1
B014_2,ball,2,DROP,512,20,1111,10.8011,-1.7156,0,9.708,2.631,7.077,99.169,0
B014_2,ball,2,IE_ORACLE,512,20,1111,10.8011,-1.2557,0,9.708,9.736,-0.028,6.358,1
B014_2,ball,2,LTTB,512,20,1111,10.8011,-2.128,0,9.708,4.654,5.054,90.244,0
B014_2,ball,2,SDT,512,20,1111,10.8011,0.3745,0,9.708,9.101,0.607,4.949,1
B014_2,ball,2,SDT_BOUNDED,512,20,1110,10.8108,0.3622,0,9.708,8.939,0.769,6.042,1
B014_2,ball,2,IE,512,50,751,15.9787,-3.7933,0,9.708,9.028,0.68,4.79,1
B014_2,ball,2,VW,512,50,751,15.9787,-1.9301,0,9.708,0.237,9.471,85.163,0
B014_2,ball,2,DROP,512,50,751,15.9787,-1.928,0,9.708,4.808,4.9,99.78,0
B014_2,ball,2,IE_ORACLE,512,50,751,15.9787,-3.7663,0,9.708,9.166,0.542,0.224,1
B014_2,ball,2,LTTB,512,50,751,15.9787,-2.4595,0,9.708,2.939,6.769,93.768,0
B014_2,ball,2,SDT,512,50,752,15.9574,-0.2565,0,9.708,6.95,2.758,34.175,1
B014_2,ball,2,SDT_BOUNDED,512,50,751,15.9787,-0.2511,0,9.708,7.06,2.648,33.651,1
B014_3,ball,3,IE,128,5,2527,4.7487,3.3836,0,5.467,5.724,-0.257,24.16,0
B014_3,ball,3,VW,128,5,2527,4.7487,2.4633,0,5.467,5.64,-0.173,6.703,0
B014_3,ball,3,DROP,128,5,2527,4.7487,-0.7146,0,5.467,7.622,-2.155,90.599,1
B014_3,ball,3,IE_ORACLE,128,5,2527,4.7487,3.8653,0,5.467,4.88,0.587,7.416,0
B014_3,ball,3,LTTB,128,5,2527,4.7487,-0.0317,0,5.467,3.41,2.057,76.939,0
B014_3,ball,3,SDT,128,5,2528,4.7468,3.4608,0,5.467,5.01,0.457,19.636,0
B014_3,ball,3,SDT_BOUNDED,128,5,2402,4.9958,2.6417,0,5.467,5.691,-0.224,19.587,0
B014_3,ball,3,IE,128,10,1327,9.043,0.0382,0,5.467,6.322,-0.855,24.237,1
B014_3,ball,3,VW,128,10,1327,9.043,-0.2315,0,5.467,1.472,3.995,48.214,0
B014_3,ball,3,DROP,128,10,1327,9.043,-1.4302,0,5.467,1.671,3.796,97.229,0
B014_3,ball,3,IE_ORACLE,128,10,1327,9.043,-0.2306,0,5.467,5.656,-0.189,24.206,0
B014_3,ball,3,LTTB,128,10,1327,9.043,-1.7216,0,5.467,2.021,3.446,84.188,0
B014_3,ball,3,SDT,128,10,1328,9.0361,1.1634,0,5.467,5.351,0.116,16.499,0
B014_3,ball,3,SDT_BOUNDED,128,10,1239,9.6852,0.51,0,5.467,5.106,0.361,6.342,0
B014_3,ball,3,IE,128,20,727,16.5062,-3.1085,0,5.467,5.503,-0.036,2.704,0
B014_3,ball,3,VW,128,20,727,16.5062,-1.7217,0,5.467,0.382,5.085,78.319,0
B014_3,ball,3,DROP,128,20,727,16.5062,-1.636,0,5.467,4.226,1.241,98.865,0
B014_3,ball,3,IE_ORACLE,128,20,727,16.5062,-2.7459,0,5.467,6.758,-1.291,23.403,1
B014_3,ball,3,LTTB,128,20,727,16.5062,-2.5379,0,5.467,4.572,0.895,88.752,0
B014_3,ball,3,SDT,128,20,730,16.4384,-0.1136,0,5.467,3.06,2.407,15.282,0
B014_3,ball,3,SDT_BOUNDED,128,20,671,17.8838,-0.2761,0,5.467,2.278,3.189,24.227,0
B014_3,ball,3,IE,128,50,367,32.6975,-5.0034,0,5.467,4.617,0.85,12.806,0
B014_3,ball,3,VW,128,50,367,32.6975,-2.8052,0,5.467,3.726,1.741,82.392,0
B014_3,ball,3,DROP,128,50,367,32.6975,-1.5391,0,5.467,5.689,-0.222,99.782,0
B014_3,ball,3,IE_ORACLE,128,50,367,32.6975,-5.5797,0,5.467,4.253,1.214,8.807,0
B014_3,ball,3,LTTB,128,50,367,32.6975,-4.2981,0,5.467,7.9,-2.433,94.906,1
B014_3,ball,3,SDT,128,50,363,33.0579,-1.4069,0,5.467,3.001,2.466,26.976,0
B014_3,ball,3,SDT_BOUNDED,128,50,343,34.9854,-1.7199,0,5.467,3.002,2.465,31.908,0
B014_3,ball,3,IE,256,5,2655,4.5198,3.5483,0,5.467,6.039,-0.572,24.591,1
B014_3,ball,3,VW,256,5,2655,4.5198,2.8199,0,5.467,5.104,0.363,4.426,0
B014_3,ball,3,DROP,256,5,2655,4.5198,-0.741,0,5.467,5.658,-0.191,91.988,0
B014_3,ball,3,IE_ORACLE,256,5,2655,4.5198,4.2783,0,5.467,5.005,0.462,7.687,0
B014_3,ball,3,LTTB,256,5,2655,4.5198,0.3337,0,5.467,6.853,-1.386,68.019,0
B014_3,ball,3,SDT,256,5,2656,4.5181,3.6984,0,5.467,5.585,-0.118,19.333,0
B014_3,ball,3,SDT_BOUNDED,256,5,2590,4.6332,3.0026,0,5.467,4.904,0.563,8.905,0
B014_3,ball,3,IE,256,10,1455,8.2474,0.259,0,5.467,5.725,-0.258,27.742,0
B014_3,ball,3,VW,256,10,1455,8.2474,-0.0342,0,5.467,1.253,4.214,41.712,0
B014_3,ball,3,DROP,256,10,1455,8.2474,-1.3168,0,5.467,3.906,1.561,97.036,0
B014_3,ball,3,IE_ORACLE,256,10,1455,8.2474,0.3375,0,5.467,5.262,0.205,22.062,0
B014_3,ball,3,LTTB,256,10,1455,8.2474,-1.5728,0,5.467,-0.991,6.458,90.213,0
B014_3,ball,3,SDT,256,10,1456,8.2418,1.4061,0,5.467,6.538,-1.071,23.923,1
B014_3,ball,3,SDT_BOUNDED,256,10,1416,8.4746,1.2604,0,5.467,4.385,1.082,10.545,0
B014_3,ball,3,IE,256,20,855,14.0351,-2.2901,0,5.467,6.272,-0.805,12.958,1
B014_3,ball,3,VW,256,20,855,14.0351,-1.2075,0,5.467,1.905,3.562,53.421,0
B014_3,ball,3,DROP,256,20,855,14.0351,-1.7463,0,5.467,-0.447,5.914,99.157,0
B014_3,ball,3,IE_ORACLE,256,20,855,14.0351,-2.3075,0,5.467,6.877,-1.41,31.953,1
B014_3,ball,3,LTTB,256,20,855,14.0351,-2.5711,0,5.467,4.513,0.954,90.564,0
B014_3,ball,3,SDT,256,20,854,14.0515,0.1156,0,5.467,3.534,1.933,10.611,0
B014_3,ball,3,SDT_BOUNDED,256,20,827,14.5103,-0.0375,0,5.467,2.762,2.705,22.983,0
B014_3,ball,3,IE,256,50,495,24.2424,-3.8268,0,5.467,6.443,-0.976,2.291,1
B014_3,ball,3,VW,256,50,495,24.2424,-2.4907,0,5.467,3.049,2.418,74.902,0
B014_3,ball,3,DROP,256,50,495,24.2424,-2.6066,0,5.467,7.553,-2.086,99.57,1
B014_3,ball,3,IE_ORACLE,256,50,495,24.2424,-3.6679,0,5.467,5.621,-0.154,5.501,0
B014_3,ball,3,LTTB,256,50,495,24.2424,-3.5195,0,5.467,3.221,2.246,90.45,0
B014_3,ball,3,SDT,256,50,496,24.1935,-0.7525,0,5.467,2.629,2.838,17.17,0
B014_3,ball,3,SDT_BOUNDED,256,50,482,24.8963,-0.905,0,5.467,4.113,1.354,4.371,0
B014_3,ball,3,IE,512,5,2911,4.1223,4.2196,0,5.467,5.444,0.023,18.056,0
B014_3,ball,3,VW,512,5,2911,4.1223,3.2933,0,5.467,5.748,-0.281,8.125,0
B014_3,ball,3,DROP,512,5,2911,4.1223,-0.5067,0,5.467,2.193,3.274,94.677,0
B014_3,ball,3,IE_ORACLE,512,5,2911,4.1223,5.0165,0,5.467,4.824,0.643,1.211,0
B014_3,ball,3,LTTB,512,5,2911,4.1223,0.6654,0,5.467,5.64,-0.173,67.929,0
B014_3,ball,3,SDT,512,5,2911,4.1223,4.2613,0,5.467,5.835,-0.368,26.753,0
B014_3,ball,3,SDT_BOUNDED,512,5,2893,4.1479,4.0511,0,5.467,5.882,-0.415,25.38,0
B014_3,ball,3,IE,512,10,1711,7.0134,0.7877,0,5.467,6.979,-1.512,38.146,1
B014_3,ball,3,VW,512,10,1711,7.0134,0.5468,0,5.467,2.913,2.554,32.837,0
B014_3,ball,3,DROP,512,10,1711,7.0134,-1.13,0,5.467,3.63,1.837,96.861,0
B014_3,ball,3,IE_ORACLE,512,10,1711,7.0134,1.0735,0,5.467,5.444,0.023,15.894,0
B014_3,ball,3,LTTB,512,10,1711,7.0134,-1.1745,0,5.467,5.877,-0.41,79.051,0
B014_3,ball,3,SDT,512,10,1711,7.0134,1.7506,0,5.467,5.657,-0.19,22.756,0
B014_3,ball,3,SDT_BOUNDED,512,10,1698,7.0671,1.7007,0,5.467,4.82,0.647,18.473,0
B014_3,ball,3,IE,512,20,1111,10.8011,-1.3658,0,5.467,6.114,-0.647,26.768,1
B014_3,ball,3,VW,512,20,1111,10.8011,-0.7623,0,5.467,1.329,4.138,46.172,0
B014_3,ball,3,DROP,512,20,1111,10.8011,-1.4202,0,5.467,5.944,-0.477,98.054,0
B014_3,ball,3,IE_ORACLE,512,20,1111,10.8011,-1.299,0,5.467,5.417,0.05,26.511,0
B014_3,ball,3,LTTB,512,20,1111,10.8011,-2.0572,0,5.467,4.717,0.75,83.231,0
B014_3,ball,3,SDT,512,20,1111,10.8011,0.6808,0,5.467,5.997,-0.53,16.384,0
B014_3,ball,3,SDT_BOUNDED,512,20,1105,10.8597,0.6115,0,5.467,6.017,-0.55,1.734,1
B014_3,ball,3,IE,512,50,751,15.9787,-2.9634,0,5.467,8.811,-3.344,24.996,1
B014_3,ball,3,VW,512,50,751,15.9787,-1.3997,0,5.467,1.996,3.471,46.194,0
B014_3,ball,3,DROP,512,50,751,15.9787,-2.0589,0,5.467,2.99,2.477,99.307,0
B014_3,ball,3,IE_ORACLE,512,50,751,15.9787,-2.5083,0,5.467,6.397,-0.93,24.359,1
B014_3,ball,3,LTTB,512,50,751,15.9787,-2.6496,0,5.467,4.163,1.304,85.375,0
B014_3,ball,3,SDT,512,50,746,16.0858,-0.1797,0,5.467,2.363,3.104,20.93,0
B014_3,ball,3,SDT_BOUNDED,512,50,746,16.0858,-0.1797,0,5.467,2.363,3.104,20.93,0
OR014@6_0,outer_race,0,IE,128,5,2527,4.7487,0.5361,0,7.543,6.467,1.076,0.25,0
OR014@6_0,outer_race,0,VW,128,5,2527,4.7487,0.0471,0,7.543,5.569,1.974,34.242,0
OR014@6_0,outer_race,0,DROP,128,5,2527,4.7487,-0.5339,0,7.543,2.648,4.895,92.722,0
OR014@6_0,outer_race,0,IE_ORACLE,128,5,2527,4.7487,0.6135,0,7.543,6.936,0.607,9.583,0
OR014@6_0,outer_race,0,LTTB,128,5,2527,4.7487,-0.959,0,7.543,6.054,1.489,74.525,0
OR014@6_0,outer_race,0,SDT,128,5,2527,4.7487,1.2812,0,7.543,7.373,0.17,14.708,0
OR014@6_0,outer_race,0,SDT_BOUNDED,128,5,2471,4.8563,1.06,0,7.543,6.206,1.337,4.661,0
OR014@6_0,outer_race,0,IE,128,10,1327,9.043,-2.1254,0,7.543,7.57,-0.027,1.92,0
OR014@6_0,outer_race,0,VW,128,10,1327,9.043,-1.5866,0,7.543,8.245,-0.702,69.896,0
OR014@6_0,outer_race,0,DROP,128,10,1327,9.043,-1.8891,0,7.543,2.116,5.427,98.265,0
OR014@6_0,outer_race,0,IE_ORACLE,128,10,1327,9.043,-1.9633,0,7.543,7.596,-0.053,7.616,0
OR014@6_0,outer_race,0,LTTB,128,10,1327,9.043,-1.9618,0,7.543,3.675,3.868,87.254,0
OR014@6_0,outer_race,0,SDT,128,10,1325,9.0566,0.0201,0,7.543,7.059,0.484,13.17,0
OR014@6_0,outer_race,0,SDT_BOUNDED,128,10,1292,9.2879,-0.2185,0,7.543,6.8,0.743,16.131,0
OR014@6_0,outer_race,0,IE,128,20,727,16.5062,-3.2715,0,7.543,7.326,0.217,20.535,0
OR014@6_0,outer_race,0,VW,128,20,727,16.5062,-2.3712,0,7.543,3.757,3.786,87.032,0
OR014@6_0,outer_race,0,DROP,128,20,727,16.5062,-2.0198,0,7.543,5.311,2.232,98.919,0
OR014@6_0,outer_race,0,IE_ORACLE,128,20,727,16.5062,-3.6841,0,7.543,7.64,-0.097,12.527,0
OR014@6_0,outer_race,0,LTTB,128,20,727,16.5062,-2.8242,0,7.543,6.021,1.522,90.056,0
OR014@6_0,outer_race,0,SDT,128,20,728,16.4835,-0.4238,0,7.543,4.816,2.727,37.597,0
OR014@6_0,outer_race,0,SDT_BOUNDED,128,20,713,16.8303,-0.5319,0,7.543,4.923,2.62,37.006,0
OR014@6_0,outer_race,0,IE,128,50,367,32.6975,-4.5095,0,7.543,6.081,1.462,51.209,1
OR014@6_0,outer_race,0,VW,128,50,367,32.6975,-3.0941,0,7.543,2.406,5.137,96.306,0
OR014@6_0,outer_race,0,DROP,128,50,367,32.6975,-1.7411,0,7.543,4.273,3.27,99.827,0
OR014@6_0,outer_race,0,IE_ORACLE,128,50,367,32.6975,-5.2341,0,7.543,7.492,0.051,22.942,0
OR014@6_0,outer_race,0,LTTB,128,50,367,32.6975,-3.7065,0,7.543,5.407,2.136,92.864,0
OR014@6_0,outer_race,0,SDT,128,50,367,32.6975,-1.0035,0,7.543,7.252,0.291,46.996,1
OR014@6_0,outer_race,0,SDT_BOUNDED,128,50,365,32.8767,-1.0194,0,7.543,7.194,0.349,47.187,1
OR014@6_0,outer_race,0,IE,256,5,2655,4.5198,0.6866,0,7.543,5.984,1.559,3.651,0
OR014@6_0,outer_race,0,VW,256,5,2655,4.5198,0.2188,0,7.543,5.312,2.231,38.489,0
OR014@6_0,outer_race,0,DROP,256,5,2655,4.5198,-0.4776,0,7.543,8.026,-0.483,87.519,1
OR014@6_0,outer_race,0,IE_ORACLE,256,5,2655,4.5198,0.8323,0,7.543,5.957,1.586,7.894,0
OR014@6_0,outer_race,0,LTTB,256,5,2655,4.5198,-0.7402,0,7.543,4.382,3.161,80.034,0
OR014@6_0,outer_race,0,SDT,256,5,2656,4.5181,1.3949,0,7.543,7.528,0.015,17.125,0
OR014@6_0,outer_race,0,SDT_BOUNDED,256,5,2615,4.5889,1.2236,0,7.543,7.833,-0.29,16.62,0
OR014@6_0,outer_race,0,IE,256,10,1455,8.2474,-1.8914,0,7.543,8.909,-1.366,7.858,0
OR014@6_0,outer_race,0,VW,256,10,1455,8.2474,-1.41,0,7.543,8.282,-0.739,67.29,0
OR014@6_0,outer_race,0,DROP,256,10,1455,8.2474,-1.8588,0,7.543,4.923,2.62,97.804,0
OR014@6_0,outer_race,0,IE_ORACLE,256,10,1455,8.2474,-1.7214,0,7.543,7.906,-0.363,9.59,0
OR014@6_0,outer_race,0,LTTB,256,10,1455,8.2474,-1.7762,0,7.543,6.019,1.524,82.185,0
OR014@6_0,outer_race,0,SDT,256,10,1457,8.2361,0.1533,0,7.543,8.284,-0.741,5.981,0
OR014@6_0,outer_race,0,SDT_BOUNDED,256,10,1432,8.3799,0.0643,0,7.543,6.874,0.669,17.556,0
OR014@6_0,outer_race,0,IE,256,20,855,14.0351,-3.1642,0,7.543,7.542,0.001,21.977,0
OR014@6_0,outer_race,0,VW,256,20,855,14.0351,-2.3135,0,7.543,8.079,-0.536,76.403,0
OR014@6_0,outer_race,0,DROP,256,20,855,14.0351,-1.971,0,7.543,7.728,-0.185,98.589,1
OR014@6_0,outer_race,0,IE_ORACLE,256,20,855,14.0351,-3.0822,0,7.543,7.676,-0.133,1.516,0
OR014@6_0,outer_race,0,LTTB,256,20,855,14.0351,-2.6801,0,7.543,5.921,1.622,88.365,0
OR014@6_0,outer_race,0,SDT,256,20,856,14.0187,-0.34,0,7.543,6.481,1.062,28.979,0
OR014@6_0,outer_race,0,SDT_BOUNDED,256,20,842,14.2518,-0.3704,0,7.543,6.181,1.362,31.951,1
OR014@6_0,outer_race,0,IE,256,50,495,24.2424,-4.2071,0,7.543,3.176,4.367,49.604,0
OR014@6_0,outer_race,0,VW,256,50,495,24.2424,-2.9501,0,7.543,6.691,0.852,90.041,0
OR014@6_0,outer_race,0,DROP,256,50,495,24.2424,-2.052,0,7.543,3.859,3.684,99.822,0
OR014@6_0,outer_race,0,IE_ORACLE,256,50,495,24.2424,-4.7149,0,7.543,6.602,0.941,23.081,0
OR014@6_0,outer_race,0,LTTB,256,50,495,24.2424,-3.4295,0,7.543,4.705,2.838,94.23,0
OR014@6_0,outer_race,0,SDT,256,50,496,24.1935,-0.7126,0,7.543,7.256,0.287,28.851,1
OR014@6_0,outer_race,0,SDT_BOUNDED,256,50,492,24.3902,-0.6909,0,7.543,7.272,0.271,28.699,1
OR014@6_0,outer_race,0,IE,512,5,2911,4.1223,0.9406,0,7.543,5.685,1.858,2.466,0
OR014@6_0,outer_race,0,VW,512,5,2911,4.1223,0.4583,0,7.543,6.533,1.01,22.277,0
OR014@6_0,outer_race,0,DROP,512,5,2911,4.1223,-0.4125,0,7.543,7.186,0.357,89.632,0
OR014@6_0,outer_race,0,IE_ORACLE,512,5,2911,4.1223,1.4187,0,7.543,7.248,0.295,22.649,1
OR014@6_0,outer_race,0,LTTB,512,5,2911,4.1223,-0.3812,0,7.543,6.977,0.566,73.618,0
OR014@6_0,outer_race,0,SDT,512,5,2907,4.128,1.6697,0,7.543,7.372,0.171,12.632,1
OR014@6_0,outer_race,0,SDT_BOUNDED,512,5,2893,4.1479,1.6428,0,7.543,6.868,0.675,9.649,1
OR014@6_0,outer_race,0,IE,512,10,1711,7.0134,-1.3167,0,7.543,7.102,0.441,8.214,0
OR014@6_0,outer_race,0,VW,512,10,1711,7.0134,-1.1058,0,7.543,7.433,0.11,61.024,0
OR014@6_0,outer_race,0,DROP,512,10,1711,7.0134,-1.8259,0,7.543,3.289,4.254,98.307,0
OR014@6_0,outer_race,0,IE_ORACLE,512,10,1711,7.0134,-1.1174,0,7.543,6.406,1.137,0.133,0
OR014@6_0,outer_race,0,LTTB,512,10,1711,7.0134,-1.6036,0,7.543,9.375,-1.832,73.001,1
OR014@6_0,outer_race,0,SDT,512,10,1712,7.0093,0.4683,0,7.543,6.924,0.619,8.443,0
OR014@6_0,outer_race,0,SDT_BOUNDED,512,10,1698,7.0671,0.4337,0,7.543,6.883,0.66,6.662,0
OR014@6_0,outer_race,0,IE,512,20,1111,10.8011,-2.6382,0,7.543,8.457,-0.914,8.593,0
OR014@6_0,outer_race,0,VW,512,20,1111,10.8011,-1.9545,0,7.543,-0.484,8.027,88.729,0
OR014@6_0,outer_race,0,DROP,512,20,1111,10.8011,-1.8565,0,7.543,7.508,0.035,98.764,0
OR014@6_0,outer_race,0,IE_ORACLE,512,20,1111,10.8011,-2.3588,0,7.543,8.026,-0.483,4.156,0
OR014@6_0,outer_race,0,LTTB,512,20,1111,10.8011,-2.1422,0,7.543,5.59,1.953,86.209,0
OR014@6_0,outer_race,0,SDT,512,20,1112,10.7914,-0.0995,0,7.543,7.168,0.375,9.426,0
OR014@6_0,outer_race,0,SDT_BOUNDED,512,20,1108,10.8303,-0.1082,0,7.543,7.111,0.432,14.064,0
OR014@6_0,outer_race,0,IE,512,50,751,15.9787,-3.662,0,7.543,8.029,-0.486,14.176,0
OR014@6_0,outer_race,0,VW,512,50,751,15.9787,-2.4101,0,7.543,5.991,1.552,83.48,0
OR014@6_0,outer_race,0,DROP,512,50,751,15.9787,-2.1512,0,7.543,2.136,5.407,99.782,0
OR014@6_0,outer_race,0,IE_ORACLE,512,50,751,15.9787,-3.6025,0,7.543,7.449,0.094,9.235,0
OR014@6_0,outer_race,0,LTTB,512,50,751,15.9787,-2.8587,0,7.543,1.962,5.581,94.03,0
OR014@6_0,outer_race,0,SDT,512,50,752,15.9574,-0.3915,0,7.543,6.012,1.531,28.108,0
OR014@6_0,outer_race,0,SDT_BOUNDED,512,50,748,16.0428,-0.4044,0,7.543,6.355,1.188,26.476,0
OR014@6_1,outer_race,1,IE,128,5,2527,4.7487,0.0941,0,9.543,9.068,0.475,12.998,1
OR014@6_1,outer_race,1,VW,128,5,2527,4.7487,-0.2146,0,9.543,10.367,-0.824,8.054,1
OR014@6_1,outer_race,1,DROP,128,5,2527,4.7487,-0.7966,0,9.543,6.772,2.771,91.374,1
OR014@6_1,outer_race,1,IE_ORACLE,128,5,2527,4.7487,0.2682,0,9.543,9.209,0.334,26.489,1
OR014@6_1,outer_race,1,LTTB,128,5,2527,4.7487,-1.1408,0,9.543,8.167,1.376,76.016,1
OR014@6_1,outer_race,1,SDT,128,5,2528,4.7468,1.0186,0,9.543,8.064,1.479,14.277,1
OR014@6_1,outer_race,1,SDT_BOUNDED,128,5,2523,4.7562,1.0063,0,9.543,8.056,1.487,14.25,1
OR014@6_1,outer_race,1,IE,128,10,1327,9.043,-2.2951,0,9.543,9.709,-0.166,9.041,1
OR014@6_1,outer_race,1,VW,128,10,1327,9.043,-1.8822,0,9.543,5.691,3.852,80.451,0
OR014@6_1,outer_race,1,DROP,128,10,1327,9.043,-2.1206,0,9.543,6.969,2.574,97.69,0
OR014@6_1,outer_race,1,IE_ORACLE,128,10,1327,9.043,-2.3333,0,9.543,7.884,1.659,1.934,1
OR014@6_1,outer_race,1,LTTB,128,10,1327,9.043,-2.0718,0,9.543,7.673,1.87,84.372,1
OR014@6_1,outer_race,1,SDT,128,10,1327,9.043,-0.2399,0,9.543,11.094,-1.551,0.305,1
OR014@6_1,outer_race,1,SDT_BOUNDED,128,10,1323,9.0703,-0.2561,0,9.543,11.073,-1.53,0.616,1
OR014@6_1,outer_race,1,IE,128,20,727,16.5062,-3.6859,0,9.543,9.25,0.293,15.412,1
OR014@6_1,outer_race,1,VW,128,20,727,16.5062,-2.5746,0,9.543,4.567,4.976,87.185,0
OR014@6_1,outer_race,1,DROP,128,20,727,16.5062,-1.9422,0,9.543,7.519,2.024,98.653,1
OR014@6_1,outer_race,1,IE_ORACLE,128,20,727,16.5062,-3.9784,0,9.543,8.364,1.179,12.333,1
OR014@6_1,outer_race,1,LTTB,128,20,727,16.5062,-2.8849,0,9.543,7.253,2.29,88.83,1
OR014@6_1,outer_race,1,SDT,128,20,727,16.5062,-0.9061,0,9.543,7.172,2.371,40.726,1
OR014@6_1,outer_race,1,SDT_BOUNDED,128,20,725,16.5517,-0.9261,0,9.543,7.302,2.241,40.686,1
OR014@6_1,outer_race,1,IE,128,50,367,32.6975,-5.6585,0,9.543,7.222,2.321,53.174,1
OR014@6_1,outer_race,1,VW,128,50,367,32.6975,-3.1661,0,9.543,6.131,3.412,92.593,1
OR014@6_1,outer_race,1,DROP,128,50,367,32.6975,-2.3902,0,9.543,4.136,5.407,99.864,0
OR014@6_1,outer_race,1,IE_ORACLE,128,50,367,32.6975,-4.8121,0,9.543,9.154,0.389,24.746,1
OR014@6_1,outer_race,1,LTTB,128,50,367,32.6975,-3.6111,0,9.543,5.542,4.001,93.864,0
OR014@6_1,outer_race,1,SDT,128,50,367,32.6975,-1.1409,0,9.543,10.409,-0.866,40.613,1
OR014@6_1,outer_race,1,SDT_BOUNDED,128,50,367,32.6975,-1.1409,0,9.543,10.409,-0.866,40.613,1
OR014@6_1,outer_race,1,IE,256,5,2655,4.5198,0.316,0,9.543,9.447,0.096,13.835,1
OR014@6_1,outer_race,1,VW,256,5,2655,4.5198,-0.0886,0,9.543,9.341,0.202,18.269,1
OR014@6_1,outer_race,1,DROP,256,5,2655,4.5198,-0.7137,0,9.543,6.049,3.494,92.577,0
OR014@6_1,outer_race,1,IE_ORACLE,256,5,2655,4.5198,0.6544,0,9.543,8.618,0.925,21.767,1
OR014@6_1,outer_race,1,LTTB,256,5,2655,4.5198,-1.0183,0,9.543,6.018,3.525,81.127,0
OR014@6_1,outer_race,1,SDT,256,5,2655,4.5198,1.2051,0,9.543,9.154,0.389,26.01,1
OR014@6_1,outer_race,1,SDT_BOUNDED,256,5,2650,4.5283,1.1838,0,9.543,9.087,0.456,25.587,1
OR014@6_1,outer_race,1,IE,256,10,1455,8.2474,-1.9614,0,9.543,9.576,-0.033,6.241,1
OR014@6_1,outer_race,1,VW,256,10,1455,8.2474,-1.7215,0,9.543,5.823,3.72,81.295,0
OR014@6_1,outer_race,1,DROP,256,10,1455,8.2474,-1.9325,0,9.543,1.954,7.589,98.471,0
OR014@6_1,outer_race,1,IE_ORACLE,256,10,1455,8.2474,-1.9677,0,9.543,8.472,1.071,6.192,1
OR014@6_1,outer_race,1,LTTB,256,10,1455,8.2474,-1.8987,0,9.543,6.964,2.579,82.137,1
OR014@6_1,outer_race,1,SDT,256,10,1453,8.2588,-0.0025,0,9.543,11.541,-1.998,12.315,1
OR014@6_1,outer_race,1,SDT_BOUNDED,256,10,1453,8.2588,-0.0025,0,9.543,11.541,-1.998,12.315,1
OR014@6_1,outer_race,1,IE,256,20,855,14.0351,-3.4705,0,9.543,9.836,-0.293,10.701,1
OR014@6_1,outer_race,1,VW,256,20,855,14.0351,-2.4068,0,9.543,8.123,1.42,81.516,1
OR014@6_1,outer_race,1,DROP,256,20,855,14.0351,-1.8403,0,9.543,6.178,3.365,98.915,1
OR014@6_1,outer_race,1,IE_ORACLE,256,20,855,14.0351,-3.2271,0,9.543,9.229,0.314,1.743,1
OR014@6_1,outer_race,1,LTTB,256,20,855,14.0351,-2.7246,0,9.543,2.505,7.038,94.997,0
OR014@6_1,outer_race,1,SDT,256,20,857,14.0023,-0.625,0,9.543,8.387,1.156,27.602,1
OR014@6_1,outer_race,1,SDT_BOUNDED,256,20,855,14.0351,-0.6333,0,9.543,8.426,1.117,27.498,1
OR014@6_1,outer_race,1,IE,256,50,495,24.2424,-4.8299,0,9.543,7.877,1.666,47.076,1
OR014@6_1,outer_race,1,VW,256,50,495,24.2424,-2.841,0,9.543,5.574,3.969,92.622,0
OR014@6_1,outer_race,1,DROP,256,50,495,24.2424,-1.8941,0,9.543,4.084,5.459,99.848,0
OR014@6_1,outer_race,1,IE_ORACLE,256,50,495,24.2424,-4.6744,0,9.543,10.009,-0.466,17.76,1
OR014@6_1,outer_race,1,LTTB,256,50,495,24.2424,-3.3354,0,9.543,6.336,3.207,92.693,0
OR014@6_1,outer_race,1,SDT,256,50,499,24.0481,-1.2145,0,9.543,8.024,1.519,44.22,1
OR014@6_1,outer_race,1,SDT_BOUNDED,256,50,496,24.1935,-1.2191,0,9.543,8.023,1.52,44.139,1
OR014@6_1,outer_race,1,IE,512,5,2911,4.1223,0.6466,0,9.543,8.445,1.098,8.17,1
OR014@6_1,outer_race,1,VW,512,5,2911,4.1223,0.2379,0,9.543,10.269,-0.726,7.41,1
OR014@6_1,outer_race,1,DROP,512,5,2911,4.1223,-0.5874,0,9.543,5.741,3.802,90.622,0
OR014@6_1,outer_race,1,IE_ORACLE,512,5,2911,4.1223,1.1554,0,9.543,8.725,0.818,24.688,1
OR014@6_1,outer_race,1,LTTB,512,5,2911,4.1223,-0.8627,0,9.543,8.983,0.56,70.349,1
OR014@6_1,outer_race,1,SDT,512,5,2912,4.1209,1.5365,0,9.543,9.547,-0.004,26.924,1
OR014@6_1,outer_race,1,SDT_BOUNDED,512,5,2907,4.128,1.5474,0,9.543,9.544,-0.001,26.928,1
OR014@6_1,outer_race,1,IE,512,10,1711,7.0134,-1.5466,0,9.543,9.244,0.299,2.049,1
OR014@6_1,outer_race,1,VW,512,10,1711,7.0134,-1.466,0,9.543,5.071,4.472,78.292,0
OR014@6_1,outer_race,1,DROP,512,10,1711,7.0134,-1.8215,0,9.543,6.757,2.786,97.33,0
OR014@6_1,outer_race,1,IE_ORACLE,512,10,1711,7.0134,-1.6359,0,9.543,8.883,0.66,12.667,1
OR014@6_1,outer_race,1,LTTB,512,10,1711,7.0134,-1.7866,0,9.543,5.127,4.416,81.075,0
OR014@6_1,outer_race,1,SDT,512,10,1711,7.0134,0.1768,0,9.543,10.147,-0.604,10.721,1
OR014@6_1,outer_race,1,SDT_BOUNDED,512,10,1709,7.0217,0.1737,0,9.543,10.21,-0.667,12.177,1
OR014@6_1,outer_race,1,IE,512,20,1111,10.8011,-3.0197,0,9.543,8.968,0.575,13.41,1
OR014@6_1,outer_race,1,VW,512,20,1111,10.8011,-2.1019,0,9.543,8.083,1.46,83.789,0
OR014@6_1,outer_race,1,DROP,512,20,1111,10.8011,-1.7456,0,9.543,1.833,7.71,99.221,0
OR014@6_1,outer_race,1,IE_ORACLE,512,20,1111,10.8011,-2.6704,0,9.543,9.207,0.336,4.02,1
OR014@6_1,outer_race,1,LTTB,512,20,1111,10.8011,-2.3896,0,9.543,6.594,2.949,86.337,0
OR014@6_1,outer_race,1,SDT,512,20,1111,10.8011,-0.3875,0,9.543,11.392,-1.849,6.232,1
OR014@6_1,outer_race,1,SDT_BOUNDED,512,20,1111,10.8011,-0.3875,0,9.543,11.392,-1.849,6.232,1
OR014@6_1,outer_race,1,IE,512,50,751,15.9787,-3.8369,0,9.543,9.476,0.067,21.588,1
OR014@6_1,outer_race,1,VW,512,50,751,15.9787,-2.5723,0,9.543,4.172,5.371,91.234,0
OR014@6_1,outer_race,1,DROP,512,50,751,15.9787,-2.2015,0,9.543,3.313,6.23,99.8,0
OR014@6_1,outer_race,1,IE_ORACLE,512,50,751,15.9787,-3.7402,0,9.543,9.158,0.385,5.228,1
OR014@6_1,outer_race,1,LTTB,512,50,751,15.9787,-2.8854,0,9.543,6.689,2.854,89.884,1
OR014@6_1,outer_race,1,SDT,512,50,752,15.9574,-0.77,0,9.543,7.158,2.385,36.81,1
OR014@6_1,outer_race,1,SDT_BOUNDED,512,50,752,15.9574,-0.77,0,9.543,7.158,2.385,36.81,1
OR014@6_2,outer_race,2,IE,128,5,2527,4.7487,0.1891,0,5.374,5.275,0.099,13.187,0
OR014@6_2,outer_race,2,VW,128,5,2527,4.7487,-0.11,0,5.374,4.995,0.379,24.145,0
OR014@6_2,outer_race,2,DROP,128,5,2527,4.7487,-0.7292,0,5.374,2.08,3.294,92.725,0
OR014@6_2,outer_race,2,IE_ORACLE,128,5,2527,4.7487,0.3626,0,5.374,4.24,1.134,8.19,0
OR014@6_2,outer_race,2,LTTB,128,5,2527,4.7487,-1.0882,0,5.374,5.639,-0.265,67.573,0
OR014@6_2,outer_race,2,SDT,128,5,2528,4.7468,1.3054,0,5.374,5.393,-0.019,13.228,0
OR014@6_2,outer_race,2,SDT_BOUNDED,128,5,2427,4.9444,0.9458,0,5.374,4.899,0.475,6.046,0
OR014@6_2,outer_race,2,IE,128,10,1327,9.043,-2.0527,0,5.374,5.852,-0.478,2.89,0
OR014@6_2,outer_race,2,VW,128,10,1327,9.043,-1.7325,0,5.374,4.63,0.744,65.746,0
OR014@6_2,outer_race,2,DROP,128,10,1327,9.043,-2.1481,0,5.374,2.552,2.822,97.817,0
OR014@6_2,outer_race,2,IE_ORACLE,128,10,1327,9.043,-2.2729,0,5.374,5.479,-0.105,2.897,0
OR014@6_2,outer_race,2,LTTB,128,10,1327,9.043,-2.1003,0,5.374,3.676,1.698,81.497,0
OR014@6_2,outer_race,2,SDT,128,10,1326,9.0498,-0.0833,0,5.374,4.832,0.542,10.704,0
OR014@6_2,outer_race,2,SDT_BOUNDED,128,10,1245,9.6386,-0.4862,0,5.374,5.085,0.289,9.537,0
OR014@6_2,outer_race,2,IE,128,20,727,16.5062,-3.7102,0,5.374,2.307,3.067,41.071,0
OR014@6_2,outer_race,2,VW,128,20,727,16.5062,-2.5998,0,5.374,4.373,1.001,84.459,0
OR014@6_2,outer_race,2,DROP,128,20,727,16.5062,-2.1022,0,5.374,7.208,-1.834,98.238,0
OR014@6_2,outer_race,2,IE_ORACLE,128,20,727,16.5062,-3.5134,0,5.374,7.955,-2.581,19.979,0
OR014@6_2,outer_race,2,LTTB,128,20,727,16.5062,-2.9192,0,5.374,4.881,0.493,87.788,0
OR014@6_2,outer_race,2,SDT,128,20,724,16.5746,-0.3691,0,5.374,6.855,-1.481,6.671,0
OR014@6_2,outer_race,2,SDT_BOUNDED,128,20,693,17.316,-0.8864,0,5.374,6.961,-1.587,6.281,0
OR014@6_2,outer_race,2,IE,128,50,367,32.6975,-5.0093,0,5.374,6.676,-1.302,30.798,0
OR014@6_2,outer_race,2,VW,128,50,367,32.6975,-3.302,0,5.374,1.16,4.214,91.663,0
OR014@6_2,outer_race,2,DROP,128,50,367,32.6975,-1.9641,0,5.374,9.86,-4.486,99.721,0
OR014@6_2,outer_race,2,IE_ORACLE,128,50,367,32.6975,-5.0363,0,5.374,6.065,-0.691,25.315,0
OR014@6_2,outer_race,2,LTTB,128,50,367,32.6975,-3.6838,0,5.374,0.599,4.775,94.729,0
OR014@6_2,outer_race,2,SDT,128,50,367,32.6975,-0.9235,0,5.374,5.314,0.06,48.756,0
OR014@6_2,outer_race,2,SDT_BOUNDED,128,50,355,33.8028,-1.0373,0,5.374,7.065,-1.691,43.596,0
OR014@6_2,outer_race,2,IE,256,5,2655,4.5198,0.3771,0,5.374,4.299,1.075,7.186,0
OR014@6_2,outer_race,2,VW,256,5,2655,4.5198,0.0112,0,5.374,5.67,-0.296,19.238,0
OR014@6_2,outer_race,2,DROP,256,5,2655,4.5198,-0.7428,0,5.374,-0.571,5.945,94.292,0
OR014@6_2,outer_race,2,IE_ORACLE,256,5,2655,4.5198,0.773,0,5.374,4.742,0.632,20.031,0
OR014@6_2,outer_race,2,LTTB,256,5,2655,4.5198,-1.0059,0,5.374,8.044,-2.67,66.131,1
OR014@6_2,outer_race,2,SDT,256,5,2658,4.5147,1.3768,0,5.374,5.032,0.342,7.642,0
OR014@6_2,outer_race,2,SDT_BOUNDED,256,5,2589,4.635,1.1453,0,5.374,4.408,0.966,3.973,0
OR014@6_2,outer_race,2,IE,256,10,1455,8.2474,-1.9087,0,5.374,5.78,-0.406,3.247,0
OR014@6_2,outer_race,2,VW,256,10,1455,8.2474,-1.5752,0,5.374,4.989,0.385,65.265,0
OR014@6_2,outer_race,2,DROP,256,10,1455,8.2474,-2.0657,0,5.374,7.641,-2.267,96.317,0
OR014@6_2,outer_race,2,IE_ORACLE,256,10,1455,8.2474,-2.2087,0,5.374,5.363,0.011,10.981,0
OR014@6_2,outer_race,2,LTTB,256,10,1455,8.2474,-1.7193,0,5.374,4.028,1.346,79.173,0
OR014@6_2,outer_race,2,SDT,256,10,1457,8.2361,0.0872,0,5.374,4.933,0.441,8.293,0
OR014@6_2,outer_race,2,SDT_BOUNDED,256,10,1387,8.6518,-0.1365,0,5.374,5.305,0.069,3.215,0
OR014@6_2,outer_race,2,IE,256,20,855,14.0351,-3.6386,0,5.374,3.247,2.127,27.06,0
OR014@6_2,outer_race,2,VW,256,20,855,14.0351,-2.3989,0,5.374,1.688,3.686,86.904,0
OR014@6_2,outer_race,2,DROP,256,20,855,14.0351,-1.9972,0,5.374,2.884,2.49,98.9,0
OR014@6_2,outer_race,2,IE_ORACLE,256,20,855,14.0351,-3.5636,0,5.374,6.563,-1.189,5.809,0
OR014@6_2,outer_race,2,LTTB,256,20,855,14.0351,-2.7273,0,5.374,4.122,1.252,88.276,0
OR014@6_2,outer_race,2,SDT,256,20,856,14.0187,-0.4521,0,5.374,7.398,-2.024,2.06,0
OR014@6_2,outer_race,2,SDT_BOUNDED,256,20,823,14.5808,-0.5205,0,5.374,7.963,-2.589,6.642,0
OR014@6_2,outer_race,2,IE,256,50,495,24.2424,-4.1054,0,5.374,6.662,-1.288,23.621,0
OR014@6_2,outer_race,2,VW,256,50,495,24.2424,-3.032,0,5.374,4.531,0.843,87.278,0
OR014@6_2,outer_race,2,DROP,256,50,495,24.2424,-2.1051,0,5.374,4.111,1.263,99.807,0
OR014@6_2,outer_race,2,IE_ORACLE,256,50,495,24.2424,-4.4774,0,5.374,6.068,-0.694,12.292,0
OR014@6_2,outer_race,2,LTTB,256,50,495,24.2424,-3.3254,0,5.374,5.513,-0.139,92.85,0
OR014@6_2,outer_race,2,SDT,256,50,497,24.1449,-0.7109,0,5.374,6.684,-1.31,23.249,0
OR014@6_2,outer_race,2,SDT_BOUNDED,256,50,488,24.5902,-0.7635,0,5.374,6.517,-1.143,24.756,0
OR014@6_2,outer_race,2,IE,512,5,2911,4.1223,0.7148,0,5.374,3.432,1.942,0.888,0
OR014@6_2,outer_race,2,VW,512,5,2911,4.1223,0.2526,0,5.374,6.06,-0.686,7.268,0
OR014@6_2,outer_race,2,DROP,512,5,2911,4.1223,-0.5992,0,5.374,5.529,-0.155,87.972,0
OR014@6_2,outer_race,2,IE_ORACLE,512,5,2911,4.1223,1.4505,0,5.374,3.995,1.379,15.041,0
OR014@6_2,outer_race,2,LTTB,512,5,2911,4.1223,-0.8161,0,5.374,7.81,-2.436,68.192,0
OR014@6_2,outer_race,2,SDT,512,5,2911,4.1223,1.7785,0,5.374,4.505,0.869,9.163,0
OR014@6_2,outer_race,2,SDT_BOUNDED,512,5,2874,4.1754,1.6741,0,5.374,4.255,1.119,5.028,0
OR014@6_2,outer_race,2,IE,512,10,1711,7.0134,-1.5344,0,5.374,6.868,-1.494,23.714,0
OR014@6_2,outer_race,2,VW,512,10,1711,7.0134,-1.3362,0,5.374,4.371,1.003,62.416,0
OR014@6_2,outer_race,2,DROP,512,10,1711,7.0134,-1.9971,0,5.374,5.728,-0.354,97.119,0
OR014@6_2,outer_race,2,IE_ORACLE,512,10,1711,7.0134,-1.2438,0,5.374,3.476,1.898,11.373,0
OR014@6_2,outer_race,2,LTTB,512,10,1711,7.0134,-1.7759,0,5.374,3.752,1.622,74.933,0
OR014@6_2,outer_race,2,SDT,512,10,1712,7.0093,0.3033,0,5.374,7.596,-2.222,20.456,0
OR014@6_2,outer_race,2,SDT_BOUNDED,512,10,1671,7.1813,0.145,0,5.374,7.546,-2.172,18.499,0
OR014@6_2,outer_race,2,IE,512,20,1111,10.8011,-2.8489,0,5.374,5.293,0.081,8.812,0
OR014@6_2,outer_race,2,VW,512,20,1111,10.8011,-2.1601,0,5.374,6.378,-1.004,73.472,0
OR014@6_2,outer_race,2,DROP,512,20,1111,10.8011,-1.9981,0,5.374,4.39,0.984,98.206,0
OR014@6_2,outer_race,2,IE_ORACLE,512,20,1111,10.8011,-2.9017,0,5.374,5.429,-0.055,3.69,0
OR014@6_2,outer_race,2,LTTB,512,20,1111,10.8011,-2.3324,0,5.374,6.67,-1.296,77.353,0
OR014@6_2,outer_race,2,SDT,512,20,1112,10.7914,-0.3171,0,5.374,5.645,-0.271,9.791,0
OR014@6_2,outer_race,2,SDT_BOUNDED,512,20,1084,11.0701,-0.5016,0,5.374,5.444,-0.07,15.175,0
OR014@6_2,outer_race,2,IE,512,50,751,15.9787,-3.942,0,5.374,5.721,-0.347,21.602,0
OR014@6_2,outer_race,2,VW,512,50,751,15.9787,-2.6041,0,5.374,4.553,0.821,84.244,0
OR014@6_2,outer_race,2,DROP,512,50,751,15.9787,-1.8218,0,5.374,1.102,4.272,99.51,0
OR014@6_2,outer_race,2,IE_ORACLE,512,50,751,15.9787,-3.6217,0,5.374,7.995,-2.621,19.224,0
OR014@6_2,outer_race,2,LTTB,512,50,751,15.9787,-2.8251,0,5.374,4.358,1.016,92.72,0
OR014@6_2,outer_race,2,SDT,512,50,752,15.9574,-0.4977,0,5.374,7.708,-2.334,1.784,0
OR014@6_2,outer_race,2,SDT_BOUNDED,512,50,748,16.0428,-0.5144,0,5.374,6.711,-1.337,10.86,0
OR014@6_3,outer_race,3,IE,128,5,2527,4.7487,0.5791,0,3.87,3.987,-0.117,19.362,0
OR014@6_3,outer_race,3,VW,128,5,2527,4.7487,0.1987,0,3.87,3.662,0.208,23.603,0
OR014@6_3,outer_race,3,DROP,128,5,2527,4.7487,-0.4578,0,3.87,5.798,-1.928,86.447,0
OR014@6_3,outer_race,3,IE_ORACLE,128,5,2527,4.7487,0.902,0,3.87,5.113,-1.243,45.909,0
OR014@6_3,outer_race,3,LTTB,128,5,2527,4.7487,-0.7068,0,3.87,6.581,-2.711,70.749,1
OR014@6_3,outer_race,3,SDT,128,5,2528,4.7468,1.1164,0,3.87,4.518,-0.648,30.458,0
OR014@6_3,outer_race,3,SDT_BOUNDED,128,5,2521,4.76,1.0561,0,3.87,4.52,-0.65,30.666,0
OR014@6_3,outer_race,3,IE,128,10,1327,9.043,-1.6886,0,3.87,4.595,-0.725,11.608,0
OR014@6_3,outer_race,3,VW,128,10,1327,9.043,-1.5757,0,3.87,1.014,2.856,74.901,0
OR014@6_3,outer_race,3,DROP,128,10,1327,9.043,-2.0237,0,3.87,7.459,-3.589,95.629,0
OR014@6_3,outer_race,3,IE_ORACLE,128,10,1327,9.043,-1.9658,0,3.87,5.235,-1.365,8.993,0
OR014@6_3,outer_race,3,LTTB,128,10,1327,9.043,-1.9267,0,3.87,9.836,-5.966,66.605,0
OR014@6_3,outer_race,3,SDT,128,10,1327,9.043,-0.2221,0,3.87,5.205,-1.335,3.785,0
OR014@6_3,outer_race,3,SDT_BOUNDED,128,10,1325,9.0566,-0.2247,0,3.87,5.112,-1.242,4.306,0
OR014@6_3,outer_race,3,IE,128,20,727,16.5062,-3.433,0,3.87,5.083,-1.213,24.235,0
OR014@6_3,outer_race,3,VW,128,20,727,16.5062,-2.3996,0,3.87,8.222,-4.352,64.753,0
OR014@6_3,outer_race,3,DROP,128,20,727,16.5062,-2.1871,0,3.87,5.321,-1.451,98.137,0
OR014@6_3,outer_race,3,IE_ORACLE,128,20,727,16.5062,-3.5064,0,3.87,7.251,-3.381,22.948,1
OR014@6_3,outer_race,3,LTTB,128,20,727,16.5062,-3.0358,0,3.87,8.987,-5.117,74.286,0
OR014@6_3,outer_race,3,SDT,128,20,729,16.4609,-0.8745,0,3.87,5.381,-1.511,24.775,0
OR014@6_3,outer_race,3,SDT_BOUNDED,128,20,724,16.5746,-0.888,0,3.87,5.077,-1.207,26.216,0
OR014@6_3,outer_race,3,IE,128,50,367,32.6975,-4.6424,0,3.87,5.214,-1.344,43.847,0
OR014@6_3,outer_race,3,VW,128,50,367,32.6975,-3.2111,0,3.87,3.218,0.652,91.887,0
OR014@6_3,outer_race,3,DROP,128,50,367,32.6975,-2.5478,0,3.87,4.395,-0.525,99.712,0
OR014@6_3,outer_race,3,IE_ORACLE,128,50,367,32.6975,-4.9782,0,3.87,5.031,-1.161,25.971,0
OR014@6_3,outer_race,3,LTTB,128,50,367,32.6975,-3.8594,0,3.87,5.359,-1.489,91.522,0
OR014@6_3,outer_race,3,SDT,128,50,369,32.5203,-1.1546,0,3.87,4.587,-0.717,57.507,0
OR014@6_3,outer_race,3,SDT_BOUNDED,128,50,365,32.8767,-1.1918,0,3.87,4.591,-0.721,58.278,0
OR014@6_3,outer_race,3,IE,256,5,2655,4.5198,0.7672,0,3.87,2.894,0.976,6.246,0
OR014@6_3,outer_race,3,VW,256,5,2655,4.5198,0.4064,0,3.87,1.34,2.53,40.872,0
OR014@6_3,outer_race,3,DROP,256,5,2655,4.5198,-0.4246,0,3.87,6.692,-2.822,82.748,0
OR014@6_3,outer_race,3,IE_ORACLE,256,5,2655,4.5198,1.1482,0,3.87,5.387,-1.517,45.806,0
OR014@6_3,outer_race,3,LTTB,256,5,2655,4.5198,-0.5564,0,3.87,6.453,-2.583,63.667,0
OR014@6_3,outer_race,3,SDT,256,5,2658,4.5147,1.3477,0,3.87,3.769,0.101,20.301,0
OR014@6_3,outer_race,3,SDT_BOUNDED,256,5,2648,4.5317,1.3331,0,3.87,3.742,0.128,19.716,0
OR014@6_3,outer_race,3,IE,256,10,1455,8.2474,-1.586,0,3.87,5.639,-1.769,23.817,0
OR014@6_3,outer_race,3,VW,256,10,1455,8.2474,-1.4066,0,3.87,5.836,-1.966,61.045,0
OR014@6_3,outer_race,3,DROP,256,10,1455,8.2474,-1.921,0,3.87,9.48,-5.61,93.503,0
OR014@6_3,outer_race,3,IE_ORACLE,256,10,1455,8.2474,-1.615,0,3.87,3.961,-0.091,8.995,0
OR014@6_3,outer_race,3,LTTB,256,10,1455,8.2474,-1.4652,0,3.87,3.943,-0.073,82.941,0
OR014@6_3,outer_race,3,SDT,256,10,1457,8.2361,-0.1321,0,3.87,5.211,-1.341,0.23,0
OR014@6_3,outer_race,3,SDT_BOUNDED,256,10,1452,8.2645,-0.1707,0,3.87,5.352,-1.482,2.698,0
OR014@6_3,outer_race,3,IE,256,20,855,14.0351,-3.3275,0,3.87,6.084,-2.214,11.274,1
OR014@6_3,outer_race,3,VW,256,20,855,14.0351,-2.2736,0,3.87,8.014,-4.144,70.272,0
OR014@6_3,outer_race,3,DROP,256,20,855,14.0351,-2.0497,0,3.87,6.152,-2.282,98.039,1
OR014@6_3,outer_race,3,IE_ORACLE,256,20,855,14.0351,-2.923,0,3.87,6.697,-2.827,18.674,1
OR014@6_3,outer_race,3,LTTB,256,20,855,14.0351,-2.7833,0,3.87,9.03,-5.16,78.119,1
OR014@6_3,outer_race,3,SDT,256,20,854,14.0515,-0.7415,0,3.87,7.411,-3.541,7.228,1
OR014@6_3,outer_race,3,SDT_BOUNDED,256,20,853,14.068,-0.7428,0,3.87,7.418,-3.548,7.356,1
OR014@6_3,outer_race,3,IE,256,50,495,24.2424,-4.1953,0,3.87,5.249,-1.379,28.113,0
OR014@6_3,outer_race,3,VW,256,50,495,24.2424,-3.0274,0,3.87,5.24,-1.37,86.957,0
OR014@6_3,outer_race,3,DROP,256,50,495,24.2424,-1.7268,0,3.87,3.449,0.421,99.785,0
OR014@6_3,outer_race,3,IE_ORACLE,256,50,495,24.2424,-4.6322,0,3.87,4.706,-0.836,22.559,0
OR014@6_3,outer_race,3,LTTB,256,50,495,24.2424,-3.5554,0,3.87,4.471,-0.601,89.41,0
OR014@6_3,outer_race,3,SDT,256,50,499,24.0481,-0.9209,0,3.87,6.744,-2.874,41.564,1
OR014@6_3,outer_race,3,SDT_BOUNDED,256,50,494,24.2915,-0.9403,0,3.87,6.397,-2.527,44.282,1
OR014@6_3,outer_race,3,IE,512,5,2911,4.1223,1.1753,0,3.87,3.822,0.048,16.798,0
OR014@6_3,outer_race,3,VW,512,5,2911,4.1223,0.7926,0,3.87,4.078,-0.208,17.929,0
OR014@6_3,outer_race,3,DROP,512,5,2911,4.1223,-0.2538,0,3.87,5.119,-1.249,87.278,0
OR014@6_3,outer_race,3,IE_ORACLE,512,5,2911,4.1223,1.731,0,3.87,3.266,0.604,9.269,0
OR014@6_3,outer_race,3,LTTB,512,5,2911,4.1223,-0.3215,0,3.87,3.773,0.097,74.539,0
OR014@6_3,outer_race,3,SDT,512,5,2910,4.1237,1.6387,0,3.87,5.648,-1.778,48.369,0
OR014@6_3,outer_race,3,SDT_BOUNDED,512,5,2906,4.1294,1.6246,0,3.87,5.653,-1.783,48.892,0
OR014@6_3,outer_race,3,IE,512,10,1711,7.0134,-1.1759,0,3.87,4.624,-0.754,20.622,0
OR014@6_3,outer_race,3,VW,512,10,1711,7.0134,-1.0813,0,3.87,7.166,-3.296,48.95,0
OR014@6_3,outer_race,3,DROP,512,10,1711,7.0134,-1.767,0,3.87,6.494,-2.624,95.62,0
OR014@6_3,outer_race,3,IE_ORACLE,512,10,1711,7.0134,-1.1635,0,3.87,4.897,-1.027,31.88,0
OR014@6_3,outer_race,3,LTTB,512,10,1711,7.0134,-1.4755,0,3.87,1.845,2.025,82.643,0
OR014@6_3,outer_race,3,SDT,512,10,1709,7.0217,0.1646,0,3.87,4.063,-0.193,2.224,0
OR014@6_3,outer_race,3,SDT_BOUNDED,512,10,1709,7.0217,0.1646,0,3.87,4.063,-0.193,2.224,0
OR014@6_3,outer_race,3,IE,512,20,1111,10.8011,-2.5423,0,3.87,6.238,-2.368,1.898,1
OR014@6_3,outer_race,3,VW,512,20,1111,10.8011,-1.8274,0,3.87,9.973,-6.103,61.02,0
OR014@6_3,outer_race,3,DROP,512,20,1111,10.8011,-1.9805,0,3.87,6.944,-3.074,97.693,0
OR014@6_3,outer_race,3,IE_ORACLE,512,20,1111,10.8011,-2.4156,0,3.87,6.567,-2.697,29.935,1
OR014@6_3,outer_race,3,LTTB,512,20,1111,10.8011,-2.3532,0,3.87,6.799,-2.929,76.875,1
OR014@6_3,outer_race,3,SDT,512,20,1111,10.8011,-0.5251,0,3.87,6.151,-2.281,1.758,1
OR014@6_3,outer_race,3,SDT_BOUNDED,512,20,1111,10.8011,-0.5251,0,3.87,6.151,-2.281,1.758,1
OR014@6_3,outer_race,3,IE,512,50,751,15.9787,-3.9638,0,3.87,6.838,-2.968,3.893,1
OR014@6_3,outer_race,3,VW,512,50,751,15.9787,-2.4452,0,3.87,3.609,0.261,85.13,0
OR014@6_3,outer_race,3,DROP,512,50,751,15.9787,-1.9903,0,3.87,2.201,1.669,99.607,0
OR014@6_3,outer_race,3,IE_ORACLE,512,50,751,15.9787,-3.3347,0,3.87,7.627,-3.757,27.043,1
OR014@6_3,outer_race,3,LTTB,512,50,751,15.9787,-2.9739,0,3.87,3.543,0.327,87.227,0
OR014@6_3,outer_race,3,SDT,512,50,751,15.9787,-0.8463,0,3.87,4.97,-1.1,31.293,0
OR014@6_3,outer_race,3,SDT_BOUNDED,512,50,751,15.9787,-0.8463,0,3.87,4.97,-1.1,31.293,0
IR021_0,inner_race,0,IE,128,5,2527,4.7487,3.2406,0,33.177,31.798,1.379,15.957,1
IR021_0,inner_race,0,VW,128,5,2527,4.7487,2.912,0,33.177,29.009,4.168,1.71,1
IR021_0,inner_race,0,DROP,128,5,2527,4.7487,-1.7997,0,33.177,27.821,5.356,95.922,1
IR021_0,inner_race,0,IE_ORACLE,128,5,2527,4.7487,3.2117,0,33.177,32.083,1.094,14.73,1
IR021_0,inner_race,0,LTTB,128,5,2527,4.7487,-0.9463,0,33.177,27.615,5.562,75.542,1
IR021_0,inner_race,0,SDT,128,5,2526,4.7506,4.1102,0,33.177,31.309,1.868,10.502,1
IR021_0,inner_race,0,SDT_BOUNDED,128,5,2506,4.7885,3.9768,0,33.177,31.535,1.642,10.417,1
IR021_0,inner_race,0,IE,128,10,1327,9.043,-0.9762,0,33.177,29.063,4.114,1.503,1
IR021_0,inner_race,0,VW,128,10,1327,9.043,-0.3364,0,33.177,23.094,10.083,49.946,1
IR021_0,inner_race,0,DROP,128,10,1327,9.043,-1.4014,0,33.177,19.294,13.883,98.064,1
IR021_0,inner_race,0,IE_ORACLE,128,10,1327,9.043,-1.1465,0,33.177,28.714,4.463,4.174,1
IR021_0,inner_race,0,LTTB,128,10,1327,9.043,-1.9849,0,33.177,22.796,10.381,85.961,1
IR021_0,inner_race,0,SDT,128,10,1331,9.0158,1.1621,0,33.177,27.926,5.251,16.732,1
IR021_0,inner_race,0,SDT_BOUNDED,128,10,1314,9.1324,1.08,0,33.177,27.945,5.232,16.927,1
IR021_0,inner_race,0,IE,128,20,727,16.5062,-3.8685,0,33.177,27.267,5.91,22.952,1
IR021_0,inner_race,0,VW,128,20,727,16.5062,-2.0128,0,33.177,18.128,15.049,89.958,1
IR021_0,inner_race,0,DROP,128,20,727,16.5062,-2.1157,0,33.177,11.868,21.309,99.762,1
IR021_0,inner_race,0,IE_ORACLE,128,20,727,16.5062,-3.5661,0,33.177,27.544,5.633,11.748,1
IR021_0,inner_race,0,LTTB,128,20,727,16.5062,-3.2905,0,33.177,20.491,12.686,88.544,1
IR021_0,inner_race,0,SDT,128,20,727,16.5062,-0.2401,0,33.177,25.664,7.513,41.932,1
IR021_0,inner_race,0,SDT_BOUNDED,128,20,717,16.7364,-0.2943,0,33.177,25.059,8.118,42.558,1
IR021_0,inner_race,0,IE,128,50,367,32.6975,-5.8737,0,33.177,22.572,10.605,57.682,1
IR021_0,inner_race,0,VW,128,50,367,32.6975,-2.8314,0,33.177,13.517,19.66,97.1,1
IR021_0,inner_race,0,DROP,128,50,367,32.6975,-2.2638,0,33.177,10.524,22.653,99.958,0
IR021_0,inner_race,0,IE_ORACLE,128,50,367,32.6975,-6.9037,0,33.177,24.585,8.592,42.684,1
IR021_0,inner_race,0,LTTB,128,50,367,32.6975,-4.991,0,33.177,17.002,16.175,94.263,1
IR021_0,inner_race,0,SDT,128,50,368,32.6087,-1.761,0,33.177,25.545,7.632,65.309,1
IR021_0,inner_race,0,SDT_BOUNDED,128,50,363,33.0579,-1.7711,0,33.177,25.189,7.988,65.919,1
IR021_0,inner_race,0,IE,256,5,2655,4.5198,3.5165,0,33.177,31.785,1.392,15.54,1
IR021_0,inner_race,0,VW,256,5,2655,4.5198,3.1328,0,33.177,29.283,3.894,1.852,1
IR021_0,inner_race,0,DROP,256,5,2655,4.5198,-1.7214,0,33.177,28.887,4.29,96.013,1
IR021_0,inner_race,0,IE_ORACLE,256,5,2655,4.5198,3.4973,0,33.177,31.971,1.206,14.456,1
IR021_0,inner_race,0,LTTB,256,5,2655,4.5198,-0.7168,0,33.177,26.623,6.554,72.79,1
IR021_0,inner_race,0,SDT,256,5,2656,4.5181,4.4342,0,33.177,31.974,1.203,11.825,1
IR021_0,inner_race,0,SDT_BOUNDED,256,5,2634,4.5558,4.2249,0,33.177,32.107,1.07,11.44,1
IR021_0,inner_race,0,IE,256,10,1455,8.2474,-0.8669,0,33.177,29.358,3.819,2.415,1
IR021_0,inner_race,0,VW,256,10,1455,8.2474,-0.0557,0,33.177,23.386,9.791,48.221,1
IR021_0,inner_race,0,DROP,256,10,1455,8.2474,-1.3828,0,33.177,20.401,12.776,98.03,1
IR021_0,inner_race,0,IE_ORACLE,256,10,1455,8.2474,-0.4363,0,33.177,30.134,3.043,6.342,1
IR021_0,inner_race,0,LTTB,256,10,1455,8.2474,-1.906,0,33.177,21.906,11.271,87.153,1
IR021_0,inner_race,0,SDT,256,10,1456,8.2418,1.5313,0,33.177,28.807,4.37,13.442,1
IR021_0,inner_race,0,SDT_BOUNDED,256,10,1442,8.3218,1.462,0,33.177,29.19,3.987,14.188,1
IR021_0,inner_race,0,IE,256,20,855,14.0351,-3.5661,0,33.177,27.833,5.344,19.411,1
IR021_0,inner_race,0,VW,256,20,855,14.0351,-1.7372,0,33.177,18.54,14.637,85.924,1
IR021_0,inner_race,0,DROP,256,20,855,14.0351,-1.8394,0,33.177,9.415,23.762,99.819,1
IR021_0,inner_race,0,IE_ORACLE,256,20,855,14.0351,-3.1691,0,33.177,27.569,5.608,6.274,1
IR021_0,inner_race,0,LTTB,256,20,855,14.0351,-2.7033,0,33.177,21.854,11.323,87.754,1
IR021_0,inner_race,0,SDT,256,20,856,14.0187,0.198,0,33.177,26.032,7.145,33.561,1
IR021_0,inner_race,0,SDT_BOUNDED,256,20,849,14.1343,-0.3002,0,33.177,25.491,7.686,34.803,1
IR021_0,inner_race,0,IE,256,50,495,24.2424,-5.5468,0,33.177,23.674,9.503,43.59,1
IR021_0,inner_race,0,VW,256,50,495,24.2424,-2.7419,0,33.177,13.87,19.307,94.649,1
IR021_0,inner_race,0,DROP,256,50,495,24.2424,-1.7619,0,33.177,8.732,24.445,99.963,0
IR021_0,inner_race,0,IE_ORACLE,256,50,495,24.2424,-5.0426,0,33.177,26.398,6.779,28.08,1
IR021_0,inner_race,0,LTTB,256,50,495,24.2424,-4.2111,0,33.177,18.958,14.219,92.159,1
IR021_0,inner_race,0,SDT,256,50,496,24.1935,-0.8377,0,33.177,25.354,7.823,53.565,1
IR021_0,inner_race,0,SDT_BOUNDED,256,50,492,24.3902,-0.9142,0,33.177,24.984,8.193,53.878,1
IR021_0,inner_race,0,IE,512,5,2911,4.1223,3.9238,0,33.177,32.44,0.737,15.719,1
IR021_0,inner_race,0,VW,512,5,2911,4.1223,3.5372,0,33.177,30.238,2.939,3.615,1
IR021_0,inner_race,0,DROP,512,5,2911,4.1223,-1.612,0,33.177,27.583,5.594,95.869,1
IR021_0,inner_race,0,IE_ORACLE,512,5,2911,4.1223,4.4781,0,33.177,32.084,1.093,13.442,1
IR021_0,inner_race,0,LTTB,512,5,2911,4.1223,-0.3759,0,33.177,28.303,4.874,68.603,1
IR021_0,inner_race,0,SDT,512,5,2907,4.128,4.9891,0,33.177,32.642,0.535,15.67,1
IR021_0,inner_race,0,SDT_BOUNDED,512,5,2893,4.1479,4.8581,0,33.177,32.147,1.03,15.225,1
IR021_0,inner_race,0,IE,512,10,1711,7.0134,-0.4396,0,33.177,30.143,3.034,6.535,1
IR021_0,inner_race,0,VW,512,10,1711,7.0134,0.5927,0,33.177,25.0,8.177,33.104,1
IR021_0,inner_race,0,DROP,512,10,1711,7.0134,-1.2918,0,33.177,20.382,12.795,98.028,1
IR021_0,inner_race,0,IE_ORACLE,512,10,1711,7.0134,0.3311,0,33.177,31.145,2.032,12.184,1
IR021_0,inner_race,0,LTTB,512,10,1711,7.0134,-1.6921,0,33.177,23.25,9.927,82.957,1
IR021_0,inner_race,0,SDT,512,10,1711,7.0134,2.169,0,33.177,29.784,3.393,4.987,1
IR021_0,inner_race,0,SDT_BOUNDED,512,10,1700,7.0588,2.1183,0,33.177,29.723,3.454,5.542,1
IR021_0,inner_race,0,IE,512,20,1111,10.8011,-1.9119,0,33.177,27.854,5.323,8.197,1
IR021_0,inner_race,0,VW,512,20,1111,10.8011,-1.0678,0,33.177,19.282,13.895,66.622,1
IR021_0,inner_race,0,DROP,512,20,1111,10.8011,-1.942,0,33.177,11.633,21.544,99.773,1
IR021_0,inner_race,0,IE_ORACLE,512,20,1111,10.8011,-1.7531,0,33.177,28.018,5.159,0.318,1
IR021_0,inner_race,0,LTTB,512,20,1111,10.8011,-2.3015,0,33.177,23.65,9.527,85.367,1
IR021_0,inner_race,0,SDT,512,20,1112,10.7914,0.6888,0,33.177,27.678,5.499,22.194,1
IR021_0,inner_race,0,SDT_BOUNDED,512,20,1106,10.8499,0.6322,0,33.177,26.333,6.844,23.614,1
IR021_0,inner_race,0,IE,512,50,751,15.9787,-4.2043,0,33.177,27.384,5.793,20.813,1
IR021_0,inner_race,0,VW,512,50,751,15.9787,-2.0313,0,33.177,17.013,16.164,82.415,1
IR021_0,inner_race,0,DROP,512,50,751,15.9787,-1.8525,0,33.177,5.563,27.614,99.937,0
IR021_0,inner_race,0,IE_ORACLE,512,50,751,15.9787,-3.509,0,33.177,27.396,5.781,10.42,1
IR021_0,inner_race,0,LTTB,512,50,751,15.9787,-3.1014,0,33.177,21.199,11.978,89.827,1
IR021_0,inner_race,0,SDT,512,50,752,15.9574,-0.1768,0,33.177,25.795,7.382,39.513,1
IR021_0,inner_race,0,SDT_BOUNDED,512,50,749,16.0214,-0.1871,0,33.177,25.589,7.588,39.723,1
IR021_1,inner_race,1,IE,128,5,2527,4.7487,3.0323,0,31.218,29.956,1.262,10.95,1
IR021_1,inner_race,1,VW,128,5,2527,4.7487,2.931,0,31.218,29.816,1.402,3.381,1
IR021_1,inner_race,1,DROP,128,5,2527,4.7487,-1.9396,0,31.218,27.588,3.63,96.321,1
IR021_1,inner_race,1,IE_ORACLE,128,5,2527,4.7487,3.2854,0,31.218,29.813,1.405,9.641,1
IR021_1,inner_race,1,LTTB,128,5,2527,4.7487,-0.9709,0,31.218,27.133,4.085,75.618,1
IR021_1,inner_race,1,SDT,128,5,2528,4.7468,4.1125,0,31.218,30.342,0.876,8.898,1
IR021_1,inner_race,1,SDT_BOUNDED,128,5,2485,4.829,3.7824,0,31.218,29.452,1.766,7.308,1
IR021_1,inner_race,1,IE,128,10,1327,9.043,-0.9728,0,31.218,29.172,2.046,0.785,1
IR021_1,inner_race,1,VW,128,10,1327,9.043,-0.5567,0,31.218,22.32,8.898,55.767,1
IR021_1,inner_race,1,DROP,128,10,1327,9.043,-1.4843,0,31.218,20.327,10.891,98.268,1
IR021_1,inner_race,1,IE_ORACLE,128,10,1327,9.043,-0.861,0,31.218,29.69,1.528,5.016,1
IR021_1,inner_race,1,LTTB,128,10,1327,9.043,-2.0442,0,31.218,21.52,9.698,87.788,1
IR021_1,inner_race,1,SDT,128,10,1325,9.0566,1.521,0,31.218,29.002,2.216,11.647,1
IR021_1,inner_race,1,SDT_BOUNDED,128,10,1311,9.1533,1.3715,0,31.218,28.619,2.599,12.807,1
IR021_1,inner_race,1,IE,128,20,727,16.5062,-3.863,0,31.218,26.464,4.754,27.25,1
IR021_1,inner_race,1,VW,128,20,727,16.5062,-2.1558,0,31.218,16.185,15.033,89.615,1
IR021_1,inner_race,1,DROP,128,20,727,16.5062,-1.9133,0,31.218,14.187,17.031,99.726,1
IR021_1,inner_race,1,IE_ORACLE,128,20,727,16.5062,-4.1978,0,31.218,28.192,3.026,15.735,1
IR021_1,inner_race,1,LTTB,128,20,727,16.5062,-3.0409,0,31.218,20.207,11.011,91.456,1
IR021_1,inner_race,1,SDT,128,20,727,16.5062,-0.4622,0,31.218,25.57,5.648,41.112,1
IR021_1,inner_race,1,SDT_BOUNDED,128,20,718,16.7131,-0.5772,0,31.218,25.583,5.635,41.618,1
IR021_1,inner_race,1,IE,128,50,367,32.6975,-6.1341,0,31.218,22.767,8.451,59.63,1
IR021_1,inner_race,1,VW,128,50,367,32.6975,-3.1242,0,31.218,13.013,18.205,96.766,1
IR021_1,inner_race,1,DROP,128,50,367,32.6975,-1.6758,0,31.218,8.811,22.407,99.972,1
IR021_1,inner_race,1,IE_ORACLE,128,50,367,32.6975,-6.4609,0,31.218,24.014,7.204,44.276,1
IR021_1,inner_race,1,LTTB,128,50,367,32.6975,-4.9429,0,31.218,16.814,14.404,95.236,1
IR021_1,inner_race,1,SDT,128,50,367,32.6975,-2.1241,0,31.218,21.898,9.32,69.982,1
IR021_1,inner_race,1,SDT_BOUNDED,128,50,362,33.1492,-2.1547,0,31.218,21.789,9.429,70.416,1
IR021_1,inner_race,1,IE,256,5,2655,4.5198,3.3437,0,31.218,29.909,1.309,10.812,1
IR021_1,inner_race,1,VW,256,5,2655,4.5198,3.0857,0,31.218,29.412,1.806,3.543,1
IR021_1,inner_race,1,DROP,256,5,2655,4.5198,-1.9355,0,31.218,26.743,4.475,96.339,1
IR021_1,inner_race,1,IE_ORACLE,256,5,2655,4.5198,3.879,0,31.218,30.294,0.924,9.68,1
IR021_1,inner_race,1,LTTB,256,5,2655,4.5198,-0.7561,0,31.218,27.598,3.62,73.643,1
IR021_1,inner_race,1,SDT,256,5,2655,4.5198,4.4528,0,31.218,30.329,0.889,9.124,1
IR021_1,inner_race,1,SDT_BOUNDED,256,5,2624,4.5732,4.2437,0,31.218,29.973,1.245,8.458,1
IR021_1,inner_race,1,IE,256,10,1455,8.2474,-0.7905,0,31.218,29.21,2.008,2.386,1
IR021_1,inner_race,1,VW,256,10,1455,8.2474,-0.2905,0,31.218,23.64,7.578,53.507,1
IR021_1,inner_race,1,DROP,256,10,1455,8.2474,-1.4778,0,31.218,20.998,10.22,98.224,1
IR021_1,inner_race,1,IE_ORACLE,256,10,1455,8.2474,-0.2165,0,31.218,29.375,1.843,7.403,1
IR021_1,inner_race,1,LTTB,256,10,1455,8.2474,-1.8945,0,31.218,23.7,7.518,85.443,1
IR021_1,inner_race,1,SDT,256,10,1456,8.2418,2.0742,0,31.218,30.163,1.055,7.163,1
IR021_1,inner_race,1,SDT_BOUNDED,256,10,1445,8.3045,1.9988,0,31.218,30.202,1.016,7.51,1
IR021_1,inner_race,1,IE,256,20,855,14.0351,-3.3625,0,31.218,27.048,4.17,21.774,1
IR021_1,inner_race,1,VW,256,20,855,14.0351,-1.82,0,31.218,17.996,13.222,82.801,1
IR021_1,inner_race,1,DROP,256,20,855,14.0351,-2.0568,0,31.218,13.035,18.183,99.724,1
IR021_1,inner_race,1,IE_ORACLE,256,20,855,14.0351,-2.8413,0,31.218,27.633,3.585,9.088,1
IR021_1,inner_race,1,LTTB,256,20,855,14.0351,-2.6736,0,31.218,21.354,9.864,88.608,1
IR021_1,inner_race,1,SDT,256,20,853,14.068,-0.0309,0,31.218,26.653,4.565,34.079,1
IR021_1,inner_race,1,SDT_BOUNDED,256,20,851,14.1011,-0.0079,0,31.218,26.656,4.562,34.087,1
IR021_1,inner_race,1,IE,256,50,495,24.2424,-6.2048,0,31.218,25.019,6.199,45.748,1
IR021_1,inner_race,1,VW,256,50,495,24.2424,-2.7362,0,31.218,14.097,17.121,95.672,1
IR021_1,inner_race,1,DROP,256,50,495,24.2424,-1.7741,0,31.218,6.507,24.711,99.975,1
IR021_1,inner_race,1,IE_ORACLE,256,50,495,24.2424,-6.0031,0,31.218,27.074,4.144,32.218,1
IR021_1,inner_race,1,LTTB,256,50,495,24.2424,-4.1232,0,31.218,17.831,13.387,93.247,1
IR021_1,inner_race,1,SDT,256,50,497,24.1449,-1.7735,0,31.218,22.394,8.824,62.141,1
IR021_1,inner_race,1,SDT_BOUNDED,256,50,493,24.3408,-1.85,0,31.218,22.639,8.579,62.66,1
IR021_1,inner_race,1,IE,512,5,2911,4.1223,3.6729,0,31.218,29.732,1.486,10.702,1
IR021_1,inner_race,1,VW,512,5,2911,4.1223,3.5564,0,31.218,29.641,1.577,3.968,1
IR021_1,inner_race,1,DROP,512,5,2911,4.1223,-1.7836,0,31.218,26.857,4.361,96.224,1
IR021_1,inner_race,1,IE_ORACLE,512,5,2911,4.1223,4.6332,0,31.218,30.0,1.218,9.359,1
IR021_1,inner_race,1,LTTB,512,5,2911,4.1223,-0.3713,0,31.218,27.472,3.746,69.72,1
IR021_1,inner_race,1,SDT,512,5,2911,4.1223,5.0382,0,31.218,30.815,0.403,11.189,1
IR021_1,inner_race,1,SDT_BOUNDED,512,5,2891,4.1508,4.5883,0,31.218,29.964,1.254,9.491,1
IR021_1,inner_race,1,IE,512,10,1711,7.0134,-0.1424,0,31.218,28.974,2.244,5.672,1
IR021_1,inner_race,1,VW,512,10,1711,7.0134,0.405,0,31.218,27.497,3.721,33.833,1
IR021_1,inner_race,1,DROP,512,10,1711,7.0134,-1.3226,0,31.218,20.995,10.223,98.218,1
IR021_1,inner_race,1,IE_ORACLE,512,10,1711,7.0134,0.7814,0,31.218,29.481,1.737,10.176,1
IR021_1,inner_race,1,LTTB,512,10,1711,7.0134,-1.6338,0,31.218,24.797,6.421,82.966,1
IR021_1,inner_race,1,SDT,512,10,1712,7.0093,2.4954,0,31.218,29.928,1.29,0.747,1
IR021_1,inner_race,1,SDT_BOUNDED,512,10,1702,7.0505,2.4556,0,31.218,29.358,1.86,1.083,1
IR021_1,inner_race,1,IE,512,20,1111,10.8011,-2.4366,0,31.218,27.908,3.31,9.639,1
IR021_1,inner_race,1,VW,512,20,1111,10.8011,-1.0363,0,31.218,22.003,9.215,63.008,1
IR021_1,inner_race,1,DROP,512,20,1111,10.8011,-1.8768,0,31.218,14.474,16.744,99.671,1
IR021_1,inner_race,1,IE_ORACLE,512,20,1111,10.8011,-1.9646,0,31.218,28.506,2.712,0.294,1
IR021_1,inner_race,1,LTTB,512,20,1111,10.8011,-2.246,0,31.218,21.948,9.27,86.697,1
IR021_1,inner_race,1,SDT,512,20,1112,10.7914,1.0482,0,31.218,28.478,2.74,20.085,1
IR021_1,inner_race,1,SDT_BOUNDED,512,20,1107,10.8401,1.0037,0,31.218,27.399,3.819,21.411,1
IR021_1,inner_race,1,IE,512,50,751,15.9787,-3.8486,0,31.218,26.304,4.914,24.287,1
IR021_1,inner_race,1,VW,512,50,751,15.9787,-2.1905,0,31.218,14.42,16.798,83.256,1
IR021_1,inner_race,1,DROP,512,50,751,15.9787,-1.9168,0,31.218,8.435,22.783,99.891,1
IR021_1,inner_race,1,IE_ORACLE,512,50,751,15.9787,-3.7971,0,31.218,28.325,2.893,14.606,1
IR021_1,inner_race,1,LTTB,512,50,751,15.9787,-2.9642,0,31.218,21.299,9.919,89.496,1
IR021_1,inner_race,1,SDT,512,50,753,15.9363,-0.3492,0,31.218,25.115,6.103,41.088,1
IR021_1,inner_race,1,SDT_BOUNDED,512,50,750,16.0,-0.38,0,31.218,24.78,6.438,41.651,1
IR021_2,inner_race,2,IE,128,5,2527,4.7487,3.8218,0,29.943,29.401,0.542,10.477,1
IR021_2,inner_race,2,VW,128,5,2527,4.7487,3.5384,0,29.943,28.122,1.821,0.85,1
IR021_2,inner_race,2,DROP,128,5,2527,4.7487,-2.0798,0,29.943,26.359,3.584,96.198,1
IR021_2,inner_race,2,IE_ORACLE,128,5,2527,4.7487,3.9393,0,29.943,28.999,0.944,9.097,1
IR021_2,inner_race,2,LTTB,128,5,2527,4.7487,-0.9403,0,29.943,26.502,3.441,75.242,1
IR021_2,inner_race,2,SDT,128,5,2527,4.7487,4.7466,0,29.943,27.791,2.152,7.677,1
IR021_2,inner_race,2,SDT_BOUNDED,128,5,2485,4.829,3.7767,0,29.943,25.232,4.711,0.798,1
IR021_2,inner_race,2,IE,128,10,1327,9.043,-0.5043,0,29.943,27.373,2.57,1.486,1
IR021_2,inner_race,2,VW,128,10,1327,9.043,-0.0051,0,29.943,22.707,7.236,49.248,1
IR021_2,inner_race,2,DROP,128,10,1327,9.043,-1.4908,0,29.943,20.758,9.185,97.92,1
IR021_2,inner_race,2,IE_ORACLE,128,10,1327,9.043,-0.3224,0,29.943,27.094,2.849,3.562,1
IR021_2,inner_race,2,LTTB,128,10,1327,9.043,-2.0353,0,29.943,20.354,9.589,86.803,1
IR021_2,inner_race,2,SDT,128,10,1328,9.0361,2.0535,0,29.943,25.502,4.441,12.806,1
IR021_2,inner_race,2,SDT_BOUNDED,128,10,1309,9.1673,1.7886,0,29.943,25.154,4.789,14.097,1
IR021_2,inner_race,2,IE,128,20,727,16.5062,-3.7428,0,29.943,24.802,5.141,23.523,1
IR021_2,inner_race,2,VW,128,20,727,16.5062,-2.0486,0,29.943,16.358,13.585,87.103,1
IR021_2,inner_race,2,DROP,128,20,727,16.5062,-1.8264,0,29.943,16.298,13.645,99.647,1
IR021_2,inner_race,2,IE_ORACLE,128,20,727,16.5062,-3.6234,0,29.943,26.022,3.921,15.0,1
IR021_2,inner_race,2,LTTB,128,20,727,16.5062,-3.0906,0,29.943,20.539,9.404,90.117,1
IR021_2,inner_race,2,SDT,128,20,728,16.4835,-0.3927,0,29.943,24.952,4.991,36.045,1
IR021_2,inner_race,2,SDT_BOUNDED,128,20,716,16.7598,-0.4999,0,29.943,24.826,5.117,36.956,1
IR021_2,inner_race,2,IE,128,50,367,32.6975,-7.1202,0,29.943,20.876,9.067,56.724,1
IR021_2,inner_race,2,VW,128,50,367,32.6975,-2.8007,0,29.943,14.32,15.623,97.449,1
IR021_2,inner_race,2,DROP,128,50,367,32.6975,-2.129,0,29.943,13.18,16.763,99.941,0
IR021_2,inner_race,2,IE_ORACLE,128,50,367,32.6975,-6.3462,0,29.943,22.826,7.117,43.596,1
IR021_2,inner_race,2,LTTB,128,50,367,32.6975,-4.9258,0,29.943,15.856,14.087,95.049,1
IR021_2,inner_race,2,SDT,128,50,370,32.4324,-2.0285,0,29.943,18.718,11.225,70.754,1
IR021_2,inner_race,2,SDT_BOUNDED,128,50,360,33.3333,-2.1372,0,29.943,19.27,10.673,72.078,1
IR021_2,inner_race,2,IE,256,5,2655,4.5198,3.9302,0,29.943,29.108,0.835,10.927,1
IR021_2,inner_race,2,VW,256,5,2655,4.5198,3.8086,0,29.943,27.588,2.355,0.4,1
IR021_2,inner_race,2,DROP,256,5,2655,4.5198,-2.0673,0,29.943,26.869,3.074,96.258,1
IR021_2,inner_race,2,IE_ORACLE,256,5,2655,4.5198,4.234,0,29.943,29.137,0.806,8.829,1
IR021_2,inner_race,2,LTTB,256,5,2655,4.5198,-0.6965,0,29.943,26.646,3.297,72.631,1
IR021_2,inner_race,2,SDT,256,5,2655,4.5198,4.9894,0,29.943,27.966,1.977,8.027,1
IR021_2,inner_race,2,SDT_BOUNDED,256,5,2622,4.5767,4.6996,0,29.943,27.902,2.041,6.426,1
IR021_2,inner_race,2,IE,256,10,1455,8.2474,-0.2322,0,29.943,27.167,2.776,2.181,1
IR021_2,inner_race,2,VW,256,10,1455,8.2474,0.2807,0,29.943,23.341,6.602,45.904,1
IR021_2,inner_race,2,DROP,256,10,1455,8.2474,-1.4833,0,29.943,21.908,8.035,97.955,1
IR021_2,inner_race,2,IE_ORACLE,256,10,1455,8.2474,0.4704,0,29.943,27.336,2.607,5.67,1
IR021_2,inner_race,2,LTTB,256,10,1455,8.2474,-1.8482,0,29.943,22.341,7.602,84.847,1
IR021_2,inner_race,2,SDT,256,10,1454,8.2531,2.3388,0,29.943,25.774,4.169,8.688,1
IR021_2,inner_race,2,SDT_BOUNDED,256,10,1439,8.3391,2.1553,0,29.943,25.788,4.155,9.851,1
IR021_2,inner_race,2,IE,256,20,855,14.0351,-3.407,0,29.943,25.219,4.724,19.485,1
IR021_2,inner_race,2,VW,256,20,855,14.0351,-1.7203,0,29.943,17.023,12.92,84.397,1
IR021_2,inner_race,2,DROP,256,20,855,14.0351,-1.8579,0,29.943,14.428,15.515,99.678,1
IR021_2,inner_race,2,IE_ORACLE,256,20,855,14.0351,-2.9847,0,29.943,26.3,3.643,9.369,1
IR021_2,inner_race,2,LTTB,256,20,855,14.0351,-2.8845,0,29.943,22.692,7.251,87.809,1
IR021_2,inner_race,2,SDT,256,20,856,14.0187,0.516,0,29.943,24.579,5.364,28.38,1
IR021_2,inner_race,2,SDT_BOUNDED,256,20,846,14.1844,0.4858,0,29.943,24.105,5.838,30.963,1
IR021_2,inner_race,2,IE,256,50,495,24.2424,-5.9712,0,29.943,23.7,6.243,42.709,1
IR021_2,inner_race,2,VW,256,50,495,24.2424,-2.816,0,29.943,12.246,17.697,94.133,1
IR021_2,inner_race,2,DROP,256,50,495,24.2424,-2.2506,0,29.943,11.38,18.563,99.951,1
IR021_2,inner_race,2,IE_ORACLE,256,50,495,24.2424,-5.8163,0,29.943,24.328,5.615,30.606,1
IR021_2,inner_race,2,LTTB,256,50,495,24.2424,-4.1966,0,29.943,18.471,11.472,92.971,1
IR021_2,inner_race,2,SDT,256,50,496,24.1935,-1.5176,0,29.943,21.318,8.625,57.526,1
IR021_2,inner_race,2,SDT_BOUNDED,256,50,488,24.5902,-1.7604,0,29.943,20.831,9.112,59.192,1
IR021_2,inner_race,2,IE,512,5,2911,4.1223,4.3752,0,29.943,28.31,1.633,10.943,1
IR021_2,inner_race,2,VW,512,5,2911,4.1223,4.2679,0,29.943,28.291,1.652,1.069,1
IR021_2,inner_race,2,DROP,512,5,2911,4.1223,-1.9067,0,29.943,25.972,3.971,96.231,1
IR021_2,inner_race,2,IE_ORACLE,512,5,2911,4.1223,4.8822,0,29.943,29.645,0.298,8.908,1
IR021_2,inner_race,2,LTTB,512,5,2911,4.1223,-0.3705,0,29.943,27.492,2.451,69.314,1
IR021_2,inner_race,2,SDT,512,5,2911,4.1223,5.5637,0,29.943,28.779,1.164,9.821,1
IR021_2,inner_race,2,SDT_BOUNDED,512,5,2889,4.1537,5.2571,0,29.943,28.236,1.707,8.414,1
IR021_2,inner_race,2,IE,512,10,1711,7.0134,0.5936,0,29.943,27.084,2.859,5.184,1
IR021_2,inner_race,2,VW,512,10,1711,7.0134,1.0285,0,29.943,24.648,5.295,29.916,1
IR021_2,inner_race,2,DROP,512,10,1711,7.0134,-1.3738,0,29.943,20.794,9.149,97.811,1
IR021_2,inner_race,2,IE_ORACLE,512,10,1711,7.0134,0.7582,0,29.943,28.683,1.26,8.315,1
IR021_2,inner_race,2,LTTB,512,10,1711,7.0134,-1.577,0,29.943,24.103,5.84,83.168,1
IR021_2,inner_race,2,SDT,512,10,1711,7.0134,2.9577,0,29.943,26.916,3.027,3.379,1
IR021_2,inner_race,2,SDT_BOUNDED,512,10,1695,7.0796,2.7473,0,29.943,26.166,3.777,5.832,1
IR021_2,inner_race,2,IE,512,20,1111,10.8011,-1.9803,0,29.943,25.727,4.216,9.575,1
IR021_2,inner_race,2,VW,512,20,1111,10.8011,-0.7562,0,29.943,20.78,9.163,59.821,1
IR021_2,inner_race,2,DROP,512,20,1111,10.8011,-1.7475,0,29.943,15.49,14.453,99.615,1
IR021_2,inner_race,2,IE_ORACLE,512,20,1111,10.8011,-1.2245,0,29.943,26.545,3.398,2.595,1
IR021_2,inner_race,2,LTTB,512,20,1111,10.8011,-2.2098,0,29.943,20.759,9.184,87.555,1
IR021_2,inner_race,2,SDT,512,20,1112,10.7914,1.4501,0,29.943,24.713,5.23,19.35,1
IR021_2,inner_race,2,SDT_BOUNDED,512,20,1104,10.8696,1.3654,0,29.943,24.609,5.334,21.17,1
IR021_2,inner_race,2,IE,512,50,751,15.9787,-3.7955,0,29.943,25.704,4.239,21.667,1
IR021_2,inner_race,2,VW,512,50,751,15.9787,-1.8544,0,29.943,17.487,12.456,74.951,1
IR021_2,inner_race,2,DROP,512,50,751,15.9787,-2.1514,0,29.943,9.433,20.51,99.913,1
IR021_2,inner_race,2,IE_ORACLE,512,50,751,15.9787,-3.5406,0,29.943,26.072,3.871,13.716,1
IR021_2,inner_race,2,LTTB,512,50,751,15.9787,-3.0728,0,29.943,20.695,9.248,90.378,1
IR021_2,inner_race,2,SDT,512,50,751,15.9787,-0.0608,0,29.943,24.819,5.124,33.86,1
IR021_2,inner_race,2,SDT_BOUNDED,512,50,750,16.0,-0.0649,0,29.943,24.924,5.019,33.956,1
IR021_3,inner_race,3,IE,128,5,2527,4.7487,3.3828,0,29.898,29.55,0.348,13.956,1
IR021_3,inner_race,3,VW,128,5,2527,4.7487,2.9369,0,29.898,27.885,2.013,4.192,1
IR021_3,inner_race,3,DROP,128,5,2527,4.7487,-2.0819,0,29.898,24.555,5.343,96.042,1
IR021_3,inner_race,3,IE_ORACLE,128,5,2527,4.7487,3.6537,0,29.898,28.774,1.124,10.97,1
IR021_3,inner_race,3,LTTB,128,5,2527,4.7487,-0.8494,0,29.898,25.528,4.37,75.214,1
IR021_3,inner_race,3,SDT,128,5,2531,4.7412,4.5201,0,29.898,29.037,0.861,13.135,1
IR021_3,inner_race,3,SDT_BOUNDED,128,5,2516,4.7695,4.2524,0,29.898,26.724,3.174,10.699,1
IR021_3,inner_race,3,IE,128,10,1327,9.043,-0.7829,0,29.898,28.627,1.271,6.281,1
IR021_3,inner_race,3,VW,128,10,1327,9.043,-0.237,0,29.898,22.585,7.313,48.801,1
IR021_3,inner_race,3,DROP,128,10,1327,9.043,-1.7087,0,29.898,21.537,8.361,97.617,1
IR021_3,inner_race,3,IE_ORACLE,128,10,1327,9.043,-0.8257,0,29.898,27.012,2.886,8.194,1
IR021_3,inner_race,3,LTTB,128,10,1327,9.043,-2.0,0,29.898,19.911,9.987,88.478,1
IR021_3,inner_race,3,SDT,128,10,1329,9.0293,1.7016,0,29.898,25.857,4.041,10.547,1
IR021_3,inner_race,3,SDT_BOUNDED,128,10,1320,9.0909,1.6668,0,29.898,25.71,4.188,10.717,1
IR021_3,inner_race,3,IE,128,20,727,16.5062,-2.9536,0,29.898,24.483,5.415,20.84,1
IR021_3,inner_race,3,VW,128,20,727,16.5062,-1.9237,0,29.898,15.719,14.179,88.442,1
IR021_3,inner_race,3,DROP,128,20,727,16.5062,-1.9973,0,29.898,13.579,16.319,99.608,1
IR021_3,inner_race,3,IE_ORACLE,128,20,727,16.5062,-3.4463,0,29.898,25.391,4.507,12.65,1
IR021_3,inner_race,3,LTTB,128,20,727,16.5062,-3.0302,0,29.898,19.496,10.402,89.379,1
IR021_3,inner_race,3,SDT,128,20,727,16.5062,-0.0254,0,29.898,24.202,5.696,34.986,1
IR021_3,inner_race,3,SDT_BOUNDED,128,20,723,16.5975,-0.0601,0,29.898,24.144,5.754,35.296,1
IR021_3,inner_race,3,IE,128,50,367,32.6975,-5.9418,0,29.898,21.187,8.711,52.578,1
IR021_3,inner_race,3,VW,128,50,367,32.6975,-2.6751,0,29.898,10.448,19.45,97.01,1
IR021_3,inner_race,3,DROP,128,50,367,32.6975,-2.1483,0,29.898,10.326,19.572,99.952,1
IR021_3,inner_race,3,IE_ORACLE,128,50,367,32.6975,-6.5228,0,29.898,22.13,7.768,41.26,1
IR021_3,inner_race,3,LTTB,128,50,367,32.6975,-4.5609,0,29.898,15.821,14.077,94.949,1
IR021_3,inner_race,3,SDT,128,50,367,32.6975,-1.7101,0,29.898,22.747,7.151,63.419,1
IR021_3,inner_race,3,SDT_BOUNDED,128,50,367,32.6975,-1.7101,0,29.898,22.747,7.151,63.419,1
IR021_3,inner_race,3,IE,256,5,2655,4.5198,3.6365,0,29.898,29.358,0.54,12.08,1
IR021_3,inner_race,3,VW,256,5,2655,4.5198,3.267,0,29.898,28.06,1.838,4.725,1
IR021_3,inner_race,3,DROP,256,5,2655,4.5198,-1.9776,0,29.898,24.448,5.45,96.153,1
IR021_3,inner_race,3,IE_ORACLE,256,5,2655,4.5198,4.2711,0,29.898,28.581,1.317,10.085,1
IR021_3,inner_race,3,LTTB,256,5,2655,4.5198,-0.6378,0,29.898,25.276,4.622,72.442,1
IR021_3,inner_race,3,SDT,256,5,2654,4.5215,4.8182,0,29.898,29.454,0.444,15.195,1
IR021_3,inner_race,3,SDT_BOUNDED,256,5,2652,4.5249,4.8162,0,29.898,29.479,0.419,15.205,1
IR021_3,inner_race,3,IE,256,10,1455,8.2474,-0.4573,0,29.898,27.583,2.315,7.142,1
IR021_3,inner_race,3,VW,256,10,1455,8.2474,0.0739,0,29.898,23.084,6.814,46.853,1
IR021_3,inner_race,3,DROP,256,10,1455,8.2474,-1.6106,0,29.898,21.044,8.854,97.589,1
IR021_3,inner_race,3,IE_ORACLE,256,10,1455,8.2474,-0.2279,0,29.898,27.57,2.328,11.292,1
IR021_3,inner_race,3,LTTB,256,10,1455,8.2474,-1.8328,0,29.898,19.72,10.178,86.81,1
IR021_3,inner_race,3,SDT,256,10,1454,8.2531,1.9645,0,29.898,26.145,3.753,5.095,1
IR021_3,inner_race,3,SDT_BOUNDED,256,10,1449,8.2816,1.938,0,29.898,25.862,4.036,5.16,1
IR021_3,inner_race,3,IE,256,20,855,14.0351,-2.3486,0,29.898,25.26,4.638,15.196,1
IR021_3,inner_race,3,VW,256,20,855,14.0351,-1.594,0,29.898,16.897,13.001,81.441,1
IR021_3,inner_race,3,DROP,256,20,855,14.0351,-1.865,0,29.898,15.066,14.832,99.581,1
IR021_3,inner_race,3,IE_ORACLE,256,20,855,14.0351,-2.658,0,29.898,25.115,4.783,7.002,1
IR021_3,inner_race,3,LTTB,256,20,855,14.0351,-2.6216,0,29.898,19.442,10.456,89.196,1
IR021_3,inner_race,3,SDT,256,20,856,14.0187,0.3935,0,29.898,25.084,4.814,26.937,1
IR021_3,inner_race,3,SDT_BOUNDED,256,20,852,14.0845,0.4001,0,29.898,25.341,4.557,26.889,1
IR021_3,inner_race,3,IE,256,50,495,24.2424,-5.3923,0,29.898,22.56,7.338,38.472,1
IR021_3,inner_race,3,VW,256,50,495,24.2424,-2.3969,0,29.898,11.549,18.349,94.959,1
IR021_3,inner_race,3,DROP,256,50,495,24.2424,-1.9397,0,29.898,7.495,22.403,99.957,1
IR021_3,inner_race,3,IE_ORACLE,256,50,495,24.2424,-5.5227,0,29.898,24.515,5.383,28.9,1
IR021_3,inner_race,3,LTTB,256,50,495,24.2424,-3.8486,0,29.898,17.796,12.102,94.155,1
IR021_3,inner_race,3,SDT,256,50,492,24.3902,-0.9723,0,29.898,21.799,8.099,53.197,1
IR021_3,inner_race,3,SDT_BOUNDED,256,50,492,24.3902,-0.9723,0,29.898,21.799,8.099,53.197,1
IR021_3,inner_race,3,IE,512,5,2911,4.1223,3.9981,0,29.898,29.454,0.444,12.506,1
IR021_3,inner_race,3,VW,512,5,2911,4.1223,3.6189,0,29.898,27.545,2.353,6.326,1
IR021_3,inner_race,3,DROP,512,5,2911,4.1223,-1.8651,0,29.898,24.603,5.295,96.059,1
IR021_3,inner_race,3,IE_ORACLE,512,5,2911,4.1223,5.018,0,29.898,29.216,0.682,8.821,1
IR021_3,inner_race,3,LTTB,512,5,2911,4.1223,-0.2923,0,29.898,26.471,3.427,69.582,1
IR021_3,inner_race,3,SDT,512,5,2910,4.1237,5.2592,0,29.898,29.053,0.845,16.068,1
IR021_3,inner_race,3,SDT_BOUNDED,512,5,2908,4.1265,5.1867,0,29.898,28.943,0.955,15.796,1
IR021_3,inner_race,3,IE,512,10,1711,7.0134,0.0368,0,29.898,28.399,1.499,10.763,1
IR021_3,inner_race,3,VW,512,10,1711,7.0134,0.5722,0,29.898,22.814,7.084,32.438,1
IR021_3,inner_race,3,DROP,512,10,1711,7.0134,-1.5376,0,29.898,21.138,8.76,97.598,1
IR021_3,inner_race,3,IE_ORACLE,512,10,1711,7.0134,0.6263,0,29.898,28.199,1.699,14.508,1
IR021_3,inner_race,3,LTTB,512,10,1711,7.0134,-1.5664,0,29.898,21.657,8.241,83.491,1
IR021_3,inner_race,3,SDT,512,10,1711,7.0134,2.697,0,29.898,26.113,3.785,0.142,1
IR021_3,inner_race,3,SDT_BOUNDED,512,10,1706,7.034,2.6114,0,29.898,25.773,4.125,1.122,1
IR021_3,inner_race,3,IE,512,20,1111,10.8011,-1.9358,0,29.898,26.187,3.711,4.201,1
IR021_3,inner_race,3,VW,512,20,1111,10.8011,-0.9155,0,29.898,18.065,11.833,62.177,1
IR021_3,inner_race,3,DROP,512,20,1111,10.8011,-1.7204,0,29.898,13.933,15.965,99.637,1
IR021_3,inner_race,3,IE_ORACLE,512,20,1111,10.8011,-1.5904,0,29.898,27.106,2.792,4.506,1
IR021_3,inner_race,3,LTTB,512,20,1111,10.8011,-2.1875,0,29.898,21.131,8.767,86.017,1
IR021_3,inner_race,3,SDT,512,20,1112,10.7914,1.0761,0,29.898,25.951,3.947,14.994,1
IR021_3,inner_race,3,SDT_BOUNDED,512,20,1109,10.8206,1.071,0,29.898,25.953,3.945,15.086,1
IR021_3,inner_race,3,IE,512,50,751,15.9787,-3.4128,0,29.898,24.023,5.875,22.869,1
IR021_3,inner_race,3,VW,512,50,751,15.9787,-1.8108,0,29.898,14.542,15.356,78.037,1
IR021_3,inner_race,3,DROP,512,50,751,15.9787,-2.0389,0,29.898,11.1,18.798,99.896,1
IR021_3,inner_race,3,IE_ORACLE,512,50,751,15.9787,-3.3863,0,29.898,25.466,4.432,11.442,1
IR021_3,inner_race,3,LTTB,512,50,751,15.9787,-3.1382,0,29.898,20.638,9.26,86.284,1
IR021_3,inner_race,3,SDT,512,50,753,15.9363,-0.0324,0,29.898,25.877,4.021,32.346,1
IR021_3,inner_race,3,SDT_BOUNDED,512,50,752,15.9574,-0.0333,0,29.898,25.844,4.054,32.4,1
B021_0,ball,0,IE,128,5,2527,4.7487,1.2129,0,7.87,5.631,2.239,0.201,0
B021_0,ball,0,VW,128,5,2527,4.7487,0.524,0,7.87,7.595,0.275,16.142,1
B021_0,ball,0,DROP,128,5,2527,4.7487,-1.0917,0,7.87,5.846,2.024,92.6,0
B021_0,ball,0,IE_ORACLE,128,5,2527,4.7487,1.2138,0,7.87,6.109,1.761,17.764,1
B021_0,ball,0,LTTB,128,5,2527,4.7487,-0.8902,0,7.87,6.619,1.251,77.115,1
B021_0,ball,0,SDT,128,5,2526,4.7506,1.9126,0,7.87,7.13,0.74,17.069,1
B021_0,ball,0,SDT_BOUNDED,128,5,2475,4.8485,1.6568,0,7.87,5.149,2.721,7.438,0
B021_0,ball,0,IE,128,10,1327,9.043,-1.7349,0,7.87,5.855,2.015,8.882,0
B021_0,ball,0,VW,128,10,1327,9.043,-1.5715,0,7.87,9.086,-1.216,66.779,1
B021_0,ball,0,DROP,128,10,1327,9.043,-1.7378,0,7.87,1.424,6.446,98.532,0
B021_0,ball,0,IE_ORACLE,128,10,1327,9.043,-1.7637,0,7.87,5.853,2.017,6.46,0
B021_0,ball,0,LTTB,128,10,1327,9.043,-1.9779,0,7.87,6.774,1.096,84.539,1
B021_0,ball,0,SDT,128,10,1327,9.043,0.3608,0,7.87,8.196,-0.326,8.156,1
B021_0,ball,0,SDT_BOUNDED,128,10,1300,9.2308,0.1674,0,7.87,8.801,-0.931,0.417,1
B021_0,ball,0,IE,128,20,727,16.5062,-3.4775,0,7.87,8.816,-0.946,11.773,1
B021_0,ball,0,VW,128,20,727,16.5062,-2.3961,0,7.87,5.929,1.941,80.769,0
B021_0,ball,0,DROP,128,20,727,16.5062,-1.7507,0,7.87,6.795,1.075,98.305,1
B021_0,ball,0,IE_ORACLE,128,20,727,16.5062,-4.019,0,7.87,9.653,-1.783,14.09,1
B021_0,ball,0,LTTB,128,20,727,16.5062,-2.7425,0,7.87,7.415,0.455,91.307,1
B021_0,ball,0,SDT,128,20,730,16.4384,-0.3468,0,7.87,9.648,-1.778,20.052,1
B021_0,ball,0,SDT_BOUNDED,128,20,717,16.7364,-0.3563,0,7.87,8.792,-0.922,23.234,1
B021_0,ball,0,IE,128,50,367,32.6975,-5.3463,0,7.87,7.862,0.008,46.343,1
B021_0,ball,0,VW,128,50,367,32.6975,-3.0021,0,7.87,7.354,0.516,94.2,0
B021_0,ball,0,DROP,128,50,367,32.6975,-1.8571,0,7.87,8.589,-0.719,99.787,1
B021_0,ball,0,IE_ORACLE,128,50,367,32.6975,-5.7708,0,7.87,8.379,-0.509,25.92,1
B021_0,ball,0,LTTB,128,50,367,32.6975,-3.7858,0,7.87,7.611,0.259,93.047,1
B021_0,ball,0,SDT,128,50,368,32.6087,-0.6137,0,7.87,7.717,0.153,62.741,1
B021_0,ball,0,SDT_BOUNDED,128,50,363,33.0579,-0.6171,0,7.87,7.707,0.163,62.614,1
B021_0,ball,0,IE,256,5,2655,4.5198,1.4301,0,7.87,6.09,1.78,5.913,1
B021_0,ball,0,VW,256,5,2655,4.5198,0.6319,0,7.87,6.428,1.442,25.634,1
B021_0,ball,0,DROP,256,5,2655,4.5198,-1.007,0,7.87,9.134,-1.264,91.077,1
B021_0,ball,0,IE_ORACLE,256,5,2655,4.5198,1.5081,0,7.87,6.277,1.593,15.556,1
B021_0,ball,0,LTTB,256,5,2655,4.5198,-0.7178,0,7.87,7.827,0.043,75.157,1
B021_0,ball,0,SDT,256,5,2654,4.5215,2.0792,0,7.87,6.184,1.686,10.987,1
B021_0,ball,0,SDT_BOUNDED,256,5,2628,4.5662,1.8755,0,7.87,5.418,2.452,3.677,0
B021_0,ball,0,IE,256,10,1455,8.2474,-1.747,0,7.87,7.089,0.781,1.028,1
B021_0,ball,0,VW,256,10,1455,8.2474,-1.3914,0,7.87,8.418,-0.548,68.001,1
B021_0,ball,0,DROP,256,10,1455,8.2474,-1.6878,0,7.87,3.99,3.88,97.828,0
B021_0,ball,0,IE_ORACLE,256,10,1455,8.2474,-1.5642,0,7.87,5.919,1.951,8.569,0
B021_0,ball,0,LTTB,256,10,1455,8.2474,-1.9489,0,7.87,10.063,-2.193,81.696,1
B021_0,ball,0,SDT,256,10,1457,8.2361,0.4603,0,7.87,7.31,0.56,2.048,1
B021_0,ball,0,SDT_BOUNDED,256,10,1440,8.3333,0.3268,0,7.87,7.458,0.412,2.506,1
B021_0,ball,0,IE,256,20,855,14.0351,-3.2588,0,7.87,8.758,-0.888,9.487,1
B021_0,ball,0,VW,256,20,855,14.0351,-2.2685,0,7.87,5.725,2.145,84.632,0
B021_0,ball,0,DROP,256,20,855,14.0351,-1.7937,0,7.87,7.281,0.589,98.678,0
B021_0,ball,0,IE_ORACLE,256,20,855,14.0351,-3.6517,0,7.87,9.345,-1.475,22.018,1
B021_0,ball,0,LTTB,256,20,855,14.0351,-2.5854,0,7.87,6.448,1.422,90.131,0
B021_0,ball,0,SDT,256,20,854,14.0515,-0.0929,0,7.87,9.351,-1.481,18.261,1
B021_0,ball,0,SDT_BOUNDED,256,20,846,14.1844,-0.1662,0,7.87,9.574,-1.704,17.747,1
B021_0,ball,0,IE,256,50,495,24.2424,-4.664,0,7.87,6.813,1.057,42.51,1
B021_0,ball,0,VW,256,50,495,24.2424,-2.7834,0,7.87,6.822,1.048,91.645,0
B021_0,ball,0,DROP,256,50,495,24.2424,-2.1479,0,7.87,11.197,-3.327,99.683,1
B021_0,ball,0,IE_ORACLE,256,50,495,24.2424,-5.1139,0,7.87,8.864,-0.994,12.706,1
B021_0,ball,0,LTTB,256,50,495,24.2424,-3.4171,0,7.87,5.407,2.463,94.647,0
B021_0,ball,0,SDT,256,50,493,24.3408,-0.5745,0,7.87,7.444,0.426,42.74,1
B021_0,ball,0,SDT_BOUNDED,256,50,491,24.4399,-0.5856,0,7.87,7.528,0.342,42.506,1
B021_0,ball,0,IE,512,5,2911,4.1223,1.7097,0,7.87,6.25,1.62,6.289,1
B021_0,ball,0,VW,512,5,2911,4.1223,1.0436,0,7.87,7.541,0.329,7.265,1
B021_0,ball,0,DROP,512,5,2911,4.1223,-0.9079,0,7.87,5.001,2.869,94.082,0
B021_0,ball,0,IE_ORACLE,512,5,2911,4.1223,2.1751,0,7.87,5.804,2.066,10.309,0
B021_0,ball,0,LTTB,512,5,2911,4.1223,-0.3027,0,7.87,9.346,-1.476,65.54,1
B021_0,ball,0,SDT,512,5,2912,4.1209,2.4141,0,7.87,5.611,2.259,7.379,0
B021_0,ball,0,SDT_BOUNDED,512,5,2886,4.158,2.3011,0,7.87,5.348,2.522,4.058,0
B021_0,ball,0,IE,512,10,1711,7.0134,-1.2746,0,7.87,6.882,0.988,8.664,1
B021_0,ball,0,VW,512,10,1711,7.0134,-1.0641,0,7.87,6.545,1.325,56.696,1
B021_0,ball,0,DROP,512,10,1711,7.0134,-1.5757,0,7.87,2.272,5.598,98.041,0
B021_0,ball,0,IE_ORACLE,512,10,1711,7.0134,-0.7305,0,7.87,5.451,2.419,3.897,0
B021_0,ball,0,LTTB,512,10,1711,7.0134,-1.6431,0,7.87,6.632,1.238,81.298,0
B021_0,ball,0,SDT,512,10,1711,7.0134,0.836,0,7.87,5.705,2.165,4.987,0
B021_0,ball,0,SDT_BOUNDED,512,10,1697,7.0713,0.7613,0,7.87,5.45,2.42,9.067,0
B021_0,ball,0,IE,512,20,1111,10.8011,-2.9827,0,7.87,8.338,-0.468,0.608,1
B021_0,ball,0,VW,512,20,1111,10.8011,-1.937,0,7.87,3.365,4.505,84.716,0
B021_0,ball,0,DROP,512,20,1111,10.8011,-1.6171,0,7.87,1.011,6.859,99.084,0
B021_0,ball,0,IE_ORACLE,512,20,1111,10.8011,-2.4236,0,7.87,6.923,0.947,5.759,1
B021_0,ball,0,LTTB,512,20,1111,10.8011,-2.2386,0,7.87,2.424,5.446,91.799,0
B021_0,ball,0,SDT,512,20,1111,10.8011,0.0441,0,7.87,7.925,-0.055,13.511,1
B021_0,ball,0,SDT_BOUNDED,512,20,1104,10.8696,0.026,0,7.87,7.964,-0.094,17.241,1
B021_0,ball,0,IE,512,50,751,15.9787,-3.3286,0,7.87,9.199,-1.329,11.074,1
B021_0,ball,0,VW,512,50,751,15.9787,-2.43,0,7.87,6.545,1.325,84.538,1
B021_0,ball,0,DROP,512,50,751,15.9787,-1.842,0,7.87,2.835,5.035,99.787,0
B021_0,ball,0,IE_ORACLE,512,50,751,15.9787,-3.8936,0,7.87,9.514,-1.644,14.646,1
B021_0,ball,0,LTTB,512,50,751,15.9787,-2.8153,0,7.87,7.666,0.204,89.511,1
B021_0,ball,0,SDT,512,50,751,15.9787,-0.3842,0,7.87,9.845,-1.975,16.304,1
B021_0,ball,0,SDT_BOUNDED,512,50,749,16.0214,-0.3868,0,7.87,9.797,-1.927,16.428,1
B021_1,ball,1,IE,128,5,2527,4.7487,1.7282,0,8.638,8.171,0.467,4.179,1
B021_1,ball,1,VW,128,5,2527,4.7487,1.1377,0,8.638,9.511,-0.873,19.621,1
B021_1,ball,1,DROP,128,5,2527,4.7487,-1.2319,0,8.638,8.383,0.255,91.937,1
B021_1,ball,1,IE_ORACLE,128,5,2527,4.7487,2.4302,0,8.638,9.528,-0.89,17.016,1
B021_1,ball,1,LTTB,128,5,2527,4.7487,-1.1366,0,8.638,6.938,1.7,85.244,1
B021_1,ball,1,SDT,128,5,2528,4.7468,3.4852,0,8.638,12.217,-3.579,27.073,1
B021_1,ball,1,SDT_BOUNDED,128,5,2212,5.425,0.5464,0,8.638,13.297,-4.659,20.781,1
B021_1,ball,1,IE,128,10,1327,9.043,-1.1384,0,8.638,10.53,-1.892,5.003,1
B021_1,ball,1,VW,128,10,1327,9.043,-1.0116,0,8.638,7.15,1.488,71.323,1
B021_1,ball,1,DROP,128,10,1327,9.043,-1.9216,0,8.638,5.827,2.811,98.556,0
B021_1,ball,1,IE_ORACLE,128,10,1327,9.043,-0.5963,0,8.638,11.301,-2.663,6.085,1
B021_1,ball,1,LTTB,128,10,1327,9.043,-2.0988,0,8.638,5.259,3.379,90.79,0
B021_1,ball,1,SDT,128,10,1325,9.0566,1.8998,0,8.638,9.134,-0.496,25.741,1
B021_1,ball,1,SDT_BOUNDED,128,10,1086,11.0497,-0.4082,0,8.638,8.301,0.337,41.13,1
B021_1,ball,1,IE,128,20,727,16.5062,-3.4325,0,8.638,10.619,-1.981,14.511,1
B021_1,ball,1,VW,128,20,727,16.5062,-1.9405,0,8.638,4.847,3.791,87.417,0
B021_1,ball,1,DROP,128,20,727,16.5062,-1.4285,0,8.638,6.256,2.382,98.82,1
B021_1,ball,1,IE_ORACLE,128,20,727,16.5062,-2.8992,0,8.638,9.348,-0.71,15.748,1
B021_1,ball,1,LTTB,128,20,727,16.5062,-2.8291,0,8.638,2.52,6.118,93.975,0
B021_1,ball,1,SDT,128,20,727,16.5062,0.6766,0,8.638,4.662,3.976,57.944,0
B021_1,ball,1,SDT_BOUNDED,128,20,571,21.0158,-1.0692,0,8.638,5.417,3.221,69.008,0
B021_1,ball,1,IE,128,50,367,32.6975,-5.2983,0,8.638,4.084,4.554,69.024,0
B021_1,ball,1,VW,128,50,367,32.6975,-2.5313,0,8.638,6.33,2.308,95.604,0
B021_1,ball,1,DROP,128,50,367,32.6975,-2.2306,0,8.638,3.74,4.898,99.895,0
B021_1,ball,1,IE_ORACLE,128,50,367,32.6975,-5.9551,0,8.638,4.303,4.335,65.209,0
B021_1,ball,1,LTTB,128,50,367,32.6975,-3.8588,0,8.638,2.787,5.851,97.227,0
B021_1,ball,1,SDT,128,50,368,32.6087,-0.5331,0,8.638,3.805,4.833,73.181,0
B021_1,ball,1,SDT_BOUNDED,128,50,282,42.5532,-1.7638,0,8.638,-1.221,9.859,84.236,0
B021_1,ball,1,IE,256,5,2655,4.5198,2.2152,0,8.638,7.742,0.896,6.07,1
B021_1,ball,1,VW,256,5,2655,4.5198,1.5552,0,8.638,10.5,-1.862,17.505,1
B021_1,ball,1,DROP,256,5,2655,4.5198,-1.1414,0,8.638,6.703,1.935,93.693,1
B021_1,ball,1,IE_ORACLE,256,5,2655,4.5198,2.7439,0,8.638,9.627,-0.989,14.258,1
B021_1,ball,1,LTTB,256,5,2655,4.5198,-0.9971,0,8.638,6.474,2.164,83.026,1
B021_1,ball,1,SDT,256,5,2655,4.5198,3.64,0,8.638,11.579,-2.941,26.354,1
B021_1,ball,1,SDT_BOUNDED,256,5,2468,4.8622,1.4779,0,8.638,10.31,-1.672,11.916,1
B021_1,ball,1,IE,256,10,1455,8.2474,-0.5441,0,8.638,11.629,-2.991,6.814,1
B021_1,ball,1,VW,256,10,1455,8.2474,-0.7724,0,8.638,2.818,5.82,78.382,0
B021_1,ball,1,DROP,256,10,1455,8.2474,-1.7939,0,8.638,5.138,3.5,98.665,0
B021_1,ball,1,IE_ORACLE,256,10,1455,8.2474,-0.2891,0,8.638,12.324,-3.686,15.949,1
B021_1,ball,1,LTTB,256,10,1455,8.2474,-1.9593,0,8.638,7.174,1.464,88.885,0
B021_1,ball,1,SDT,256,10,1455,8.2474,2.1289,0,8.638,10.369,-1.731,15.164,1
B021_1,ball,1,SDT_BOUNDED,256,10,1354,8.8626,1.0756,0,8.638,8.351,0.287,33.224,1
B021_1,ball,1,IE,256,20,855,14.0351,-2.6081,0,8.638,9.951,-1.313,18.297,1
B021_1,ball,1,VW,256,20,855,14.0351,-1.6903,0,8.638,2.577,6.061,89.921,0
B021_1,ball,1,DROP,256,20,855,14.0351,-1.7377,0,8.638,3.973,4.665,99.14,0
B021_1,ball,1,IE_ORACLE,256,20,855,14.0351,-2.5893,0,8.638,10.546,-1.908,4.948,1
B021_1,ball,1,LTTB,256,20,855,14.0351,-2.7547,0,8.638,6.344,2.294,92.481,1
B021_1,ball,1,SDT,256,20,855,14.0351,1.2145,0,8.638,5.747,2.891,48.829,0
B021_1,ball,1,SDT_BOUNDED,256,20,793,15.1324,0.3188,0,8.638,4.542,4.096,55.012,0
B021_1,ball,1,IE,256,50,495,24.2424,-5.2218,0,8.638,4.139,4.499,65.483,0
B021_1,ball,1,VW,256,50,495,24.2424,-2.5967,0,8.638,7.472,1.166,91.526,0
B021_1,ball,1,DROP,256,50,495,24.2424,-2.4951,0,8.638,4.188,4.45,99.865,0
B021_1,ball,1,IE_ORACLE,256,50,495,24.2424,-4.6498,0,8.638,6.384,2.254,51.68,1
B021_1,ball,1,LTTB,256,50,495,24.2424,-3.4949,0,8.638,7.268,1.37,92.057,0
B021_1,ball,1,SDT,256,50,493,24.3408,-0.0062,0,8.638,3.515,5.123,68.272,0
B021_1,ball,1,SDT_BOUNDED,256,50,483,24.8447,-0.0898,0,8.638,4.004,4.634,66.609,0
B021_1,ball,1,IE,512,5,2911,4.1223,2.8293,0,8.638,8.356,0.282,9.545,1
B021_1,ball,1,VW,512,5,2911,4.1223,2.1711,0,8.638,9.721,-1.083,16.314,1
B021_1,ball,1,DROP,512,5,2911,4.1223,-1.0483,0,8.638,7.534,1.104,92.626,1
B021_1,ball,1,IE_ORACLE,512,5,2911,4.1223,3.2126,0,8.638,9.169,-0.531,19.656,1
B021_1,ball,1,LTTB,512,5,2911,4.1223,-0.7256,0,8.638,6.448,2.19,80.872,1
B021_1,ball,1,SDT,512,5,2913,4.1195,3.9494,0,8.638,11.474,-2.836,29.867,1
B021_1,ball,1,SDT_BOUNDED,512,5,2911,4.1223,3.9466,0,8.638,11.502,-2.864,29.912,1
B021_1,ball,1,IE,512,10,1711,7.0134,-0.212,0,8.638,11.926,-3.288,11.123,1
B021_1,ball,1,VW,512,10,1711,7.0134,-0.1589,0,8.638,6.945,1.693,58.425,1
B021_1,ball,1,DROP,512,10,1711,7.0134,-1.7654,0,8.638,7.147,1.491,97.945,1
B021_1,ball,1,IE_ORACLE,512,10,1711,7.0134,0.2967,0,8.638,11.319,-2.681,19.668,1
B021_1,ball,1,LTTB,512,10,1711,7.0134,-1.7884,0,8.638,6.427,2.211,84.473,1
B021_1,ball,1,SDT,512,10,1710,7.0175,2.436,0,8.638,10.884,-2.246,0.498,1
B021_1,ball,1,SDT_BOUNDED,512,10,1710,7.0175,2.436,0,8.638,10.884,-2.246,0.498,1
B021_1,ball,1,IE,512,20,1111,10.8011,-2.0314,0,8.638,11.406,-2.768,1.982,1
B021_1,ball,1,VW,512,20,1111,10.8011,-1.2118,0,8.638,2.339,6.299,82.746,0
B021_1,ball,1,DROP,512,20,1111,10.8011,-1.5878,0,8.638,0.877,7.761,99.256,0
B021_1,ball,1,IE_ORACLE,512,20,1111,10.8011,-1.4038,0,8.638,11.9,-3.262,4.191,1
B021_1,ball,1,LTTB,512,20,1111,10.8011,-2.3307,0,8.638,7.98,0.658,89.871,0
B021_1,ball,1,SDT,512,20,1112,10.7914,1.521,0,8.638,7.204,1.434,36.908,1
B021_1,ball,1,SDT_BOUNDED,512,20,1110,10.8108,1.5015,0,8.638,7.032,1.606,36.503,1
B021_1,ball,1,IE,512,50,751,15.9787,-3.2291,0,8.638,7.725,0.913,35.245,1
B021_1,ball,1,VW,512,50,751,15.9787,-1.9635,0,8.638,1.175,7.463,89.251,0
B021_1,ball,1,DROP,512,50,751,15.9787,-1.8485,0,8.638,0.707,7.931,99.571,0
B021_1,ball,1,IE_ORACLE,512,50,751,15.9787,-2.7824,0,8.638,9.402,-0.764,15.894,1
B021_1,ball,1,LTTB,512,50,751,15.9787,-2.8556,0,8.638,4.097,4.541,94.786,0
B021_1,ball,1,SDT,512,50,751,15.9787,0.6676,0,8.638,5.54,3.098,52.187,0
B021_1,ball,1,SDT_BOUNDED,512,50,751,15.9787,0.6676,0,8.638,5.54,3.098,52.187,0
B021_2,ball,2,IE,128,5,2527,4.7487,1.1905,0,7.324,10.159,-2.835,42.03,1
B021_2,ball,2,VW,128,5,2527,4.7487,0.4624,0,7.324,10.187,-2.863,9.493,1
B021_2,ball,2,DROP,128,5,2527,4.7487,-0.786,0,7.324,8.105,-0.781,90.268,1
B021_2,ball,2,IE_ORACLE,128,5,2527,4.7487,1.2831,0,7.324,8.729,-1.405,31.609,1
B021_2,ball,2,LTTB,128,5,2527,4.7487,-0.6949,0,7.324,5.724,1.6,82.376,0
B021_2,ball,2,SDT,128,5,2529,4.745,1.581,0,7.324,7.948,-0.624,26.67,1
B021_2,ball,2,SDT_BOUNDED,128,5,2488,4.8232,1.4408,0,7.324,7.89,-0.566,31.384,1
B021_2,ball,2,IE,128,10,1327,9.043,-1.5398,0,7.324,10.822,-3.498,22.887,1
B021_2,ball,2,VW,128,10,1327,9.043,-1.5441,0,7.324,3.899,3.425,75.439,0
B021_2,ball,2,DROP,128,10,1327,9.043,-1.8843,0,7.324,3.26,4.064,98.506,0
B021_2,ball,2,IE_ORACLE,128,10,1327,9.043,-1.8491,0,7.324,11.0,-3.676,29.765,1
B021_2,ball,2,LTTB,128,10,1327,9.043,-1.9246,0,7.324,9.04,-1.716,83.423,1
B021_2,ball,2,SDT,128,10,1326,9.0498,0.0069,0,7.324,12.057,-4.733,32.228,1
B021_2,ball,2,SDT_BOUNDED,128,10,1300,9.2308,-0.1132,0,7.324,11.441,-4.117,29.42,1
B021_2,ball,2,IE,128,20,727,16.5062,-3.4492,0,7.324,10.013,-2.689,10.238,1
B021_2,ball,2,VW,128,20,727,16.5062,-2.3714,0,7.324,4.165,3.159,89.615,0
B021_2,ball,2,DROP,128,20,727,16.5062,-1.5132,0,7.324,4.915,2.409,98.613,0
B021_2,ball,2,IE_ORACLE,128,20,727,16.5062,-3.5311,0,7.324,11.374,-4.05,34.512,1
B021_2,ball,2,LTTB,128,20,727,16.5062,-2.7587,0,7.324,5.42,1.904,90.387,0
B021_2,ball,2,SDT,128,20,727,16.5062,-0.5741,0,7.324,13.299,-5.975,6.77,1
B021_2,ball,2,SDT_BOUNDED,128,20,706,16.9972,-0.6773,0,7.324,12.842,-5.518,3.055,1
B021_2,ball,2,IE,128,50,367,32.6975,-4.9185,0,7.324,14.024,-6.7,23.86,1
B021_2,ball,2,VW,128,50,367,32.6975,-3.22,0,7.324,6.021,1.303,92.219,0
B021_2,ball,2,DROP,128,50,367,32.6975,-2.2041,0,7.324,0.394,6.93,99.889,0
B021_2,ball,2,IE_ORACLE,128,50,367,32.6975,-5.4596,0,7.324,11.896,-4.572,7.654,1
B021_2,ball,2,LTTB,128,50,367,32.6975,-3.7385,0,7.324,4.062,3.262,94.25,0
B021_2,ball,2,SDT,128,50,368,32.6087,-1.3252,0,7.324,10.144,-2.82,50.975,1
B021_2,ball,2,SDT_BOUNDED,128,50,362,33.1492,-1.3811,0,7.324,10.135,-2.811,51.063,1
B021_2,ball,2,IE,256,5,2655,4.5198,1.3463,0,7.324,9.814,-2.49,31.791,1
B021_2,ball,2,VW,256,5,2655,4.5198,0.6209,0,7.324,9.304,-1.98,6.005,1
B021_2,ball,2,DROP,256,5,2655,4.5198,-0.7531,0,7.324,1.196,6.128,94.766,0
B021_2,ball,2,IE_ORACLE,256,5,2655,4.5198,1.6112,0,7.324,8.845,-1.521,27.641,1
B021_2,ball,2,LTTB,256,5,2655,4.5198,-0.4473,0,7.324,8.828,-1.504,75.012,1
B021_2,ball,2,SDT,256,5,2655,4.5198,1.703,0,7.324,8.301,-0.977,31.478,1
B021_2,ball,2,SDT_BOUNDED,256,5,2620,4.5802,1.6091,0,7.324,8.633,-1.309,32.605,1
B021_2,ball,2,IE,256,10,1455,8.2474,-1.6112,0,7.324,10.588,-3.264,21.053,1
B021_2,ball,2,VW,256,10,1455,8.2474,-1.3567,0,7.324,7.661,-0.337,66.539,1
B021_2,ball,2,DROP,256,10,1455,8.2474,-1.8716,0,7.324,5.957,1.367,97.744,0
B021_2,ball,2,IE_ORACLE,256,10,1455,8.2474,-1.5587,0,7.324,10.196,-2.872,26.259,1
B021_2,ball,2,LTTB,256,10,1455,8.2474,-1.8266,0,7.324,5.865,1.459,84.124,0
B021_2,ball,2,SDT,256,10,1457,8.2361,0.2003,0,7.324,12.585,-5.261,36.87,1
B021_2,ball,2,SDT_BOUNDED,256,10,1429,8.3975,0.0697,0,7.324,11.744,-4.42,28.109,1
B021_2,ball,2,IE,256,20,855,14.0351,-3.1541,0,7.324,10.365,-3.041,4.665,1
B021_2,ball,2,VW,256,20,855,14.0351,-2.1138,0,7.324,3.243,4.081,90.212,0
B021_2,ball,2,DROP,256,20,855,14.0351,-1.6101,0,7.324,3.37,3.954,98.802,0
B021_2,ball,2,IE_ORACLE,256,20,855,14.0351,-3.0666,0,7.324,11.211,-3.887,35.29,1
B021_2,ball,2,LTTB,256,20,855,14.0351,-2.7182,0,7.324,7.381,-0.057,89.651,1
B021_2,ball,2,SDT,256,20,856,14.0187,-0.3893,0,7.324,13.171,-5.847,19.169,1
B021_2,ball,2,SDT_BOUNDED,256,20,850,14.1176,-0.4113,0,7.324,13.216,-5.892,18.353,1
B021_2,ball,2,IE,256,50,495,24.2424,-4.4056,0,7.324,11.131,-3.807,2.649,1
B021_2,ball,2,VW,256,50,495,24.2424,-2.8581,0,7.324,6.586,0.738,93.328,0
B021_2,ball,2,DROP,256,50,495,24.2424,-2.1458,0,7.324,10.007,-2.683,99.782,0
B021_2,ball,2,IE_ORACLE,256,50,495,24.2424,-4.2381,0,7.324,10.863,-3.539,9.833,1
B021_2,ball,2,LTTB,256,50,495,24.2424,-3.3962,0,7.324,4.434,2.89,92.498,0
B021_2,ball,2,SDT,256,50,495,24.2424,-1.241,0,7.324,12.113,-4.789,31.189,1
B021_2,ball,2,SDT_BOUNDED,256,50,491,24.4399,-1.2534,0,7.324,12.54,-5.216,35.022,1
B021_2,ball,2,IE,512,5,2911,4.1223,1.7207,0,7.324,9.519,-2.195,30.273,1
B021_2,ball,2,VW,512,5,2911,4.1223,0.9774,0,7.324,10.364,-3.04,5.727,1
B021_2,ball,2,DROP,512,5,2911,4.1223,-0.7005,0,7.324,6.045,1.279,92.247,1
B021_2,ball,2,IE_ORACLE,512,5,2911,4.1223,2.2483,0,7.324,7.803,-0.479,22.14,1
B021_2,ball,2,LTTB,512,5,2911,4.1223,-0.1186,0,7.324,6.744,0.58,75.028,1
B021_2,ball,2,SDT,512,5,2909,4.1251,2.0528,0,7.324,7.984,-0.66,26.078,1
B021_2,ball,2,SDT_BOUNDED,512,5,2887,4.1566,1.9568,0,7.324,7.459,-0.135,22.552,1
B021_2,ball,2,IE,512,10,1711,7.0134,-0.9006,0,7.324,9.729,-2.405,12.84,1
B021_2,ball,2,VW,512,10,1711,7.0134,-1.0709,0,7.324,8.997,-1.673,54.546,1
B021_2,ball,2,DROP,512,10,1711,7.0134,-1.8571,0,7.324,6.661,0.663,97.596,1
B021_2,ball,2,IE_ORACLE,512,10,1711,7.0134,-0.7845,0,7.324,9.176,-1.852,35.281,1
B021_2,ball,2,LTTB,512,10,1711,7.0134,-1.6143,0,7.324,5.978,1.346,85.569,0
B021_2,ball,2,SDT,512,10,1712,7.0093,0.4454,0,7.324,12.191,-4.867,36.376,1
B021_2,ball,2,SDT_BOUNDED,512,10,1695,7.0796,0.2901,0,7.324,11.853,-4.529,33.52,1
B021_2,ball,2,IE,512,20,1111,10.8011,-2.4469,0,7.324,9.706,-2.382,11.305,1
B021_2,ball,2,VW,512,20,1111,10.8011,-1.8524,0,7.324,5.441,1.883,81.432,0
B021_2,ball,2,DROP,512,20,1111,10.8011,-1.5526,0,7.324,6.841,0.483,98.077,0
B021_2,ball,2,IE_ORACLE,512,20,1111,10.8011,-2.5459,0,7.324,11.247,-3.923,31.6,1
B021_2,ball,2,LTTB,512,20,1111,10.8011,-2.3021,0,7.324,3.521,3.803,89.525,0
B021_2,ball,2,SDT,512,20,1110,10.8108,-0.2002,0,7.324,11.655,-4.331,19.131,1
B021_2,ball,2,SDT_BOUNDED,512,20,1106,10.8499,-0.227,0,7.324,10.0,-2.676,11.194,1
B021_2,ball,2,IE,512,50,751,15.9787,-3.1613,0,7.324,11.824,-4.5,19.215,1
B021_2,ball,2,VW,512,50,751,15.9787,-2.478,0,7.324,4.323,3.001,87.717,0
B021_2,ball,2,DROP,512,50,751,15.9787,-2.4131,0,7.324,5.045,2.279,99.604,0
B021_2,ball,2,IE_ORACLE,512,50,751,15.9787,-3.4039,0,7.324,11.162,-3.838,35.588,1
B021_2,ball,2,LTTB,512,50,751,15.9787,-2.7788,0,7.324,1.46,5.864,93.141,0
B021_2,ball,2,SDT,512,50,752,15.9574,-0.5333,0,7.324,13.699,-6.375,6.404,1
B021_2,ball,2,SDT_BOUNDED,512,50,752,15.9574,-0.5333,0,7.324,13.699,-6.375,6.404,1
B021_3,ball,3,IE,128,5,2527,4.7487,1.2662,0,7.753,8.298,-0.545,1.097,1
B021_3,ball,3,VW,128,5,2527,4.7487,0.7864,0,7.753,7.995,-0.242,25.661,1
B021_3,ball,3,DROP,128,5,2527,4.7487,-0.5176,0,7.753,8.912,-1.159,90.889,1
B021_3,ball,3,IE_ORACLE,128,5,2527,4.7487,1.5006,0,7.753,8.828,-1.075,23.428,1
B021_3,ball,3,LTTB,128,5,2527,4.7487,-0.2978,0,7.753,4.788,2.965,80.341,0
B021_3,ball,3,SDT,128,5,2528,4.7468,1.2304,0,7.753,9.659,-1.906,19.952,1
B021_3,ball,3,SDT_BOUNDED,128,5,2499,4.8019,1.1479,0,7.753,8.852,-1.099,23.292,1
B021_3,ball,3,IE,128,10,1327,9.043,-1.5973,0,7.753,8.535,-0.782,9.943,1
B021_3,ball,3,VW,128,10,1327,9.043,-1.483,0,7.753,4.367,3.386,81.586,0
B021_3,ball,3,DROP,128,10,1327,9.043,-2.1552,0,7.753,6.196,1.557,97.973,1
B021_3,ball,3,IE_ORACLE,128,10,1327,9.043,-1.4794,0,7.753,7.932,-0.179,9.189,1
B021_3,ball,3,LTTB,128,10,1327,9.043,-1.948,0,7.753,9.049,-1.296,80.953,1
B021_3,ball,3,SDT,128,10,1329,9.0293,-0.2982,0,7.753,10.658,-2.905,13.145,1
B021_3,ball,3,SDT_BOUNDED,128,10,1323,9.0703,-0.294,0,7.753,10.73,-2.977,12.479,1
B021_3,ball,3,IE,128,20,727,16.5062,-3.3772,0,7.753,9.958,-2.205,14.992,1
B021_3,ball,3,VW,128,20,727,16.5062,-2.3665,0,7.753,8.89,-1.137,85.44,1
B021_3,ball,3,DROP,128,20,727,16.5062,-1.7314,0,7.753,6.005,1.748,98.302,1
B021_3,ball,3,IE_ORACLE,128,20,727,16.5062,-3.4411,0,7.753,8.147,-0.394,26.239,1
B021_3,ball,3,LTTB,128,20,727,16.5062,-2.7877,0,7.753,7.112,0.641,88.055,1
B021_3,ball,3,SDT,128,20,728,16.4835,-0.9056,0,7.753,6.794,0.959,46.7,1
B021_3,ball,3,SDT_BOUNDED,128,20,715,16.7832,-0.9297,0,7.753,6.895,0.858,50.4,1
B021_3,ball,3,IE,128,50,367,32.6975,-4.7393,0,7.753,8.974,-1.221,45.841,1
B021_3,ball,3,VW,128,50,367,32.6975,-3.1867,0,7.753,-0.426,8.179,95.052,0
B021_3,ball,3,DROP,128,50,367,32.6975,-2.3126,0,7.753,1.855,5.898,99.862,0
B021_3,ball,3,IE_ORACLE,128,50,367,32.6975,-5.0504,0,7.753,8.455,-0.702,36.95,1
B021_3,ball,3,LTTB,128,50,367,32.6975,-3.7255,0,7.753,6.234,1.519,94.101,1
B021_3,ball,3,SDT,128,50,370,32.4324,-1.3503,0,7.753,7.834,-0.081,68.724,1
B021_3,ball,3,SDT_BOUNDED,128,50,368,32.6087,-1.3577,0,7.753,7.831,-0.078,68.731,1
B021_3,ball,3,IE,256,5,2655,4.5198,1.4754,0,7.753,8.969,-1.216,13.878,1
B021_3,ball,3,VW,256,5,2655,4.5198,0.9528,0,7.753,8.728,-0.975,29.669,1
B021_3,ball,3,DROP,256,5,2655,4.5198,-0.5165,0,7.753,6.24,1.513,91.317,1
B021_3,ball,3,IE_ORACLE,256,5,2655,4.5198,1.8554,0,7.753,8.773,-1.02,19.193,1
B021_3,ball,3,LTTB,256,5,2655,4.5198,0.265,0,7.753,7.463,0.29,75.42,1
B021_3,ball,3,SDT,256,5,2655,4.5198,1.3935,0,7.753,10.574,-2.821,33.395,1
B021_3,ball,3,SDT_BOUNDED,256,5,2649,4.53,1.3748,0,7.753,10.463,-2.71,32.94,1
B021_3,ball,3,IE,256,10,1455,8.2474,-1.4646,0,7.753,8.246,-0.493,9.056,1
B021_3,ball,3,VW,256,10,1455,8.2474,-1.2441,0,7.753,4.022,3.731,82.2,0
B021_3,ball,3,DROP,256,10,1455,8.2474,-1.898,0,7.753,2.051,5.702,98.683,0
B021_3,ball,3,IE_ORACLE,256,10,1455,8.2474,-1.2575,0,7.753,8.184,-0.431,3.518,1
B021_3,ball,3,LTTB,256,10,1455,8.2474,-1.8436,0,7.753,5.261,2.492,85.346,0
B021_3,ball,3,SDT,256,10,1458,8.2305,-0.1849,0,7.753,9.078,-1.325,10.512,1
B021_3,ball,3,SDT_BOUNDED,256,10,1455,8.2474,-0.2102,0,7.753,9.34,-1.587,12.042,1
B021_3,ball,3,IE,256,20,855,14.0351,-2.9348,0,7.753,9.56,-1.807,4.029,1
B021_3,ball,3,VW,256,20,855,14.0351,-2.2328,0,7.753,2.731,5.022,89.256,0
B021_3,ball,3,DROP,256,20,855,14.0351,-1.4694,0,7.753,7.032,0.721,98.235,1
B021_3,ball,3,IE_ORACLE,256,20,855,14.0351,-2.8193,0,7.753,8.003,-0.25,26.462,1
B021_3,ball,3,LTTB,256,20,855,14.0351,-2.8015,0,7.753,5.156,2.597,89.687,0
B021_3,ball,3,SDT,256,20,857,14.0023,-0.8481,0,7.753,7.995,-0.242,38.603,1
B021_3,ball,3,SDT_BOUNDED,256,20,856,14.0187,-0.8487,0,7.753,7.995,-0.242,38.599,1
B021_3,ball,3,IE,256,50,495,24.2424,-4.1472,0,7.753,8.68,-0.927,42.513,1
B021_3,ball,3,VW,256,50,495,24.2424,-2.936,0,7.753,4.866,2.887,91.056,0
B021_3,ball,3,DROP,256,50,495,24.2424,-1.839,0,7.753,2.487,5.266,99.801,0
B021_3,ball,3,IE_ORACLE,256,50,495,24.2424,-4.2681,0,7.753,8.675,-0.922,24.559,1
B021_3,ball,3,LTTB,256,50,495,24.2424,-3.3577,0,7.753,3.472,4.281,95.882,0
B021_3,ball,3,SDT,256,50,494,24.2915,-1.1424,0,7.753,7.47,0.283,59.353,1
B021_3,ball,3,SDT_BOUNDED,256,50,494,24.2915,-1.1424,0,7.753,7.47,0.283,59.353,1
B021_3,ball,3,IE,512,5,2911,4.1223,1.9037,0,7.753,8.769,-1.016,17.366,1
B021_3,ball,3,VW,512,5,2911,4.1223,1.3149,0,7.753,9.998,-2.245,17.064,1
B021_3,ball,3,DROP,512,5,2911,4.1223,-0.3397,0,7.753,6.743,1.01,92.351,1
B021_3,ball,3,IE_ORACLE,512,5,2911,4.1223,2.5102,0,7.753,6.715,1.038,5.555,1
B021_3,ball,3,LTTB,512,5,2911,4.1223,0.6639,0,7.753,8.569,-0.816,66.355,1
B021_3,ball,3,SDT,512,5,2912,4.1209,1.807,0,7.753,9.568,-1.815,30.589,1
B021_3,ball,3,SDT_BOUNDED,512,5,2912,4.1209,1.807,0,7.753,9.568,-1.815,30.589,1
B021_3,ball,3,IE,512,10,1711,7.0134,-0.9469,0,7.753,10.285,-2.532,6.264,1
B021_3,ball,3,VW,512,10,1711,7.0134,-0.901,0,7.753,4.819,2.934,69.819,0
B021_3,ball,3,DROP,512,10,1711,7.0134,-1.9126,0,7.753,5.523,2.23,97.569,0
B021_3,ball,3,IE_ORACLE,512,10,1711,7.0134,-0.5801,0,7.753,8.584,-0.831,8.586,1
B021_3,ball,3,LTTB,512,10,1711,7.0134,-1.5439,0,7.753,4.634,3.119,84.868,0
B021_3,ball,3,SDT,512,10,1710,7.0175,0.22,0,7.753,9.953,-2.2,10.922,1
B021_3,ball,3,SDT_BOUNDED,512,10,1710,7.0175,0.22,0,7.753,9.953,-2.2,10.922,1
B021_3,ball,3,IE,512,20,1111,10.8011,-2.4996,0,7.753,6.975,0.778,19.634,1
B021_3,ball,3,VW,512,20,1111,10.8011,-1.8897,0,7.753,1.108,6.645,88.85,0
B021_3,ball,3,DROP,512,20,1111,10.8011,-1.5356,0,7.753,8.48,-0.727,97.593,0
B021_3,ball,3,IE_ORACLE,512,20,1111,10.8011,-2.1134,0,7.753,8.456,-0.703,1.537,1
B021_3,ball,3,LTTB,512,20,1111,10.8011,-2.3045,0,7.753,11.355,-3.602,79.71,0
B021_3,ball,3,SDT,512,20,1111,10.8011,-0.4918,0,7.753,9.143,-1.39,25.253,1
B021_3,ball,3,SDT_BOUNDED,512,20,1111,10.8011,-0.4918,0,7.753,9.143,-1.39,25.253,1
B021_3,ball,3,IE,512,50,751,15.9787,-3.5372,0,7.753,9.658,-1.905,1.009,1
B021_3,ball,3,VW,512,50,751,15.9787,-2.4425,0,7.753,4.067,3.686,90.035,0
B021_3,ball,3,DROP,512,50,751,15.9787,-2.1017,0,7.753,1.274,6.479,99.675,0
B021_3,ball,3,IE_ORACLE,512,50,751,15.9787,-3.2987,0,7.753,7.689,0.064,27.88,1
B021_3,ball,3,LTTB,512,50,751,15.9787,-2.9021,0,7.753,6.018,1.735,91.454,1
B021_3,ball,3,SDT,512,50,750,16.0,-0.8833,0,7.753,6.901,0.852,46.05,1
B021_3,ball,3,SDT_BOUNDED,512,50,750,16.0,-0.8833,0,7.753,6.901,0.852,46.05,1
OR021@6_0,outer_race,0,IE,128,5,2527,4.7487,9.0467,0,26.693,27.498,-0.805,4.1,1
OR021@6_0,outer_race,0,VW,128,5,2527,4.7487,7.6652,0,26.693,26.537,0.156,6.571,1
OR021@6_0,outer_race,0,DROP,128,5,2527,4.7487,-1.3622,0,26.693,19.283,7.41,93.76,1
OR021@6_0,outer_race,0,IE_ORACLE,128,5,2527,4.7487,9.0794,0,26.693,28.121,-1.428,3.332,1
OR021@6_0,outer_race,0,LTTB,128,5,2527,4.7487,-1.0149,0,26.693,23.302,3.391,76.132,1
OR021@6_0,outer_race,0,SDT,128,5,2528,4.7468,9.6802,0,26.693,27.916,-1.223,2.791,1
OR021@6_0,outer_race,0,SDT_BOUNDED,128,5,2476,4.8465,7.901,0,26.693,27.181,-0.488,1.766,1
OR021@6_0,outer_race,0,IE,128,10,1327,9.043,1.9912,0,26.693,26.52,0.173,4.889,1
OR021@6_0,outer_race,0,VW,128,10,1327,9.043,2.7215,0,26.693,22.946,3.747,31.092,1
OR021@6_0,outer_race,0,DROP,128,10,1327,9.043,-2.2636,0,26.693,20.397,6.296,98.497,1
OR021@6_0,outer_race,0,IE_ORACLE,128,10,1327,9.043,2.2978,0,26.693,26.108,0.585,3.982,1
OR021@6_0,outer_race,0,LTTB,128,10,1327,9.043,-2.0322,0,26.693,17.951,8.742,85.792,1
OR021@6_0,outer_race,0,SDT,128,10,1327,9.043,5.3859,0,26.693,24.833,1.86,6.009,1
OR021@6_0,outer_race,0,SDT_BOUNDED,128,10,1292,9.2879,5.0105,0,26.693,24.66,2.033,7.824,1
OR021@6_0,outer_race,0,IE,128,20,727,16.5062,-2.9995,0,26.693,22.589,4.104,26.687,1
OR021@6_0,outer_race,0,VW,128,20,727,16.5062,-0.5018,0,26.693,16.487,10.206,66.279,1
OR021@6_0,outer_race,0,DROP,128,20,727,16.5062,-2.0039,0,26.693,14.65,12.043,99.423,1
OR021@6_0,outer_race,0,IE_ORACLE,128,20,727,16.5062,-1.8901,0,26.693,23.683,3.01,19.226,1
OR021@6_0,outer_race,0,LTTB,128,20,727,16.5062,-3.0032,0,26.693,14.315,12.378,92.459,1
OR021@6_0,outer_race,0,SDT,128,20,728,16.4835,1.5029,0,26.693,22.787,3.906,26.917,1
OR021@6_0,outer_race,0,SDT_BOUNDED,128,20,711,16.8776,0.7608,0,26.693,22.75,3.943,27.753,1
OR021@6_0,outer_race,0,IE,128,50,367,32.6975,-7.5232,0,26.693,22.274,4.419,46.545,1
OR021@6_0,outer_race,0,VW,128,50,367,32.6975,-2.4836,0,26.693,11.028,15.665,88.141,1
OR021@6_0,outer_race,0,DROP,128,50,367,32.6975,-2.3189,0,26.693,3.99,22.703,99.985,0
OR021@6_0,outer_race,0,IE_ORACLE,128,50,367,32.6975,-6.6451,0,26.693,22.657,4.036,40.301,1
OR021@6_0,outer_race,0,LTTB,128,50,367,32.6975,-5.2342,0,26.693,11.656,15.037,96.183,1
OR021@6_0,outer_race,0,SDT,128,50,367,32.6975,-1.5957,0,26.693,19.818,6.875,50.305,1
OR021@6_0,outer_race,0,SDT_BOUNDED,128,50,363,33.0579,-1.6062,0,26.693,19.304,7.389,50.88,1
OR021@6_0,outer_race,0,IE,256,5,2655,4.5198,9.0653,0,26.693,27.68,-0.987,3.821,1
OR021@6_0,outer_race,0,VW,256,5,2655,4.5198,8.0611,0,26.693,26.495,0.198,5.711,1
OR021@6_0,outer_race,0,DROP,256,5,2655,4.5198,-1.2385,0,26.693,20.778,5.915,93.259,1
OR021@6_0,outer_race,0,IE_ORACLE,256,5,2655,4.5198,9.3086,0,26.693,27.524,-0.831,3.707,1
OR021@6_0,outer_race,0,LTTB,256,5,2655,4.5198,-0.7948,0,26.693,25.155,1.538,73.436,1
OR021@6_0,outer_race,0,SDT,256,5,2656,4.5181,10.0639,0,26.693,27.93,-1.237,3.415,1
OR021@6_0,outer_race,0,SDT_BOUNDED,256,5,2606,4.6048,8.9575,0,26.693,27.505,-0.812,2.899,1
OR021@6_0,outer_race,0,IE,256,10,1455,8.2474,2.8438,0,26.693,25.909,0.784,4.531,1
OR021@6_0,outer_race,0,VW,256,10,1455,8.2474,3.0842,0,26.693,22.444,4.249,30.719,1
OR021@6_0,outer_race,0,DROP,256,10,1455,8.2474,-2.2132,0,26.693,18.487,8.206,98.46,1
OR021@6_0,outer_race,0,IE_ORACLE,256,10,1455,8.2474,2.9719,0,26.693,26.224,0.469,2.972,1
OR021@6_0,outer_race,0,LTTB,256,10,1455,8.2474,-2.1195,0,26.693,20.234,6.459,85.018,1
OR021@6_0,outer_race,0,SDT,256,10,1456,8.2418,6.182,0,26.693,25.332,1.361,4.58,1
OR021@6_0,outer_race,0,SDT_BOUNDED,256,10,1432,8.3799,5.599,0,26.693,24.29,2.403,6.842,1
OR021@6_0,outer_race,0,IE,256,20,855,14.0351,-2.1016,0,26.693,23.117,3.576,21.23,1
OR021@6_0,outer_race,0,VW,256,20,855,14.0351,-0.0537,0,26.693,19.874,6.819,58.309,1
OR021@6_0,outer_race,0,DROP,256,20,855,14.0351,-2.1252,0,26.693,14.011,12.682,99.403,1
OR021@6_0,outer_race,0,IE_ORACLE,256,20,855,14.0351,-1.3209,0,26.693,24.994,1.699,13.103,1
OR021@6_0,outer_race,0,LTTB,256,20,855,14.0351,-2.6478,0,26.693,16.33,10.363,93.017,1
OR021@6_0,outer_race,0,SDT,256,20,856,14.0187,2.6649,0,26.693,23.116,3.577,20.22,1
OR021@6_0,outer_race,0,SDT_BOUNDED,256,20,842,14.2518,2.2287,0,26.693,23.056,3.637,21.679,1
OR021@6_0,outer_race,0,IE,256,50,495,24.2424,-5.5005,0,26.693,21.492,5.201,37.366,1
OR021@6_0,outer_race,0,VW,256,50,495,24.2424,-1.9766,0,26.693,16.986,9.707,78.895,1
OR021@6_0,outer_race,0,DROP,256,50,495,24.2424,-2.5151,0,26.693,3.991,22.702,99.975,0
OR021@6_0,outer_race,0,IE_ORACLE,256,50,495,24.2424,-5.0188,0,26.693,21.703,4.99,31.852,1
OR021@6_0,outer_race,0,LTTB,256,50,495,24.2424,-4.2199,0,26.693,11.989,14.704,94.572,1
OR021@6_0,outer_race,0,SDT,256,50,495,24.2424,0.4158,0,26.693,20.99,5.703,42.059,1
OR021@6_0,outer_race,0,SDT_BOUNDED,256,50,491,24.4399,0.3572,0,26.693,22.376,4.317,42.811,1
OR021@6_0,outer_race,0,IE,512,5,2911,4.1223,9.4378,0,26.693,27.644,-0.951,4.441,1
OR021@6_0,outer_race,0,VW,512,5,2911,4.1223,8.5243,0,26.693,27.536,-0.843,4.211,1
OR021@6_0,outer_race,0,DROP,512,5,2911,4.1223,-1.2036,0,26.693,19.297,7.396,93.313,1
OR021@6_0,outer_race,0,IE_ORACLE,512,5,2911,4.1223,10.5509,0,26.693,27.439,-0.746,3.785,1
OR021@6_0,outer_race,0,LTTB,512,5,2911,4.1223,-0.5662,0,26.693,26.665,0.028,72.164,1
OR021@6_0,outer_race,0,SDT,512,5,2911,4.1223,11.0088,0,26.693,27.726,-1.033,4.656,1
OR021@6_0,outer_race,0,SDT_BOUNDED,512,5,2874,4.1754,10.4526,0,26.693,27.197,-0.504,3.899,1
OR021@6_0,outer_race,0,IE,512,10,1711,7.0134,3.6797,0,26.693,26.64,0.053,2.949,1
OR021@6_0,outer_race,0,VW,512,10,1711,7.0134,3.9136,0,26.693,22.874,3.819,23.784,1
OR021@6_0,outer_race,0,DROP,512,10,1711,7.0134,-2.0283,0,26.693,17.283,9.41,98.658,1
OR021@6_0,outer_race,0,IE_ORACLE,512,10,1711,7.0134,4.9016,0,26.693,26.578,0.115,0.412,1
OR021@6_0,outer_race,0,LTTB,512,10,1711,7.0134,-1.9576,0,26.693,20.013,6.68,83.315,1
OR021@6_0,outer_race,0,SDT,512,10,1712,7.0093,7.2017,0,26.693,26.397,0.296,1.883,1
OR021@6_0,outer_race,0,SDT_BOUNDED,512,10,1697,7.0713,6.6692,0,26.693,26.744,-0.051,2.364,1
OR021@6_0,outer_race,0,IE,512,20,1111,10.8011,-1.0617,0,26.693,24.931,1.762,12.778,1
OR021@6_0,outer_race,0,VW,512,20,1111,10.8011,1.2382,0,26.693,21.46,5.233,42.691,1
OR021@6_0,outer_race,0,DROP,512,20,1111,10.8011,-1.8472,0,26.693,15.726,10.967,99.436,1
OR021@6_0,outer_race,0,IE_ORACLE,512,20,1111,10.8011,1.1913,0,26.693,26.038,0.655,7.118,1
OR021@6_0,outer_race,0,LTTB,512,20,1111,10.8011,-2.2961,0,26.693,17.163,9.53,89.314,1
OR021@6_0,outer_race,0,SDT,512,20,1112,10.7914,4.2517,0,26.693,24.001,2.692,11.036,1
OR021@6_0,outer_race,0,SDT_BOUNDED,512,20,1103,10.8794,4.0489,0,26.693,23.939,2.754,11.888,1
OR021@6_0,outer_race,0,IE,512,50,751,15.9787,-2.9627,0,26.693,22.723,3.97,23.364,1
OR021@6_0,outer_race,0,VW,512,50,751,15.9787,-0.1715,0,26.693,18.29,8.403,56.703,1
OR021@6_0,outer_race,0,DROP,512,50,751,15.9787,-1.923,0,26.693,5.965,20.728,99.964,0
OR021@6_0,outer_race,0,IE_ORACLE,512,50,751,15.9787,-1.6569,0,26.693,23.895,2.798,18.247,1
OR021@6_0,outer_race,0,LTTB,512,50,751,15.9787,-3.0188,0,26.693,14.426,12.267,92.081,1
OR021@6_0,outer_race,0,SDT,512,50,752,15.9574,1.4464,0,26.693,23.051,3.642,25.386,1
OR021@6_0,outer_race,0,SDT_BOUNDED,512,50,747,16.0643,1.2244,0,26.693,22.084,4.609,26.557,1
OR021@6_1,outer_race,1,IE,128,5,2527,4.7487,8.4179,0,27.287,27.955,-0.668,5.191,1
OR021@6_1,outer_race,1,VW,128,5,2527,4.7487,7.3531,0,27.287,26.791,0.496,5.98,1
OR021@6_1,outer_race,1,DROP,128,5,2527,4.7487,-1.3836,0,27.287,22.687,4.6,93.79,1
OR021@6_1,outer_race,1,IE_ORACLE,128,5,2527,4.7487,8.5514,0,27.287,28.066,-0.779,3.678,1
OR021@6_1,outer_race,1,LTTB,128,5,2527,4.7487,-0.8284,0,27.287,24.202,3.085,74.138,1
OR021@6_1,outer_race,1,SDT,128,5,2528,4.7468,9.3285,0,27.287,27.732,-0.445,3.109,1
OR021@6_1,outer_race,1,SDT_BOUNDED,128,5,2459,4.88,6.1649,0,27.287,25.787,1.5,0.714,1
OR021@6_1,outer_race,1,IE,128,10,1327,9.043,2.8603,0,27.287,25.734,1.553,5.259,1
OR021@6_1,outer_race,1,VW,128,10,1327,9.043,2.611,0,27.287,23.691,3.596,32.128,1
OR021@6_1,outer_race,1,DROP,128,10,1327,9.043,-1.9324,0,27.287,17.802,9.485,98.383,1
OR021@6_1,outer_race,1,IE_ORACLE,128,10,1327,9.043,2.4752,0,27.287,26.002,1.285,3.391,1
OR021@6_1,outer_race,1,LTTB,128,10,1327,9.043,-2.1536,0,27.287,18.66,8.627,86.321,1
OR021@6_1,outer_race,1,SDT,128,10,1327,9.043,5.7098,0,27.287,25.548,1.739,7.496,1
OR021@6_1,outer_race,1,SDT_BOUNDED,128,10,1290,9.3023,4.4055,0,27.287,25.517,1.77,9.117,1
OR021@6_1,outer_race,1,IE,128,20,727,16.5062,-3.0586,0,27.287,24.939,2.348,22.942,1
OR021@6_1,outer_race,1,VW,128,20,727,16.5062,-0.8201,0,27.287,16.63,10.657,68.014,1
OR021@6_1,outer_race,1,DROP,128,20,727,16.5062,-2.1522,0,27.287,16.659,10.628,99.365,1
OR021@6_1,outer_race,1,IE_ORACLE,128,20,727,16.5062,-1.9063,0,27.287,25.067,2.22,19.93,1
OR021@6_1,outer_race,1,LTTB,128,20,727,16.5062,-2.9693,0,27.287,18.659,8.628,93.317,1
OR021@6_1,outer_race,1,SDT,128,20,728,16.4835,1.6351,0,27.287,23.341,3.946,27.326,1
OR021@6_1,outer_race,1,SDT_BOUNDED,128,20,704,17.0455,0.3849,0,27.287,22.513,4.774,30.67,1
OR021@6_1,outer_race,1,IE,128,50,367,32.6975,-7.5096,0,27.287,22.325,4.962,48.776,1
OR021@6_1,outer_race,1,VW,128,50,367,32.6975,-2.6812,0,27.287,16.832,10.455,93.121,1
OR021@6_1,outer_race,1,DROP,128,50,367,32.6975,-1.9472,0,27.287,5.605,21.682,99.986,0
OR021@6_1,outer_race,1,IE_ORACLE,128,50,367,32.6975,-6.7562,0,27.287,21.631,5.656,41.117,1
OR021@6_1,outer_race,1,LTTB,128,50,367,32.6975,-4.7486,0,27.287,15.021,12.266,96.372,1
OR021@6_1,outer_race,1,SDT,128,50,367,32.6975,-1.9936,0,27.287,20.811,6.476,53.243,1
OR021@6_1,outer_race,1,SDT_BOUNDED,128,50,360,33.3333,-2.225,0,27.287,20.404,6.883,54.414,1
OR021@6_1,outer_race,1,IE,256,5,2655,4.5198,8.4413,0,27.287,28.392,-1.105,4.793,1
OR021@6_1,outer_race,1,VW,256,5,2655,4.5198,7.6797,0,27.287,26.174,1.113,5.896,1
OR021@6_1,outer_race,1,DROP,256,5,2655,4.5198,-1.3608,0,27.287,20.78,6.507,93.591,1
OR021@6_1,outer_race,1,IE_ORACLE,256,5,2655,4.5198,8.889,0,27.287,27.909,-0.622,4.039,1
OR021@6_1,outer_race,1,LTTB,256,5,2655,4.5198,-0.6767,0,27.287,23.936,3.351,73.186,1
OR021@6_1,outer_race,1,SDT,256,5,2655,4.5198,9.8227,0,27.287,27.77,-0.483,3.976,1
OR021@6_1,outer_race,1,SDT_BOUNDED,256,5,2594,4.6261,8.4918,0,27.287,28.03,-0.743,3.084,1
OR021@6_1,outer_race,1,IE,256,10,1455,8.2474,3.0051,0,27.287,26.127,1.16,4.731,1
OR021@6_1,outer_race,1,VW,256,10,1455,8.2474,3.0553,0,27.287,23.222,4.065,30.111,1
OR021@6_1,outer_race,1,DROP,256,10,1455,8.2474,-1.9393,0,27.287,20.992,6.295,98.334,1
OR021@6_1,outer_race,1,IE_ORACLE,256,10,1455,8.2474,2.7816,0,27.287,26.771,0.516,2.323,1
OR021@6_1,outer_race,1,LTTB,256,10,1455,8.2474,-2.1011,0,27.287,18.768,8.519,85.071,1
OR021@6_1,outer_race,1,SDT,256,10,1456,8.2418,6.1768,0,27.287,26.284,1.003,5.45,1
OR021@6_1,outer_race,1,SDT_BOUNDED,256,10,1421,8.4448,5.2535,0,27.287,26.088,1.199,6.247,1
OR021@6_1,outer_race,1,IE,256,20,855,14.0351,-1.933,0,27.287,25.578,1.709,20.027,1
OR021@6_1,outer_race,1,VW,256,20,855,14.0351,0.0102,0,27.287,21.051,6.236,58.445,1
OR021@6_1,outer_race,1,DROP,256,20,855,14.0351,-1.8958,0,27.287,18.304,8.983,99.342,1
OR021@6_1,outer_race,1,IE_ORACLE,256,20,855,14.0351,-0.3511,0,27.287,25.779,1.508,14.432,1
OR021@6_1,outer_race,1,LTTB,256,20,855,14.0351,-2.6619,0,27.287,17.291,9.996,92.707,1
OR021@6_1,outer_race,1,SDT,256,20,857,14.0023,2.4172,0,27.287,24.785,2.502,20.601,1
OR021@6_1,outer_race,1,SDT_BOUNDED,256,20,832,14.4231,0.3276,0,27.287,22.536,4.751,23.766,1
OR021@6_1,outer_race,1,IE,256,50,495,24.2424,-6.6961,0,27.287,22.484,4.803,37.756,1
OR021@6_1,outer_race,1,VW,256,50,495,24.2424,-1.813,0,27.287,13.146,14.141,83.193,1
OR021@6_1,outer_race,1,DROP,256,50,495,24.2424,-2.4257,0,27.287,9.022,18.265,99.968,1
OR021@6_1,outer_race,1,IE_ORACLE,256,50,495,24.2424,-4.9321,0,27.287,23.086,4.201,31.182,1
OR021@6_1,outer_race,1,LTTB,256,50,495,24.2424,-3.9119,0,27.287,18.018,9.269,94.727,1
OR021@6_1,outer_race,1,SDT,256,50,495,24.2424,-0.4478,0,27.287,21.663,5.624,41.102,1
OR021@6_1,outer_race,1,SDT_BOUNDED,256,50,488,24.5902,-1.1761,0,27.287,20.451,6.836,43.103,1
OR021@6_1,outer_race,1,IE,512,5,2911,4.1223,9.1022,0,27.287,27.977,-0.69,4.4,1
OR021@6_1,outer_race,1,VW,512,5,2911,4.1223,8.2205,0,27.287,27.052,0.235,4.62,1
OR021@6_1,outer_race,1,DROP,512,5,2911,4.1223,-1.3404,0,27.287,23.047,4.24,93.127,1
OR021@6_1,outer_race,1,IE_ORACLE,512,5,2911,4.1223,10.1763,0,27.287,27.537,-0.25,4.264,1
OR021@6_1,outer_race,1,LTTB,512,5,2911,4.1223,-0.4531,0,27.287,25.492,1.795,71.164,1
OR021@6_1,outer_race,1,SDT,512,5,2911,4.1223,10.6957,0,27.287,27.921,-0.634,3.708,1
OR021@6_1,outer_race,1,SDT_BOUNDED,512,5,2857,4.2002,9.6238,0,27.287,27.38,-0.093,2.787,1
OR021@6_1,outer_race,1,IE,512,10,1711,7.0134,3.6052,0,27.287,26.41,0.877,2.742,1
OR021@6_1,outer_race,1,VW,512,10,1711,7.0134,3.806,0,27.287,23.859,3.428,24.913,1
OR021@6_1,outer_race,1,DROP,512,10,1711,7.0134,-1.9457,0,27.287,20.77,6.517,98.287,1
OR021@6_1,outer_race,1,IE_ORACLE,512,10,1711,7.0134,4.417,0,27.287,27.021,0.266,0.125,1
OR021@6_1,outer_race,1,LTTB,512,10,1711,7.0134,-1.9313,0,27.287,22.004,5.283,81.99,1
OR021@6_1,outer_race,1,SDT,512,10,1712,7.0093,6.7964,0,27.287,25.931,1.356,2.073,1
OR021@6_1,outer_race,1,SDT_BOUNDED,512,10,1681,7.1386,5.6955,0,27.287,23.321,3.966,5.91,1
OR021@6_1,outer_race,1,IE,512,20,1111,10.8011,-0.2496,0,27.287,25.539,1.748,13.428,1
OR021@6_1,outer_race,1,VW,512,20,1111,10.8011,1.1684,0,27.287,21.737,5.55,42.997,1
OR021@6_1,outer_race,1,DROP,512,20,1111,10.8011,-1.7674,0,27.287,16.715,10.572,99.392,1
OR021@6_1,outer_race,1,IE_ORACLE,512,20,1111,10.8011,0.6485,0,27.287,26.537,0.75,7.556,1
OR021@6_1,outer_race,1,LTTB,512,20,1111,10.8011,-2.1322,0,27.287,20.426,6.861,90.705,1
OR021@6_1,outer_race,1,SDT,512,20,1110,10.8108,4.4764,0,27.287,25.946,1.341,11.939,1
OR021@6_1,outer_race,1,SDT_BOUNDED,512,20,1090,11.0092,3.5738,0,27.287,25.73,1.557,13.658,1
OR021@6_1,outer_race,1,IE,512,50,751,15.9787,-2.9681,0,27.287,24.707,2.58,23.505,1
OR021@6_1,outer_race,1,VW,512,50,751,15.9787,-0.6619,0,27.287,19.134,8.153,59.026,1
OR021@6_1,outer_race,1,DROP,512,50,751,15.9787,-2.2635,0,27.287,8.958,18.329,99.924,1
OR021@6_1,outer_race,1,IE_ORACLE,512,50,751,15.9787,-1.2527,0,27.287,25.465,1.822,19.146,1
OR021@6_1,outer_race,1,LTTB,512,50,751,15.9787,-2.883,0,27.287,15.041,12.246,91.423,1
OR021@6_1,outer_race,1,SDT,512,50,752,15.9574,2.0516,0,27.287,23.889,3.398,25.636,1
OR021@6_1,outer_race,1,SDT_BOUNDED,512,50,744,16.129,1.7365,0,27.287,23.227,4.06,26.792,1
OR021@6_2,outer_race,2,IE,128,5,2527,4.7487,8.6975,0,25.389,25.57,-0.181,6.003,1
OR021@6_2,outer_race,2,VW,128,5,2527,4.7487,7.5961,0,25.389,24.861,0.528,4.759,1
OR021@6_2,outer_race,2,DROP,128,5,2527,4.7487,-1.1332,0,25.389,20.968,4.421,93.831,1
OR021@6_2,outer_race,2,IE_ORACLE,128,5,2527,4.7487,8.8325,0,25.389,25.237,0.152,4.783,1
OR021@6_2,outer_race,2,LTTB,128,5,2527,4.7487,-1.0482,0,25.389,24.609,0.78,79.037,1
OR021@6_2,outer_race,2,SDT,128,5,2528,4.7468,9.4907,0,25.389,25.477,-0.088,5.778,1
OR021@6_2,outer_race,2,SDT_BOUNDED,128,5,2440,4.918,6.2991,0,25.389,23.963,1.426,0.362,1
OR021@6_2,outer_race,2,IE,128,10,1327,9.043,1.6987,0,25.389,24.463,0.926,4.973,1
OR021@6_2,outer_race,2,VW,128,10,1327,9.043,2.7417,0,25.389,22.2,3.189,35.018,1
OR021@6_2,outer_race,2,DROP,128,10,1327,9.043,-2.0936,0,25.389,17.994,7.395,98.842,1
OR021@6_2,outer_race,2,IE_ORACLE,128,10,1327,9.043,1.9438,0,25.389,24.515,0.874,1.671,1
OR021@6_2,outer_race,2,LTTB,128,10,1327,9.043,-2.0488,0,25.389,20.549,4.84,87.227,1
OR021@6_2,outer_race,2,SDT,128,10,1326,9.0498,5.7237,0,25.389,23.898,1.491,4.765,1
OR021@6_2,outer_race,2,SDT_BOUNDED,128,10,1283,9.3531,4.6237,0,25.389,21.689,3.7,9.334,1
OR021@6_2,outer_race,2,IE,128,20,727,16.5062,-3.7837,0,25.389,22.34,3.049,26.077,1
OR021@6_2,outer_race,2,VW,128,20,727,16.5062,-0.5163,0,25.389,16.705,8.684,68.084,1
OR021@6_2,outer_race,2,DROP,128,20,727,16.5062,-2.0076,0,25.389,19.016,6.373,99.429,1
OR021@6_2,outer_race,2,IE_ORACLE,128,20,727,16.5062,-2.6941,0,25.389,23.677,1.712,18.334,1
OR021@6_2,outer_race,2,LTTB,128,20,727,16.5062,-2.9523,0,25.389,14.502,10.887,92.921,1
OR021@6_2,outer_race,2,SDT,128,20,728,16.4835,1.3531,0,25.389,22.304,3.085,26.491,1
OR021@6_2,outer_race,2,SDT_BOUNDED,128,20,703,17.0697,0.7194,0,25.389,21.815,3.574,28.354,1
OR021@6_2,outer_race,2,IE,128,50,367,32.6975,-7.6346,0,25.389,18.872,6.517,52.061,1
OR021@6_2,outer_race,2,VW,128,50,367,32.6975,-2.3035,0,25.389,10.13,15.259,88.494,1
OR021@6_2,outer_race,2,DROP,128,50,367,32.6975,-1.4899,0,25.389,8.447,16.942,99.968,1
OR021@6_2,outer_race,2,IE_ORACLE,128,50,367,32.6975,-7.2793,0,25.389,19.595,5.794,42.752,1
OR021@6_2,outer_race,2,LTTB,128,50,367,32.6975,-4.7666,0,25.389,17.213,8.176,96.996,1
OR021@6_2,outer_race,2,SDT,128,50,368,32.6087,-2.3137,0,25.389,17.818,7.571,56.997,1
OR021@6_2,outer_race,2,SDT_BOUNDED,128,50,356,33.7079,-3.557,0,25.389,17.235,8.154,58.993,1
OR021@6_2,outer_race,2,IE,256,5,2655,4.5198,8.797,0,25.389,25.398,-0.009,5.88,1
OR021@6_2,outer_race,2,VW,256,5,2655,4.5198,7.9472,0,25.389,24.865,0.524,4.538,1
OR021@6_2,outer_race,2,DROP,256,5,2655,4.5198,-1.1703,0,25.389,20.781,4.608,93.364,1
OR021@6_2,outer_race,2,IE_ORACLE,256,5,2655,4.5198,9.4147,0,25.389,25.293,0.096,5.123,1
OR021@6_2,outer_race,2,LTTB,256,5,2655,4.5198,-0.805,0,25.389,25.046,0.343,75.198,1
OR021@6_2,outer_race,2,SDT,256,5,2655,4.5198,9.9552,0,25.389,25.467,-0.078,6.688,1
OR021@6_2,outer_race,2,SDT_BOUNDED,256,5,2581,4.6494,7.4953,0,25.389,25.076,0.313,4.238,1
OR021@6_2,outer_race,2,IE,256,10,1455,8.2474,2.3283,0,25.389,24.752,0.637,3.532,1
OR021@6_2,outer_race,2,VW,256,10,1455,8.2474,3.0831,0,25.389,21.216,4.173,33.037,1
OR021@6_2,outer_race,2,DROP,256,10,1455,8.2474,-2.2712,0,25.389,18.658,6.731,98.716,1
OR021@6_2,outer_race,2,IE_ORACLE,256,10,1455,8.2474,3.1543,0,25.389,25.171,0.218,0.187,1
OR021@6_2,outer_race,2,LTTB,256,10,1455,8.2474,-2.168,0,25.389,19.7,5.689,87.647,1
OR021@6_2,outer_race,2,SDT,256,10,1456,8.2418,6.1595,0,25.389,24.075,1.314,2.617,1
OR021@6_2,outer_race,2,SDT_BOUNDED,256,10,1416,8.4746,5.1881,0,25.389,22.588,2.801,6.952,1
OR021@6_2,outer_race,2,IE,256,20,855,14.0351,-3.0334,0,25.389,22.87,2.519,19.975,1
OR021@6_2,outer_race,2,VW,256,20,855,14.0351,0.0559,0,25.389,18.343,7.046,62.162,1
OR021@6_2,outer_race,2,DROP,256,20,855,14.0351,-1.8109,0,25.389,16.771,8.618,99.4,1
OR021@6_2,outer_race,2,IE_ORACLE,256,20,855,14.0351,-1.6518,0,25.389,23.714,1.675,13.654,1
OR021@6_2,outer_race,2,LTTB,256,20,855,14.0351,-2.5437,0,25.389,18.958,6.431,92.984,1
OR021@6_2,outer_race,2,SDT,256,20,855,14.0351,3.2032,0,25.389,22.762,2.627,19.146,1
OR021@6_2,outer_race,2,SDT_BOUNDED,256,20,835,14.3713,2.2238,0,25.389,22.65,2.739,22.004,1
OR021@6_2,outer_race,2,IE,256,50,495,24.2424,-6.2905,0,25.389,19.853,5.536,41.701,1
OR021@6_2,outer_race,2,VW,256,50,495,24.2424,-1.9,0,25.389,17.561,7.828,80.052,1
OR021@6_2,outer_race,2,DROP,256,50,495,24.2424,-1.9735,0,25.389,6.838,18.551,99.978,1
OR021@6_2,outer_race,2,IE_ORACLE,256,50,495,24.2424,-6.3301,0,25.389,21.908,3.481,32.619,1
OR021@6_2,outer_race,2,LTTB,256,50,495,24.2424,-3.9226,0,25.389,15.543,9.846,92.975,1
OR021@6_2,outer_race,2,SDT,256,50,495,24.2424,-0.686,0,25.389,19.995,5.394,42.997,1
OR021@6_2,outer_race,2,SDT_BOUNDED,256,50,490,24.4898,-0.83,0,25.389,20.698,4.691,45.624,1
OR021@6_2,outer_race,2,IE,512,5,2911,4.1223,9.4412,0,25.389,25.25,0.139,5.556,1
OR021@6_2,outer_race,2,VW,512,5,2911,4.1223,8.5017,0,25.389,25.057,0.332,2.641,1
OR021@6_2,outer_race,2,DROP,512,5,2911,4.1223,-0.9002,0,25.389,22.708,2.681,92.115,1
OR021@6_2,outer_race,2,IE_ORACLE,512,5,2911,4.1223,10.5043,0,25.389,25.339,0.05,4.858,1
OR021@6_2,outer_race,2,LTTB,512,5,2911,4.1223,-0.6988,0,25.389,25.018,0.371,72.683,1
OR021@6_2,outer_race,2,SDT,512,5,2911,4.1223,11.015,0,25.389,25.337,0.052,6.553,1
OR021@6_2,outer_race,2,SDT_BOUNDED,512,5,2862,4.1929,10.237,0,25.389,25.533,-0.144,5.734,1
OR021@6_2,outer_race,2,IE,512,10,1711,7.0134,3.4558,0,25.389,24.952,0.437,0.105,1
OR021@6_2,outer_race,2,VW,512,10,1711,7.0134,4.0265,0,25.389,23.524,1.865,23.708,1
OR021@6_2,outer_race,2,DROP,512,10,1711,7.0134,-2.4532,0,25.389,17.668,7.721,98.784,1
OR021@6_2,outer_race,2,IE_ORACLE,512,10,1711,7.0134,4.6732,0,25.389,25.452,-0.063,2.257,1
OR021@6_2,outer_race,2,LTTB,512,10,1711,7.0134,-1.799,0,25.389,19.026,6.363,83.592,1
OR021@6_2,outer_race,2,SDT,512,10,1711,7.0134,7.0699,0,25.389,24.581,0.808,0.081,1
OR021@6_2,outer_race,2,SDT_BOUNDED,512,10,1681,7.1386,6.5227,0,25.389,24.489,0.9,2.503,1
OR021@6_2,outer_race,2,IE,512,20,1111,10.8011,-0.3145,0,25.389,23.756,1.633,11.223,1
OR021@6_2,outer_race,2,VW,512,20,1111,10.8011,1.3231,0,25.389,18.549,6.84,47.665,1
OR021@6_2,outer_race,2,DROP,512,20,1111,10.8011,-2.1845,0,25.389,15.72,9.669,99.398,1
OR021@6_2,outer_race,2,IE_ORACLE,512,20,1111,10.8011,1.7189,0,25.389,24.319,1.07,5.729,1
OR021@6_2,outer_race,2,LTTB,512,20,1111,10.8011,-2.2727,0,25.389,16.755,8.634,89.129,1
OR021@6_2,outer_race,2,SDT,512,20,1113,10.7817,4.5103,0,25.389,23.556,1.833,9.026,1
OR021@6_2,outer_race,2,SDT_BOUNDED,512,20,1097,10.9389,4.339,0,25.389,24.41,0.979,11.392,1
OR021@6_2,outer_race,2,IE,512,50,751,15.9787,-3.9053,0,25.389,22.626,2.763,22.395,1
OR021@6_2,outer_race,2,VW,512,50,751,15.9787,-0.2736,0,25.389,20.271,5.118,61.397,1
OR021@6_2,outer_race,2,DROP,512,50,751,15.9787,-2.5223,0,25.389,1.817,23.572,99.921,0
OR021@6_2,outer_race,2,IE_ORACLE,512,50,751,15.9787,-3.0618,0,25.389,23.877,1.512,17.246,1
OR021@6_2,outer_race,2,LTTB,512,50,751,15.9787,-2.8199,0,25.389,15.797,9.592,93.354,1
OR021@6_2,outer_race,2,SDT,512,50,752,15.9574,1.722,0,25.389,22.656,2.733,24.697,1
OR021@6_2,outer_race,2,SDT_BOUNDED,512,50,747,16.0643,1.5455,0,25.389,22.23,3.159,26.252,1
OR021@6_3,outer_race,3,IE,128,5,2527,4.7487,9.2089,0,26.454,26.534,-0.08,4.959,1
OR021@6_3,outer_race,3,VW,128,5,2527,4.7487,8.1968,0,26.454,25.447,1.007,5.783,1
OR021@6_3,outer_race,3,DROP,128,5,2527,4.7487,-1.1405,0,26.454,22.592,3.862,93.185,1
OR021@6_3,outer_race,3,IE_ORACLE,128,5,2527,4.7487,9.3955,0,26.454,26.467,-0.013,4.134,1
OR021@6_3,outer_race,3,LTTB,128,5,2527,4.7487,-1.0253,0,26.454,23.735,2.719,78.983,1
OR021@6_3,outer_race,3,SDT,128,5,2527,4.7487,10.594,0,26.454,26.413,0.041,3.603,1
OR021@6_3,outer_race,3,SDT_BOUNDED,128,5,2482,4.8348,8.956,0,26.454,26.509,-0.055,2.692,1
OR021@6_3,outer_race,3,IE,128,10,1327,9.043,3.2322,0,26.454,25.139,1.315,5.186,1
OR021@6_3,outer_race,3,VW,128,10,1327,9.043,3.0862,0,26.454,24.908,1.546,30.682,1
OR021@6_3,outer_race,3,DROP,128,10,1327,9.043,-2.0657,0,26.454,20.424,6.03,98.935,1
OR021@6_3,outer_race,3,IE_ORACLE,128,10,1327,9.043,3.605,0,26.454,25.422,1.032,3.433,1
OR021@6_3,outer_race,3,LTTB,128,10,1327,9.043,-2.1884,0,26.454,20.521,5.933,88.944,1
OR021@6_3,outer_race,3,SDT,128,10,1328,9.0361,6.7349,0,26.454,24.701,1.753,6.134,1
OR021@6_3,outer_race,3,SDT_BOUNDED,128,10,1290,9.3023,3.9474,0,26.454,23.718,2.736,8.923,1
OR021@6_3,outer_race,3,IE,128,20,727,16.5062,-4.0163,0,26.454,22.765,3.689,26.486,1
OR021@6_3,outer_race,3,VW,128,20,727,16.5062,-0.2811,0,26.454,20.831,5.623,66.327,1
OR021@6_3,outer_race,3,DROP,128,20,727,16.5062,-1.9224,0,26.454,16.099,10.355,99.439,1
OR021@6_3,outer_race,3,IE_ORACLE,128,20,727,16.5062,-2.417,0,26.454,23.996,2.458,19.317,1
OR021@6_3,outer_race,3,LTTB,128,20,727,16.5062,-2.9599,0,26.454,16.482,9.972,92.293,1
OR021@6_3,outer_race,3,SDT,128,20,727,16.5062,1.4131,0,26.454,22.066,4.388,26.058,1
OR021@6_3,outer_race,3,SDT_BOUNDED,128,20,696,17.2414,0.3244,0,26.454,21.685,4.769,30.362,1
OR021@6_3,outer_race,3,IE,128,50,367,32.6975,-7.7967,0,26.454,21.002,5.452,52.271,1
OR021@6_3,outer_race,3,VW,128,50,367,32.6975,-2.3892,0,26.454,16.734,9.72,94.061,1
OR021@6_3,outer_race,3,DROP,128,50,367,32.6975,-1.9701,0,26.454,9.948,16.506,99.974,1
OR021@6_3,outer_race,3,IE_ORACLE,128,50,367,32.6975,-7.9746,0,26.454,21.279,5.175,44.474,1
OR021@6_3,outer_race,3,LTTB,128,50,367,32.6975,-4.8498,0,26.454,16.393,10.061,96.783,1
OR021@6_3,outer_race,3,SDT,128,50,368,32.6087,-1.4951,0,26.454,19.248,7.206,58.159,1
OR021@6_3,outer_race,3,SDT_BOUNDED,128,50,358,33.5196,-2.0127,0,26.454,19.241,7.213,59.478,1
OR021@6_3,outer_race,3,IE,256,5,2655,4.5198,9.2648,0,26.454,26.586,-0.132,5.008,1
OR021@6_3,outer_race,3,VW,256,5,2655,4.5198,8.5677,0,26.454,25.293,1.161,5.137,1
OR021@6_3,outer_race,3,DROP,256,5,2655,4.5198,-1.1586,0,26.454,22.445,4.009,93.115,1
OR021@6_3,outer_race,3,IE_ORACLE,256,5,2655,4.5198,9.8895,0,26.454,26.413,0.041,4.091,1
OR021@6_3,outer_race,3,LTTB,256,5,2655,4.5198,-0.9156,0,26.454,26.305,0.149,76.279,1
OR021@6_3,outer_race,3,SDT,256,5,2654,4.5215,11.1378,0,26.454,26.685,-0.231,3.737,1
OR021@6_3,outer_race,3,SDT_BOUNDED,256,5,2611,4.5959,10.0683,0,26.454,26.441,0.013,3.193,1
OR021@6_3,outer_race,3,IE,256,10,1455,8.2474,3.662,0,26.454,24.866,1.588,4.324,1
OR021@6_3,outer_race,3,VW,256,10,1455,8.2474,3.6283,0,26.454,25.526,0.928,28.017,1
OR021@6_3,outer_race,3,DROP,256,10,1455,8.2474,-2.0936,0,26.454,20.047,6.407,98.919,1
OR021@6_3,outer_race,3,IE_ORACLE,256,10,1455,8.2474,4.0034,0,26.454,25.731,0.723,1.898,1
OR021@6_3,outer_race,3,LTTB,256,10,1455,8.2474,-2.1615,0,26.454,20.608,5.846,86.72,1
OR021@6_3,outer_race,3,SDT,256,10,1458,8.2305,7.4192,0,26.454,24.977,1.477,4.646,1
OR021@6_3,outer_race,3,SDT_BOUNDED,256,10,1424,8.427,6.2483,0,26.454,24.901,1.553,5.655,1
OR021@6_3,outer_race,3,IE,256,20,855,14.0351,-3.0073,0,26.454,23.738,2.716,21.953,1
OR021@6_3,outer_race,3,VW,256,20,855,14.0351,0.0953,0,26.454,21.581,4.873,62.305,1
OR021@6_3,outer_race,3,DROP,256,20,855,14.0351,-1.8497,0,26.454,16.078,10.376,99.476,1
OR021@6_3,outer_race,3,IE_ORACLE,256,20,855,14.0351,-1.2305,0,26.454,24.346,2.108,14.254,1
OR021@6_3,outer_race,3,LTTB,256,20,855,14.0351,-2.4757,0,26.454,22.439,4.015,93.773,1
OR021@6_3,outer_race,3,SDT,256,20,856,14.0187,2.0405,0,26.454,22.843,3.611,19.459,1
OR021@6_3,outer_race,3,SDT_BOUNDED,256,20,830,14.4578,1.5066,0,26.454,23.37,3.084,21.48,1
OR021@6_3,outer_race,3,IE,256,50,495,24.2424,-7.2388,0,26.454,22.216,4.238,40.966,1
OR021@6_3,outer_race,3,VW,256,50,495,24.2424,-1.6387,0,26.454,16.733,9.721,83.31,1
OR021@6_3,outer_race,3,DROP,256,50,495,24.2424,-1.5807,0,26.454,9.183,17.271,99.981,1
OR021@6_3,outer_race,3,IE_ORACLE,256,50,495,24.2424,-6.0046,0,26.454,21.494,4.96,33.056,1
OR021@6_3,outer_race,3,LTTB,256,50,495,24.2424,-3.8451,0,26.454,18.224,8.23,94.848,1
OR021@6_3,outer_race,3,SDT,256,50,495,24.2424,0.0028,0,26.454,19.078,7.376,44.674,1
OR021@6_3,outer_race,3,SDT_BOUNDED,256,50,485,24.7423,-0.1844,0,26.454,18.575,7.879,46.586,1
OR021@6_3,outer_race,3,IE,512,5,2911,4.1223,9.9489,0,26.454,26.698,-0.244,4.869,1
OR021@6_3,outer_race,3,VW,512,5,2911,4.1223,9.0988,0,26.454,25.813,0.641,3.993,1
OR021@6_3,outer_race,3,DROP,512,5,2911,4.1223,-1.0613,0,26.454,25.111,1.343,92.276,1
OR021@6_3,outer_race,3,IE_ORACLE,512,5,2911,4.1223,10.9668,0,26.454,26.472,-0.018,3.997,1
OR021@6_3,outer_race,3,LTTB,512,5,2911,4.1223,-0.6602,0,26.454,25.87,0.584,73.884,1
OR021@6_3,outer_race,3,SDT,512,5,2911,4.1223,11.6931,0,26.454,26.828,-0.374,4.429,1
OR021@6_3,outer_race,3,SDT_BOUNDED,512,5,2874,4.1754,10.8735,0,26.454,26.099,0.355,3.759,1
OR021@6_3,outer_race,3,IE,512,10,1711,7.0134,4.4551,0,26.454,25.398,1.056,2.602,1
OR021@6_3,outer_race,3,VW,512,10,1711,7.0134,4.4923,0,26.454,24.766,1.688,23.66,1
OR021@6_3,outer_race,3,DROP,512,10,1711,7.0134,-2.3034,0,26.454,19.951,6.503,98.881,1
OR021@6_3,outer_race,3,IE_ORACLE,512,10,1711,7.0134,5.4598,0,26.454,26.019,0.435,0.763,1
OR021@6_3,outer_race,3,LTTB,512,10,1711,7.0134,-1.7338,0,26.454,22.7,3.754,84.485,1
OR021@6_3,outer_race,3,SDT,512,10,1715,6.9971,7.8592,0,26.454,25.518,0.936,1.987,1
OR021@6_3,outer_race,3,SDT_BOUNDED,512,10,1687,7.1132,6.6449,0,26.454,24.053,2.401,4.212,1
OR021@6_3,outer_race,3,IE,512,20,1111,10.8011,-0.1915,0,26.454,24.027,2.427,13.945,1
OR021@6_3,outer_race,3,VW,512,20,1111,10.8011,1.196,0,26.454,20.984,5.47,45.064,1
OR021@6_3,outer_race,3,DROP,512,20,1111,10.8011,-2.183,0,26.454,16.619,9.835,99.317,1
OR021@6_3,outer_race,3,IE_ORACLE,512,20,1111,10.8011,1.5054,0,26.454,24.858,1.596,7.189,1
OR021@6_3,outer_race,3,LTTB,512,20,1111,10.8011,-2.2895,0,26.454,18.268,8.186,90.126,1
OR021@6_3,outer_race,3,SDT,512,20,1111,10.8011,5.3435,0,26.454,24.668,1.786,10.375,1
OR021@6_3,outer_race,3,SDT_BOUNDED,512,20,1097,10.9389,3.8041,0,26.454,24.215,2.239,11.495,1
OR021@6_3,outer_race,3,IE,512,50,751,15.9787,-4.4594,0,26.454,22.847,3.607,23.968,1
OR021@6_3,outer_race,3,VW,512,50,751,15.9787,-0.2496,0,26.454,21.466,4.988,63.116,1
OR021@6_3,outer_race,3,DROP,512,50,751,15.9787,-2.0853,0,26.454,7.355,19.099,99.934,1
OR021@6_3,outer_race,3,IE_ORACLE,512,50,751,15.9787,-2.0503,0,26.454,24.181,2.273,18.184,1
OR021@6_3,outer_race,3,LTTB,512,50,751,15.9787,-2.9219,0,26.454,21.45,5.004,94.526,1
OR021@6_3,outer_race,3,SDT,512,50,750,16.0,0.9943,0,26.454,22.597,3.857,24.188,1
OR021@6_3,outer_race,3,SDT_BOUNDED,512,50,744,16.129,0.9709,0,26.454,22.281,4.173,24.731,1
Normal_0,,,IE,128,5,2527,4.7487,0.5041,0,,,,,
Normal_0,,,VW,128,5,2527,4.7487,0.0427,0,,,,,
Normal_0,,,DROP,128,5,2527,4.7487,-0.7711,0,,,,,
Normal_0,,,IE_ORACLE,128,5,2527,4.7487,0.6024,0,,,,,
Normal_0,,,LTTB,128,5,2527,4.7487,-0.5625,0,,,,,
Normal_0,,,SDT,128,5,2524,4.7544,1.0241,0,,,,,
Normal_0,,,SDT_BOUNDED,128,5,2518,4.7657,1.011,0,,,,,
Normal_0,,,IE,128,10,1327,9.043,-1.8955,0,,,,,
Normal_0,,,VW,128,10,1327,9.043,-1.2176,0,,,,,
Normal_0,,,DROP,128,10,1327,9.043,-0.6423,0,,,,,
Normal_0,,,IE_ORACLE,128,10,1327,9.043,-1.6325,0,,,,,
Normal_0,,,LTTB,128,10,1327,9.043,-1.1824,0,,,,,
Normal_0,,,SDT,128,10,1328,9.0361,-0.3258,0,,,,,
Normal_0,,,SDT_BOUNDED,128,10,1315,9.1255,-0.3784,0,,,,,
Normal_0,,,IE,128,20,727,16.5062,-3.1314,0,,,,,
Normal_0,,,VW,128,20,727,16.5062,-2.0431,0,,,,,
Normal_0,,,DROP,128,20,727,16.5062,-2.3661,0,,,,,
Normal_0,,,IE_ORACLE,128,20,727,16.5062,-3.443,0,,,,,
Normal_0,,,LTTB,128,20,727,16.5062,-2.173,0,,,,,
Normal_0,,,SDT,128,20,727,16.5062,-0.7988,0,,,,,
Normal_0,,,SDT_BOUNDED,128,20,726,16.5289,-0.7982,0,,,,,
Normal_0,,,IE,128,50,367,32.6975,-4.5082,0,,,,,
Normal_0,,,VW,128,50,367,32.6975,-3.0742,0,,,,,
Normal_0,,,DROP,128,50,367,32.6975,-1.8211,0,,,,,
Normal_0,,,IE_ORACLE,128,50,367,32.6975,-4.3006,0,,,,,
Normal_0,,,LTTB,128,50,367,32.6975,-3.5625,0,,,,,
Normal_0,,,SDT,128,50,366,32.7869,-0.7809,0,,,,,
Normal_0,,,SDT_BOUNDED,128,50,366,32.7869,-0.7809,0,,,,,
Normal_0,,,IE,256,5,2655,4.5198,0.6197,0,,,,,
Normal_0,,,VW,256,5,2655,4.5198,0.1656,0,,,,,
Normal_0,,,DROP,256,5,2655,4.5198,-0.7152,0,,,,,
Normal_0,,,IE_ORACLE,256,5,2655,4.5198,0.8541,0,,,,,
Normal_0,,,LTTB,256,5,2655,4.5198,-0.3398,0,,,,,
Normal_0,,,SDT,256,5,2656,4.5181,1.2983,0,,,,,
Normal_0,,,SDT_BOUNDED,256,5,2652,4.5249,1.2979,0,,,,,
Normal_0,,,IE,256,10,1455,8.2474,-1.5302,0,,,,,
Normal_0,,,VW,256,10,1455,8.2474,-1.0517,0,,,,,
Normal_0,,,DROP,256,10,1455,8.2474,-0.5933,0,,,,,
Normal_0,,,IE_ORACLE,256,10,1455,8.2474,-1.4549,0,,,,,
Normal_0,,,LTTB,256,10,1455,8.2474,-1.2265,0,,,,,
Normal_0,,,SDT,256,10,1457,8.2361,-0.1264,0,,,,,
Normal_0,,,SDT_BOUNDED,256,10,1448,8.2873,-0.1567,0,,,,,
Normal_0,,,IE,256,20,855,14.0351,-3.0668,0,,,,,
Normal_0,,,VW,256,20,855,14.0351,-1.7461,0,,,,,
Normal_0,,,DROP,256,20,855,14.0351,-2.3167,0,,,,,
Normal_0,,,IE_ORACLE,256,20,855,14.0351,-2.9579,0,,,,,
Normal_0,,,LTTB,256,20,855,14.0351,-2.0623,0,,,,,
Normal_0,,,SDT,256,20,856,14.0187,-0.7184,0,,,,,
Normal_0,,,SDT_BOUNDED,256,20,856,14.0187,-0.7184,0,,,,,
Normal_0,,,IE,256,50,495,24.2424,-4.0211,0,,,,,
Normal_0,,,VW,256,50,495,24.2424,-2.6542,0,,,,,
Normal_0,,,DROP,256,50,495,24.2424,-2.22,0,,,,,
Normal_0,,,IE_ORACLE,256,50,495,24.2424,-3.9701,0,,,,,
Normal_0,,,LTTB,256,50,495,24.2424,-3.1189,0,,,,,
Normal_0,,,SDT,256,50,494,24.2915,-0.9406,0,,,,,
Normal_0,,,SDT_BOUNDED,256,50,494,24.2915,-0.9406,0,,,,,
Normal_0,,,IE,512,5,2911,4.1223,0.9627,0,,,,,
Normal_0,,,VW,512,5,2911,4.1223,0.4132,0,,,,,
Normal_0,,,DROP,512,5,2911,4.1223,-0.6157,0,,,,,
Normal_0,,,IE_ORACLE,512,5,2911,4.1223,1.3121,0,,,,,
Normal_0,,,LTTB,512,5,2911,4.1223,-0.1152,0,,,,,
Normal_0,,,SDT,512,5,2908,4.1265,1.6552,0,,,,,
Normal_0,,,SDT_BOUNDED,512,5,2908,4.1265,1.6552,0,,,,,
Normal_0,,,IE,512,10,1711,7.0134,-1.2301,0,,,,,
Normal_0,,,VW,512,10,1711,7.0134,-0.812,0,,,,,
Normal_0,,,DROP,512,10,1711,7.0134,-0.4882,0,,,,,
Normal_0,,,IE_ORACLE,512,10,1711,7.0134,-0.815,0,,,,,
Normal_0,,,LTTB,512,10,1711,7.0134,-1.1461,0,,,,,
Normal_0,,,SDT,512,10,1711,7.0134,0.1444,0,,,,,
Normal_0,,,SDT_BOUNDED,512,10,1710,7.0175,0.1431,0,,,,,
Normal_0,,,IE,512,20,1111,10.8011,-2.5345,0,,,,,
Normal_0,,,VW,512,20,1111,10.8011,-1.4379,0,,,,,
Normal_0,,,DROP,512,20,1111,10.8011,-2.0723,0,,,,,
Normal_0,,,IE_ORACLE,512,20,1111,10.8011,-2.3326,0,,,,,
Normal_0,,,LTTB,512,20,1111,10.8011,-1.6018,0,,,,,
Normal_0,,,SDT,512,20,1113,10.7817,-0.5131,0,,,,,
Normal_0,,,SDT_BOUNDED,512,20,1110,10.8108,-0.5147,0,,,,,
Normal_0,,,IE,512,50,751,15.9787,-3.5296,0,,,,,
Normal_0,,,VW,512,50,751,15.9787,-2.0999,0,,,,,
Normal_0,,,DROP,512,50,751,15.9787,-2.0115,0,,,,,
Normal_0,,,IE_ORACLE,512,50,751,15.9787,-3.192,0,,,,,
Normal_0,,,LTTB,512,50,751,15.9787,-2.2483,0,,,,,
Normal_0,,,SDT,512,50,752,15.9574,-0.7956,0,,,,,
Normal_0,,,SDT_BOUNDED,512,50,752,15.9574,-0.7956,0,,,,,
Normal_1,,,IE,128,5,2527,4.7487,2.1245,0,,,,,
Normal_1,,,VW,128,5,2527,4.7487,1.8433,0,,,,,
Normal_1,,,DROP,128,5,2527,4.7487,0.6457,0,,,,,
Normal_1,,,IE_ORACLE,128,5,2527,4.7487,2.2286,0,,,,,
Normal_1,,,LTTB,128,5,2527,4.7487,0.9913,0,,,,,
Normal_1,,,SDT,128,5,2525,4.7525,2.2257,0,,,,,
Normal_1,,,SDT_BOUNDED,128,5,2522,4.7581,2.2059,0,,,,,
Normal_1,,,IE,128,10,1327,9.043,-0.2775,0,,,,,
Normal_1,,,VW,128,10,1327,9.043,0.2293,0,,,,,
Normal_1,,,DROP,128,10,1327,9.043,0.2582,0,,,,,
Normal_1,,,IE_ORACLE,128,10,1327,9.043,-0.4062,0,,,,,
Normal_1,,,LTTB,128,10,1327,9.043,-0.1604,0,,,,,
Normal_1,,,SDT,128,10,1329,9.0293,0.4928,0,,,,,
Normal_1,,,SDT_BOUNDED,128,10,1323,9.0703,0.4653,0,,,,,
Normal_1,,,IE,128,20,727,16.5062,-2.4006,0,,,,,
Normal_1,,,VW,128,20,727,16.5062,-1.1715,0,,,,,
Normal_1,,,DROP,128,20,727,16.5062,-1.4682,0,,,,,
Normal_1,,,IE_ORACLE,128,20,727,16.5062,-1.9937,0,,,,,
Normal_1,,,LTTB,128,20,727,16.5062,-1.0173,0,,,,,
Normal_1,,,SDT,128,20,728,16.4835,-0.5028,0,,,,,
Normal_1,,,SDT_BOUNDED,128,20,727,16.5062,-0.5086,0,,,,,
Normal_1,,,IE,128,50,367,32.6975,-3.7179,0,,,,,
Normal_1,,,VW,128,50,367,32.6975,-2.5753,0,,,,,
Normal_1,,,DROP,128,50,367,32.6975,-1.7307,0,,,,,
Normal_1,,,IE_ORACLE,128,50,367,32.6975,-3.7051,0,,,,,
Normal_1,,,LTTB,128,50,367,32.6975,-3.1928,0,,,,,
Normal_1,,,SDT,128,50,367,32.6975,-1.0886,0,,,,,
Normal_1,,,SDT_BOUNDED,128,50,367,32.6975,-1.0886,0,,,,,
Normal_1,,,IE,256,5,2655,4.5198,2.2591,0,,,,,
Normal_1,,,VW,256,5,2655,4.5198,1.9625,0,,,,,
Normal_1,,,DROP,256,5,2655,4.5198,0.7452,0,,,,,
Normal_1,,,IE_ORACLE,256,5,2655,4.5198,2.4748,0,,,,,
Normal_1,,,LTTB,256,5,2655,4.5198,1.1613,0,,,,,
Normal_1,,,SDT,256,5,2655,4.5198,2.46,0,,,,,
Normal_1,,,SDT_BOUNDED,256,5,2651,4.5266,2.4526,0,,,,,
Normal_1,,,IE,256,10,1455,8.2474,-0.1199,0,,,,,
Normal_1,,,VW,256,10,1455,8.2474,0.3844,0,,,,,
Normal_1,,,DROP,256,10,1455,8.2474,0.3332,0,,,,,
Normal_1,,,IE_ORACLE,256,10,1455,8.2474,0.0063,0,,,,,
Normal_1,,,LTTB,256,10,1455,8.2474,-0.13,0,,,,,
Normal_1,,,SDT,256,10,1455,8.2474,0.7017,0,,,,,
Normal_1,,,SDT_BOUNDED,256,10,1454,8.2531,0.6938,0,,,,,
Normal_1,,,IE,256,20,855,14.0351,-2.0174,0,,,,,
Normal_1,,,VW,256,20,855,14.0351,-0.7397,0,,,,,
Normal_1,,,DROP,256,20,855,14.0351,-1.6166,0,,,,,
Normal_1,,,IE_ORACLE,256,20,855,14.0351,-1.7848,0,,,,,
Normal_1,,,LTTB,256,20,855,14.0351,-1.12,0,,,,,
Normal_1,,,SDT,256,20,855,14.0351,-0.2785,0,,,,,
Normal_1,,,SDT_BOUNDED,256,20,855,14.0351,-0.2785,0,,,,,
Normal_1,,,IE,256,50,495,24.2424,-3.351,0,,,,,
Normal_1,,,VW,256,50,495,24.2424,-2.183,0,,,,,
Normal_1,,,DROP,256,50,495,24.2424,-1.803,0,,,,,
Normal_1,,,IE_ORACLE,256,50,495,24.2424,-2.7565,0,,,,,
Normal_1,,,LTTB,256,50,495,24.2424,-2.7539,0,,,,,
Normal_1,,,SDT,256,50,494,24.2915,-0.9337,0,,,,,
Normal_1,,,SDT_BOUNDED,256,50,494,24.2915,-0.9337,0,,,,,
Normal_1,,,IE,512,5,2911,4.1223,2.6096,0,,,,,
Normal_1,,,VW,512,5,2911,4.1223,2.2281,0,,,,,
Normal_1,,,DROP,512,5,2911,4.1223,0.8712,0,,,,,
Normal_1,,,IE_ORACLE,512,5,2911,4.1223,3.0197,0,,,,,
Normal_1,,,LTTB,512,5,2911,4.1223,1.3829,0,,,,,
Normal_1,,,SDT,512,5,2910,4.1237,2.9108,0,,,,,
Normal_1,,,SDT_BOUNDED,512,5,2908,4.1265,2.8989,0,,,,,
Normal_1,,,IE,512,10,1711,7.0134,0.2924,0,,,,,
Normal_1,,,VW,512,10,1711,7.0134,0.7406,0,,,,,
Normal_1,,,DROP,512,10,1711,7.0134,0.5401,0,,,,,
Normal_1,,,IE_ORACLE,512,10,1711,7.0134,0.7749,0,,,,,
Normal_1,,,LTTB,512,10,1711,7.0134,0.1719,0,,,,,
Normal_1,,,SDT,512,10,1712,7.0093,1.0713,0,,,,,
Normal_1,,,SDT_BOUNDED,512,10,1711,7.0134,1.0695,0,,,,,
Normal_1,,,IE,512,20,1111,10.8011,-1.3613,0,,,,,
Normal_1,,,VW,512,20,1111,10.8011,-0.3035,0,,,,,
Normal_1,,,DROP,512,20,1111,10.8011,-1.3488,0,,,,,
Normal_1,,,IE_ORACLE,512,20,1111,10.8011,-1.088,0,,,,,
Normal_1,,,LTTB,512,20,1111,10.8011,-0.7686,0,,,,,
Normal_1,,,SDT,512,20,1116,10.7527,0.1548,0,,,,,
Normal_1,,,SDT_BOUNDED,512,20,1112,10.7914,0.1586,0,,,,,
Normal_1,,,IE,512,50,751,15.9787,-3.0839,0,,,,,
Normal_1,,,VW,512,50,751,15.9787,-1.3481,0,,,,,
Normal_1,,,DROP,512,50,751,15.9787,-1.5361,0,,,,,
Normal_1,,,IE_ORACLE,512,50,751,15.9787,-1.9123,0,,,,,
Normal_1,,,LTTB,512,50,751,15.9787,-1.0041,0,,,,,
Normal_1,,,SDT,512,50,751,15.9787,-0.422,0,,,,,
Normal_1,,,SDT_BOUNDED,512,50,751,15.9787,-0.422,0,,,,,
Normal_2,,,IE,128,5,2527,4.7487,2.1245,0,,,,,
Normal_2,,,VW,128,5,2527,4.7487,1.8433,0,,,,,
Normal_2,,,DROP,128,5,2527,4.7487,0.6457,0,,,,,
Normal_2,,,IE_ORACLE,128,5,2527,4.7487,2.2286,0,,,,,
Normal_2,,,LTTB,128,5,2527,4.7487,0.9913,0,,,,,
Normal_2,,,SDT,128,5,2525,4.7525,2.2257,0,,,,,
Normal_2,,,SDT_BOUNDED,128,5,2522,4.7581,2.2059,0,,,,,
Normal_2,,,IE,128,10,1327,9.043,-0.2775,0,,,,,
Normal_2,,,VW,128,10,1327,9.043,0.2293,0,,,,,
Normal_2,,,DROP,128,10,1327,9.043,0.2582,0,,,,,
Normal_2,,,IE_ORACLE,128,10,1327,9.043,-0.4062,0,,,,,
Normal_2,,,LTTB,128,10,1327,9.043,-0.1604,0,,,,,
Normal_2,,,SDT,128,10,1329,9.0293,0.4928,0,,,,,
Normal_2,,,SDT_BOUNDED,128,10,1323,9.0703,0.4653,0,,,,,
Normal_2,,,IE,128,20,727,16.5062,-2.4006,0,,,,,
Normal_2,,,VW,128,20,727,16.5062,-1.1715,0,,,,,
Normal_2,,,DROP,128,20,727,16.5062,-1.4682,0,,,,,
Normal_2,,,IE_ORACLE,128,20,727,16.5062,-1.9937,0,,,,,
Normal_2,,,LTTB,128,20,727,16.5062,-1.0173,0,,,,,
Normal_2,,,SDT,128,20,728,16.4835,-0.5028,0,,,,,
Normal_2,,,SDT_BOUNDED,128,20,727,16.5062,-0.5086,0,,,,,
Normal_2,,,IE,128,50,367,32.6975,-3.7179,0,,,,,
Normal_2,,,VW,128,50,367,32.6975,-2.5753,0,,,,,
Normal_2,,,DROP,128,50,367,32.6975,-1.7307,0,,,,,
Normal_2,,,IE_ORACLE,128,50,367,32.6975,-3.7051,0,,,,,
Normal_2,,,LTTB,128,50,367,32.6975,-3.1928,0,,,,,
Normal_2,,,SDT,128,50,367,32.6975,-1.0886,0,,,,,
Normal_2,,,SDT_BOUNDED,128,50,367,32.6975,-1.0886,0,,,,,
Normal_2,,,IE,256,5,2655,4.5198,2.2591,0,,,,,
Normal_2,,,VW,256,5,2655,4.5198,1.9625,0,,,,,
Normal_2,,,DROP,256,5,2655,4.5198,0.7452,0,,,,,
Normal_2,,,IE_ORACLE,256,5,2655,4.5198,2.4748,0,,,,,
Normal_2,,,LTTB,256,5,2655,4.5198,1.1613,0,,,,,
Normal_2,,,SDT,256,5,2655,4.5198,2.46,0,,,,,
Normal_2,,,SDT_BOUNDED,256,5,2651,4.5266,2.4526,0,,,,,
Normal_2,,,IE,256,10,1455,8.2474,-0.1199,0,,,,,
Normal_2,,,VW,256,10,1455,8.2474,0.3844,0,,,,,
Normal_2,,,DROP,256,10,1455,8.2474,0.3332,0,,,,,
Normal_2,,,IE_ORACLE,256,10,1455,8.2474,0.0063,0,,,,,
Normal_2,,,LTTB,256,10,1455,8.2474,-0.13,0,,,,,
Normal_2,,,SDT,256,10,1455,8.2474,0.7017,0,,,,,
Normal_2,,,SDT_BOUNDED,256,10,1454,8.2531,0.6938,0,,,,,
Normal_2,,,IE,256,20,855,14.0351,-2.0174,0,,,,,
Normal_2,,,VW,256,20,855,14.0351,-0.7397,0,,,,,
Normal_2,,,DROP,256,20,855,14.0351,-1.6166,0,,,,,
Normal_2,,,IE_ORACLE,256,20,855,14.0351,-1.7848,0,,,,,
Normal_2,,,LTTB,256,20,855,14.0351,-1.12,0,,,,,
Normal_2,,,SDT,256,20,855,14.0351,-0.2785,0,,,,,
Normal_2,,,SDT_BOUNDED,256,20,855,14.0351,-0.2785,0,,,,,
Normal_2,,,IE,256,50,495,24.2424,-3.351,0,,,,,
Normal_2,,,VW,256,50,495,24.2424,-2.183,0,,,,,
Normal_2,,,DROP,256,50,495,24.2424,-1.803,0,,,,,
Normal_2,,,IE_ORACLE,256,50,495,24.2424,-2.7565,0,,,,,
Normal_2,,,LTTB,256,50,495,24.2424,-2.7539,0,,,,,
Normal_2,,,SDT,256,50,494,24.2915,-0.9337,0,,,,,
Normal_2,,,SDT_BOUNDED,256,50,494,24.2915,-0.9337,0,,,,,
Normal_2,,,IE,512,5,2911,4.1223,2.6096,0,,,,,
Normal_2,,,VW,512,5,2911,4.1223,2.2281,0,,,,,
Normal_2,,,DROP,512,5,2911,4.1223,0.8712,0,,,,,
Normal_2,,,IE_ORACLE,512,5,2911,4.1223,3.0197,0,,,,,
Normal_2,,,LTTB,512,5,2911,4.1223,1.3829,0,,,,,
Normal_2,,,SDT,512,5,2910,4.1237,2.9108,0,,,,,
Normal_2,,,SDT_BOUNDED,512,5,2908,4.1265,2.8989,0,,,,,
Normal_2,,,IE,512,10,1711,7.0134,0.2924,0,,,,,
Normal_2,,,VW,512,10,1711,7.0134,0.7406,0,,,,,
Normal_2,,,DROP,512,10,1711,7.0134,0.5401,0,,,,,
Normal_2,,,IE_ORACLE,512,10,1711,7.0134,0.7749,0,,,,,
Normal_2,,,LTTB,512,10,1711,7.0134,0.1719,0,,,,,
Normal_2,,,SDT,512,10,1712,7.0093,1.0713,0,,,,,
Normal_2,,,SDT_BOUNDED,512,10,1711,7.0134,1.0695,0,,,,,
Normal_2,,,IE,512,20,1111,10.8011,-1.3613,0,,,,,
Normal_2,,,VW,512,20,1111,10.8011,-0.3035,0,,,,,
Normal_2,,,DROP,512,20,1111,10.8011,-1.3488,0,,,,,
Normal_2,,,IE_ORACLE,512,20,1111,10.8011,-1.088,0,,,,,
Normal_2,,,LTTB,512,20,1111,10.8011,-0.7686,0,,,,,
Normal_2,,,SDT,512,20,1116,10.7527,0.1548,0,,,,,
Normal_2,,,SDT_BOUNDED,512,20,1112,10.7914,0.1586,0,,,,,
Normal_2,,,IE,512,50,751,15.9787,-3.0839,0,,,,,
Normal_2,,,VW,512,50,751,15.9787,-1.3481,0,,,,,
Normal_2,,,DROP,512,50,751,15.9787,-1.5361,0,,,,,
Normal_2,,,IE_ORACLE,512,50,751,15.9787,-1.9123,0,,,,,
Normal_2,,,LTTB,512,50,751,15.9787,-1.0041,0,,,,,
Normal_2,,,SDT,512,50,751,15.9787,-0.422,0,,,,,
Normal_2,,,SDT_BOUNDED,512,50,751,15.9787,-0.422,0,,,,,
