signal,domain,buffer_size,overload,method,policy,epsilon,emitted,delivered,max_occupancy,occupancy_ratio,overflow_events,dropped,stalled,max_dev,eps_violation_ratio,snr_db
ecg_100,ecg,64,2,PROPOSED,none,0.000000e+00,2063,2063,64,1.0000,0,0,0,0.000000e+00,0.0000,43.537652
ecg_100,ecg,64,2,SDT,unbounded,4.285714e-03,2061,2061,73,1.1406,0,0,0,0.000000e+00,0.0000,42.950427
ecg_100,ecg,64,2,SDT,fifo_drop,4.285714e-03,2061,2052,64,1.0000,9,9,0,0.000000e+00,0.0000,42.504476
ecg_100,ecg,64,2,SDT,stall,4.285714e-03,2053,2053,64,1.0000,13,0,13,8.500000e-02,19.8333,40.748729
ecg_100,ecg,64,5,PROPOSED,none,0.000000e+00,863,863,64,1.0000,0,0,0,0.000000e+00,0.0000,32.885304
ecg_100,ecg,64,5,SDT,unbounded,1.250000e-02,858,858,67,1.0469,0,0,0,0.000000e+00,0.0000,32.404423
ecg_100,ecg,64,5,SDT,fifo_drop,1.250000e-02,858,855,64,1.0000,3,3,0,0.000000e+00,0.0000,30.783302
ecg_100,ecg,64,5,SDT,stall,1.250000e-02,855,855,64,1.0000,5,0,5,7.500000e-02,6.0000,31.562507
ecg_100,ecg,64,10,PROPOSED,none,0.000000e+00,463,463,64,1.0000,0,0,0,0.000000e+00,0.0000,29.116680
ecg_100,ecg,64,10,SDT,unbounded,1.812500e-02,463,463,70,1.0938,0,0,0,0.000000e+00,0.0000,29.783376
ecg_100,ecg,64,10,SDT,fifo_drop,1.812500e-02,463,457,64,1.0000,6,6,0,0.000000e+00,0.0000,24.597386
ecg_100,ecg,64,10,SDT,stall,1.812500e-02,457,457,64,1.0000,13,0,13,2.016667e-01,11.1264,28.720607
ecg_100,ecg,64,20,PROPOSED,none,0.000000e+00,263,263,64,1.0000,0,0,0,0.000000e+00,0.0000,24.850594
ecg_100,ecg,64,20,SDT,unbounded,3.300000e-02,263,263,67,1.0469,0,0,0,0.000000e+00,0.0000,24.173580
ecg_100,ecg,64,20,SDT,fifo_drop,3.300000e-02,263,260,64,1.0000,3,3,0,0.000000e+00,0.0000,23.867591
ecg_100,ecg,64,20,SDT,stall,3.300000e-02,261,261,64,1.0000,11,0,11,9.833333e-02,2.9798,23.941960
ecg_100,ecg,128,2,PROPOSED,none,0.000000e+00,2127,2127,128,1.0000,0,0,0,0.000000e+00,0.0000,43.867925
ecg_100,ecg,128,2,SDT,unbounded,4.000000e-03,2139,2139,148,1.1562,0,0,0,0.000000e+00,0.0000,43.835751
ecg_100,ecg,128,2,SDT,fifo_drop,4.000000e-03,2139,2119,128,1.0000,20,20,0,0.000000e+00,0.0000,42.769895
ecg_100,ecg,128,2,SDT,stall,4.000000e-03,2119,2119,128,1.0000,35,0,35,8.500000e-02,21.2500,40.291005
ecg_100,ecg,128,5,PROPOSED,none,0.000000e+00,927,927,128,1.0000,0,0,0,0.000000e+00,0.0000,33.169836
ecg_100,ecg,128,5,SDT,unbounded,1.181818e-02,928,928,136,1.0625,0,0,0,0.000000e+00,0.0000,32.726646
ecg_100,ecg,128,5,SDT,fifo_drop,1.181818e-02,928,920,128,1.0000,8,8,0,0.000000e+00,0.0000,28.591541
ecg_100,ecg,128,5,SDT,stall,1.181818e-02,920,920,128,1.0000,12,0,12,1.925000e-01,16.2885,29.356817
ecg_100,ecg,128,10,PROPOSED,none,0.000000e+00,527,527,128,1.0000,0,0,0,0.000000e+00,0.0000,29.542946
ecg_100,ecg,128,10,SDT,unbounded,1.666667e-02,527,527,131,1.0234,0,0,0,0.000000e+00,0.0000,30.281391
ecg_100,ecg,128,10,SDT,fifo_drop,1.666667e-02,527,524,128,1.0000,3,3,0,0.000000e+00,0.0000,30.010792
ecg_100,ecg,128,10,SDT,stall,1.666667e-02,521,521,128,1.0000,9,0,9,1.616667e-01,9.7000,29.715340
ecg_100,ecg,128,20,PROPOSED,none,0.000000e+00,327,327,128,1.0000,0,0,0,0.000000e+00,0.0000,26.755480
ecg_100,ecg,128,20,SDT,unbounded,2.416667e-02,327,327,130,1.0156,0,0,0,0.000000e+00,0.0000,27.293856
ecg_100,ecg,128,20,SDT,fifo_drop,2.416667e-02,327,325,128,1.0000,2,2,0,0.000000e+00,0.0000,26.894179
ecg_100,ecg,128,20,SDT,stall,2.416667e-02,326,326,128,1.0000,9,0,9,2.500000e-02,1.0345,27.231141
ecg_100,ecg,256,2,PROPOSED,none,0.000000e+00,2255,2255,256,1.0000,0,0,0,0.000000e+00,0.0000,44.440688
ecg_100,ecg,256,2,SDT,unbounded,3.333333e-03,2260,2260,266,1.0391,0,0,0,0.000000e+00,0.0000,44.782528
ecg_100,ecg,256,2,SDT,fifo_drop,3.333333e-03,2260,2250,256,1.0000,10,10,0,0.000000e+00,0.0000,44.468824
ecg_100,ecg,256,2,SDT,stall,3.333333e-03,2250,2250,256,1.0000,12,0,12,1.050000e-01,31.5000,41.119812
ecg_100,ecg,256,5,PROPOSED,none,0.000000e+00,1055,1055,256,1.0000,0,0,0,0.000000e+00,0.0000,33.900256
ecg_100,ecg,256,5,SDT,unbounded,1.071429e-02,1055,1055,257,1.0039,0,0,0,0.000000e+00,0.0000,33.525473
ecg_100,ecg,256,5,SDT,fifo_drop,1.071429e-02,1055,1054,256,1.0000,1,1,0,0.000000e+00,0.0000,33.523481
ecg_100,ecg,256,5,SDT,stall,1.071429e-02,1054,1054,256,1.0000,2,0,2,1.000000e-02,0.9333,33.504067
ecg_100,ecg,256,10,PROPOSED,none,0.000000e+00,655,655,256,1.0000,0,0,0,0.000000e+00,0.0000,30.202165
ecg_100,ecg,256,10,SDT,unbounded,1.480769e-02,656,656,258,1.0078,0,0,0,0.000000e+00,0.0000,31.267664
ecg_100,ecg,256,10,SDT,fifo_drop,1.480769e-02,656,654,256,1.0000,2,2,0,0.000000e+00,0.0000,31.114813
ecg_100,ecg,256,10,SDT,stall,1.480769e-02,654,654,256,1.0000,8,0,8,8.250000e-02,5.5714,30.998413
ecg_100,ecg,256,20,PROPOSED,none,0.000000e+00,455,455,256,1.0000,0,0,0,0.000000e+00,0.0000,28.052541
ecg_100,ecg,256,20,SDT,unbounded,1.857143e-02,455,455,256,1.0000,0,0,0,0.000000e+00,0.0000,29.710173
ecg_100,ecg,256,20,SDT,fifo_drop,1.857143e-02,455,455,256,1.0000,0,0,0,0.000000e+00,0.0000,29.710173
ecg_100,ecg,256,20,SDT,stall,1.857143e-02,455,455,256,1.0000,0,0,0,0.000000e+00,0.0000,29.710173
ecg_100,ecg,512,2,PROPOSED,none,0.000000e+00,2511,2511,512,1.0000,0,0,0,0.000000e+00,0.0000,45.925236
ecg_100,ecg,512,2,SDT,unbounded,3.333333e-03,2509,2509,513,1.0020,0,0,0,0.000000e+00,0.0000,47.174429
ecg_100,ecg,512,2,SDT,fifo_drop,3.333333e-03,2509,2508,512,1.0000,1,1,0,0.000000e+00,0.0000,47.120451
ecg_100,ecg,512,2,SDT,stall,3.333333e-03,2508,2508,512,1.0000,2,0,2,1.500000e-02,4.5000,47.056550
ecg_100,ecg,512,5,PROPOSED,none,0.000000e+00,1311,1311,512,1.0000,0,0,0,0.000000e+00,0.0000,35.511687
ecg_100,ecg,512,5,SDT,unbounded,8.750000e-03,1313,1313,513,1.0020,0,0,0,0.000000e+00,0.0000,35.354871
ecg_100,ecg,512,5,SDT,fifo_drop,8.750000e-03,1313,1312,512,1.0000,1,1,0,0.000000e+00,0.0000,35.276804
ecg_100,ecg,512,5,SDT,stall,8.750000e-03,1312,1312,512,1.0000,2,0,2,7.000000e-03,0.8000,35.346626
ecg_100,ecg,512,10,PROPOSED,none,0.000000e+00,911,911,512,1.0000,0,0,0,0.000000e+00,0.0000,32.370138
ecg_100,ecg,512,10,SDT,unbounded,1.200000e-02,908,908,508,0.9922,0,0,0,0.000000e+00,0.0000,32.643240
ecg_100,ecg,512,10,SDT,fifo_drop,1.200000e-02,908,908,508,0.9922,0,0,0,0.000000e+00,0.0000,32.643240
ecg_100,ecg,512,10,SDT,stall,1.200000e-02,908,908,508,0.9922,0,0,0,0.000000e+00,0.0000,32.643240
ecg_100,ecg,512,20,PROPOSED,none,0.000000e+00,711,711,512,1.0000,0,0,0,0.000000e+00,0.0000,30.968848
ecg_100,ecg,512,20,SDT,unbounded,1.400000e-02,707,707,507,0.9902,0,0,0,0.000000e+00,0.0000,31.635273
ecg_100,ecg,512,20,SDT,fifo_drop,1.400000e-02,707,707,507,0.9902,0,0,0,0.000000e+00,0.0000,31.635273
ecg_100,ecg,512,20,SDT,stall,1.400000e-02,707,707,507,0.9902,0,0,0,0.000000e+00,0.0000,31.635273
ecg_101,ecg,64,2,PROPOSED,none,0.000000e+00,2063,2063,64,1.0000,0,0,0,0.000000e+00,0.0000,43.582300
ecg_101,ecg,64,2,SDT,unbounded,5.000000e-03,2072,2072,85,1.3281,0,0,0,0.000000e+00,0.0000,43.169327
ecg_101,ecg,64,2,SDT,fifo_drop,5.000000e-03,2072,2051,64,1.0000,21,21,0,0.000000e+00,0.0000,42.074689
ecg_101,ecg,64,2,SDT,stall,5.000000e-03,2051,2051,64,1.0000,31,0,31,1.250000e-01,25.0000,38.415074
ecg_101,ecg,64,5,PROPOSED,none,0.000000e+00,863,863,64,1.0000,0,0,0,0.000000e+00,0.0000,32.236764
ecg_101,ecg,64,5,SDT,unbounded,1.375000e-02,860,860,73,1.1406,0,0,0,0.000000e+00,0.0000,31.498178
ecg_101,ecg,64,5,SDT,fifo_drop,1.375000e-02,860,851,64,1.0000,9,9,0,0.000000e+00,0.0000,30.326635
ecg_101,ecg,64,5,SDT,stall,1.375000e-02,852,852,64,1.0000,21,0,21,1.350000e-01,9.8182,29.096204
ecg_101,ecg,64,10,PROPOSED,none,0.000000e+00,463,463,64,1.0000,0,0,0,0.000000e+00,0.0000,28.594371
ecg_101,ecg,64,10,SDT,unbounded,2.100000e-02,463,463,68,1.0625,0,0,0,0.000000e+00,0.0000,28.175986
ecg_101,ecg,64,10,SDT,fifo_drop,2.100000e-02,463,459,64,1.0000,4,4,0,0.000000e+00,0.0000,28.074544
ecg_101,ecg,64,10,SDT,stall,2.100000e-02,461,461,64,1.0000,12,0,12,1.150000e-01,5.4762,27.640177
ecg_101,ecg,64,20,PROPOSED,none,0.000000e+00,263,263,64,1.0000,0,0,0,0.000000e+00,0.0000,22.902836
ecg_101,ecg,64,20,SDT,unbounded,3.198413e-02,263,263,63,0.9844,0,0,0,0.000000e+00,0.0000,24.505608
ecg_101,ecg,64,20,SDT,fifo_drop,3.198413e-02,263,263,63,0.9844,0,0,0,0.000000e+00,0.0000,24.505608
ecg_101,ecg,64,20,SDT,stall,3.198413e-02,263,263,63,0.9844,0,0,0,0.000000e+00,0.0000,24.505608
ecg_101,ecg,128,2,PROPOSED,none,0.000000e+00,2127,2127,128,1.0000,0,0,0,0.000000e+00,0.0000,43.926457
ecg_101,ecg,128,2,SDT,unbounded,4.000000e-03,2118,2118,128,1.0000,0,0,0,0.000000e+00,0.0000,43.748033
ecg_101,ecg,128,2,SDT,fifo_drop,4.000000e-03,2118,2118,128,1.0000,0,0,0,0.000000e+00,0.0000,43.748033
ecg_101,ecg,128,2,SDT,stall,4.000000e-03,2118,2118,128,1.0000,0,0,0,0.000000e+00,0.0000,43.748033
ecg_101,ecg,128,5,PROPOSED,none,0.000000e+00,927,927,128,1.0000,0,0,0,0.000000e+00,0.0000,32.561561
ecg_101,ecg,128,5,SDT,unbounded,1.312500e-02,927,927,132,1.0312,0,0,0,0.000000e+00,0.0000,31.920305
ecg_101,ecg,128,5,SDT,fifo_drop,1.312500e-02,927,923,128,1.0000,4,4,0,0.000000e+00,0.0000,31.874192
ecg_101,ecg,128,5,SDT,stall,1.312500e-02,924,924,128,1.0000,8,0,8,1.800000e-01,13.7143,29.546460
ecg_101,ecg,128,10,PROPOSED,none,0.000000e+00,527,527,128,1.0000,0,0,0,0.000000e+00,0.0000,28.963920
ecg_101,ecg,128,10,SDT,unbounded,1.916667e-02,530,530,131,1.0234,0,0,0,0.000000e+00,0.0000,28.972601
ecg_101,ecg,128,10,SDT,fifo_drop,1.916667e-02,530,527,128,1.0000,3,3,0,0.000000e+00,0.0000,28.885868
ecg_101,ecg,128,10,SDT,stall,1.916667e-02,527,527,128,1.0000,7,0,7,1.758333e-01,9.1739,25.971333
ecg_101,ecg,128,20,PROPOSED,none,0.000000e+00,327,327,128,1.0000,0,0,0,0.000000e+00,0.0000,24.776375
ecg_101,ecg,128,20,SDT,unbounded,2.666667e-02,327,327,127,0.9922,0,0,0,0.000000e+00,0.0000,26.249976
ecg_101,ecg,128,20,SDT,fifo_drop,2.666667e-02,327,327,127,0.9922,0,0,0,0.000000e+00,0.0000,26.249976
ecg_101,ecg,128,20,SDT,stall,2.666667e-02,327,327,127,0.9922,0,0,0,0.000000e+00,0.0000,26.249976
ecg_101,ecg,256,2,PROPOSED,none,0.000000e+00,2255,2255,256,1.0000,0,0,0,0.000000e+00,0.0000,44.427157
ecg_101,ecg,256,2,SDT,unbounded,3.571429e-03,2254,2254,261,1.0195,0,0,0,0.000000e+00,0.0000,44.841779
ecg_101,ecg,256,2,SDT,fifo_drop,3.571429e-03,2254,2249,256,1.0000,5,5,0,0.000000e+00,0.0000,44.635643
ecg_101,ecg,256,2,SDT,stall,3.571429e-03,2250,2250,256,1.0000,6,0,6,1.250000e-01,35.0000,41.785108
ecg_101,ecg,256,5,PROPOSED,none,0.000000e+00,1055,1055,256,1.0000,0,0,0,0.000000e+00,0.0000,33.323042
ecg_101,ecg,256,5,SDT,unbounded,1.166667e-02,1055,1055,259,1.0117,0,0,0,0.000000e+00,0.0000,33.076991
ecg_101,ecg,256,5,SDT,fifo_drop,1.166667e-02,1055,1052,256,1.0000,3,3,0,0.000000e+00,0.0000,32.934251
ecg_101,ecg,256,5,SDT,stall,1.166667e-02,1053,1053,256,1.0000,9,0,9,8.166667e-02,7.0000,32.272507
ecg_101,ecg,256,10,PROPOSED,none,0.000000e+00,655,655,256,1.0000,0,0,0,0.000000e+00,0.0000,29.845805
ecg_101,ecg,256,10,SDT,unbounded,1.666667e-02,650,650,251,0.9805,0,0,0,0.000000e+00,0.0000,29.966395
ecg_101,ecg,256,10,SDT,fifo_drop,1.666667e-02,650,650,251,0.9805,0,0,0,0.000000e+00,0.0000,29.966395
ecg_101,ecg,256,10,SDT,stall,1.666667e-02,650,650,251,0.9805,0,0,0,0.000000e+00,0.0000,29.966395
ecg_101,ecg,256,20,PROPOSED,none,0.000000e+00,455,455,256,1.0000,0,0,0,0.000000e+00,0.0000,27.780696
ecg_101,ecg,256,20,SDT,unbounded,2.107143e-02,456,456,256,1.0000,0,0,0,0.000000e+00,0.0000,28.182984
ecg_101,ecg,256,20,SDT,fifo_drop,2.107143e-02,456,456,256,1.0000,0,0,0,0.000000e+00,0.0000,28.182984
ecg_101,ecg,256,20,SDT,stall,2.107143e-02,456,456,256,1.0000,0,0,0,0.000000e+00,0.0000,28.182984
ecg_101,ecg,512,2,PROPOSED,none,0.000000e+00,2511,2511,512,1.0000,0,0,0,0.000000e+00,0.0000,45.847700
ecg_101,ecg,512,2,SDT,unbounded,3.333333e-03,2509,2509,514,1.0039,0,0,0,0.000000e+00,0.0000,47.279122
ecg_101,ecg,512,2,SDT,fifo_drop,3.333333e-03,2509,2507,512,1.0000,2,2,0,0.000000e+00,0.0000,47.192257
ecg_101,ecg,512,2,SDT,stall,3.333333e-03,2507,2507,512,1.0000,4,0,4,1.250000e-02,3.7500,47.145254
ecg_101,ecg,512,5,PROPOSED,none,0.000000e+00,1311,1311,512,1.0000,0,0,0,0.000000e+00,0.0000,35.249341
ecg_101,ecg,512,5,SDT,unbounded,9.000000e-03,1299,1299,500,0.9766,0,0,0,0.000000e+00,0.0000,35.274889
ecg_101,ecg,512,5,SDT,fifo_drop,9.000000e-03,1299,1299,500,0.9766,0,0,0,0.000000e+00,0.0000,35.274889
ecg_101,ecg,512,5,SDT,stall,9.000000e-03,1299,1299,500,0.9766,0,0,0,0.000000e+00,0.0000,35.274889
ecg_101,ecg,512,10,PROPOSED,none,0.000000e+00,911,911,512,1.0000,0,0,0,0.000000e+00,0.0000,31.754438
ecg_101,ecg,512,10,SDT,unbounded,1.333333e-02,918,918,518,1.0117,0,0,0,0.000000e+00,0.0000,31.861148
ecg_101,ecg,512,10,SDT,fifo_drop,1.333333e-02,918,912,512,1.0000,6,6,0,0.000000e+00,0.0000,31.740615
ecg_101,ecg,512,10,SDT,stall,1.333333e-02,912,912,512,1.0000,17,0,17,1.800000e-01,13.5000,28.269467
ecg_101,ecg,512,20,PROPOSED,none,0.000000e+00,711,711,512,1.0000,0,0,0,0.000000e+00,0.0000,30.130457
ecg_101,ecg,512,20,SDT,unbounded,1.576923e-02,712,712,512,1.0000,0,0,0,0.000000e+00,0.0000,30.358158
ecg_101,ecg,512,20,SDT,fifo_drop,1.576923e-02,712,712,512,1.0000,0,0,0,0.000000e+00,0.0000,30.358158
ecg_101,ecg,512,20,SDT,stall,1.576923e-02,712,712,512,1.0000,0,0,0,0.000000e+00,0.0000,30.358158
ecg_105,ecg,64,2,PROPOSED,none,0.000000e+00,2063,2063,64,1.0000,0,0,0,0.000000e+00,0.0000,43.249470
ecg_105,ecg,64,2,SDT,unbounded,5.000000e-03,2061,2061,79,1.2344,0,0,0,0.000000e+00,0.0000,42.824516
ecg_105,ecg,64,2,SDT,fifo_drop,5.000000e-03,2061,2046,64,1.0000,15,15,0,0.000000e+00,0.0000,42.055381
ecg_105,ecg,64,2,SDT,stall,5.000000e-03,2046,2046,64,1.0000,19,0,19,3.000000e-02,6.0000,42.094251
ecg_105,ecg,64,5,PROPOSED,none,0.000000e+00,863,863,64,1.0000,0,0,0,0.000000e+00,0.0000,32.503880
ecg_105,ecg,64,5,SDT,unbounded,1.375000e-02,851,851,66,1.0312,0,0,0,0.000000e+00,0.0000,31.772666
ecg_105,ecg,64,5,SDT,fifo_drop,1.375000e-02,851,849,64,1.0000,2,2,0,0.000000e+00,0.0000,31.433436
ecg_105,ecg,64,5,SDT,stall,1.375000e-02,849,849,64,1.0000,6,0,6,4.750000e-02,3.4545,31.639455
ecg_105,ecg,64,10,PROPOSED,none,0.000000e+00,463,463,64,1.0000,0,0,0,0.000000e+00,0.0000,28.315681
ecg_105,ecg,64,10,SDT,unbounded,2.000000e-02,463,463,75,1.1719,0,0,0,0.000000e+00,0.0000,28.978313
ecg_105,ecg,64,10,SDT,fifo_drop,2.000000e-02,463,452,64,1.0000,11,11,0,0.000000e+00,0.0000,24.366281
ecg_105,ecg,64,10,SDT,stall,2.000000e-02,453,453,64,1.0000,50,0,50,1.600000e-01,8.0000,24.505341
ecg_105,ecg,64,20,PROPOSED,none,0.000000e+00,263,263,64,1.0000,0,0,0,0.000000e+00,0.0000,21.272931
ecg_105,ecg,64,20,SDT,unbounded,3.427885e-02,264,264,69,1.0781,0,0,0,0.000000e+00,0.0000,23.639003
ecg_105,ecg,64,20,SDT,fifo_drop,3.427885e-02,264,259,64,1.0000,5,5,0,0.000000e+00,0.0000,21.705546
ecg_105,ecg,64,20,SDT,stall,3.427885e-02,259,259,64,1.0000,24,0,24,2.254545e-01,6.5771,19.617429
ecg_105,ecg,128,2,PROPOSED,none,0.000000e+00,2127,2127,128,1.0000,0,0,0,0.000000e+00,0.0000,43.667245
ecg_105,ecg,128,2,SDT,unbounded,5.000000e-03,2130,2130,146,1.1406,0,0,0,0.000000e+00,0.0000,43.484756
ecg_105,ecg,128,2,SDT,fifo_drop,5.000000e-03,2130,2112,128,1.0000,18,18,0,0.000000e+00,0.0000,42.027271
ecg_105,ecg,128,2,SDT,stall,5.000000e-03,2112,2112,128,1.0000,25,0,25,3.000000e-02,6.0000,42.482010
ecg_105,ecg,128,5,PROPOSED,none,0.000000e+00,927,927,128,1.0000,0,0,0,0.000000e+00,0.0000,32.817860
ecg_105,ecg,128,5,SDT,unbounded,1.333333e-02,927,927,141,1.1016,0,0,0,0.000000e+00,0.0000,32.214123
ecg_105,ecg,128,5,SDT,fifo_drop,1.333333e-02,927,914,128,1.0000,13,13,0,0.000000e+00,0.0000,31.230464
ecg_105,ecg,128,5,SDT,stall,1.333333e-02,914,914,128,1.0000,37,0,37,6.833333e-02,5.1250,31.397361
ecg_105,ecg,128,10,PROPOSED,none,0.000000e+00,527,527,128,1.0000,0,0,0,0.000000e+00,0.0000,28.697991
ecg_105,ecg,128,10,SDT,unbounded,1.875000e-02,527,527,139,1.0859,0,0,0,0.000000e+00,0.0000,29.572177
ecg_105,ecg,128,10,SDT,fifo_drop,1.875000e-02,527,516,128,1.0000,11,11,0,0.000000e+00,0.0000,25.120192
ecg_105,ecg,128,10,SDT,stall,1.875000e-02,515,515,128,1.0000,56,0,56,1.943750e-01,10.3667,23.384804
ecg_105,ecg,128,20,PROPOSED,none,0.000000e+00,327,327,128,1.0000,0,0,0,0.000000e+00,0.0000,24.086279
ecg_105,ecg,128,20,SDT,unbounded,2.714286e-02,327,327,131,1.0234,0,0,0,0.000000e+00,0.0000,26.354597
ecg_105,ecg,128,20,SDT,fifo_drop,2.714286e-02,327,324,128,1.0000,3,3,0,0.000000e+00,0.0000,23.337783
ecg_105,ecg,128,20,SDT,stall,2.714286e-02,323,323,128,1.0000,15,0,15,7.000000e-02,2.5789,24.704299
ecg_105,ecg,256,2,PROPOSED,none,0.000000e+00,2255,2255,256,1.0000,0,0,0,0.000000e+00,0.0000,44.276959
ecg_105,ecg,256,2,SDT,unbounded,3.750000e-03,2254,2254,263,1.0273,0,0,0,0.000000e+00,0.0000,44.695216
ecg_105,ecg,256,2,SDT,fifo_drop,3.750000e-03,2254,2247,256,1.0000,7,7,0,0.000000e+00,0.0000,44.386885
ecg_105,ecg,256,2,SDT,stall,3.750000e-03,2247,2247,256,1.0000,8,0,8,3.000000e-02,8.0000,43.917974
ecg_105,ecg,256,5,PROPOSED,none,0.000000e+00,1055,1055,256,1.0000,0,0,0,0.000000e+00,0.0000,33.507744
ecg_105,ecg,256,5,SDT,unbounded,1.166667e-02,1066,1066,273,1.0664,0,0,0,0.000000e+00,0.0000,33.129851
ecg_105,ecg,256,5,SDT,fifo_drop,1.166667e-02,1066,1049,256,1.0000,17,17,0,0.000000e+00,0.0000,31.266784
ecg_105,ecg,256,5,SDT,stall,1.166667e-02,1050,1050,256,1.0000,37,0,37,6.833333e-02,5.8571,32.141303
ecg_105,ecg,256,10,PROPOSED,none,0.000000e+00,655,655,256,1.0000,0,0,0,0.000000e+00,0.0000,30.141763
ecg_105,ecg,256,10,SDT,unbounded,1.636364e-02,655,655,261,1.0195,0,0,0,0.000000e+00,0.0000,30.601014
ecg_105,ecg,256,10,SDT,fifo_drop,1.636364e-02,655,650,256,1.0000,5,5,0,0.000000e+00,0.0000,29.065500
ecg_105,ecg,256,10,SDT,stall,1.636364e-02,651,651,256,1.0000,24,0,24,5.285714e-02,3.2302,30.146705
ecg_105,ecg,256,20,PROPOSED,none,0.000000e+00,455,455,256,1.0000,0,0,0,0.000000e+00,0.0000,26.546332
ecg_105,ecg,256,20,SDT,unbounded,2.031915e-02,456,456,257,1.0039,0,0,0,0.000000e+00,0.0000,28.994240
ecg_105,ecg,256,20,SDT,fifo_drop,2.031915e-02,456,455,256,1.0000,1,1,0,0.000000e+00,0.0000,28.841562
ecg_105,ecg,256,20,SDT,stall,2.031915e-02,456,456,256,1.0000,5,0,5,2.450000e-02,1.2058,28.903007
ecg_105,ecg,512,2,PROPOSED,none,0.000000e+00,2511,2511,512,1.0000,0,0,0,0.000000e+00,0.0000,45.824315
ecg_105,ecg,512,2,SDT,unbounded,3.333333e-03,2448,2448,452,0.8828,0,0,0,0.000000e+00,0.0000,46.317259
ecg_105,ecg,512,2,SDT,fifo_drop,3.333333e-03,2448,2448,452,0.8828,0,0,0,0.000000e+00,0.0000,46.317259
ecg_105,ecg,512,2,SDT,stall,3.333333e-03,2448,2448,452,0.8828,0,0,0,0.000000e+00,0.0000,46.317259
ecg_105,ecg,512,5,PROPOSED,none,0.000000e+00,1311,1311,512,1.0000,0,0,0,0.000000e+00,0.0000,35.355339
ecg_105,ecg,512,5,SDT,unbounded,9.000000e-03,1309,1309,510,0.9961,0,0,0,0.000000e+00,0.0000,35.460172
ecg_105,ecg,512,5,SDT,fifo_drop,9.000000e-03,1309,1309,510,0.9961,0,0,0,0.000000e+00,0.0000,35.460172
ecg_105,ecg,512,5,SDT,stall,9.000000e-03,1309,1309,510,0.9961,0,0,0,0.000000e+00,0.0000,35.460172
ecg_105,ecg,512,10,PROPOSED,none,0.000000e+00,911,911,512,1.0000,0,0,0,0.000000e+00,0.0000,32.181909
ecg_105,ecg,512,10,SDT,unbounded,1.333333e-02,915,915,515,1.0059,0,0,0,0.000000e+00,0.0000,32.148424
ecg_105,ecg,512,10,SDT,fifo_drop,1.333333e-02,915,912,512,1.0000,3,3,0,0.000000e+00,0.0000,32.048434
ecg_105,ecg,512,10,SDT,stall,1.333333e-02,912,912,512,1.0000,7,0,7,2.500000e-02,1.8750,32.121656
ecg_105,ecg,512,20,PROPOSED,none,0.000000e+00,711,711,512,1.0000,0,0,0,0.000000e+00,0.0000,30.700276
ecg_105,ecg,512,20,SDT,unbounded,1.541667e-02,711,711,511,0.9980,0,0,0,0.000000e+00,0.0000,30.880296
ecg_105,ecg,512,20,SDT,fifo_drop,1.541667e-02,711,711,511,0.9980,0,0,0,0.000000e+00,0.0000,30.880296
ecg_105,ecg,512,20,SDT,stall,1.541667e-02,711,711,511,0.9980,0,0,0,0.000000e+00,0.0000,30.880296
ecg_106,ecg,64,2,PROPOSED,none,0.000000e+00,2063,2063,64,1.0000,0,0,0,0.000000e+00,0.0000,42.096395
ecg_106,ecg,64,2,SDT,unbounded,6.250000e-03,2063,2063,77,1.2031,0,0,0,0.000000e+00,0.0000,41.736097
ecg_106,ecg,64,2,SDT,fifo_drop,6.250000e-03,2063,2050,64,1.0000,13,13,0,0.000000e+00,0.0000,40.096689
ecg_106,ecg,64,2,SDT,stall,6.250000e-03,2050,2050,64,1.0000,22,0,22,2.375000e-01,38.0000,37.922345
ecg_106,ecg,64,5,PROPOSED,none,0.000000e+00,863,863,64,1.0000,0,0,0,0.000000e+00,0.0000,30.017739
ecg_106,ecg,64,5,SDT,unbounded,2.166667e-02,862,862,72,1.1250,0,0,0,0.000000e+00,0.0000,29.250217
ecg_106,ecg,64,5,SDT,fifo_drop,2.166667e-02,862,854,64,1.0000,8,8,0,0.000000e+00,0.0000,26.539724
ecg_106,ecg,64,5,SDT,stall,2.166667e-02,854,854,64,1.0000,13,0,13,4.340000e-01,20.0308,27.553671
ecg_106,ecg,64,10,PROPOSED,none,0.000000e+00,463,463,64,1.0000,0,0,0,0.000000e+00,0.0000,25.349228
ecg_106,ecg,64,10,SDT,unbounded,3.590909e-02,465,465,79,1.2344,0,0,0,0.000000e+00,0.0000,25.060000
ecg_106,ecg,64,10,SDT,fifo_drop,3.590909e-02,465,450,64,1.0000,15,15,0,0.000000e+00,0.0000,23.128791
ecg_106,ecg,64,10,SDT,stall,3.590909e-02,451,451,64,1.0000,33,0,33,4.285714e-01,11.9349,20.030140
ecg_106,ecg,64,20,PROPOSED,none,0.000000e+00,263,263,64,1.0000,0,0,0,0.000000e+00,0.0000,20.202445
ecg_106,ecg,64,20,SDT,unbounded,5.798077e-02,263,263,71,1.1094,0,0,0,0.000000e+00,0.0000,20.673537
ecg_106,ecg,64,20,SDT,fifo_drop,5.798077e-02,263,256,64,1.0000,7,7,0,0.000000e+00,0.0000,11.273727
ecg_106,ecg,64,20,SDT,stall,5.798077e-02,257,257,64,1.0000,40,0,40,4.875000e-01,8.4080,16.771473
ecg_106,ecg,128,2,PROPOSED,none,0.000000e+00,2127,2127,128,1.0000,0,0,0,0.000000e+00,0.0000,42.515476
ecg_106,ecg,128,2,SDT,unbounded,6.000000e-03,2136,2136,147,1.1484,0,0,0,0.000000e+00,0.0000,42.305039
ecg_106,ecg,128,2,SDT,fifo_drop,6.000000e-03,2136,2117,128,1.0000,19,19,0,0.000000e+00,0.0000,39.337417
ecg_106,ecg,128,2,SDT,stall,6.000000e-03,2117,2117,128,1.0000,27,0,27,2.375000e-01,39.5833,37.743164
ecg_106,ecg,128,5,PROPOSED,none,0.000000e+00,927,927,128,1.0000,0,0,0,0.000000e+00,0.0000,30.505033
ecg_106,ecg,128,5,SDT,unbounded,2.000000e-02,924,924,131,1.0234,0,0,0,0.000000e+00,0.0000,29.728478
ecg_106,ecg,128,5,SDT,fifo_drop,2.000000e-02,924,921,128,1.0000,3,3,0,0.000000e+00,0.0000,29.668135
ecg_106,ecg,128,5,SDT,stall,2.000000e-02,921,921,128,1.0000,6,0,6,3.000000e-02,1.5000,29.696166
ecg_106,ecg,128,10,PROPOSED,none,0.000000e+00,527,527,128,1.0000,0,0,0,0.000000e+00,0.0000,25.842633
ecg_106,ecg,128,10,SDT,unbounded,3.250000e-02,527,527,136,1.0625,0,0,0,0.000000e+00,0.0000,25.933509
ecg_106,ecg,128,10,SDT,fifo_drop,3.250000e-02,527,519,128,1.0000,8,8,0,0.000000e+00,0.0000,17.345759
ecg_106,ecg,128,10,SDT,stall,3.250000e-02,520,520,128,1.0000,32,0,32,3.193750e-01,9.8269,23.983118
ecg_106,ecg,128,20,PROPOSED,none,0.000000e+00,327,327,128,1.0000,0,0,0,0.000000e+00,0.0000,21.932836
ecg_106,ecg,128,20,SDT,unbounded,4.642857e-02,327,327,133,1.0391,0,0,0,0.000000e+00,0.0000,22.838334
ecg_106,ecg,128,20,SDT,fifo_drop,4.642857e-02,327,322,128,1.0000,5,5,0,0.000000e+00,0.0000,22.311253
ecg_106,ecg,128,20,SDT,stall,4.642857e-02,323,323,128,1.0000,44,0,44,4.125000e-01,8.8846,22.000876
ecg_106,ecg,256,2,PROPOSED,none,0.000000e+00,2255,2255,256,1.0000,0,0,0,0.000000e+00,0.0000,43.090875
ecg_106,ecg,256,2,SDT,unbounded,5.000000e-03,2197,2197,205,0.8008,0,0,0,0.000000e+00,0.0000,42.837049
ecg_106,ecg,256,2,SDT,fifo_drop,5.000000e-03,2197,2197,205,0.8008,0,0,0,0.000000e+00,0.0000,42.837049
ecg_106,ecg,256,2,SDT,stall,5.000000e-03,2197,2197,205,0.8008,0,0,0,0.000000e+00,0.0000,42.837049
ecg_106,ecg,256,5,PROPOSED,none,0.000000e+00,1055,1055,256,1.0000,0,0,0,0.000000e+00,0.0000,31.277892
ecg_106,ecg,256,5,SDT,unbounded,1.750000e-02,1054,1054,258,1.0078,0,0,0,0.000000e+00,0.0000,30.985786
ecg_106,ecg,256,5,SDT,fifo_drop,1.750000e-02,1054,1052,256,1.0000,2,2,0,0.000000e+00,0.0000,30.853015
ecg_106,ecg,256,5,SDT,stall,1.750000e-02,1052,1052,256,1.0000,9,0,9,3.000000e-02,1.7143,30.940072
ecg_106,ecg,256,10,PROPOSED,none,0.000000e+00,655,655,256,1.0000,0,0,0,0.000000e+00,0.0000,27.006525
ecg_106,ecg,256,10,SDT,unbounded,2.714286e-02,656,656,258,1.0078,0,0,0,0.000000e+00,0.0000,27.284750
ecg_106,ecg,256,10,SDT,fifo_drop,2.714286e-02,656,654,256,1.0000,2,2,0,0.000000e+00,0.0000,26.711131
ecg_106,ecg,256,10,SDT,stall,2.714286e-02,654,654,256,1.0000,18,0,18,5.375000e-02,1.9803,27.231015
ecg_106,ecg,256,20,PROPOSED,none,0.000000e+00,455,455,256,1.0000,0,0,0,0.000000e+00,0.0000,24.369709
ecg_106,ecg,256,20,SDT,unbounded,3.642857e-02,454,454,255,0.9961,0,0,0,0.000000e+00,0.0000,24.947374
ecg_106,ecg,256,20,SDT,fifo_drop,3.642857e-02,454,454,255,0.9961,0,0,0,0.000000e+00,0.0000,24.947374
ecg_106,ecg,256,20,SDT,stall,3.642857e-02,454,454,255,0.9961,0,0,0,0.000000e+00,0.0000,24.947374
ecg_106,ecg,512,2,PROPOSED,none,0.000000e+00,2511,2511,512,1.0000,0,0,0,0.000000e+00,0.0000,44.535925
ecg_106,ecg,512,2,SDT,unbounded,4.000000e-03,2512,2512,515,1.0059,0,0,0,0.000000e+00,0.0000,46.273283
ecg_106,ecg,512,2,SDT,fifo_drop,4.000000e-03,2512,2509,512,1.0000,3,3,0,0.000000e+00,0.0000,46.214982
ecg_106,ecg,512,2,SDT,stall,4.000000e-03,2509,2509,512,1.0000,4,0,4,1.500000e-02,3.7500,46.126716
ecg_106,ecg,512,5,PROPOSED,none,0.000000e+00,1311,1311,512,1.0000,0,0,0,0.000000e+00,0.0000,33.584980
ecg_106,ecg,512,5,SDT,unbounded,1.300000e-02,1312,1312,514,1.0039,0,0,0,0.000000e+00,0.0000,34.086911
ecg_106,ecg,512,5,SDT,fifo_drop,1.300000e-02,1312,1310,512,1.0000,2,2,0,0.000000e+00,0.0000,33.858565
ecg_106,ecg,512,5,SDT,stall,1.300000e-02,1310,1310,512,1.0000,6,0,6,3.000000e-02,2.3077,34.022339
ecg_106,ecg,512,10,PROPOSED,none,0.000000e+00,911,911,512,1.0000,0,0,0,0.000000e+00,0.0000,29.717556
ecg_106,ecg,512,10,SDT,unbounded,2.071429e-02,912,912,513,1.0020,0,0,0,0.000000e+00,0.0000,29.651194
ecg_106,ecg,512,10,SDT,fifo_drop,2.071429e-02,912,911,512,1.0000,1,1,0,0.000000e+00,0.0000,29.585042
ecg_106,ecg,512,10,SDT,stall,2.071429e-02,911,911,512,1.0000,3,0,3,3.875000e-02,1.8707,29.627782
ecg_106,ecg,512,20,PROPOSED,none,0.000000e+00,711,711,512,1.0000,0,0,0,0.000000e+00,0.0000,27.527947
ecg_106,ecg,512,20,SDT,unbounded,2.500000e-02,712,712,512,1.0000,0,0,0,0.000000e+00,0.0000,27.948625
ecg_106,ecg,512,20,SDT,fifo_drop,2.500000e-02,712,712,512,1.0000,0,0,0,0.000000e+00,0.0000,27.948625
ecg_106,ecg,512,20,SDT,stall,2.500000e-02,712,712,512,1.0000,0,0,0,0.000000e+00,0.0000,27.948625
ecg_108,ecg,64,2,PROPOSED,none,0.000000e+00,2063,2063,64,1.0000,0,0,0,0.000000e+00,0.0000,41.901464
ecg_108,ecg,64,2,SDT,unbounded,5.000000e-03,2069,2069,85,1.3281,0,0,0,0.000000e+00,0.0000,41.304326
ecg_108,ecg,64,2,SDT,fifo_drop,5.000000e-03,2069,2048,64,1.0000,21,21,0,0.000000e+00,0.0000,40.451704
ecg_108,ecg,64,2,SDT,stall,5.000000e-03,2048,2048,64,1.0000,31,0,31,2.750000e-02,5.5000,40.454765
ecg_108,ecg,64,5,PROPOSED,none,0.000000e+00,863,863,64,1.0000,0,0,0,0.000000e+00,0.0000,30.973704
ecg_108,ecg,64,5,SDT,unbounded,1.500000e-02,852,852,73,1.1406,0,0,0,0.000000e+00,0.0000,29.904854
ecg_108,ecg,64,5,SDT,fifo_drop,1.500000e-02,852,843,64,1.0000,9,9,0,0.000000e+00,0.0000,29.601128
ecg_108,ecg,64,5,SDT,stall,1.500000e-02,845,845,64,1.0000,27,0,27,3.750000e-02,2.5000,29.739612
ecg_108,ecg,64,10,PROPOSED,none,0.000000e+00,463,463,64,1.0000,0,0,0,0.000000e+00,0.0000,26.724256
ecg_108,ecg,64,10,SDT,unbounded,2.294118e-02,463,463,86,1.3438,0,0,0,0.000000e+00,0.0000,26.724048
ecg_108,ecg,64,10,SDT,fifo_drop,2.294118e-02,463,441,64,1.0000,22,22,0,0.000000e+00,0.0000,25.300476
ecg_108,ecg,64,10,SDT,stall,2.294118e-02,442,442,64,1.0000,99,0,99,6.611111e-02,2.8818,25.693307
ecg_108,ecg,64,20,PROPOSED,none,0.000000e+00,263,263,64,1.0000,0,0,0,0.000000e+00,0.0000,23.185006
ecg_108,ecg,64,20,SDT,unbounded,3.282609e-02,265,265,71,1.1094,0,0,0,0.000000e+00,0.0000,24.015752
ecg_108,ecg,64,20,SDT,fifo_drop,3.282609e-02,265,258,64,1.0000,7,7,0,0.000000e+00,0.0000,23.583426
ecg_108,ecg,64,20,SDT,stall,3.282609e-02,259,259,64,1.0000,57,0,57,9.852941e-02,3.0016,21.138513
ecg_108,ecg,128,2,PROPOSED,none,0.000000e+00,2127,2127,128,1.0000,0,0,0,0.000000e+00,0.0000,42.150857
ecg_108,ecg,128,2,SDT,unbounded,5.000000e-03,2120,2120,124,0.9688,0,0,0,0.000000e+00,0.0000,41.789354
ecg_108,ecg,128,2,SDT,fifo_drop,5.000000e-03,2120,2120,124,0.9688,0,0,0,0.000000e+00,0.0000,41.789354
ecg_108,ecg,128,2,SDT,stall,5.000000e-03,2120,2120,124,0.9688,0,0,0,0.000000e+00,0.0000,41.789354
ecg_108,ecg,128,5,PROPOSED,none,0.000000e+00,927,927,128,1.0000,0,0,0,0.000000e+00,0.0000,31.317047
ecg_108,ecg,128,5,SDT,unbounded,1.454545e-02,930,930,133,1.0391,0,0,0,0.000000e+00,0.0000,30.445623
ecg_108,ecg,128,5,SDT,fifo_drop,1.454545e-02,930,925,128,1.0000,5,5,0,0.000000e+00,0.0000,30.426462
ecg_108,ecg,128,5,SDT,stall,1.454545e-02,924,924,128,1.0000,15,0,15,4.300000e-02,2.9562,30.141200
ecg_108,ecg,128,10,PROPOSED,none,0.000000e+00,527,527,128,1.0000,0,0,0,0.000000e+00,0.0000,27.410306
ecg_108,ecg,128,10,SDT,unbounded,2.125000e-02,527,527,138,1.0781,0,0,0,0.000000e+00,0.0000,27.523758
ecg_108,ecg,128,10,SDT,fifo_drop,2.125000e-02,527,517,128,1.0000,10,10,0,0.000000e+00,0.0000,26.471408
ecg_108,ecg,128,10,SDT,stall,2.125000e-02,517,517,128,1.0000,41,0,41,5.500000e-02,2.5882,27.030300
ecg_108,ecg,128,20,PROPOSED,none,0.000000e+00,327,327,128,1.0000,0,0,0,0.000000e+00,0.0000,24.557804
ecg_108,ecg,128,20,SDT,unbounded,2.820000e-02,329,329,130,1.0156,0,0,0,0.000000e+00,0.0000,25.312483
ecg_108,ecg,128,20,SDT,fifo_drop,2.820000e-02,329,327,128,1.0000,2,2,0,0.000000e+00,0.0000,25.227086
ecg_108,ecg,128,20,SDT,stall,2.820000e-02,328,328,128,1.0000,28,0,28,5.666667e-02,2.0095,24.760521
ecg_108,ecg,256,2,PROPOSED,none,0.000000e+00,2255,2255,256,1.0000,0,0,0,0.000000e+00,0.0000,42.784954
ecg_108,ecg,256,2,SDT,unbounded,4.285714e-03,2257,2257,260,1.0156,0,0,0,0.000000e+00,0.0000,43.285786
ecg_108,ecg,256,2,SDT,fifo_drop,4.285714e-03,2257,2253,256,1.0000,4,4,0,0.000000e+00,0.0000,43.008814
ecg_108,ecg,256,2,SDT,stall,4.285714e-03,2253,2253,256,1.0000,6,0,6,1.250000e-02,2.9167,43.163377
ecg_108,ecg,256,5,PROPOSED,none,0.000000e+00,1055,1055,256,1.0000,0,0,0,0.000000e+00,0.0000,32.273413
ecg_108,ecg,256,5,SDT,unbounded,1.300000e-02,1056,1056,257,1.0039,0,0,0,0.000000e+00,0.0000,31.589299
ecg_108,ecg,256,5,SDT,fifo_drop,1.300000e-02,1056,1055,256,1.0000,1,1,0,0.000000e+00,0.0000,31.555331
ecg_108,ecg,256,5,SDT,stall,1.300000e-02,1055,1055,256,1.0000,1,0,1,2.833333e-02,2.1795,31.576504
ecg_108,ecg,256,10,PROPOSED,none,0.000000e+00,655,655,256,1.0000,0,0,0,0.000000e+00,0.0000,28.414157
ecg_108,ecg,256,10,SDT,unbounded,1.875000e-02,652,652,254,0.9922,0,0,0,0.000000e+00,0.0000,28.395220
ecg_108,ecg,256,10,SDT,fifo_drop,1.875000e-02,652,652,254,0.9922,0,0,0,0.000000e+00,0.0000,28.395220
ecg_108,ecg,256,10,SDT,stall,1.875000e-02,652,652,254,0.9922,0,0,0,0.000000e+00,0.0000,28.395220
ecg_108,ecg,256,20,PROPOSED,none,0.000000e+00,455,455,256,1.0000,0,0,0,0.000000e+00,0.0000,26.207279
ecg_108,ecg,256,20,SDT,unbounded,2.333333e-02,458,458,258,1.0078,0,0,0,0.000000e+00,0.0000,26.806075
ecg_108,ecg,256,20,SDT,fifo_drop,2.333333e-02,458,456,256,1.0000,2,2,0,0.000000e+00,0.0000,26.529128
ecg_108,ecg,256,20,SDT,stall,2.333333e-02,456,456,256,1.0000,34,0,34,2.600000e-02,1.1143,26.761957
ecg_108,ecg,512,2,PROPOSED,none,0.000000e+00,2511,2511,512,1.0000,0,0,0,0.000000e+00,0.0000,44.196862
ecg_108,ecg,512,2,SDT,unbounded,3.333333e-03,2546,2546,549,1.0723,0,0,0,0.000000e+00,0.0000,45.894361
ecg_108,ecg,512,2,SDT,fifo_drop,3.333333e-03,2546,2509,512,1.0000,37,37,0,0.000000e+00,0.0000,42.671480
ecg_108,ecg,512,2,SDT,stall,3.333333e-03,2509,2509,512,1.0000,55,0,55,3.000000e-02,9.0000,43.792200
ecg_108,ecg,512,5,PROPOSED,none,0.000000e+00,1311,1311,512,1.0000,0,0,0,0.000000e+00,0.0000,34.230641
ecg_108,ecg,512,5,SDT,unbounded,1.000000e-02,1308,1308,509,0.9941,0,0,0,0.000000e+00,0.0000,34.218809
ecg_108,ecg,512,5,SDT,fifo_drop,1.000000e-02,1308,1308,509,0.9941,0,0,0,0.000000e+00,0.0000,34.218809
ecg_108,ecg,512,5,SDT,stall,1.000000e-02,1308,1308,509,0.9941,0,0,0,0.000000e+00,0.0000,34.218809
ecg_108,ecg,512,10,PROPOSED,none,0.000000e+00,911,911,512,1.0000,0,0,0,0.000000e+00,0.0000,30.833163
ecg_108,ecg,512,10,SDT,unbounded,1.500000e-02,912,912,512,1.0000,0,0,0,0.000000e+00,0.0000,30.417543
ecg_108,ecg,512,10,SDT,fifo_drop,1.500000e-02,912,912,512,1.0000,0,0,0,0.000000e+00,0.0000,30.417543
ecg_108,ecg,512,10,SDT,stall,1.500000e-02,912,912,512,1.0000,0,0,0,0.000000e+00,0.0000,30.417543
ecg_108,ecg,512,20,PROPOSED,none,0.000000e+00,711,711,512,1.0000,0,0,0,0.000000e+00,0.0000,28.871207
ecg_108,ecg,512,20,SDT,unbounded,1.750000e-02,712,712,512,1.0000,0,0,0,0.000000e+00,0.0000,28.931463
ecg_108,ecg,512,20,SDT,fifo_drop,1.750000e-02,712,712,512,1.0000,0,0,0,0.000000e+00,0.0000,28.931463
ecg_108,ecg,512,20,SDT,stall,1.750000e-02,712,712,512,1.0000,0,0,0,0.000000e+00,0.0000,28.931463
ecg_109,ecg,64,2,PROPOSED,none,0.000000e+00,2063,2063,64,1.0000,0,0,0,0.000000e+00,0.0000,45.377801
ecg_109,ecg,64,2,SDT,unbounded,5.000000e-03,2085,2085,128,2.0000,0,0,0,0.000000e+00,0.0000,45.182712
ecg_109,ecg,64,2,SDT,fifo_drop,5.000000e-03,2085,2021,64,1.0000,64,64,0,0.000000e+00,0.0000,41.640207
ecg_109,ecg,64,2,SDT,stall,5.000000e-03,2021,2021,64,1.0000,96,0,96,4.000000e-02,8.0000,42.348178
ecg_109,ecg,64,5,PROPOSED,none,0.000000e+00,863,863,64,1.0000,0,0,0,0.000000e+00,0.0000,34.295745
ecg_109,ecg,64,5,SDT,unbounded,1.571429e-02,864,864,83,1.2969,0,0,0,0.000000e+00,0.0000,33.633627
ecg_109,ecg,64,5,SDT,fifo_drop,1.571429e-02,864,845,64,1.0000,19,19,0,0.000000e+00,0.0000,32.423102
ecg_109,ecg,64,5,SDT,stall,1.571429e-02,846,846,64,1.0000,63,0,63,1.000000e-01,6.3636,32.548149
ecg_109,ecg,64,10,PROPOSED,none,0.000000e+00,463,463,64,1.0000,0,0,0,0.000000e+00,0.0000,28.976763
ecg_109,ecg,64,10,SDT,unbounded,2.666667e-02,464,464,69,1.0781,0,0,0,0.000000e+00,0.0000,29.151236
ecg_109,ecg,64,10,SDT,fifo_drop,2.666667e-02,464,459,64,1.0000,5,5,0,0.000000e+00,0.0000,27.956318
ecg_109,ecg,64,10,SDT,stall,2.666667e-02,459,459,64,1.0000,27,0,27,7.785714e-02,2.9196,28.565078
ecg_109,ecg,64,20,PROPOSED,none,0.000000e+00,263,263,64,1.0000,0,0,0,0.000000e+00,0.0000,21.248386
ecg_109,ecg,64,20,SDT,unbounded,5.125000e-02,263,263,64,1.0000,0,0,0,0.000000e+00,0.0000,22.835951
ecg_109,ecg,64,20,SDT,fifo_drop,5.125000e-02,263,263,64,1.0000,0,0,0,0.000000e+00,0.0000,22.835951
ecg_109,ecg,64,20,SDT,stall,5.125000e-02,263,263,64,1.0000,0,0,0,0.000000e+00,0.0000,22.835951
ecg_109,ecg,128,2,PROPOSED,none,0.000000e+00,2127,2127,128,1.0000,0,0,0,0.000000e+00,0.0000,45.921106
ecg_109,ecg,128,2,SDT,unbounded,5.000000e-03,2131,2131,158,1.2344,0,0,0,0.000000e+00,0.0000,45.606009
ecg_109,ecg,128,2,SDT,fifo_drop,5.000000e-03,2131,2101,128,1.0000,30,30,0,0.000000e+00,0.0000,43.809567
ecg_109,ecg,128,2,SDT,stall,5.000000e-03,2101,2101,128,1.0000,40,0,40,4.000000e-02,8.0000,43.680016
ecg_109,ecg,128,5,PROPOSED,none,0.000000e+00,927,927,128,1.0000,0,0,0,0.000000e+00,0.0000,34.781593
ecg_109,ecg,128,5,SDT,unbounded,1.500000e-02,929,929,130,1.0156,0,0,0,0.000000e+00,0.0000,34.201282
ecg_109,ecg,128,5,SDT,fifo_drop,1.500000e-02,929,927,128,1.0000,2,2,0,0.000000e+00,0.0000,34.108582
ecg_109,ecg,128,5,SDT,stall,1.500000e-02,926,926,128,1.0000,2,0,2,2.500000e-02,1.6667,34.152304
ecg_109,ecg,128,10,PROPOSED,none,0.000000e+00,527,527,128,1.0000,0,0,0,0.000000e+00,0.0000,30.184582
ecg_109,ecg,128,10,SDT,unbounded,2.333333e-02,526,526,127,0.9922,0,0,0,0.000000e+00,0.0000,30.121969
ecg_109,ecg,128,10,SDT,fifo_drop,2.333333e-02,526,526,127,0.9922,0,0,0,0.000000e+00,0.0000,30.121969
ecg_109,ecg,128,10,SDT,stall,2.333333e-02,526,526,127,0.9922,0,0,0,0.000000e+00,0.0000,30.121969
ecg_109,ecg,128,20,PROPOSED,none,0.000000e+00,327,327,128,1.0000,0,0,0,0.000000e+00,0.0000,23.310689
ecg_109,ecg,128,20,SDT,unbounded,3.828947e-02,328,328,129,1.0078,0,0,0,0.000000e+00,0.0000,25.742634
ecg_109,ecg,128,20,SDT,fifo_drop,3.828947e-02,328,327,128,1.0000,1,1,0,0.000000e+00,0.0000,25.702587
ecg_109,ecg,128,20,SDT,stall,3.828947e-02,328,328,128,1.0000,8,0,8,2.975000e-02,0.7770,25.615922
ecg_109,ecg,256,2,PROPOSED,none,0.000000e+00,2255,2255,256,1.0000,0,0,0,0.000000e+00,0.0000,46.681715
ecg_109,ecg,256,2,SDT,unbounded,4.444444e-03,2254,2254,262,1.0234,0,0,0,0.000000e+00,0.0000,46.931258
ecg_109,ecg,256,2,SDT,fifo_drop,4.444444e-03,2254,2248,256,1.0000,6,6,0,0.000000e+00,0.0000,46.491242
ecg_109,ecg,256,2,SDT,stall,4.444444e-03,2248,2248,256,1.0000,12,0,12,2.500000e-02,5.6250,46.585166
ecg_109,ecg,256,5,PROPOSED,none,0.000000e+00,1055,1055,256,1.0000,0,0,0,0.000000e+00,0.0000,35.590775
ecg_109,ecg,256,5,SDT,unbounded,1.333333e-02,1056,1056,257,1.0039,0,0,0,0.000000e+00,0.0000,35.225502
ecg_109,ecg,256,5,SDT,fifo_drop,1.333333e-02,1056,1055,256,1.0000,1,1,0,0.000000e+00,0.0000,35.198864
ecg_109,ecg,256,5,SDT,stall,1.333333e-02,1055,1055,256,1.0000,1,0,1,1.333333e-02,1.0000,35.220315
ecg_109,ecg,256,10,PROPOSED,none,0.000000e+00,655,655,256,1.0000,0,0,0,0.000000e+00,0.0000,31.751709
ecg_109,ecg,256,10,SDT,unbounded,1.940000e-02,656,656,257,1.0039,0,0,0,0.000000e+00,0.0000,31.935651
ecg_109,ecg,256,10,SDT,fifo_drop,1.940000e-02,656,655,256,1.0000,1,1,0,0.000000e+00,0.0000,31.206834
ecg_109,ecg,256,10,SDT,stall,1.940000e-02,656,656,256,1.0000,14,0,14,2.250000e-02,1.1598,31.910288
ecg_109,ecg,256,20,PROPOSED,none,0.000000e+00,455,455,256,1.0000,0,0,0,0.000000e+00,0.0000,26.893779
ecg_109,ecg,256,20,SDT,unbounded,2.680851e-02,456,456,257,1.0039,0,0,0,0.000000e+00,0.0000,29.036161
ecg_109,ecg,256,20,SDT,fifo_drop,2.680851e-02,456,455,256,1.0000,1,1,0,0.000000e+00,0.0000,28.938288
ecg_109,ecg,256,20,SDT,stall,2.680851e-02,456,456,256,1.0000,16,0,16,3.450000e-02,1.2869,28.898017
ecg_109,ecg,512,2,PROPOSED,none,0.000000e+00,2511,2511,512,1.0000,0,0,0,0.000000e+00,0.0000,48.261611
ecg_109,ecg,512,2,SDT,unbounded,3.333333e-03,2571,2571,575,1.1230,0,0,0,0.000000e+00,0.0000,49.569932
ecg_109,ecg,512,2,SDT,fifo_drop,3.333333e-03,2571,2508,512,1.0000,63,63,0,0.000000e+00,0.0000,45.057745
ecg_109,ecg,512,2,SDT,stall,3.333333e-03,2508,2508,512,1.0000,116,0,116,2.500000e-02,7.5000,45.992388
ecg_109,ecg,512,5,PROPOSED,none,0.000000e+00,1311,1311,512,1.0000,0,0,0,0.000000e+00,0.0000,37.649961
ecg_109,ecg,512,5,SDT,unbounded,1.000000e-02,1319,1319,520,1.0156,0,0,0,0.000000e+00,0.0000,37.789979
ecg_109,ecg,512,5,SDT,fifo_drop,1.000000e-02,1319,1311,512,1.0000,8,8,0,0.000000e+00,0.0000,37.569359
ecg_109,ecg,512,5,SDT,stall,1.000000e-02,1311,1311,512,1.0000,20,0,20,2.833333e-02,2.8333,37.629119
ecg_109,ecg,512,10,PROPOSED,none,0.000000e+00,911,911,512,1.0000,0,0,0,0.000000e+00,0.0000,33.989157
ecg_109,ecg,512,10,SDT,unbounded,1.500000e-02,911,911,511,0.9980,0,0,0,0.000000e+00,0.0000,34.020940
ecg_109,ecg,512,10,SDT,fifo_drop,1.500000e-02,911,911,511,0.9980,0,0,0,0.000000e+00,0.0000,34.020940
ecg_109,ecg,512,10,SDT,stall,1.500000e-02,911,911,511,0.9980,0,0,0,0.000000e+00,0.0000,34.020940
ecg_109,ecg,512,20,PROPOSED,none,0.000000e+00,711,711,512,1.0000,0,0,0,0.000000e+00,0.0000,31.446819
ecg_109,ecg,512,20,SDT,unbounded,1.850000e-02,710,710,510,0.9961,0,0,0,0.000000e+00,0.0000,32.358711
ecg_109,ecg,512,20,SDT,fifo_drop,1.850000e-02,710,710,510,0.9961,0,0,0,0.000000e+00,0.0000,32.358711
ecg_109,ecg,512,20,SDT,stall,1.850000e-02,710,710,510,0.9961,0,0,0,0.000000e+00,0.0000,32.358711
ecg_112,ecg,64,2,PROPOSED,none,0.000000e+00,2063,2063,64,1.0000,0,0,0,0.000000e+00,0.0000,52.534124
ecg_112,ecg,64,2,SDT,unbounded,3.750000e-03,2067,2067,79,1.2344,0,0,0,0.000000e+00,0.0000,51.932089
ecg_112,ecg,64,2,SDT,fifo_drop,3.750000e-03,2067,2052,64,1.0000,15,15,0,0.000000e+00,0.0000,51.380654
ecg_112,ecg,64,2,SDT,stall,3.750000e-03,2053,2053,64,1.0000,18,0,18,3.750000e-02,10.0000,51.047764
ecg_112,ecg,64,5,PROPOSED,none,0.000000e+00,863,863,64,1.0000,0,0,0,0.000000e+00,0.0000,42.760343
ecg_112,ecg,64,5,SDT,unbounded,1.000000e-02,862,862,65,1.0156,0,0,0,0.000000e+00,0.0000,41.737615
ecg_112,ecg,64,5,SDT,fifo_drop,1.000000e-02,862,861,64,1.0000,1,1,0,0.000000e+00,0.0000,41.725265
ecg_112,ecg,64,5,SDT,stall,1.000000e-02,861,861,64,1.0000,2,0,2,1.750000e-02,1.7500,41.737176
ecg_112,ecg,64,10,PROPOSED,none,0.000000e+00,463,463,64,1.0000,0,0,0,0.000000e+00,0.0000,36.463090
ecg_112,ecg,64,10,SDT,unbounded,1.954545e-02,465,465,69,1.0781,0,0,0,0.000000e+00,0.0000,36.161125
ecg_112,ecg,64,10,SDT,fifo_drop,1.954545e-02,465,460,64,1.0000,5,5,0,0.000000e+00,0.0000,35.204805
ecg_112,ecg,64,10,SDT,stall,1.954545e-02,460,460,64,1.0000,25,0,25,9.400000e-02,4.8093,34.328632
ecg_112,ecg,64,20,PROPOSED,none,0.000000e+00,263,263,64,1.0000,0,0,0,0.000000e+00,0.0000,32.174220
ecg_112,ecg,64,20,SDT,unbounded,3.050000e-02,264,264,66,1.0312,0,0,0,0.000000e+00,0.0000,31.823065
ecg_112,ecg,64,20,SDT,fifo_drop,3.050000e-02,264,262,64,1.0000,2,2,0,0.000000e+00,0.0000,31.707189
ecg_112,ecg,64,20,SDT,stall,3.050000e-02,263,263,64,1.0000,37,0,37,2.888889e-02,0.9472,31.729114
ecg_112,ecg,128,2,PROPOSED,none,0.000000e+00,2127,2127,128,1.0000,0,0,0,0.000000e+00,0.0000,52.894463
ecg_112,ecg,128,2,SDT,unbounded,3.333333e-03,2129,2129,136,1.0625,0,0,0,0.000000e+00,0.0000,52.364818
ecg_112,ecg,128,2,SDT,fifo_drop,3.333333e-03,2129,2121,128,1.0000,8,8,0,0.000000e+00,0.0000,51.397934
ecg_112,ecg,128,2,SDT,stall,3.333333e-03,2122,2122,128,1.0000,10,0,10,2.500000e-02,7.5000,51.884755
ecg_112,ecg,128,5,PROPOSED,none,0.000000e+00,927,927,128,1.0000,0,0,0,0.000000e+00,0.0000,43.229234
ecg_112,ecg,128,5,SDT,unbounded,9.705882e-03,927,927,128,1.0000,0,0,0,0.000000e+00,0.0000,42.603672
ecg_112,ecg,128,5,SDT,fifo_drop,9.705882e-03,927,927,128,1.0000,0,0,0,0.000000e+00,0.0000,42.603672
ecg_112,ecg,128,5,SDT,stall,9.705882e-03,927,927,128,1.0000,0,0,0,0.000000e+00,0.0000,42.603672
ecg_112,ecg,128,10,PROPOSED,none,0.000000e+00,527,527,128,1.0000,0,0,0,0.000000e+00,0.0000,37.194794
ecg_112,ecg,128,10,SDT,unbounded,1.750000e-02,525,525,126,0.9844,0,0,0,0.000000e+00,0.0000,36.964369
ecg_112,ecg,128,10,SDT,fifo_drop,1.750000e-02,525,525,126,0.9844,0,0,0,0.000000e+00,0.0000,36.964369
ecg_112,ecg,128,10,SDT,stall,1.750000e-02,525,525,126,0.9844,0,0,0,0.000000e+00,0.0000,36.964369
ecg_112,ecg,128,20,PROPOSED,none,0.000000e+00,327,327,128,1.0000,0,0,0,0.000000e+00,0.0000,33.533315
ecg_112,ecg,128,20,SDT,unbounded,2.500000e-02,328,328,128,1.0000,0,0,0,0.000000e+00,0.0000,34.137121
ecg_112,ecg,128,20,SDT,fifo_drop,2.500000e-02,328,328,128,1.0000,0,0,0,0.000000e+00,0.0000,34.137121
ecg_112,ecg,128,20,SDT,stall,2.500000e-02,328,328,128,1.0000,0,0,0,0.000000e+00,0.0000,34.137121
ecg_112,ecg,256,2,PROPOSED,none,0.000000e+00,2255,2255,256,1.0000,0,0,0,0.000000e+00,0.0000,53.549707
ecg_112,ecg,256,2,SDT,unbounded,3.333333e-03,2303,2303,306,1.1953,0,0,0,0.000000e+00,0.0000,53.890161
ecg_112,ecg,256,2,SDT,fifo_drop,3.333333e-03,2303,2253,256,1.0000,50,50,0,0.000000e+00,0.0000,50.550903
ecg_112,ecg,256,2,SDT,stall,3.333333e-03,2253,2253,256,1.0000,79,0,79,4.000000e-02,12.0000,51.150303
ecg_112,ecg,256,5,PROPOSED,none,0.000000e+00,1055,1055,256,1.0000,0,0,0,0.000000e+00,0.0000,44.062029
ecg_112,ecg,256,5,SDT,unbounded,8.333333e-03,1039,1039,240,0.9375,0,0,0,0.000000e+00,0.0000,43.813680
ecg_112,ecg,256,5,SDT,fifo_drop,8.333333e-03,1039,1039,240,0.9375,0,0,0,0.000000e+00,0.0000,43.813680
ecg_112,ecg,256,5,SDT,stall,8.333333e-03,1039,1039,240,0.9375,0,0,0,0.000000e+00,0.0000,43.813680
ecg_112,ecg,256,10,PROPOSED,none,0.000000e+00,655,655,256,1.0000,0,0,0,0.000000e+00,0.0000,38.332690
ecg_112,ecg,256,10,SDT,unbounded,1.428571e-02,655,655,255,0.9961,0,0,0,0.000000e+00,0.0000,38.743097
ecg_112,ecg,256,10,SDT,fifo_drop,1.428571e-02,655,655,255,0.9961,0,0,0,0.000000e+00,0.0000,38.743097
ecg_112,ecg,256,10,SDT,stall,1.428571e-02,655,655,255,0.9961,0,0,0,0.000000e+00,0.0000,38.743097
ecg_112,ecg,256,20,PROPOSED,none,0.000000e+00,455,455,256,1.0000,0,0,0,0.000000e+00,0.0000,35.294899
ecg_112,ecg,256,20,SDT,unbounded,2.000000e-02,457,457,257,1.0039,0,0,0,0.000000e+00,0.0000,36.052426
ecg_112,ecg,256,20,SDT,fifo_drop,2.000000e-02,457,456,256,1.0000,1,1,0,0.000000e+00,0.0000,35.914481
ecg_112,ecg,256,20,SDT,stall,2.000000e-02,456,456,256,1.0000,8,0,8,2.550000e-02,1.2750,36.011367
ecg_112,ecg,512,2,PROPOSED,none,0.000000e+00,2511,2511,512,1.0000,0,0,0,0.000000e+00,0.0000,54.873305
ecg_112,ecg,512,2,SDT,unbounded,3.000000e-03,2516,2516,519,1.0137,0,0,0,0.000000e+00,0.0000,56.639060
ecg_112,ecg,512,2,SDT,fifo_drop,3.000000e-03,2516,2509,512,1.0000,7,7,0,0.000000e+00,0.0000,55.594746
ecg_112,ecg,512,2,SDT,stall,3.000000e-03,2509,2509,512,1.0000,8,0,8,2.000000e-02,6.6667,56.130889
ecg_112,ecg,512,5,PROPOSED,none,0.000000e+00,1311,1311,512,1.0000,0,0,0,0.000000e+00,0.0000,46.087882
ecg_112,ecg,512,5,SDT,unbounded,6.666667e-03,1314,1314,514,1.0039,0,0,0,0.000000e+00,0.0000,46.403124
ecg_112,ecg,512,5,SDT,fifo_drop,6.666667e-03,1314,1312,512,1.0000,2,2,0,0.000000e+00,0.0000,46.142661
ecg_112,ecg,512,5,SDT,stall,6.666667e-03,1312,1312,512,1.0000,5,0,5,1.750000e-02,2.6250,46.375150
ecg_112,ecg,512,10,PROPOSED,none,0.000000e+00,911,911,512,1.0000,0,0,0,0.000000e+00,0.0000,41.705661
ecg_112,ecg,512,10,SDT,unbounded,1.000000e-02,915,915,515,1.0059,0,0,0,0.000000e+00,0.0000,42.489196
ecg_112,ecg,512,10,SDT,fifo_drop,1.000000e-02,915,912,512,1.0000,3,3,0,0.000000e+00,0.0000,42.422068
ecg_112,ecg,512,10,SDT,stall,1.000000e-02,912,912,512,1.0000,6,0,6,1.750000e-02,1.7500,42.485582
ecg_112,ecg,512,20,PROPOSED,none,0.000000e+00,711,711,512,1.0000,0,0,0,0.000000e+00,0.0000,39.200690
ecg_112,ecg,512,20,SDT,unbounded,1.312500e-02,710,710,510,0.9961,0,0,0,0.000000e+00,0.0000,39.552867
ecg_112,ecg,512,20,SDT,fifo_drop,1.312500e-02,710,710,510,0.9961,0,0,0,0.000000e+00,0.0000,39.552867
ecg_112,ecg,512,20,SDT,stall,1.312500e-02,710,710,510,0.9961,0,0,0,0.000000e+00,0.0000,39.552867
ecg_115,ecg,64,2,PROPOSED,none,0.000000e+00,2063,2063,64,1.0000,0,0,0,0.000000e+00,0.0000,47.962894
ecg_115,ecg,64,2,SDT,unbounded,4.000000e-03,2071,2071,96,1.5000,0,0,0,0.000000e+00,0.0000,47.608974
ecg_115,ecg,64,2,SDT,fifo_drop,4.000000e-03,2071,2039,64,1.0000,32,32,0,0.000000e+00,0.0000,44.994657
ecg_115,ecg,64,2,SDT,stall,4.000000e-03,2040,2040,64,1.0000,52,0,52,1.325000e-01,33.1250,41.201578
ecg_115,ecg,64,5,PROPOSED,none,0.000000e+00,863,863,64,1.0000,0,0,0,0.000000e+00,0.0000,37.677354
ecg_115,ecg,64,5,SDT,unbounded,1.187500e-02,863,863,74,1.1562,0,0,0,0.000000e+00,0.0000,36.586475
ecg_115,ecg,64,5,SDT,fifo_drop,1.187500e-02,863,853,64,1.0000,10,10,0,0.000000e+00,0.0000,36.238272
ecg_115,ecg,64,5,SDT,stall,1.187500e-02,853,853,64,1.0000,16,0,16,3.000000e-01,25.2632,28.981957
ecg_115,ecg,64,10,PROPOSED,none,0.000000e+00,463,463,64,1.0000,0,0,0,0.000000e+00,0.0000,32.522287
ecg_115,ecg,64,10,SDT,unbounded,2.016129e-02,463,463,74,1.1562,0,0,0,0.000000e+00,0.0000,32.051776
ecg_115,ecg,64,10,SDT,fifo_drop,2.016129e-02,463,453,64,1.0000,10,10,0,0.000000e+00,0.0000,30.295599
ecg_115,ecg,64,10,SDT,stall,2.016129e-02,453,453,64,1.0000,18,0,18,5.405556e-01,26.8116,21.608444
ecg_115,ecg,64,20,PROPOSED,none,0.000000e+00,263,263,64,1.0000,0,0,0,0.000000e+00,0.0000,26.436491
ecg_115,ecg,64,20,SDT,unbounded,3.538462e-02,264,264,74,1.1562,0,0,0,0.000000e+00,0.0000,27.165112
ecg_115,ecg,64,20,SDT,fifo_drop,3.538462e-02,264,254,64,1.0000,10,10,0,0.000000e+00,0.0000,24.273118
ecg_115,ecg,64,20,SDT,stall,3.538462e-02,254,254,64,1.0000,40,0,40,5.405556e-01,15.2766,15.784455
ecg_115,ecg,128,2,PROPOSED,none,0.000000e+00,2127,2127,128,1.0000,0,0,0,0.000000e+00,0.0000,48.405572
ecg_115,ecg,128,2,SDT,unbounded,3.750000e-03,2138,2138,149,1.1641,0,0,0,0.000000e+00,0.0000,48.172991
ecg_115,ecg,128,2,SDT,fifo_drop,3.750000e-03,2138,2117,128,1.0000,21,21,0,0.000000e+00,0.0000,45.134762
ecg_115,ecg,128,2,SDT,stall,3.750000e-03,2117,2117,128,1.0000,38,0,38,1.200000e-01,32.0000,42.883207
ecg_115,ecg,128,5,PROPOSED,none,0.000000e+00,927,927,128,1.0000,0,0,0,0.000000e+00,0.0000,38.343129
ecg_115,ecg,128,5,SDT,unbounded,1.071429e-02,927,927,134,1.0469,0,0,0,0.000000e+00,0.0000,37.650173
ecg_115,ecg,128,5,SDT,fifo_drop,1.071429e-02,927,921,128,1.0000,6,6,0,0.000000e+00,0.0000,37.327096
ecg_115,ecg,128,5,SDT,stall,1.071429e-02,921,921,128,1.0000,9,0,9,1.600000e-01,14.9333,34.638641
ecg_115,ecg,128,10,PROPOSED,none,0.000000e+00,527,527,128,1.0000,0,0,0,0.000000e+00,0.0000,32.686545
ecg_115,ecg,128,10,SDT,unbounded,1.857143e-02,529,529,135,1.0547,0,0,0,0.000000e+00,0.0000,32.690432
ecg_115,ecg,128,10,SDT,fifo_drop,1.857143e-02,529,522,128,1.0000,7,7,0,0.000000e+00,0.0000,31.666765
ecg_115,ecg,128,10,SDT,stall,1.857143e-02,522,522,128,1.0000,13,0,13,5.392857e-01,29.0385,22.085584
ecg_115,ecg,128,20,PROPOSED,none,0.000000e+00,327,327,128,1.0000,0,0,0,0.000000e+00,0.0000,29.057394
ecg_115,ecg,128,20,SDT,unbounded,2.701493e-02,327,327,133,1.0391,0,0,0,0.000000e+00,0.0000,29.735109
ecg_115,ecg,128,20,SDT,fifo_drop,2.701493e-02,327,322,128,1.0000,5,5,0,0.000000e+00,0.0000,17.230432
ecg_115,ecg,128,20,SDT,stall,2.701493e-02,323,323,128,1.0000,12,0,12,1.400000e-01,5.1823,26.353559
ecg_115,ecg,256,2,PROPOSED,none,0.000000e+00,2255,2255,256,1.0000,0,0,0,0.000000e+00,0.0000,49.048512
ecg_115,ecg,256,2,SDT,unbounded,3.333333e-03,2411,2411,417,1.6289,0,0,0,0.000000e+00,0.0000,50.438125
ecg_115,ecg,256,2,SDT,fifo_drop,3.333333e-03,2411,2250,256,1.0000,161,161,0,0.000000e+00,0.0000,40.748980
ecg_115,ecg,256,2,SDT,stall,3.333333e-03,2250,2250,256,1.0000,240,0,240,1.800000e-01,54.0000,37.319210
ecg_115,ecg,256,5,PROPOSED,none,0.000000e+00,1055,1055,256,1.0000,0,0,0,0.000000e+00,0.0000,39.344914
ecg_115,ecg,256,5,SDT,unbounded,9.090909e-03,1057,1057,258,1.0078,0,0,0,0.000000e+00,0.0000,39.164192
ecg_115,ecg,256,5,SDT,fifo_drop,9.090909e-03,1057,1055,256,1.0000,2,2,0,0.000000e+00,0.0000,39.057420
ecg_115,ecg,256,5,SDT,stall,9.090909e-03,1055,1055,256,1.0000,3,0,3,2.000000e-02,2.2000,39.156575
ecg_115,ecg,256,10,PROPOSED,none,0.000000e+00,655,655,256,1.0000,0,0,0,0.000000e+00,0.0000,34.227382
ecg_115,ecg,256,10,SDT,unbounded,1.605263e-02,656,656,258,1.0078,0,0,0,0.000000e+00,0.0000,33.989426
ecg_115,ecg,256,10,SDT,fifo_drop,1.605263e-02,656,654,256,1.0000,2,2,0,0.000000e+00,0.0000,33.987467
ecg_115,ecg,256,10,SDT,stall,1.605263e-02,654,654,256,1.0000,8,0,8,1.625000e-02,1.0123,33.980750
ecg_115,ecg,256,20,PROPOSED,none,0.000000e+00,455,455,256,1.0000,0,0,0,0.000000e+00,0.0000,31.023537
ecg_115,ecg,256,20,SDT,unbounded,2.052632e-02,455,455,256,1.0000,0,0,0,0.000000e+00,0.0000,31.951551
ecg_115,ecg,256,20,SDT,fifo_drop,2.052632e-02,455,455,256,1.0000,0,0,0,0.000000e+00,0.0000,31.951551
ecg_115,ecg,256,20,SDT,stall,2.052632e-02,455,455,256,1.0000,0,0,0,0.000000e+00,0.0000,31.951551
ecg_115,ecg,512,2,PROPOSED,none,0.000000e+00,2511,2511,512,1.0000,0,0,0,0.000000e+00,0.0000,50.550901
ecg_115,ecg,512,2,SDT,unbounded,3.333333e-03,2518,2518,524,1.0234,0,0,0,0.000000e+00,0.0000,51.937129
ecg_115,ecg,512,2,SDT,fifo_drop,3.333333e-03,2518,2506,512,1.0000,12,12,0,0.000000e+00,0.0000,45.210621
ecg_115,ecg,512,2,SDT,stall,3.333333e-03,2506,2506,512,1.0000,15,0,15,1.250000e-02,3.7500,51.464780
ecg_115,ecg,512,5,PROPOSED,none,0.000000e+00,1311,1311,512,1.0000,0,0,0,0.000000e+00,0.0000,41.519556
ecg_115,ecg,512,5,SDT,unbounded,7.142857e-03,1312,1312,513,1.0020,0,0,0,0.000000e+00,0.0000,41.377348
ecg_115,ecg,512,5,SDT,fifo_drop,7.142857e-03,1312,1311,512,1.0000,1,1,0,0.000000e+00,0.0000,41.254139
ecg_115,ecg,512,5,SDT,stall,7.142857e-03,1311,1311,512,1.0000,4,0,4,1.500000e-02,2.1000,41.347156
ecg_115,ecg,512,10,PROPOSED,none,0.000000e+00,911,911,512,1.0000,0,0,0,0.000000e+00,0.0000,36.822762
ecg_115,ecg,512,10,SDT,unbounded,1.111111e-02,912,912,512,1.0000,0,0,0,0.000000e+00,0.0000,37.211350
ecg_115,ecg,512,10,SDT,fifo_drop,1.111111e-02,912,912,512,1.0000,0,0,0,0.000000e+00,0.0000,37.211350
ecg_115,ecg,512,10,SDT,stall,1.111111e-02,912,912,512,1.0000,0,0,0,0.000000e+00,0.0000,37.211350
ecg_115,ecg,512,20,PROPOSED,none,0.000000e+00,711,711,512,1.0000,0,0,0,0.000000e+00,0.0000,34.135706
ecg_115,ecg,512,20,SDT,unbounded,1.500000e-02,690,690,490,0.9570,0,0,0,0.000000e+00,0.0000,34.289343
ecg_115,ecg,512,20,SDT,fifo_drop,1.500000e-02,690,690,490,0.9570,0,0,0,0.000000e+00,0.0000,34.289343
ecg_115,ecg,512,20,SDT,stall,1.500000e-02,690,690,490,0.9570,0,0,0,0.000000e+00,0.0000,34.289343
ecg_118,ecg,64,2,PROPOSED,none,0.000000e+00,2063,2063,64,1.0000,0,0,0,0.000000e+00,0.0000,49.705171
ecg_118,ecg,64,2,SDT,unbounded,6.250000e-03,2062,2062,105,1.6406,0,0,0,0.000000e+00,0.0000,49.450402
ecg_118,ecg,64,2,SDT,fifo_drop,6.250000e-03,2062,2021,64,1.0000,41,41,0,0.000000e+00,0.0000,46.979416
ecg_118,ecg,64,2,SDT,stall,6.250000e-03,2022,2022,64,1.0000,64,0,64,9.500000e-02,15.2000,46.580206
ecg_118,ecg,64,5,PROPOSED,none,0.000000e+00,863,863,64,1.0000,0,0,0,0.000000e+00,0.0000,38.243024
ecg_118,ecg,64,5,SDT,unbounded,2.000000e-02,863,863,105,1.6406,0,0,0,0.000000e+00,0.0000,37.479859
ecg_118,ecg,64,5,SDT,fifo_drop,2.000000e-02,863,822,64,1.0000,41,41,0,0.000000e+00,0.0000,34.037540
ecg_118,ecg,64,5,SDT,stall,2.000000e-02,823,823,64,1.0000,132,0,132,2.790000e-01,13.9500,32.045185
ecg_118,ecg,64,10,PROPOSED,none,0.000000e+00,463,463,64,1.0000,0,0,0,0.000000e+00,0.0000,31.118628
ecg_118,ecg,64,10,SDT,unbounded,4.000000e-02,465,465,87,1.3594,0,0,0,0.000000e+00,0.0000,31.266728
ecg_118,ecg,64,10,SDT,fifo_drop,4.000000e-02,465,442,64,1.0000,23,23,0,0.000000e+00,0.0000,29.515661
ecg_118,ecg,64,10,SDT,stall,4.000000e-02,443,443,64,1.0000,103,0,103,3.275000e-01,8.1875,27.946152
ecg_118,ecg,64,20,PROPOSED,none,0.000000e+00,263,263,64,1.0000,0,0,0,0.000000e+00,0.0000,24.455520
ecg_118,ecg,64,20,SDT,unbounded,7.428571e-02,263,263,63,0.9844,0,0,0,0.000000e+00,0.0000,25.479416
ecg_118,ecg,64,20,SDT,fifo_drop,7.428571e-02,263,263,63,0.9844,0,0,0,0.000000e+00,0.0000,25.479416
ecg_118,ecg,64,20,SDT,stall,7.428571e-02,263,263,63,0.9844,0,0,0,0.000000e+00,0.0000,25.479416
ecg_118,ecg,128,2,PROPOSED,none,0.000000e+00,2127,2127,128,1.0000,0,0,0,0.000000e+00,0.0000,50.282449
ecg_118,ecg,128,2,SDT,unbounded,5.714286e-03,2126,2126,139,1.0859,0,0,0,0.000000e+00,0.0000,50.056309
ecg_118,ecg,128,2,SDT,fifo_drop,5.714286e-03,2126,2115,128,1.0000,11,11,0,0.000000e+00,0.0000,49.237003
ecg_118,ecg,128,2,SDT,stall,5.714286e-03,2117,2117,128,1.0000,16,0,16,8.250000e-02,14.4375,48.635181
ecg_118,ecg,128,5,PROPOSED,none,0.000000e+00,927,927,128,1.0000,0,0,0,0.000000e+00,0.0000,39.202304
ecg_118,ecg,128,5,SDT,unbounded,1.833333e-02,926,926,129,1.0078,0,0,0,0.000000e+00,0.0000,38.244622
ecg_118,ecg,128,5,SDT,fifo_drop,1.833333e-02,926,925,128,1.0000,1,1,0,0.000000e+00,0.0000,38.244653
ecg_118,ecg,128,5,SDT,stall,1.833333e-02,925,925,128,1.0000,1,0,1,3.250000e-02,1.7727,38.237099
ecg_118,ecg,128,10,PROPOSED,none,0.000000e+00,527,527,128,1.0000,0,0,0,0.000000e+00,0.0000,32.980715
ecg_118,ecg,128,10,SDT,unbounded,3.400000e-02,526,526,127,0.9922,0,0,0,0.000000e+00,0.0000,32.547231
ecg_118,ecg,128,10,SDT,fifo_drop,3.400000e-02,526,526,127,0.9922,0,0,0,0.000000e+00,0.0000,32.547231
ecg_118,ecg,128,10,SDT,stall,3.400000e-02,526,526,127,0.9922,0,0,0,0.000000e+00,0.0000,32.547231
ecg_118,ecg,128,20,PROPOSED,none,0.000000e+00,327,327,128,1.0000,0,0,0,0.000000e+00,0.0000,26.299282
ecg_118,ecg,128,20,SDT,unbounded,5.827586e-02,328,328,128,1.0000,0,0,0,0.000000e+00,0.0000,27.650678
ecg_118,ecg,128,20,SDT,fifo_drop,5.827586e-02,328,328,128,1.0000,0,0,0,0.000000e+00,0.0000,27.650678
ecg_118,ecg,128,20,SDT,stall,5.827586e-02,328,328,128,1.0000,0,0,0,0.000000e+00,0.0000,27.650678
ecg_118,ecg,256,2,PROPOSED,none,0.000000e+00,2255,2255,256,1.0000,0,0,0,0.000000e+00,0.0000,51.228607
ecg_118,ecg,256,2,SDT,unbounded,5.000000e-03,2251,2251,255,0.9961,0,0,0,0.000000e+00,0.0000,50.796882
ecg_118,ecg,256,2,SDT,fifo_drop,5.000000e-03,2251,2251,255,0.9961,0,0,0,0.000000e+00,0.0000,50.796882
ecg_118,ecg,256,2,SDT,stall,5.000000e-03,2251,2251,255,0.9961,0,0,0,0.000000e+00,0.0000,50.796882
ecg_118,ecg,256,5,PROPOSED,none,0.000000e+00,1055,1055,256,1.0000,0,0,0,0.000000e+00,0.0000,40.651237
ecg_118,ecg,256,5,SDT,unbounded,1.500000e-02,1041,1041,242,0.9453,0,0,0,0.000000e+00,0.0000,39.989918
ecg_118,ecg,256,5,SDT,fifo_drop,1.500000e-02,1041,1041,242,0.9453,0,0,0,0.000000e+00,0.0000,39.989918
ecg_118,ecg,256,5,SDT,stall,1.500000e-02,1041,1041,242,0.9453,0,0,0,0.000000e+00,0.0000,39.989918
ecg_118,ecg,256,10,PROPOSED,none,0.000000e+00,655,655,256,1.0000,0,0,0,0.000000e+00,0.0000,34.861902
ecg_118,ecg,256,10,SDT,unbounded,2.687500e-02,656,656,256,1.0000,0,0,0,0.000000e+00,0.0000,34.751437
ecg_118,ecg,256,10,SDT,fifo_drop,2.687500e-02,656,656,256,1.0000,0,0,0,0.000000e+00,0.0000,34.751437
ecg_118,ecg,256,10,SDT,stall,2.687500e-02,656,656,256,1.0000,0,0,0,0.000000e+00,0.0000,34.751437
ecg_118,ecg,256,20,PROPOSED,none,0.000000e+00,455,455,256,1.0000,0,0,0,0.000000e+00,0.0000,30.319822
ecg_118,ecg,256,20,SDT,unbounded,4.000000e-02,456,456,256,1.0000,0,0,0,0.000000e+00,0.0000,31.102186
ecg_118,ecg,256,20,SDT,fifo_drop,4.000000e-02,456,456,256,1.0000,0,0,0,0.000000e+00,0.0000,31.102186
ecg_118,ecg,256,20,SDT,stall,4.000000e-02,456,456,256,1.0000,0,0,0,0.000000e+00,0.0000,31.102186
ecg_118,ecg,512,2,PROPOSED,none,0.000000e+00,2511,2511,512,1.0000,0,0,0,0.000000e+00,0.0000,52.886377
ecg_118,ecg,512,2,SDT,unbounded,4.166667e-03,2512,2512,514,1.0039,0,0,0,0.000000e+00,0.0000,53.733794
ecg_118,ecg,512,2,SDT,fifo_drop,4.166667e-03,2512,2510,512,1.0000,2,2,0,0.000000e+00,0.0000,53.447716
ecg_118,ecg,512,2,SDT,stall,4.166667e-03,2510,2510,512,1.0000,2,0,2,1.000000e-02,2.4000,53.699763
ecg_118,ecg,512,5,PROPOSED,none,0.000000e+00,1311,1311,512,1.0000,0,0,0,0.000000e+00,0.0000,42.954519
ecg_118,ecg,512,5,SDT,unbounded,1.166667e-02,1311,1311,512,1.0000,0,0,0,0.000000e+00,0.0000,43.103522
ecg_118,ecg,512,5,SDT,fifo_drop,1.166667e-02,1311,1311,512,1.0000,0,0,0,0.000000e+00,0.0000,43.103522
ecg_118,ecg,512,5,SDT,stall,1.166667e-02,1311,1311,512,1.0000,0,0,0,0.000000e+00,0.0000,43.103522
ecg_118,ecg,512,10,PROPOSED,none,0.000000e+00,911,911,512,1.0000,0,0,0,0.000000e+00,0.0000,38.115270
ecg_118,ecg,512,10,SDT,unbounded,1.857143e-02,915,915,515,1.0059,0,0,0,0.000000e+00,0.0000,38.058494
ecg_118,ecg,512,10,SDT,fifo_drop,1.857143e-02,915,912,512,1.0000,3,3,0,0.000000e+00,0.0000,38.047049
ecg_118,ecg,512,10,SDT,stall,1.857143e-02,912,912,512,1.0000,6,0,6,8.333333e-02,4.4872,37.699878
ecg_118,ecg,512,20,PROPOSED,none,0.000000e+00,711,711,512,1.0000,0,0,0,0.000000e+00,0.0000,34.575859
ecg_118,ecg,512,20,SDT,unbounded,2.444444e-02,711,711,511,0.9980,0,0,0,0.000000e+00,0.0000,35.658156
ecg_118,ecg,512,20,SDT,fifo_drop,2.444444e-02,711,711,511,0.9980,0,0,0,0.000000e+00,0.0000,35.658156
ecg_118,ecg,512,20,SDT,stall,2.444444e-02,711,711,511,0.9980,0,0,0,0.000000e+00,0.0000,35.658156
ecg_119,ecg,64,2,PROPOSED,none,0.000000e+00,2063,2063,64,1.0000,0,0,0,0.000000e+00,0.0000,50.592257
ecg_119,ecg,64,2,SDT,unbounded,5.000000e-03,2020,2020,43,0.6719,0,0,0,0.000000e+00,0.0000,49.546349
ecg_119,ecg,64,2,SDT,fifo_drop,5.000000e-03,2020,2020,43,0.6719,0,0,0,0.000000e+00,0.0000,49.546349
ecg_119,ecg,64,2,SDT,stall,5.000000e-03,2020,2020,43,0.6719,0,0,0,0.000000e+00,0.0000,49.546349
ecg_119,ecg,64,5,PROPOSED,none,0.000000e+00,863,863,64,1.0000,0,0,0,0.000000e+00,0.0000,40.152344
ecg_119,ecg,64,5,SDT,unbounded,1.500000e-02,853,853,69,1.0781,0,0,0,0.000000e+00,0.0000,39.151769
ecg_119,ecg,64,5,SDT,fifo_drop,1.500000e-02,853,848,64,1.0000,5,5,0,0.000000e+00,0.0000,38.779908
ecg_119,ecg,64,5,SDT,stall,1.500000e-02,848,848,64,1.0000,9,0,9,1.850000e-01,12.3333,37.008031
ecg_119,ecg,64,10,PROPOSED,none,0.000000e+00,463,463,64,1.0000,0,0,0,0.000000e+00,0.0000,34.517379
ecg_119,ecg,64,10,SDT,unbounded,2.666667e-02,464,464,75,1.1719,0,0,0,0.000000e+00,0.0000,34.264479
ecg_119,ecg,64,10,SDT,fifo_drop,2.666667e-02,464,453,64,1.0000,11,11,0,0.000000e+00,0.0000,30.880059
ecg_119,ecg,64,10,SDT,stall,2.666667e-02,456,456,64,1.0000,33,0,33,2.712500e-01,10.1719,30.462243
ecg_119,ecg,64,20,PROPOSED,none,0.000000e+00,263,263,64,1.0000,0,0,0,0.000000e+00,0.0000,27.432784
ecg_119,ecg,64,20,SDT,unbounded,4.875000e-02,263,263,69,1.0781,0,0,0,0.000000e+00,0.0000,28.684962
ecg_119,ecg,64,20,SDT,fifo_drop,4.875000e-02,263,258,64,1.0000,5,5,0,0.000000e+00,0.0000,26.007144
ecg_119,ecg,64,20,SDT,stall,4.875000e-02,259,259,64,1.0000,31,0,31,3.825000e-01,7.8462,24.452943
ecg_119,ecg,128,2,PROPOSED,none,0.000000e+00,2127,2127,128,1.0000,0,0,0,0.000000e+00,0.0000,51.063810
ecg_119,ecg,128,2,SDT,unbounded,5.000000e-03,2140,2140,149,1.1641,0,0,0,0.000000e+00,0.0000,50.753438
ecg_119,ecg,128,2,SDT,fifo_drop,5.000000e-03,2140,2119,128,1.0000,21,21,0,0.000000e+00,0.0000,50.040834
ecg_119,ecg,128,2,SDT,stall,5.000000e-03,2118,2118,128,1.0000,25,0,25,8.250000e-02,16.5000,47.853350
ecg_119,ecg,128,5,PROPOSED,none,0.000000e+00,927,927,128,1.0000,0,0,0,0.000000e+00,0.0000,40.557083
ecg_119,ecg,128,5,SDT,unbounded,1.357143e-02,927,927,134,1.0469,0,0,0,0.000000e+00,0.0000,40.268654
ecg_119,ecg,128,5,SDT,fifo_drop,1.357143e-02,927,921,128,1.0000,6,6,0,0.000000e+00,0.0000,39.534224
ecg_119,ecg,128,5,SDT,stall,1.357143e-02,921,921,128,1.0000,10,0,10,2.712500e-01,19.9868,35.258931
ecg_119,ecg,128,10,PROPOSED,none,0.000000e+00,527,527,128,1.0000,0,0,0,0.000000e+00,0.0000,35.211330
ecg_119,ecg,128,10,SDT,unbounded,2.375000e-02,527,527,133,1.0391,0,0,0,0.000000e+00,0.0000,35.126379
ecg_119,ecg,128,10,SDT,fifo_drop,2.375000e-02,527,522,128,1.0000,5,5,0,0.000000e+00,0.0000,33.967416
ecg_119,ecg,128,10,SDT,stall,2.375000e-02,524,524,128,1.0000,16,0,16,1.850000e-01,7.7895,33.826446
ecg_119,ecg,128,20,PROPOSED,none,0.000000e+00,327,327,128,1.0000,0,0,0,0.000000e+00,0.0000,29.556189
ecg_119,ecg,128,20,SDT,unbounded,3.735294e-02,328,328,132,1.0312,0,0,0,0.000000e+00,0.0000,31.409289
ecg_119,ecg,128,20,SDT,fifo_drop,3.735294e-02,328,324,128,1.0000,4,4,0,0.000000e+00,0.0000,26.947278
ecg_119,ecg,128,20,SDT,stall,3.735294e-02,325,325,128,1.0000,23,0,23,1.850000e-01,4.9528,30.764524
ecg_119,ecg,256,2,PROPOSED,none,0.000000e+00,2255,2255,256,1.0000,0,0,0,0.000000e+00,0.0000,51.654591
ecg_119,ecg,256,2,SDT,unbounded,5.000000e-03,2256,2256,259,1.0117,0,0,0,0.000000e+00,0.0000,51.991481
ecg_119,ecg,256,2,SDT,fifo_drop,5.000000e-03,2256,2253,256,1.0000,3,3,0,0.000000e+00,0.0000,51.722126
ecg_119,ecg,256,2,SDT,stall,5.000000e-03,2252,2252,256,1.0000,4,0,4,1.500000e-02,3.0000,51.902876
ecg_119,ecg,256,5,PROPOSED,none,0.000000e+00,1055,1055,256,1.0000,0,0,0,0.000000e+00,0.0000,41.552535
ecg_119,ecg,256,5,SDT,unbounded,1.166667e-02,1067,1067,269,1.0508,0,0,0,0.000000e+00,0.0000,41.745988
ecg_119,ecg,256,5,SDT,fifo_drop,1.166667e-02,1067,1054,256,1.0000,13,13,0,0.000000e+00,0.0000,40.049854
ecg_119,ecg,256,5,SDT,stall,1.166667e-02,1055,1055,256,1.0000,16,0,16,2.712500e-01,23.2500,34.226750
ecg_119,ecg,256,10,PROPOSED,none,0.000000e+00,655,655,256,1.0000,0,0,0,0.000000e+00,0.0000,36.246093
ecg_119,ecg,256,10,SDT,unbounded,2.000000e-02,656,656,256,1.0000,0,0,0,0.000000e+00,0.0000,36.454346
ecg_119,ecg,256,10,SDT,fifo_drop,2.000000e-02,656,656,256,1.0000,0,0,0,0.000000e+00,0.0000,36.454346
ecg_119,ecg,256,10,SDT,stall,2.000000e-02,656,656,256,1.0000,0,0,0,0.000000e+00,0.0000,36.454346
ecg_119,ecg,256,20,PROPOSED,none,0.000000e+00,455,455,256,1.0000,0,0,0,0.000000e+00,0.0000,33.016691
ecg_119,ecg,256,20,SDT,unbounded,2.692308e-02,456,456,256,1.0000,0,0,0,0.000000e+00,0.0000,34.255514
ecg_119,ecg,256,20,SDT,fifo_drop,2.692308e-02,456,456,256,1.0000,0,0,0,0.000000e+00,0.0000,34.255514
ecg_119,ecg,256,20,SDT,stall,2.692308e-02,456,456,256,1.0000,0,0,0,0.000000e+00,0.0000,34.255514
ecg_119,ecg,512,2,PROPOSED,none,0.000000e+00,2511,2511,512,1.0000,0,0,0,0.000000e+00,0.0000,53.139165
ecg_119,ecg,512,2,SDT,unbounded,3.333333e-03,2587,2587,590,1.1523,0,0,0,0.000000e+00,0.0000,55.077217
ecg_119,ecg,512,2,SDT,fifo_drop,3.333333e-03,2587,2509,512,1.0000,78,78,0,0.000000e+00,0.0000,48.407010
ecg_119,ecg,512,2,SDT,stall,3.333333e-03,2509,2509,512,1.0000,105,0,105,8.250000e-02,24.7500,46.815202
ecg_119,ecg,512,5,PROPOSED,none,0.000000e+00,1311,1311,512,1.0000,0,0,0,0.000000e+00,0.0000,43.769422
ecg_119,ecg,512,5,SDT,unbounded,9.166667e-03,1312,1312,513,1.0020,0,0,0,0.000000e+00,0.0000,44.020874
ecg_119,ecg,512,5,SDT,fifo_drop,9.166667e-03,1312,1311,512,1.0000,1,1,0,0.000000e+00,0.0000,43.790041
ecg_119,ecg,512,5,SDT,stall,9.166667e-03,1312,1312,512,1.0000,1,0,1,1.600000e-02,1.7455,44.021616
ecg_119,ecg,512,10,PROPOSED,none,0.000000e+00,911,911,512,1.0000,0,0,0,0.000000e+00,0.0000,39.151679
ecg_119,ecg,512,10,SDT,unbounded,1.400000e-02,911,911,511,0.9980,0,0,0,0.000000e+00,0.0000,39.907698
ecg_119,ecg,512,10,SDT,fifo_drop,1.400000e-02,911,911,511,0.9980,0,0,0,0.000000e+00,0.0000,39.907698
ecg_119,ecg,512,10,SDT,stall,1.400000e-02,911,911,511,0.9980,0,0,0,0.000000e+00,0.0000,39.907698
ecg_119,ecg,512,20,PROPOSED,none,0.000000e+00,711,711,512,1.0000,0,0,0,0.000000e+00,0.0000,36.542971
ecg_119,ecg,512,20,SDT,unbounded,1.833333e-02,709,709,509,0.9941,0,0,0,0.000000e+00,0.0000,37.266765
ecg_119,ecg,512,20,SDT,fifo_drop,1.833333e-02,709,709,509,0.9941,0,0,0,0.000000e+00,0.0000,37.266765
ecg_119,ecg,512,20,SDT,stall,1.833333e-02,709,709,509,0.9941,0,0,0,0.000000e+00,0.0000,37.266765
ecg_122,ecg,64,2,PROPOSED,none,0.000000e+00,2063,2063,64,1.0000,0,0,0,0.000000e+00,0.0000,48.929188
ecg_122,ecg,64,2,SDT,unbounded,5.714286e-03,2063,2063,72,1.1250,0,0,0,0.000000e+00,0.0000,48.593013
ecg_122,ecg,64,2,SDT,fifo_drop,5.714286e-03,2063,2055,64,1.0000,8,8,0,0.000000e+00,0.0000,47.859337
ecg_122,ecg,64,2,SDT,stall,5.714286e-03,2055,2055,64,1.0000,16,0,16,4.250000e-02,7.4375,47.890746
ecg_122,ecg,64,5,PROPOSED,none,0.000000e+00,863,863,64,1.0000,0,0,0,0.000000e+00,0.0000,37.283430
ecg_122,ecg,64,5,SDT,unbounded,1.900000e-02,862,862,68,1.0625,0,0,0,0.000000e+00,0.0000,36.195430
ecg_122,ecg,64,5,SDT,fifo_drop,1.900000e-02,862,858,64,1.0000,4,4,0,0.000000e+00,0.0000,35.965367
ecg_122,ecg,64,5,SDT,stall,1.900000e-02,858,858,64,1.0000,13,0,13,4.833333e-02,2.5439,36.053907
ecg_122,ecg,64,10,PROPOSED,none,0.000000e+00,463,463,64,1.0000,0,0,0,0.000000e+00,0.0000,32.178555
ecg_122,ecg,64,10,SDT,unbounded,3.000000e-02,464,464,68,1.0625,0,0,0,0.000000e+00,0.0000,32.535330
ecg_122,ecg,64,10,SDT,fifo_drop,3.000000e-02,464,460,64,1.0000,4,4,0,0.000000e+00,0.0000,32.142138
ecg_122,ecg,64,10,SDT,stall,3.000000e-02,461,461,64,1.0000,11,0,11,5.333333e-02,1.7778,32.433305
ecg_122,ecg,64,20,PROPOSED,none,0.000000e+00,263,263,64,1.0000,0,0,0,0.000000e+00,0.0000,28.534185
ecg_122,ecg,64,20,SDT,unbounded,4.909091e-02,263,263,65,1.0156,0,0,0,0.000000e+00,0.0000,28.103200
ecg_122,ecg,64,20,SDT,fifo_drop,4.909091e-02,263,262,64,1.0000,1,1,0,0.000000e+00,0.0000,28.039848
ecg_122,ecg,64,20,SDT,stall,4.909091e-02,263,263,64,1.0000,1,0,1,4.812500e-02,0.9803,28.083689
ecg_122,ecg,128,2,PROPOSED,none,0.000000e+00,2127,2127,128,1.0000,0,0,0,0.000000e+00,0.0000,49.394006
ecg_122,ecg,128,2,SDT,unbounded,5.000000e-03,2115,2115,124,0.9688,0,0,0,0.000000e+00,0.0000,49.018711
ecg_122,ecg,128,2,SDT,fifo_drop,5.000000e-03,2115,2115,124,0.9688,0,0,0,0.000000e+00,0.0000,49.018711
ecg_122,ecg,128,2,SDT,stall,5.000000e-03,2115,2115,124,0.9688,0,0,0,0.000000e+00,0.0000,49.018711
ecg_122,ecg,128,5,PROPOSED,none,0.000000e+00,927,927,128,1.0000,0,0,0,0.000000e+00,0.0000,37.748281
ecg_122,ecg,128,5,SDT,unbounded,1.750000e-02,928,928,134,1.0469,0,0,0,0.000000e+00,0.0000,37.008223
ecg_122,ecg,128,5,SDT,fifo_drop,1.750000e-02,928,922,128,1.0000,6,6,0,0.000000e+00,0.0000,36.254950
ecg_122,ecg,128,5,SDT,stall,1.750000e-02,922,922,128,1.0000,15,0,15,9.500000e-02,5.4286,36.486936
ecg_122,ecg,128,10,PROPOSED,none,0.000000e+00,527,527,128,1.0000,0,0,0,0.000000e+00,0.0000,32.852879
ecg_122,ecg,128,10,SDT,unbounded,2.700000e-02,527,527,130,1.0156,0,0,0,0.000000e+00,0.0000,33.141414
ecg_122,ecg,128,10,SDT,fifo_drop,2.700000e-02,527,525,128,1.0000,2,2,0,0.000000e+00,0.0000,33.102633
ecg_122,ecg,128,10,SDT,stall,2.700000e-02,527,527,128,1.0000,23,0,23,5.333333e-02,1.9753,33.062368
ecg_122,ecg,128,20,PROPOSED,none,0.000000e+00,327,327,128,1.0000,0,0,0,0.000000e+00,0.0000,29.471514
ecg_122,ecg,128,20,SDT,unbounded,3.979167e-02,329,329,130,1.0156,0,0,0,0.000000e+00,0.0000,29.977133
ecg_122,ecg,128,20,SDT,fifo_drop,3.979167e-02,329,327,128,1.0000,2,2,0,0.000000e+00,0.0000,29.905816
ecg_122,ecg,128,20,SDT,stall,3.979167e-02,327,327,128,1.0000,8,0,8,8.416667e-02,2.1152,29.877748
ecg_122,ecg,256,2,PROPOSED,none,0.000000e+00,2255,2255,256,1.0000,0,0,0,0.000000e+00,0.0000,50.074828
ecg_122,ecg,256,2,SDT,unbounded,5.000000e-03,2244,2244,250,0.9766,0,0,0,0.000000e+00,0.0000,50.066755
ecg_122,ecg,256,2,SDT,fifo_drop,5.000000e-03,2244,2244,250,0.9766,0,0,0,0.000000e+00,0.0000,50.066755
ecg_122,ecg,256,2,SDT,stall,5.000000e-03,2244,2244,250,0.9766,0,0,0,0.000000e+00,0.0000,50.066755
ecg_122,ecg,256,5,PROPOSED,none,0.000000e+00,1055,1055,256,1.0000,0,0,0,0.000000e+00,0.0000,38.829953
ecg_122,ecg,256,5,SDT,unbounded,1.500000e-02,1047,1047,252,0.9844,0,0,0,0.000000e+00,0.0000,38.101087
ecg_122,ecg,256,5,SDT,fifo_drop,1.500000e-02,1047,1047,252,0.9844,0,0,0,0.000000e+00,0.0000,38.101087
ecg_122,ecg,256,5,SDT,stall,1.500000e-02,1047,1047,252,0.9844,0,0,0,0.000000e+00,0.0000,38.101087
ecg_122,ecg,256,10,PROPOSED,none,0.000000e+00,655,655,256,1.0000,0,0,0,0.000000e+00,0.0000,33.894874
ecg_122,ecg,256,10,SDT,unbounded,2.375000e-02,655,655,256,1.0000,0,0,0,0.000000e+00,0.0000,34.144927
ecg_122,ecg,256,10,SDT,fifo_drop,2.375000e-02,655,655,256,1.0000,0,0,0,0.000000e+00,0.0000,34.144927
ecg_122,ecg,256,10,SDT,stall,2.375000e-02,655,655,256,1.0000,0,0,0,0.000000e+00,0.0000,34.144927
ecg_122,ecg,256,20,PROPOSED,none,0.000000e+00,455,455,256,1.0000,0,0,0,0.000000e+00,0.0000,31.263336
ecg_122,ecg,256,20,SDT,unbounded,3.027778e-02,456,456,257,1.0039,0,0,0,0.000000e+00,0.0000,32.369548
ecg_122,ecg,256,20,SDT,fifo_drop,3.027778e-02,456,455,256,1.0000,1,1,0,0.000000e+00,0.0000,32.341439
ecg_122,ecg,256,20,SDT,stall,3.027778e-02,456,456,256,1.0000,6,0,6,4.666667e-02,1.5413,32.294079
ecg_122,ecg,512,2,PROPOSED,none,0.000000e+00,2511,2511,512,1.0000,0,0,0,0.000000e+00,0.0000,51.520958
ecg_122,ecg,512,2,SDT,unbounded,3.750000e-03,2511,2511,515,1.0059,0,0,0,0.000000e+00,0.0000,52.758321
ecg_122,ecg,512,2,SDT,fifo_drop,3.750000e-03,2511,2508,512,1.0000,3,3,0,0.000000e+00,0.0000,52.488017
ecg_122,ecg,512,2,SDT,stall,3.750000e-03,2508,2508,512,1.0000,10,0,10,3.500000e-02,9.3333,51.996451
ecg_122,ecg,512,5,PROPOSED,none,0.000000e+00,1311,1311,512,1.0000,0,0,0,0.000000e+00,0.0000,40.868121
ecg_122,ecg,512,5,SDT,unbounded,1.166667e-02,1318,1318,520,1.0156,0,0,0,0.000000e+00,0.0000,41.111400
ecg_122,ecg,512,5,SDT,fifo_drop,1.166667e-02,1318,1310,512,1.0000,8,8,0,0.000000e+00,0.0000,40.853660
ecg_122,ecg,512,5,SDT,stall,1.166667e-02,1310,1310,512,1.0000,20,0,20,4.833333e-02,4.1429,40.808123
ecg_122,ecg,512,10,PROPOSED,none,0.000000e+00,911,911,512,1.0000,0,0,0,0.000000e+00,0.0000,36.394546
ecg_122,ecg,512,10,SDT,unbounded,1.800000e-02,910,910,511,0.9980,0,0,0,0.000000e+00,0.0000,36.668276
ecg_122,ecg,512,10,SDT,fifo_drop,1.800000e-02,910,910,511,0.9980,0,0,0,0.000000e+00,0.0000,36.668276
ecg_122,ecg,512,10,SDT,stall,1.800000e-02,910,910,511,0.9980,0,0,0,0.000000e+00,0.0000,36.668276
ecg_122,ecg,512,20,PROPOSED,none,0.000000e+00,711,711,512,1.0000,0,0,0,0.000000e+00,0.0000,34.376160
ecg_122,ecg,512,20,SDT,unbounded,2.250000e-02,712,712,512,1.0000,0,0,0,0.000000e+00,0.0000,34.663005
ecg_122,ecg,512,20,SDT,fifo_drop,2.250000e-02,712,712,512,1.0000,0,0,0,0.000000e+00,0.0000,34.663005
ecg_122,ecg,512,20,SDT,stall,2.250000e-02,712,712,512,1.0000,0,0,0,0.000000e+00,0.0000,34.663005
ecg_201,ecg,64,2,PROPOSED,none,0.000000e+00,2063,2063,64,1.0000,0,0,0,0.000000e+00,0.0000,42.307702
ecg_201,ecg,64,2,SDT,unbounded,3.750000e-03,2063,2063,72,1.1250,0,0,0,0.000000e+00,0.0000,41.504500
ecg_201,ecg,64,2,SDT,fifo_drop,3.750000e-03,2063,2055,64,1.0000,8,8,0,0.000000e+00,0.0000,41.053716
ecg_201,ecg,64,2,SDT,stall,3.750000e-03,2055,2055,64,1.0000,15,0,15,2.500000e-02,6.6667,41.176425
ecg_201,ecg,64,5,PROPOSED,none,0.000000e+00,863,863,64,1.0000,0,0,0,0.000000e+00,0.0000,31.162720
ecg_201,ecg,64,5,SDT,unbounded,1.166667e-02,865,865,72,1.1250,0,0,0,0.000000e+00,0.0000,30.298397
ecg_201,ecg,64,5,SDT,fifo_drop,1.166667e-02,865,857,64,1.0000,8,8,0,0.000000e+00,0.0000,26.701784
ecg_201,ecg,64,5,SDT,stall,1.166667e-02,858,858,64,1.0000,21,0,21,8.700000e-02,7.4571,29.011185
ecg_201,ecg,64,10,PROPOSED,none,0.000000e+00,463,463,64,1.0000,0,0,0,0.000000e+00,0.0000,27.574243
ecg_201,ecg,64,10,SDT,unbounded,1.760000e-02,463,463,68,1.0625,0,0,0,0.000000e+00,0.0000,26.919575
ecg_201,ecg,64,10,SDT,fifo_drop,1.760000e-02,463,459,64,1.0000,4,4,0,0.000000e+00,0.0000,25.736156
ecg_201,ecg,64,10,SDT,stall,1.760000e-02,459,459,64,1.0000,15,0,15,1.108333e-01,6.2973,25.700036
ecg_201,ecg,64,20,PROPOSED,none,0.000000e+00,263,263,64,1.0000,0,0,0,0.000000e+00,0.0000,22.058566
ecg_201,ecg,64,20,SDT,unbounded,2.898305e-02,264,264,66,1.0312,0,0,0,0.000000e+00,0.0000,22.074136
ecg_201,ecg,64,20,SDT,fifo_drop,2.898305e-02,264,262,64,1.0000,2,2,0,0.000000e+00,0.0000,21.089884
ecg_201,ecg,64,20,SDT,stall,2.898305e-02,262,262,64,1.0000,9,0,9,4.750000e-02,1.6389,22.016362
ecg_201,ecg,128,2,PROPOSED,none,0.000000e+00,2127,2127,128,1.0000,0,0,0,0.000000e+00,0.0000,42.587388
ecg_201,ecg,128,2,SDT,unbounded,3.333333e-03,2245,2245,252,1.9688,0,0,0,0.000000e+00,0.0000,42.995877
ecg_201,ecg,128,2,SDT,fifo_drop,3.333333e-03,2245,2121,128,1.0000,124,124,0,0.000000e+00,0.0000,36.653737
ecg_201,ecg,128,2,SDT,stall,3.333333e-03,2121,2121,128,1.0000,192,0,192,4.000000e-02,12.0000,37.945752
ecg_201,ecg,128,5,PROPOSED,none,0.000000e+00,927,927,128,1.0000,0,0,0,0.000000e+00,0.0000,31.420404
ecg_201,ecg,128,5,SDT,unbounded,1.100000e-02,924,924,128,1.0000,0,0,0,0.000000e+00,0.0000,30.607327
ecg_201,ecg,128,5,SDT,fifo_drop,1.100000e-02,924,924,128,1.0000,0,0,0,0.000000e+00,0.0000,30.607327
ecg_201,ecg,128,5,SDT,stall,1.100000e-02,924,924,128,1.0000,0,0,0,0.000000e+00,0.0000,30.607327
ecg_201,ecg,128,10,PROPOSED,none,0.000000e+00,527,527,128,1.0000,0,0,0,0.000000e+00,0.0000,28.042608
ecg_201,ecg,128,10,SDT,unbounded,1.625000e-02,528,528,129,1.0078,0,0,0,0.000000e+00,0.0000,27.699803
ecg_201,ecg,128,10,SDT,fifo_drop,1.625000e-02,528,527,128,1.0000,1,1,0,0.000000e+00,0.0000,27.699776
ecg_201,ecg,128,10,SDT,stall,1.625000e-02,527,527,128,1.0000,5,0,5,1.300000e-02,0.8000,27.696690
ecg_201,ecg,128,20,PROPOSED,none,0.000000e+00,327,327,128,1.0000,0,0,0,0.000000e+00,0.0000,23.483715
ecg_201,ecg,128,20,SDT,unbounded,2.363636e-02,328,328,128,1.0000,0,0,0,0.000000e+00,0.0000,24.282796
ecg_201,ecg,128,20,SDT,fifo_drop,2.363636e-02,328,328,128,1.0000,0,0,0,0.000000e+00,0.0000,24.282796
ecg_201,ecg,128,20,SDT,stall,2.363636e-02,328,328,128,1.0000,0,0,0,0.000000e+00,0.0000,24.282796
ecg_201,ecg,256,2,PROPOSED,none,0.000000e+00,2255,2255,256,1.0000,0,0,0,0.000000e+00,0.0000,43.151387
ecg_201,ecg,256,2,SDT,unbounded,3.333333e-03,2245,2245,252,0.9844,0,0,0,0.000000e+00,0.0000,42.995877
ecg_201,ecg,256,2,SDT,fifo_drop,3.333333e-03,2245,2245,252,0.9844,0,0,0,0.000000e+00,0.0000,42.995877
ecg_201,ecg,256,2,SDT,stall,3.333333e-03,2245,2245,252,0.9844,0,0,0,0.000000e+00,0.0000,42.995877
ecg_201,ecg,256,5,PROPOSED,none,0.000000e+00,1055,1055,256,1.0000,0,0,0,0.000000e+00,0.0000,32.105462
ecg_201,ecg,256,5,SDT,unbounded,1.000000e-02,1058,1058,259,1.0117,0,0,0,0.000000e+00,0.0000,31.609239
ecg_201,ecg,256,5,SDT,fifo_drop,1.000000e-02,1058,1055,256,1.0000,3,3,0,0.000000e+00,0.0000,31.465186
ecg_201,ecg,256,5,SDT,stall,1.000000e-02,1055,1055,256,1.0000,4,0,4,2.000000e-02,2.0000,31.573870
ecg_201,ecg,256,10,PROPOSED,none,0.000000e+00,655,655,256,1.0000,0,0,0,0.000000e+00,0.0000,28.793486
ecg_201,ecg,256,10,SDT,unbounded,1.394737e-02,655,655,255,0.9961,0,0,0,0.000000e+00,0.0000,28.874791
ecg_201,ecg,256,10,SDT,fifo_drop,1.394737e-02,655,655,255,0.9961,0,0,0,0.000000e+00,0.0000,28.874791
ecg_201,ecg,256,10,SDT,stall,1.394737e-02,655,655,255,0.9961,0,0,0,0.000000e+00,0.0000,28.874791
ecg_201,ecg,256,20,PROPOSED,none,0.000000e+00,455,455,256,1.0000,0,0,0,0.000000e+00,0.0000,26.548090
ecg_201,ecg,256,20,SDT,unbounded,1.774194e-02,456,456,256,1.0000,0,0,0,0.000000e+00,0.0000,26.920690
ecg_201,ecg,256,20,SDT,fifo_drop,1.774194e-02,456,456,256,1.0000,0,0,0,0.000000e+00,0.0000,26.920690
ecg_201,ecg,256,20,SDT,stall,1.774194e-02,456,456,256,1.0000,0,0,0,0.000000e+00,0.0000,26.920690
ecg_201,ecg,512,2,PROPOSED,none,0.000000e+00,2511,2511,512,1.0000,0,0,0,0.000000e+00,0.0000,44.555859
ecg_201,ecg,512,2,SDT,unbounded,2.857143e-03,2511,2511,516,1.0078,0,0,0,0.000000e+00,0.0000,46.139741
ecg_201,ecg,512,2,SDT,fifo_drop,2.857143e-03,2511,2507,512,1.0000,4,4,0,0.000000e+00,0.0000,45.114990
ecg_201,ecg,512,2,SDT,stall,2.857143e-03,2507,2507,512,1.0000,4,0,4,7.500000e-03,2.6250,46.059677
ecg_201,ecg,512,5,PROPOSED,none,0.000000e+00,1311,1311,512,1.0000,0,0,0,0.000000e+00,0.0000,33.836327
ecg_201,ecg,512,5,SDT,unbounded,8.000000e-03,1311,1311,512,1.0000,0,0,0,0.000000e+00,0.0000,33.900921
ecg_201,ecg,512,5,SDT,fifo_drop,8.000000e-03,1311,1311,512,1.0000,0,0,0,0.000000e+00,0.0000,33.900921
ecg_201,ecg,512,5,SDT,stall,8.000000e-03,1311,1311,512,1.0000,0,0,0,0.000000e+00,0.0000,33.900921
ecg_201,ecg,512,10,PROPOSED,none,0.000000e+00,911,911,512,1.0000,0,0,0,0.000000e+00,0.0000,30.746563
ecg_201,ecg,512,10,SDT,unbounded,1.125000e-02,913,913,513,1.0020,0,0,0,0.000000e+00,0.0000,30.558116
ecg_201,ecg,512,10,SDT,fifo_drop,1.125000e-02,913,912,512,1.0000,1,1,0,0.000000e+00,0.0000,30.504057
ecg_201,ecg,512,10,SDT,stall,1.125000e-02,912,912,512,1.0000,6,0,6,1.357143e-02,1.2063,30.552913
ecg_201,ecg,512,20,PROPOSED,none,0.000000e+00,711,711,512,1.0000,0,0,0,0.000000e+00,0.0000,29.170016
ecg_201,ecg,512,20,SDT,unbounded,1.315789e-02,712,712,512,1.0000,0,0,0,0.000000e+00,0.0000,29.467515
ecg_201,ecg,512,20,SDT,fifo_drop,1.315789e-02,712,712,512,1.0000,0,0,0,0.000000e+00,0.0000,29.467515
ecg_201,ecg,512,20,SDT,stall,1.315789e-02,712,712,512,1.0000,0,0,0,0.000000e+00,0.0000,29.467515
ecg_205,ecg,64,2,PROPOSED,none,0.000000e+00,2063,2063,64,1.0000,0,0,0,0.000000e+00,0.0000,46.432247
ecg_205,ecg,64,2,SDT,unbounded,3.333333e-03,2197,2197,200,3.1250,0,0,0,0.000000e+00,0.0000,46.956541
ecg_205,ecg,64,2,SDT,fifo_drop,3.333333e-03,2197,2061,64,1.0000,136,136,0,0.000000e+00,0.0000,41.108205
ecg_205,ecg,64,2,SDT,stall,3.333333e-03,2061,2061,64,1.0000,198,0,198,8.750000e-02,26.2500,38.014192
ecg_205,ecg,64,5,PROPOSED,none,0.000000e+00,863,863,64,1.0000,0,0,0,0.000000e+00,0.0000,35.897429
ecg_205,ecg,64,5,SDT,unbounded,1.076923e-02,864,864,76,1.1875,0,0,0,0.000000e+00,0.0000,34.462635
ecg_205,ecg,64,5,SDT,fifo_drop,1.076923e-02,864,852,64,1.0000,12,12,0,0.000000e+00,0.0000,30.772475
ecg_205,ecg,64,5,SDT,stall,1.076923e-02,853,853,64,1.0000,31,0,31,1.387500e-01,12.8839,30.244612
ecg_205,ecg,64,10,PROPOSED,none,0.000000e+00,463,463,64,1.0000,0,0,0,0.000000e+00,0.0000,29.574328
ecg_205,ecg,64,10,SDT,unbounded,1.909091e-02,463,463,76,1.1875,0,0,0,0.000000e+00,0.0000,29.254586
ecg_205,ecg,64,10,SDT,fifo_drop,1.909091e-02,463,451,64,1.0000,12,12,0,0.000000e+00,0.0000,26.881112
ecg_205,ecg,64,10,SDT,stall,1.909091e-02,451,451,64,1.0000,49,0,49,3.211111e-01,16.8201,21.327205
ecg_205,ecg,64,20,PROPOSED,none,0.000000e+00,263,263,64,1.0000,0,0,0,0.000000e+00,0.0000,23.645408
ecg_205,ecg,64,20,SDT,unbounded,3.357143e-02,263,263,70,1.0938,0,0,0,0.000000e+00,0.0000,24.373355
ecg_205,ecg,64,20,SDT,fifo_drop,3.357143e-02,263,257,64,1.0000,6,6,0,0.000000e+00,0.0000,21.055553
ecg_205,ecg,64,20,SDT,stall,3.357143e-02,257,257,64,1.0000,31,0,31,1.690000e-01,5.0340,22.330708
ecg_205,ecg,128,2,PROPOSED,none,0.000000e+00,2127,2127,128,1.0000,0,0,0,0.000000e+00,0.0000,46.745861
ecg_205,ecg,128,2,SDT,unbounded,3.333333e-03,2197,2197,200,1.5625,0,0,0,0.000000e+00,0.0000,46.956541
ecg_205,ecg,128,2,SDT,fifo_drop,3.333333e-03,2197,2125,128,1.0000,72,72,0,0.000000e+00,0.0000,41.155722
ecg_205,ecg,128,2,SDT,stall,3.333333e-03,2125,2125,128,1.0000,108,0,108,7.750000e-02,23.2500,39.910577
ecg_205,ecg,128,5,PROPOSED,none,0.000000e+00,927,927,128,1.0000,0,0,0,0.000000e+00,0.0000,36.422588
ecg_205,ecg,128,5,SDT,unbounded,9.285714e-03,927,927,135,1.0547,0,0,0,0.000000e+00,0.0000,35.864145
ecg_205,ecg,128,5,SDT,fifo_drop,9.285714e-03,927,920,128,1.0000,7,7,0,0.000000e+00,0.0000,35.114077
ecg_205,ecg,128,5,SDT,stall,9.285714e-03,921,921,128,1.0000,22,0,22,1.300000e-01,14.0000,32.606279
ecg_205,ecg,128,10,PROPOSED,none,0.000000e+00,527,527,128,1.0000,0,0,0,0.000000e+00,0.0000,30.476701
ecg_205,ecg,128,10,SDT,unbounded,1.761905e-02,528,528,140,1.0938,0,0,0,0.000000e+00,0.0000,30.142302
ecg_205,ecg,128,10,SDT,fifo_drop,1.761905e-02,528,516,128,1.0000,12,12,0,0.000000e+00,0.0000,28.785329
ecg_205,ecg,128,10,SDT,stall,1.761905e-02,517,517,128,1.0000,32,0,32,1.387500e-01,7.8750,27.132666
ecg_205,ecg,128,20,PROPOSED,none,0.000000e+00,327,327,128,1.0000,0,0,0,0.000000e+00,0.0000,25.146446
ecg_205,ecg,128,20,SDT,unbounded,2.750000e-02,326,326,132,1.0312,0,0,0,0.000000e+00,0.0000,26.243490
ecg_205,ecg,128,20,SDT,fifo_drop,2.750000e-02,326,322,128,1.0000,4,4,0,0.000000e+00,0.0000,24.561588
ecg_205,ecg,128,20,SDT,stall,2.750000e-02,323,323,128,1.0000,14,0,14,1.690000e-01,6.1455,23.500482
ecg_205,ecg,256,2,PROPOSED,none,0.000000e+00,2255,2255,256,1.0000,0,0,0,0.000000e+00,0.0000,47.382650
ecg_205,ecg,256,2,SDT,unbounded,3.333333e-03,2197,2197,200,0.7812,0,0,0,0.000000e+00,0.0000,46.956541
ecg_205,ecg,256,2,SDT,fifo_drop,3.333333e-03,2197,2197,200,0.7812,0,0,0,0.000000e+00,0.0000,46.956541
ecg_205,ecg,256,2,SDT,stall,3.333333e-03,2197,2197,200,0.7812,0,0,0,0.000000e+00,0.0000,46.956541
ecg_205,ecg,256,5,PROPOSED,none,0.000000e+00,1055,1055,256,1.0000,0,0,0,0.000000e+00,0.0000,37.581658
ecg_205,ecg,256,5,SDT,unbounded,8.000000e-03,1055,1055,257,1.0039,0,0,0,0.000000e+00,0.0000,37.602034
ecg_205,ecg,256,5,SDT,fifo_drop,8.000000e-03,1055,1054,256,1.0000,1,1,0,0.000000e+00,0.0000,37.553619
ecg_205,ecg,256,5,SDT,stall,8.000000e-03,1055,1055,256,1.0000,2,0,2,1.875000e-02,2.3437,37.564642
ecg_205,ecg,256,10,PROPOSED,none,0.000000e+00,655,655,256,1.0000,0,0,0,0.000000e+00,0.0000,31.603439
ecg_205,ecg,256,10,SDT,unbounded,1.444444e-02,655,655,257,1.0039,0,0,0,0.000000e+00,0.0000,31.612111
ecg_205,ecg,256,10,SDT,fifo_drop,1.444444e-02,655,654,256,1.0000,1,1,0,0.000000e+00,0.0000,31.613319
ecg_205,ecg,256,10,SDT,stall,1.444444e-02,655,655,256,1.0000,1,0,1,1.357143e-02,0.9396,31.591221
ecg_205,ecg,256,20,PROPOSED,none,0.000000e+00,455,455,256,1.0000,0,0,0,0.000000e+00,0.0000,29.094641
ecg_205,ecg,256,20,SDT,unbounded,1.936170e-02,456,456,256,1.0000,0,0,0,0.000000e+00,0.0000,29.131818
ecg_205,ecg,256,20,SDT,fifo_drop,1.936170e-02,456,456,256,1.0000,0,0,0,0.000000e+00,0.0000,29.131818
ecg_205,ecg,256,20,SDT,stall,1.936170e-02,456,456,256,1.0000,0,0,0,0.000000e+00,0.0000,29.131818
ecg_205,ecg,512,2,PROPOSED,none,0.000000e+00,2511,2511,512,1.0000,0,0,0,0.000000e+00,0.0000,48.793445
ecg_205,ecg,512,2,SDT,unbounded,2.500000e-03,2494,2494,497,0.9707,0,0,0,0.000000e+00,0.0000,49.906920
ecg_205,ecg,512,2,SDT,fifo_drop,2.500000e-03,2494,2494,497,0.9707,0,0,0,0.000000e+00,0.0000,49.906920
ecg_205,ecg,512,2,SDT,stall,2.500000e-03,2494,2494,497,0.9707,0,0,0,0.000000e+00,0.0000,49.906920
ecg_205,ecg,512,5,PROPOSED,none,0.000000e+00,1311,1311,512,1.0000,0,0,0,0.000000e+00,0.0000,39.729884
ecg_205,ecg,512,5,SDT,unbounded,6.250000e-03,1310,1310,511,0.9980,0,0,0,0.000000e+00,0.0000,39.924337
ecg_205,ecg,512,5,SDT,fifo_drop,6.250000e-03,1310,1310,511,0.9980,0,0,0,0.000000e+00,0.0000,39.924337
ecg_205,ecg,512,5,SDT,stall,6.250000e-03,1310,1310,511,0.9980,0,0,0,0.000000e+00,0.0000,39.924337
ecg_205,ecg,512,10,PROPOSED,none,0.000000e+00,911,911,512,1.0000,0,0,0,0.000000e+00,0.0000,35.118589
ecg_205,ecg,512,10,SDT,unbounded,1.000000e-02,912,912,512,1.0000,0,0,0,0.000000e+00,0.0000,35.434153
ecg_205,ecg,512,10,SDT,fifo_drop,1.000000e-02,912,912,512,1.0000,0,0,0,0.000000e+00,0.0000,35.434153
ecg_205,ecg,512,10,SDT,stall,1.000000e-02,912,912,512,1.0000,0,0,0,0.000000e+00,0.0000,35.434153
ecg_205,ecg,512,20,PROPOSED,none,0.000000e+00,711,711,512,1.0000,0,0,0,0.000000e+00,0.0000,32.425223
ecg_205,ecg,512,20,SDT,unbounded,1.357143e-02,711,711,511,0.9980,0,0,0,0.000000e+00,0.0000,32.191136
ecg_205,ecg,512,20,SDT,fifo_drop,1.357143e-02,711,711,511,0.9980,0,0,0,0.000000e+00,0.0000,32.191136
ecg_205,ecg,512,20,SDT,stall,1.357143e-02,711,711,511,0.9980,0,0,0,0.000000e+00,0.0000,32.191136
ecg_212,ecg,64,2,PROPOSED,none,0.000000e+00,2063,2063,64,1.0000,0,0,0,0.000000e+00,0.0000,41.467724
ecg_212,ecg,64,2,SDT,unbounded,5.000000e-03,2043,2043,63,0.9844,0,0,0,0.000000e+00,0.0000,40.986136
ecg_212,ecg,64,2,SDT,fifo_drop,5.000000e-03,2043,2043,63,0.9844,0,0,0,0.000000e+00,0.0000,40.986136
ecg_212,ecg,64,2,SDT,stall,5.000000e-03,2043,2043,63,0.9844,0,0,0,0.000000e+00,0.0000,40.986136
ecg_212,ecg,64,5,PROPOSED,none,0.000000e+00,863,863,64,1.0000,0,0,0,0.000000e+00,0.0000,29.723497
ecg_212,ecg,64,5,SDT,unbounded,1.833333e-02,866,866,80,1.2500,0,0,0,0.000000e+00,0.0000,28.680758
ecg_212,ecg,64,5,SDT,fifo_drop,1.833333e-02,866,850,64,1.0000,16,16,0,0.000000e+00,0.0000,26.417294
ecg_212,ecg,64,5,SDT,stall,1.833333e-02,852,852,64,1.0000,40,0,40,1.683333e-01,9.1818,25.940311
ecg_212,ecg,64,10,PROPOSED,none,0.000000e+00,463,463,64,1.0000,0,0,0,0.000000e+00,0.0000,25.225441
ecg_212,ecg,64,10,SDT,unbounded,3.000000e-02,461,461,66,1.0312,0,0,0,0.000000e+00,0.0000,24.727935
ecg_212,ecg,64,10,SDT,fifo_drop,3.000000e-02,461,459,64,1.0000,2,2,0,0.000000e+00,0.0000,24.629114
ecg_212,ecg,64,10,SDT,stall,3.000000e-02,459,459,64,1.0000,13,0,13,5.000000e-02,1.6667,24.524074
ecg_212,ecg,64,20,PROPOSED,none,0.000000e+00,263,263,64,1.0000,0,0,0,0.000000e+00,0.0000,17.123162
ecg_212,ecg,64,20,SDT,unbounded,5.744186e-02,264,264,66,1.0312,0,0,0,0.000000e+00,0.0000,18.143701
ecg_212,ecg,64,20,SDT,fifo_drop,5.744186e-02,264,262,64,1.0000,2,2,0,0.000000e+00,0.0000,15.759512
ecg_212,ecg,64,20,SDT,stall,5.744186e-02,263,263,64,1.0000,25,0,25,6.593750e-02,1.1479,17.747928
ecg_212,ecg,128,2,PROPOSED,none,0.000000e+00,2127,2127,128,1.0000,0,0,0,0.000000e+00,0.0000,41.958946
ecg_212,ecg,128,2,SDT,unbounded,5.000000e-03,2118,2118,126,0.9844,0,0,0,0.000000e+00,0.0000,41.621679
ecg_212,ecg,128,2,SDT,fifo_drop,5.000000e-03,2118,2118,126,0.9844,0,0,0,0.000000e+00,0.0000,41.621679
ecg_212,ecg,128,2,SDT,stall,5.000000e-03,2118,2118,126,0.9844,0,0,0,0.000000e+00,0.0000,41.621679
ecg_212,ecg,128,5,PROPOSED,none,0.000000e+00,927,927,128,1.0000,0,0,0,0.000000e+00,0.0000,30.157420
ecg_212,ecg,128,5,SDT,unbounded,1.750000e-02,930,930,136,1.0625,0,0,0,0.000000e+00,0.0000,29.132357
ecg_212,ecg,128,5,SDT,fifo_drop,1.750000e-02,930,922,128,1.0000,8,8,0,0.000000e+00,0.0000,28.301340
ecg_212,ecg,128,5,SDT,stall,1.750000e-02,922,922,128,1.0000,10,0,10,1.666667e-01,9.5238,28.073662
ecg_212,ecg,128,10,PROPOSED,none,0.000000e+00,527,527,128,1.0000,0,0,0,0.000000e+00,0.0000,25.779249
ecg_212,ecg,128,10,SDT,unbounded,2.666667e-02,527,527,130,1.0156,0,0,0,0.000000e+00,0.0000,25.714220
ecg_212,ecg,128,10,SDT,fifo_drop,2.666667e-02,527,525,128,1.0000,2,2,0,0.000000e+00,0.0000,22.860620
ecg_212,ecg,128,10,SDT,stall,2.666667e-02,526,526,128,1.0000,12,0,12,5.333333e-02,2.0000,25.372709
ecg_212,ecg,128,20,PROPOSED,none,0.000000e+00,327,327,128,1.0000,0,0,0,0.000000e+00,0.0000,19.042919
ecg_212,ecg,128,20,SDT,unbounded,4.400000e-02,328,328,128,1.0000,0,0,0,0.000000e+00,0.0000,20.824145
ecg_212,ecg,128,20,SDT,fifo_drop,4.400000e-02,328,328,128,1.0000,0,0,0,0.000000e+00,0.0000,20.824145
ecg_212,ecg,128,20,SDT,stall,4.400000e-02,328,328,128,1.0000,0,0,0,0.000000e+00,0.0000,20.824145
ecg_212,ecg,256,2,PROPOSED,none,0.000000e+00,2255,2255,256,1.0000,0,0,0,0.000000e+00,0.0000,42.569625
ecg_212,ecg,256,2,SDT,unbounded,5.000000e-03,2275,2275,281,1.0977,0,0,0,0.000000e+00,0.0000,43.166857
ecg_212,ecg,256,2,SDT,fifo_drop,5.000000e-03,2275,2250,256,1.0000,25,25,0,0.000000e+00,0.0000,40.646615
ecg_212,ecg,256,2,SDT,stall,5.000000e-03,2250,2250,256,1.0000,45,0,45,1.200000e-01,24.0000,39.201165
ecg_212,ecg,256,5,PROPOSED,none,0.000000e+00,1055,1055,256,1.0000,0,0,0,0.000000e+00,0.0000,30.976616
ecg_212,ecg,256,5,SDT,unbounded,1.500000e-02,1055,1055,257,1.0039,0,0,0,0.000000e+00,0.0000,30.212150
ecg_212,ecg,256,5,SDT,fifo_drop,1.500000e-02,1055,1054,256,1.0000,1,1,0,0.000000e+00,0.0000,30.000085
ecg_212,ecg,256,5,SDT,stall,1.500000e-02,1056,1056,256,1.0000,4,0,4,3.300000e-02,2.2000,30.172183
ecg_212,ecg,256,10,PROPOSED,none,0.000000e+00,655,655,256,1.0000,0,0,0,0.000000e+00,0.0000,26.973508
ecg_212,ecg,256,10,SDT,unbounded,2.250000e-02,654,654,254,0.9922,0,0,0,0.000000e+00,0.0000,27.057258
ecg_212,ecg,256,10,SDT,fifo_drop,2.250000e-02,654,654,254,0.9922,0,0,0,0.000000e+00,0.0000,27.057258
ecg_212,ecg,256,10,SDT,stall,2.250000e-02,654,654,254,0.9922,0,0,0,0.000000e+00,0.0000,27.057258
ecg_212,ecg,256,20,PROPOSED,none,0.000000e+00,455,455,256,1.0000,0,0,0,0.000000e+00,0.0000,22.900826
ecg_212,ecg,256,20,SDT,unbounded,3.000000e-02,453,453,253,0.9883,0,0,0,0.000000e+00,0.0000,24.722143
ecg_212,ecg,256,20,SDT,fifo_drop,3.000000e-02,453,453,253,0.9883,0,0,0,0.000000e+00,0.0000,24.722143
ecg_212,ecg,256,20,SDT,stall,3.000000e-02,453,453,253,0.9883,0,0,0,0.000000e+00,0.0000,24.722143
ecg_212,ecg,512,2,PROPOSED,none,0.000000e+00,2511,2511,512,1.0000,0,0,0,0.000000e+00,0.0000,44.063903
ecg_212,ecg,512,2,SDT,unbounded,3.333333e-03,2510,2510,513,1.0020,0,0,0,0.000000e+00,0.0000,45.393743
ecg_212,ecg,512,2,SDT,fifo_drop,3.333333e-03,2510,2509,512,1.0000,1,1,0,0.000000e+00,0.0000,45.338026
ecg_212,ecg,512,2,SDT,stall,3.333333e-03,2509,2509,512,1.0000,2,0,2,2.250000e-02,6.7500,45.188390
ecg_212,ecg,512,5,PROPOSED,none,0.000000e+00,1311,1311,512,1.0000,0,0,0,0.000000e+00,0.0000,32.833518
ecg_212,ecg,512,5,SDT,unbounded,1.166667e-02,1309,1309,509,0.9941,0,0,0,0.000000e+00,0.0000,33.063007
ecg_212,ecg,512,5,SDT,fifo_drop,1.166667e-02,1309,1309,509,0.9941,0,0,0,0.000000e+00,0.0000,33.063007
ecg_212,ecg,512,5,SDT,stall,1.166667e-02,1309,1309,509,0.9941,0,0,0,0.000000e+00,0.0000,33.063007
ecg_212,ecg,512,10,PROPOSED,none,0.000000e+00,911,911,512,1.0000,0,0,0,0.000000e+00,0.0000,29.138973
ecg_212,ecg,512,10,SDT,unbounded,1.785714e-02,912,912,512,1.0000,0,0,0,0.000000e+00,0.0000,28.949926
ecg_212,ecg,512,10,SDT,fifo_drop,1.785714e-02,912,912,512,1.0000,0,0,0,0.000000e+00,0.0000,28.949926
ecg_212,ecg,512,10,SDT,stall,1.785714e-02,912,912,512,1.0000,0,0,0,0.000000e+00,0.0000,28.949926
ecg_212,ecg,512,20,PROPOSED,none,0.000000e+00,711,711,512,1.0000,0,0,0,0.000000e+00,0.0000,27.194084
ecg_212,ecg,512,20,SDT,unbounded,2.166667e-02,711,711,511,0.9980,0,0,0,0.000000e+00,0.0000,27.505405
ecg_212,ecg,512,20,SDT,fifo_drop,2.166667e-02,711,711,511,0.9980,0,0,0,0.000000e+00,0.0000,27.505405
ecg_212,ecg,512,20,SDT,stall,2.166667e-02,711,711,511,0.9980,0,0,0,0.000000e+00,0.0000,27.505405
ecg_215,ecg,64,2,PROPOSED,none,0.000000e+00,2063,2063,64,1.0000,0,0,0,0.000000e+00,0.0000,38.571032
ecg_215,ecg,64,2,SDT,unbounded,6.000000e-03,2061,2061,74,1.1562,0,0,0,0.000000e+00,0.0000,38.117927
ecg_215,ecg,64,2,SDT,fifo_drop,6.000000e-03,2061,2051,64,1.0000,10,10,0,0.000000e+00,0.0000,37.511856
ecg_215,ecg,64,2,SDT,stall,6.000000e-03,2051,2051,64,1.0000,13,0,13,8.500000e-02,14.1667,36.996928
ecg_215,ecg,64,5,PROPOSED,none,0.000000e+00,863,863,64,1.0000,0,0,0,0.000000e+00,0.0000,26.548836
ecg_215,ecg,64,5,SDT,unbounded,1.961538e-02,865,865,84,1.3125,0,0,0,0.000000e+00,0.0000,26.032762
ecg_215,ecg,64,5,SDT,fifo_drop,1.961538e-02,865,845,64,1.0000,20,20,0,0.000000e+00,0.0000,25.278373
ecg_215,ecg,64,5,SDT,stall,1.961538e-02,846,846,64,1.0000,36,0,36,1.566667e-01,7.9869,24.265966
ecg_215,ecg,64,10,PROPOSED,none,0.000000e+00,463,463,64,1.0000,0,0,0,0.000000e+00,0.0000,21.497362
ecg_215,ecg,64,10,SDT,unbounded,3.239130e-02,464,464,69,1.0781,0,0,0,0.000000e+00,0.0000,21.759250
ecg_215,ecg,64,10,SDT,fifo_drop,3.239130e-02,464,459,64,1.0000,5,5,0,0.000000e+00,0.0000,20.887514
ecg_215,ecg,64,10,SDT,stall,3.239130e-02,459,459,64,1.0000,19,0,19,1.566667e-01,4.8367,20.945900
ecg_215,ecg,64,20,PROPOSED,none,0.000000e+00,263,263,64,1.0000,0,0,0,0.000000e+00,0.0000,14.386680
ecg_215,ecg,64,20,SDT,unbounded,5.507353e-02,263,263,64,1.0000,0,0,0,0.000000e+00,0.0000,16.805377
ecg_215,ecg,64,20,SDT,fifo_drop,5.507353e-02,263,263,64,1.0000,0,0,0,0.000000e+00,0.0000,16.805377
ecg_215,ecg,64,20,SDT,stall,5.507353e-02,263,263,64,1.0000,0,0,0,0.000000e+00,0.0000,16.805377
ecg_215,ecg,128,2,PROPOSED,none,0.000000e+00,2127,2127,128,1.0000,0,0,0,0.000000e+00,0.0000,38.862566
ecg_215,ecg,128,2,SDT,unbounded,5.000000e-03,2101,2101,112,0.8750,0,0,0,0.000000e+00,0.0000,38.468731
ecg_215,ecg,128,2,SDT,fifo_drop,5.000000e-03,2101,2101,112,0.8750,0,0,0,0.000000e+00,0.0000,38.468731
ecg_215,ecg,128,2,SDT,stall,5.000000e-03,2101,2101,112,0.8750,0,0,0,0.000000e+00,0.0000,38.468731
ecg_215,ecg,128,5,PROPOSED,none,0.000000e+00,927,927,128,1.0000,0,0,0,0.000000e+00,0.0000,26.954260
ecg_215,ecg,128,5,SDT,unbounded,1.833333e-02,928,928,135,1.0547,0,0,0,0.000000e+00,0.0000,26.519889
ecg_215,ecg,128,5,SDT,fifo_drop,1.833333e-02,928,921,128,1.0000,7,7,0,0.000000e+00,0.0000,26.404137
ecg_215,ecg,128,5,SDT,stall,1.833333e-02,922,922,128,1.0000,10,0,10,1.566667e-01,8.5455,25.186709
ecg_215,ecg,128,10,PROPOSED,none,0.000000e+00,527,527,128,1.0000,0,0,0,0.000000e+00,0.0000,22.292770
ecg_215,ecg,128,10,SDT,unbounded,2.900000e-02,529,529,131,1.0234,0,0,0,0.000000e+00,0.0000,22.476273
ecg_215,ecg,128,10,SDT,fifo_drop,2.900000e-02,529,526,128,1.0000,3,3,0,0.000000e+00,0.0000,22.320782
ecg_215,ecg,128,10,SDT,stall,2.900000e-02,526,526,128,1.0000,9,0,9,1.566667e-01,5.4023,22.009325
ecg_215,ecg,128,20,PROPOSED,none,0.000000e+00,327,327,128,1.0000,0,0,0,0.000000e+00,0.0000,15.541401
ecg_215,ecg,128,20,SDT,unbounded,4.600000e-02,328,328,128,1.0000,0,0,0,0.000000e+00,0.0000,18.390672
ecg_215,ecg,128,20,SDT,fifo_drop,4.600000e-02,328,328,128,1.0000,0,0,0,0.000000e+00,0.0000,18.390672
ecg_215,ecg,128,20,SDT,stall,4.600000e-02,328,328,128,1.0000,0,0,0,0.000000e+00,0.0000,18.390672
ecg_215,ecg,256,2,PROPOSED,none,0.000000e+00,2255,2255,256,1.0000,0,0,0,0.000000e+00,0.0000,39.482422
ecg_215,ecg,256,2,SDT,unbounded,5.000000e-03,2254,2254,259,1.0117,0,0,0,0.000000e+00,0.0000,39.856977
ecg_215,ecg,256,2,SDT,fifo_drop,5.000000e-03,2254,2251,256,1.0000,3,3,0,0.000000e+00,0.0000,39.684175
ecg_215,ecg,256,2,SDT,stall,5.000000e-03,2251,2251,256,1.0000,4,0,4,8.500000e-02,17.0000,38.852762
ecg_215,ecg,256,5,PROPOSED,none,0.000000e+00,1055,1055,256,1.0000,0,0,0,0.000000e+00,0.0000,27.614532
ecg_215,ecg,256,5,SDT,unbounded,1.642857e-02,1054,1054,255,0.9961,0,0,0,0.000000e+00,0.0000,27.403982
ecg_215,ecg,256,5,SDT,fifo_drop,1.642857e-02,1054,1054,255,0.9961,0,0,0,0.000000e+00,0.0000,27.403982
ecg_215,ecg,256,5,SDT,stall,1.642857e-02,1054,1054,255,0.9961,0,0,0,0.000000e+00,0.0000,27.403982
ecg_215,ecg,256,10,PROPOSED,none,0.000000e+00,655,655,256,1.0000,0,0,0,0.000000e+00,0.0000,23.547658
ecg_215,ecg,256,10,SDT,unbounded,2.500000e-02,655,655,255,0.9961,0,0,0,0.000000e+00,0.0000,23.866322
ecg_215,ecg,256,10,SDT,fifo_drop,2.500000e-02,655,655,255,0.9961,0,0,0,0.000000e+00,0.0000,23.866322
ecg_215,ecg,256,10,SDT,stall,2.500000e-02,655,655,255,0.9961,0,0,0,0.000000e+00,0.0000,23.866322
ecg_215,ecg,256,20,PROPOSED,none,0.000000e+00,455,455,256,1.0000,0,0,0,0.000000e+00,0.0000,19.291905
ecg_215,ecg,256,20,SDT,unbounded,3.333333e-02,454,454,254,0.9922,0,0,0,0.000000e+00,0.0000,21.465216
ecg_215,ecg,256,20,SDT,fifo_drop,3.333333e-02,454,454,254,0.9922,0,0,0,0.000000e+00,0.0000,21.465216
ecg_215,ecg,256,20,SDT,stall,3.333333e-02,454,454,254,0.9922,0,0,0,0.000000e+00,0.0000,21.465216
ecg_215,ecg,512,2,PROPOSED,none,0.000000e+00,2511,2511,512,1.0000,0,0,0,0.000000e+00,0.0000,40.999609
ecg_215,ecg,512,2,SDT,unbounded,3.750000e-03,2510,2510,514,1.0039,0,0,0,0.000000e+00,0.0000,42.488480
ecg_215,ecg,512,2,SDT,fifo_drop,3.750000e-03,2510,2508,512,1.0000,2,2,0,0.000000e+00,0.0000,42.248237
ecg_215,ecg,512,2,SDT,stall,3.750000e-03,2508,2508,512,1.0000,3,0,3,2.250000e-02,6.0000,42.256915
ecg_215,ecg,512,5,PROPOSED,none,0.000000e+00,1311,1311,512,1.0000,0,0,0,0.000000e+00,0.0000,29.531401
ecg_215,ecg,512,5,SDT,unbounded,1.227273e-02,1312,1312,512,1.0000,0,0,0,0.000000e+00,0.0000,29.922166
ecg_215,ecg,512,5,SDT,fifo_drop,1.227273e-02,1312,1312,512,1.0000,0,0,0,0.000000e+00,0.0000,29.922166
ecg_215,ecg,512,5,SDT,stall,1.227273e-02,1312,1312,512,1.0000,0,0,0,0.000000e+00,0.0000,29.922166
ecg_215,ecg,512,10,PROPOSED,none,0.000000e+00,911,911,512,1.0000,0,0,0,0.000000e+00,0.0000,26.350354
ecg_215,ecg,512,10,SDT,unbounded,1.833333e-02,917,917,517,1.0098,0,0,0,0.000000e+00,0.0000,26.373620
ecg_215,ecg,512,10,SDT,fifo_drop,1.833333e-02,917,912,512,1.0000,5,5,0,0.000000e+00,0.0000,23.528659
ecg_215,ecg,512,10,SDT,stall,1.833333e-02,912,912,512,1.0000,14,0,14,1.566667e-01,8.5455,25.282143
ecg_215,ecg,512,20,PROPOSED,none,0.000000e+00,711,711,512,1.0000,0,0,0,0.000000e+00,0.0000,24.249163
ecg_215,ecg,512,20,SDT,unbounded,2.312500e-02,712,712,512,1.0000,0,0,0,0.000000e+00,0.0000,24.453608
ecg_215,ecg,512,20,SDT,fifo_drop,2.312500e-02,712,712,512,1.0000,0,0,0,0.000000e+00,0.0000,24.453608
ecg_215,ecg,512,20,SDT,stall,2.312500e-02,712,712,512,1.0000,0,0,0,0.000000e+00,0.0000,24.453608
ecg_228,ecg,64,2,PROPOSED,none,0.000000e+00,2063,2063,64,1.0000,0,0,0,0.000000e+00,0.0000,40.127600
ecg_228,ecg,64,2,SDT,unbounded,5.000000e-03,2067,2067,72,1.1250,0,0,0,0.000000e+00,0.0000,39.696316
ecg_228,ecg,64,2,SDT,fifo_drop,5.000000e-03,2067,2059,64,1.0000,8,8,0,0.000000e+00,0.0000,38.822785
ecg_228,ecg,64,2,SDT,stall,5.000000e-03,2060,2060,64,1.0000,9,0,9,2.750000e-02,5.5000,39.464188
ecg_228,ecg,64,5,PROPOSED,none,0.000000e+00,863,863,64,1.0000,0,0,0,0.000000e+00,0.0000,28.840995
ecg_228,ecg,64,5,SDT,unbounded,1.750000e-02,863,863,75,1.1719,0,0,0,0.000000e+00,0.0000,27.818353
ecg_228,ecg,64,5,SDT,fifo_drop,1.750000e-02,863,852,64,1.0000,11,11,0,0.000000e+00,0.0000,26.580557
ecg_228,ecg,64,5,SDT,stall,1.750000e-02,852,852,64,1.0000,33,0,33,1.425000e-01,8.1429,26.748872
ecg_228,ecg,64,10,PROPOSED,none,0.000000e+00,463,463,64,1.0000,0,0,0,0.000000e+00,0.0000,23.432723
ecg_228,ecg,64,10,SDT,unbounded,3.000000e-02,462,462,70,1.0938,0,0,0,0.000000e+00,0.0000,23.012908
ecg_228,ecg,64,10,SDT,fifo_drop,3.000000e-02,462,456,64,1.0000,6,6,0,0.000000e+00,0.0000,22.971563
ecg_228,ecg,64,10,SDT,stall,3.000000e-02,456,456,64,1.0000,22,0,22,5.000000e-02,1.6667,22.880197
ecg_228,ecg,64,20,PROPOSED,none,0.000000e+00,263,263,64,1.0000,0,0,0,0.000000e+00,0.0000,20.328386
ecg_228,ecg,64,20,SDT,unbounded,4.500000e-02,261,261,62,0.9688,0,0,0,0.000000e+00,0.0000,19.922376
ecg_228,ecg,64,20,SDT,fifo_drop,4.500000e-02,261,261,62,0.9688,0,0,0,0.000000e+00,0.0000,19.922376
ecg_228,ecg,64,20,SDT,stall,4.500000e-02,261,261,62,0.9688,0,0,0,0.000000e+00,0.0000,19.922376
ecg_228,ecg,128,2,PROPOSED,none,0.000000e+00,2127,2127,128,1.0000,0,0,0,0.000000e+00,0.0000,40.556719
ecg_228,ecg,128,2,SDT,unbounded,5.000000e-03,2153,2153,157,1.2266,0,0,0,0.000000e+00,0.0000,40.457039
ecg_228,ecg,128,2,SDT,fifo_drop,5.000000e-03,2153,2124,128,1.0000,29,29,0,0.000000e+00,0.0000,37.789922
ecg_228,ecg,128,2,SDT,stall,5.000000e-03,2125,2125,128,1.0000,43,0,43,4.500000e-02,9.0000,39.089620
ecg_228,ecg,128,5,PROPOSED,none,0.000000e+00,927,927,128,1.0000,0,0,0,0.000000e+00,0.0000,29.541164
ecg_228,ecg,128,5,SDT,unbounded,1.625000e-02,928,928,129,1.0078,0,0,0,0.000000e+00,0.0000,28.641647
ecg_228,ecg,128,5,SDT,fifo_drop,1.625000e-02,928,927,128,1.0000,1,1,0,0.000000e+00,0.0000,28.621570
ecg_228,ecg,128,5,SDT,stall,1.625000e-02,927,927,128,1.0000,1,0,1,1.500000e-02,0.9231,28.637272
ecg_228,ecg,128,10,PROPOSED,none,0.000000e+00,527,527,128,1.0000,0,0,0,0.000000e+00,0.0000,24.121066
ecg_228,ecg,128,10,SDT,unbounded,2.756098e-02,527,527,129,1.0078,0,0,0,0.000000e+00,0.0000,23.872404
ecg_228,ecg,128,10,SDT,fifo_drop,2.756098e-02,527,526,128,1.0000,1,1,0,0.000000e+00,0.0000,23.863623
ecg_228,ecg,128,10,SDT,stall,2.756098e-02,526,526,128,1.0000,6,0,6,4.100000e-02,1.4876,23.825600
ecg_228,ecg,128,20,PROPOSED,none,0.000000e+00,327,327,128,1.0000,0,0,0,0.000000e+00,0.0000,20.872423
ecg_228,ecg,128,20,SDT,unbounded,3.880000e-02,328,328,129,1.0078,0,0,0,0.000000e+00,0.0000,21.095528
ecg_228,ecg,128,20,SDT,fifo_drop,3.880000e-02,328,327,128,1.0000,1,1,0,0.000000e+00,0.0000,20.856383
ecg_228,ecg,128,20,SDT,stall,3.880000e-02,327,327,128,1.0000,1,0,1,3.666667e-02,0.9450,21.082945
ecg_228,ecg,256,2,PROPOSED,none,0.000000e+00,2255,2255,256,1.0000,0,0,0,0.000000e+00,0.0000,41.229157
ecg_228,ecg,256,2,SDT,unbounded,5.000000e-03,2267,2267,271,1.0586,0,0,0,0.000000e+00,0.0000,41.577137
ecg_228,ecg,256,2,SDT,fifo_drop,5.000000e-03,2267,2252,256,1.0000,15,15,0,0.000000e+00,0.0000,40.362701
ecg_228,ecg,256,2,SDT,stall,5.000000e-03,2253,2253,256,1.0000,23,0,23,4.500000e-02,9.0000,40.431341
ecg_228,ecg,256,5,PROPOSED,none,0.000000e+00,1055,1055,256,1.0000,0,0,0,0.000000e+00,0.0000,30.452095
ecg_228,ecg,256,5,SDT,unbounded,1.375000e-02,1056,1056,257,1.0039,0,0,0,0.000000e+00,0.0000,30.205999
ecg_228,ecg,256,5,SDT,fifo_drop,1.375000e-02,1056,1055,256,1.0000,1,1,0,0.000000e+00,0.0000,30.122566
ecg_228,ecg,256,5,SDT,stall,1.375000e-02,1055,1055,256,1.0000,1,0,1,1.500000e-02,1.0909,30.199728
ecg_228,ecg,256,10,PROPOSED,none,0.000000e+00,655,655,256,1.0000,0,0,0,0.000000e+00,0.0000,25.268859
ecg_228,ecg,256,10,SDT,unbounded,2.333333e-02,654,654,254,0.9922,0,0,0,0.000000e+00,0.0000,25.313744
ecg_228,ecg,256,10,SDT,fifo_drop,2.333333e-02,654,654,254,0.9922,0,0,0,0.000000e+00,0.0000,25.313744
ecg_228,ecg,256,10,SDT,stall,2.333333e-02,654,654,254,0.9922,0,0,0,0.000000e+00,0.0000,25.313744
ecg_228,ecg,256,20,PROPOSED,none,0.000000e+00,455,455,256,1.0000,0,0,0,0.000000e+00,0.0000,22.574258
ecg_228,ecg,256,20,SDT,unbounded,3.090909e-02,456,456,256,1.0000,0,0,0,0.000000e+00,0.0000,22.856548
ecg_228,ecg,256,20,SDT,fifo_drop,3.090909e-02,456,456,256,1.0000,0,0,0,0.000000e+00,0.0000,22.856548
ecg_228,ecg,256,20,SDT,stall,3.090909e-02,456,456,256,1.0000,0,0,0,0.000000e+00,0.0000,22.856548
ecg_228,ecg,512,2,PROPOSED,none,0.000000e+00,2511,2511,512,1.0000,0,0,0,0.000000e+00,0.0000,42.575841
ecg_228,ecg,512,2,SDT,unbounded,3.333333e-03,2514,2514,518,1.0117,0,0,0,0.000000e+00,0.0000,43.921390
ecg_228,ecg,512,2,SDT,fifo_drop,3.333333e-03,2514,2508,512,1.0000,6,6,0,0.000000e+00,0.0000,43.553717
ecg_228,ecg,512,2,SDT,stall,3.333333e-03,2509,2509,512,1.0000,6,0,6,4.500000e-02,13.5000,42.691677
ecg_228,ecg,512,5,PROPOSED,none,0.000000e+00,1311,1311,512,1.0000,0,0,0,0.000000e+00,0.0000,32.766462
ecg_228,ecg,512,5,SDT,unbounded,1.000000e-02,1309,1309,510,0.9961,0,0,0,0.000000e+00,0.0000,32.779298
ecg_228,ecg,512,5,SDT,fifo_drop,1.000000e-02,1309,1309,510,0.9961,0,0,0,0.000000e+00,0.0000,32.779298
ecg_228,ecg,512,5,SDT,stall,1.000000e-02,1309,1309,510,0.9961,0,0,0,0.000000e+00,0.0000,32.779298
ecg_228,ecg,512,10,PROPOSED,none,0.000000e+00,911,911,512,1.0000,0,0,0,0.000000e+00,0.0000,28.290623
ecg_228,ecg,512,10,SDT,unbounded,1.650000e-02,911,911,511,0.9980,0,0,0,0.000000e+00,0.0000,28.412885
ecg_228,ecg,512,10,SDT,fifo_drop,1.650000e-02,911,911,511,0.9980,0,0,0,0.000000e+00,0.0000,28.412885
ecg_228,ecg,512,10,SDT,stall,1.650000e-02,911,911,511,0.9980,0,0,0,0.000000e+00,0.0000,28.412885
ecg_228,ecg,512,20,PROPOSED,none,0.000000e+00,711,711,512,1.0000,0,0,0,0.000000e+00,0.0000,25.902614
ecg_228,ecg,512,20,SDT,unbounded,2.166667e-02,714,714,514,1.0039,0,0,0,0.000000e+00,0.0000,25.984176
ecg_228,ecg,512,20,SDT,fifo_drop,2.166667e-02,714,712,512,1.0000,2,2,0,0.000000e+00,0.0000,25.939408
ecg_228,ecg,512,20,SDT,stall,2.166667e-02,712,712,512,1.0000,7,0,7,7.550000e-02,3.4846,24.842305
Normal_3,vibration,64,2,PROPOSED,none,0.000000e+00,2063,2063,64,1.0000,0,0,0,0.000000e+00,0.0000,9.966812
Normal_3,vibration,64,2,SDT,unbounded,3.356950e-02,2064,2064,81,1.2656,0,0,0,0.000000e+00,0.0000,9.332730
Normal_3,vibration,64,2,SDT,fifo_drop,3.356950e-02,2064,2047,64,1.0000,17,17,0,0.000000e+00,0.0000,8.901463
Normal_3,vibration,64,2,SDT,stall,3.356950e-02,2047,2047,64,1.0000,30,0,30,2.266740e-01,6.7524,8.567301
Normal_3,vibration,64,5,PROPOSED,none,0.000000e+00,863,863,64,1.0000,0,0,0,0.000000e+00,0.0000,2.298267
Normal_3,vibration,64,5,SDT,unbounded,6.612988e-02,863,863,68,1.0625,0,0,0,0.000000e+00,0.0000,2.502128
Normal_3,vibration,64,5,SDT,fifo_drop,6.612988e-02,863,859,64,1.0000,4,4,0,0.000000e+00,0.0000,2.464263
Normal_3,vibration,64,5,SDT,stall,6.612988e-02,858,858,64,1.0000,8,0,8,1.307892e-01,1.9778,2.456696
Normal_3,vibration,64,10,PROPOSED,none,0.000000e+00,463,463,64,1.0000,0,0,0,0.000000e+00,0.0000,-0.242280
Normal_3,vibration,64,10,SDT,unbounded,8.438283e-02,464,464,65,1.0156,0,0,0,0.000000e+00,0.0000,0.656122
Normal_3,vibration,64,10,SDT,fifo_drop,8.438283e-02,464,463,64,1.0000,1,1,0,0.000000e+00,0.0000,0.647673
Normal_3,vibration,64,10,SDT,stall,8.438283e-02,463,463,64,1.0000,1,0,1,6.349417e-02,0.7525,0.664939
Normal_3,vibration,64,20,PROPOSED,none,0.000000e+00,263,263,64,1.0000,0,0,0,0.000000e+00,0.0000,-2.199756
Normal_3,vibration,64,20,SDT,unbounded,1.009484e-01,260,260,61,0.9531,0,0,0,0.000000e+00,0.0000,-0.384872
Normal_3,vibration,64,20,SDT,fifo_drop,1.009484e-01,260,260,61,0.9531,0,0,0,0.000000e+00,0.0000,-0.384872
Normal_3,vibration,64,20,SDT,stall,1.009484e-01,260,260,61,0.9531,0,0,0,0.000000e+00,0.0000,-0.384872
Normal_3,vibration,128,2,PROPOSED,none,0.000000e+00,2127,2127,128,1.0000,0,0,0,0.000000e+00,0.0000,10.188320
Normal_3,vibration,128,2,SDT,unbounded,3.169967e-02,2127,2127,130,1.0156,0,0,0,0.000000e+00,0.0000,9.936696
Normal_3,vibration,128,2,SDT,fifo_drop,3.169967e-02,2127,2125,128,1.0000,2,2,0,0.000000e+00,0.0000,9.893815
Normal_3,vibration,128,2,SDT,stall,3.169967e-02,2126,2126,128,1.0000,3,0,3,7.024750e-02,2.2160,9.898245
Normal_3,vibration,128,5,PROPOSED,none,0.000000e+00,927,927,128,1.0000,0,0,0,0.000000e+00,0.0000,2.538249
Normal_3,vibration,128,5,SDT,unbounded,6.339800e-02,927,927,131,1.0234,0,0,0,0.000000e+00,0.0000,2.756804
Normal_3,vibration,128,5,SDT,fifo_drop,6.339800e-02,927,924,128,1.0000,3,3,0,0.000000e+00,0.0000,2.722908
Normal_3,vibration,128,5,SDT,stall,6.339800e-02,922,922,128,1.0000,12,0,12,1.331065e-01,2.0995,2.722650
Normal_3,vibration,128,10,PROPOSED,none,0.000000e+00,527,527,128,1.0000,0,0,0,0.000000e+00,0.0000,0.117442
Normal_3,vibration,128,10,SDT,unbounded,8.151475e-02,529,529,129,1.0078,0,0,0,0.000000e+00,0.0000,0.988219
Normal_3,vibration,128,10,SDT,fifo_drop,8.151475e-02,529,528,128,1.0000,1,1,0,0.000000e+00,0.0000,1.008668
Normal_3,vibration,128,10,SDT,stall,8.151475e-02,528,528,128,1.0000,6,0,6,1.301425e-01,1.5966,0.995995
Normal_3,vibration,128,20,PROPOSED,none,0.000000e+00,327,327,128,1.0000,0,0,0,0.000000e+00,0.0000,-2.014331
Normal_3,vibration,128,20,SDT,unbounded,9.401836e-02,326,326,127,0.9922,0,0,0,0.000000e+00,0.0000,0.058047
Normal_3,vibration,128,20,SDT,fifo_drop,9.401836e-02,326,326,127,0.9922,0,0,0,0.000000e+00,0.0000,0.058047
Normal_3,vibration,128,20,SDT,stall,9.401836e-02,326,326,127,0.9922,0,0,0,0.000000e+00,0.0000,0.058047
Normal_3,vibration,256,2,PROPOSED,none,0.000000e+00,2255,2255,256,1.0000,0,0,0,0.000000e+00,0.0000,10.780222
Normal_3,vibration,256,2,SDT,unbounded,2.864367e-02,2255,2255,258,1.0078,0,0,0,0.000000e+00,0.0000,11.105180
Normal_3,vibration,256,2,SDT,fifo_drop,2.864367e-02,2255,2253,256,1.0000,2,2,0,0.000000e+00,0.0000,11.008922
Normal_3,vibration,256,2,SDT,stall,2.864367e-02,2254,2254,256,1.0000,4,0,4,1.251250e-01,4.3683,10.997523
Normal_3,vibration,256,5,PROPOSED,none,0.000000e+00,1055,1055,256,1.0000,0,0,0,0.000000e+00,0.0000,3.152212
Normal_3,vibration,256,5,SDT,unbounded,6.000983e-02,1056,1056,261,1.0195,0,0,0,0.000000e+00,0.0000,3.200609
Normal_3,vibration,256,5,SDT,fifo_drop,6.000983e-02,1056,1051,256,1.0000,5,5,0,0.000000e+00,0.0000,3.093081
Normal_3,vibration,256,5,SDT,stall,6.000983e-02,1051,1051,256,1.0000,9,0,9,1.686220e-01,2.8099,3.168144
Normal_3,vibration,256,10,PROPOSED,none,0.000000e+00,655,655,256,1.0000,0,0,0,0.000000e+00,0.0000,0.660914
Normal_3,vibration,256,10,SDT,unbounded,7.459912e-02,656,656,256,1.0000,0,0,0,0.000000e+00,0.0000,1.564189
Normal_3,vibration,256,10,SDT,fifo_drop,7.459912e-02,656,656,256,1.0000,0,0,0,0.000000e+00,0.0000,1.564189
Normal_3,vibration,256,10,SDT,stall,7.459912e-02,656,656,256,1.0000,0,0,0,0.000000e+00,0.0000,1.564189
Normal_3,vibration,256,20,PROPOSED,none,0.000000e+00,455,455,256,1.0000,0,0,0,0.000000e+00,0.0000,-1.194523
Normal_3,vibration,256,20,SDT,unbounded,8.493143e-02,455,455,255,0.9961,0,0,0,0.000000e+00,0.0000,0.587647
Normal_3,vibration,256,20,SDT,fifo_drop,8.493143e-02,455,455,255,0.9961,0,0,0,0.000000e+00,0.0000,0.587647
Normal_3,vibration,256,20,SDT,stall,8.493143e-02,455,455,255,0.9961,0,0,0,0.000000e+00,0.0000,0.587647
Normal_3,vibration,512,2,PROPOSED,none,0.000000e+00,2511,2511,512,1.0000,0,0,0,0.000000e+00,0.0000,12.248601
Normal_3,vibration,512,2,SDT,unbounded,2.338550e-02,2512,2512,514,1.0039,0,0,0,0.000000e+00,0.0000,13.493642
Normal_3,vibration,512,2,SDT,fifo_drop,2.338550e-02,2512,2510,512,1.0000,2,2,0,0.000000e+00,0.0000,13.322549
Normal_3,vibration,512,2,SDT,stall,2.338550e-02,2510,2510,512,1.0000,4,0,4,1.251250e-01,5.3505,13.305164
Normal_3,vibration,512,5,PROPOSED,none,0.000000e+00,1311,1311,512,1.0000,0,0,0,0.000000e+00,0.0000,4.437377
Normal_3,vibration,512,5,SDT,unbounded,5.152633e-02,1311,1311,511,0.9980,0,0,0,0.000000e+00,0.0000,4.473245
Normal_3,vibration,512,5,SDT,fifo_drop,5.152633e-02,1311,1311,511,0.9980,0,0,0,0.000000e+00,0.0000,4.473245
Normal_3,vibration,512,5,SDT,stall,5.152633e-02,1311,1311,511,0.9980,0,0,0,0.000000e+00,0.0000,4.473245
Normal_3,vibration,512,10,PROPOSED,none,0.000000e+00,911,911,512,1.0000,0,0,0,0.000000e+00,0.0000,2.244146
Normal_3,vibration,512,10,SDT,unbounded,6.375500e-02,913,913,513,1.0020,0,0,0,0.000000e+00,0.0000,2.720307
Normal_3,vibration,512,10,SDT,fifo_drop,6.375500e-02,913,912,512,1.0000,1,1,0,0.000000e+00,0.0000,2.695291
Normal_3,vibration,512,10,SDT,stall,6.375500e-02,912,912,512,1.0000,5,0,5,4.724733e-02,0.7411,2.720628
Normal_3,vibration,512,20,PROPOSED,none,0.000000e+00,711,711,512,1.0000,0,0,0,0.000000e+00,0.0000,0.632716
Normal_3,vibration,512,20,SDT,unbounded,7.282133e-02,712,712,512,1.0000,0,0,0,0.000000e+00,0.0000,1.702753
Normal_3,vibration,512,20,SDT,fifo_drop,7.282133e-02,712,712,512,1.0000,0,0,0,0.000000e+00,0.0000,1.702753
Normal_3,vibration,512,20,SDT,stall,7.282133e-02,712,712,512,1.0000,0,0,0,0.000000e+00,0.0000,1.702753
IR007_0,vibration,64,2,PROPOSED,none,0.000000e+00,2063,2063,64,1.0000,0,0,0,0.000000e+00,0.0000,12.838693
IR007_0,vibration,64,2,SDT,unbounded,1.202558e-01,2063,2063,73,1.1406,0,0,0,0.000000e+00,0.0000,12.131279
IR007_0,vibration,64,2,SDT,fifo_drop,1.202558e-01,2063,2054,64,1.0000,9,9,0,0.000000e+00,0.0000,11.859562
IR007_0,vibration,64,2,SDT,stall,1.202558e-01,2055,2055,64,1.0000,12,0,12,1.090590e+00,9.0689,11.335789
IR007_0,vibration,64,5,PROPOSED,none,0.000000e+00,863,863,64,1.0000,0,0,0,0.000000e+00,0.0000,3.189280
IR007_0,vibration,64,5,SDT,unbounded,3.158823e-01,864,864,69,1.0781,0,0,0,0.000000e+00,0.0000,3.353881
IR007_0,vibration,64,5,SDT,fifo_drop,3.158823e-01,864,859,64,1.0000,5,5,0,0.000000e+00,0.0000,3.323098
IR007_0,vibration,64,5,SDT,stall,3.158823e-01,859,859,64,1.0000,18,0,18,1.197525e+00,3.7910,3.258747
IR007_0,vibration,64,10,PROPOSED,none,0.000000e+00,463,463,64,1.0000,0,0,0,0.000000e+00,0.0000,-1.550121
IR007_0,vibration,64,10,SDT,unbounded,4.829643e-01,461,461,65,1.0156,0,0,0,0.000000e+00,0.0000,0.475787
IR007_0,vibration,64,10,SDT,fifo_drop,4.829643e-01,461,460,64,1.0000,1,1,0,0.000000e+00,0.0000,0.452456
IR007_0,vibration,64,10,SDT,stall,4.829643e-01,461,461,64,1.0000,5,0,5,2.111976e-01,0.4373,0.481139
IR007_0,vibration,64,20,PROPOSED,none,0.000000e+00,263,263,64,1.0000,0,0,0,0.000000e+00,0.0000,-3.828547
IR007_0,vibration,64,20,SDT,unbounded,6.176431e-01,265,265,68,1.0625,0,0,0,0.000000e+00,0.0000,-0.285912
IR007_0,vibration,64,20,SDT,fifo_drop,6.176431e-01,265,261,64,1.0000,4,4,0,0.000000e+00,0.0000,-0.406494
IR007_0,vibration,64,20,SDT,stall,6.176431e-01,261,261,64,1.0000,69,0,69,1.252213e+00,2.0274,-0.514952
IR007_0,vibration,128,2,PROPOSED,none,0.000000e+00,2127,2127,128,1.0000,0,0,0,0.000000e+00,0.0000,13.203896
IR007_0,vibration,128,2,SDT,unbounded,1.136503e-01,2127,2127,133,1.0391,0,0,0,0.000000e+00,0.0000,12.747082
IR007_0,vibration,128,2,SDT,fifo_drop,1.136503e-01,2127,2122,128,1.0000,5,5,0,0.000000e+00,0.0000,11.939676
IR007_0,vibration,128,2,SDT,stall,1.136503e-01,2122,2122,128,1.0000,10,0,10,3.992660e-01,3.5131,12.561241
IR007_0,vibration,128,5,PROPOSED,none,0.000000e+00,927,927,128,1.0000,0,0,0,0.000000e+00,0.0000,3.367330
IR007_0,vibration,128,5,SDT,unbounded,2.963280e-01,928,928,133,1.0391,0,0,0,0.000000e+00,0.0000,3.806201
IR007_0,vibration,128,5,SDT,fifo_drop,2.963280e-01,928,923,128,1.0000,5,5,0,0.000000e+00,0.0000,3.722417
IR007_0,vibration,128,5,SDT,stall,2.963280e-01,923,923,128,1.0000,8,0,8,1.197525e+00,4.0412,3.674250
IR007_0,vibration,128,10,PROPOSED,none,0.000000e+00,527,527,128,1.0000,0,0,0,0.000000e+00,0.0000,-0.850320
IR007_0,vibration,128,10,SDT,unbounded,4.485645e-01,528,528,132,1.0312,0,0,0,0.000000e+00,0.0000,0.964210
IR007_0,vibration,128,10,SDT,fifo_drop,4.485645e-01,528,524,128,1.0000,4,4,0,0.000000e+00,0.0000,0.883333
IR007_0,vibration,128,10,SDT,stall,4.485645e-01,525,525,128,1.0000,9,0,9,1.105966e+00,2.4656,0.934965
IR007_0,vibration,128,20,PROPOSED,none,0.000000e+00,327,327,128,1.0000,0,0,0,0.000000e+00,0.0000,-3.535353
IR007_0,vibration,128,20,SDT,unbounded,5.615705e-01,328,328,132,1.0312,0,0,0,0.000000e+00,0.0000,-0.076000
IR007_0,vibration,128,20,SDT,fifo_drop,5.615705e-01,328,324,128,1.0000,4,4,0,0.000000e+00,0.0000,-0.063197
IR007_0,vibration,128,20,SDT,stall,5.615705e-01,325,325,128,1.0000,8,0,8,1.150491e+00,2.0487,-0.149962
IR007_0,vibration,256,2,PROPOSED,none,0.000000e+00,2255,2255,256,1.0000,0,0,0,0.000000e+00,0.0000,13.942035
IR007_0,vibration,256,2,SDT,unbounded,1.011562e-01,2256,2256,258,1.0078,0,0,0,0.000000e+00,0.0000,14.085905
IR007_0,vibration,256,2,SDT,fifo_drop,1.011562e-01,2256,2254,256,1.0000,2,2,0,0.000000e+00,0.0000,13.782726
IR007_0,vibration,256,2,SDT,stall,1.011562e-01,2254,2254,256,1.0000,2,0,2,6.196085e-01,6.1253,13.917244
IR007_0,vibration,256,5,PROPOSED,none,0.000000e+00,1055,1055,256,1.0000,0,0,0,0.000000e+00,0.0000,4.008342
IR007_0,vibration,256,5,SDT,unbounded,2.697722e-01,1056,1056,259,1.0117,0,0,0,0.000000e+00,0.0000,4.716303
IR007_0,vibration,256,5,SDT,fifo_drop,2.697722e-01,1056,1053,256,1.0000,3,3,0,0.000000e+00,0.0000,4.597266
IR007_0,vibration,256,5,SDT,stall,2.697722e-01,1055,1055,256,1.0000,5,0,5,1.197525e+00,4.4390,4.631975
IR007_0,vibration,256,10,PROPOSED,none,0.000000e+00,655,655,256,1.0000,0,0,0,0.000000e+00,0.0000,0.270223
IR007_0,vibration,256,10,SDT,unbounded,3.805452e-01,654,654,256,1.0000,0,0,0,0.000000e+00,0.0000,1.825204
IR007_0,vibration,256,10,SDT,fifo_drop,3.805452e-01,654,654,256,1.0000,0,0,0,0.000000e+00,0.0000,1.825204
IR007_0,vibration,256,10,SDT,stall,3.805452e-01,654,654,256,1.0000,0,0,0,0.000000e+00,0.0000,1.825204
IR007_0,vibration,256,20,PROPOSED,none,0.000000e+00,455,455,256,1.0000,0,0,0,0.000000e+00,0.0000,-1.369257
IR007_0,vibration,256,20,SDT,unbounded,4.871436e-01,454,454,254,0.9922,0,0,0,0.000000e+00,0.0000,0.505525
IR007_0,vibration,256,20,SDT,fifo_drop,4.871436e-01,454,454,254,0.9922,0,0,0,0.000000e+00,0.0000,0.505525
IR007_0,vibration,256,20,SDT,stall,4.871436e-01,454,454,254,0.9922,0,0,0,0.000000e+00,0.0000,0.505525
IR007_0,vibration,512,2,PROPOSED,none,0.000000e+00,2511,2511,512,1.0000,0,0,0,0.000000e+00,0.0000,15.376016
IR007_0,vibration,512,2,SDT,unbounded,7.935000e-02,2512,2512,512,1.0000,0,0,0,0.000000e+00,0.0000,16.818755
IR007_0,vibration,512,2,SDT,fifo_drop,7.935000e-02,2512,2512,512,1.0000,0,0,0,0.000000e+00,0.0000,16.818755
IR007_0,vibration,512,2,SDT,stall,7.935000e-02,2512,2512,512,1.0000,0,0,0,0.000000e+00,0.0000,16.818755
IR007_0,vibration,512,5,PROPOSED,none,0.000000e+00,1311,1311,512,1.0000,0,0,0,0.000000e+00,0.0000,5.519818
IR007_0,vibration,512,5,SDT,unbounded,2.170784e-01,1312,1312,513,1.0020,0,0,0,0.000000e+00,0.0000,6.330198
IR007_0,vibration,512,5,SDT,fifo_drop,2.170784e-01,1312,1311,512,1.0000,1,1,0,0.000000e+00,0.0000,6.295881
IR007_0,vibration,512,5,SDT,stall,2.170784e-01,1311,1311,512,1.0000,3,0,3,4.002400e-01,1.8438,6.309001
IR007_0,vibration,512,10,PROPOSED,none,0.000000e+00,911,911,512,1.0000,0,0,0,0.000000e+00,0.0000,2.613496
IR007_0,vibration,512,10,SDT,unbounded,3.026951e-01,910,910,511,0.9980,0,0,0,0.000000e+00,0.0000,3.790152
IR007_0,vibration,512,10,SDT,fifo_drop,3.026951e-01,910,910,511,0.9980,0,0,0,0.000000e+00,0.0000,3.790152
IR007_0,vibration,512,10,SDT,stall,3.026951e-01,910,910,511,0.9980,0,0,0,0.000000e+00,0.0000,3.790152
IR007_0,vibration,512,20,PROPOSED,none,0.000000e+00,711,711,512,1.0000,0,0,0,0.000000e+00,0.0000,1.219546
IR007_0,vibration,512,20,SDT,unbounded,3.609310e-01,711,711,511,0.9980,0,0,0,0.000000e+00,0.0000,2.288960
IR007_0,vibration,512,20,SDT,fifo_drop,3.609310e-01,711,711,511,0.9980,0,0,0,0.000000e+00,0.0000,2.288960
IR007_0,vibration,512,20,SDT,stall,3.609310e-01,711,711,511,0.9980,0,0,0,0.000000e+00,0.0000,2.288960
IR007_1,vibration,64,2,PROPOSED,none,0.000000e+00,2063,2063,64,1.0000,0,0,0,0.000000e+00,0.0000,12.574741
IR007_1,vibration,64,2,SDT,unbounded,1.259957e-01,2063,2063,80,1.2500,0,0,0,0.000000e+00,0.0000,11.761968
IR007_1,vibration,64,2,SDT,fifo_drop,1.259957e-01,2063,2047,64,1.0000,16,16,0,0.000000e+00,0.0000,10.744318
IR007_1,vibration,64,2,SDT,stall,1.259957e-01,2047,2047,64,1.0000,29,0,29,9.229565e-01,7.3253,10.872810
IR007_1,vibration,64,5,PROPOSED,none,0.000000e+00,863,863,64,1.0000,0,0,0,0.000000e+00,0.0000,2.561633
IR007_1,vibration,64,5,SDT,unbounded,3.148584e-01,862,862,77,1.2031,0,0,0,0.000000e+00,0.0000,3.488199
IR007_1,vibration,64,5,SDT,fifo_drop,3.148584e-01,862,849,64,1.0000,13,13,0,0.000000e+00,0.0000,2.974629
IR007_1,vibration,64,5,SDT,stall,3.148584e-01,849,849,64,1.0000,41,0,41,9.896630e-01,3.1432,3.224952
IR007_1,vibration,64,10,PROPOSED,none,0.000000e+00,463,463,64,1.0000,0,0,0,0.000000e+00,0.0000,-1.827381
IR007_1,vibration,64,10,SDT,unbounded,4.922195e-01,464,464,73,1.1406,0,0,0,0.000000e+00,0.0000,0.463208
IR007_1,vibration,64,10,SDT,fifo_drop,4.922195e-01,464,455,64,1.0000,9,9,0,0.000000e+00,0.0000,0.280468
IR007_1,vibration,64,10,SDT,stall,4.922195e-01,454,454,64,1.0000,42,0,42,1.544866e+00,3.1386,0.355200
IR007_1,vibration,64,20,PROPOSED,none,0.000000e+00,263,263,64,1.0000,0,0,0,0.000000e+00,0.0000,-4.635976
IR007_1,vibration,64,20,SDT,unbounded,6.346166e-01,264,264,69,1.0781,0,0,0,0.000000e+00,0.0000,-0.802029
IR007_1,vibration,64,20,SDT,fifo_drop,6.346166e-01,264,259,64,1.0000,5,5,0,0.000000e+00,0.0000,-0.819604
IR007_1,vibration,64,20,SDT,stall,6.346166e-01,261,261,64,1.0000,35,0,35,1.544866e+00,2.4343,-0.936946
IR007_1,vibration,128,2,PROPOSED,none,0.000000e+00,2127,2127,128,1.0000,0,0,0,0.000000e+00,0.0000,12.984938
IR007_1,vibration,128,2,SDT,unbounded,1.190653e-01,2127,2127,141,1.1016,0,0,0,0.000000e+00,0.0000,12.469218
IR007_1,vibration,128,2,SDT,fifo_drop,1.190653e-01,2127,2114,128,1.0000,13,13,0,0.000000e+00,0.0000,11.333025
IR007_1,vibration,128,2,SDT,stall,1.190653e-01,2114,2114,128,1.0000,25,0,25,9.229565e-01,7.7517,11.687378
IR007_1,vibration,128,5,PROPOSED,none,0.000000e+00,927,927,128,1.0000,0,0,0,0.000000e+00,0.0000,3.108644
IR007_1,vibration,128,5,SDT,unbounded,2.955169e-01,928,928,139,1.0859,0,0,0,0.000000e+00,0.0000,4.079952
IR007_1,vibration,128,5,SDT,fifo_drop,2.955169e-01,928,917,128,1.0000,11,11,0,0.000000e+00,0.0000,3.613487
IR007_1,vibration,128,5,SDT,stall,2.955169e-01,917,917,128,1.0000,41,0,41,9.896630e-01,3.3489,3.830953
IR007_1,vibration,128,10,PROPOSED,none,0.000000e+00,527,527,128,1.0000,0,0,0,0.000000e+00,0.0000,-1.139144
IR007_1,vibration,128,10,SDT,unbounded,4.563887e-01,528,528,137,1.0703,0,0,0,0.000000e+00,0.0000,0.809407
IR007_1,vibration,128,10,SDT,fifo_drop,4.563887e-01,528,519,128,1.0000,9,9,0,0.000000e+00,0.0000,0.762578
IR007_1,vibration,128,10,SDT,stall,4.563887e-01,520,520,128,1.0000,29,0,29,1.544866e+00,3.3850,0.643585
IR007_1,vibration,128,20,PROPOSED,none,0.000000e+00,327,327,128,1.0000,0,0,0,0.000000e+00,0.0000,-3.057532
IR007_1,vibration,128,20,SDT,unbounded,5.799545e-01,328,328,133,1.0391,0,0,0,0.000000e+00,0.0000,-0.705913
IR007_1,vibration,128,20,SDT,fifo_drop,5.799545e-01,328,323,128,1.0000,5,5,0,0.000000e+00,0.0000,-1.163830
IR007_1,vibration,128,20,SDT,stall,5.799545e-01,325,325,128,1.0000,23,0,23,1.417003e+00,2.4433,-0.786537
IR007_1,vibration,256,2,PROPOSED,none,0.000000e+00,2255,2255,256,1.0000,0,0,0,0.000000e+00,0.0000,13.693874
IR007_1,vibration,256,2,SDT,unbounded,1.056156e-01,2255,2255,265,1.0352,0,0,0,0.000000e+00,0.0000,13.752361
IR007_1,vibration,256,2,SDT,fifo_drop,1.056156e-01,2255,2246,256,1.0000,9,9,0,0.000000e+00,0.0000,13.081692
IR007_1,vibration,256,2,SDT,stall,1.056156e-01,2246,2246,256,1.0000,17,0,17,9.229565e-01,8.7388,12.817246
IR007_1,vibration,256,5,PROPOSED,none,0.000000e+00,1055,1055,256,1.0000,0,0,0,0.000000e+00,0.0000,3.789765
IR007_1,vibration,256,5,SDT,unbounded,2.688952e-01,1055,1055,265,1.0352,0,0,0,0.000000e+00,0.0000,4.825650
IR007_1,vibration,256,5,SDT,fifo_drop,2.688952e-01,1055,1046,256,1.0000,9,9,0,0.000000e+00,0.0000,4.703153
IR007_1,vibration,256,5,SDT,stall,2.688952e-01,1046,1046,256,1.0000,15,0,15,9.896630e-01,3.6805,4.691026
IR007_1,vibration,256,10,PROPOSED,none,0.000000e+00,655,655,256,1.0000,0,0,0,0.000000e+00,0.0000,0.445353
IR007_1,vibration,256,10,SDT,unbounded,4.006730e-01,655,655,263,1.0273,0,0,0,0.000000e+00,0.0000,1.862653
IR007_1,vibration,256,10,SDT,fifo_drop,4.006730e-01,655,648,256,1.0000,7,7,0,0.000000e+00,0.0000,1.707288
IR007_1,vibration,256,10,SDT,stall,4.006730e-01,649,649,256,1.0000,12,0,12,1.544866e+00,3.8557,1.716470
IR007_1,vibration,256,20,PROPOSED,none,0.000000e+00,455,455,256,1.0000,0,0,0,0.000000e+00,0.0000,-2.085716
IR007_1,vibration,256,20,SDT,unbounded,4.965639e-01,456,456,258,1.0078,0,0,0,0.000000e+00,0.0000,0.299278
IR007_1,vibration,256,20,SDT,fifo_drop,4.965639e-01,456,454,256,1.0000,2,2,0,0.000000e+00,0.0000,0.123171
IR007_1,vibration,256,20,SDT,stall,4.965639e-01,455,455,256,1.0000,15,0,15,7.580040e-01,1.5265,0.216501
IR007_1,vibration,512,2,PROPOSED,none,0.000000e+00,2511,2511,512,1.0000,0,0,0,0.000000e+00,0.0000,14.942390
IR007_1,vibration,512,2,SDT,unbounded,8.262567e-02,2512,2512,515,1.0059,0,0,0,0.000000e+00,0.0000,16.764522
IR007_1,vibration,512,2,SDT,fifo_drop,8.262567e-02,2512,2509,512,1.0000,3,3,0,0.000000e+00,0.0000,16.693671
IR007_1,vibration,512,2,SDT,stall,8.262567e-02,2509,2509,512,1.0000,4,0,4,4.112050e-01,4.9767,16.537232
IR007_1,vibration,512,5,PROPOSED,none,0.000000e+00,1311,1311,512,1.0000,0,0,0,0.000000e+00,0.0000,5.827304
IR007_1,vibration,512,5,SDT,unbounded,2.189863e-01,1311,1311,517,1.0098,0,0,0,0.000000e+00,0.0000,6.482058
IR007_1,vibration,512,5,SDT,fifo_drop,2.189863e-01,1311,1306,512,1.0000,5,5,0,0.000000e+00,0.0000,6.121891
IR007_1,vibration,512,5,SDT,stall,2.189863e-01,1306,1306,512,1.0000,9,0,9,4.821890e-01,2.2019,6.450425
IR007_1,vibration,512,10,PROPOSED,none,0.000000e+00,911,911,512,1.0000,0,0,0,0.000000e+00,0.0000,2.313223
IR007_1,vibration,512,10,SDT,unbounded,2.985016e-01,910,910,513,1.0020,0,0,0,0.000000e+00,0.0000,3.952542
IR007_1,vibration,512,10,SDT,fifo_drop,2.985016e-01,910,909,512,1.0000,1,1,0,0.000000e+00,0.0000,3.485694
IR007_1,vibration,512,10,SDT,stall,2.985016e-01,910,910,512,1.0000,2,0,2,2.188332e-01,0.7331,3.952903
IR007_1,vibration,512,20,PROPOSED,none,0.000000e+00,711,711,512,1.0000,0,0,0,0.000000e+00,0.0000,0.735626
IR007_1,vibration,512,20,SDT,unbounded,3.780840e-01,711,711,511,0.9980,0,0,0,0.000000e+00,0.0000,2.329182
IR007_1,vibration,512,20,SDT,fifo_drop,3.780840e-01,711,711,511,0.9980,0,0,0,0.000000e+00,0.0000,2.329182
IR007_1,vibration,512,20,SDT,stall,3.780840e-01,711,711,511,0.9980,0,0,0,0.000000e+00,0.0000,2.329182
IR007_2,vibration,64,2,PROPOSED,none,0.000000e+00,2063,2063,64,1.0000,0,0,0,0.000000e+00,0.0000,12.740832
IR007_2,vibration,64,2,SDT,unbounded,1.237760e-01,2064,2064,74,1.1562,0,0,0,0.000000e+00,0.0000,12.254868
IR007_2,vibration,64,2,SDT,fifo_drop,1.237760e-01,2064,2054,64,1.0000,10,10,0,0.000000e+00,0.0000,11.050854
IR007_2,vibration,64,2,SDT,stall,1.237760e-01,2055,2055,64,1.0000,12,0,12,7.558110e-01,6.1063,11.642936
IR007_2,vibration,64,5,PROPOSED,none,0.000000e+00,863,863,64,1.0000,0,0,0,0.000000e+00,0.0000,3.035740
IR007_2,vibration,64,5,SDT,unbounded,3.181721e-01,864,864,78,1.2188,0,0,0,0.000000e+00,0.0000,3.516136
IR007_2,vibration,64,5,SDT,fifo_drop,3.181721e-01,864,850,64,1.0000,14,14,0,0.000000e+00,0.0000,3.191902
IR007_2,vibration,64,5,SDT,stall,3.181721e-01,851,851,64,1.0000,24,0,24,9.012980e-01,2.8327,3.327629
IR007_2,vibration,64,10,PROPOSED,none,0.000000e+00,463,463,64,1.0000,0,0,0,0.000000e+00,0.0000,-0.434792
IR007_2,vibration,64,10,SDT,unbounded,4.875976e-01,463,463,71,1.1094,0,0,0,0.000000e+00,0.0000,0.544343
IR007_2,vibration,64,10,SDT,fifo_drop,4.875976e-01,463,456,64,1.0000,7,7,0,0.000000e+00,0.0000,0.417576
IR007_2,vibration,64,10,SDT,stall,4.875976e-01,457,457,64,1.0000,20,0,20,1.069171e+00,2.1927,0.496376
IR007_2,vibration,64,20,PROPOSED,none,0.000000e+00,263,263,64,1.0000,0,0,0,0.000000e+00,0.0000,-3.528354
IR007_2,vibration,64,20,SDT,unbounded,6.475207e-01,265,265,69,1.0781,0,0,0,0.000000e+00,0.0000,-0.567166
IR007_2,vibration,64,20,SDT,fifo_drop,6.475207e-01,265,260,64,1.0000,5,5,0,0.000000e+00,0.0000,-0.665301
IR007_2,vibration,64,20,SDT,stall,6.475207e-01,261,261,64,1.0000,46,0,46,1.389850e+00,2.1464,-0.682961
IR007_2,vibration,128,2,PROPOSED,none,0.000000e+00,2127,2127,128,1.0000,0,0,0,0.000000e+00,0.0000,13.167711
IR007_2,vibration,128,2,SDT,unbounded,1.158700e-01,2127,2127,135,1.0547,0,0,0,0.000000e+00,0.0000,12.880024
IR007_2,vibration,128,2,SDT,fifo_drop,1.158700e-01,2127,2120,128,1.0000,7,7,0,0.000000e+00,0.0000,12.319234
IR007_2,vibration,128,2,SDT,stall,1.158700e-01,2121,2121,128,1.0000,7,0,7,7.861045e-01,6.7844,12.405611
IR007_2,vibration,128,5,PROPOSED,none,0.000000e+00,927,927,128,1.0000,0,0,0,0.000000e+00,0.0000,3.292915
IR007_2,vibration,128,5,SDT,unbounded,3.038080e-01,927,927,141,1.1016,0,0,0,0.000000e+00,0.0000,3.826452
IR007_2,vibration,128,5,SDT,fifo_drop,3.038080e-01,927,914,128,1.0000,13,13,0,0.000000e+00,0.0000,3.259638
IR007_2,vibration,128,5,SDT,stall,3.038080e-01,915,915,128,1.0000,22,0,22,9.012980e-01,2.9667,3.620155
IR007_2,vibration,128,10,PROPOSED,none,0.000000e+00,527,527,128,1.0000,0,0,0,0.000000e+00,0.0000,-0.632703
IR007_2,vibration,128,10,SDT,unbounded,4.476058e-01,528,528,134,1.0469,0,0,0,0.000000e+00,0.0000,1.106304
IR007_2,vibration,128,10,SDT,fifo_drop,4.476058e-01,528,522,128,1.0000,6,6,0,0.000000e+00,0.0000,0.946091
IR007_2,vibration,128,10,SDT,stall,4.476058e-01,522,522,128,1.0000,13,0,13,9.012980e-01,2.0136,1.051986
IR007_2,vibration,128,20,PROPOSED,none,0.000000e+00,327,327,128,1.0000,0,0,0,0.000000e+00,0.0000,-3.633800
IR007_2,vibration,128,20,SDT,unbounded,5.946388e-01,328,328,131,1.0234,0,0,0,0.000000e+00,0.0000,-0.318072
IR007_2,vibration,128,20,SDT,fifo_drop,5.946388e-01,328,325,128,1.0000,3,3,0,0.000000e+00,0.0000,-0.372078
IR007_2,vibration,128,20,SDT,stall,5.946388e-01,325,325,128,1.0000,26,0,26,1.340523e+00,2.2543,-0.386492
IR007_2,vibration,256,2,PROPOSED,none,0.000000e+00,2255,2255,256,1.0000,0,0,0,0.000000e+00,0.0000,13.767823
IR007_2,vibration,256,2,SDT,unbounded,1.029840e-01,2257,2257,263,1.0273,0,0,0,0.000000e+00,0.0000,14.271306
IR007_2,vibration,256,2,SDT,fifo_drop,1.029840e-01,2257,2250,256,1.0000,7,7,0,0.000000e+00,0.0000,13.746489
IR007_2,vibration,256,2,SDT,stall,1.029840e-01,2250,2250,256,1.0000,14,0,14,7.558110e-01,7.3391,13.724199
IR007_2,vibration,256,5,PROPOSED,none,0.000000e+00,1055,1055,256,1.0000,0,0,0,0.000000e+00,0.0000,4.041383
IR007_2,vibration,256,5,SDT,unbounded,2.727283e-01,1055,1055,265,1.0352,0,0,0,0.000000e+00,0.0000,4.720249
IR007_2,vibration,256,5,SDT,fifo_drop,2.727283e-01,1055,1046,256,1.0000,9,9,0,0.000000e+00,0.0000,4.416300
IR007_2,vibration,256,5,SDT,stall,2.727283e-01,1047,1047,256,1.0000,18,0,18,1.340523e+00,4.9152,4.536262
IR007_2,vibration,256,10,PROPOSED,none,0.000000e+00,655,655,256,1.0000,0,0,0,0.000000e+00,0.0000,0.544891
IR007_2,vibration,256,10,SDT,unbounded,3.921992e-01,656,656,262,1.0234,0,0,0,0.000000e+00,0.0000,1.875080
IR007_2,vibration,256,10,SDT,fifo_drop,3.921992e-01,656,650,256,1.0000,6,6,0,0.000000e+00,0.0000,1.840152
IR007_2,vibration,256,10,SDT,stall,3.921992e-01,651,651,256,1.0000,17,0,17,9.012980e-01,2.2981,1.828024
IR007_2,vibration,256,20,PROPOSED,none,0.000000e+00,455,455,256,1.0000,0,0,0,0.000000e+00,0.0000,-1.557081
IR007_2,vibration,256,20,SDT,unbounded,4.939293e-01,455,455,257,1.0039,0,0,0,0.000000e+00,0.0000,0.658480
IR007_2,vibration,256,20,SDT,fifo_drop,4.939293e-01,455,454,256,1.0000,1,1,0,0.000000e+00,0.0000,0.610981
IR007_2,vibration,256,20,SDT,stall,4.939293e-01,455,455,256,1.0000,19,0,19,4.264089e-01,0.8633,0.652906
IR007_2,vibration,512,2,PROPOSED,none,0.000000e+00,2511,2511,512,1.0000,0,0,0,0.000000e+00,0.0000,15.143841
IR007_2,vibration,512,2,SDT,unbounded,8.240867e-02,2511,2511,514,1.0039,0,0,0,0.000000e+00,0.0000,16.894292
IR007_2,vibration,512,2,SDT,fifo_drop,8.240867e-02,2511,2509,512,1.0000,2,2,0,0.000000e+00,0.0000,16.453560
IR007_2,vibration,512,2,SDT,stall,8.240867e-02,2509,2509,512,1.0000,7,0,7,2.183125e-01,2.6491,16.768140
IR007_2,vibration,512,5,PROPOSED,none,0.000000e+00,1311,1311,512,1.0000,0,0,0,0.000000e+00,0.0000,5.670868
IR007_2,vibration,512,5,SDT,unbounded,2.246070e-01,1313,1313,517,1.0098,0,0,0,0.000000e+00,0.0000,6.163378
IR007_2,vibration,512,5,SDT,fifo_drop,2.246070e-01,1313,1308,512,1.0000,5,5,0,0.000000e+00,0.0000,5.971510
IR007_2,vibration,512,5,SDT,stall,2.246070e-01,1308,1308,512,1.0000,9,0,9,4.562800e-01,2.0315,6.130002
IR007_2,vibration,512,10,PROPOSED,none,0.000000e+00,911,911,512,1.0000,0,0,0,0.000000e+00,0.0000,2.532838
IR007_2,vibration,512,10,SDT,unbounded,3.064580e-01,911,911,515,1.0059,0,0,0,0.000000e+00,0.0000,3.727227
IR007_2,vibration,512,10,SDT,fifo_drop,3.064580e-01,911,908,512,1.0000,3,3,0,0.000000e+00,0.0000,3.591096
IR007_2,vibration,512,10,SDT,stall,3.064580e-01,908,908,512,1.0000,4,0,4,4.223771e-01,1.3783,3.689787
IR007_2,vibration,512,20,PROPOSED,none,0.000000e+00,711,711,512,1.0000,0,0,0,0.000000e+00,0.0000,1.623790
IR007_2,vibration,512,20,SDT,unbounded,3.703365e-01,712,712,514,1.0039,0,0,0,0.000000e+00,0.0000,2.451919
IR007_2,vibration,512,20,SDT,fifo_drop,3.703365e-01,712,710,512,1.0000,2,2,0,0.000000e+00,0.0000,2.328510
IR007_2,vibration,512,20,SDT,stall,3.703365e-01,711,711,512,1.0000,18,0,18,5.270372e-01,1.4231,2.410458
IR007_3,vibration,64,2,PROPOSED,none,0.000000e+00,2063,2063,64,1.0000,0,0,0,0.000000e+00,0.0000,12.590484
IR007_3,vibration,64,2,SDT,unbounded,1.368787e-01,2064,2064,86,1.3438,0,0,0,0.000000e+00,0.0000,12.089916
IR007_3,vibration,64,2,SDT,fifo_drop,1.368787e-01,2064,2042,64,1.0000,22,22,0,0.000000e+00,0.0000,10.696933
IR007_3,vibration,64,2,SDT,stall,1.368787e-01,2041,2041,64,1.0000,40,0,40,7.436285e-01,5.4328,11.292455
IR007_3,vibration,64,5,PROPOSED,none,0.000000e+00,863,863,64,1.0000,0,0,0,0.000000e+00,0.0000,2.328534
IR007_3,vibration,64,5,SDT,unbounded,3.665620e-01,864,864,80,1.2500,0,0,0,0.000000e+00,0.0000,3.339691
IR007_3,vibration,64,5,SDT,fifo_drop,3.665620e-01,864,848,64,1.0000,16,16,0,0.000000e+00,0.0000,2.913592
IR007_3,vibration,64,5,SDT,stall,3.665620e-01,848,848,64,1.0000,39,0,39,1.150907e+00,3.1397,3.150814
IR007_3,vibration,64,10,PROPOSED,none,0.000000e+00,463,463,64,1.0000,0,0,0,0.000000e+00,0.0000,-2.521593
IR007_3,vibration,64,10,SDT,unbounded,5.331082e-01,463,463,77,1.2031,0,0,0,0.000000e+00,0.0000,0.660678
IR007_3,vibration,64,10,SDT,fifo_drop,5.331082e-01,463,450,64,1.0000,13,13,0,0.000000e+00,0.0000,0.457968
IR007_3,vibration,64,10,SDT,stall,5.331082e-01,450,450,64,1.0000,40,0,40,1.233181e+00,2.3132,0.454379
IR007_3,vibration,64,20,PROPOSED,none,0.000000e+00,263,263,64,1.0000,0,0,0,0.000000e+00,0.0000,-3.863056
IR007_3,vibration,64,20,SDT,unbounded,7.057689e-01,264,264,73,1.1406,0,0,0,0.000000e+00,0.0000,-0.712869
IR007_3,vibration,64,20,SDT,fifo_drop,7.057689e-01,264,255,64,1.0000,9,9,0,0.000000e+00,0.0000,-0.797232
IR007_3,vibration,64,20,SDT,stall,7.057689e-01,256,256,64,1.0000,70,0,70,1.718943e+00,2.4356,-0.870286
IR007_3,vibration,128,2,PROPOSED,none,0.000000e+00,2127,2127,128,1.0000,0,0,0,0.000000e+00,0.0000,13.195509
IR007_3,vibration,128,2,SDT,unbounded,1.279990e-01,2127,2127,145,1.1328,0,0,0,0.000000e+00,0.0000,12.748980
IR007_3,vibration,128,2,SDT,fifo_drop,1.279990e-01,2127,2110,128,1.0000,17,17,0,0.000000e+00,0.0000,11.826993
IR007_3,vibration,128,2,SDT,stall,1.279990e-01,2110,2110,128,1.0000,30,0,30,7.436285e-01,5.8096,11.822327
IR007_3,vibration,128,5,PROPOSED,none,0.000000e+00,927,927,128,1.0000,0,0,0,0.000000e+00,0.0000,2.999511
IR007_3,vibration,128,5,SDT,unbounded,3.411545e-01,926,926,139,1.0859,0,0,0,0.000000e+00,0.0000,3.681469
IR007_3,vibration,128,5,SDT,fifo_drop,3.411545e-01,926,915,128,1.0000,11,11,0,0.000000e+00,0.0000,3.230400
IR007_3,vibration,128,5,SDT,stall,3.411545e-01,915,915,128,1.0000,28,0,28,1.150907e+00,3.3736,3.482767
IR007_3,vibration,128,10,PROPOSED,none,0.000000e+00,527,527,128,1.0000,0,0,0,0.000000e+00,0.0000,-1.818921
IR007_3,vibration,128,10,SDT,unbounded,5.046243e-01,527,527,135,1.0547,0,0,0,0.000000e+00,0.0000,0.942246
IR007_3,vibration,128,10,SDT,fifo_drop,5.046243e-01,527,520,128,1.0000,7,7,0,0.000000e+00,0.0000,0.728791
IR007_3,vibration,128,10,SDT,stall,5.046243e-01,520,520,128,1.0000,20,0,20,1.395805e+00,2.7660,0.856356
IR007_3,vibration,128,20,PROPOSED,none,0.000000e+00,327,327,128,1.0000,0,0,0,0.000000e+00,0.0000,-3.797985
IR007_3,vibration,128,20,SDT,unbounded,6.541150e-01,328,328,132,1.0312,0,0,0,0.000000e+00,0.0000,-0.581055
IR007_3,vibration,128,20,SDT,fifo_drop,6.541150e-01,328,324,128,1.0000,4,4,0,0.000000e+00,0.0000,-1.032598
IR007_3,vibration,128,20,SDT,stall,6.541150e-01,325,325,128,1.0000,22,0,22,1.493428e+00,2.2831,-0.542227
IR007_3,vibration,256,2,PROPOSED,none,0.000000e+00,2255,2255,256,1.0000,0,0,0,0.000000e+00,0.0000,13.882150
IR007_3,vibration,256,2,SDT,unbounded,1.139210e-01,2255,2255,268,1.0469,0,0,0,0.000000e+00,0.0000,14.140330
IR007_3,vibration,256,2,SDT,fifo_drop,1.139210e-01,2255,2243,256,1.0000,12,12,0,0.000000e+00,0.0000,13.344502
IR007_3,vibration,256,2,SDT,stall,1.139210e-01,2243,2243,256,1.0000,17,0,17,6.473040e-01,5.6820,13.461115
IR007_3,vibration,256,5,PROPOSED,none,0.000000e+00,1055,1055,256,1.0000,0,0,0,0.000000e+00,0.0000,3.345807
IR007_3,vibration,256,5,SDT,unbounded,3.099265e-01,1055,1055,268,1.0469,0,0,0,0.000000e+00,0.0000,4.363372
IR007_3,vibration,256,5,SDT,fifo_drop,3.099265e-01,1055,1043,256,1.0000,12,12,0,0.000000e+00,0.0000,4.068127
IR007_3,vibration,256,5,SDT,stall,3.099265e-01,1043,1043,256,1.0000,28,0,28,8.963175e-01,2.8920,4.224102
IR007_3,vibration,256,10,PROPOSED,none,0.000000e+00,655,655,256,1.0000,0,0,0,0.000000e+00,0.0000,-0.400436
IR007_3,vibration,256,10,SDT,unbounded,4.363547e-01,655,655,261,1.0195,0,0,0,0.000000e+00,0.0000,2.119017
IR007_3,vibration,256,10,SDT,fifo_drop,4.363547e-01,655,650,256,1.0000,5,5,0,0.000000e+00,0.0000,1.951932
IR007_3,vibration,256,10,SDT,stall,4.363547e-01,651,651,256,1.0000,24,0,24,1.493428e+00,3.4225,2.024105
IR007_3,vibration,256,20,PROPOSED,none,0.000000e+00,455,455,256,1.0000,0,0,0,0.000000e+00,0.0000,-2.280032
IR007_3,vibration,256,20,SDT,unbounded,5.404868e-01,456,456,259,1.0117,0,0,0,0.000000e+00,0.0000,0.499483
IR007_3,vibration,256,20,SDT,fifo_drop,5.404868e-01,456,453,256,1.0000,3,3,0,0.000000e+00,0.0000,0.470871
IR007_3,vibration,256,20,SDT,stall,5.404868e-01,453,453,256,1.0000,11,0,11,8.963175e-01,1.6584,0.489549
IR007_3,vibration,512,2,PROPOSED,none,0.000000e+00,2511,2511,512,1.0000,0,0,0,0.000000e+00,0.0000,15.398058
IR007_3,vibration,512,2,SDT,unbounded,8.625333e-02,2511,2511,518,1.0117,0,0,0,0.000000e+00,0.0000,17.038472
IR007_3,vibration,512,2,SDT,fifo_drop,8.625333e-02,2511,2505,512,1.0000,6,6,0,0.000000e+00,0.0000,16.358111
IR007_3,vibration,512,2,SDT,stall,8.625333e-02,2505,2505,512,1.0000,8,0,8,5.737200e-01,6.6516,16.610223
IR007_3,vibration,512,5,PROPOSED,none,0.000000e+00,1311,1311,512,1.0000,0,0,0,0.000000e+00,0.0000,5.178983
IR007_3,vibration,512,5,SDT,unbounded,2.513923e-01,1311,1311,518,1.0117,0,0,0,0.000000e+00,0.0000,5.865856
IR007_3,vibration,512,5,SDT,fifo_drop,2.513923e-01,1311,1305,512,1.0000,6,6,0,0.000000e+00,0.0000,5.710900
IR007_3,vibration,512,5,SDT,stall,2.513923e-01,1304,1304,512,1.0000,11,0,11,6.695027e-01,2.6632,5.787826
IR007_3,vibration,512,10,PROPOSED,none,0.000000e+00,911,911,512,1.0000,0,0,0,0.000000e+00,0.0000,1.914023
IR007_3,vibration,512,10,SDT,unbounded,3.471237e-01,911,911,514,1.0039,0,0,0,0.000000e+00,0.0000,3.607136
IR007_3,vibration,512,10,SDT,fifo_drop,3.471237e-01,911,909,512,1.0000,2,2,0,0.000000e+00,0.0000,3.507684
IR007_3,vibration,512,10,SDT,stall,3.471237e-01,910,910,512,1.0000,2,0,2,6.561293e-01,1.8902,3.538481
IR007_3,vibration,512,20,PROPOSED,none,0.000000e+00,711,711,512,1.0000,0,0,0,0.000000e+00,0.0000,0.130545
IR007_3,vibration,512,20,SDT,unbounded,4.162127e-01,712,712,514,1.0039,0,0,0,0.000000e+00,0.0000,2.320686
IR007_3,vibration,512,20,SDT,fifo_drop,4.162127e-01,712,710,512,1.0000,2,2,0,0.000000e+00,0.0000,2.306558
IR007_3,vibration,512,20,SDT,stall,4.162127e-01,711,711,512,1.0000,13,0,13,5.193369e-01,1.2478,2.320582
B007_0,vibration,64,2,PROPOSED,none,0.000000e+00,2063,2063,64,1.0000,0,0,0,0.000000e+00,0.0000,9.193489
B007_0,vibration,64,2,SDT,unbounded,8.240867e-02,2064,2064,88,1.3750,0,0,0,0.000000e+00,0.0000,8.902475
B007_0,vibration,64,2,SDT,fifo_drop,8.240867e-02,2064,2040,64,1.0000,24,24,0,0.000000e+00,0.0000,7.904684
B007_0,vibration,64,2,SDT,stall,8.240867e-02,2041,2041,64,1.0000,48,0,48,3.080585e-01,3.7382,8.116868
B007_0,vibration,64,5,PROPOSED,none,0.000000e+00,863,863,64,1.0000,0,0,0,0.000000e+00,0.0000,0.580923
B007_0,vibration,64,5,SDT,unbounded,1.767814e-01,863,863,108,1.6875,0,0,0,0.000000e+00,0.0000,1.506074
B007_0,vibration,64,5,SDT,fifo_drop,1.767814e-01,863,819,64,1.0000,44,44,0,0.000000e+00,0.0000,0.912592
B007_0,vibration,64,5,SDT,stall,1.767814e-01,823,823,64,1.0000,99,0,99,6.366917e-01,3.6016,1.002829
B007_0,vibration,64,10,PROPOSED,none,0.000000e+00,463,463,64,1.0000,0,0,0,0.000000e+00,0.0000,-1.578473
B007_0,vibration,64,10,SDT,unbounded,2.251816e-01,463,463,101,1.5781,0,0,0,0.000000e+00,0.0000,-0.052497
B007_0,vibration,64,10,SDT,fifo_drop,2.251816e-01,463,426,64,1.0000,37,37,0,0.000000e+00,0.0000,-0.596863
B007_0,vibration,64,10,SDT,stall,2.251816e-01,426,426,64,1.0000,99,0,99,5.426960e-01,2.4100,-0.270147
B007_0,vibration,64,20,PROPOSED,none,0.000000e+00,263,263,64,1.0000,0,0,0,0.000000e+00,0.0000,-3.837726
B007_0,vibration,64,20,SDT,unbounded,2.660282e-01,264,264,91,1.4219,0,0,0,0.000000e+00,0.0000,-0.555296
B007_0,vibration,64,20,SDT,fifo_drop,2.660282e-01,264,237,64,1.0000,27,27,0,0.000000e+00,0.0000,-0.757113
B007_0,vibration,64,20,SDT,stall,2.660282e-01,240,240,64,1.0000,160,0,160,6.189180e-01,2.3265,-0.680380
B007_0,vibration,128,2,PROPOSED,none,0.000000e+00,2127,2127,128,1.0000,0,0,0,0.000000e+00,0.0000,9.707468
B007_0,vibration,128,2,SDT,unbounded,7.921433e-02,2127,2127,141,1.1016,0,0,0,0.000000e+00,0.0000,9.296753
B007_0,vibration,128,2,SDT,fifo_drop,7.921433e-02,2127,2114,128,1.0000,13,13,0,0.000000e+00,0.0000,8.542085
B007_0,vibration,128,2,SDT,stall,7.921433e-02,2113,2113,128,1.0000,19,0,19,3.883825e-01,4.9029,8.746616
B007_0,vibration,128,5,PROPOSED,none,0.000000e+00,927,927,128,1.0000,0,0,0,0.000000e+00,0.0000,1.221016
B007_0,vibration,128,5,SDT,unbounded,1.714153e-01,933,933,158,1.2344,0,0,0,0.000000e+00,0.0000,1.686151
B007_0,vibration,128,5,SDT,fifo_drop,1.714153e-01,933,903,128,1.0000,30,30,0,0.000000e+00,0.0000,1.165491
B007_0,vibration,128,5,SDT,stall,1.714153e-01,907,907,128,1.0000,82,0,82,5.663573e-01,3.3040,1.342143
B007_0,vibration,128,10,PROPOSED,none,0.000000e+00,527,527,128,1.0000,0,0,0,0.000000e+00,0.0000,-1.121502
B007_0,vibration,128,10,SDT,unbounded,2.150034e-01,528,528,154,1.2031,0,0,0,0.000000e+00,0.0000,0.162825
B007_0,vibration,128,10,SDT,fifo_drop,2.150034e-01,528,502,128,1.0000,26,26,0,0.000000e+00,0.0000,0.001303
B007_0,vibration,128,10,SDT,stall,2.150034e-01,504,504,128,1.0000,107,0,107,4.964220e-01,2.3089,-0.069486
B007_0,vibration,128,20,PROPOSED,none,0.000000e+00,327,327,128,1.0000,0,0,0,0.000000e+00,0.0000,-3.053214
B007_0,vibration,128,20,SDT,unbounded,2.495159e-01,328,328,141,1.1016,0,0,0,0.000000e+00,0.0000,-0.284587
B007_0,vibration,128,20,SDT,fifo_drop,2.495159e-01,328,315,128,1.0000,13,13,0,0.000000e+00,0.0000,-0.436923
B007_0,vibration,128,20,SDT,stall,2.495159e-01,317,317,128,1.0000,80,0,80,4.794007e-01,1.9213,-0.401511
B007_0,vibration,256,2,PROPOSED,none,0.000000e+00,2255,2255,256,1.0000,0,0,0,0.000000e+00,0.0000,10.278523
B007_0,vibration,256,2,SDT,unbounded,7.120100e-02,2256,2256,256,1.0000,0,0,0,0.000000e+00,0.0000,10.576799
B007_0,vibration,256,2,SDT,fifo_drop,7.120100e-02,2256,2256,256,1.0000,0,0,0,0.000000e+00,0.0000,10.576799
B007_0,vibration,256,2,SDT,stall,7.120100e-02,2256,2256,256,1.0000,0,0,0,0.000000e+00,0.0000,10.576799
B007_0,vibration,256,5,PROPOSED,none,0.000000e+00,1055,1055,256,1.0000,0,0,0,0.000000e+00,0.0000,1.501971
B007_0,vibration,256,5,SDT,unbounded,1.610215e-01,1055,1055,255,0.9961,0,0,0,0.000000e+00,0.0000,2.202638
B007_0,vibration,256,5,SDT,fifo_drop,1.610215e-01,1055,1055,255,0.9961,0,0,0,0.000000e+00,0.0000,2.202638
B007_0,vibration,256,5,SDT,stall,1.610215e-01,1055,1055,255,0.9961,0,0,0,0.000000e+00,0.0000,2.202638
B007_0,vibration,256,10,PROPOSED,none,0.000000e+00,655,655,256,1.0000,0,0,0,0.000000e+00,0.0000,-0.633353
B007_0,vibration,256,10,SDT,unbounded,1.992318e-01,656,656,259,1.0117,0,0,0,0.000000e+00,0.0000,0.627584
B007_0,vibration,256,10,SDT,fifo_drop,1.992318e-01,656,653,256,1.0000,3,3,0,0.000000e+00,0.0000,0.476225
B007_0,vibration,256,10,SDT,stall,1.992318e-01,654,654,256,1.0000,12,0,12,2.748673e-01,1.3796,0.625470
B007_0,vibration,256,20,PROPOSED,none,0.000000e+00,455,455,256,1.0000,0,0,0,0.000000e+00,0.0000,-2.096478
B007_0,vibration,256,20,SDT,unbounded,2.259526e-01,455,455,256,1.0000,0,0,0,0.000000e+00,0.0000,-0.037824
B007_0,vibration,256,20,SDT,fifo_drop,2.259526e-01,455,455,256,1.0000,0,0,0,0.000000e+00,0.0000,-0.037824
B007_0,vibration,256,20,SDT,stall,2.259526e-01,455,455,256,1.0000,0,0,0,0.000000e+00,0.0000,-0.037824
B007_0,vibration,512,2,PROPOSED,none,0.000000e+00,2511,2511,512,1.0000,0,0,0,0.000000e+00,0.0000,11.851011
B007_0,vibration,512,2,SDT,unbounded,5.685233e-02,2512,2512,512,1.0000,0,0,0,0.000000e+00,0.0000,13.087775
B007_0,vibration,512,2,SDT,fifo_drop,5.685233e-02,2512,2512,512,1.0000,0,0,0,0.000000e+00,0.0000,13.087775
B007_0,vibration,512,2,SDT,stall,5.685233e-02,2512,2512,512,1.0000,0,0,0,0.000000e+00,0.0000,13.087775
B007_0,vibration,512,5,PROPOSED,none,0.000000e+00,1311,1311,512,1.0000,0,0,0,0.000000e+00,0.0000,3.028841
B007_0,vibration,512,5,SDT,unbounded,1.385842e-01,1311,1311,511,0.9980,0,0,0,0.000000e+00,0.0000,3.417540
B007_0,vibration,512,5,SDT,fifo_drop,1.385842e-01,1311,1311,511,0.9980,0,0,0,0.000000e+00,0.0000,3.417540
B007_0,vibration,512,5,SDT,stall,1.385842e-01,1311,1311,511,0.9980,0,0,0,0.000000e+00,0.0000,3.417540
B007_0,vibration,512,10,PROPOSED,none,0.000000e+00,911,911,512,1.0000,0,0,0,0.000000e+00,0.0000,0.643805
B007_0,vibration,512,10,SDT,unbounded,1.727817e-01,913,913,513,1.0020,0,0,0,0.000000e+00,0.0000,1.650268
B007_0,vibration,512,10,SDT,fifo_drop,1.727817e-01,913,912,512,1.0000,1,1,0,0.000000e+00,0.0000,1.649508
B007_0,vibration,512,10,SDT,stall,1.727817e-01,912,912,512,1.0000,4,0,4,2.236120e-01,1.2942,1.646080
B007_0,vibration,512,20,PROPOSED,none,0.000000e+00,711,711,512,1.0000,0,0,0,0.000000e+00,0.0000,-0.568853
B007_0,vibration,512,20,SDT,unbounded,1.936635e-01,711,711,511,0.9980,0,0,0,0.000000e+00,0.0000,0.769636
B007_0,vibration,512,20,SDT,fifo_drop,1.936635e-01,711,711,511,0.9980,0,0,0,0.000000e+00,0.0000,0.769636
B007_0,vibration,512,20,SDT,stall,1.936635e-01,711,711,511,0.9980,0,0,0,0.000000e+00,0.0000,0.769636
B007_1,vibration,64,2,PROPOSED,none,0.000000e+00,2063,2063,64,1.0000,0,0,0,0.000000e+00,0.0000,8.773898
B007_1,vibration,64,2,SDT,unbounded,8.783700e-02,2062,2062,87,1.3594,0,0,0,0.000000e+00,0.0000,8.530199
B007_1,vibration,64,2,SDT,fifo_drop,8.783700e-02,2062,2039,64,1.0000,23,23,0,0.000000e+00,0.0000,7.340562
B007_1,vibration,64,2,SDT,stall,8.783700e-02,2039,2039,64,1.0000,46,0,46,4.371945e-01,4.9773,7.444624
B007_1,vibration,64,5,PROPOSED,none,0.000000e+00,863,863,64,1.0000,0,0,0,0.000000e+00,0.0000,0.447184
B007_1,vibration,64,5,SDT,unbounded,1.843314e-01,863,863,110,1.7188,0,0,0,0.000000e+00,0.0000,1.353345
B007_1,vibration,64,5,SDT,fifo_drop,1.843314e-01,863,817,64,1.0000,46,46,0,0.000000e+00,0.0000,0.911133
B007_1,vibration,64,5,SDT,stall,1.843314e-01,817,817,64,1.0000,105,0,105,5.241780e-01,2.8437,0.941119
B007_1,vibration,64,10,PROPOSED,none,0.000000e+00,463,463,64,1.0000,0,0,0,0.000000e+00,0.0000,-2.100547
B007_1,vibration,64,10,SDT,unbounded,2.363835e-01,462,462,96,1.5000,0,0,0,0.000000e+00,0.0000,0.057663
B007_1,vibration,64,10,SDT,fifo_drop,2.363835e-01,462,430,64,1.0000,32,32,0,0.000000e+00,0.0000,-0.352487
B007_1,vibration,64,10,SDT,stall,2.363835e-01,429,429,64,1.0000,82,0,82,5.769157e-01,2.4406,-0.161025
B007_1,vibration,64,20,PROPOSED,none,0.000000e+00,263,263,64,1.0000,0,0,0,0.000000e+00,0.0000,-3.385023
B007_1,vibration,64,20,SDT,unbounded,2.761401e-01,264,264,85,1.3281,0,0,0,0.000000e+00,0.0000,-0.529632
B007_1,vibration,64,20,SDT,fifo_drop,2.761401e-01,264,243,64,1.0000,21,21,0,0.000000e+00,0.0000,-0.636292
B007_1,vibration,64,20,SDT,stall,2.761401e-01,243,243,64,1.0000,109,0,109,5.689563e-01,2.0604,-0.676276
B007_1,vibration,128,2,PROPOSED,none,0.000000e+00,2127,2127,128,1.0000,0,0,0,0.000000e+00,0.0000,9.126663
B007_1,vibration,128,2,SDT,unbounded,8.290720e-02,2130,2130,145,1.1328,0,0,0,0.000000e+00,0.0000,9.096880
B007_1,vibration,128,2,SDT,fifo_drop,8.290720e-02,2130,2113,128,1.0000,17,17,0,0.000000e+00,0.0000,7.951043
B007_1,vibration,128,2,SDT,stall,8.290720e-02,2114,2114,128,1.0000,32,0,32,4.371945e-01,5.2733,8.326452
B007_1,vibration,128,5,PROPOSED,none,0.000000e+00,927,927,128,1.0000,0,0,0,0.000000e+00,0.0000,0.636569
B007_1,vibration,128,5,SDT,unbounded,1.790035e-01,928,928,163,1.2734,0,0,0,0.000000e+00,0.0000,1.551045
B007_1,vibration,128,5,SDT,fifo_drop,1.790035e-01,928,893,128,1.0000,35,35,0,0.000000e+00,0.0000,1.127336
B007_1,vibration,128,5,SDT,stall,1.790035e-01,893,893,128,1.0000,79,0,79,6.462213e-01,3.6101,1.099901
B007_1,vibration,128,10,PROPOSED,none,0.000000e+00,527,527,128,1.0000,0,0,0,0.000000e+00,0.0000,-2.029597
B007_1,vibration,128,10,SDT,unbounded,2.294128e-01,527,527,152,1.1875,0,0,0,0.000000e+00,0.0000,0.086388
B007_1,vibration,128,10,SDT,fifo_drop,2.294128e-01,527,503,128,1.0000,24,24,0,0.000000e+00,0.0000,-0.145316
B007_1,vibration,128,10,SDT,stall,2.294128e-01,501,501,128,1.0000,53,0,53,5.611317e-01,2.4459,-0.021559
B007_1,vibration,128,20,PROPOSED,none,0.000000e+00,327,327,128,1.0000,0,0,0,0.000000e+00,0.0000,-3.323381
B007_1,vibration,128,20,SDT,unbounded,2.621995e-01,327,327,143,1.1172,0,0,0,0.000000e+00,0.0000,-0.264985
B007_1,vibration,128,20,SDT,fifo_drop,2.621995e-01,327,312,128,1.0000,15,15,0,0.000000e+00,0.0000,-0.549079
B007_1,vibration,128,20,SDT,stall,2.621995e-01,311,311,128,1.0000,59,0,59,5.407155e-01,2.0622,-0.337059
B007_1,vibration,256,2,PROPOSED,none,0.000000e+00,2255,2255,256,1.0000,0,0,0,0.000000e+00,0.0000,9.731537
B007_1,vibration,256,2,SDT,unbounded,7.412433e-02,2256,2256,263,1.0273,0,0,0,0.000000e+00,0.0000,10.298766
B007_1,vibration,256,2,SDT,fifo_drop,7.412433e-02,2256,2249,256,1.0000,7,7,0,0.000000e+00,0.0000,9.953711
B007_1,vibration,256,2,SDT,stall,7.412433e-02,2250,2250,256,1.0000,11,0,11,2.409720e-01,3.2509,10.105967
B007_1,vibration,256,5,PROPOSED,none,0.000000e+00,1055,1055,256,1.0000,0,0,0,0.000000e+00,0.0000,1.189741
B007_1,vibration,256,5,SDT,unbounded,1.688348e-01,1054,1054,269,1.0508,0,0,0,0.000000e+00,0.0000,2.129780
B007_1,vibration,256,5,SDT,fifo_drop,1.688348e-01,1054,1041,256,1.0000,13,13,0,0.000000e+00,0.0000,2.035181
B007_1,vibration,256,5,SDT,stall,1.688348e-01,1041,1041,256,1.0000,32,0,32,6.462213e-01,3.8275,1.916563
B007_1,vibration,256,10,PROPOSED,none,0.000000e+00,655,655,256,1.0000,0,0,0,0.000000e+00,0.0000,-1.312133
B007_1,vibration,256,10,SDT,unbounded,2.097040e-01,656,656,265,1.0352,0,0,0,0.000000e+00,0.0000,0.568917
B007_1,vibration,256,10,SDT,fifo_drop,2.097040e-01,656,647,256,1.0000,9,9,0,0.000000e+00,0.0000,0.550034
B007_1,vibration,256,10,SDT,stall,2.097040e-01,649,649,256,1.0000,20,0,20,6.462213e-01,3.0816,0.519200
B007_1,vibration,256,20,PROPOSED,none,0.000000e+00,455,455,256,1.0000,0,0,0,0.000000e+00,0.0000,-2.832069
B007_1,vibration,256,20,SDT,unbounded,2.402852e-01,456,456,262,1.0234,0,0,0,0.000000e+00,0.0000,-0.047824
B007_1,vibration,256,20,SDT,fifo_drop,2.402852e-01,456,450,256,1.0000,6,6,0,0.000000e+00,0.0000,-0.054326
B007_1,vibration,256,20,SDT,stall,2.402852e-01,450,450,256,1.0000,48,0,48,4.259590e-01,1.7727,-0.140770
B007_1,vibration,512,2,PROPOSED,none,0.000000e+00,2511,2511,512,1.0000,0,0,0,0.000000e+00,0.0000,11.278019
B007_1,vibration,512,2,SDT,unbounded,6.071025e-02,2511,2511,513,1.0020,0,0,0,0.000000e+00,0.0000,12.779935
B007_1,vibration,512,2,SDT,fifo_drop,6.071025e-02,2511,2510,512,1.0000,1,1,0,0.000000e+00,0.0000,12.609309
B007_1,vibration,512,2,SDT,stall,6.071025e-02,2510,2510,512,1.0000,3,0,3,1.303540e-01,2.1471,12.735556
B007_1,vibration,512,5,PROPOSED,none,0.000000e+00,1311,1311,512,1.0000,0,0,0,0.000000e+00,0.0000,2.441439
B007_1,vibration,512,5,SDT,unbounded,1.448333e-01,1312,1312,516,1.0078,0,0,0,0.000000e+00,0.0000,3.406055
B007_1,vibration,512,5,SDT,fifo_drop,1.448333e-01,1312,1308,512,1.0000,4,4,0,0.000000e+00,0.0000,3.373696
B007_1,vibration,512,5,SDT,stall,1.448333e-01,1309,1309,512,1.0000,3,0,3,3.398140e-01,2.3462,3.372594
B007_1,vibration,512,10,PROPOSED,none,0.000000e+00,911,911,512,1.0000,0,0,0,0.000000e+00,0.0000,0.146033
B007_1,vibration,512,10,SDT,unbounded,1.798854e-01,911,911,512,1.0000,0,0,0,0.000000e+00,0.0000,1.469410
B007_1,vibration,512,10,SDT,fifo_drop,1.798854e-01,911,911,512,1.0000,0,0,0,0.000000e+00,0.0000,1.469410
B007_1,vibration,512,10,SDT,stall,1.798854e-01,911,911,512,1.0000,0,0,0,0.000000e+00,0.0000,1.469410
B007_1,vibration,512,20,PROPOSED,none,0.000000e+00,711,711,512,1.0000,0,0,0,0.000000e+00,0.0000,-1.223694
B007_1,vibration,512,20,SDT,unbounded,2.041739e-01,714,714,514,1.0039,0,0,0,0.000000e+00,0.0000,0.806707
B007_1,vibration,512,20,SDT,fifo_drop,2.041739e-01,714,712,512,1.0000,2,2,0,0.000000e+00,0.0000,0.794877
B007_1,vibration,512,20,SDT,stall,2.041739e-01,712,712,512,1.0000,37,0,37,2.886467e-01,1.4137,0.780086
B007_2,vibration,64,2,PROPOSED,none,0.000000e+00,2063,2063,64,1.0000,0,0,0,0.000000e+00,0.0000,8.633079
B007_2,vibration,64,2,SDT,unbounded,9.248000e-02,2064,2064,72,1.1250,0,0,0,0.000000e+00,0.0000,8.331200
B007_2,vibration,64,2,SDT,fifo_drop,9.248000e-02,2064,2056,64,1.0000,8,8,0,0.000000e+00,0.0000,7.975515
B007_2,vibration,64,2,SDT,stall,9.248000e-02,2056,2056,64,1.0000,15,0,15,3.253580e-01,3.5181,8.087401
B007_2,vibration,64,5,PROPOSED,none,0.000000e+00,863,863,64,1.0000,0,0,0,0.000000e+00,0.0000,0.097678
B007_2,vibration,64,5,SDT,unbounded,1.958825e-01,863,863,67,1.0469,0,0,0,0.000000e+00,0.0000,1.216340
B007_2,vibration,64,5,SDT,fifo_drop,1.958825e-01,863,860,64,1.0000,3,3,0,0.000000e+00,0.0000,1.181316
B007_2,vibration,64,5,SDT,stall,1.958825e-01,863,863,64,1.0000,6,0,6,2.843020e-01,1.4514,1.205450
B007_2,vibration,64,10,PROPOSED,none,0.000000e+00,463,463,64,1.0000,0,0,0,0.000000e+00,0.0000,-2.109516
B007_2,vibration,64,10,SDT,unbounded,2.408326e-01,462,462,67,1.0469,0,0,0,0.000000e+00,0.0000,-0.141007
B007_2,vibration,64,10,SDT,fifo_drop,2.408326e-01,462,459,64,1.0000,3,3,0,0.000000e+00,0.0000,-0.149723
B007_2,vibration,64,10,SDT,stall,2.408326e-01,459,459,64,1.0000,8,0,8,3.616619e-01,1.5017,-0.158199
B007_2,vibration,64,20,PROPOSED,none,0.000000e+00,263,263,64,1.0000,0,0,0,0.000000e+00,0.0000,-3.381220
B007_2,vibration,64,20,SDT,unbounded,2.762257e-01,264,264,64,1.0000,0,0,0,0.000000e+00,0.0000,-0.861330
B007_2,vibration,64,20,SDT,fifo_drop,2.762257e-01,264,264,64,1.0000,0,0,0,0.000000e+00,0.0000,-0.861330
B007_2,vibration,64,20,SDT,stall,2.762257e-01,264,264,64,1.0000,0,0,0,0.000000e+00,0.0000,-0.861330
B007_2,vibration,128,2,PROPOSED,none,0.000000e+00,2127,2127,128,1.0000,0,0,0,0.000000e+00,0.0000,8.971303
B007_2,vibration,128,2,SDT,unbounded,8.839680e-02,2127,2127,127,0.9922,0,0,0,0.000000e+00,0.0000,8.876517
B007_2,vibration,128,2,SDT,fifo_drop,8.839680e-02,2127,2127,127,0.9922,0,0,0,0.000000e+00,0.0000,8.876517
B007_2,vibration,128,2,SDT,stall,8.839680e-02,2127,2127,127,0.9922,0,0,0,0.000000e+00,0.0000,8.876517
B007_2,vibration,128,5,PROPOSED,none,0.000000e+00,927,927,128,1.0000,0,0,0,0.000000e+00,0.0000,0.515854
B007_2,vibration,128,5,SDT,unbounded,1.887498e-01,927,927,127,0.9922,0,0,0,0.000000e+00,0.0000,1.430839
B007_2,vibration,128,5,SDT,fifo_drop,1.887498e-01,927,927,127,0.9922,0,0,0,0.000000e+00,0.0000,1.430839
B007_2,vibration,128,5,SDT,stall,1.887498e-01,927,927,127,0.9922,0,0,0,0.000000e+00,0.0000,1.430839
B007_2,vibration,128,10,PROPOSED,none,0.000000e+00,527,527,128,1.0000,0,0,0,0.000000e+00,0.0000,-1.945910
B007_2,vibration,128,10,SDT,unbounded,2.320120e-01,527,527,127,0.9922,0,0,0,0.000000e+00,0.0000,0.097564
B007_2,vibration,128,10,SDT,fifo_drop,2.320120e-01,527,527,127,0.9922,0,0,0,0.000000e+00,0.0000,0.097564
B007_2,vibration,128,10,SDT,stall,2.320120e-01,527,527,127,0.9922,0,0,0,0.000000e+00,0.0000,0.097564
B007_2,vibration,128,20,PROPOSED,none,0.000000e+00,327,327,128,1.0000,0,0,0,0.000000e+00,0.0000,-3.081300
B007_2,vibration,128,20,SDT,unbounded,2.666924e-01,326,326,126,0.9844,0,0,0,0.000000e+00,0.0000,-0.532610
B007_2,vibration,128,20,SDT,fifo_drop,2.666924e-01,326,326,126,0.9844,0,0,0,0.000000e+00,0.0000,-0.532610
B007_2,vibration,128,20,SDT,stall,2.666924e-01,326,326,126,0.9844,0,0,0,0.000000e+00,0.0000,-0.532610
B007_2,vibration,256,2,PROPOSED,none,0.000000e+00,2255,2255,256,1.0000,0,0,0,0.000000e+00,0.0000,9.730928
B007_2,vibration,256,2,SDT,unbounded,7.890300e-02,2254,2254,254,0.9922,0,0,0,0.000000e+00,0.0000,10.108628
B007_2,vibration,256,2,SDT,fifo_drop,7.890300e-02,2254,2254,254,0.9922,0,0,0,0.000000e+00,0.0000,10.108628
B007_2,vibration,256,2,SDT,stall,7.890300e-02,2254,2254,254,0.9922,0,0,0,0.000000e+00,0.0000,10.108628
B007_2,vibration,256,5,PROPOSED,none,0.000000e+00,1055,1055,256,1.0000,0,0,0,0.000000e+00,0.0000,0.996901
B007_2,vibration,256,5,SDT,unbounded,1.777353e-01,1054,1054,254,0.9922,0,0,0,0.000000e+00,0.0000,1.988795
B007_2,vibration,256,5,SDT,fifo_drop,1.777353e-01,1054,1054,254,0.9922,0,0,0,0.000000e+00,0.0000,1.988795
B007_2,vibration,256,5,SDT,stall,1.777353e-01,1054,1054,254,0.9922,0,0,0,0.000000e+00,0.0000,1.988795
B007_2,vibration,256,10,PROPOSED,none,0.000000e+00,655,655,256,1.0000,0,0,0,0.000000e+00,0.0000,-1.189922
B007_2,vibration,256,10,SDT,unbounded,2.193835e-01,657,657,257,1.0039,0,0,0,0.000000e+00,0.0000,0.432650
B007_2,vibration,256,10,SDT,fifo_drop,2.193835e-01,657,656,256,1.0000,1,1,0,0.000000e+00,0.0000,0.423742
B007_2,vibration,256,10,SDT,stall,2.193835e-01,656,656,256,1.0000,1,0,1,5.960830e-01,2.7171,0.397205
B007_2,vibration,256,20,PROPOSED,none,0.000000e+00,455,455,256,1.0000,0,0,0,0.000000e+00,0.0000,-2.477930
B007_2,vibration,256,20,SDT,unbounded,2.429435e-01,456,456,256,1.0000,0,0,0,0.000000e+00,0.0000,-0.218416
B007_2,vibration,256,20,SDT,fifo_drop,2.429435e-01,456,456,256,1.0000,0,0,0,0.000000e+00,0.0000,-0.218416
B007_2,vibration,256,20,SDT,stall,2.429435e-01,456,456,256,1.0000,0,0,0,0.000000e+00,0.0000,-0.218416
B007_2,vibration,512,2,PROPOSED,none,0.000000e+00,2511,2511,512,1.0000,0,0,0,0.000000e+00,0.0000,11.198148
B007_2,vibration,512,2,SDT,unbounded,6.123800e-02,2510,2510,510,0.9961,0,0,0,0.000000e+00,0.0000,12.971770
B007_2,vibration,512,2,SDT,fifo_drop,6.123800e-02,2510,2510,510,0.9961,0,0,0,0.000000e+00,0.0000,12.971770
B007_2,vibration,512,2,SDT,stall,6.123800e-02,2510,2510,510,0.9961,0,0,0,0.000000e+00,0.0000,12.971770
B007_2,vibration,512,5,PROPOSED,none,0.000000e+00,1311,1311,512,1.0000,0,0,0,0.000000e+00,0.0000,2.319228
B007_2,vibration,512,5,SDT,unbounded,1.551793e-01,1311,1311,511,0.9980,0,0,0,0.000000e+00,0.0000,2.951512
B007_2,vibration,512,5,SDT,fifo_drop,1.551793e-01,1311,1311,511,0.9980,0,0,0,0.000000e+00,0.0000,2.951512
B007_2,vibration,512,5,SDT,stall,1.551793e-01,1311,1311,511,0.9980,0,0,0,0.000000e+00,0.0000,2.951512
B007_2,vibration,512,10,PROPOSED,none,0.000000e+00,911,911,512,1.0000,0,0,0,0.000000e+00,0.0000,0.424632
B007_2,vibration,512,10,SDT,unbounded,1.912059e-01,910,910,510,0.9961,0,0,0,0.000000e+00,0.0000,1.418226
B007_2,vibration,512,10,SDT,fifo_drop,1.912059e-01,910,910,510,0.9961,0,0,0,0.000000e+00,0.0000,1.418226
B007_2,vibration,512,10,SDT,stall,1.912059e-01,910,910,510,0.9961,0,0,0,0.000000e+00,0.0000,1.418226
B007_2,vibration,512,20,PROPOSED,none,0.000000e+00,711,711,512,1.0000,0,0,0,0.000000e+00,0.0000,-0.518046
B007_2,vibration,512,20,SDT,unbounded,2.128987e-01,710,710,510,0.9961,0,0,0,0.000000e+00,0.0000,0.551140
B007_2,vibration,512,20,SDT,fifo_drop,2.128987e-01,710,710,510,0.9961,0,0,0,0.000000e+00,0.0000,0.551140
B007_2,vibration,512,20,SDT,stall,2.128987e-01,710,710,510,0.9961,0,0,0,0.000000e+00,0.0000,0.551140
B007_3,vibration,64,2,PROPOSED,none,0.000000e+00,2063,2063,64,1.0000,0,0,0,0.000000e+00,0.0000,8.572842
B007_3,vibration,64,2,SDT,unbounded,9.662183e-02,2063,2063,98,1.5312,0,0,0,0.000000e+00,0.0000,8.458346
B007_3,vibration,64,2,SDT,fifo_drop,9.662183e-02,2063,2029,64,1.0000,34,34,0,0.000000e+00,0.0000,6.762786
B007_3,vibration,64,2,SDT,stall,9.662183e-02,2029,2029,64,1.0000,69,0,69,4.535185e-01,4.6937,7.255434
B007_3,vibration,64,5,PROPOSED,none,0.000000e+00,863,863,64,1.0000,0,0,0,0.000000e+00,0.0000,0.152474
B007_3,vibration,64,5,SDT,unbounded,2.111196e-01,864,864,105,1.6406,0,0,0,0.000000e+00,0.0000,1.136813
B007_3,vibration,64,5,SDT,fifo_drop,2.111196e-01,864,823,64,1.0000,41,41,0,0.000000e+00,0.0000,0.856381
B007_3,vibration,64,5,SDT,stall,2.111196e-01,823,823,64,1.0000,95,0,95,6.092403e-01,2.8858,0.786448
B007_3,vibration,64,10,PROPOSED,none,0.000000e+00,463,463,64,1.0000,0,0,0,0.000000e+00,0.0000,-2.273972
B007_3,vibration,64,10,SDT,unbounded,2.595944e-01,465,465,88,1.3750,0,0,0,0.000000e+00,0.0000,-0.189738
B007_3,vibration,64,10,SDT,fifo_drop,2.595944e-01,465,441,64,1.0000,24,24,0,0.000000e+00,0.0000,-0.366359
B007_3,vibration,64,10,SDT,stall,2.595944e-01,444,444,64,1.0000,96,0,96,6.022400e-01,2.3199,-0.430633
B007_3,vibration,64,20,PROPOSED,none,0.000000e+00,263,263,64,1.0000,0,0,0,0.000000e+00,0.0000,-3.791972
B007_3,vibration,64,20,SDT,unbounded,3.018051e-01,264,264,80,1.2500,0,0,0,0.000000e+00,0.0000,-0.758892
B007_3,vibration,64,20,SDT,fifo_drop,3.018051e-01,264,248,64,1.0000,16,16,0,0.000000e+00,0.0000,-0.830967
B007_3,vibration,64,20,SDT,stall,3.018051e-01,250,250,64,1.0000,175,0,175,5.563400e-01,1.8434,-1.079506
B007_3,vibration,128,2,PROPOSED,none,0.000000e+00,2127,2127,128,1.0000,0,0,0,0.000000e+00,0.0000,9.018010
B007_3,vibration,128,2,SDT,unbounded,9.242533e-02,2127,2127,151,1.1797,0,0,0,0.000000e+00,0.0000,8.926211
B007_3,vibration,128,2,SDT,fifo_drop,9.242533e-02,2127,2104,128,1.0000,23,23,0,0.000000e+00,0.0000,8.096033
B007_3,vibration,128,2,SDT,stall,9.242533e-02,2104,2104,128,1.0000,43,0,43,4.696000e-01,5.0809,8.100211
B007_3,vibration,128,5,PROPOSED,none,0.000000e+00,927,927,128,1.0000,0,0,0,0.000000e+00,0.0000,0.358282
B007_3,vibration,128,5,SDT,unbounded,2.042043e-01,927,927,161,1.2578,0,0,0,0.000000e+00,0.0000,1.280092
B007_3,vibration,128,5,SDT,fifo_drop,2.042043e-01,927,894,128,1.0000,33,33,0,0.000000e+00,0.0000,1.028877
B007_3,vibration,128,5,SDT,stall,2.042043e-01,894,894,128,1.0000,79,0,79,5.745328e-01,2.8135,1.035331
B007_3,vibration,128,10,PROPOSED,none,0.000000e+00,527,527,128,1.0000,0,0,0,0.000000e+00,0.0000,-2.021508
B007_3,vibration,128,10,SDT,unbounded,2.506282e-01,527,527,146,1.1406,0,0,0,0.000000e+00,0.0000,0.233625
B007_3,vibration,128,10,SDT,fifo_drop,2.506282e-01,527,509,128,1.0000,18,18,0,0.000000e+00,0.0000,0.100390
B007_3,vibration,128,10,SDT,stall,2.506282e-01,512,512,128,1.0000,81,0,81,5.511059e-01,2.1989,0.035308
B007_3,vibration,128,20,PROPOSED,none,0.000000e+00,327,327,128,1.0000,0,0,0,0.000000e+00,0.0000,-3.626352
B007_3,vibration,128,20,SDT,unbounded,2.854040e-01,328,328,140,1.0938,0,0,0,0.000000e+00,0.0000,-0.694516
B007_3,vibration,128,20,SDT,fifo_drop,2.854040e-01,328,316,128,1.0000,12,12,0,0.000000e+00,0.0000,-0.743316
B007_3,vibration,128,20,SDT,stall,2.854040e-01,318,318,128,1.0000,67,0,67,5.460370e-01,1.9132,-0.819522
B007_3,vibration,256,2,PROPOSED,none,0.000000e+00,2255,2255,256,1.0000,0,0,0,0.000000e+00,0.0000,9.728161
B007_3,vibration,256,2,SDT,unbounded,8.363086e-02,2255,2255,264,1.0312,0,0,0,0.000000e+00,0.0000,10.087465
B007_3,vibration,256,2,SDT,fifo_drop,8.363086e-02,2255,2247,256,1.0000,8,8,0,0.000000e+00,0.0000,9.548053
B007_3,vibration,256,2,SDT,stall,8.363086e-02,2247,2247,256,1.0000,18,0,18,3.410330e-01,4.0778,9.721954
B007_3,vibration,256,5,PROPOSED,none,0.000000e+00,1055,1055,256,1.0000,0,0,0,0.000000e+00,0.0000,1.230440
B007_3,vibration,256,5,SDT,unbounded,1.908070e-01,1054,1054,273,1.0664,0,0,0,0.000000e+00,0.0000,1.922436
B007_3,vibration,256,5,SDT,fifo_drop,1.908070e-01,1054,1037,256,1.0000,17,17,0,0.000000e+00,0.0000,1.779762
B007_3,vibration,256,5,SDT,stall,1.908070e-01,1037,1037,256,1.0000,33,0,33,5.745328e-01,3.0111,1.761768
B007_3,vibration,256,10,PROPOSED,none,0.000000e+00,655,655,256,1.0000,0,0,0,0.000000e+00,0.0000,-1.235300
B007_3,vibration,256,10,SDT,unbounded,2.355850e-01,655,655,264,1.0312,0,0,0,0.000000e+00,0.0000,0.191145
B007_3,vibration,256,10,SDT,fifo_drop,2.355850e-01,655,647,256,1.0000,8,8,0,0.000000e+00,0.0000,0.182569
B007_3,vibration,256,10,SDT,stall,2.355850e-01,647,647,256,1.0000,31,0,31,5.460370e-01,2.3178,0.150759
B007_3,vibration,256,20,PROPOSED,none,0.000000e+00,455,455,256,1.0000,0,0,0,0.000000e+00,0.0000,-2.562088
B007_3,vibration,256,20,SDT,unbounded,2.610397e-01,456,456,261,1.0195,0,0,0,0.000000e+00,0.0000,-0.235580
B007_3,vibration,256,20,SDT,fifo_drop,2.610397e-01,456,451,256,1.0000,5,5,0,0.000000e+00,0.0000,-0.262245
B007_3,vibration,256,20,SDT,stall,2.610397e-01,454,454,256,1.0000,46,0,46,5.460370e-01,2.0918,-0.255060
B007_3,vibration,512,2,PROPOSED,none,0.000000e+00,2511,2511,512,1.0000,0,0,0,0.000000e+00,0.0000,11.196512
B007_3,vibration,512,2,SDT,unbounded,6.611120e-02,2511,2511,517,1.0098,0,0,0,0.000000e+00,0.0000,12.828065
B007_3,vibration,512,2,SDT,fifo_drop,6.611120e-02,2511,2506,512,1.0000,5,5,0,0.000000e+00,0.0000,12.346981
B007_3,vibration,512,2,SDT,stall,6.611120e-02,2506,2506,512,1.0000,10,0,10,1.856635e-01,2.8084,12.651108
B007_3,vibration,512,5,PROPOSED,none,0.000000e+00,1311,1311,512,1.0000,0,0,0,0.000000e+00,0.0000,2.346712
B007_3,vibration,512,5,SDT,unbounded,1.629224e-01,1310,1310,520,1.0156,0,0,0,0.000000e+00,0.0000,3.223457
B007_3,vibration,512,5,SDT,fifo_drop,1.629224e-01,1310,1302,512,1.0000,8,8,0,0.000000e+00,0.0000,3.019158
B007_3,vibration,512,5,SDT,stall,1.629224e-01,1302,1302,512,1.0000,17,0,17,3.937025e-01,2.4165,3.158011
B007_3,vibration,512,10,PROPOSED,none,0.000000e+00,911,911,512,1.0000,0,0,0,0.000000e+00,0.0000,0.429125
B007_3,vibration,512,10,SDT,unbounded,2.062387e-01,911,911,518,1.0117,0,0,0,0.000000e+00,0.0000,1.226020
B007_3,vibration,512,10,SDT,fifo_drop,2.062387e-01,911,905,512,1.0000,6,6,0,0.000000e+00,0.0000,1.131307
B007_3,vibration,512,10,SDT,stall,2.062387e-01,907,907,512,1.0000,20,0,20,3.869747e-01,1.8763,1.197776
B007_3,vibration,512,20,PROPOSED,none,0.000000e+00,711,711,512,1.0000,0,0,0,0.000000e+00,0.0000,-0.921507
B007_3,vibration,512,20,SDT,unbounded,2.311990e-01,713,713,514,1.0039,0,0,0,0.000000e+00,0.0000,0.470141
B007_3,vibration,512,20,SDT,fifo_drop,2.311990e-01,713,711,512,1.0000,2,2,0,0.000000e+00,0.0000,0.464189
B007_3,vibration,512,20,SDT,stall,2.311990e-01,712,712,512,1.0000,7,0,7,3.061090e-01,1.3240,0.463621
OR007@6_0,vibration,64,2,PROPOSED,none,0.000000e+00,2063,2063,64,1.0000,0,0,0,0.000000e+00,0.0000,15.415117
OR007@6_0,vibration,64,2,SDT,unbounded,1.979574e-01,2064,2064,75,1.1719,0,0,0,0.000000e+00,0.0000,15.640660
OR007@6_0,vibration,64,2,SDT,fifo_drop,1.979574e-01,2064,2053,64,1.0000,11,11,0,0.000000e+00,0.0000,14.562878
OR007@6_0,vibration,64,2,SDT,stall,1.979574e-01,2053,2053,64,1.0000,28,0,28,9.884180e-01,4.9931,15.122291
OR007@6_0,vibration,64,5,PROPOSED,none,0.000000e+00,863,863,64,1.0000,0,0,0,0.000000e+00,0.0000,4.986648
OR007@6_0,vibration,64,5,SDT,unbounded,5.599950e-01,863,863,75,1.1719,0,0,0,0.000000e+00,0.0000,7.217347
OR007@6_0,vibration,64,5,SDT,fifo_drop,5.599950e-01,863,852,64,1.0000,11,11,0,0.000000e+00,0.0000,6.740742
OR007@6_0,vibration,64,5,SDT,stall,5.599950e-01,853,853,64,1.0000,20,0,20,2.664613e+00,4.7583,6.951178
OR007@6_0,vibration,64,10,PROPOSED,none,0.000000e+00,463,463,64,1.0000,0,0,0,0.000000e+00,0.0000,-2.366448
OR007@6_0,vibration,64,10,SDT,unbounded,1.224626e+00,462,462,72,1.1250,0,0,0,0.000000e+00,0.0000,0.809942
OR007@6_0,vibration,64,10,SDT,fifo_drop,1.224626e+00,462,454,64,1.0000,8,8,0,0.000000e+00,0.0000,0.625765
OR007@6_0,vibration,64,10,SDT,stall,1.224626e+00,455,455,64,1.0000,16,0,16,2.982580e+00,2.4355,0.687808
OR007@6_0,vibration,64,20,PROPOSED,none,0.000000e+00,263,263,64,1.0000,0,0,0,0.000000e+00,0.0000,-4.517239
OR007@6_0,vibration,64,20,SDT,unbounded,1.695619e+00,264,264,70,1.0938,0,0,0,0.000000e+00,0.0000,-1.077764
OR007@6_0,vibration,64,20,SDT,fifo_drop,1.695619e+00,264,258,64,1.0000,6,6,0,0.000000e+00,0.0000,-1.631200
OR007@6_0,vibration,64,20,SDT,stall,1.695619e+00,258,258,64,1.0000,27,0,27,4.099321e+00,2.4176,-1.177487
OR007@6_0,vibration,128,2,PROPOSED,none,0.000000e+00,2127,2127,128,1.0000,0,0,0,0.000000e+00,0.0000,16.027013
OR007@6_0,vibration,128,2,SDT,unbounded,1.883981e-01,2128,2128,134,1.0469,0,0,0,0.000000e+00,0.0000,16.106491
OR007@6_0,vibration,128,2,SDT,fifo_drop,1.883981e-01,2128,2122,128,1.0000,6,6,0,0.000000e+00,0.0000,15.236465
OR007@6_0,vibration,128,2,SDT,stall,1.883981e-01,2122,2122,128,1.0000,8,0,8,1.802218e+00,9.5660,15.276154
OR007@6_0,vibration,128,5,PROPOSED,none,0.000000e+00,927,927,128,1.0000,0,0,0,0.000000e+00,0.0000,5.659971
OR007@6_0,vibration,128,5,SDT,unbounded,5.113803e-01,928,928,137,1.0703,0,0,0,0.000000e+00,0.0000,7.444375
OR007@6_0,vibration,128,5,SDT,fifo_drop,5.113803e-01,928,919,128,1.0000,9,9,0,0.000000e+00,0.0000,6.654272
OR007@6_0,vibration,128,5,SDT,stall,5.113803e-01,919,919,128,1.0000,17,0,17,2.664613e+00,5.2106,6.936758
OR007@6_0,vibration,128,10,PROPOSED,none,0.000000e+00,527,527,128,1.0000,0,0,0,0.000000e+00,0.0000,-1.518958
OR007@6_0,vibration,128,10,SDT,unbounded,1.069771e+00,528,528,133,1.0391,0,0,0,0.000000e+00,0.0000,1.580645
OR007@6_0,vibration,128,10,SDT,fifo_drop,1.069771e+00,528,523,128,1.0000,5,5,0,0.000000e+00,0.0000,1.502107
OR007@6_0,vibration,128,10,SDT,stall,1.069771e+00,523,523,128,1.0000,13,0,13,2.801330e+00,2.6186,1.512645
OR007@6_0,vibration,128,20,PROPOSED,none,0.000000e+00,327,327,128,1.0000,0,0,0,0.000000e+00,0.0000,-4.285051
OR007@6_0,vibration,128,20,SDT,unbounded,1.523966e+00,328,328,132,1.0312,0,0,0,0.000000e+00,0.0000,-0.514065
OR007@6_0,vibration,128,20,SDT,fifo_drop,1.523966e+00,328,324,128,1.0000,4,4,0,0.000000e+00,0.0000,-0.545581
OR007@6_0,vibration,128,20,SDT,stall,1.523966e+00,324,324,128,1.0000,8,0,8,2.685143e+00,1.7619,-0.510245
OR007@6_0,vibration,256,2,PROPOSED,none,0.000000e+00,2255,2255,256,1.0000,0,0,0,0.000000e+00,0.0000,16.762849
OR007@6_0,vibration,256,2,SDT,unbounded,1.708613e-01,2255,2255,259,1.0117,0,0,0,0.000000e+00,0.0000,17.109641
OR007@6_0,vibration,256,2,SDT,fifo_drop,1.708613e-01,2255,2252,256,1.0000,3,3,0,0.000000e+00,0.0000,16.833924
OR007@6_0,vibration,256,2,SDT,stall,1.708613e-01,2252,2252,256,1.0000,4,0,4,1.802218e+00,10.5478,15.973493
OR007@6_0,vibration,256,5,PROPOSED,none,0.000000e+00,1055,1055,256,1.0000,0,0,0,0.000000e+00,0.0000,5.948340
OR007@6_0,vibration,256,5,SDT,unbounded,4.534260e-01,1057,1057,263,1.0273,0,0,0,0.000000e+00,0.0000,8.265194
OR007@6_0,vibration,256,5,SDT,fifo_drop,4.534260e-01,1057,1050,256,1.0000,7,7,0,0.000000e+00,0.0000,7.588428
OR007@6_0,vibration,256,5,SDT,stall,4.534260e-01,1050,1050,256,1.0000,8,0,8,2.801330e+00,6.1781,7.924326
OR007@6_0,vibration,256,10,PROPOSED,none,0.000000e+00,655,655,256,1.0000,0,0,0,0.000000e+00,0.0000,0.021540
OR007@6_0,vibration,256,10,SDT,unbounded,8.292317e-01,655,655,260,1.0156,0,0,0,0.000000e+00,0.0000,4.117643
OR007@6_0,vibration,256,10,SDT,fifo_drop,8.292317e-01,655,651,256,1.0000,4,4,0,0.000000e+00,0.0000,3.914267
OR007@6_0,vibration,256,10,SDT,stall,8.292317e-01,651,651,256,1.0000,7,0,7,2.566340e+00,3.0948,4.023387
OR007@6_0,vibration,256,20,PROPOSED,none,0.000000e+00,455,455,256,1.0000,0,0,0,0.000000e+00,0.0000,-2.312658
OR007@6_0,vibration,256,20,SDT,unbounded,1.243305e+00,455,455,257,1.0039,0,0,0,0.000000e+00,0.0000,0.988123
OR007@6_0,vibration,256,20,SDT,fifo_drop,1.243305e+00,455,454,256,1.0000,1,1,0,0.000000e+00,0.0000,0.668860
OR007@6_0,vibration,256,20,SDT,stall,1.243305e+00,454,454,256,1.0000,2,0,2,1.278500e+00,1.0283,0.985997
OR007@6_0,vibration,512,2,PROPOSED,none,0.000000e+00,2511,2511,512,1.0000,0,0,0,0.000000e+00,0.0000,18.134653
OR007@6_0,vibration,512,2,SDT,unbounded,1.318433e-01,2511,2511,511,0.9980,0,0,0,0.000000e+00,0.0000,19.718492
OR007@6_0,vibration,512,2,SDT,fifo_drop,1.318433e-01,2511,2511,511,0.9980,0,0,0,0.000000e+00,0.0000,19.718492
OR007@6_0,vibration,512,2,SDT,stall,1.318433e-01,2511,2511,511,0.9980,0,0,0,0.000000e+00,0.0000,19.718492
OR007@6_0,vibration,512,5,PROPOSED,none,0.000000e+00,1311,1311,512,1.0000,0,0,0,0.000000e+00,0.0000,7.473843
OR007@6_0,vibration,512,5,SDT,unbounded,3.666977e-01,1313,1313,513,1.0020,0,0,0,0.000000e+00,0.0000,10.033398
OR007@6_0,vibration,512,5,SDT,fifo_drop,3.666977e-01,1313,1312,512,1.0000,1,1,0,0.000000e+00,0.0000,9.590419
OR007@6_0,vibration,512,5,SDT,stall,3.666977e-01,1312,1312,512,1.0000,1,0,1,1.715857e+00,4.6792,9.951639
OR007@6_0,vibration,512,10,PROPOSED,none,0.000000e+00,911,911,512,1.0000,0,0,0,0.000000e+00,0.0000,4.469475
OR007@6_0,vibration,512,10,SDT,unbounded,5.200627e-01,911,911,514,1.0039,0,0,0,0.000000e+00,0.0000,7.397953
OR007@6_0,vibration,512,10,SDT,fifo_drop,5.200627e-01,911,909,512,1.0000,2,2,0,0.000000e+00,0.0000,7.368326
OR007@6_0,vibration,512,10,SDT,stall,5.200627e-01,909,909,512,1.0000,3,0,3,1.871795e+00,3.5992,7.301522
OR007@6_0,vibration,512,20,PROPOSED,none,0.000000e+00,711,711,512,1.0000,0,0,0,0.000000e+00,0.0000,2.726058
OR007@6_0,vibration,512,20,SDT,unbounded,7.490967e-01,711,711,513,1.0020,0,0,0,0.000000e+00,0.0000,5.297589
OR007@6_0,vibration,512,20,SDT,fifo_drop,7.490967e-01,711,710,512,1.0000,1,1,0,0.000000e+00,0.0000,5.022996
OR007@6_0,vibration,512,20,SDT,stall,7.490967e-01,710,710,512,1.0000,1,0,1,1.715857e+00,2.2906,5.269941
OR007@6_1,vibration,64,2,PROPOSED,none,0.000000e+00,2063,2063,64,1.0000,0,0,0,0.000000e+00,0.0000,14.333172
OR007@6_1,vibration,64,2,SDT,unbounded,2.008783e-01,2063,2063,100,1.5625,0,0,0,0.000000e+00,0.0000,14.038696
OR007@6_1,vibration,64,2,SDT,fifo_drop,2.008783e-01,2063,2027,64,1.0000,36,36,0,0.000000e+00,0.0000,11.326240
OR007@6_1,vibration,64,2,SDT,stall,2.008783e-01,2027,2027,64,1.0000,48,0,48,2.414192e+00,12.0182,10.219727
OR007@6_1,vibration,64,5,PROPOSED,none,0.000000e+00,863,863,64,1.0000,0,0,0,0.000000e+00,0.0000,5.115364
OR007@6_1,vibration,64,5,SDT,unbounded,4.864933e-01,864,864,92,1.4375,0,0,0,0.000000e+00,0.0000,6.613064
OR007@6_1,vibration,64,5,SDT,fifo_drop,4.864933e-01,864,836,64,1.0000,28,28,0,0.000000e+00,0.0000,5.142088
OR007@6_1,vibration,64,5,SDT,stall,4.864933e-01,836,836,64,1.0000,66,0,66,2.746643e+00,5.6458,5.573693
OR007@6_1,vibration,64,10,PROPOSED,none,0.000000e+00,463,463,64,1.0000,0,0,0,0.000000e+00,0.0000,-2.154525
OR007@6_1,vibration,64,10,SDT,unbounded,1.031599e+00,464,464,83,1.2969,0,0,0,0.000000e+00,0.0000,1.018883
OR007@6_1,vibration,64,10,SDT,fifo_drop,1.031599e+00,464,445,64,1.0000,19,19,0,0.000000e+00,0.0000,-0.324206
OR007@6_1,vibration,64,10,SDT,stall,1.031599e+00,442,442,64,1.0000,52,0,52,2.773715e+00,2.6888,0.801797
OR007@6_1,vibration,64,20,PROPOSED,none,0.000000e+00,263,263,64,1.0000,0,0,0,0.000000e+00,0.0000,-5.256219
OR007@6_1,vibration,64,20,SDT,unbounded,1.474505e+00,264,264,75,1.1719,0,0,0,0.000000e+00,0.0000,-1.113012
OR007@6_1,vibration,64,20,SDT,fifo_drop,1.474505e+00,264,253,64,1.0000,11,11,0,0.000000e+00,0.0000,-1.756924
OR007@6_1,vibration,64,20,SDT,stall,1.474505e+00,254,254,64,1.0000,36,0,36,4.785338e+00,3.2454,-1.264139
OR007@6_1,vibration,128,2,PROPOSED,none,0.000000e+00,2127,2127,128,1.0000,0,0,0,0.000000e+00,0.0000,14.670385
OR007@6_1,vibration,128,2,SDT,unbounded,1.931963e-01,2127,2127,155,1.2109,0,0,0,0.000000e+00,0.0000,14.557316
OR007@6_1,vibration,128,2,SDT,fifo_drop,1.931963e-01,2127,2100,128,1.0000,27,27,0,0.000000e+00,0.0000,12.590421
OR007@6_1,vibration,128,2,SDT,stall,1.931963e-01,2100,2100,128,1.0000,31,0,31,2.414192e+00,12.4961,11.773643
OR007@6_1,vibration,128,5,PROPOSED,none,0.000000e+00,927,927,128,1.0000,0,0,0,0.000000e+00,0.0000,5.477842
OR007@6_1,vibration,128,5,SDT,unbounded,4.518263e-01,926,926,150,1.1719,0,0,0,0.000000e+00,0.0000,7.306874
OR007@6_1,vibration,128,5,SDT,fifo_drop,4.518263e-01,926,904,128,1.0000,22,22,0,0.000000e+00,0.0000,6.179710
OR007@6_1,vibration,128,5,SDT,stall,4.518263e-01,905,905,128,1.0000,39,0,39,2.668606e+00,5.9063,6.706872
OR007@6_1,vibration,128,10,PROPOSED,none,0.000000e+00,527,527,128,1.0000,0,0,0,0.000000e+00,0.0000,-1.701886
OR007@6_1,vibration,128,10,SDT,unbounded,9.010172e-01,528,528,150,1.1719,0,0,0,0.000000e+00,0.0000,2.352496
OR007@6_1,vibration,128,10,SDT,fifo_drop,9.010172e-01,528,506,128,1.0000,22,22,0,0.000000e+00,0.0000,1.405564
OR007@6_1,vibration,128,10,SDT,stall,9.010172e-01,506,506,128,1.0000,57,0,57,2.970997e+00,3.2974,1.941623
OR007@6_1,vibration,128,20,PROPOSED,none,0.000000e+00,327,327,128,1.0000,0,0,0,0.000000e+00,0.0000,-4.812964
OR007@6_1,vibration,128,20,SDT,unbounded,1.339025e+00,327,327,137,1.0703,0,0,0,0.000000e+00,0.0000,-0.565955
OR007@6_1,vibration,128,20,SDT,fifo_drop,1.339025e+00,327,318,128,1.0000,9,9,0,0.000000e+00,0.0000,-1.016710
OR007@6_1,vibration,128,20,SDT,stall,1.339025e+00,318,318,128,1.0000,20,0,20,4.539926e+00,3.3905,-0.682051
OR007@6_1,vibration,256,2,PROPOSED,none,0.000000e+00,2255,2255,256,1.0000,0,0,0,0.000000e+00,0.0000,15.642974
OR007@6_1,vibration,256,2,SDT,unbounded,1.712823e-01,2255,2255,278,1.0859,0,0,0,0.000000e+00,0.0000,15.807264
OR007@6_1,vibration,256,2,SDT,fifo_drop,1.712823e-01,2255,2233,256,1.0000,22,22,0,0.000000e+00,0.0000,13.370768
OR007@6_1,vibration,256,2,SDT,stall,1.712823e-01,2233,2233,256,1.0000,31,0,31,2.414192e+00,14.0948,12.485274
OR007@6_1,vibration,256,5,PROPOSED,none,0.000000e+00,1055,1055,256,1.0000,0,0,0,0.000000e+00,0.0000,5.946077
OR007@6_1,vibration,256,5,SDT,unbounded,4.024333e-01,1056,1056,280,1.0938,0,0,0,0.000000e+00,0.0000,8.040889
OR007@6_1,vibration,256,5,SDT,fifo_drop,4.024333e-01,1056,1032,256,1.0000,24,24,0,0.000000e+00,0.0000,7.115999
OR007@6_1,vibration,256,5,SDT,stall,4.024333e-01,1033,1033,256,1.0000,41,0,41,3.783032e+00,9.4004,6.673741
OR007@6_1,vibration,256,10,PROPOSED,none,0.000000e+00,655,655,256,1.0000,0,0,0,0.000000e+00,0.0000,0.255438
OR007@6_1,vibration,256,10,SDT,unbounded,6.881691e-01,656,656,271,1.0586,0,0,0,0.000000e+00,0.0000,4.318061
OR007@6_1,vibration,256,10,SDT,fifo_drop,6.881691e-01,656,641,256,1.0000,15,15,0,0.000000e+00,0.0000,3.976746
OR007@6_1,vibration,256,10,SDT,stall,6.881691e-01,642,642,256,1.0000,30,0,30,3.258720e+00,4.7353,3.879333
OR007@6_1,vibration,256,20,PROPOSED,none,0.000000e+00,455,455,256,1.0000,0,0,0,0.000000e+00,0.0000,-3.261214
OR007@6_1,vibration,256,20,SDT,unbounded,1.053121e+00,455,455,265,1.0352,0,0,0,0.000000e+00,0.0000,1.146545
OR007@6_1,vibration,256,20,SDT,fifo_drop,1.053121e+00,455,446,256,1.0000,9,9,0,0.000000e+00,0.0000,0.896310
OR007@6_1,vibration,256,20,SDT,stall,1.053121e+00,446,446,256,1.0000,17,0,17,2.773715e+00,2.6338,1.021105
OR007@6_1,vibration,512,2,PROPOSED,none,0.000000e+00,2511,2511,512,1.0000,0,0,0,0.000000e+00,0.0000,17.021949
OR007@6_1,vibration,512,2,SDT,unbounded,1.303537e-01,2512,2512,519,1.0137,0,0,0,0.000000e+00,0.0000,18.800878
OR007@6_1,vibration,512,2,SDT,fifo_drop,1.303537e-01,2512,2505,512,1.0000,7,7,0,0.000000e+00,0.0000,18.170877
OR007@6_1,vibration,512,2,SDT,stall,1.303537e-01,2506,2506,512,1.0000,18,0,18,5.638535e-01,4.3256,18.488136
OR007@6_1,vibration,512,5,PROPOSED,none,0.000000e+00,1311,1311,512,1.0000,0,0,0,0.000000e+00,0.0000,7.608765
OR007@6_1,vibration,512,5,SDT,unbounded,3.348745e-01,1312,1312,532,1.0391,0,0,0,0.000000e+00,0.0000,9.626965
OR007@6_1,vibration,512,5,SDT,fifo_drop,3.348745e-01,1312,1292,512,1.0000,20,20,0,0.000000e+00,0.0000,7.874598
OR007@6_1,vibration,512,5,SDT,stall,3.348745e-01,1293,1293,512,1.0000,42,0,42,2.391045e+00,7.1401,8.803412
OR007@6_1,vibration,512,10,PROPOSED,none,0.000000e+00,911,911,512,1.0000,0,0,0,0.000000e+00,0.0000,5.117868
OR007@6_1,vibration,512,10,SDT,unbounded,4.637981e-01,912,912,523,1.0215,0,0,0,0.000000e+00,0.0000,7.096678
OR007@6_1,vibration,512,10,SDT,fifo_drop,4.637981e-01,912,901,512,1.0000,11,11,0,0.000000e+00,0.0000,6.204450
OR007@6_1,vibration,512,10,SDT,stall,4.637981e-01,903,903,512,1.0000,24,0,24,9.475037e-01,2.0429,6.984664
OR007@6_1,vibration,512,20,PROPOSED,none,0.000000e+00,711,711,512,1.0000,0,0,0,0.000000e+00,0.0000,3.125576
OR007@6_1,vibration,512,20,SDT,unbounded,6.086148e-01,712,712,517,1.0098,0,0,0,0.000000e+00,0.0000,5.043196
OR007@6_1,vibration,512,20,SDT,fifo_drop,6.086148e-01,712,707,512,1.0000,5,5,0,0.000000e+00,0.0000,4.928030
OR007@6_1,vibration,512,20,SDT,stall,6.086148e-01,708,708,512,1.0000,28,0,28,9.475037e-01,1.5568,4.938425
OR007@6_2,vibration,64,2,PROPOSED,none,0.000000e+00,2063,2063,64,1.0000,0,0,0,0.000000e+00,0.0000,14.883291
OR007@6_2,vibration,64,2,SDT,unbounded,1.798967e-01,2064,2064,93,1.4531,0,0,0,0.000000e+00,0.0000,14.799522
OR007@6_2,vibration,64,2,SDT,fifo_drop,1.798967e-01,2064,2035,64,1.0000,29,29,0,0.000000e+00,0.0000,12.738472
OR007@6_2,vibration,64,2,SDT,stall,1.798967e-01,2035,2035,64,1.0000,42,0,42,3.058247e+00,17.0000,11.228301
OR007@6_2,vibration,64,5,PROPOSED,none,0.000000e+00,863,863,64,1.0000,0,0,0,0.000000e+00,0.0000,4.750850
OR007@6_2,vibration,64,5,SDT,unbounded,4.675420e-01,863,863,88,1.3750,0,0,0,0.000000e+00,0.0000,6.141276
OR007@6_2,vibration,64,5,SDT,fifo_drop,4.675420e-01,863,839,64,1.0000,24,24,0,0.000000e+00,0.0000,5.272371
OR007@6_2,vibration,64,5,SDT,stall,4.675420e-01,841,841,64,1.0000,58,0,58,3.193475e+00,6.8303,5.279767
OR007@6_2,vibration,64,10,PROPOSED,none,0.000000e+00,463,463,64,1.0000,0,0,0,0.000000e+00,0.0000,-2.376068
OR007@6_2,vibration,64,10,SDT,unbounded,9.841792e-01,465,465,83,1.2969,0,0,0,0.000000e+00,0.0000,0.774819
OR007@6_2,vibration,64,10,SDT,fifo_drop,9.841792e-01,465,446,64,1.0000,19,19,0,0.000000e+00,0.0000,-0.272199
OR007@6_2,vibration,64,10,SDT,stall,9.841792e-01,449,449,64,1.0000,48,0,48,2.643091e+00,2.6856,0.514829
OR007@6_2,vibration,64,20,PROPOSED,none,0.000000e+00,263,263,64,1.0000,0,0,0,0.000000e+00,0.0000,-5.399373
OR007@6_2,vibration,64,20,SDT,unbounded,1.406688e+00,263,263,71,1.1094,0,0,0,0.000000e+00,0.0000,-1.018136
OR007@6_2,vibration,64,20,SDT,fifo_drop,1.406688e+00,263,256,64,1.0000,7,7,0,0.000000e+00,0.0000,-1.006542
OR007@6_2,vibration,64,20,SDT,stall,1.406688e+00,257,257,64,1.0000,66,0,66,3.058247e+00,2.1741,-1.168614
OR007@6_2,vibration,128,2,PROPOSED,none,0.000000e+00,2127,2127,128,1.0000,0,0,0,0.000000e+00,0.0000,15.507929
OR007@6_2,vibration,128,2,SDT,unbounded,1.690340e-01,2128,2128,151,1.1797,0,0,0,0.000000e+00,0.0000,15.455292
OR007@6_2,vibration,128,2,SDT,fifo_drop,1.690340e-01,2128,2105,128,1.0000,23,23,0,0.000000e+00,0.0000,12.580534
OR007@6_2,vibration,128,2,SDT,stall,1.690340e-01,2105,2105,128,1.0000,33,0,33,1.954703e+00,11.5640,13.443173
OR007@6_2,vibration,128,5,PROPOSED,none,0.000000e+00,927,927,128,1.0000,0,0,0,0.000000e+00,0.0000,4.881534
OR007@6_2,vibration,128,5,SDT,unbounded,4.414848e-01,925,925,147,1.1484,0,0,0,0.000000e+00,0.0000,6.674533
OR007@6_2,vibration,128,5,SDT,fifo_drop,4.414848e-01,925,906,128,1.0000,19,19,0,0.000000e+00,0.0000,5.261133
OR007@6_2,vibration,128,5,SDT,stall,4.414848e-01,907,907,128,1.0000,37,0,37,3.058247e+00,6.9272,5.978541
OR007@6_2,vibration,128,10,PROPOSED,none,0.000000e+00,527,527,128,1.0000,0,0,0,0.000000e+00,0.0000,-1.288195
OR007@6_2,vibration,128,10,SDT,unbounded,8.716690e-01,528,528,143,1.1172,0,0,0,0.000000e+00,0.0000,1.808040
OR007@6_2,vibration,128,10,SDT,fifo_drop,8.716690e-01,528,513,128,1.0000,15,15,0,0.000000e+00,0.0000,1.192449
OR007@6_2,vibration,128,10,SDT,stall,8.716690e-01,513,513,128,1.0000,37,0,37,2.643091e+00,3.0322,1.569113
OR007@6_2,vibration,128,20,PROPOSED,none,0.000000e+00,327,327,128,1.0000,0,0,0,0.000000e+00,0.0000,-4.137214
OR007@6_2,vibration,128,20,SDT,unbounded,1.221588e+00,328,328,136,1.0625,0,0,0,0.000000e+00,0.0000,-0.722023
OR007@6_2,vibration,128,20,SDT,fifo_drop,1.221588e+00,328,320,128,1.0000,8,8,0,0.000000e+00,0.0000,-1.075866
OR007@6_2,vibration,128,20,SDT,stall,1.221588e+00,321,321,128,1.0000,22,0,22,2.643091e+00,2.1637,-0.884274
OR007@6_2,vibration,256,2,PROPOSED,none,0.000000e+00,2255,2255,256,1.0000,0,0,0,0.000000e+00,0.0000,15.714055
OR007@6_2,vibration,256,2,SDT,unbounded,1.525090e-01,2255,2255,276,1.0781,0,0,0,0.000000e+00,0.0000,16.632234
OR007@6_2,vibration,256,2,SDT,fifo_drop,1.525090e-01,2255,2235,256,1.0000,20,20,0,0.000000e+00,0.0000,15.547116
OR007@6_2,vibration,256,2,SDT,stall,1.525090e-01,2236,2236,256,1.0000,27,0,27,3.058247e+00,20.0529,12.639080
OR007@6_2,vibration,256,5,PROPOSED,none,0.000000e+00,1055,1055,256,1.0000,0,0,0,0.000000e+00,0.0000,5.782417
OR007@6_2,vibration,256,5,SDT,unbounded,3.874077e-01,1055,1055,273,1.0664,0,0,0,0.000000e+00,0.0000,8.127353
OR007@6_2,vibration,256,5,SDT,fifo_drop,3.874077e-01,1055,1038,256,1.0000,17,17,0,0.000000e+00,0.0000,7.399855
OR007@6_2,vibration,256,5,SDT,stall,3.874077e-01,1039,1039,256,1.0000,28,0,28,2.407153e+00,6.2135,7.613880
OR007@6_2,vibration,256,10,PROPOSED,none,0.000000e+00,655,655,256,1.0000,0,0,0,0.000000e+00,0.0000,-0.018864
OR007@6_2,vibration,256,10,SDT,unbounded,6.540448e-01,654,654,266,1.0391,0,0,0,0.000000e+00,0.0000,4.074543
OR007@6_2,vibration,256,10,SDT,fifo_drop,6.540448e-01,654,644,256,1.0000,10,10,0,0.000000e+00,0.0000,3.714975
OR007@6_2,vibration,256,10,SDT,stall,6.540448e-01,644,644,256,1.0000,20,0,20,2.437204e+00,3.7264,3.834626
OR007@6_2,vibration,256,20,PROPOSED,none,0.000000e+00,455,455,256,1.0000,0,0,0,0.000000e+00,0.0000,-2.313530
OR007@6_2,vibration,256,20,SDT,unbounded,9.925310e-01,455,455,263,1.0273,0,0,0,0.000000e+00,0.0000,0.656380
OR007@6_2,vibration,256,20,SDT,fifo_drop,9.925310e-01,455,448,256,1.0000,7,7,0,0.000000e+00,0.0000,0.546316
OR007@6_2,vibration,256,20,SDT,stall,9.925310e-01,449,449,256,1.0000,23,0,23,2.514022e+00,2.5329,0.574988
OR007@6_2,vibration,512,2,PROPOSED,none,0.000000e+00,2511,2511,512,1.0000,0,0,0,0.000000e+00,0.0000,17.526775
OR007@6_2,vibration,512,2,SDT,unbounded,1.176297e-01,2511,2511,520,1.0156,0,0,0,0.000000e+00,0.0000,19.271604
OR007@6_2,vibration,512,2,SDT,fifo_drop,1.176297e-01,2511,2503,512,1.0000,8,8,0,0.000000e+00,0.0000,18.633456
OR007@6_2,vibration,512,2,SDT,stall,1.176297e-01,2503,2503,512,1.0000,15,0,15,4.854775e-01,4.1272,18.911775
OR007@6_2,vibration,512,5,PROPOSED,none,0.000000e+00,1311,1311,512,1.0000,0,0,0,0.000000e+00,0.0000,7.652467
OR007@6_2,vibration,512,5,SDT,unbounded,3.246959e-01,1312,1312,524,1.0234,0,0,0,0.000000e+00,0.0000,9.697006
OR007@6_2,vibration,512,5,SDT,fifo_drop,3.246959e-01,1312,1300,512,1.0000,12,12,0,0.000000e+00,0.0000,9.300710
OR007@6_2,vibration,512,5,SDT,stall,3.246959e-01,1301,1301,512,1.0000,31,0,31,1.033595e+00,3.1833,9.500484
OR007@6_2,vibration,512,10,PROPOSED,none,0.000000e+00,911,911,512,1.0000,0,0,0,0.000000e+00,0.0000,4.588562
OR007@6_2,vibration,512,10,SDT,unbounded,4.469465e-01,912,912,519,1.0137,0,0,0,0.000000e+00,0.0000,6.688972
OR007@6_2,vibration,512,10,SDT,fifo_drop,4.469465e-01,912,905,512,1.0000,7,7,0,0.000000e+00,0.0000,6.380603
OR007@6_2,vibration,512,10,SDT,stall,4.469465e-01,907,907,512,1.0000,34,0,34,1.090075e+00,2.4389,6.601517
OR007@6_2,vibration,512,20,PROPOSED,none,0.000000e+00,711,711,512,1.0000,0,0,0,0.000000e+00,0.0000,1.927647
OR007@6_2,vibration,512,20,SDT,unbounded,5.862557e-01,712,712,514,1.0039,0,0,0,0.000000e+00,0.0000,4.421362
OR007@6_2,vibration,512,20,SDT,fifo_drop,5.862557e-01,712,710,512,1.0000,2,2,0,0.000000e+00,0.0000,4.417692
OR007@6_2,vibration,512,20,SDT,stall,5.862557e-01,710,710,512,1.0000,4,0,4,1.090075e+00,1.8594,4.396811
OR007@6_3,vibration,64,2,PROPOSED,none,0.000000e+00,2063,2063,64,1.0000,0,0,0,0.000000e+00,0.0000,15.802336
OR007@6_3,vibration,64,2,SDT,unbounded,1.661917e-01,2063,2063,89,1.3906,0,0,0,0.000000e+00,0.0000,15.580438
OR007@6_3,vibration,64,2,SDT,fifo_drop,1.661917e-01,2063,2038,64,1.0000,25,25,0,0.000000e+00,0.0000,12.610880
OR007@6_3,vibration,64,2,SDT,stall,1.661917e-01,2038,2038,64,1.0000,49,0,49,1.855212e+00,11.1631,13.393113
OR007@6_3,vibration,64,5,PROPOSED,none,0.000000e+00,863,863,64,1.0000,0,0,0,0.000000e+00,0.0000,4.517982
OR007@6_3,vibration,64,5,SDT,unbounded,4.631024e-01,864,864,88,1.3750,0,0,0,0.000000e+00,0.0000,6.687389
OR007@6_3,vibration,64,5,SDT,fifo_drop,4.631024e-01,864,840,64,1.0000,24,24,0,0.000000e+00,0.0000,5.586328
OR007@6_3,vibration,64,5,SDT,stall,4.631024e-01,841,841,64,1.0000,44,0,44,2.689012e+00,5.8065,5.893715
OR007@6_3,vibration,64,10,PROPOSED,none,0.000000e+00,463,463,64,1.0000,0,0,0,0.000000e+00,0.0000,-1.892515
OR007@6_3,vibration,64,10,SDT,unbounded,9.730957e-01,464,464,77,1.2031,0,0,0,0.000000e+00,0.0000,1.068534
OR007@6_3,vibration,64,10,SDT,fifo_drop,9.730957e-01,464,451,64,1.0000,13,13,0,0.000000e+00,0.0000,0.558832
OR007@6_3,vibration,64,10,SDT,stall,9.730957e-01,451,451,64,1.0000,30,0,30,2.488303e+00,2.5571,0.895591
OR007@6_3,vibration,64,20,PROPOSED,none,0.000000e+00,263,263,64,1.0000,0,0,0,0.000000e+00,0.0000,-4.658617
OR007@6_3,vibration,64,20,SDT,unbounded,1.395747e+00,264,264,69,1.0781,0,0,0,0.000000e+00,0.0000,-1.237008
OR007@6_3,vibration,64,20,SDT,fifo_drop,1.395747e+00,264,259,64,1.0000,5,5,0,0.000000e+00,0.0000,-1.408930
OR007@6_3,vibration,64,20,SDT,stall,1.395747e+00,260,260,64,1.0000,44,0,44,2.765188e+00,1.9812,-1.383666
OR007@6_3,vibration,128,2,PROPOSED,none,0.000000e+00,2127,2127,128,1.0000,0,0,0,0.000000e+00,0.0000,16.123278
OR007@6_3,vibration,128,2,SDT,unbounded,1.547197e-01,2128,2128,140,1.0938,0,0,0,0.000000e+00,0.0000,16.242375
OR007@6_3,vibration,128,2,SDT,fifo_drop,1.547197e-01,2128,2116,128,1.0000,12,12,0,0.000000e+00,0.0000,14.100805
OR007@6_3,vibration,128,2,SDT,stall,1.547197e-01,2116,2116,128,1.0000,21,0,21,5.707565e-01,3.6890,15.818538
OR007@6_3,vibration,128,5,PROPOSED,none,0.000000e+00,927,927,128,1.0000,0,0,0,0.000000e+00,0.0000,4.929895
OR007@6_3,vibration,128,5,SDT,unbounded,4.343783e-01,928,928,152,1.1875,0,0,0,0.000000e+00,0.0000,7.424162
OR007@6_3,vibration,128,5,SDT,fifo_drop,4.343783e-01,928,904,128,1.0000,24,24,0,0.000000e+00,0.0000,5.080870
OR007@6_3,vibration,128,5,SDT,stall,4.343783e-01,905,905,128,1.0000,43,0,43,2.374802e+00,5.4671,6.500271
OR007@6_3,vibration,128,10,PROPOSED,none,0.000000e+00,527,527,128,1.0000,0,0,0,0.000000e+00,0.0000,-1.267737
OR007@6_3,vibration,128,10,SDT,unbounded,8.317408e-01,527,527,139,1.0859,0,0,0,0.000000e+00,0.0000,2.578571
OR007@6_3,vibration,128,10,SDT,fifo_drop,8.317408e-01,527,516,128,1.0000,11,11,0,0.000000e+00,0.0000,2.232590
OR007@6_3,vibration,128,10,SDT,stall,8.317408e-01,516,516,128,1.0000,24,0,24,2.523971e+00,3.0346,2.276107
OR007@6_3,vibration,128,20,PROPOSED,none,0.000000e+00,327,327,128,1.0000,0,0,0,0.000000e+00,0.0000,-4.092180
OR007@6_3,vibration,128,20,SDT,unbounded,1.266994e+00,326,326,131,1.0234,0,0,0,0.000000e+00,0.0000,-0.428414
OR007@6_3,vibration,128,20,SDT,fifo_drop,1.266994e+00,326,323,128,1.0000,3,3,0,0.000000e+00,0.0000,-0.482643
OR007@6_3,vibration,128,20,SDT,stall,1.266994e+00,324,324,128,1.0000,24,0,24,1.824012e+00,1.4396,-0.434671
OR007@6_3,vibration,256,2,PROPOSED,none,0.000000e+00,2255,2255,256,1.0000,0,0,0,0.000000e+00,0.0000,16.898694
OR007@6_3,vibration,256,2,SDT,unbounded,1.359884e-01,2256,2256,262,1.0234,0,0,0,0.000000e+00,0.0000,17.479289
OR007@6_3,vibration,256,2,SDT,fifo_drop,1.359884e-01,2256,2250,256,1.0000,6,6,0,0.000000e+00,0.0000,16.578349
OR007@6_3,vibration,256,2,SDT,stall,1.359884e-01,2250,2250,256,1.0000,15,0,15,1.503540e+00,11.0564,16.197345
OR007@6_3,vibration,256,5,PROPOSED,none,0.000000e+00,1055,1055,256,1.0000,0,0,0,0.000000e+00,0.0000,5.877313
OR007@6_3,vibration,256,5,SDT,unbounded,3.793419e-01,1055,1055,278,1.0859,0,0,0,0.000000e+00,0.0000,8.368761
OR007@6_3,vibration,256,5,SDT,fifo_drop,3.793419e-01,1055,1033,256,1.0000,22,22,0,0.000000e+00,0.0000,6.041999
OR007@6_3,vibration,256,5,SDT,stall,3.793419e-01,1034,1034,256,1.0000,46,0,46,1.977648e+00,5.2134,7.584753
OR007@6_3,vibration,256,10,PROPOSED,none,0.000000e+00,655,655,256,1.0000,0,0,0,0.000000e+00,0.0000,0.768297
OR007@6_3,vibration,256,10,SDT,unbounded,6.478523e-01,656,656,267,1.0430,0,0,0,0.000000e+00,0.0000,4.401839
OR007@6_3,vibration,256,10,SDT,fifo_drop,6.478523e-01,656,645,256,1.0000,11,11,0,0.000000e+00,0.0000,3.922552
OR007@6_3,vibration,256,10,SDT,stall,6.478523e-01,646,646,256,1.0000,21,0,21,2.010000e+00,3.1026,4.128069
OR007@6_3,vibration,256,20,PROPOSED,none,0.000000e+00,455,455,256,1.0000,0,0,0,0.000000e+00,0.0000,-2.278160
OR007@6_3,vibration,256,20,SDT,unbounded,9.885806e-01,456,456,261,1.0195,0,0,0,0.000000e+00,0.0000,0.823177
OR007@6_3,vibration,256,20,SDT,fifo_drop,9.885806e-01,456,451,256,1.0000,5,5,0,0.000000e+00,0.0000,0.464507
OR007@6_3,vibration,256,20,SDT,stall,9.885806e-01,452,452,256,1.0000,20,0,20,1.824012e+00,1.8451,0.761463
OR007@6_3,vibration,512,2,PROPOSED,none,0.000000e+00,2511,2511,512,1.0000,0,0,0,0.000000e+00,0.0000,18.319304
OR007@6_3,vibration,512,2,SDT,unbounded,1.065303e-01,2512,2512,514,1.0039,0,0,0,0.000000e+00,0.0000,20.129824
OR007@6_3,vibration,512,2,SDT,fifo_drop,1.065303e-01,2512,2510,512,1.0000,2,2,0,0.000000e+00,0.0000,19.933044
OR007@6_3,vibration,512,2,SDT,stall,1.065303e-01,2510,2510,512,1.0000,2,0,2,6.225330e-01,5.8437,19.980000
OR007@6_3,vibration,512,5,PROPOSED,none,0.000000e+00,1311,1311,512,1.0000,0,0,0,0.000000e+00,0.0000,7.840293
OR007@6_3,vibration,512,5,SDT,unbounded,3.048306e-01,1312,1312,523,1.0215,0,0,0,0.000000e+00,0.0000,10.143047
OR007@6_3,vibration,512,5,SDT,fifo_drop,3.048306e-01,1312,1301,512,1.0000,11,11,0,0.000000e+00,0.0000,9.568724
OR007@6_3,vibration,512,5,SDT,stall,3.048306e-01,1301,1301,512,1.0000,21,0,21,1.824012e+00,5.9837,9.603277
OR007@6_3,vibration,512,10,PROPOSED,none,0.000000e+00,911,911,512,1.0000,0,0,0,0.000000e+00,0.0000,4.573166
OR007@6_3,vibration,512,10,SDT,unbounded,4.413011e-01,912,912,522,1.0195,0,0,0,0.000000e+00,0.0000,7.199262
OR007@6_3,vibration,512,10,SDT,fifo_drop,4.413011e-01,912,902,512,1.0000,10,10,0,0.000000e+00,0.0000,6.765035
OR007@6_3,vibration,512,10,SDT,stall,4.413011e-01,903,903,512,1.0000,20,0,20,1.824012e+00,4.1333,6.969795
OR007@6_3,vibration,512,20,PROPOSED,none,0.000000e+00,711,711,512,1.0000,0,0,0,0.000000e+00,0.0000,2.146801
OR007@6_3,vibration,512,20,SDT,unbounded,5.921778e-01,711,711,515,1.0059,0,0,0,0.000000e+00,0.0000,5.355308
OR007@6_3,vibration,512,20,SDT,fifo_drop,5.921778e-01,711,708,512,1.0000,3,3,0,0.000000e+00,0.0000,5.115816
OR007@6_3,vibration,512,20,SDT,stall,5.921778e-01,709,709,512,1.0000,13,0,13,1.402086e+00,2.3677,5.250607
IR014_0,vibration,64,2,PROPOSED,none,0.000000e+00,2063,2063,64,1.0000,0,0,0,0.000000e+00,0.0000,14.415026
IR014_0,vibration,64,2,SDT,unbounded,6.627367e-02,2064,2064,78,1.2188,0,0,0,0.000000e+00,0.0000,14.580048
IR014_0,vibration,64,2,SDT,fifo_drop,6.627367e-02,2064,2050,64,1.0000,14,14,0,0.000000e+00,0.0000,13.590957
IR014_0,vibration,64,2,SDT,stall,6.627367e-02,2051,2051,64,1.0000,33,0,33,3.976410e-01,6.0000,13.945925
IR014_0,vibration,64,5,PROPOSED,none,0.000000e+00,863,863,64,1.0000,0,0,0,0.000000e+00,0.0000,5.323842
IR014_0,vibration,64,5,SDT,unbounded,1.595112e-01,864,864,87,1.3594,0,0,0,0.000000e+00,0.0000,6.765530
IR014_0,vibration,64,5,SDT,fifo_drop,1.595112e-01,864,841,64,1.0000,23,23,0,0.000000e+00,0.0000,5.203511
IR014_0,vibration,64,5,SDT,stall,1.595112e-01,842,842,64,1.0000,43,0,43,1.124539e+00,7.0499,5.903633
IR014_0,vibration,64,10,PROPOSED,none,0.000000e+00,463,463,64,1.0000,0,0,0,0.000000e+00,0.0000,2.110354
IR014_0,vibration,64,10,SDT,unbounded,2.303872e-01,463,463,85,1.3281,0,0,0,0.000000e+00,0.0000,4.494221
IR014_0,vibration,64,10,SDT,fifo_drop,2.303872e-01,463,442,64,1.0000,21,21,0,0.000000e+00,0.0000,1.882618
IR014_0,vibration,64,10,SDT,stall,2.303872e-01,443,443,64,1.0000,80,0,80,1.100174e+00,4.7753,3.554523
IR014_0,vibration,64,20,PROPOSED,none,0.000000e+00,263,263,64,1.0000,0,0,0,0.000000e+00,0.0000,-0.721269
IR014_0,vibration,64,20,SDT,unbounded,3.229757e-01,263,263,70,1.0938,0,0,0,0.000000e+00,0.0000,2.500306
IR014_0,vibration,64,20,SDT,fifo_drop,3.229757e-01,263,257,64,1.0000,6,6,0,0.000000e+00,0.0000,2.032891
IR014_0,vibration,64,20,SDT,stall,3.229757e-01,259,259,64,1.0000,35,0,35,8.015093e-01,2.4816,2.336207
IR014_0,vibration,128,2,PROPOSED,none,0.000000e+00,2127,2127,128,1.0000,0,0,0,0.000000e+00,0.0000,15.256758
IR014_0,vibration,128,2,SDT,unbounded,6.362067e-02,2127,2127,140,1.0938,0,0,0,0.000000e+00,0.0000,15.037457
IR014_0,vibration,128,2,SDT,fifo_drop,6.362067e-02,2127,2115,128,1.0000,12,12,0,0.000000e+00,0.0000,14.199715
IR014_0,vibration,128,2,SDT,stall,6.362067e-02,2115,2115,128,1.0000,22,0,22,1.062650e+00,16.7029,12.828227
IR014_0,vibration,128,5,PROPOSED,none,0.000000e+00,927,927,128,1.0000,0,0,0,0.000000e+00,0.0000,5.763193
IR014_0,vibration,128,5,SDT,unbounded,1.508493e-01,928,928,141,1.1016,0,0,0,0.000000e+00,0.0000,7.260170
IR014_0,vibration,128,5,SDT,fifo_drop,1.508493e-01,928,915,128,1.0000,13,13,0,0.000000e+00,0.0000,5.921659
IR014_0,vibration,128,5,SDT,stall,1.508493e-01,915,915,128,1.0000,18,0,18,1.124539e+00,7.4547,6.549396
IR014_0,vibration,128,10,PROPOSED,none,0.000000e+00,527,527,128,1.0000,0,0,0,0.000000e+00,0.0000,2.679693
IR014_0,vibration,128,10,SDT,unbounded,2.162926e-01,528,528,139,1.0859,0,0,0,0.000000e+00,0.0000,5.152223
IR014_0,vibration,128,10,SDT,fifo_drop,2.162926e-01,528,517,128,1.0000,11,11,0,0.000000e+00,0.0000,4.412127
IR014_0,vibration,128,10,SDT,stall,2.162926e-01,518,518,128,1.0000,21,0,21,1.132118e+00,5.2342,4.734964
IR014_0,vibration,128,20,PROPOSED,none,0.000000e+00,327,327,128,1.0000,0,0,0,0.000000e+00,0.0000,-0.188739
IR014_0,vibration,128,20,SDT,unbounded,2.776017e-01,328,328,131,1.0234,0,0,0,0.000000e+00,0.0000,3.253639
IR014_0,vibration,128,20,SDT,fifo_drop,2.776017e-01,328,325,128,1.0000,3,3,0,0.000000e+00,0.0000,2.983798
IR014_0,vibration,128,20,SDT,stall,2.776017e-01,325,325,128,1.0000,13,0,13,6.915947e-01,2.4913,3.179062
IR014_0,vibration,256,2,PROPOSED,none,0.000000e+00,2255,2255,256,1.0000,0,0,0,0.000000e+00,0.0000,15.965732
IR014_0,vibration,256,2,SDT,unbounded,5.685267e-02,2256,2256,266,1.0391,0,0,0,0.000000e+00,0.0000,16.303880
IR014_0,vibration,256,2,SDT,fifo_drop,5.685267e-02,2256,2246,256,1.0000,10,10,0,0.000000e+00,0.0000,15.138107
IR014_0,vibration,256,2,SDT,stall,5.685267e-02,2246,2246,256,1.0000,19,0,19,2.657440e-01,4.6743,15.833337
IR014_0,vibration,256,5,PROPOSED,none,0.000000e+00,1055,1055,256,1.0000,0,0,0,0.000000e+00,0.0000,6.215383
IR014_0,vibration,256,5,SDT,unbounded,1.388818e-01,1055,1055,267,1.0430,0,0,0,0.000000e+00,0.0000,7.827207
IR014_0,vibration,256,5,SDT,fifo_drop,1.388818e-01,1055,1044,256,1.0000,11,11,0,0.000000e+00,0.0000,7.656538
IR014_0,vibration,256,5,SDT,stall,1.388818e-01,1045,1045,256,1.0000,15,0,15,6.915947e-01,4.9797,7.667377
IR014_0,vibration,256,10,PROPOSED,none,0.000000e+00,655,655,256,1.0000,0,0,0,0.000000e+00,0.0000,3.420396
IR014_0,vibration,256,10,SDT,unbounded,1.886066e-01,654,654,257,1.0039,0,0,0,0.000000e+00,0.0000,5.709655
IR014_0,vibration,256,10,SDT,fifo_drop,1.886066e-01,654,653,256,1.0000,1,1,0,0.000000e+00,0.0000,5.709494
IR014_0,vibration,256,10,SDT,stall,1.886066e-01,653,653,256,1.0000,13,0,13,2.359204e-01,1.2509,5.699909
IR014_0,vibration,256,20,PROPOSED,none,0.000000e+00,455,455,256,1.0000,0,0,0,0.000000e+00,0.0000,2.045298
IR014_0,vibration,256,20,SDT,unbounded,2.333100e-01,453,453,253,0.9883,0,0,0,0.000000e+00,0.0000,4.346871
IR014_0,vibration,256,20,SDT,fifo_drop,2.333100e-01,453,453,253,0.9883,0,0,0,0.000000e+00,0.0000,4.346871
IR014_0,vibration,256,20,SDT,stall,2.333100e-01,453,453,253,0.9883,0,0,0,0.000000e+00,0.0000,4.346871
IR014_0,vibration,512,2,PROPOSED,none,0.000000e+00,2511,2511,512,1.0000,0,0,0,0.000000e+00,0.0000,17.460499
IR014_0,vibration,512,2,SDT,unbounded,4.531967e-02,2512,2512,516,1.0078,0,0,0,0.000000e+00,0.0000,18.820309
IR014_0,vibration,512,2,SDT,fifo_drop,4.531967e-02,2512,2508,512,1.0000,4,4,0,0.000000e+00,0.0000,18.649117
IR014_0,vibration,512,2,SDT,stall,4.531967e-02,2507,2507,512,1.0000,9,0,9,1.396945e-01,3.0824,18.616669
IR014_0,vibration,512,5,PROPOSED,none,0.000000e+00,1311,1311,512,1.0000,0,0,0,0.000000e+00,0.0000,8.299448
IR014_0,vibration,512,5,SDT,unbounded,1.167092e-01,1312,1312,520,1.0156,0,0,0,0.000000e+00,0.0000,9.264377
IR014_0,vibration,512,5,SDT,fifo_drop,1.167092e-01,1312,1304,512,1.0000,8,8,0,0.000000e+00,0.0000,9.207808
IR014_0,vibration,512,5,SDT,stall,1.167092e-01,1304,1304,512,1.0000,13,0,13,3.251953e-01,2.7864,9.155244
IR014_0,vibration,512,10,PROPOSED,none,0.000000e+00,911,911,512,1.0000,0,0,0,0.000000e+00,0.0000,5.612640
IR014_0,vibration,512,10,SDT,unbounded,1.528012e-01,911,911,511,0.9980,0,0,0,0.000000e+00,0.0000,7.190991
IR014_0,vibration,512,10,SDT,fifo_drop,1.528012e-01,911,911,511,0.9980,0,0,0,0.000000e+00,0.0000,7.190991
IR014_0,vibration,512,10,SDT,stall,1.528012e-01,911,911,511,0.9980,0,0,0,0.000000e+00,0.0000,7.190991
IR014_0,vibration,512,20,PROPOSED,none,0.000000e+00,711,711,512,1.0000,0,0,0,0.000000e+00,0.0000,3.738181
IR014_0,vibration,512,20,SDT,unbounded,1.770094e-01,712,712,512,1.0000,0,0,0,0.000000e+00,0.0000,6.144881
IR014_0,vibration,512,20,SDT,fifo_drop,1.770094e-01,712,712,512,1.0000,0,0,0,0.000000e+00,0.0000,6.144881
IR014_0,vibration,512,20,SDT,stall,1.770094e-01,712,712,512,1.0000,0,0,0,0.000000e+00,0.0000,6.144881
IR014_1,vibration,64,2,PROPOSED,none,0.000000e+00,2063,2063,64,1.0000,0,0,0,0.000000e+00,0.0000,14.091107
IR014_1,vibration,64,2,SDT,unbounded,5.907233e-02,2064,2064,94,1.4688,0,0,0,0.000000e+00,0.0000,13.821854
IR014_1,vibration,64,2,SDT,fifo_drop,5.907233e-02,2064,2034,64,1.0000,30,30,0,0.000000e+00,0.0000,9.618388
IR014_1,vibration,64,2,SDT,stall,5.907233e-02,2034,2034,64,1.0000,53,0,53,4.180270e-01,7.0765,12.454510
IR014_1,vibration,64,5,PROPOSED,none,0.000000e+00,863,863,64,1.0000,0,0,0,0.000000e+00,0.0000,5.067726
IR014_1,vibration,64,5,SDT,unbounded,1.358564e-01,865,865,105,1.6406,0,0,0,0.000000e+00,0.0000,6.582151
IR014_1,vibration,64,5,SDT,fifo_drop,1.358564e-01,865,824,64,1.0000,41,41,0,0.000000e+00,0.0000,3.543545
IR014_1,vibration,64,5,SDT,stall,1.358564e-01,826,826,64,1.0000,91,0,91,6.055173e-01,4.4570,5.830267
IR014_1,vibration,64,10,PROPOSED,none,0.000000e+00,463,463,64,1.0000,0,0,0,0.000000e+00,0.0000,1.248832
IR014_1,vibration,64,10,SDT,unbounded,1.956964e-01,461,461,83,1.2969,0,0,0,0.000000e+00,0.0000,4.351671
IR014_1,vibration,64,10,SDT,fifo_drop,1.956964e-01,461,442,64,1.0000,19,19,0,0.000000e+00,0.0000,3.374818
IR014_1,vibration,64,10,SDT,stall,1.956964e-01,442,442,64,1.0000,60,0,60,6.055173e-01,3.0942,4.084567
IR014_1,vibration,64,20,PROPOSED,none,0.000000e+00,263,263,64,1.0000,0,0,0,0.000000e+00,0.0000,-1.299765
IR014_1,vibration,64,20,SDT,unbounded,2.687012e-01,264,264,76,1.1875,0,0,0,0.000000e+00,0.0000,2.287355
IR014_1,vibration,64,20,SDT,fifo_drop,2.687012e-01,264,252,64,1.0000,12,12,0,0.000000e+00,0.0000,1.338248
IR014_1,vibration,64,20,SDT,stall,2.687012e-01,253,253,64,1.0000,76,0,76,1.085500e+00,4.0398,1.916395
IR014_1,vibration,128,2,PROPOSED,none,0.000000e+00,2127,2127,128,1.0000,0,0,0,0.000000e+00,0.0000,14.723718
IR014_1,vibration,128,2,SDT,unbounded,5.639217e-02,2128,2128,145,1.1328,0,0,0,0.000000e+00,0.0000,14.281977
IR014_1,vibration,128,2,SDT,fifo_drop,5.639217e-02,2128,2111,128,1.0000,17,17,0,0.000000e+00,0.0000,9.583447
IR014_1,vibration,128,2,SDT,stall,5.639217e-02,2110,2110,128,1.0000,37,0,37,2.222930e-01,3.9419,13.640764
IR014_1,vibration,128,5,PROPOSED,none,0.000000e+00,927,927,128,1.0000,0,0,0,0.000000e+00,0.0000,5.478410
IR014_1,vibration,128,5,SDT,unbounded,1.277671e-01,927,927,162,1.2656,0,0,0,0.000000e+00,0.0000,6.945454
IR014_1,vibration,128,5,SDT,fifo_drop,1.277671e-01,927,893,128,1.0000,34,34,0,0.000000e+00,0.0000,4.269082
IR014_1,vibration,128,5,SDT,stall,1.277671e-01,894,894,128,1.0000,76,0,76,6.077510e-01,4.7567,6.196422
IR014_1,vibration,128,10,PROPOSED,none,0.000000e+00,527,527,128,1.0000,0,0,0,0.000000e+00,0.0000,1.923254
IR014_1,vibration,128,10,SDT,unbounded,1.822670e-01,525,525,141,1.1016,0,0,0,0.000000e+00,0.0000,4.427821
IR014_1,vibration,128,10,SDT,fifo_drop,1.822670e-01,525,512,128,1.0000,13,13,0,0.000000e+00,0.0000,3.832328
IR014_1,vibration,128,10,SDT,stall,1.822670e-01,511,511,128,1.0000,57,0,57,6.055173e-01,3.3221,4.200250
IR014_1,vibration,128,20,PROPOSED,none,0.000000e+00,327,327,128,1.0000,0,0,0,0.000000e+00,0.0000,-0.360150
IR014_1,vibration,128,20,SDT,unbounded,2.389960e-01,329,329,141,1.1016,0,0,0,0.000000e+00,0.0000,2.864205
IR014_1,vibration,128,20,SDT,fifo_drop,2.389960e-01,329,316,128,1.0000,13,13,0,0.000000e+00,0.0000,1.545467
IR014_1,vibration,128,20,SDT,stall,2.389960e-01,318,318,128,1.0000,36,0,36,1.375454e+00,5.7551,2.409700
IR014_1,vibration,256,2,PROPOSED,none,0.000000e+00,2255,2255,256,1.0000,0,0,0,0.000000e+00,0.0000,15.583849
IR014_1,vibration,256,2,SDT,unbounded,4.998900e-02,2255,2255,260,1.0156,0,0,0,0.000000e+00,0.0000,15.586338
IR014_1,vibration,256,2,SDT,fifo_drop,4.998900e-02,2255,2251,256,1.0000,4,4,0,0.000000e+00,0.0000,15.420149
IR014_1,vibration,256,2,SDT,stall,4.998900e-02,2251,2251,256,1.0000,8,0,8,1.599985e-01,3.2007,15.403135
IR014_1,vibration,256,5,PROPOSED,none,0.000000e+00,1055,1055,256,1.0000,0,0,0,0.000000e+00,0.0000,6.392084
IR014_1,vibration,256,5,SDT,unbounded,1.169046e-01,1057,1057,267,1.0430,0,0,0,0.000000e+00,0.0000,7.537846
IR014_1,vibration,256,5,SDT,fifo_drop,1.169046e-01,1057,1046,256,1.0000,11,11,0,0.000000e+00,0.0000,7.264511
IR014_1,vibration,256,5,SDT,stall,1.169046e-01,1047,1047,256,1.0000,20,0,20,4.856813e-01,4.1545,7.340006
IR014_1,vibration,256,10,PROPOSED,none,0.000000e+00,655,655,256,1.0000,0,0,0,0.000000e+00,0.0000,3.285827
IR014_1,vibration,256,10,SDT,unbounded,1.615690e-01,655,655,266,1.0391,0,0,0,0.000000e+00,0.0000,5.327612
IR014_1,vibration,256,10,SDT,fifo_drop,1.615690e-01,655,645,256,1.0000,10,10,0,0.000000e+00,0.0000,5.168604
IR014_1,vibration,256,10,SDT,stall,1.615690e-01,645,645,256,1.0000,22,0,22,5.010580e-01,3.1012,5.154840
IR014_1,vibration,256,20,PROPOSED,none,0.000000e+00,455,455,256,1.0000,0,0,0,0.000000e+00,0.0000,1.005244
IR014_1,vibration,256,20,SDT,unbounded,1.973105e-01,456,456,264,1.0312,0,0,0,0.000000e+00,0.0000,4.254877
IR014_1,vibration,256,20,SDT,fifo_drop,1.973105e-01,456,448,256,1.0000,8,8,0,0.000000e+00,0.0000,4.013745
IR014_1,vibration,256,20,SDT,stall,1.973105e-01,448,448,256,1.0000,41,0,41,5.061750e-01,2.5654,4.079155
IR014_1,vibration,512,2,PROPOSED,none,0.000000e+00,2511,2511,512,1.0000,0,0,0,0.000000e+00,0.0000,17.152248
IR014_1,vibration,512,2,SDT,unbounded,4.016225e-02,2511,2511,512,1.0000,0,0,0,0.000000e+00,0.0000,18.310010
IR014_1,vibration,512,2,SDT,fifo_drop,4.016225e-02,2511,2511,512,1.0000,0,0,0,0.000000e+00,0.0000,18.310010
IR014_1,vibration,512,2,SDT,stall,4.016225e-02,2511,2511,512,1.0000,0,0,0,0.000000e+00,0.0000,18.310010
IR014_1,vibration,512,5,PROPOSED,none,0.000000e+00,1311,1311,512,1.0000,0,0,0,0.000000e+00,0.0000,7.725311
IR014_1,vibration,512,5,SDT,unbounded,1.004390e-01,1312,1312,513,1.0020,0,0,0,0.000000e+00,0.0000,8.890487
IR014_1,vibration,512,5,SDT,fifo_drop,1.004390e-01,1312,1311,512,1.0000,1,1,0,0.000000e+00,0.0000,8.844582
IR014_1,vibration,512,5,SDT,stall,1.004390e-01,1311,1311,512,1.0000,1,0,1,9.334600e-02,0.9294,8.883641
IR014_1,vibration,512,10,PROPOSED,none,0.000000e+00,911,911,512,1.0000,0,0,0,0.000000e+00,0.0000,5.214285
IR014_1,vibration,512,10,SDT,unbounded,1.301647e-01,911,911,513,1.0020,0,0,0,0.000000e+00,0.0000,6.817358
IR014_1,vibration,512,10,SDT,fifo_drop,1.301647e-01,911,910,512,1.0000,1,1,0,0.000000e+00,0.0000,6.803198
IR014_1,vibration,512,10,SDT,stall,1.301647e-01,910,910,512,1.0000,1,0,1,9.334600e-02,0.7171,6.813109
IR014_1,vibration,512,20,PROPOSED,none,0.000000e+00,711,711,512,1.0000,0,0,0,0.000000e+00,0.0000,3.983234
IR014_1,vibration,512,20,SDT,unbounded,1.535236e-01,711,711,511,0.9980,0,0,0,0.000000e+00,0.0000,5.826935
IR014_1,vibration,512,20,SDT,fifo_drop,1.535236e-01,711,711,511,0.9980,0,0,0,0.000000e+00,0.0000,5.826935
IR014_1,vibration,512,20,SDT,stall,1.535236e-01,711,711,511,0.9980,0,0,0,0.000000e+00,0.0000,5.826935
IR014_2,vibration,64,2,PROPOSED,none,0.000000e+00,2063,2063,64,1.0000,0,0,0,0.000000e+00,0.0000,14.112448
IR014_2,vibration,64,2,SDT,unbounded,6.026367e-02,2065,2065,83,1.2969,0,0,0,0.000000e+00,0.0000,13.416028
IR014_2,vibration,64,2,SDT,fifo_drop,6.026367e-02,2065,2046,64,1.0000,19,19,0,0.000000e+00,0.0000,12.215299
IR014_2,vibration,64,2,SDT,stall,6.026367e-02,2046,2046,64,1.0000,36,0,36,6.475480e-01,10.7452,11.689845
IR014_2,vibration,64,5,PROPOSED,none,0.000000e+00,863,863,64,1.0000,0,0,0,0.000000e+00,0.0000,4.378959
IR014_2,vibration,64,5,SDT,unbounded,1.437348e-01,866,866,84,1.3125,0,0,0,0.000000e+00,0.0000,5.496900
IR014_2,vibration,64,5,SDT,fifo_drop,1.437348e-01,866,846,64,1.0000,20,20,0,0.000000e+00,0.0000,3.663057
IR014_2,vibration,64,5,SDT,stall,1.437348e-01,846,846,64,1.0000,31,0,31,8.372993e-01,5.8253,4.899149
IR014_2,vibration,64,10,PROPOSED,none,0.000000e+00,463,463,64,1.0000,0,0,0,0.000000e+00,0.0000,1.159489
IR014_2,vibration,64,10,SDT,unbounded,1.982594e-01,463,463,70,1.0938,0,0,0,0.000000e+00,0.0000,3.440691
IR014_2,vibration,64,10,SDT,fifo_drop,1.982594e-01,463,457,64,1.0000,6,6,0,0.000000e+00,0.0000,3.265047
IR014_2,vibration,64,10,SDT,stall,1.982594e-01,454,454,64,1.0000,34,0,34,6.118387e-01,3.0861,3.316279
IR014_2,vibration,64,20,PROPOSED,none,0.000000e+00,263,263,64,1.0000,0,0,0,0.000000e+00,0.0000,-1.272668
IR014_2,vibration,64,20,SDT,unbounded,2.572320e-01,264,264,71,1.1094,0,0,0,0.000000e+00,0.0000,2.231958
IR014_2,vibration,64,20,SDT,fifo_drop,2.572320e-01,264,257,64,1.0000,7,7,0,0.000000e+00,0.0000,2.108578
IR014_2,vibration,64,20,SDT,stall,2.572320e-01,258,258,64,1.0000,61,0,61,7.987540e-01,3.1052,2.022771
IR014_2,vibration,128,2,PROPOSED,none,0.000000e+00,2127,2127,128,1.0000,0,0,0,0.000000e+00,0.0000,14.562113
IR014_2,vibration,128,2,SDT,unbounded,5.778625e-02,2127,2127,143,1.1172,0,0,0,0.000000e+00,0.0000,13.981454
IR014_2,vibration,128,2,SDT,fifo_drop,5.778625e-02,2127,2112,128,1.0000,15,15,0,0.000000e+00,0.0000,13.118843
IR014_2,vibration,128,2,SDT,stall,5.778625e-02,2113,2113,128,1.0000,25,0,25,6.475480e-01,11.2059,12.972244
IR014_2,vibration,128,5,PROPOSED,none,0.000000e+00,927,927,128,1.0000,0,0,0,0.000000e+00,0.0000,4.806278
IR014_2,vibration,128,5,SDT,unbounded,1.369488e-01,928,928,140,1.0938,0,0,0,0.000000e+00,0.0000,5.714149
IR014_2,vibration,128,5,SDT,fifo_drop,1.369488e-01,928,916,128,1.0000,12,12,0,0.000000e+00,0.0000,5.160317
IR014_2,vibration,128,5,SDT,stall,1.369488e-01,916,916,128,1.0000,21,0,21,6.475480e-01,4.7284,5.471848
IR014_2,vibration,128,10,PROPOSED,none,0.000000e+00,527,527,128,1.0000,0,0,0,0.000000e+00,0.0000,2.007943
IR014_2,vibration,128,10,SDT,unbounded,1.894923e-01,526,526,133,1.0391,0,0,0,0.000000e+00,0.0000,3.654823
IR014_2,vibration,128,10,SDT,fifo_drop,1.894923e-01,526,521,128,1.0000,5,5,0,0.000000e+00,0.0000,3.511201
IR014_2,vibration,128,10,SDT,stall,1.894923e-01,520,520,128,1.0000,11,0,11,2.950228e-01,1.5569,3.629731
IR014_2,vibration,128,20,PROPOSED,none,0.000000e+00,327,327,128,1.0000,0,0,0,0.000000e+00,0.0000,-0.875662
IR014_2,vibration,128,20,SDT,unbounded,2.355010e-01,328,328,134,1.0469,0,0,0,0.000000e+00,0.0000,2.508642
IR014_2,vibration,128,20,SDT,fifo_drop,2.355010e-01,328,322,128,1.0000,6,6,0,0.000000e+00,0.0000,2.124345
IR014_2,vibration,128,20,SDT,stall,2.355010e-01,323,323,128,1.0000,49,0,49,6.755140e-01,2.8684,2.300370
IR014_2,vibration,256,2,PROPOSED,none,0.000000e+00,2255,2255,256,1.0000,0,0,0,0.000000e+00,0.0000,15.224194
IR014_2,vibration,256,2,SDT,unbounded,5.100467e-02,2255,2255,269,1.0508,0,0,0,0.000000e+00,0.0000,15.256796
IR014_2,vibration,256,2,SDT,fifo_drop,5.100467e-02,2255,2242,256,1.0000,13,13,0,0.000000e+00,0.0000,14.642350
IR014_2,vibration,256,2,SDT,stall,5.100467e-02,2243,2243,256,1.0000,19,0,19,1.512270e-01,2.9650,14.923771
IR014_2,vibration,256,5,PROPOSED,none,0.000000e+00,1055,1055,256,1.0000,0,0,0,0.000000e+00,0.0000,5.453083
IR014_2,vibration,256,5,SDT,unbounded,1.268175e-01,1056,1056,266,1.0391,0,0,0,0.000000e+00,0.0000,6.419412
IR014_2,vibration,256,5,SDT,fifo_drop,1.268175e-01,1056,1046,256,1.0000,10,10,0,0.000000e+00,0.0000,5.329917
IR014_2,vibration,256,5,SDT,stall,1.268175e-01,1047,1047,256,1.0000,26,0,26,2.989353e-01,2.3572,6.283101
IR014_2,vibration,256,10,PROPOSED,none,0.000000e+00,655,655,256,1.0000,0,0,0,0.000000e+00,0.0000,2.479428
IR014_2,vibration,256,10,SDT,unbounded,1.650161e-01,657,657,264,1.0312,0,0,0,0.000000e+00,0.0000,4.619506
IR014_2,vibration,256,10,SDT,fifo_drop,1.650161e-01,657,649,256,1.0000,8,8,0,0.000000e+00,0.0000,4.529692
IR014_2,vibration,256,10,SDT,stall,1.650161e-01,652,652,256,1.0000,34,0,34,3.125070e-01,1.8938,4.526045
IR014_2,vibration,256,20,PROPOSED,none,0.000000e+00,455,455,256,1.0000,0,0,0,0.000000e+00,0.0000,0.642409
IR014_2,vibration,256,20,SDT,unbounded,1.994194e-01,457,457,259,1.0117,0,0,0,0.000000e+00,0.0000,3.480386
IR014_2,vibration,256,20,SDT,fifo_drop,1.994194e-01,457,454,256,1.0000,3,3,0,0.000000e+00,0.0000,3.152025
IR014_2,vibration,256,20,SDT,stall,1.994194e-01,455,455,256,1.0000,29,0,29,2.755713e-01,1.3819,3.403535
IR014_2,vibration,512,2,PROPOSED,none,0.000000e+00,2511,2511,512,1.0000,0,0,0,0.000000e+00,0.0000,16.584395
IR014_2,vibration,512,2,SDT,unbounded,3.967475e-02,2512,2512,516,1.0078,0,0,0,0.000000e+00,0.0000,18.169682
IR014_2,vibration,512,2,SDT,fifo_drop,3.967475e-02,2512,2508,512,1.0000,4,4,0,0.000000e+00,0.0000,17.920137
IR014_2,vibration,512,2,SDT,stall,3.967475e-02,2509,2509,512,1.0000,9,0,9,2.391045e-01,6.0266,17.842300
IR014_2,vibration,512,5,PROPOSED,none,0.000000e+00,1311,1311,512,1.0000,0,0,0,0.000000e+00,0.0000,6.957650
IR014_2,vibration,512,5,SDT,unbounded,1.069360e-01,1311,1311,517,1.0098,0,0,0,0.000000e+00,0.0000,7.800186
IR014_2,vibration,512,5,SDT,fifo_drop,1.069360e-01,1311,1306,512,1.0000,5,5,0,0.000000e+00,0.0000,7.772735
IR014_2,vibration,512,5,SDT,stall,1.069360e-01,1306,1306,512,1.0000,8,0,8,2.599503e-01,2.4309,7.743248
IR014_2,vibration,512,10,PROPOSED,none,0.000000e+00,911,911,512,1.0000,0,0,0,0.000000e+00,0.0000,3.955465
IR014_2,vibration,512,10,SDT,unbounded,1.386036e-01,911,911,513,1.0020,0,0,0,0.000000e+00,0.0000,5.667144
IR014_2,vibration,512,10,SDT,fifo_drop,1.386036e-01,911,910,512,1.0000,1,1,0,0.000000e+00,0.0000,5.659529
IR014_2,vibration,512,10,SDT,stall,1.386036e-01,910,910,512,1.0000,9,0,9,2.599503e-01,1.8755,5.638910
IR014_2,vibration,512,20,PROPOSED,none,0.000000e+00,711,711,512,1.0000,0,0,0,0.000000e+00,0.0000,2.965560
IR014_2,vibration,512,20,SDT,unbounded,1.591050e-01,713,713,513,1.0020,0,0,0,0.000000e+00,0.0000,4.867947
IR014_2,vibration,512,20,SDT,fifo_drop,1.591050e-01,713,712,512,1.0000,1,1,0,0.000000e+00,0.0000,4.857517
IR014_2,vibration,512,20,SDT,stall,1.591050e-01,712,712,512,1.0000,1,0,1,2.391045e-01,1.5028,4.861114
IR014_3,vibration,64,2,PROPOSED,none,0.000000e+00,2063,2063,64,1.0000,0,0,0,0.000000e+00,0.0000,14.209784
IR014_3,vibration,64,2,SDT,unbounded,6.029620e-02,2064,2064,90,1.4062,0,0,0,0.000000e+00,0.0000,13.815818
IR014_3,vibration,64,2,SDT,fifo_drop,6.029620e-02,2064,2038,64,1.0000,26,26,0,0.000000e+00,0.0000,8.651151
IR014_3,vibration,64,2,SDT,stall,6.029620e-02,2039,2039,64,1.0000,56,0,56,6.444610e-01,10.6883,11.846123
IR014_3,vibration,64,5,PROPOSED,none,0.000000e+00,863,863,64,1.0000,0,0,0,0.000000e+00,0.0000,4.097989
IR014_3,vibration,64,5,SDT,unbounded,1.628683e-01,863,863,100,1.5625,0,0,0,0.000000e+00,0.0000,4.642444
IR014_3,vibration,64,5,SDT,fifo_drop,1.628683e-01,863,827,64,1.0000,36,36,0,0.000000e+00,0.0000,4.212518
IR014_3,vibration,64,5,SDT,stall,1.628683e-01,828,828,64,1.0000,87,0,87,1.303596e+00,8.0040,3.446406
IR014_3,vibration,64,10,PROPOSED,none,0.000000e+00,463,463,64,1.0000,0,0,0,0.000000e+00,0.0000,0.768343
IR014_3,vibration,64,10,SDT,unbounded,2.273934e-01,463,463,91,1.4219,0,0,0,0.000000e+00,0.0000,2.786284
IR014_3,vibration,64,10,SDT,fifo_drop,2.273934e-01,463,436,64,1.0000,27,27,0,0.000000e+00,0.0000,1.189513
IR014_3,vibration,64,10,SDT,stall,2.273934e-01,437,437,64,1.0000,57,0,57,1.414323e+00,6.2197,1.868315
IR014_3,vibration,64,20,PROPOSED,none,0.000000e+00,263,263,64,1.0000,0,0,0,0.000000e+00,0.0000,-1.634363
IR014_3,vibration,64,20,SDT,unbounded,2.875100e-01,264,264,86,1.3438,0,0,0,0.000000e+00,0.0000,1.730482
IR014_3,vibration,64,20,SDT,fifo_drop,2.875100e-01,264,242,64,1.0000,22,22,0,0.000000e+00,0.0000,1.065627
IR014_3,vibration,64,20,SDT,stall,2.875100e-01,243,243,64,1.0000,100,0,100,1.651857e+00,5.7454,0.408027
IR014_3,vibration,128,2,PROPOSED,none,0.000000e+00,2127,2127,128,1.0000,0,0,0,0.000000e+00,0.0000,14.684790
IR014_3,vibration,128,2,SDT,unbounded,5.668967e-02,2127,2127,146,1.1406,0,0,0,0.000000e+00,0.0000,14.456159
IR014_3,vibration,128,2,SDT,fifo_drop,5.668967e-02,2127,2109,128,1.0000,18,18,0,0.000000e+00,0.0000,13.102766
IR014_3,vibration,128,2,SDT,stall,5.668967e-02,2110,2110,128,1.0000,30,0,30,2.773585e-01,4.8926,13.706998
IR014_3,vibration,128,5,PROPOSED,none,0.000000e+00,927,927,128,1.0000,0,0,0,0.000000e+00,0.0000,4.380608
IR014_3,vibration,128,5,SDT,unbounded,1.533387e-01,925,925,151,1.1797,0,0,0,0.000000e+00,0.0000,4.927617
IR014_3,vibration,128,5,SDT,fifo_drop,1.533387e-01,925,902,128,1.0000,23,23,0,0.000000e+00,0.0000,4.245898
IR014_3,vibration,128,5,SDT,stall,1.533387e-01,900,900,128,1.0000,46,0,46,5.648680e-01,3.6838,4.667119
IR014_3,vibration,128,10,PROPOSED,none,0.000000e+00,527,527,128,1.0000,0,0,0,0.000000e+00,0.0000,1.121980
IR014_3,vibration,128,10,SDT,unbounded,2.103698e-01,527,527,149,1.1641,0,0,0,0.000000e+00,0.0000,3.246167
IR014_3,vibration,128,10,SDT,fifo_drop,2.103698e-01,527,506,128,1.0000,21,21,0,0.000000e+00,0.0000,2.104435
IR014_3,vibration,128,10,SDT,stall,2.103698e-01,508,508,128,1.0000,59,0,59,1.668805e+00,7.9327,1.789628
IR014_3,vibration,128,20,PROPOSED,none,0.000000e+00,327,327,128,1.0000,0,0,0,0.000000e+00,0.0000,-0.416274
IR014_3,vibration,128,20,SDT,unbounded,2.644111e-01,327,327,142,1.1094,0,0,0,0.000000e+00,0.0000,1.956602
IR014_3,vibration,128,20,SDT,fifo_drop,2.644111e-01,327,313,128,1.0000,14,14,0,0.000000e+00,0.0000,1.168739
IR014_3,vibration,128,20,SDT,stall,2.644111e-01,314,314,128,1.0000,52,0,52,1.663228e+00,6.2903,1.130854
IR014_3,vibration,256,2,PROPOSED,none,0.000000e+00,2255,2255,256,1.0000,0,0,0,0.000000e+00,0.0000,15.428246
IR014_3,vibration,256,2,SDT,unbounded,5.057133e-02,2255,2255,265,1.0352,0,0,0,0.000000e+00,0.0000,15.771042
IR014_3,vibration,256,2,SDT,fifo_drop,5.057133e-02,2255,2246,256,1.0000,9,9,0,0.000000e+00,0.0000,15.356231
IR014_3,vibration,256,2,SDT,stall,5.057133e-02,2247,2247,256,1.0000,17,0,17,2.629830e-01,5.2002,15.351317
IR014_3,vibration,256,5,PROPOSED,none,0.000000e+00,1055,1055,256,1.0000,0,0,0,0.000000e+00,0.0000,5.065776
IR014_3,vibration,256,5,SDT,unbounded,1.412036e-01,1054,1054,265,1.0352,0,0,0,0.000000e+00,0.0000,5.369344
IR014_3,vibration,256,5,SDT,fifo_drop,1.412036e-01,1054,1045,256,1.0000,9,9,0,0.000000e+00,0.0000,5.080453
IR014_3,vibration,256,5,SDT,stall,1.412036e-01,1043,1043,256,1.0000,18,0,18,4.508120e-01,3.1926,5.278024
IR014_3,vibration,256,10,PROPOSED,none,0.000000e+00,655,655,256,1.0000,0,0,0,0.000000e+00,0.0000,1.980658
IR014_3,vibration,256,10,SDT,unbounded,1.872685e-01,658,658,266,1.0391,0,0,0,0.000000e+00,0.0000,3.481178
IR014_3,vibration,256,10,SDT,fifo_drop,1.872685e-01,658,648,256,1.0000,10,10,0,0.000000e+00,0.0000,3.202710
IR014_3,vibration,256,10,SDT,stall,1.872685e-01,648,648,256,1.0000,34,0,34,5.152175e-01,2.7512,3.273179
IR014_3,vibration,256,20,PROPOSED,none,0.000000e+00,455,455,256,1.0000,0,0,0,0.000000e+00,0.0000,0.435199
IR014_3,vibration,256,20,SDT,unbounded,2.293175e-01,454,454,257,1.0039,0,0,0,0.000000e+00,0.0000,2.861021
IR014_3,vibration,256,20,SDT,fifo_drop,2.293175e-01,454,453,256,1.0000,1,1,0,0.000000e+00,0.0000,2.516413
IR014_3,vibration,256,20,SDT,stall,2.293175e-01,455,455,256,1.0000,49,0,49,3.292020e-01,1.4356,2.778712
IR014_3,vibration,512,2,PROPOSED,none,0.000000e+00,2511,2511,512,1.0000,0,0,0,0.000000e+00,0.0000,17.104353
IR014_3,vibration,512,2,SDT,unbounded,3.992640e-02,2512,2512,513,1.0020,0,0,0,0.000000e+00,0.0000,18.485410
IR014_3,vibration,512,2,SDT,fifo_drop,3.992640e-02,2512,2511,512,1.0000,1,1,0,0.000000e+00,0.0000,18.453998
IR014_3,vibration,512,2,SDT,stall,3.992640e-02,2511,2511,512,1.0000,5,0,5,1.126485e-01,2.8214,18.367244
IR014_3,vibration,512,5,PROPOSED,none,0.000000e+00,1311,1311,512,1.0000,0,0,0,0.000000e+00,0.0000,6.856115
IR014_3,vibration,512,5,SDT,unbounded,1.184968e-01,1311,1311,512,1.0000,0,0,0,0.000000e+00,0.0000,6.855657
IR014_3,vibration,512,5,SDT,fifo_drop,1.184968e-01,1311,1311,512,1.0000,0,0,0,0.000000e+00,0.0000,6.855657
IR014_3,vibration,512,5,SDT,stall,1.184968e-01,1311,1311,512,1.0000,0,0,0,0.000000e+00,0.0000,6.855657
IR014_3,vibration,512,10,PROPOSED,none,0.000000e+00,911,911,512,1.0000,0,0,0,0.000000e+00,0.0000,3.840341
IR014_3,vibration,512,10,SDT,unbounded,1.555587e-01,911,911,511,0.9980,0,0,0,0.000000e+00,0.0000,4.851771
IR014_3,vibration,512,10,SDT,fifo_drop,1.555587e-01,911,911,511,0.9980,0,0,0,0.000000e+00,0.0000,4.851771
IR014_3,vibration,512,10,SDT,stall,1.555587e-01,911,911,511,0.9980,0,0,0,0.000000e+00,0.0000,4.851771
IR014_3,vibration,512,20,PROPOSED,none,0.000000e+00,711,711,512,1.0000,0,0,0,0.000000e+00,0.0000,2.739470
IR014_3,vibration,512,20,SDT,unbounded,1.791671e-01,712,712,512,1.0000,0,0,0,0.000000e+00,0.0000,3.981570
IR014_3,vibration,512,20,SDT,fifo_drop,1.791671e-01,712,712,512,1.0000,0,0,0,0.000000e+00,0.0000,3.981570
IR014_3,vibration,512,20,SDT,stall,1.791671e-01,712,712,512,1.0000,0,0,0,0.000000e+00,0.0000,3.981570
B014_0,vibration,64,2,PROPOSED,none,0.000000e+00,2063,2063,64,1.0000,0,0,0,0.000000e+00,0.0000,11.559405
B014_0,vibration,64,2,SDT,unbounded,5.484867e-02,2063,2063,114,1.7812,0,0,0,0.000000e+00,0.0000,11.620329
B014_0,vibration,64,2,SDT,fifo_drop,5.484867e-02,2063,2007,64,1.0000,56,56,0,0.000000e+00,0.0000,7.549742
B014_0,vibration,64,2,SDT,stall,5.484867e-02,2007,2007,64,1.0000,106,0,106,4.193260e-01,7.6451,8.895070
B014_0,vibration,64,5,PROPOSED,none,0.000000e+00,863,863,64,1.0000,0,0,0,0.000000e+00,0.0000,2.469985
B014_0,vibration,64,5,SDT,unbounded,1.350917e-01,864,864,140,2.1875,0,0,0,0.000000e+00,0.0000,3.115744
B014_0,vibration,64,5,SDT,fifo_drop,1.350917e-01,864,788,64,1.0000,76,76,0,0.000000e+00,0.0000,1.681046
B014_0,vibration,64,5,SDT,stall,1.350917e-01,789,789,64,1.0000,162,0,162,6.062897e-01,4.4880,1.963104
B014_0,vibration,64,10,PROPOSED,none,0.000000e+00,463,463,64,1.0000,0,0,0,0.000000e+00,0.0000,-0.523239
B014_0,vibration,64,10,SDT,unbounded,1.902444e-01,461,461,103,1.6094,0,0,0,0.000000e+00,0.0000,0.943995
B014_0,vibration,64,10,SDT,fifo_drop,1.902444e-01,461,422,64,1.0000,39,39,0,0.000000e+00,0.0000,0.060697
B014_0,vibration,64,10,SDT,stall,1.902444e-01,421,421,64,1.0000,120,0,120,5.713387e-01,3.0032,0.650700
B014_0,vibration,64,20,PROPOSED,none,0.000000e+00,263,263,64,1.0000,0,0,0,0.000000e+00,0.0000,-2.499066
B014_0,vibration,64,20,SDT,unbounded,2.404991e-01,264,264,84,1.3125,0,0,0,0.000000e+00,0.0000,-0.201833
B014_0,vibration,64,20,SDT,fifo_drop,2.404991e-01,264,244,64,1.0000,20,20,0,0.000000e+00,0.0000,-0.869022
B014_0,vibration,64,20,SDT,stall,2.404991e-01,244,244,64,1.0000,78,0,78,5.058233e-01,2.1032,-0.417428
B014_0,vibration,128,2,PROPOSED,none,0.000000e+00,2127,2127,128,1.0000,0,0,0,0.000000e+00,0.0000,12.367364
B014_0,vibration,128,2,SDT,unbounded,5.176267e-02,2127,2127,131,1.0234,0,0,0,0.000000e+00,0.0000,12.310875
B014_0,vibration,128,2,SDT,fifo_drop,5.176267e-02,2127,2124,128,1.0000,3,3,0,0.000000e+00,0.0000,11.966062
B014_0,vibration,128,2,SDT,stall,5.176267e-02,2124,2124,128,1.0000,13,0,13,2.066990e-01,3.9932,11.969647
B014_0,vibration,128,5,PROPOSED,none,0.000000e+00,927,927,128,1.0000,0,0,0,0.000000e+00,0.0000,2.979899
B014_0,vibration,128,5,SDT,unbounded,1.297450e-01,927,927,167,1.3047,0,0,0,0.000000e+00,0.0000,3.329509
B014_0,vibration,128,5,SDT,fifo_drop,1.297450e-01,927,888,128,1.0000,39,39,0,0.000000e+00,0.0000,2.503730
B014_0,vibration,128,5,SDT,stall,1.297450e-01,889,889,128,1.0000,78,0,78,6.044753e-01,4.6589,2.780187
B014_0,vibration,128,10,PROPOSED,none,0.000000e+00,527,527,128,1.0000,0,0,0,0.000000e+00,0.0000,-0.121723
B014_0,vibration,128,10,SDT,unbounded,1.804909e-01,527,527,128,1.0000,0,0,0,0.000000e+00,0.0000,1.216875
B014_0,vibration,128,10,SDT,fifo_drop,1.804909e-01,527,527,128,1.0000,0,0,0,0.000000e+00,0.0000,1.216875
B014_0,vibration,128,10,SDT,stall,1.804909e-01,527,527,128,1.0000,0,0,0,0.000000e+00,0.0000,1.216875
B014_0,vibration,128,20,PROPOSED,none,0.000000e+00,327,327,128,1.0000,0,0,0,0.000000e+00,0.0000,-2.350689
B014_0,vibration,128,20,SDT,unbounded,2.206333e-01,328,328,128,1.0000,0,0,0,0.000000e+00,0.0000,0.114278
B014_0,vibration,128,20,SDT,fifo_drop,2.206333e-01,328,328,128,1.0000,0,0,0,0.000000e+00,0.0000,0.114278
B014_0,vibration,128,20,SDT,stall,2.206333e-01,328,328,128,1.0000,0,0,0,0.000000e+00,0.0000,0.114278
B014_0,vibration,256,2,PROPOSED,none,0.000000e+00,2255,2255,256,1.0000,0,0,0,0.000000e+00,0.0000,13.515756
B014_0,vibration,256,2,SDT,unbounded,4.584750e-02,2257,2257,257,1.0039,0,0,0,0.000000e+00,0.0000,13.645338
B014_0,vibration,256,2,SDT,fifo_drop,4.584750e-02,2257,2256,256,1.0000,1,1,0,0.000000e+00,0.0000,13.584925
B014_0,vibration,256,2,SDT,stall,4.584750e-02,2256,2256,256,1.0000,1,0,1,9.786700e-02,2.1346,13.630129
B014_0,vibration,256,5,PROPOSED,none,0.000000e+00,1055,1055,256,1.0000,0,0,0,0.000000e+00,0.0000,4.100644
B014_0,vibration,256,5,SDT,unbounded,1.182125e-01,1056,1056,256,1.0000,0,0,0,0.000000e+00,0.0000,4.132887
B014_0,vibration,256,5,SDT,fifo_drop,1.182125e-01,1056,1056,256,1.0000,0,0,0,0.000000e+00,0.0000,4.132887
B014_0,vibration,256,5,SDT,stall,1.182125e-01,1056,1056,256,1.0000,0,0,0,0.000000e+00,0.0000,4.132887
B014_0,vibration,256,10,PROPOSED,none,0.000000e+00,655,655,256,1.0000,0,0,0,0.000000e+00,0.0000,0.611154
B014_0,vibration,256,10,SDT,unbounded,1.608915e-01,655,655,255,0.9961,0,0,0,0.000000e+00,0.0000,1.783353
B014_0,vibration,256,10,SDT,fifo_drop,1.608915e-01,655,655,255,0.9961,0,0,0,0.000000e+00,0.0000,1.783353
B014_0,vibration,256,10,SDT,stall,1.608915e-01,655,655,255,0.9961,0,0,0,0.000000e+00,0.0000,1.783353
B014_0,vibration,256,20,PROPOSED,none,0.000000e+00,455,455,256,1.0000,0,0,0,0.000000e+00,0.0000,-0.493967
B014_0,vibration,256,20,SDT,unbounded,1.906994e-01,456,456,256,1.0000,0,0,0,0.000000e+00,0.0000,0.866195
B014_0,vibration,256,20,SDT,fifo_drop,1.906994e-01,456,456,256,1.0000,0,0,0,0.000000e+00,0.0000,0.866195
B014_0,vibration,256,20,SDT,stall,1.906994e-01,456,456,256,1.0000,0,0,0,0.000000e+00,0.0000,0.866195
B014_0,vibration,512,2,PROPOSED,none,0.000000e+00,2511,2511,512,1.0000,0,0,0,0.000000e+00,0.0000,15.107725
B014_0,vibration,512,2,SDT,unbounded,3.654767e-02,2511,2511,511,0.9980,0,0,0,0.000000e+00,0.0000,16.253539
B014_0,vibration,512,2,SDT,fifo_drop,3.654767e-02,2511,2511,511,0.9980,0,0,0,0.000000e+00,0.0000,16.253539
B014_0,vibration,512,2,SDT,stall,3.654767e-02,2511,2511,511,0.9980,0,0,0,0.000000e+00,0.0000,16.253539
B014_0,vibration,512,5,PROPOSED,none,0.000000e+00,1311,1311,512,1.0000,0,0,0,0.000000e+00,0.0000,5.385673
B014_0,vibration,512,5,SDT,unbounded,9.899238e-02,1312,1312,512,1.0000,0,0,0,0.000000e+00,0.0000,5.695121
B014_0,vibration,512,5,SDT,fifo_drop,9.899238e-02,1312,1312,512,1.0000,0,0,0,0.000000e+00,0.0000,5.695121
B014_0,vibration,512,5,SDT,stall,9.899238e-02,1312,1312,512,1.0000,0,0,0,0.000000e+00,0.0000,5.695121
B014_0,vibration,512,10,PROPOSED,none,0.000000e+00,911,911,512,1.0000,0,0,0,0.000000e+00,0.0000,3.021436
B014_0,vibration,512,10,SDT,unbounded,1.314561e-01,911,911,511,0.9980,0,0,0,0.000000e+00,0.0000,3.314963
B014_0,vibration,512,10,SDT,fifo_drop,1.314561e-01,911,911,511,0.9980,0,0,0,0.000000e+00,0.0000,3.314963
B014_0,vibration,512,10,SDT,stall,1.314561e-01,911,911,511,0.9980,0,0,0,0.000000e+00,0.0000,3.314963
B014_0,vibration,512,20,PROPOSED,none,0.000000e+00,711,711,512,1.0000,0,0,0,0.000000e+00,0.0000,0.695686
B014_0,vibration,512,20,SDT,unbounded,1.535548e-01,712,712,512,1.0000,0,0,0,0.000000e+00,0.0000,2.204083
B014_0,vibration,512,20,SDT,fifo_drop,1.535548e-01,712,712,512,1.0000,0,0,0,0.000000e+00,0.0000,2.204083
B014_0,vibration,512,20,SDT,stall,1.535548e-01,712,712,512,1.0000,0,0,0,0.000000e+00,0.0000,2.204083
B014_1,vibration,64,2,PROPOSED,none,0.000000e+00,2063,2063,64,1.0000,0,0,0,0.000000e+00,0.0000,11.441336
B014_1,vibration,64,2,SDT,unbounded,6.833900e-02,2062,2062,132,2.0625,0,0,0,0.000000e+00,0.0000,12.751538
B014_1,vibration,64,2,SDT,fifo_drop,6.833900e-02,2062,1963,64,1.0000,99,99,0,0.000000e+00,0.0000,7.019302
B014_1,vibration,64,2,SDT,stall,6.833900e-02,1962,1962,64,1.0000,156,0,156,5.073660e-01,7.4243,9.130180
B014_1,vibration,64,5,PROPOSED,none,0.000000e+00,863,863,64,1.0000,0,0,0,0.000000e+00,0.0000,2.661196
B014_1,vibration,64,5,SDT,unbounded,1.817107e-01,863,863,115,1.7969,0,0,0,0.000000e+00,0.0000,4.270441
B014_1,vibration,64,5,SDT,fifo_drop,1.817107e-01,863,785,64,1.0000,78,78,0,0.000000e+00,0.0000,2.540087
B014_1,vibration,64,5,SDT,stall,1.817107e-01,786,786,64,1.0000,157,0,157,8.301517e-01,4.5685,3.044011
B014_1,vibration,64,10,PROPOSED,none,0.000000e+00,463,463,64,1.0000,0,0,0,0.000000e+00,0.0000,-0.760650
B014_1,vibration,64,10,SDT,unbounded,2.722244e-01,462,462,94,1.4688,0,0,0,0.000000e+00,0.0000,1.818725
B014_1,vibration,64,10,SDT,fifo_drop,2.722244e-01,462,432,64,1.0000,30,30,0,0.000000e+00,0.0000,0.484950
B014_1,vibration,64,10,SDT,stall,2.722244e-01,435,435,64,1.0000,93,0,93,7.728120e-01,2.8389,1.347066
B014_1,vibration,64,20,PROPOSED,none,0.000000e+00,263,263,64,1.0000,0,0,0,0.000000e+00,0.0000,-4.007499
B014_1,vibration,64,20,SDT,unbounded,3.572355e-01,260,260,82,1.2812,0,0,0,0.000000e+00,0.0000,-0.280783
B014_1,vibration,64,20,SDT,fifo_drop,3.572355e-01,260,242,64,1.0000,18,18,0,0.000000e+00,0.0000,-1.509602
B014_1,vibration,64,20,SDT,stall,3.572355e-01,242,242,64,1.0000,124,0,124,6.410770e-01,1.7946,-0.463054
B014_1,vibration,128,2,PROPOSED,none,0.000000e+00,2127,2127,128,1.0000,0,0,0,0.000000e+00,0.0000,12.663808
B014_1,vibration,128,2,SDT,unbounded,6.505550e-02,2128,2128,167,1.3047,0,0,0,0.000000e+00,0.0000,13.238813
B014_1,vibration,128,2,SDT,fifo_drop,6.505550e-02,2128,2089,128,1.0000,39,39,0,0.000000e+00,0.0000,11.369336
B014_1,vibration,128,2,SDT,stall,6.505550e-02,2086,2086,128,1.0000,59,0,59,4.514075e-01,6.9388,11.519863
B014_1,vibration,128,5,PROPOSED,none,0.000000e+00,927,927,128,1.0000,0,0,0,0.000000e+00,0.0000,3.336327
B014_1,vibration,128,5,SDT,unbounded,1.714770e-01,928,928,176,1.3750,0,0,0,0.000000e+00,0.0000,4.552373
B014_1,vibration,128,5,SDT,fifo_drop,1.714770e-01,928,880,128,1.0000,48,48,0,0.000000e+00,0.0000,2.822971
B014_1,vibration,128,5,SDT,stall,1.714770e-01,881,881,128,1.0000,101,0,101,6.504990e-01,3.7935,3.773014
B014_1,vibration,128,10,PROPOSED,none,0.000000e+00,527,527,128,1.0000,0,0,0,0.000000e+00,0.0000,0.143606
B014_1,vibration,128,10,SDT,unbounded,2.528511e-01,533,533,162,1.2656,0,0,0,0.000000e+00,0.0000,1.788680
B014_1,vibration,128,10,SDT,fifo_drop,2.528511e-01,533,499,128,1.0000,34,34,0,0.000000e+00,0.0000,1.038215
B014_1,vibration,128,10,SDT,stall,2.528511e-01,502,502,128,1.0000,74,0,74,6.881297e-01,2.7215,1.411800
B014_1,vibration,128,20,PROPOSED,none,0.000000e+00,327,327,128,1.0000,0,0,0,0.000000e+00,0.0000,-3.977040
B014_1,vibration,128,20,SDT,unbounded,3.323421e-01,330,330,147,1.1484,0,0,0,0.000000e+00,0.0000,0.230100
B014_1,vibration,128,20,SDT,fifo_drop,3.323421e-01,330,311,128,1.0000,19,19,0,0.000000e+00,0.0000,-0.167906
B014_1,vibration,128,20,SDT,stall,3.323421e-01,313,313,128,1.0000,98,0,98,7.286303e-01,2.1924,0.116792
B014_1,vibration,256,2,PROPOSED,none,0.000000e+00,2255,2255,256,1.0000,0,0,0,0.000000e+00,0.0000,13.875325
B014_1,vibration,256,2,SDT,unbounded,5.885567e-02,2256,2256,282,1.1016,0,0,0,0.000000e+00,0.0000,14.409430
B014_1,vibration,256,2,SDT,fifo_drop,5.885567e-02,2256,2230,256,1.0000,26,26,0,0.000000e+00,0.0000,11.941364
B014_1,vibration,256,2,SDT,stall,5.885567e-02,2228,2228,256,1.0000,35,0,35,4.514075e-01,7.6697,13.459711
B014_1,vibration,256,5,PROPOSED,none,0.000000e+00,1055,1055,256,1.0000,0,0,0,0.000000e+00,0.0000,4.130597
B014_1,vibration,256,5,SDT,unbounded,1.522760e-01,1056,1056,297,1.1602,0,0,0,0.000000e+00,0.0000,5.483439
B014_1,vibration,256,5,SDT,fifo_drop,1.522760e-01,1056,1015,256,1.0000,41,41,0,0.000000e+00,0.0000,4.482813
B014_1,vibration,256,5,SDT,stall,1.522760e-01,1015,1015,256,1.0000,87,0,87,8.349710e-01,5.4833,4.453012
B014_1,vibration,256,10,PROPOSED,none,0.000000e+00,655,655,256,1.0000,0,0,0,0.000000e+00,0.0000,0.690857
B014_1,vibration,256,10,SDT,unbounded,2.209663e-01,655,655,276,1.0781,0,0,0,0.000000e+00,0.0000,2.619025
B014_1,vibration,256,10,SDT,fifo_drop,2.209663e-01,655,635,256,1.0000,20,20,0,0.000000e+00,0.0000,2.098935
B014_1,vibration,256,10,SDT,stall,2.209663e-01,636,636,256,1.0000,72,0,72,7.286303e-01,3.2975,2.293894
B014_1,vibration,256,20,PROPOSED,none,0.000000e+00,455,455,256,1.0000,0,0,0,0.000000e+00,0.0000,-2.132547
B014_1,vibration,256,20,SDT,unbounded,2.748199e-01,455,455,265,1.0352,0,0,0,0.000000e+00,0.0000,1.723170
B014_1,vibration,256,20,SDT,fifo_drop,2.748199e-01,455,446,256,1.0000,9,9,0,0.000000e+00,0.0000,1.231451
B014_1,vibration,256,20,SDT,stall,2.748199e-01,447,447,256,1.0000,59,0,59,8.518637e-01,3.0997,1.556221
B014_1,vibration,512,2,PROPOSED,none,0.000000e+00,2511,2511,512,1.0000,0,0,0,0.000000e+00,0.0000,15.296881
B014_1,vibration,512,2,SDT,unbounded,4.580700e-02,2512,2512,516,1.0078,0,0,0,0.000000e+00,0.0000,17.193121
B014_1,vibration,512,2,SDT,fifo_drop,4.580700e-02,2512,2508,512,1.0000,4,4,0,0.000000e+00,0.0000,16.072507
B014_1,vibration,512,2,SDT,stall,4.580700e-02,2507,2507,512,1.0000,7,0,7,2.286280e-01,4.9911,16.853835
B014_1,vibration,512,5,PROPOSED,none,0.000000e+00,1311,1311,512,1.0000,0,0,0,0.000000e+00,0.0000,5.662023
B014_1,vibration,512,5,SDT,unbounded,1.244548e-01,1313,1313,535,1.0449,0,0,0,0.000000e+00,0.0000,7.024377
B014_1,vibration,512,5,SDT,fifo_drop,1.244548e-01,1313,1290,512,1.0000,23,23,0,0.000000e+00,0.0000,5.752241
B014_1,vibration,512,5,SDT,stall,1.244548e-01,1290,1290,512,1.0000,45,0,45,8.349710e-01,6.7090,6.276223
B014_1,vibration,512,10,PROPOSED,none,0.000000e+00,911,911,512,1.0000,0,0,0,0.000000e+00,0.0000,2.603003
B014_1,vibration,512,10,SDT,unbounded,1.762699e-01,911,911,522,1.0195,0,0,0,0.000000e+00,0.0000,4.381361
B014_1,vibration,512,10,SDT,fifo_drop,1.762699e-01,911,901,512,1.0000,10,10,0,0.000000e+00,0.0000,4.269629
B014_1,vibration,512,10,SDT,stall,1.762699e-01,901,901,512,1.0000,24,0,24,3.543247e-01,2.0101,4.292855
B014_1,vibration,512,20,PROPOSED,none,0.000000e+00,711,711,512,1.0000,0,0,0,0.000000e+00,0.0000,0.946763
B014_1,vibration,512,20,SDT,unbounded,2.077547e-01,711,711,513,1.0020,0,0,0,0.000000e+00,0.0000,3.151781
B014_1,vibration,512,20,SDT,fifo_drop,2.077547e-01,711,710,512,1.0000,1,1,0,0.000000e+00,0.0000,3.122943
B014_1,vibration,512,20,SDT,stall,2.077547e-01,710,710,512,1.0000,8,0,8,2.549143e-01,1.2270,3.156330
B014_2,vibration,64,2,PROPOSED,none,0.000000e+00,2063,2063,64,1.0000,0,0,0,0.000000e+00,0.0000,11.594445
B014_2,vibration,64,2,SDT,unbounded,5.161400e-02,2063,2063,137,2.1406,0,0,0,0.000000e+00,0.0000,11.827482
B014_2,vibration,64,2,SDT,fifo_drop,5.161400e-02,2063,1985,64,1.0000,78,78,0,0.000000e+00,0.0000,7.619694
B014_2,vibration,64,2,SDT,stall,5.161400e-02,1986,1986,64,1.0000,118,0,118,4.611535e-01,8.9347,8.332651
B014_2,vibration,64,5,PROPOSED,none,0.000000e+00,863,863,64,1.0000,0,0,0,0.000000e+00,0.0000,2.162365
B014_2,vibration,64,5,SDT,unbounded,1.269840e-01,864,864,140,2.1875,0,0,0,0.000000e+00,0.0000,3.576692
B014_2,vibration,64,5,SDT,fifo_drop,1.269840e-01,864,780,64,1.0000,84,84,0,0.000000e+00,0.0000,1.308886
B014_2,vibration,64,5,SDT,stall,1.269840e-01,782,782,64,1.0000,156,0,156,9.974060e-01,7.8546,1.928093
B014_2,vibration,64,10,PROPOSED,none,0.000000e+00,463,463,64,1.0000,0,0,0,0.000000e+00,0.0000,-0.093593
B014_2,vibration,64,10,SDT,unbounded,1.800243e-01,464,464,117,1.8281,0,0,0,0.000000e+00,0.0000,1.204714
B014_2,vibration,64,10,SDT,fifo_drop,1.800243e-01,464,411,64,1.0000,53,53,0,0.000000e+00,0.0000,-0.225987
B014_2,vibration,64,10,SDT,stall,1.800243e-01,411,411,64,1.0000,108,0,108,6.389657e-01,3.5493,0.598877
B014_2,vibration,64,20,PROPOSED,none,0.000000e+00,263,263,64,1.0000,0,0,0,0.000000e+00,0.0000,-2.622786
B014_2,vibration,64,20,SDT,unbounded,2.296522e-01,264,264,90,1.4062,0,0,0,0.000000e+00,0.0000,-0.666951
B014_2,vibration,64,20,SDT,fifo_drop,2.296522e-01,264,238,64,1.0000,26,26,0,0.000000e+00,0.0000,-1.296593
B014_2,vibration,64,20,SDT,stall,2.296522e-01,238,238,64,1.0000,122,0,122,6.154665e-01,2.6800,-0.925477
B014_2,vibration,128,2,PROPOSED,none,0.000000e+00,2127,2127,128,1.0000,0,0,0,0.000000e+00,0.0000,12.731281
B014_2,vibration,128,2,SDT,unbounded,4.862200e-02,2127,2127,148,1.1562,0,0,0,0.000000e+00,0.0000,12.432310
B014_2,vibration,128,2,SDT,fifo_drop,4.862200e-02,2127,2107,128,1.0000,20,20,0,0.000000e+00,0.0000,10.742255
B014_2,vibration,128,2,SDT,stall,4.862200e-02,2108,2108,128,1.0000,33,0,33,2.595710e-01,5.3386,11.844054
B014_2,vibration,128,5,PROPOSED,none,0.000000e+00,927,927,128,1.0000,0,0,0,0.000000e+00,0.0000,3.230232
B014_2,vibration,128,5,SDT,unbounded,1.212927e-01,927,927,152,1.1875,0,0,0,0.000000e+00,0.0000,3.931054
B014_2,vibration,128,5,SDT,fifo_drop,1.212927e-01,927,903,128,1.0000,24,24,0,0.000000e+00,0.0000,3.308791
B014_2,vibration,128,5,SDT,stall,1.212927e-01,907,907,128,1.0000,58,0,58,4.209233e-01,3.4703,3.633067
B014_2,vibration,128,10,PROPOSED,none,0.000000e+00,527,527,128,1.0000,0,0,0,0.000000e+00,0.0000,0.363059
B014_2,vibration,128,10,SDT,unbounded,1.696286e-01,528,528,136,1.0625,0,0,0,0.000000e+00,0.0000,1.427824
B014_2,vibration,128,10,SDT,fifo_drop,1.696286e-01,528,520,128,1.0000,8,8,0,0.000000e+00,0.0000,0.717007
B014_2,vibration,128,10,SDT,stall,1.696286e-01,520,520,128,1.0000,31,0,31,2.973640e-01,1.7530,1.350094
B014_2,vibration,128,20,PROPOSED,none,0.000000e+00,327,327,128,1.0000,0,0,0,0.000000e+00,0.0000,-1.908590
B014_2,vibration,128,20,SDT,unbounded,2.091350e-01,327,327,131,1.0234,0,0,0,0.000000e+00,0.0000,0.579080
B014_2,vibration,128,20,SDT,fifo_drop,2.091350e-01,327,324,128,1.0000,3,3,0,0.000000e+00,0.0000,0.503012
B014_2,vibration,128,20,SDT,stall,2.091350e-01,324,324,128,1.0000,28,0,28,2.203762e-01,1.0538,0.648195
B014_2,vibration,256,2,PROPOSED,none,0.000000e+00,2255,2255,256,1.0000,0,0,0,0.000000e+00,0.0000,14.064564
B014_2,vibration,256,2,SDT,unbounded,4.364067e-02,2256,2256,273,1.0664,0,0,0,0.000000e+00,0.0000,13.662543
B014_2,vibration,256,2,SDT,fifo_drop,4.364067e-02,2256,2239,256,1.0000,17,17,0,0.000000e+00,0.0000,12.835289
B014_2,vibration,256,2,SDT,stall,4.364067e-02,2239,2239,256,1.0000,23,0,23,3.078150e-01,7.0534,12.612131
B014_2,vibration,256,5,PROPOSED,none,0.000000e+00,1055,1055,256,1.0000,0,0,0,0.000000e+00,0.0000,4.376735
B014_2,vibration,256,5,SDT,unbounded,1.101711e-01,1056,1056,268,1.0469,0,0,0,0.000000e+00,0.0000,4.526205
B014_2,vibration,256,5,SDT,fifo_drop,1.101711e-01,1056,1044,256,1.0000,12,12,0,0.000000e+00,0.0000,4.335358
B014_2,vibration,256,5,SDT,stall,1.101711e-01,1044,1044,256,1.0000,26,0,26,3.691745e-01,3.3509,4.264611
B014_2,vibration,256,10,PROPOSED,none,0.000000e+00,655,655,256,1.0000,0,0,0,0.000000e+00,0.0000,1.376231
B014_2,vibration,256,10,SDT,unbounded,1.525559e-01,654,654,260,1.0156,0,0,0,0.000000e+00,0.0000,2.344681
B014_2,vibration,256,10,SDT,fifo_drop,1.525559e-01,654,650,256,1.0000,4,4,0,0.000000e+00,0.0000,2.267743
B014_2,vibration,256,10,SDT,stall,1.525559e-01,649,649,256,1.0000,8,0,8,2.861027e-01,1.8754,2.306716
B014_2,vibration,256,20,PROPOSED,none,0.000000e+00,455,455,256,1.0000,0,0,0,0.000000e+00,0.0000,-0.685567
B014_2,vibration,256,20,SDT,unbounded,1.806690e-01,456,456,259,1.0117,0,0,0,0.000000e+00,0.0000,1.200478
B014_2,vibration,256,20,SDT,fifo_drop,1.806690e-01,456,453,256,1.0000,3,3,0,0.000000e+00,0.0000,1.188087
B014_2,vibration,256,20,SDT,stall,1.806690e-01,454,454,256,1.0000,17,0,17,2.913543e-01,1.6126,1.172515
B014_2,vibration,512,2,PROPOSED,none,0.000000e+00,2511,2511,512,1.0000,0,0,0,0.000000e+00,0.0000,15.457957
B014_2,vibration,512,2,SDT,unbounded,3.449067e-02,2512,2512,522,1.0195,0,0,0,0.000000e+00,0.0000,16.482834
B014_2,vibration,512,2,SDT,fifo_drop,3.449067e-02,2512,2502,512,1.0000,10,10,0,0.000000e+00,0.0000,15.311528
B014_2,vibration,512,2,SDT,stall,3.449067e-02,2502,2502,512,1.0000,16,0,16,2.022315e-01,5.8634,15.687607
B014_2,vibration,512,5,PROPOSED,none,0.000000e+00,1311,1311,512,1.0000,0,0,0,0.000000e+00,0.0000,5.916145
B014_2,vibration,512,5,SDT,unbounded,9.155967e-02,1312,1312,522,1.0195,0,0,0,0.000000e+00,0.0000,6.116920
B014_2,vibration,512,5,SDT,fifo_drop,9.155967e-02,1312,1302,512,1.0000,10,10,0,0.000000e+00,0.0000,5.983155
B014_2,vibration,512,5,SDT,stall,9.155967e-02,1303,1303,512,1.0000,23,0,23,3.280110e-01,3.5825,5.835525
B014_2,vibration,512,10,PROPOSED,none,0.000000e+00,911,911,512,1.0000,0,0,0,0.000000e+00,0.0000,3.329842
B014_2,vibration,512,10,SDT,unbounded,1.222694e-01,912,912,516,1.0078,0,0,0,0.000000e+00,0.0000,3.812061
B014_2,vibration,512,10,SDT,fifo_drop,1.222694e-01,912,908,512,1.0000,4,4,0,0.000000e+00,0.0000,3.755945
B014_2,vibration,512,10,SDT,stall,1.222694e-01,908,908,512,1.0000,8,0,8,2.861027e-01,2.3399,3.774276
B014_2,vibration,512,20,PROPOSED,none,0.000000e+00,711,711,512,1.0000,0,0,0,0.000000e+00,0.0000,1.460205
B014_2,vibration,512,20,SDT,unbounded,1.461586e-01,712,712,513,1.0020,0,0,0,0.000000e+00,0.0000,2.615731
B014_2,vibration,512,20,SDT,fifo_drop,1.461586e-01,712,711,512,1.0000,1,1,0,0.000000e+00,0.0000,2.571583
B014_2,vibration,512,20,SDT,stall,1.461586e-01,711,711,512,1.0000,4,0,4,1.226245e-01,0.8390,2.643387
B014_3,vibration,64,2,PROPOSED,none,0.000000e+00,2063,2063,64,1.0000,0,0,0,0.000000e+00,0.0000,12.732879
B014_3,vibration,64,2,SDT,unbounded,4.844600e-02,2063,2063,117,1.8281,0,0,0,0.000000e+00,0.0000,13.430278
B014_3,vibration,64,2,SDT,fifo_drop,4.844600e-02,2063,2010,64,1.0000,53,53,0,0.000000e+00,0.0000,8.607096
B014_3,vibration,64,2,SDT,stall,4.844600e-02,2010,2010,64,1.0000,80,0,80,3.843215e-01,7.9330,10.915351
B014_3,vibration,64,5,PROPOSED,none,0.000000e+00,863,863,64,1.0000,0,0,0,0.000000e+00,0.0000,3.151189
B014_3,vibration,64,5,SDT,unbounded,1.310597e-01,863,863,134,2.0938,0,0,0,0.000000e+00,0.0000,3.965131
B014_3,vibration,64,5,SDT,fifo_drop,1.310597e-01,863,793,64,1.0000,70,70,0,0.000000e+00,0.0000,1.578715
B014_3,vibration,64,5,SDT,stall,1.310597e-01,793,793,64,1.0000,128,0,128,6.826067e-01,5.2084,2.767532
B014_3,vibration,64,10,PROPOSED,none,0.000000e+00,463,463,64,1.0000,0,0,0,0.000000e+00,0.0000,-0.627146
B014_3,vibration,64,10,SDT,unbounded,1.871830e-01,465,465,127,1.9844,0,0,0,0.000000e+00,0.0000,1.585287
B014_3,vibration,64,10,SDT,fifo_drop,1.871830e-01,465,402,64,1.0000,63,63,0,0.000000e+00,0.0000,0.140726
B014_3,vibration,64,10,SDT,stall,1.871830e-01,402,402,64,1.0000,148,0,148,6.948325e-01,3.7120,1.046465
B014_3,vibration,64,20,PROPOSED,none,0.000000e+00,263,263,64,1.0000,0,0,0,0.000000e+00,0.0000,-2.675449
B014_3,vibration,64,20,SDT,unbounded,2.429358e-01,264,264,102,1.5938,0,0,0,0.000000e+00,0.0000,0.089033
B014_3,vibration,64,20,SDT,fifo_drop,2.429358e-01,264,226,64,1.0000,38,38,0,0.000000e+00,0.0000,-1.240830
B014_3,vibration,64,20,SDT,stall,2.429358e-01,226,226,64,1.0000,183,0,183,8.360537e-01,3.4415,-0.278169
B014_3,vibration,128,2,PROPOSED,none,0.000000e+00,2127,2127,128,1.0000,0,0,0,0.000000e+00,0.0000,13.851508
B014_3,vibration,128,2,SDT,unbounded,4.575233e-02,2127,2127,127,0.9922,0,0,0,0.000000e+00,0.0000,14.012958
B014_3,vibration,128,2,SDT,fifo_drop,4.575233e-02,2127,2127,127,0.9922,0,0,0,0.000000e+00,0.0000,14.012958
B014_3,vibration,128,2,SDT,stall,4.575233e-02,2127,2127,127,0.9922,0,0,0,0.000000e+00,0.0000,14.012958
B014_3,vibration,128,5,PROPOSED,none,0.000000e+00,927,927,128,1.0000,0,0,0,0.000000e+00,0.0000,4.157816
B014_3,vibration,128,5,SDT,unbounded,1.245585e-01,928,928,151,1.1797,0,0,0,0.000000e+00,0.0000,4.291012
B014_3,vibration,128,5,SDT,fifo_drop,1.245585e-01,928,905,128,1.0000,23,23,0,0.000000e+00,0.0000,3.909359
B014_3,vibration,128,5,SDT,stall,1.245585e-01,905,905,128,1.0000,40,0,40,7.151612e-01,5.7416,3.772674
B014_3,vibration,128,10,PROPOSED,none,0.000000e+00,527,527,128,1.0000,0,0,0,0.000000e+00,0.0000,0.531301
B014_3,vibration,128,10,SDT,unbounded,1.758481e-01,528,528,161,1.2578,0,0,0,0.000000e+00,0.0000,1.947821
B014_3,vibration,128,10,SDT,fifo_drop,1.758481e-01,528,495,128,1.0000,33,33,0,0.000000e+00,0.0000,1.191129
B014_3,vibration,128,10,SDT,stall,1.758481e-01,495,495,128,1.0000,66,0,66,8.145040e-01,4.6319,1.510009
B014_3,vibration,128,20,PROPOSED,none,0.000000e+00,327,327,128,1.0000,0,0,0,0.000000e+00,0.0000,-1.823874
B014_3,vibration,128,20,SDT,unbounded,2.216761e-01,329,329,148,1.1562,0,0,0,0.000000e+00,0.0000,1.016235
B014_3,vibration,128,20,SDT,fifo_drop,2.216761e-01,329,309,128,1.0000,20,20,0,0.000000e+00,0.0000,0.305591
B014_3,vibration,128,20,SDT,stall,2.216761e-01,309,309,128,1.0000,45,0,45,7.435740e-01,3.3543,0.828799
B014_3,vibration,256,2,PROPOSED,none,0.000000e+00,2255,2255,256,1.0000,0,0,0,0.000000e+00,0.0000,14.841318
B014_3,vibration,256,2,SDT,unbounded,4.115033e-02,2256,2256,256,1.0000,0,0,0,0.000000e+00,0.0000,15.191986
B014_3,vibration,256,2,SDT,fifo_drop,4.115033e-02,2256,2256,256,1.0000,0,0,0,0.000000e+00,0.0000,15.191986
B014_3,vibration,256,2,SDT,stall,4.115033e-02,2256,2256,256,1.0000,0,0,0,0.000000e+00,0.0000,15.191986
B014_3,vibration,256,5,PROPOSED,none,0.000000e+00,1055,1055,256,1.0000,0,0,0,0.000000e+00,0.0000,4.390830
B014_3,vibration,256,5,SDT,unbounded,1.122370e-01,1056,1056,256,1.0000,0,0,0,0.000000e+00,0.0000,5.138846
B014_3,vibration,256,5,SDT,fifo_drop,1.122370e-01,1056,1056,256,1.0000,0,0,0,0.000000e+00,0.0000,5.138846
B014_3,vibration,256,5,SDT,stall,1.122370e-01,1056,1056,256,1.0000,0,0,0,0.000000e+00,0.0000,5.138846
B014_3,vibration,256,10,PROPOSED,none,0.000000e+00,655,655,256,1.0000,0,0,0,0.000000e+00,0.0000,1.218996
B014_3,vibration,256,10,SDT,unbounded,1.576087e-01,656,656,256,1.0000,0,0,0,0.000000e+00,0.0000,2.831587
B014_3,vibration,256,10,SDT,fifo_drop,1.576087e-01,656,656,256,1.0000,0,0,0,0.000000e+00,0.0000,2.831587
B014_3,vibration,256,10,SDT,stall,1.576087e-01,656,656,256,1.0000,0,0,0,0.000000e+00,0.0000,2.831587
B014_3,vibration,256,20,PROPOSED,none,0.000000e+00,455,455,256,1.0000,0,0,0,0.000000e+00,0.0000,-1.011244
B014_3,vibration,256,20,SDT,unbounded,1.884657e-01,457,457,257,1.0039,0,0,0,0.000000e+00,0.0000,1.630268
B014_3,vibration,256,20,SDT,fifo_drop,1.884657e-01,457,456,256,1.0000,1,1,0,0.000000e+00,0.0000,1.611716
B014_3,vibration,256,20,SDT,stall,1.884657e-01,456,456,256,1.0000,3,0,3,1.514304e-01,0.8035,1.631406
B014_3,vibration,512,2,PROPOSED,none,0.000000e+00,2511,2511,512,1.0000,0,0,0,0.000000e+00,0.0000,16.088971
B014_3,vibration,512,2,SDT,unbounded,3.234992e-02,2511,2511,511,0.9980,0,0,0,0.000000e+00,0.0000,17.979226
B014_3,vibration,512,2,SDT,fifo_drop,3.234992e-02,2511,2511,511,0.9980,0,0,0,0.000000e+00,0.0000,17.979226
B014_3,vibration,512,2,SDT,stall,3.234992e-02,2511,2511,511,0.9980,0,0,0,0.000000e+00,0.0000,17.979226
B014_3,vibration,512,5,PROPOSED,none,0.000000e+00,1311,1311,512,1.0000,0,0,0,0.000000e+00,0.0000,6.437206
B014_3,vibration,512,5,SDT,unbounded,9.188367e-02,1311,1311,511,0.9980,0,0,0,0.000000e+00,0.0000,6.864241
B014_3,vibration,512,5,SDT,fifo_drop,9.188367e-02,1311,1311,511,0.9980,0,0,0,0.000000e+00,0.0000,6.864241
B014_3,vibration,512,5,SDT,stall,9.188367e-02,1311,1311,511,0.9980,0,0,0,0.000000e+00,0.0000,6.864241
B014_3,vibration,512,10,PROPOSED,none,0.000000e+00,911,911,512,1.0000,0,0,0,0.000000e+00,0.0000,3.554593
B014_3,vibration,512,10,SDT,unbounded,1.261037e-01,911,911,511,0.9980,0,0,0,0.000000e+00,0.0000,4.226633
B014_3,vibration,512,10,SDT,fifo_drop,1.261037e-01,911,911,511,0.9980,0,0,0,0.000000e+00,0.0000,4.226633
B014_3,vibration,512,10,SDT,stall,1.261037e-01,911,911,511,0.9980,0,0,0,0.000000e+00,0.0000,4.226633
B014_3,vibration,512,20,PROPOSED,none,0.000000e+00,711,711,512,1.0000,0,0,0,0.000000e+00,0.0000,1.778861
B014_3,vibration,512,20,SDT,unbounded,1.468934e-01,711,711,511,0.9980,0,0,0,0.000000e+00,0.0000,3.292973
B014_3,vibration,512,20,SDT,fifo_drop,1.468934e-01,711,711,511,0.9980,0,0,0,0.000000e+00,0.0000,3.292973
B014_3,vibration,512,20,SDT,stall,1.468934e-01,711,711,511,0.9980,0,0,0,0.000000e+00,0.0000,3.292973
OR014@6_0,vibration,64,2,PROPOSED,none,0.000000e+00,2063,2063,64,1.0000,0,0,0,0.000000e+00,0.0000,8.541415
OR014@6_0,vibration,64,2,SDT,unbounded,6.753550e-02,2065,2065,77,1.2031,0,0,0,0.000000e+00,0.0000,8.217114
OR014@6_0,vibration,64,2,SDT,fifo_drop,6.753550e-02,2065,2052,64,1.0000,13,13,0,0.000000e+00,0.0000,7.708924
OR014@6_0,vibration,64,2,SDT,stall,6.753550e-02,2052,2052,64,1.0000,24,0,24,3.194715e-01,4.7304,7.695851
OR014@6_0,vibration,64,5,PROPOSED,none,0.000000e+00,863,863,64,1.0000,0,0,0,0.000000e+00,0.0000,0.558759
OR014@6_0,vibration,64,5,SDT,unbounded,1.415273e-01,863,863,78,1.2188,0,0,0,0.000000e+00,0.0000,1.263991
OR014@6_0,vibration,64,5,SDT,fifo_drop,1.415273e-01,863,849,64,1.0000,14,14,0,0.000000e+00,0.0000,1.127896
OR014@6_0,vibration,64,5,SDT,stall,1.415273e-01,849,849,64,1.0000,27,0,27,3.972590e-01,2.8069,1.156194
OR014@6_0,vibration,64,10,PROPOSED,none,0.000000e+00,463,463,64,1.0000,0,0,0,0.000000e+00,0.0000,-1.833091
OR014@6_0,vibration,64,10,SDT,unbounded,1.742518e-01,463,463,73,1.1406,0,0,0,0.000000e+00,0.0000,0.064866
OR014@6_0,vibration,64,10,SDT,fifo_drop,1.742518e-01,463,454,64,1.0000,9,9,0,0.000000e+00,0.0000,-0.015859
OR014@6_0,vibration,64,10,SDT,stall,1.742518e-01,453,453,64,1.0000,22,0,22,3.984093e-01,2.2864,-0.014679
OR014@6_0,vibration,64,20,PROPOSED,none,0.000000e+00,263,263,64,1.0000,0,0,0,0.000000e+00,0.0000,-3.156707
OR014@6_0,vibration,64,20,SDT,unbounded,1.992290e-01,265,265,69,1.0781,0,0,0,0.000000e+00,0.0000,-0.343173
OR014@6_0,vibration,64,20,SDT,fifo_drop,1.992290e-01,265,260,64,1.0000,5,5,0,0.000000e+00,0.0000,-0.452523
OR014@6_0,vibration,64,20,SDT,stall,1.992290e-01,260,260,64,1.0000,5,0,5,4.133907e-01,2.0750,-0.407478
OR014@6_0,vibration,128,2,PROPOSED,none,0.000000e+00,2127,2127,128,1.0000,0,0,0,0.000000e+00,0.0000,8.909975
OR014@6_0,vibration,128,2,SDT,unbounded,6.349620e-02,2127,2127,133,1.0391,0,0,0,0.000000e+00,0.0000,8.691901
OR014@6_0,vibration,128,2,SDT,fifo_drop,6.349620e-02,2127,2122,128,1.0000,5,5,0,0.000000e+00,0.0000,8.514168
OR014@6_0,vibration,128,2,SDT,stall,6.349620e-02,2122,2122,128,1.0000,7,0,7,3.194715e-01,5.0313,8.404828
OR014@6_0,vibration,128,5,PROPOSED,none,0.000000e+00,927,927,128,1.0000,0,0,0,0.000000e+00,0.0000,0.873064
OR014@6_0,vibration,128,5,SDT,unbounded,1.363684e-01,926,926,138,1.0781,0,0,0,0.000000e+00,0.0000,1.515197
OR014@6_0,vibration,128,5,SDT,fifo_drop,1.363684e-01,926,916,128,1.0000,10,10,0,0.000000e+00,0.0000,1.454759
OR014@6_0,vibration,128,5,SDT,stall,1.363684e-01,916,916,128,1.0000,26,0,26,3.280653e-01,2.4057,1.440460
OR014@6_0,vibration,128,10,PROPOSED,none,0.000000e+00,527,527,128,1.0000,0,0,0,0.000000e+00,0.0000,-1.586049
OR014@6_0,vibration,128,10,SDT,unbounded,1.677995e-01,529,529,141,1.1016,0,0,0,0.000000e+00,0.0000,0.153590
OR014@6_0,vibration,128,10,SDT,fifo_drop,1.677995e-01,529,516,128,1.0000,13,13,0,0.000000e+00,0.0000,-0.034709
OR014@6_0,vibration,128,10,SDT,stall,1.677995e-01,520,520,128,1.0000,21,0,21,3.770006e-01,2.2467,0.072756
OR014@6_0,vibration,128,20,PROPOSED,none,0.000000e+00,327,327,128,1.0000,0,0,0,0.000000e+00,0.0000,-3.014366
OR014@6_0,vibration,128,20,SDT,unbounded,1.905805e-01,326,326,130,1.0156,0,0,0,0.000000e+00,0.0000,-0.375571
OR014@6_0,vibration,128,20,SDT,fifo_drop,1.905805e-01,326,324,128,1.0000,2,2,0,0.000000e+00,0.0000,-0.355274
OR014@6_0,vibration,128,20,SDT,stall,1.905805e-01,324,324,128,1.0000,2,0,2,2.977585e-01,1.5624,-0.382555
OR014@6_0,vibration,256,2,PROPOSED,none,0.000000e+00,2255,2255,256,1.0000,0,0,0,0.000000e+00,0.0000,9.372897
OR014@6_0,vibration,256,2,SDT,unbounded,5.859733e-02,2255,2255,257,1.0039,0,0,0,0.000000e+00,0.0000,9.813162
OR014@6_0,vibration,256,2,SDT,fifo_drop,5.859733e-02,2255,2254,256,1.0000,1,1,0,0.000000e+00,0.0000,9.702275
OR014@6_0,vibration,256,2,SDT,stall,5.859733e-02,2254,2254,256,1.0000,1,0,1,2.998830e-01,5.1177,9.725751
OR014@6_0,vibration,256,5,PROPOSED,none,0.000000e+00,1055,1055,256,1.0000,0,0,0,0.000000e+00,0.0000,1.470351
OR014@6_0,vibration,256,5,SDT,unbounded,1.276970e-01,1055,1055,266,1.0391,0,0,0,0.000000e+00,0.0000,2.045189
OR014@6_0,vibration,256,5,SDT,fifo_drop,1.276970e-01,1055,1045,256,1.0000,10,10,0,0.000000e+00,0.0000,1.948235
OR014@6_0,vibration,256,5,SDT,stall,1.276970e-01,1045,1045,256,1.0000,15,0,15,3.194715e-01,2.5018,1.999961
OR014@6_0,vibration,256,10,PROPOSED,none,0.000000e+00,655,655,256,1.0000,0,0,0,0.000000e+00,0.0000,-1.060709
OR014@6_0,vibration,256,10,SDT,unbounded,1.552151e-01,656,656,262,1.0234,0,0,0,0.000000e+00,0.0000,0.498988
OR014@6_0,vibration,256,10,SDT,fifo_drop,1.552151e-01,656,650,256,1.0000,6,6,0,0.000000e+00,0.0000,0.461720
OR014@6_0,vibration,256,10,SDT,stall,1.552151e-01,650,650,256,1.0000,9,0,9,3.530827e-01,2.2748,0.477354
OR014@6_0,vibration,256,20,PROPOSED,none,0.000000e+00,455,455,256,1.0000,0,0,0,0.000000e+00,0.0000,-2.185426
OR014@6_0,vibration,256,20,SDT,unbounded,1.752921e-01,456,456,259,1.0117,0,0,0,0.000000e+00,0.0000,0.102351
OR014@6_0,vibration,256,20,SDT,fifo_drop,1.752921e-01,456,453,256,1.0000,3,3,0,0.000000e+00,0.0000,0.086478
OR014@6_0,vibration,256,20,SDT,stall,1.752921e-01,453,453,256,1.0000,5,0,5,3.183643e-01,1.8162,0.092466
OR014@6_0,vibration,512,2,PROPOSED,none,0.000000e+00,2511,2511,512,1.0000,0,0,0,0.000000e+00,0.0000,10.647311
OR014@6_0,vibration,512,2,SDT,unbounded,4.713533e-02,2511,2511,511,0.9980,0,0,0,0.000000e+00,0.0000,12.398040
OR014@6_0,vibration,512,2,SDT,fifo_drop,4.713533e-02,2511,2511,511,0.9980,0,0,0,0.000000e+00,0.0000,12.398040
OR014@6_0,vibration,512,2,SDT,stall,4.713533e-02,2511,2511,511,0.9980,0,0,0,0.000000e+00,0.0000,12.398040
OR014@6_0,vibration,512,5,PROPOSED,none,0.000000e+00,1311,1311,512,1.0000,0,0,0,0.000000e+00,0.0000,2.517948
OR014@6_0,vibration,512,5,SDT,unbounded,1.107698e-01,1312,1312,512,1.0000,0,0,0,0.000000e+00,0.0000,3.207198
OR014@6_0,vibration,512,5,SDT,fifo_drop,1.107698e-01,1312,1312,512,1.0000,0,0,0,0.000000e+00,0.0000,3.207198
OR014@6_0,vibration,512,5,SDT,stall,1.107698e-01,1312,1312,512,1.0000,0,0,0,0.000000e+00,0.0000,3.207198
OR014@6_0,vibration,512,10,PROPOSED,none,0.000000e+00,911,911,512,1.0000,0,0,0,0.000000e+00,0.0000,0.286227
OR014@6_0,vibration,512,10,SDT,unbounded,1.370956e-01,909,909,510,0.9961,0,0,0,0.000000e+00,0.0000,1.479739
OR014@6_0,vibration,512,10,SDT,fifo_drop,1.370956e-01,909,909,510,0.9961,0,0,0,0.000000e+00,0.0000,1.479739
OR014@6_0,vibration,512,10,SDT,stall,1.370956e-01,909,909,510,0.9961,0,0,0,0.000000e+00,0.0000,1.479739
OR014@6_0,vibration,512,20,PROPOSED,none,0.000000e+00,711,711,512,1.0000,0,0,0,0.000000e+00,0.0000,-0.349001
OR014@6_0,vibration,512,20,SDT,unbounded,1.506624e-01,713,713,515,1.0059,0,0,0,0.000000e+00,0.0000,0.882284
OR014@6_0,vibration,512,20,SDT,fifo_drop,1.506624e-01,713,710,512,1.0000,3,3,0,0.000000e+00,0.0000,0.868876
OR014@6_0,vibration,512,20,SDT,stall,1.506624e-01,710,710,512,1.0000,4,0,4,2.850850e-01,1.8922,0.871808
OR014@6_1,vibration,64,2,PROPOSED,none,0.000000e+00,2063,2063,64,1.0000,0,0,0,0.000000e+00,0.0000,7.948575
OR014@6_1,vibration,64,2,SDT,unbounded,6.464920e-02,2064,2064,67,1.0469,0,0,0,0.000000e+00,0.0000,7.715302
OR014@6_1,vibration,64,2,SDT,fifo_drop,6.464920e-02,2064,2061,64,1.0000,3,3,0,0.000000e+00,0.0000,7.550135
OR014@6_1,vibration,64,2,SDT,stall,6.464920e-02,2061,2061,64,1.0000,4,0,4,2.313325e-01,3.5783,7.638540
OR014@6_1,vibration,64,5,PROPOSED,none,0.000000e+00,863,863,64,1.0000,0,0,0,0.000000e+00,0.0000,0.117105
OR014@6_1,vibration,64,5,SDT,unbounded,1.294001e-01,864,864,69,1.0781,0,0,0,0.000000e+00,0.0000,1.037749
OR014@6_1,vibration,64,5,SDT,fifo_drop,1.294001e-01,864,859,64,1.0000,5,5,0,0.000000e+00,0.0000,0.938532
OR014@6_1,vibration,64,5,SDT,stall,1.294001e-01,860,860,64,1.0000,10,0,10,3.817770e-01,2.9504,0.975552
OR014@6_1,vibration,64,10,PROPOSED,none,0.000000e+00,463,463,64,1.0000,0,0,0,0.000000e+00,0.0000,-2.251308
OR014@6_1,vibration,64,10,SDT,unbounded,1.628810e-01,465,465,70,1.0938,0,0,0,0.000000e+00,0.0000,-0.183041
OR014@6_1,vibration,64,10,SDT,fifo_drop,1.628810e-01,465,459,64,1.0000,6,6,0,0.000000e+00,0.0000,-0.261481
OR014@6_1,vibration,64,10,SDT,stall,1.628810e-01,461,461,64,1.0000,14,0,14,3.285147e-01,2.0169,-0.211225
OR014@6_1,vibration,64,20,PROPOSED,none,0.000000e+00,263,263,64,1.0000,0,0,0,0.000000e+00,0.0000,-3.384219
OR014@6_1,vibration,64,20,SDT,unbounded,1.866588e-01,264,264,69,1.0781,0,0,0,0.000000e+00,0.0000,-0.843040
OR014@6_1,vibration,64,20,SDT,fifo_drop,1.866588e-01,264,259,64,1.0000,5,5,0,0.000000e+00,0.0000,-0.848635
OR014@6_1,vibration,64,20,SDT,stall,1.866588e-01,261,261,64,1.0000,113,0,113,3.807188e-01,2.0397,-0.999274
OR014@6_1,vibration,128,2,PROPOSED,none,0.000000e+00,2127,2127,128,1.0000,0,0,0,0.000000e+00,0.0000,8.649605
OR014@6_1,vibration,128,2,SDT,unbounded,6.184550e-02,2128,2128,128,1.0000,0,0,0,0.000000e+00,0.0000,8.231352
OR014@6_1,vibration,128,2,SDT,fifo_drop,6.184550e-02,2128,2128,128,1.0000,0,0,0,0.000000e+00,0.0000,8.231352
OR014@6_1,vibration,128,2,SDT,stall,6.184550e-02,2128,2128,128,1.0000,0,0,0,0.000000e+00,0.0000,8.231352
OR014@6_1,vibration,128,5,PROPOSED,none,0.000000e+00,927,927,128,1.0000,0,0,0,0.000000e+00,0.0000,0.412854
OR014@6_1,vibration,128,5,SDT,unbounded,1.257767e-01,930,930,132,1.0312,0,0,0,0.000000e+00,0.0000,1.351146
OR014@6_1,vibration,128,5,SDT,fifo_drop,1.257767e-01,930,926,128,1.0000,4,4,0,0.000000e+00,0.0000,1.333804
OR014@6_1,vibration,128,5,SDT,stall,1.257767e-01,925,925,128,1.0000,6,0,6,2.745897e-01,2.1832,1.342889
OR014@6_1,vibration,128,10,PROPOSED,none,0.000000e+00,527,527,128,1.0000,0,0,0,0.000000e+00,0.0000,-2.033394
OR014@6_1,vibration,128,10,SDT,unbounded,1.565412e-01,528,528,129,1.0078,0,0,0,0.000000e+00,0.0000,0.015507
OR014@6_1,vibration,128,10,SDT,fifo_drop,1.565412e-01,528,527,128,1.0000,1,1,0,0.000000e+00,0.0000,0.010349
OR014@6_1,vibration,128,10,SDT,stall,1.565412e-01,528,528,128,1.0000,13,0,13,2.640135e-01,1.6865,-0.018217
OR014@6_1,vibration,128,20,PROPOSED,none,0.000000e+00,327,327,128,1.0000,0,0,0,0.000000e+00,0.0000,-3.264993
OR014@6_1,vibration,128,20,SDT,unbounded,1.782763e-01,330,330,130,1.0156,0,0,0,0.000000e+00,0.0000,-0.473790
OR014@6_1,vibration,128,20,SDT,fifo_drop,1.782763e-01,330,328,128,1.0000,2,2,0,0.000000e+00,0.0000,-0.493430
OR014@6_1,vibration,128,20,SDT,stall,1.782763e-01,328,328,128,1.0000,20,0,20,2.214577e-01,1.2422,-0.472109
OR014@6_1,vibration,256,2,PROPOSED,none,0.000000e+00,2255,2255,256,1.0000,0,0,0,0.000000e+00,0.0000,9.278136
OR014@6_1,vibration,256,2,SDT,unbounded,5.687880e-02,2255,2255,255,0.9961,0,0,0,0.000000e+00,0.0000,9.289849
OR014@6_1,vibration,256,2,SDT,fifo_drop,5.687880e-02,2255,2255,255,0.9961,0,0,0,0.000000e+00,0.0000,9.289849
OR014@6_1,vibration,256,2,SDT,stall,5.687880e-02,2255,2255,255,0.9961,0,0,0,0.000000e+00,0.0000,9.289849
OR014@6_1,vibration,256,5,PROPOSED,none,0.000000e+00,1055,1055,256,1.0000,0,0,0,0.000000e+00,0.0000,0.990381
OR014@6_1,vibration,256,5,SDT,unbounded,1.185487e-01,1057,1057,259,1.0117,0,0,0,0.000000e+00,0.0000,1.792928
OR014@6_1,vibration,256,5,SDT,fifo_drop,1.185487e-01,1057,1054,256,1.0000,3,3,0,0.000000e+00,0.0000,1.726645
OR014@6_1,vibration,256,5,SDT,stall,1.185487e-01,1053,1053,256,1.0000,5,0,5,2.745897e-01,2.3163,1.783848
OR014@6_1,vibration,256,10,PROPOSED,none,0.000000e+00,655,655,256,1.0000,0,0,0,0.000000e+00,0.0000,-1.251626
OR014@6_1,vibration,256,10,SDT,unbounded,1.450684e-01,655,655,258,1.0078,0,0,0,0.000000e+00,0.0000,0.419550
OR014@6_1,vibration,256,10,SDT,fifo_drop,1.450684e-01,655,653,256,1.0000,2,2,0,0.000000e+00,0.0000,0.402602
OR014@6_1,vibration,256,10,SDT,stall,1.450684e-01,654,654,256,1.0000,6,0,6,2.640135e-01,1.8199,0.404101
OR014@6_1,vibration,256,20,PROPOSED,none,0.000000e+00,455,455,256,1.0000,0,0,0,0.000000e+00,0.0000,-2.856186
OR014@6_1,vibration,256,20,SDT,unbounded,1.630160e-01,454,454,254,0.9922,0,0,0,0.000000e+00,0.0000,-0.188338
OR014@6_1,vibration,256,20,SDT,fifo_drop,1.630160e-01,454,454,254,0.9922,0,0,0,0.000000e+00,0.0000,-0.188338
OR014@6_1,vibration,256,20,SDT,stall,1.630160e-01,454,454,254,0.9922,0,0,0,0.000000e+00,0.0000,-0.188338
OR014@6_1,vibration,512,2,PROPOSED,none,0.000000e+00,2511,2511,512,1.0000,0,0,0,0.000000e+00,0.0000,10.602293
OR014@6_1,vibration,512,2,SDT,unbounded,4.426600e-02,2513,2513,513,1.0020,0,0,0,0.000000e+00,0.0000,12.186043
OR014@6_1,vibration,512,2,SDT,fifo_drop,4.426600e-02,2513,2512,512,1.0000,1,1,0,0.000000e+00,0.0000,12.047883
OR014@6_1,vibration,512,2,SDT,stall,4.426600e-02,2512,2512,512,1.0000,3,0,3,9.944650e-02,2.2466,12.137149
OR014@6_1,vibration,512,5,PROPOSED,none,0.000000e+00,1311,1311,512,1.0000,0,0,0,0.000000e+00,0.0000,2.231260
OR014@6_1,vibration,512,5,SDT,unbounded,1.042580e-01,1311,1311,512,1.0000,0,0,0,0.000000e+00,0.0000,2.939962
OR014@6_1,vibration,512,5,SDT,fifo_drop,1.042580e-01,1311,1311,512,1.0000,0,0,0,0.000000e+00,0.0000,2.939962
OR014@6_1,vibration,512,5,SDT,stall,1.042580e-01,1311,1311,512,1.0000,0,0,0,0.000000e+00,0.0000,2.939962
OR014@6_1,vibration,512,10,PROPOSED,none,0.000000e+00,911,911,512,1.0000,0,0,0,0.000000e+00,0.0000,-0.062340
OR014@6_1,vibration,512,10,SDT,unbounded,1.264951e-01,911,911,512,1.0000,0,0,0,0.000000e+00,0.0000,1.307776
OR014@6_1,vibration,512,10,SDT,fifo_drop,1.264951e-01,911,911,512,1.0000,0,0,0,0.000000e+00,0.0000,1.307776
OR014@6_1,vibration,512,10,SDT,stall,1.264951e-01,911,911,512,1.0000,0,0,0,0.000000e+00,0.0000,1.307776
OR014@6_1,vibration,512,20,PROPOSED,none,0.000000e+00,711,711,512,1.0000,0,0,0,0.000000e+00,0.0000,-1.022311
OR014@6_1,vibration,512,20,SDT,unbounded,1.397135e-01,712,712,512,1.0000,0,0,0,0.000000e+00,0.0000,0.616968
OR014@6_1,vibration,512,20,SDT,fifo_drop,1.397135e-01,712,712,512,1.0000,0,0,0,0.000000e+00,0.0000,0.616968
OR014@6_1,vibration,512,20,SDT,stall,1.397135e-01,712,712,512,1.0000,0,0,0,0.000000e+00,0.0000,0.616968
OR014@6_2,vibration,64,2,PROPOSED,none,0.000000e+00,2063,2063,64,1.0000,0,0,0,0.000000e+00,0.0000,8.260624
OR014@6_2,vibration,64,2,SDT,unbounded,6.311520e-02,2063,2063,78,1.2188,0,0,0,0.000000e+00,0.0000,8.046081
OR014@6_2,vibration,64,2,SDT,fifo_drop,6.311520e-02,2063,2049,64,1.0000,14,14,0,0.000000e+00,0.0000,7.400656
OR014@6_2,vibration,64,2,SDT,stall,6.311520e-02,2049,2049,64,1.0000,32,0,32,2.554475e-01,4.0473,7.390604
OR014@6_2,vibration,64,5,PROPOSED,none,0.000000e+00,863,863,64,1.0000,0,0,0,0.000000e+00,0.0000,-0.040191
OR014@6_2,vibration,64,5,SDT,unbounded,1.309583e-01,863,863,95,1.4844,0,0,0,0.000000e+00,0.0000,1.370169
OR014@6_2,vibration,64,5,SDT,fifo_drop,1.309583e-01,863,832,64,1.0000,31,31,0,0.000000e+00,0.0000,0.928173
OR014@6_2,vibration,64,5,SDT,stall,1.309583e-01,832,832,64,1.0000,56,0,56,3.706530e-01,2.8303,1.136247
OR014@6_2,vibration,64,10,PROPOSED,none,0.000000e+00,463,463,64,1.0000,0,0,0,0.000000e+00,0.0000,-2.074531
OR014@6_2,vibration,64,10,SDT,unbounded,1.632134e-01,465,465,106,1.6562,0,0,0,0.000000e+00,0.0000,-0.043460
OR014@6_2,vibration,64,10,SDT,fifo_drop,1.632134e-01,465,423,64,1.0000,42,42,0,0.000000e+00,0.0000,-0.439222
OR014@6_2,vibration,64,10,SDT,stall,1.632134e-01,423,423,64,1.0000,109,0,109,4.749183e-01,2.9098,-0.319032
OR014@6_2,vibration,64,20,PROPOSED,none,0.000000e+00,263,263,64,1.0000,0,0,0,0.000000e+00,0.0000,-3.144994
OR014@6_2,vibration,64,20,SDT,unbounded,1.913899e-01,262,262,88,1.3750,0,0,0,0.000000e+00,0.0000,-0.355553
OR014@6_2,vibration,64,20,SDT,fifo_drop,1.913899e-01,262,238,64,1.0000,24,24,0,0.000000e+00,0.0000,-0.834023
OR014@6_2,vibration,64,20,SDT,stall,1.913899e-01,238,238,64,1.0000,127,0,127,4.313820e-01,2.2539,-0.463190
OR014@6_2,vibration,128,2,PROPOSED,none,0.000000e+00,2127,2127,128,1.0000,0,0,0,0.000000e+00,0.0000,8.827179
OR014@6_2,vibration,128,2,SDT,unbounded,6.018725e-02,2128,2128,138,1.0781,0,0,0,0.000000e+00,0.0000,8.702723
OR014@6_2,vibration,128,2,SDT,fifo_drop,6.018725e-02,2128,2118,128,1.0000,10,10,0,0.000000e+00,0.0000,7.973439
OR014@6_2,vibration,128,2,SDT,stall,6.018725e-02,2118,2118,128,1.0000,20,0,20,1.840550e-01,3.0580,8.438328
OR014@6_2,vibration,128,5,PROPOSED,none,0.000000e+00,927,927,128,1.0000,0,0,0,0.000000e+00,0.0000,0.411499
OR014@6_2,vibration,128,5,SDT,unbounded,1.270477e-01,925,925,140,1.0938,0,0,0,0.000000e+00,0.0000,1.594568
OR014@6_2,vibration,128,5,SDT,fifo_drop,1.270477e-01,925,913,128,1.0000,12,12,0,0.000000e+00,0.0000,1.435463
OR014@6_2,vibration,128,5,SDT,stall,1.270477e-01,913,913,128,1.0000,22,0,22,2.739737e-01,2.1565,1.532474
OR014@6_2,vibration,128,10,PROPOSED,none,0.000000e+00,527,527,128,1.0000,0,0,0,0.000000e+00,0.0000,-1.940710
OR014@6_2,vibration,128,10,SDT,unbounded,1.583356e-01,527,527,152,1.1875,0,0,0,0.000000e+00,0.0000,0.152554
OR014@6_2,vibration,128,10,SDT,fifo_drop,1.583356e-01,527,503,128,1.0000,24,24,0,0.000000e+00,0.0000,-0.172069
OR014@6_2,vibration,128,10,SDT,stall,1.583356e-01,503,503,128,1.0000,63,0,63,3.706530e-01,2.3409,-0.002651
OR014@6_2,vibration,128,20,PROPOSED,none,0.000000e+00,327,327,128,1.0000,0,0,0,0.000000e+00,0.0000,-2.588537
OR014@6_2,vibration,128,20,SDT,unbounded,1.820013e-01,327,327,140,1.0938,0,0,0,0.000000e+00,0.0000,-0.337686
OR014@6_2,vibration,128,20,SDT,fifo_drop,1.820013e-01,327,315,128,1.0000,12,12,0,0.000000e+00,0.0000,-0.663138
OR014@6_2,vibration,128,20,SDT,stall,1.820013e-01,315,315,128,1.0000,94,0,94,3.408543e-01,1.8728,-0.477666
OR014@6_2,vibration,256,2,PROPOSED,none,0.000000e+00,2255,2255,256,1.0000,0,0,0,0.000000e+00,0.0000,9.461746
OR014@6_2,vibration,256,2,SDT,unbounded,5.544467e-02,2256,2256,260,1.0156,0,0,0,0.000000e+00,0.0000,9.648364
OR014@6_2,vibration,256,2,SDT,fifo_drop,5.544467e-02,2256,2252,256,1.0000,4,4,0,0.000000e+00,0.0000,9.518986
OR014@6_2,vibration,256,2,SDT,stall,5.544467e-02,2252,2252,256,1.0000,6,0,6,1.626185e-01,2.9330,9.542659
OR014@6_2,vibration,256,5,PROPOSED,none,0.000000e+00,1055,1055,256,1.0000,0,0,0,0.000000e+00,0.0000,0.870248
OR014@6_2,vibration,256,5,SDT,unbounded,1.177824e-01,1055,1055,259,1.0117,0,0,0,0.000000e+00,0.0000,2.196055
OR014@6_2,vibration,256,5,SDT,fifo_drop,1.177824e-01,1055,1052,256,1.0000,3,3,0,0.000000e+00,0.0000,2.126082
OR014@6_2,vibration,256,5,SDT,stall,1.177824e-01,1052,1052,256,1.0000,4,0,4,2.190546e-01,1.8598,2.173815
OR014@6_2,vibration,256,10,PROPOSED,none,0.000000e+00,655,655,256,1.0000,0,0,0,0.000000e+00,0.0000,-1.043556
OR014@6_2,vibration,256,10,SDT,unbounded,1.461604e-01,657,657,260,1.0156,0,0,0,0.000000e+00,0.0000,0.661560
OR014@6_2,vibration,256,10,SDT,fifo_drop,1.461604e-01,657,653,256,1.0000,4,4,0,0.000000e+00,0.0000,0.624351
OR014@6_2,vibration,256,10,SDT,stall,1.461604e-01,653,653,256,1.0000,24,0,24,2.620653e-01,1.7930,0.581966
OR014@6_2,vibration,256,20,PROPOSED,none,0.000000e+00,455,455,256,1.0000,0,0,0,0.000000e+00,0.0000,-2.251039
OR014@6_2,vibration,256,20,SDT,unbounded,1.632508e-01,456,456,256,1.0000,0,0,0,0.000000e+00,0.0000,0.041623
OR014@6_2,vibration,256,20,SDT,fifo_drop,1.632508e-01,456,456,256,1.0000,0,0,0,0.000000e+00,0.0000,0.041623
OR014@6_2,vibration,256,20,SDT,stall,1.632508e-01,456,456,256,1.0000,0,0,0,0.000000e+00,0.0000,0.041623
OR014@6_2,vibration,512,2,PROPOSED,none,0.000000e+00,2511,2511,512,1.0000,0,0,0,0.000000e+00,0.0000,10.722272
OR014@6_2,vibration,512,2,SDT,unbounded,4.410333e-02,2513,2513,513,1.0020,0,0,0,0.000000e+00,0.0000,12.295938
OR014@6_2,vibration,512,2,SDT,fifo_drop,4.410333e-02,2513,2512,512,1.0000,1,1,0,0.000000e+00,0.0000,12.266163
OR014@6_2,vibration,512,2,SDT,stall,4.410333e-02,2512,2512,512,1.0000,3,0,3,1.163965e-01,2.6392,12.254155
OR014@6_2,vibration,512,5,PROPOSED,none,0.000000e+00,1311,1311,512,1.0000,0,0,0,0.000000e+00,0.0000,2.000381
OR014@6_2,vibration,512,5,SDT,unbounded,1.029183e-01,1312,1312,514,1.0039,0,0,0,0.000000e+00,0.0000,3.337533
OR014@6_2,vibration,512,5,SDT,fifo_drop,1.029183e-01,1312,1310,512,1.0000,2,2,0,0.000000e+00,0.0000,3.323908
OR014@6_2,vibration,512,5,SDT,stall,1.029183e-01,1310,1310,512,1.0000,2,0,2,2.561680e-01,2.4890,3.333608
OR014@6_2,vibration,512,10,PROPOSED,none,0.000000e+00,911,911,512,1.0000,0,0,0,0.000000e+00,0.0000,0.103490
OR014@6_2,vibration,512,10,SDT,unbounded,1.284177e-01,910,910,510,0.9961,0,0,0,0.000000e+00,0.0000,1.567502
OR014@6_2,vibration,512,10,SDT,fifo_drop,1.284177e-01,910,910,510,0.9961,0,0,0,0.000000e+00,0.0000,1.567502
OR014@6_2,vibration,512,10,SDT,stall,1.284177e-01,910,910,510,0.9961,0,0,0,0.000000e+00,0.0000,1.567502
OR014@6_2,vibration,512,20,PROPOSED,none,0.000000e+00,711,711,512,1.0000,0,0,0,0.000000e+00,0.0000,-0.915204
OR014@6_2,vibration,512,20,SDT,unbounded,1.424718e-01,710,710,510,0.9961,0,0,0,0.000000e+00,0.0000,0.843575
OR014@6_2,vibration,512,20,SDT,fifo_drop,1.424718e-01,710,710,510,0.9961,0,0,0,0.000000e+00,0.0000,0.843575
OR014@6_2,vibration,512,20,SDT,stall,1.424718e-01,710,710,510,0.9961,0,0,0,0.000000e+00,0.0000,0.843575
OR014@6_3,vibration,64,2,PROPOSED,none,0.000000e+00,2063,2063,64,1.0000,0,0,0,0.000000e+00,0.0000,8.983126
OR014@6_3,vibration,64,2,SDT,unbounded,5.957000e-02,2064,2064,98,1.5312,0,0,0,0.000000e+00,0.0000,8.732418
OR014@6_3,vibration,64,2,SDT,fifo_drop,5.957000e-02,2064,2030,64,1.0000,34,34,0,0.000000e+00,0.0000,7.094330
OR014@6_3,vibration,64,2,SDT,stall,5.957000e-02,2030,2030,64,1.0000,59,0,59,3.796595e-01,6.3733,7.364353
OR014@6_3,vibration,64,5,PROPOSED,none,0.000000e+00,863,863,64,1.0000,0,0,0,0.000000e+00,0.0000,0.452391
OR014@6_3,vibration,64,5,SDT,unbounded,1.284137e-01,863,863,79,1.2344,0,0,0,0.000000e+00,0.0000,1.386863
OR014@6_3,vibration,64,5,SDT,fifo_drop,1.284137e-01,863,848,64,1.0000,15,15,0,0.000000e+00,0.0000,1.187624
OR014@6_3,vibration,64,5,SDT,stall,1.284137e-01,848,848,64,1.0000,24,0,24,3.426240e-01,2.6681,1.290340
OR014@6_3,vibration,64,10,PROPOSED,none,0.000000e+00,463,463,64,1.0000,0,0,0,0.000000e+00,0.0000,-1.909562
OR014@6_3,vibration,64,10,SDT,unbounded,1.647405e-01,461,461,67,1.0469,0,0,0,0.000000e+00,0.0000,-0.214369
OR014@6_3,vibration,64,10,SDT,fifo_drop,1.647405e-01,461,458,64,1.0000,3,3,0,0.000000e+00,0.0000,-0.241025
OR014@6_3,vibration,64,10,SDT,stall,1.647405e-01,457,457,64,1.0000,27,0,27,3.854857e-01,2.3400,-0.226150
OR014@6_3,vibration,64,20,PROPOSED,none,0.000000e+00,263,263,64,1.0000,0,0,0,0.000000e+00,0.0000,-3.420693
OR014@6_3,vibration,64,20,SDT,unbounded,1.937086e-01,264,264,65,1.0156,0,0,0,0.000000e+00,0.0000,-0.643917
OR014@6_3,vibration,64,20,SDT,fifo_drop,1.937086e-01,264,263,64,1.0000,1,1,0,0.000000e+00,0.0000,-0.723067
OR014@6_3,vibration,64,20,SDT,stall,1.937086e-01,264,264,64,1.0000,9,0,9,2.137838e-01,1.1036,-0.639161
OR014@6_3,vibration,128,2,PROPOSED,none,0.000000e+00,2127,2127,128,1.0000,0,0,0,0.000000e+00,0.0000,9.387948
OR014@6_3,vibration,128,2,SDT,unbounded,5.595867e-02,2128,2128,157,1.2266,0,0,0,0.000000e+00,0.0000,9.268393
OR014@6_3,vibration,128,2,SDT,fifo_drop,5.595867e-02,2128,2099,128,1.0000,29,29,0,0.000000e+00,0.0000,7.888926
OR014@6_3,vibration,128,2,SDT,stall,5.595867e-02,2099,2099,128,1.0000,51,0,51,3.796595e-01,6.7846,7.894933
OR014@6_3,vibration,128,5,PROPOSED,none,0.000000e+00,927,927,128,1.0000,0,0,0,0.000000e+00,0.0000,1.078803
OR014@6_3,vibration,128,5,SDT,unbounded,1.235693e-01,926,926,135,1.0547,0,0,0,0.000000e+00,0.0000,1.680588
OR014@6_3,vibration,128,5,SDT,fifo_drop,1.235693e-01,926,919,128,1.0000,7,7,0,0.000000e+00,0.0000,1.508602
OR014@6_3,vibration,128,5,SDT,stall,1.235693e-01,919,919,128,1.0000,13,0,13,3.018390e-01,2.4427,1.642724
OR014@6_3,vibration,128,10,PROPOSED,none,0.000000e+00,527,527,128,1.0000,0,0,0,0.000000e+00,0.0000,-1.248764
OR014@6_3,vibration,128,10,SDT,unbounded,1.570240e-01,529,529,131,1.0234,0,0,0,0.000000e+00,0.0000,0.026235
OR014@6_3,vibration,128,10,SDT,fifo_drop,1.570240e-01,529,526,128,1.0000,3,3,0,0.000000e+00,0.0000,-0.016487
OR014@6_3,vibration,128,10,SDT,stall,1.570240e-01,528,528,128,1.0000,39,0,39,1.838853e-01,1.1711,0.076469
OR014@6_3,vibration,128,20,PROPOSED,none,0.000000e+00,327,327,128,1.0000,0,0,0,0.000000e+00,0.0000,-2.735266
OR014@6_3,vibration,128,20,SDT,unbounded,1.807656e-01,328,328,128,1.0000,0,0,0,0.000000e+00,0.0000,-0.639911
OR014@6_3,vibration,128,20,SDT,fifo_drop,1.807656e-01,328,328,128,1.0000,0,0,0,0.000000e+00,0.0000,-0.639911
OR014@6_3,vibration,128,20,SDT,stall,1.807656e-01,328,328,128,1.0000,0,0,0,0.000000e+00,0.0000,-0.639911
OR014@6_3,vibration,256,2,PROPOSED,none,0.000000e+00,2255,2255,256,1.0000,0,0,0,0.000000e+00,0.0000,10.216222
OR014@6_3,vibration,256,2,SDT,unbounded,4.972000e-02,2255,2255,270,1.0547,0,0,0,0.000000e+00,0.0000,10.784264
OR014@6_3,vibration,256,2,SDT,fifo_drop,4.972000e-02,2255,2241,256,1.0000,14,14,0,0.000000e+00,0.0000,9.388244
OR014@6_3,vibration,256,2,SDT,stall,4.972000e-02,2243,2243,256,1.0000,20,0,20,3.670125e-01,7.3816,9.974659
OR014@6_3,vibration,256,5,PROPOSED,none,0.000000e+00,1055,1055,256,1.0000,0,0,0,0.000000e+00,0.0000,1.543178
OR014@6_3,vibration,256,5,SDT,unbounded,1.149895e-01,1055,1055,261,1.0195,0,0,0,0.000000e+00,0.0000,2.146003
OR014@6_3,vibration,256,5,SDT,fifo_drop,1.149895e-01,1055,1050,256,1.0000,5,5,0,0.000000e+00,0.0000,2.080147
OR014@6_3,vibration,256,5,SDT,stall,1.149895e-01,1050,1050,256,1.0000,9,0,9,3.397307e-01,2.9544,2.065586
OR014@6_3,vibration,256,10,PROPOSED,none,0.000000e+00,655,655,256,1.0000,0,0,0,0.000000e+00,0.0000,-0.788226
OR014@6_3,vibration,256,10,SDT,unbounded,1.460246e-01,657,657,257,1.0039,0,0,0,0.000000e+00,0.0000,0.557470
OR014@6_3,vibration,256,10,SDT,fifo_drop,1.460246e-01,657,656,256,1.0000,1,1,0,0.000000e+00,0.0000,0.561861
OR014@6_3,vibration,256,10,SDT,stall,1.460246e-01,656,656,256,1.0000,17,0,17,2.719920e-01,1.8626,0.542496
OR014@6_3,vibration,256,20,PROPOSED,none,0.000000e+00,455,455,256,1.0000,0,0,0,0.000000e+00,0.0000,-2.429263
OR014@6_3,vibration,256,20,SDT,unbounded,1.662384e-01,453,453,253,0.9883,0,0,0,0.000000e+00,0.0000,-0.261540
OR014@6_3,vibration,256,20,SDT,fifo_drop,1.662384e-01,453,453,253,0.9883,0,0,0,0.000000e+00,0.0000,-0.261540
OR014@6_3,vibration,256,20,SDT,stall,1.662384e-01,453,453,253,0.9883,0,0,0,0.000000e+00,0.0000,-0.261540
OR014@6_3,vibration,512,2,PROPOSED,none,0.000000e+00,2511,2511,512,1.0000,0,0,0,0.000000e+00,0.0000,11.649672
OR014@6_3,vibration,512,2,SDT,unbounded,3.957000e-02,2511,2511,513,1.0020,0,0,0,0.000000e+00,0.0000,13.291665
OR014@6_3,vibration,512,2,SDT,fifo_drop,3.957000e-02,2511,2510,512,1.0000,1,1,0,0.000000e+00,0.0000,13.272807
OR014@6_3,vibration,512,2,SDT,stall,3.957000e-02,2510,2510,512,1.0000,4,0,4,1.769300e-01,4.4713,13.123404
OR014@6_3,vibration,512,5,PROPOSED,none,0.000000e+00,1311,1311,512,1.0000,0,0,0,0.000000e+00,0.0000,2.927569
OR014@6_3,vibration,512,5,SDT,unbounded,9.829283e-02,1312,1312,514,1.0039,0,0,0,0.000000e+00,0.0000,3.436311
OR014@6_3,vibration,512,5,SDT,fifo_drop,9.829283e-02,1312,1310,512,1.0000,2,2,0,0.000000e+00,0.0000,3.393901
OR014@6_3,vibration,512,5,SDT,stall,9.829283e-02,1311,1311,512,1.0000,4,0,4,1.769300e-01,1.8000,3.423087
OR014@6_3,vibration,512,10,PROPOSED,none,0.000000e+00,911,911,512,1.0000,0,0,0,0.000000e+00,0.0000,0.709203
OR014@6_3,vibration,512,10,SDT,unbounded,1.248543e-01,911,911,511,0.9980,0,0,0,0.000000e+00,0.0000,1.549932
OR014@6_3,vibration,512,10,SDT,fifo_drop,1.248543e-01,911,911,511,0.9980,0,0,0,0.000000e+00,0.0000,1.549932
OR014@6_3,vibration,512,10,SDT,stall,1.248543e-01,911,911,511,0.9980,0,0,0,0.000000e+00,0.0000,1.549932
OR014@6_3,vibration,512,20,PROPOSED,none,0.000000e+00,711,711,512,1.0000,0,0,0,0.000000e+00,0.0000,-0.339451
OR014@6_3,vibration,512,20,SDT,unbounded,1.404523e-01,709,709,509,0.9941,0,0,0,0.000000e+00,0.0000,0.782835
OR014@6_3,vibration,512,20,SDT,fifo_drop,1.404523e-01,709,709,509,0.9941,0,0,0,0.000000e+00,0.0000,0.782835
OR014@6_3,vibration,512,20,SDT,stall,1.404523e-01,709,709,509,0.9941,0,0,0,0.000000e+00,0.0000,0.782835
IR021_0,vibration,64,2,PROPOSED,none,0.000000e+00,2063,2063,64,1.0000,0,0,0,0.000000e+00,0.0000,12.305507
IR021_0,vibration,64,2,SDT,unbounded,1.994907e-01,2062,2062,105,1.6406,0,0,0,0.000000e+00,0.0000,13.122401
IR021_0,vibration,64,2,SDT,fifo_drop,1.994907e-01,2062,2021,64,1.0000,41,41,0,0.000000e+00,0.0000,10.456478
IR021_0,vibration,64,2,SDT,stall,1.994907e-01,2021,2021,64,1.0000,57,0,57,1.004458e+00,5.0351,11.590015
IR021_0,vibration,64,5,PROPOSED,none,0.000000e+00,863,863,64,1.0000,0,0,0,0.000000e+00,0.0000,3.052737
IR021_0,vibration,64,5,SDT,unbounded,5.346067e-01,863,863,79,1.2344,0,0,0,0.000000e+00,0.0000,4.097360
IR021_0,vibration,64,5,SDT,fifo_drop,5.346067e-01,863,848,64,1.0000,15,15,0,0.000000e+00,0.0000,3.612448
IR021_0,vibration,64,5,SDT,stall,5.346067e-01,848,848,64,1.0000,51,0,51,2.076056e+00,3.8833,3.686474
IR021_0,vibration,64,10,PROPOSED,none,0.000000e+00,463,463,64,1.0000,0,0,0,0.000000e+00,0.0000,-1.124787
IR021_0,vibration,64,10,SDT,unbounded,7.824295e-01,464,464,70,1.0938,0,0,0,0.000000e+00,0.0000,1.383896
IR021_0,vibration,64,10,SDT,fifo_drop,7.824295e-01,464,458,64,1.0000,6,6,0,0.000000e+00,0.0000,1.255616
IR021_0,vibration,64,10,SDT,stall,7.824295e-01,458,458,64,1.0000,31,0,31,2.326071e+00,2.9729,1.318713
IR021_0,vibration,64,20,PROPOSED,none,0.000000e+00,263,263,64,1.0000,0,0,0,0.000000e+00,0.0000,-3.743126
IR021_0,vibration,64,20,SDT,unbounded,1.046247e+00,264,264,68,1.0625,0,0,0,0.000000e+00,0.0000,-0.176349
IR021_0,vibration,64,20,SDT,fifo_drop,1.046247e+00,264,260,64,1.0000,4,4,0,0.000000e+00,0.0000,-0.309859
IR021_0,vibration,64,20,SDT,stall,1.046247e+00,260,260,64,1.0000,22,0,22,1.820221e+00,1.7398,-0.222834
IR021_0,vibration,128,2,PROPOSED,none,0.000000e+00,2127,2127,128,1.0000,0,0,0,0.000000e+00,0.0000,13.570947
IR021_0,vibration,128,2,SDT,unbounded,1.890521e-01,2127,2127,161,1.2578,0,0,0,0.000000e+00,0.0000,13.799899
IR021_0,vibration,128,2,SDT,fifo_drop,1.890521e-01,2127,2094,128,1.0000,33,33,0,0.000000e+00,0.0000,12.279099
IR021_0,vibration,128,2,SDT,stall,1.890521e-01,2094,2094,128,1.0000,38,0,38,1.410953e+00,7.4633,12.015411
IR021_0,vibration,128,5,PROPOSED,none,0.000000e+00,927,927,128,1.0000,0,0,0,0.000000e+00,0.0000,3.251871
IR021_0,vibration,128,5,SDT,unbounded,5.092340e-01,930,930,146,1.1406,0,0,0,0.000000e+00,0.0000,4.499988
IR021_0,vibration,128,5,SDT,fifo_drop,5.092340e-01,930,912,128,1.0000,18,18,0,0.000000e+00,0.0000,3.770572
IR021_0,vibration,128,5,SDT,stall,5.092340e-01,912,912,128,1.0000,55,0,55,2.326071e+00,4.5678,4.140383
IR021_0,vibration,128,10,PROPOSED,none,0.000000e+00,527,527,128,1.0000,0,0,0,0.000000e+00,0.0000,-0.311605
IR021_0,vibration,128,10,SDT,unbounded,7.221896e-01,528,528,132,1.0312,0,0,0,0.000000e+00,0.0000,1.799114
IR021_0,vibration,128,10,SDT,fifo_drop,7.221896e-01,528,524,128,1.0000,4,4,0,0.000000e+00,0.0000,1.748609
IR021_0,vibration,128,10,SDT,stall,7.221896e-01,524,524,128,1.0000,9,0,9,1.820221e+00,2.5204,1.688686
IR021_0,vibration,128,20,PROPOSED,none,0.000000e+00,327,327,128,1.0000,0,0,0,0.000000e+00,0.0000,-2.501553
IR021_0,vibration,128,20,SDT,unbounded,9.398900e-01,328,328,131,1.0234,0,0,0,0.000000e+00,0.0000,0.213764
IR021_0,vibration,128,20,SDT,fifo_drop,9.398900e-01,328,325,128,1.0000,3,3,0,0.000000e+00,0.0000,0.105568
IR021_0,vibration,128,20,SDT,stall,9.398900e-01,326,326,128,1.0000,25,0,25,2.326071e+00,2.4748,0.042596
IR021_0,vibration,256,2,PROPOSED,none,0.000000e+00,2255,2255,256,1.0000,0,0,0,0.000000e+00,0.0000,14.328258
IR021_0,vibration,256,2,SDT,unbounded,1.673619e-01,2256,2256,277,1.0820,0,0,0,0.000000e+00,0.0000,15.041253
IR021_0,vibration,256,2,SDT,fifo_drop,1.673619e-01,2256,2235,256,1.0000,21,21,0,0.000000e+00,0.0000,12.941858
IR021_0,vibration,256,2,SDT,stall,1.673619e-01,2235,2235,256,1.0000,26,0,26,9.813110e-01,5.8634,14.025897
IR021_0,vibration,256,5,PROPOSED,none,0.000000e+00,1055,1055,256,1.0000,0,0,0,0.000000e+00,0.0000,4.007637
IR021_0,vibration,256,5,SDT,unbounded,4.601477e-01,1055,1055,270,1.0547,0,0,0,0.000000e+00,0.0000,5.394865
IR021_0,vibration,256,5,SDT,fifo_drop,4.601477e-01,1055,1041,256,1.0000,14,14,0,0.000000e+00,0.0000,5.125997
IR021_0,vibration,256,5,SDT,stall,4.601477e-01,1041,1041,256,1.0000,34,0,34,2.326071e+00,5.0551,4.945608
IR021_0,vibration,256,10,PROPOSED,none,0.000000e+00,655,655,256,1.0000,0,0,0,0.000000e+00,0.0000,0.825911
IR021_0,vibration,256,10,SDT,unbounded,6.446271e-01,655,655,258,1.0078,0,0,0,0.000000e+00,0.0000,2.584342
IR021_0,vibration,256,10,SDT,fifo_drop,6.446271e-01,655,653,256,1.0000,2,2,0,0.000000e+00,0.0000,2.467844
IR021_0,vibration,256,10,SDT,stall,6.446271e-01,653,653,256,1.0000,5,0,5,8.969465e-01,1.3914,2.575392
IR021_0,vibration,256,20,PROPOSED,none,0.000000e+00,455,455,256,1.0000,0,0,0,0.000000e+00,0.0000,-1.433149
IR021_0,vibration,256,20,SDT,unbounded,7.891968e-01,455,455,255,0.9961,0,0,0,0.000000e+00,0.0000,1.277200
IR021_0,vibration,256,20,SDT,fifo_drop,7.891968e-01,455,455,255,0.9961,0,0,0,0.000000e+00,0.0000,1.277200
IR021_0,vibration,256,20,SDT,stall,7.891968e-01,455,455,255,0.9961,0,0,0,0.000000e+00,0.0000,1.277200
IR021_0,vibration,512,2,PROPOSED,none,0.000000e+00,2511,2511,512,1.0000,0,0,0,0.000000e+00,0.0000,15.934737
IR021_0,vibration,512,2,SDT,unbounded,1.315723e-01,2511,2511,519,1.0137,0,0,0,0.000000e+00,0.0000,17.723004
IR021_0,vibration,512,2,SDT,fifo_drop,1.315723e-01,2511,2504,512,1.0000,7,7,0,0.000000e+00,0.0000,16.715220
IR021_0,vibration,512,2,SDT,stall,1.315723e-01,2504,2504,512,1.0000,7,0,7,9.813110e-01,7.4583,17.012562
IR021_0,vibration,512,5,PROPOSED,none,0.000000e+00,1311,1311,512,1.0000,0,0,0,0.000000e+00,0.0000,6.091109
IR021_0,vibration,512,5,SDT,unbounded,3.714688e-01,1311,1311,522,1.0195,0,0,0,0.000000e+00,0.0000,7.246534
IR021_0,vibration,512,5,SDT,fifo_drop,3.714688e-01,1311,1301,512,1.0000,10,10,0,0.000000e+00,0.0000,7.021135
IR021_0,vibration,512,5,SDT,stall,3.714688e-01,1302,1302,512,1.0000,24,0,24,2.326071e+00,6.2618,6.665505
IR021_0,vibration,512,10,PROPOSED,none,0.000000e+00,911,911,512,1.0000,0,0,0,0.000000e+00,0.0000,2.973977
IR021_0,vibration,512,10,SDT,unbounded,5.142423e-01,911,911,514,1.0039,0,0,0,0.000000e+00,0.0000,4.449267
IR021_0,vibration,512,10,SDT,fifo_drop,5.142423e-01,911,909,512,1.0000,2,2,0,0.000000e+00,0.0000,4.432803
IR021_0,vibration,512,10,SDT,stall,5.142423e-01,909,909,512,1.0000,4,0,4,6.363400e-01,1.2374,4.445804
IR021_0,vibration,512,20,PROPOSED,none,0.000000e+00,711,711,512,1.0000,0,0,0,0.000000e+00,0.0000,1.420808
IR021_0,vibration,512,20,SDT,unbounded,6.176282e-01,712,712,512,1.0000,0,0,0,0.000000e+00,0.0000,3.063565
IR021_0,vibration,512,20,SDT,fifo_drop,6.176282e-01,712,712,512,1.0000,0,0,0,0.000000e+00,0.0000,3.063565
IR021_0,vibration,512,20,SDT,stall,6.176282e-01,712,712,512,1.0000,0,0,0,0.000000e+00,0.0000,3.063565
IR021_1,vibration,64,2,PROPOSED,none,0.000000e+00,2063,2063,64,1.0000,0,0,0,0.000000e+00,0.0000,13.017112
IR021_1,vibration,64,2,SDT,unbounded,1.632477e-01,2063,2063,117,1.8281,0,0,0,0.000000e+00,0.0000,13.512471
IR021_1,vibration,64,2,SDT,fifo_drop,1.632477e-01,2063,2010,64,1.0000,53,53,0,0.000000e+00,0.0000,9.970376
IR021_1,vibration,64,2,SDT,stall,1.632477e-01,2011,2011,64,1.0000,81,0,81,1.231867e+00,7.5460,11.213563
IR021_1,vibration,64,5,PROPOSED,none,0.000000e+00,863,863,64,1.0000,0,0,0,0.000000e+00,0.0000,3.372276
IR021_1,vibration,64,5,SDT,unbounded,4.478135e-01,864,864,95,1.4844,0,0,0,0.000000e+00,0.0000,4.413003
IR021_1,vibration,64,5,SDT,fifo_drop,4.478135e-01,864,833,64,1.0000,31,31,0,0.000000e+00,0.0000,3.689638
IR021_1,vibration,64,5,SDT,stall,4.478135e-01,833,833,64,1.0000,59,0,59,3.091412e+00,6.9033,3.455749
IR021_1,vibration,64,10,PROPOSED,none,0.000000e+00,463,463,64,1.0000,0,0,0,0.000000e+00,0.0000,-1.000653
IR021_1,vibration,64,10,SDT,unbounded,6.489280e-01,464,464,78,1.2188,0,0,0,0.000000e+00,0.0000,1.802135
IR021_1,vibration,64,10,SDT,fifo_drop,6.489280e-01,464,450,64,1.0000,14,14,0,0.000000e+00,0.0000,1.231190
IR021_1,vibration,64,10,SDT,stall,6.489280e-01,451,451,64,1.0000,31,0,31,3.091412e+00,4.7639,1.334782
IR021_1,vibration,64,20,PROPOSED,none,0.000000e+00,263,263,64,1.0000,0,0,0,0.000000e+00,0.0000,-4.166638
IR021_1,vibration,64,20,SDT,unbounded,8.902918e-01,265,265,76,1.1875,0,0,0,0.000000e+00,0.0000,-0.229811
IR021_1,vibration,64,20,SDT,fifo_drop,8.902918e-01,265,253,64,1.0000,12,12,0,0.000000e+00,0.0000,-0.502473
IR021_1,vibration,64,20,SDT,stall,8.902918e-01,253,253,64,1.0000,60,0,60,3.176419e+00,3.5678,-0.694603
IR021_1,vibration,128,2,PROPOSED,none,0.000000e+00,2127,2127,128,1.0000,0,0,0,0.000000e+00,0.0000,13.746572
IR021_1,vibration,128,2,SDT,unbounded,1.552068e-01,2128,2128,170,1.3281,0,0,0,0.000000e+00,0.0000,13.980366
IR021_1,vibration,128,2,SDT,fifo_drop,1.552068e-01,2128,2086,128,1.0000,42,42,0,0.000000e+00,0.0000,12.686576
IR021_1,vibration,128,2,SDT,stall,1.552068e-01,2087,2087,128,1.0000,68,0,68,1.134203e+00,7.3077,11.888718
IR021_1,vibration,128,5,PROPOSED,none,0.000000e+00,927,927,128,1.0000,0,0,0,0.000000e+00,0.0000,3.914805
IR021_1,vibration,128,5,SDT,unbounded,4.263920e-01,927,927,150,1.1719,0,0,0,0.000000e+00,0.0000,4.762967
IR021_1,vibration,128,5,SDT,fifo_drop,4.263920e-01,927,905,128,1.0000,22,22,0,0.000000e+00,0.0000,4.055452
IR021_1,vibration,128,5,SDT,stall,4.263920e-01,904,904,128,1.0000,50,0,50,2.366071e+00,5.5491,4.273134
IR021_1,vibration,128,10,PROPOSED,none,0.000000e+00,527,527,128,1.0000,0,0,0,0.000000e+00,0.0000,-0.174763
IR021_1,vibration,128,10,SDT,unbounded,5.966950e-01,528,528,139,1.0859,0,0,0,0.000000e+00,0.0000,2.235064
IR021_1,vibration,128,10,SDT,fifo_drop,5.966950e-01,528,517,128,1.0000,11,11,0,0.000000e+00,0.0000,2.040483
IR021_1,vibration,128,10,SDT,stall,5.966950e-01,518,518,128,1.0000,27,0,27,1.727362e+00,2.8949,2.093084
IR021_1,vibration,128,20,PROPOSED,none,0.000000e+00,327,327,128,1.0000,0,0,0,0.000000e+00,0.0000,-2.401866
IR021_1,vibration,128,20,SDT,unbounded,8.049474e-01,327,327,135,1.0547,0,0,0,0.000000e+00,0.0000,0.536247
IR021_1,vibration,128,20,SDT,fifo_drop,8.049474e-01,327,320,128,1.0000,7,7,0,0.000000e+00,0.0000,0.272865
IR021_1,vibration,128,20,SDT,stall,8.049474e-01,320,320,128,1.0000,28,0,28,2.763602e+00,3.4333,0.111719
IR021_1,vibration,256,2,PROPOSED,none,0.000000e+00,2255,2255,256,1.0000,0,0,0,0.000000e+00,0.0000,14.207728
IR021_1,vibration,256,2,SDT,unbounded,1.396942e-01,2255,2255,293,1.1445,0,0,0,0.000000e+00,0.0000,15.167540
IR021_1,vibration,256,2,SDT,fifo_drop,1.396942e-01,2255,2218,256,1.0000,37,37,0,0.000000e+00,0.0000,10.253415
IR021_1,vibration,256,2,SDT,stall,1.396942e-01,2219,2219,256,1.0000,62,0,62,1.288923e+00,9.2267,12.943321
IR021_1,vibration,256,5,PROPOSED,none,0.000000e+00,1055,1055,256,1.0000,0,0,0,0.000000e+00,0.0000,4.834318
IR021_1,vibration,256,5,SDT,unbounded,3.791507e-01,1055,1055,278,1.0859,0,0,0,0.000000e+00,0.0000,5.701700
IR021_1,vibration,256,5,SDT,fifo_drop,3.791507e-01,1055,1033,256,1.0000,22,22,0,0.000000e+00,0.0000,4.882419
IR021_1,vibration,256,5,SDT,stall,3.791507e-01,1033,1033,256,1.0000,43,0,43,2.745018e+00,7.2399,4.862620
IR021_1,vibration,256,10,PROPOSED,none,0.000000e+00,655,655,256,1.0000,0,0,0,0.000000e+00,0.0000,0.573298
IR021_1,vibration,256,10,SDT,unbounded,5.436500e-01,655,655,264,1.0312,0,0,0,0.000000e+00,0.0000,3.056136
IR021_1,vibration,256,10,SDT,fifo_drop,5.436500e-01,655,647,256,1.0000,8,8,0,0.000000e+00,0.0000,2.823342
IR021_1,vibration,256,10,SDT,stall,5.436500e-01,647,647,256,1.0000,28,0,28,8.293126e-01,1.5255,3.028901
IR021_1,vibration,256,20,PROPOSED,none,0.000000e+00,455,455,256,1.0000,0,0,0,0.000000e+00,0.0000,-1.153642
IR021_1,vibration,256,20,SDT,unbounded,6.586373e-01,454,454,258,1.0078,0,0,0,0.000000e+00,0.0000,1.774103
IR021_1,vibration,256,20,SDT,fifo_drop,6.586373e-01,454,452,256,1.0000,2,2,0,0.000000e+00,0.0000,1.668378
IR021_1,vibration,256,20,SDT,stall,6.586373e-01,452,452,256,1.0000,15,0,15,1.097114e+00,1.6657,1.736713
IR021_1,vibration,512,2,PROPOSED,none,0.000000e+00,2511,2511,512,1.0000,0,0,0,0.000000e+00,0.0000,15.772180
IR021_1,vibration,512,2,SDT,unbounded,1.095083e-01,2511,2511,538,1.0508,0,0,0,0.000000e+00,0.0000,17.893881
IR021_1,vibration,512,2,SDT,fifo_drop,1.095083e-01,2511,2485,512,1.0000,26,26,0,0.000000e+00,0.0000,15.457417
IR021_1,vibration,512,2,SDT,stall,1.095083e-01,2485,2485,512,1.0000,39,0,39,7.173545e-01,6.5507,15.771872
IR021_1,vibration,512,5,PROPOSED,none,0.000000e+00,1311,1311,512,1.0000,0,0,0,0.000000e+00,0.0000,6.096797
IR021_1,vibration,512,5,SDT,unbounded,3.077130e-01,1311,1311,527,1.0293,0,0,0,0.000000e+00,0.0000,7.510301
IR021_1,vibration,512,5,SDT,fifo_drop,3.077130e-01,1311,1296,512,1.0000,15,15,0,0.000000e+00,0.0000,6.818747
IR021_1,vibration,512,5,SDT,stall,3.077130e-01,1296,1296,512,1.0000,28,0,28,9.621570e-01,3.1268,7.206650
IR021_1,vibration,512,10,PROPOSED,none,0.000000e+00,911,911,512,1.0000,0,0,0,0.000000e+00,0.0000,3.264385
IR021_1,vibration,512,10,SDT,unbounded,4.301344e-01,912,912,520,1.0156,0,0,0,0.000000e+00,0.0000,4.694382
IR021_1,vibration,512,10,SDT,fifo_drop,4.301344e-01,912,904,512,1.0000,8,8,0,0.000000e+00,0.0000,4.294031
IR021_1,vibration,512,10,SDT,stall,4.301344e-01,904,904,512,1.0000,19,0,19,8.983678e-01,2.0886,4.626890
IR021_1,vibration,512,20,PROPOSED,none,0.000000e+00,711,711,512,1.0000,0,0,0,0.000000e+00,0.0000,1.941865
IR021_1,vibration,512,20,SDT,unbounded,5.121785e-01,710,710,513,1.0020,0,0,0,0.000000e+00,0.0000,3.350185
IR021_1,vibration,512,20,SDT,fifo_drop,5.121785e-01,710,709,512,1.0000,1,1,0,0.000000e+00,0.0000,3.359278
IR021_1,vibration,512,20,SDT,stall,5.121785e-01,709,709,512,1.0000,2,0,2,1.426384e+00,2.7849,3.279785
IR021_2,vibration,64,2,PROPOSED,none,0.000000e+00,2063,2063,64,1.0000,0,0,0,0.000000e+00,0.0000,13.854052
IR021_2,vibration,64,2,SDT,unbounded,1.754781e-01,2064,2064,104,1.6250,0,0,0,0.000000e+00,0.0000,13.837770
IR021_2,vibration,64,2,SDT,fifo_drop,1.754781e-01,2064,2024,64,1.0000,40,40,0,0.000000e+00,0.0000,11.482108
IR021_2,vibration,64,2,SDT,stall,1.754781e-01,2024,2024,64,1.0000,51,0,51,2.196732e+00,12.5186,11.138415
IR021_2,vibration,64,5,PROPOSED,none,0.000000e+00,863,863,64,1.0000,0,0,0,0.000000e+00,0.0000,3.188338
IR021_2,vibration,64,5,SDT,unbounded,4.959543e-01,864,864,93,1.4531,0,0,0,0.000000e+00,0.0000,4.637442
IR021_2,vibration,64,5,SDT,fifo_drop,4.959543e-01,864,835,64,1.0000,29,29,0,0.000000e+00,0.0000,4.033353
IR021_2,vibration,64,5,SDT,stall,4.959543e-01,836,836,64,1.0000,51,0,51,2.775407e+00,5.5961,4.108851
IR021_2,vibration,64,10,PROPOSED,none,0.000000e+00,463,463,64,1.0000,0,0,0,0.000000e+00,0.0000,-0.375552
IR021_2,vibration,64,10,SDT,unbounded,7.294963e-01,464,464,73,1.1406,0,0,0,0.000000e+00,0.0000,1.932024
IR021_2,vibration,64,10,SDT,fifo_drop,7.294963e-01,464,455,64,1.0000,9,9,0,0.000000e+00,0.0000,1.592746
IR021_2,vibration,64,10,SDT,stall,7.294963e-01,454,454,64,1.0000,17,0,17,2.072164e+00,2.8405,1.837301
IR021_2,vibration,64,20,PROPOSED,none,0.000000e+00,263,263,64,1.0000,0,0,0,0.000000e+00,0.0000,-2.739893
IR021_2,vibration,64,20,SDT,unbounded,1.000600e+00,263,263,73,1.1406,0,0,0,0.000000e+00,0.0000,-0.192864
IR021_2,vibration,64,20,SDT,fifo_drop,1.000600e+00,263,254,64,1.0000,9,9,0,0.000000e+00,0.0000,-0.358705
IR021_2,vibration,64,20,SDT,stall,1.000600e+00,254,254,64,1.0000,34,0,34,3.528903e+00,3.5268,-0.459401
IR021_2,vibration,128,2,PROPOSED,none,0.000000e+00,2127,2127,128,1.0000,0,0,0,0.000000e+00,0.0000,14.703806
IR021_2,vibration,128,2,SDT,unbounded,1.650067e-01,2127,2127,144,1.1250,0,0,0,0.000000e+00,0.0000,14.432707
IR021_2,vibration,128,2,SDT,fifo_drop,1.650067e-01,2127,2111,128,1.0000,16,16,0,0.000000e+00,0.0000,13.817219
IR021_2,vibration,128,2,SDT,stall,1.650067e-01,2111,2111,128,1.0000,32,0,32,9.429355e-01,5.7145,13.543582
IR021_2,vibration,128,5,PROPOSED,none,0.000000e+00,927,927,128,1.0000,0,0,0,0.000000e+00,0.0000,3.884027
IR021_2,vibration,128,5,SDT,unbounded,4.742795e-01,927,927,147,1.1484,0,0,0,0.000000e+00,0.0000,5.077933
IR021_2,vibration,128,5,SDT,fifo_drop,4.742795e-01,927,908,128,1.0000,19,19,0,0.000000e+00,0.0000,4.364377
IR021_2,vibration,128,5,SDT,stall,4.742795e-01,908,908,128,1.0000,41,0,41,2.817979e+00,5.9416,4.579254
IR021_2,vibration,128,10,PROPOSED,none,0.000000e+00,527,527,128,1.0000,0,0,0,0.000000e+00,0.0000,-0.081015
IR021_2,vibration,128,10,SDT,unbounded,6.678790e-01,529,529,139,1.0859,0,0,0,0.000000e+00,0.0000,2.546101
IR021_2,vibration,128,10,SDT,fifo_drop,6.678790e-01,529,518,128,1.0000,11,11,0,0.000000e+00,0.0000,2.089376
IR021_2,vibration,128,10,SDT,stall,6.678790e-01,517,517,128,1.0000,12,0,12,2.679672e+00,4.0122,2.382255
IR021_2,vibration,128,20,PROPOSED,none,0.000000e+00,327,327,128,1.0000,0,0,0,0.000000e+00,0.0000,-3.523375
IR021_2,vibration,128,20,SDT,unbounded,9.008651e-01,328,328,135,1.0547,0,0,0,0.000000e+00,0.0000,1.068473
IR021_2,vibration,128,20,SDT,fifo_drop,9.008651e-01,328,321,128,1.0000,7,7,0,0.000000e+00,0.0000,0.942030
IR021_2,vibration,128,20,SDT,stall,9.008651e-01,322,322,128,1.0000,41,0,41,2.432196e+00,2.6998,0.766919
IR021_2,vibration,256,2,PROPOSED,none,0.000000e+00,2255,2255,256,1.0000,0,0,0,0.000000e+00,0.0000,15.418358
IR021_2,vibration,256,2,SDT,unbounded,1.490343e-01,2256,2256,268,1.0469,0,0,0,0.000000e+00,0.0000,15.561809
IR021_2,vibration,256,2,SDT,fifo_drop,1.490343e-01,2256,2244,256,1.0000,12,12,0,0.000000e+00,0.0000,14.636077
IR021_2,vibration,256,2,SDT,stall,1.490343e-01,2245,2245,256,1.0000,24,0,24,8.944080e-01,6.0014,14.748872
IR021_2,vibration,256,5,PROPOSED,none,0.000000e+00,1055,1055,256,1.0000,0,0,0,0.000000e+00,0.0000,4.507258
IR021_2,vibration,256,5,SDT,unbounded,4.183443e-01,1056,1056,274,1.0703,0,0,0,0.000000e+00,0.0000,5.886433
IR021_2,vibration,256,5,SDT,fifo_drop,4.183443e-01,1056,1038,256,1.0000,18,18,0,0.000000e+00,0.0000,4.822655
IR021_2,vibration,256,5,SDT,stall,4.183443e-01,1039,1039,256,1.0000,45,0,45,2.144279e+00,5.1256,5.541339
IR021_2,vibration,256,10,PROPOSED,none,0.000000e+00,655,655,256,1.0000,0,0,0,0.000000e+00,0.0000,0.748808
IR021_2,vibration,256,10,SDT,unbounded,6.024993e-01,656,656,264,1.0312,0,0,0,0.000000e+00,0.0000,2.991541
IR021_2,vibration,256,10,SDT,fifo_drop,6.024993e-01,656,648,256,1.0000,8,8,0,0.000000e+00,0.0000,2.770277
IR021_2,vibration,256,10,SDT,stall,6.024993e-01,648,648,256,1.0000,18,0,18,2.168103e+00,3.5985,2.885651
IR021_2,vibration,256,20,PROPOSED,none,0.000000e+00,455,455,256,1.0000,0,0,0,0.000000e+00,0.0000,-1.562714
IR021_2,vibration,256,20,SDT,unbounded,7.394860e-01,456,456,259,1.0117,0,0,0,0.000000e+00,0.0000,2.035189
IR021_2,vibration,256,20,SDT,fifo_drop,7.394860e-01,456,453,256,1.0000,3,3,0,0.000000e+00,0.0000,2.021201
IR021_2,vibration,256,20,SDT,stall,7.394860e-01,452,452,256,1.0000,23,0,23,9.354233e-01,1.2650,2.046390
IR021_2,vibration,512,2,PROPOSED,none,0.000000e+00,2511,2511,512,1.0000,0,0,0,0.000000e+00,0.0000,17.046137
IR021_2,vibration,512,2,SDT,unbounded,1.158703e-01,2512,2512,518,1.0117,0,0,0,0.000000e+00,0.0000,18.568572
IR021_2,vibration,512,2,SDT,fifo_drop,1.158703e-01,2512,2506,512,1.0000,6,6,0,0.000000e+00,0.0000,18.242643
IR021_2,vibration,512,2,SDT,stall,1.158703e-01,2506,2506,512,1.0000,12,0,12,8.944080e-01,7.7190,17.518387
IR021_2,vibration,512,5,PROPOSED,none,0.000000e+00,1311,1311,512,1.0000,0,0,0,0.000000e+00,0.0000,5.626951
IR021_2,vibration,512,5,SDT,unbounded,3.356824e-01,1312,1312,523,1.0215,0,0,0,0.000000e+00,0.0000,7.509781
IR021_2,vibration,512,5,SDT,fifo_drop,3.356824e-01,1312,1301,512,1.0000,11,11,0,0.000000e+00,0.0000,7.080052
IR021_2,vibration,512,5,SDT,stall,3.356824e-01,1302,1302,512,1.0000,28,0,28,1.204592e+00,3.5885,7.152211
IR021_2,vibration,512,10,PROPOSED,none,0.000000e+00,911,911,512,1.0000,0,0,0,0.000000e+00,0.0000,3.060429
IR021_2,vibration,512,10,SDT,unbounded,4.792147e-01,913,913,521,1.0176,0,0,0,0.000000e+00,0.0000,4.928574
IR021_2,vibration,512,10,SDT,fifo_drop,4.792147e-01,913,904,512,1.0000,9,9,0,0.000000e+00,0.0000,4.768389
IR021_2,vibration,512,10,SDT,stall,4.792147e-01,905,905,512,1.0000,29,0,29,1.320733e+00,2.7560,4.814579
IR021_2,vibration,512,20,PROPOSED,none,0.000000e+00,711,711,512,1.0000,0,0,0,0.000000e+00,0.0000,2.058025
IR021_2,vibration,512,20,SDT,unbounded,5.763740e-01,710,710,515,1.0059,0,0,0,0.000000e+00,0.0000,3.359644
IR021_2,vibration,512,20,SDT,fifo_drop,5.763740e-01,710,707,512,1.0000,3,3,0,0.000000e+00,0.0000,3.263328
IR021_2,vibration,512,20,SDT,stall,5.763740e-01,708,708,512,1.0000,13,0,13,1.204592e+00,2.0899,3.299657
IR021_3,vibration,64,2,PROPOSED,none,0.000000e+00,2063,2063,64,1.0000,0,0,0,0.000000e+00,0.0000,13.753708
IR021_3,vibration,64,2,SDT,unbounded,1.572370e-01,2064,2064,72,1.1250,0,0,0,0.000000e+00,0.0000,13.951630
IR021_3,vibration,64,2,SDT,fifo_drop,1.572370e-01,2064,2056,64,1.0000,8,8,0,0.000000e+00,0.0000,13.275243
IR021_3,vibration,64,2,SDT,stall,1.572370e-01,2057,2057,64,1.0000,19,0,19,1.113899e+00,7.0842,13.127490
IR021_3,vibration,64,5,PROPOSED,none,0.000000e+00,863,863,64,1.0000,0,0,0,0.000000e+00,0.0000,3.771777
IR021_3,vibration,64,5,SDT,unbounded,4.454110e-01,863,863,79,1.2344,0,0,0,0.000000e+00,0.0000,4.416653
IR021_3,vibration,64,5,SDT,fifo_drop,4.454110e-01,863,848,64,1.0000,15,15,0,0.000000e+00,0.0000,4.044331
IR021_3,vibration,64,5,SDT,stall,4.454110e-01,847,847,64,1.0000,51,0,51,1.499005e+00,3.3654,3.982621
IR021_3,vibration,64,10,PROPOSED,none,0.000000e+00,463,463,64,1.0000,0,0,0,0.000000e+00,0.0000,-0.215673
IR021_3,vibration,64,10,SDT,unbounded,6.553750e-01,463,463,67,1.0469,0,0,0,0.000000e+00,0.0000,1.814683
IR021_3,vibration,64,10,SDT,fifo_drop,6.553750e-01,463,460,64,1.0000,3,3,0,0.000000e+00,0.0000,1.486268
IR021_3,vibration,64,10,SDT,stall,6.553750e-01,460,460,64,1.0000,19,0,19,1.137317e+00,1.7354,1.747683
IR021_3,vibration,64,20,PROPOSED,none,0.000000e+00,263,263,64,1.0000,0,0,0,0.000000e+00,0.0000,-4.654876
IR021_3,vibration,64,20,SDT,unbounded,8.800334e-01,263,263,66,1.0312,0,0,0,0.000000e+00,0.0000,-0.508220
IR021_3,vibration,64,20,SDT,fifo_drop,8.800334e-01,263,261,64,1.0000,2,2,0,0.000000e+00,0.0000,-0.539216
IR021_3,vibration,64,20,SDT,stall,8.800334e-01,262,262,64,1.0000,9,0,9,1.237350e+00,1.4060,-0.514503
IR021_3,vibration,128,2,PROPOSED,none,0.000000e+00,2127,2127,128,1.0000,0,0,0,0.000000e+00,0.0000,14.579552
IR021_3,vibration,128,2,SDT,unbounded,1.494403e-01,2127,2127,128,1.0000,0,0,0,0.000000e+00,0.0000,14.503634
IR021_3,vibration,128,2,SDT,fifo_drop,1.494403e-01,2127,2127,128,1.0000,0,0,0,0.000000e+00,0.0000,14.503634
IR021_3,vibration,128,2,SDT,stall,1.494403e-01,2127,2127,128,1.0000,0,0,0,0.000000e+00,0.0000,14.503634
IR021_3,vibration,128,5,PROPOSED,none,0.000000e+00,927,927,128,1.0000,0,0,0,0.000000e+00,0.0000,4.077650
IR021_3,vibration,128,5,SDT,unbounded,4.239560e-01,928,928,129,1.0078,0,0,0,0.000000e+00,0.0000,4.794206
IR021_3,vibration,128,5,SDT,fifo_drop,4.239560e-01,928,927,128,1.0000,1,1,0,0.000000e+00,0.0000,4.733672
IR021_3,vibration,128,5,SDT,stall,4.239560e-01,927,927,128,1.0000,1,0,1,1.055152e+00,2.4888,4.768734
IR021_3,vibration,128,10,PROPOSED,none,0.000000e+00,527,527,128,1.0000,0,0,0,0.000000e+00,0.0000,0.238147
IR021_3,vibration,128,10,SDT,unbounded,6.074963e-01,527,527,130,1.0156,0,0,0,0.000000e+00,0.0000,2.642482
IR021_3,vibration,128,10,SDT,fifo_drop,6.074963e-01,527,525,128,1.0000,2,2,0,0.000000e+00,0.0000,2.608754
IR021_3,vibration,128,10,SDT,stall,6.074963e-01,523,523,128,1.0000,10,0,10,6.054767e-01,0.9967,2.575331
IR021_3,vibration,128,20,PROPOSED,none,0.000000e+00,327,327,128,1.0000,0,0,0,0.000000e+00,0.0000,-1.938812
IR021_3,vibration,128,20,SDT,unbounded,7.940557e-01,328,328,129,1.0078,0,0,0,0.000000e+00,0.0000,0.882527
IR021_3,vibration,128,20,SDT,fifo_drop,7.940557e-01,328,327,128,1.0000,1,1,0,0.000000e+00,0.0000,0.875381
IR021_3,vibration,128,20,SDT,stall,7.940557e-01,327,327,128,1.0000,13,0,13,7.659320e-01,0.9646,0.882060
IR021_3,vibration,256,2,PROPOSED,none,0.000000e+00,2255,2255,256,1.0000,0,0,0,0.000000e+00,0.0000,15.598104
IR021_3,vibration,256,2,SDT,unbounded,1.321140e-01,2255,2255,256,1.0000,0,0,0,0.000000e+00,0.0000,15.648907
IR021_3,vibration,256,2,SDT,fifo_drop,1.321140e-01,2255,2255,256,1.0000,0,0,0,0.000000e+00,0.0000,15.648907
IR021_3,vibration,256,2,SDT,stall,1.321140e-01,2255,2255,256,1.0000,0,0,0,0.000000e+00,0.0000,15.648907
IR021_3,vibration,256,5,PROPOSED,none,0.000000e+00,1055,1055,256,1.0000,0,0,0,0.000000e+00,0.0000,4.796331
IR021_3,vibration,256,5,SDT,unbounded,3.823240e-01,1055,1055,256,1.0000,0,0,0,0.000000e+00,0.0000,5.724901
IR021_3,vibration,256,5,SDT,fifo_drop,3.823240e-01,1055,1055,256,1.0000,0,0,0,0.000000e+00,0.0000,5.724901
IR021_3,vibration,256,5,SDT,stall,3.823240e-01,1055,1055,256,1.0000,0,0,0,0.000000e+00,0.0000,5.724901
IR021_3,vibration,256,10,PROPOSED,none,0.000000e+00,655,655,256,1.0000,0,0,0,0.000000e+00,0.0000,1.520719
IR021_3,vibration,256,10,SDT,unbounded,5.383097e-01,656,656,256,1.0000,0,0,0,0.000000e+00,0.0000,3.185963
IR021_3,vibration,256,10,SDT,fifo_drop,5.383097e-01,656,656,256,1.0000,0,0,0,0.000000e+00,0.0000,3.185963
IR021_3,vibration,256,10,SDT,stall,5.383097e-01,656,656,256,1.0000,0,0,0,0.000000e+00,0.0000,3.185963
IR021_3,vibration,256,20,PROPOSED,none,0.000000e+00,455,455,256,1.0000,0,0,0,0.000000e+00,0.0000,-0.703200
IR021_3,vibration,256,20,SDT,unbounded,6.587574e-01,456,456,256,1.0000,0,0,0,0.000000e+00,0.0000,1.723904
IR021_3,vibration,256,20,SDT,fifo_drop,6.587574e-01,456,456,256,1.0000,0,0,0,0.000000e+00,0.0000,1.723904
IR021_3,vibration,256,20,SDT,stall,6.587574e-01,456,456,256,1.0000,0,0,0,0.000000e+00,0.0000,1.723904
IR021_3,vibration,512,2,PROPOSED,none,0.000000e+00,2511,2511,512,1.0000,0,0,0,0.000000e+00,0.0000,17.031018
IR021_3,vibration,512,2,SDT,unbounded,1.049063e-01,2512,2512,513,1.0020,0,0,0,0.000000e+00,0.0000,18.402049
IR021_3,vibration,512,2,SDT,fifo_drop,1.049063e-01,2512,2511,512,1.0000,1,1,0,0.000000e+00,0.0000,18.267902
IR021_3,vibration,512,2,SDT,stall,1.049063e-01,2511,2511,512,1.0000,1,0,1,6.783695e-01,6.4664,18.239612
IR021_3,vibration,512,5,PROPOSED,none,0.000000e+00,1311,1311,512,1.0000,0,0,0,0.000000e+00,0.0000,5.744172
IR021_3,vibration,512,5,SDT,unbounded,3.070024e-01,1310,1310,510,0.9961,0,0,0,0.000000e+00,0.0000,7.409172
IR021_3,vibration,512,5,SDT,fifo_drop,3.070024e-01,1310,1310,510,0.9961,0,0,0,0.000000e+00,0.0000,7.409172
IR021_3,vibration,512,5,SDT,stall,3.070024e-01,1310,1310,510,0.9961,0,0,0,0.000000e+00,0.0000,7.409172
IR021_3,vibration,512,10,PROPOSED,none,0.000000e+00,911,911,512,1.0000,0,0,0,0.000000e+00,0.0000,3.442458
IR021_3,vibration,512,10,SDT,unbounded,4.281642e-01,913,913,513,1.0020,0,0,0,0.000000e+00,0.0000,4.718929
IR021_3,vibration,512,10,SDT,fifo_drop,4.281642e-01,913,912,512,1.0000,1,1,0,0.000000e+00,0.0000,4.674528
IR021_3,vibration,512,10,SDT,stall,4.281642e-01,912,912,512,1.0000,1,0,1,1.055152e+00,2.4644,4.693893
IR021_3,vibration,512,20,PROPOSED,none,0.000000e+00,711,711,512,1.0000,0,0,0,0.000000e+00,0.0000,1.571452
IR021_3,vibration,512,20,SDT,unbounded,5.190381e-01,709,709,509,0.9941,0,0,0,0.000000e+00,0.0000,3.589805
IR021_3,vibration,512,20,SDT,fifo_drop,5.190381e-01,709,709,509,0.9941,0,0,0,0.000000e+00,0.0000,3.589805
IR021_3,vibration,512,20,SDT,stall,5.190381e-01,709,709,509,0.9941,0,0,0,0.000000e+00,0.0000,3.589805
B021_0,vibration,64,2,PROPOSED,none,0.000000e+00,2063,2063,64,1.0000,0,0,0,0.000000e+00,0.0000,9.680142
B021_0,vibration,64,2,SDT,unbounded,6.573167e-02,2063,2063,70,1.0938,0,0,0,0.000000e+00,0.0000,9.414539
B021_0,vibration,64,2,SDT,fifo_drop,6.573167e-02,2063,2057,64,1.0000,6,6,0,0.000000e+00,0.0000,9.270007
B021_0,vibration,64,2,SDT,stall,6.573167e-02,2059,2059,64,1.0000,10,0,10,1.807905e-01,2.7504,9.283941
B021_0,vibration,64,5,PROPOSED,none,0.000000e+00,863,863,64,1.0000,0,0,0,0.000000e+00,0.0000,1.303425
B021_0,vibration,64,5,SDT,unbounded,1.432682e-01,864,864,80,1.2500,0,0,0,0.000000e+00,0.0000,2.016473
B021_0,vibration,64,5,SDT,fifo_drop,1.432682e-01,864,848,64,1.0000,16,16,0,0.000000e+00,0.0000,1.924792
B021_0,vibration,64,5,SDT,stall,1.432682e-01,851,851,64,1.0000,32,0,32,4.397123e-01,3.0692,1.809895
B021_0,vibration,64,10,PROPOSED,none,0.000000e+00,463,463,64,1.0000,0,0,0,0.000000e+00,0.0000,-1.474202
B021_0,vibration,64,10,SDT,unbounded,1.806282e-01,460,460,66,1.0312,0,0,0,0.000000e+00,0.0000,0.641302
B021_0,vibration,64,10,SDT,fifo_drop,1.806282e-01,460,458,64,1.0000,2,2,0,0.000000e+00,0.0000,0.604622
B021_0,vibration,64,10,SDT,stall,1.806282e-01,459,459,64,1.0000,21,0,21,2.710235e-01,1.5004,0.599775
B021_0,vibration,64,20,PROPOSED,none,0.000000e+00,263,263,64,1.0000,0,0,0,0.000000e+00,0.0000,-3.275677
B021_0,vibration,64,20,SDT,unbounded,2.246804e-01,263,263,68,1.0625,0,0,0,0.000000e+00,0.0000,-0.017002
B021_0,vibration,64,20,SDT,fifo_drop,2.246804e-01,263,259,64,1.0000,4,4,0,0.000000e+00,0.0000,-0.097094
B021_0,vibration,64,20,SDT,stall,2.246804e-01,260,260,64,1.0000,54,0,54,3.851877e-01,1.7144,-0.076998
B021_0,vibration,128,2,PROPOSED,none,0.000000e+00,2127,2127,128,1.0000,0,0,0,0.000000e+00,0.0000,10.289007
B021_0,vibration,128,2,SDT,unbounded,6.249700e-02,2128,2128,135,1.0547,0,0,0,0.000000e+00,0.0000,9.925982
B021_0,vibration,128,2,SDT,fifo_drop,6.249700e-02,2128,2121,128,1.0000,7,7,0,0.000000e+00,0.0000,9.659938
B021_0,vibration,128,2,SDT,stall,6.249700e-02,2123,2123,128,1.0000,8,0,8,1.602425e-01,2.5640,9.835380
B021_0,vibration,128,5,PROPOSED,none,0.000000e+00,927,927,128,1.0000,0,0,0,0.000000e+00,0.0000,1.545827
B021_0,vibration,128,5,SDT,unbounded,1.388410e-01,929,929,137,1.0703,0,0,0,0.000000e+00,0.0000,2.145342
B021_0,vibration,128,5,SDT,fifo_drop,1.388410e-01,929,920,128,1.0000,9,9,0,0.000000e+00,0.0000,2.059521
B021_0,vibration,128,5,SDT,stall,1.388410e-01,920,920,128,1.0000,15,0,15,3.267110e-01,2.3531,2.058185
B021_0,vibration,128,10,PROPOSED,none,0.000000e+00,527,527,128,1.0000,0,0,0,0.000000e+00,0.0000,-0.767274
B021_0,vibration,128,10,SDT,unbounded,1.751840e-01,531,531,134,1.0469,0,0,0,0.000000e+00,0.0000,0.753097
B021_0,vibration,128,10,SDT,fifo_drop,1.751840e-01,531,525,128,1.0000,6,6,0,0.000000e+00,0.0000,0.690495
B021_0,vibration,128,10,SDT,stall,1.751840e-01,523,523,128,1.0000,29,0,29,5.083677e-01,2.9019,0.649123
B021_0,vibration,128,20,PROPOSED,none,0.000000e+00,327,327,128,1.0000,0,0,0,0.000000e+00,0.0000,-3.027144
B021_0,vibration,128,20,SDT,unbounded,2.090540e-01,329,329,131,1.0234,0,0,0,0.000000e+00,0.0000,0.019345
B021_0,vibration,128,20,SDT,fifo_drop,2.090540e-01,329,326,128,1.0000,3,3,0,0.000000e+00,0.0000,-0.090146
B021_0,vibration,128,20,SDT,stall,2.090540e-01,326,326,128,1.0000,52,0,52,5.067437e-01,2.4240,-0.070808
B021_0,vibration,256,2,PROPOSED,none,0.000000e+00,2255,2255,256,1.0000,0,0,0,0.000000e+00,0.0000,11.046975
B021_0,vibration,256,2,SDT,unbounded,5.587767e-02,2255,2255,256,1.0000,0,0,0,0.000000e+00,0.0000,11.284842
B021_0,vibration,256,2,SDT,fifo_drop,5.587767e-02,2255,2255,256,1.0000,0,0,0,0.000000e+00,0.0000,11.284842
B021_0,vibration,256,2,SDT,stall,5.587767e-02,2255,2255,256,1.0000,0,0,0,0.000000e+00,0.0000,11.284842
B021_0,vibration,256,5,PROPOSED,none,0.000000e+00,1055,1055,256,1.0000,0,0,0,0.000000e+00,0.0000,2.230418
B021_0,vibration,256,5,SDT,unbounded,1.298556e-01,1056,1056,261,1.0195,0,0,0,0.000000e+00,0.0000,2.738883
B021_0,vibration,256,5,SDT,fifo_drop,1.298556e-01,1056,1051,256,1.0000,5,5,0,0.000000e+00,0.0000,2.631730
B021_0,vibration,256,5,SDT,stall,1.298556e-01,1051,1051,256,1.0000,8,0,8,3.267110e-01,2.5160,2.689990
B021_0,vibration,256,10,PROPOSED,none,0.000000e+00,655,655,256,1.0000,0,0,0,0.000000e+00,0.0000,-0.349007
B021_0,vibration,256,10,SDT,unbounded,1.632032e-01,655,655,258,1.0078,0,0,0,0.000000e+00,0.0000,1.190927
B021_0,vibration,256,10,SDT,fifo_drop,1.632032e-01,655,653,256,1.0000,2,2,0,0.000000e+00,0.0000,1.186785
B021_0,vibration,256,10,SDT,stall,1.632032e-01,653,653,256,1.0000,4,0,4,2.777640e-01,1.7020,1.183517
B021_0,vibration,256,20,PROPOSED,none,0.000000e+00,455,455,256,1.0000,0,0,0,0.000000e+00,0.0000,-1.470581
B021_0,vibration,256,20,SDT,unbounded,1.815094e-01,456,456,256,1.0000,0,0,0,0.000000e+00,0.0000,0.677175
B021_0,vibration,256,20,SDT,fifo_drop,1.815094e-01,456,456,256,1.0000,0,0,0,0.000000e+00,0.0000,0.677175
B021_0,vibration,256,20,SDT,stall,1.815094e-01,456,456,256,1.0000,0,0,0,0.000000e+00,0.0000,0.677175
B021_0,vibration,512,2,PROPOSED,none,0.000000e+00,2511,2511,512,1.0000,0,0,0,0.000000e+00,0.0000,12.544149
B021_0,vibration,512,2,SDT,unbounded,4.450733e-02,2512,2512,513,1.0020,0,0,0,0.000000e+00,0.0000,13.961340
B021_0,vibration,512,2,SDT,fifo_drop,4.450733e-02,2512,2511,512,1.0000,1,1,0,0.000000e+00,0.0000,13.778015
B021_0,vibration,512,2,SDT,stall,4.450733e-02,2511,2511,512,1.0000,1,0,1,7.252700e-02,1.6296,13.950605
B021_0,vibration,512,5,PROPOSED,none,0.000000e+00,1311,1311,512,1.0000,0,0,0,0.000000e+00,0.0000,3.534339
B021_0,vibration,512,5,SDT,unbounded,1.117150e-01,1314,1314,516,1.0078,0,0,0,0.000000e+00,0.0000,3.882178
B021_0,vibration,512,5,SDT,fifo_drop,1.117150e-01,1314,1310,512,1.0000,4,4,0,0.000000e+00,0.0000,3.845730
B021_0,vibration,512,5,SDT,stall,1.117150e-01,1310,1310,512,1.0000,12,0,12,2.880517e-01,2.5785,3.818162
B021_0,vibration,512,10,PROPOSED,none,0.000000e+00,911,911,512,1.0000,0,0,0,0.000000e+00,0.0000,1.210195
B021_0,vibration,512,10,SDT,unbounded,1.395013e-01,913,913,513,1.0020,0,0,0,0.000000e+00,0.0000,2.104341
B021_0,vibration,512,10,SDT,fifo_drop,1.395013e-01,913,912,512,1.0000,1,1,0,0.000000e+00,0.0000,2.043478
B021_0,vibration,512,10,SDT,stall,1.395013e-01,912,912,512,1.0000,4,0,4,2.708264e-01,1.9414,2.093241
B021_0,vibration,512,20,PROPOSED,none,0.000000e+00,711,711,512,1.0000,0,0,0,0.000000e+00,0.0000,0.101282
B021_0,vibration,512,20,SDT,unbounded,1.560770e-01,711,711,511,0.9980,0,0,0,0.000000e+00,0.0000,1.454845
B021_0,vibration,512,20,SDT,fifo_drop,1.560770e-01,711,711,511,0.9980,0,0,0,0.000000e+00,0.0000,1.454845
B021_0,vibration,512,20,SDT,stall,1.560770e-01,711,711,511,0.9980,0,0,0,0.000000e+00,0.0000,1.454845
B021_1,vibration,64,2,PROPOSED,none,0.000000e+00,2063,2063,64,1.0000,0,0,0,0.000000e+00,0.0000,10.226170
B021_1,vibration,64,2,SDT,unbounded,7.190500e-02,2064,2064,171,2.6719,0,0,0,0.000000e+00,0.0000,10.642511
B021_1,vibration,64,2,SDT,fifo_drop,7.190500e-02,2064,1957,64,1.0000,107,107,0,0.000000e+00,0.0000,6.336161
B021_1,vibration,64,2,SDT,stall,7.190500e-02,1958,1958,64,1.0000,191,0,191,4.558745e-01,6.3400,7.085365
B021_1,vibration,64,5,PROPOSED,none,0.000000e+00,863,863,64,1.0000,0,0,0,0.000000e+00,0.0000,1.658424
B021_1,vibration,64,5,SDT,unbounded,1.620695e-01,866,866,207,3.2344,0,0,0,0.000000e+00,0.0000,3.275523
B021_1,vibration,64,5,SDT,fifo_drop,1.620695e-01,866,723,64,1.0000,143,143,0,0.000000e+00,0.0000,-0.375808
B021_1,vibration,64,5,SDT,stall,1.620695e-01,722,722,64,1.0000,271,0,271,6.814970e-01,4.2050,1.573796
B021_1,vibration,64,10,PROPOSED,none,0.000000e+00,463,463,64,1.0000,0,0,0,0.000000e+00,0.0000,-1.103701
B021_1,vibration,64,10,SDT,unbounded,2.191246e-01,462,462,170,2.6562,0,0,0,0.000000e+00,0.0000,1.769560
B021_1,vibration,64,10,SDT,fifo_drop,2.191246e-01,462,356,64,1.0000,106,106,0,0.000000e+00,0.0000,-0.952240
B021_1,vibration,64,10,SDT,stall,2.191246e-01,356,356,64,1.0000,268,0,268,1.442804e+00,6.5844,0.063856
B021_1,vibration,64,20,PROPOSED,none,0.000000e+00,263,263,64,1.0000,0,0,0,0.000000e+00,0.0000,-2.585011
B021_1,vibration,64,20,SDT,unbounded,2.668749e-01,262,262,143,2.2344,0,0,0,0.000000e+00,0.0000,0.718988
B021_1,vibration,64,20,SDT,fifo_drop,2.668749e-01,262,183,64,1.0000,79,79,0,0.000000e+00,0.0000,-0.491516
B021_1,vibration,64,20,SDT,stall,2.668749e-01,184,184,64,1.0000,282,0,282,1.442804e+00,5.4063,-0.422065
B021_1,vibration,128,2,PROPOSED,none,0.000000e+00,2127,2127,128,1.0000,0,0,0,0.000000e+00,0.0000,11.113601
B021_1,vibration,128,2,SDT,unbounded,6.827700e-02,2128,2128,195,1.5234,0,0,0,0.000000e+00,0.0000,11.201448
B021_1,vibration,128,2,SDT,fifo_drop,6.827700e-02,2128,2061,128,1.0000,67,67,0,0.000000e+00,0.0000,8.555505
B021_1,vibration,128,2,SDT,stall,6.827700e-02,2062,2062,128,1.0000,135,0,135,4.558745e-01,6.6768,8.577105
B021_1,vibration,128,5,PROPOSED,none,0.000000e+00,927,927,128,1.0000,0,0,0,0.000000e+00,0.0000,2.266060
B021_1,vibration,128,5,SDT,unbounded,1.543945e-01,929,929,239,1.8672,0,0,0,0.000000e+00,0.0000,3.510699
B021_1,vibration,128,5,SDT,fifo_drop,1.543945e-01,929,818,128,1.0000,111,111,0,0.000000e+00,0.0000,1.886746
B021_1,vibration,128,5,SDT,stall,1.543945e-01,819,819,128,1.0000,218,0,218,6.814970e-01,4.4140,2.148689
B021_1,vibration,128,10,PROPOSED,none,0.000000e+00,527,527,128,1.0000,0,0,0,0.000000e+00,0.0000,-0.382158
B021_1,vibration,128,10,SDT,unbounded,2.050111e-01,534,534,207,1.6172,0,0,0,0.000000e+00,0.0000,2.129307
B021_1,vibration,128,10,SDT,fifo_drop,2.050111e-01,534,455,128,1.0000,79,79,0,0.000000e+00,0.0000,-0.561194
B021_1,vibration,128,10,SDT,stall,2.050111e-01,457,457,128,1.0000,201,0,201,1.442804e+00,7.0377,0.853219
B021_1,vibration,128,20,PROPOSED,none,0.000000e+00,327,327,128,1.0000,0,0,0,0.000000e+00,0.0000,-1.589903
B021_1,vibration,128,20,SDT,unbounded,2.469438e-01,326,326,163,1.2734,0,0,0,0.000000e+00,0.0000,1.280038
B021_1,vibration,128,20,SDT,fifo_drop,2.469438e-01,326,291,128,1.0000,35,35,0,0.000000e+00,0.0000,-0.941948
B021_1,vibration,128,20,SDT,stall,2.469438e-01,294,294,128,1.0000,112,0,112,6.792304e-01,2.7505,0.770694
B021_1,vibration,256,2,PROPOSED,none,0.000000e+00,2255,2255,256,1.0000,0,0,0,0.000000e+00,0.0000,12.207078
B021_1,vibration,256,2,SDT,unbounded,6.194200e-02,2256,2256,283,1.1055,0,0,0,0.000000e+00,0.0000,12.292640
B021_1,vibration,256,2,SDT,fifo_drop,6.194200e-02,2256,2229,256,1.0000,27,27,0,0.000000e+00,0.0000,11.335611
B021_1,vibration,256,2,SDT,stall,6.194200e-02,2229,2229,256,1.0000,45,0,45,3.071645e-01,4.9589,11.235539
B021_1,vibration,256,5,PROPOSED,none,0.000000e+00,1055,1055,256,1.0000,0,0,0,0.000000e+00,0.0000,2.987369
B021_1,vibration,256,5,SDT,unbounded,1.448923e-01,1054,1054,298,1.1641,0,0,0,0.000000e+00,0.0000,4.049637
B021_1,vibration,256,5,SDT,fifo_drop,1.448923e-01,1054,1012,256,1.0000,42,42,0,0.000000e+00,0.0000,2.819000
B021_1,vibration,256,5,SDT,stall,1.448923e-01,1012,1012,256,1.0000,81,0,81,4.534103e-01,3.1293,3.663439
B021_1,vibration,256,10,PROPOSED,none,0.000000e+00,655,655,256,1.0000,0,0,0,0.000000e+00,0.0000,0.849805
B021_1,vibration,256,10,SDT,unbounded,1.861041e-01,657,657,281,1.0977,0,0,0,0.000000e+00,0.0000,2.323078
B021_1,vibration,256,10,SDT,fifo_drop,1.861041e-01,657,632,256,1.0000,25,25,0,0.000000e+00,0.0000,2.059610
B021_1,vibration,256,10,SDT,stall,1.861041e-01,632,632,256,1.0000,101,0,101,3.918750e-01,2.1057,2.159752
B021_1,vibration,256,20,PROPOSED,none,0.000000e+00,455,455,256,1.0000,0,0,0,0.000000e+00,0.0000,-0.891809
B021_1,vibration,256,20,SDT,unbounded,2.208555e-01,456,456,266,1.0391,0,0,0,0.000000e+00,0.0000,1.824248
B021_1,vibration,256,20,SDT,fifo_drop,2.208555e-01,456,446,256,1.0000,10,10,0,0.000000e+00,0.0000,1.368218
B021_1,vibration,256,20,SDT,stall,2.208555e-01,447,447,256,1.0000,52,0,52,4.242810e-01,1.9211,1.786983
B021_1,vibration,512,2,PROPOSED,none,0.000000e+00,2511,2511,512,1.0000,0,0,0,0.000000e+00,0.0000,14.242367
B021_1,vibration,512,2,SDT,unbounded,4.867633e-02,2511,2511,525,1.0254,0,0,0,0.000000e+00,0.0000,14.842815
B021_1,vibration,512,2,SDT,fifo_drop,4.867633e-02,2511,2498,512,1.0000,13,13,0,0.000000e+00,0.0000,12.894155
B021_1,vibration,512,2,SDT,stall,4.867633e-02,2497,2497,512,1.0000,18,0,18,3.324230e-01,6.8293,13.687150
B021_1,vibration,512,5,PROPOSED,none,0.000000e+00,1311,1311,512,1.0000,0,0,0,0.000000e+00,0.0000,4.687537
B021_1,vibration,512,5,SDT,unbounded,1.237294e-01,1312,1312,533,1.0410,0,0,0,0.000000e+00,0.0000,5.279075
B021_1,vibration,512,5,SDT,fifo_drop,1.237294e-01,1312,1291,512,1.0000,21,21,0,0.000000e+00,0.0000,4.832577
B021_1,vibration,512,5,SDT,stall,1.237294e-01,1294,1294,512,1.0000,53,0,53,4.467370e-01,3.6106,4.922187
B021_1,vibration,512,10,PROPOSED,none,0.000000e+00,911,911,512,1.0000,0,0,0,0.000000e+00,0.0000,1.921215
B021_1,vibration,512,10,SDT,unbounded,1.555804e-01,913,913,524,1.0234,0,0,0,0.000000e+00,0.0000,3.420795
B021_1,vibration,512,10,SDT,fifo_drop,1.555804e-01,913,901,512,1.0000,12,12,0,0.000000e+00,0.0000,3.379152
B021_1,vibration,512,10,SDT,stall,1.555804e-01,901,901,512,1.0000,26,0,26,4.409027e-01,2.8339,3.262050
B021_1,vibration,512,20,PROPOSED,none,0.000000e+00,711,711,512,1.0000,0,0,0,0.000000e+00,0.0000,0.972880
B021_1,vibration,512,20,SDT,unbounded,1.782377e-01,712,712,518,1.0117,0,0,0,0.000000e+00,0.0000,2.709459
B021_1,vibration,512,20,SDT,fifo_drop,1.782377e-01,712,706,512,1.0000,6,6,0,0.000000e+00,0.0000,2.682922
B021_1,vibration,512,20,SDT,stall,1.782377e-01,709,709,512,1.0000,35,0,35,2.996930e-01,1.6814,2.695943
B021_2,vibration,64,2,PROPOSED,none,0.000000e+00,2063,2063,64,1.0000,0,0,0,0.000000e+00,0.0000,9.711571
B021_2,vibration,64,2,SDT,unbounded,5.899640e-02,2065,2065,102,1.5938,0,0,0,0.000000e+00,0.0000,9.515958
B021_2,vibration,64,2,SDT,fifo_drop,5.899640e-02,2065,2027,64,1.0000,38,38,0,0.000000e+00,0.0000,7.809838
B021_2,vibration,64,2,SDT,stall,5.899640e-02,2028,2028,64,1.0000,60,0,60,3.726265e-01,6.3161,8.090559
B021_2,vibration,64,5,PROPOSED,none,0.000000e+00,863,863,64,1.0000,0,0,0,0.000000e+00,0.0000,1.351730
B021_2,vibration,64,5,SDT,unbounded,1.349430e-01,864,864,110,1.7188,0,0,0,0.000000e+00,0.0000,1.658445
B021_2,vibration,64,5,SDT,fifo_drop,1.349430e-01,864,818,64,1.0000,46,46,0,0.000000e+00,0.0000,1.049054
B021_2,vibration,64,5,SDT,stall,1.349430e-01,818,818,64,1.0000,92,0,92,4.643480e-01,3.4411,1.120891
B021_2,vibration,64,10,PROPOSED,none,0.000000e+00,463,463,64,1.0000,0,0,0,0.000000e+00,0.0000,-1.665982
B021_2,vibration,64,10,SDT,unbounded,1.749432e-01,464,464,97,1.5156,0,0,0,0.000000e+00,0.0000,-0.073846
B021_2,vibration,64,10,SDT,fifo_drop,1.749432e-01,464,431,64,1.0000,33,33,0,0.000000e+00,0.0000,-0.543734
B021_2,vibration,64,10,SDT,stall,1.749432e-01,432,432,64,1.0000,79,0,79,5.018700e-01,2.8688,-0.430848
B021_2,vibration,64,20,PROPOSED,none,0.000000e+00,263,263,64,1.0000,0,0,0,0.000000e+00,0.0000,-3.502222
B021_2,vibration,64,20,SDT,unbounded,2.109766e-01,263,263,82,1.2812,0,0,0,0.000000e+00,0.0000,-0.677604
B021_2,vibration,64,20,SDT,fifo_drop,2.109766e-01,263,245,64,1.0000,18,18,0,0.000000e+00,0.0000,-0.775411
B021_2,vibration,64,20,SDT,stall,2.109766e-01,245,245,64,1.0000,78,0,78,4.785333e-01,2.2682,-0.890017
B021_2,vibration,128,2,PROPOSED,none,0.000000e+00,2127,2127,128,1.0000,0,0,0,0.000000e+00,0.0000,10.100622
B021_2,vibration,128,2,SDT,unbounded,5.620267e-02,2127,2127,148,1.1562,0,0,0,0.000000e+00,0.0000,9.993317
B021_2,vibration,128,2,SDT,fifo_drop,5.620267e-02,2127,2107,128,1.0000,20,20,0,0.000000e+00,0.0000,8.544452
B021_2,vibration,128,2,SDT,stall,5.620267e-02,2107,2107,128,1.0000,34,0,34,3.859455e-01,6.8670,8.805806
B021_2,vibration,128,5,PROPOSED,none,0.000000e+00,927,927,128,1.0000,0,0,0,0.000000e+00,0.0000,1.608392
B021_2,vibration,128,5,SDT,unbounded,1.292759e-01,927,927,162,1.2656,0,0,0,0.000000e+00,0.0000,1.967634
B021_2,vibration,128,5,SDT,fifo_drop,1.292759e-01,927,893,128,1.0000,34,34,0,0.000000e+00,0.0000,1.433531
B021_2,vibration,128,5,SDT,stall,1.292759e-01,893,893,128,1.0000,64,0,64,4.797797e-01,3.7113,1.550389
B021_2,vibration,128,10,PROPOSED,none,0.000000e+00,527,527,128,1.0000,0,0,0,0.000000e+00,0.0000,-0.986204
B021_2,vibration,128,10,SDT,unbounded,1.677680e-01,528,528,155,1.2109,0,0,0,0.000000e+00,0.0000,0.177539
B021_2,vibration,128,10,SDT,fifo_drop,1.677680e-01,528,501,128,1.0000,27,27,0,0.000000e+00,0.0000,0.056917
B021_2,vibration,128,10,SDT,stall,1.677680e-01,500,500,128,1.0000,84,0,84,5.018700e-01,2.9915,-0.054099
B021_2,vibration,128,20,PROPOSED,none,0.000000e+00,327,327,128,1.0000,0,0,0,0.000000e+00,0.0000,-2.903639
B021_2,vibration,128,20,SDT,unbounded,1.973260e-01,327,327,145,1.1328,0,0,0,0.000000e+00,0.0000,-0.380121
B021_2,vibration,128,20,SDT,fifo_drop,1.973260e-01,327,310,128,1.0000,17,17,0,0.000000e+00,0.0000,-0.589073
B021_2,vibration,128,20,SDT,stall,1.973260e-01,312,312,128,1.0000,104,0,104,4.983070e-01,2.5253,-0.584783
B021_2,vibration,256,2,PROPOSED,none,0.000000e+00,2255,2255,256,1.0000,0,0,0,0.000000e+00,0.0000,10.864755
B021_2,vibration,256,2,SDT,unbounded,5.073367e-02,2256,2256,261,1.0195,0,0,0,0.000000e+00,0.0000,11.223102
B021_2,vibration,256,2,SDT,fifo_drop,5.073367e-02,2256,2251,256,1.0000,5,5,0,0.000000e+00,0.0000,10.863232
B021_2,vibration,256,2,SDT,stall,5.073367e-02,2251,2251,256,1.0000,16,0,16,1.595110e-01,3.1441,11.000488
B021_2,vibration,256,5,PROPOSED,none,0.000000e+00,1055,1055,256,1.0000,0,0,0,0.000000e+00,0.0000,2.175573
B021_2,vibration,256,5,SDT,unbounded,1.177653e-01,1055,1055,264,1.0312,0,0,0,0.000000e+00,0.0000,2.547558
B021_2,vibration,256,5,SDT,fifo_drop,1.177653e-01,1055,1047,256,1.0000,8,8,0,0.000000e+00,0.0000,2.449666
B021_2,vibration,256,5,SDT,stall,1.177653e-01,1047,1047,256,1.0000,13,0,13,2.905963e-01,2.4676,2.493279
B021_2,vibration,256,10,PROPOSED,none,0.000000e+00,655,655,256,1.0000,0,0,0,0.000000e+00,0.0000,-0.413636
B021_2,vibration,256,10,SDT,unbounded,1.508212e-01,656,656,265,1.0352,0,0,0,0.000000e+00,0.0000,0.796618
B021_2,vibration,256,10,SDT,fifo_drop,1.508212e-01,656,647,256,1.0000,9,9,0,0.000000e+00,0.0000,0.629263
B021_2,vibration,256,10,SDT,stall,1.508212e-01,648,648,256,1.0000,26,0,26,4.797797e-01,3.1811,0.704172
B021_2,vibration,256,20,PROPOSED,none,0.000000e+00,455,455,256,1.0000,0,0,0,0.000000e+00,0.0000,-2.185309
B021_2,vibration,256,20,SDT,unbounded,1.757986e-01,455,455,257,1.0039,0,0,0,0.000000e+00,0.0000,-0.115281
B021_2,vibration,256,20,SDT,fifo_drop,1.757986e-01,455,454,256,1.0000,1,1,0,0.000000e+00,0.0000,-0.152025
B021_2,vibration,256,20,SDT,stall,1.757986e-01,454,454,256,1.0000,18,0,18,1.825939e-01,1.0387,-0.114590
B021_2,vibration,512,2,PROPOSED,none,0.000000e+00,2511,2511,512,1.0000,0,0,0,0.000000e+00,0.0000,12.298758
B021_2,vibration,512,2,SDT,unbounded,3.974267e-02,2510,2510,510,0.9961,0,0,0,0.000000e+00,0.0000,13.972667
B021_2,vibration,512,2,SDT,fifo_drop,3.974267e-02,2510,2510,510,0.9961,0,0,0,0.000000e+00,0.0000,13.972667
B021_2,vibration,512,2,SDT,stall,3.974267e-02,2510,2510,510,0.9961,0,0,0,0.000000e+00,0.0000,13.972667
B021_2,vibration,512,5,PROPOSED,none,0.000000e+00,1311,1311,512,1.0000,0,0,0,0.000000e+00,0.0000,3.444676
B021_2,vibration,512,5,SDT,unbounded,1.020417e-01,1311,1311,511,0.9980,0,0,0,0.000000e+00,0.0000,3.733830
B021_2,vibration,512,5,SDT,fifo_drop,1.020417e-01,1311,1311,511,0.9980,0,0,0,0.000000e+00,0.0000,3.733830
B021_2,vibration,512,5,SDT,stall,1.020417e-01,1311,1311,511,0.9980,0,0,0,0.000000e+00,0.0000,3.733830
B021_2,vibration,512,10,PROPOSED,none,0.000000e+00,911,911,512,1.0000,0,0,0,0.000000e+00,0.0000,1.264918
B021_2,vibration,512,10,SDT,unbounded,1.298037e-01,913,913,513,1.0020,0,0,0,0.000000e+00,0.0000,1.910281
B021_2,vibration,512,10,SDT,fifo_drop,1.298037e-01,913,912,512,1.0000,1,1,0,0.000000e+00,0.0000,1.868480
B021_2,vibration,512,10,SDT,stall,1.298037e-01,912,912,512,1.0000,3,0,3,2.012572e-01,1.5505,1.906151
B021_2,vibration,512,20,PROPOSED,none,0.000000e+00,711,711,512,1.0000,0,0,0,0.000000e+00,0.0000,-0.201707
B021_2,vibration,512,20,SDT,unbounded,1.451356e-01,713,713,513,1.0020,0,0,0,0.000000e+00,0.0000,0.996455
B021_2,vibration,512,20,SDT,fifo_drop,1.451356e-01,713,712,512,1.0000,1,1,0,0.000000e+00,0.0000,0.983987
B021_2,vibration,512,20,SDT,stall,1.451356e-01,712,712,512,1.0000,5,0,5,2.534258e-01,1.7461,0.972353
B021_3,vibration,64,2,PROPOSED,none,0.000000e+00,2063,2063,64,1.0000,0,0,0,0.000000e+00,0.0000,10.205926
B021_3,vibration,64,2,SDT,unbounded,6.356600e-02,2063,2063,69,1.0781,0,0,0,0.000000e+00,0.0000,9.931157
B021_3,vibration,64,2,SDT,fifo_drop,6.356600e-02,2063,2058,64,1.0000,5,5,0,0.000000e+00,0.0000,9.678059
B021_3,vibration,64,2,SDT,stall,6.356600e-02,2058,2058,64,1.0000,16,0,16,2.151450e-01,3.3846,9.725388
B021_3,vibration,64,5,PROPOSED,none,0.000000e+00,863,863,64,1.0000,0,0,0,0.000000e+00,0.0000,1.588872
B021_3,vibration,64,5,SDT,unbounded,1.542486e-01,864,864,67,1.0469,0,0,0,0.000000e+00,0.0000,1.371187
B021_3,vibration,64,5,SDT,fifo_drop,1.542486e-01,864,861,64,1.0000,3,3,0,0.000000e+00,0.0000,1.322269
B021_3,vibration,64,5,SDT,stall,1.542486e-01,861,861,64,1.0000,7,0,7,3.155033e-01,2.0454,1.343950
B021_3,vibration,64,10,PROPOSED,none,0.000000e+00,463,463,64,1.0000,0,0,0,0.000000e+00,0.0000,-1.501960
B021_3,vibration,64,10,SDT,unbounded,2.039420e-01,462,462,64,1.0000,0,0,0,0.000000e+00,0.0000,-0.266484
B021_3,vibration,64,10,SDT,fifo_drop,2.039420e-01,462,462,64,1.0000,0,0,0,0.000000e+00,0.0000,-0.266484
B021_3,vibration,64,10,SDT,stall,2.039420e-01,462,462,64,1.0000,0,0,0,0.000000e+00,0.0000,-0.266484
B021_3,vibration,64,20,PROPOSED,none,0.000000e+00,263,263,64,1.0000,0,0,0,0.000000e+00,0.0000,-3.306988
B021_3,vibration,64,20,SDT,unbounded,2.387519e-01,262,262,62,0.9688,0,0,0,0.000000e+00,0.0000,-0.775750
B021_3,vibration,64,20,SDT,fifo_drop,2.387519e-01,262,262,62,0.9688,0,0,0,0.000000e+00,0.0000,-0.775750
B021_3,vibration,64,20,SDT,stall,2.387519e-01,262,262,62,0.9688,0,0,0,0.000000e+00,0.0000,-0.775750
B021_3,vibration,128,2,PROPOSED,none,0.000000e+00,2127,2127,128,1.0000,0,0,0,0.000000e+00,0.0000,10.912568
B021_3,vibration,128,2,SDT,unbounded,5.983033e-02,2128,2128,132,1.0312,0,0,0,0.000000e+00,0.0000,10.586868
B021_3,vibration,128,2,SDT,fifo_drop,5.983033e-02,2128,2124,128,1.0000,4,4,0,0.000000e+00,0.0000,10.493687
B021_3,vibration,128,2,SDT,stall,5.983033e-02,2124,2124,128,1.0000,14,0,14,2.151450e-01,3.5959,10.364386
B021_3,vibration,128,5,PROPOSED,none,0.000000e+00,927,927,128,1.0000,0,0,0,0.000000e+00,0.0000,1.578238
B021_3,vibration,128,5,SDT,unbounded,1.485875e-01,928,928,128,1.0000,0,0,0,0.000000e+00,0.0000,1.519350
B021_3,vibration,128,5,SDT,fifo_drop,1.485875e-01,928,928,128,1.0000,0,0,0,0.000000e+00,0.0000,1.519350
B021_3,vibration,128,5,SDT,stall,1.485875e-01,928,928,128,1.0000,0,0,0,0.000000e+00,0.0000,1.519350
B021_3,vibration,128,10,PROPOSED,none,0.000000e+00,527,527,128,1.0000,0,0,0,0.000000e+00,0.0000,-1.085317
B021_3,vibration,128,10,SDT,unbounded,1.909422e-01,528,528,130,1.0156,0,0,0,0.000000e+00,0.0000,-0.006264
B021_3,vibration,128,10,SDT,fifo_drop,1.909422e-01,528,526,128,1.0000,2,2,0,0.000000e+00,0.0000,-0.006872
B021_3,vibration,128,10,SDT,stall,1.909422e-01,526,526,128,1.0000,4,0,4,3.541087e-01,1.8545,-0.014109
B021_3,vibration,128,20,PROPOSED,none,0.000000e+00,327,327,128,1.0000,0,0,0,0.000000e+00,0.0000,-3.634817
B021_3,vibration,128,20,SDT,unbounded,2.256112e-01,326,326,127,0.9922,0,0,0,0.000000e+00,0.0000,-0.674599
B021_3,vibration,128,20,SDT,fifo_drop,2.256112e-01,326,326,127,0.9922,0,0,0,0.000000e+00,0.0000,-0.674599
B021_3,vibration,128,20,SDT,stall,2.256112e-01,326,326,127,0.9922,0,0,0,0.000000e+00,0.0000,-0.674599
B021_3,vibration,256,2,PROPOSED,none,0.000000e+00,2255,2255,256,1.0000,0,0,0,0.000000e+00,0.0000,11.524687
B021_3,vibration,256,2,SDT,unbounded,5.398300e-02,2255,2255,256,1.0000,0,0,0,0.000000e+00,0.0000,11.709867
B021_3,vibration,256,2,SDT,fifo_drop,5.398300e-02,2255,2255,256,1.0000,0,0,0,0.000000e+00,0.0000,11.709867
B021_3,vibration,256,2,SDT,stall,5.398300e-02,2255,2255,256,1.0000,0,0,0,0.000000e+00,0.0000,11.709867
B021_3,vibration,256,5,PROPOSED,none,0.000000e+00,1055,1055,256,1.0000,0,0,0,0.000000e+00,0.0000,2.132746
B021_3,vibration,256,5,SDT,unbounded,1.369547e-01,1055,1055,255,0.9961,0,0,0,0.000000e+00,0.0000,2.155840
B021_3,vibration,256,5,SDT,fifo_drop,1.369547e-01,1055,1055,255,0.9961,0,0,0,0.000000e+00,0.0000,2.155840
B021_3,vibration,256,5,SDT,stall,1.369547e-01,1055,1055,255,0.9961,0,0,0,0.000000e+00,0.0000,2.155840
B021_3,vibration,256,10,PROPOSED,none,0.000000e+00,655,655,256,1.0000,0,0,0,0.000000e+00,0.0000,-0.850671
B021_3,vibration,256,10,SDT,unbounded,1.737247e-01,657,657,257,1.0039,0,0,0,0.000000e+00,0.0000,0.531537
B021_3,vibration,256,10,SDT,fifo_drop,1.737247e-01,657,656,256,1.0000,1,1,0,0.000000e+00,0.0000,0.526497
B021_3,vibration,256,10,SDT,stall,1.737247e-01,656,656,256,1.0000,8,0,8,2.536703e-01,1.4602,0.499519
B021_3,vibration,256,20,PROPOSED,none,0.000000e+00,455,455,256,1.0000,0,0,0,0.000000e+00,0.0000,-2.095367
B021_3,vibration,256,20,SDT,unbounded,2.057390e-01,456,456,256,1.0000,0,0,0,0.000000e+00,0.0000,-0.387724
B021_3,vibration,256,20,SDT,fifo_drop,2.057390e-01,456,456,256,1.0000,0,0,0,0.000000e+00,0.0000,-0.387724
B021_3,vibration,256,20,SDT,stall,2.057390e-01,456,456,256,1.0000,0,0,0,0.000000e+00,0.0000,-0.387724
B021_3,vibration,512,2,PROPOSED,none,0.000000e+00,2511,2511,512,1.0000,0,0,0,0.000000e+00,0.0000,12.808829
B021_3,vibration,512,2,SDT,unbounded,4.293667e-02,2511,2511,511,0.9980,0,0,0,0.000000e+00,0.0000,14.521916
B021_3,vibration,512,2,SDT,fifo_drop,4.293667e-02,2511,2511,511,0.9980,0,0,0,0.000000e+00,0.0000,14.521916
B021_3,vibration,512,2,SDT,stall,4.293667e-02,2511,2511,511,0.9980,0,0,0,0.000000e+00,0.0000,14.521916
B021_3,vibration,512,5,PROPOSED,none,0.000000e+00,1311,1311,512,1.0000,0,0,0,0.000000e+00,0.0000,3.586709
B021_3,vibration,512,5,SDT,unbounded,1.154586e-01,1312,1312,512,1.0000,0,0,0,0.000000e+00,0.0000,3.669834
B021_3,vibration,512,5,SDT,fifo_drop,1.154586e-01,1312,1312,512,1.0000,0,0,0,0.000000e+00,0.0000,3.669834
B021_3,vibration,512,5,SDT,stall,1.154586e-01,1312,1312,512,1.0000,0,0,0,0.000000e+00,0.0000,3.669834
B021_3,vibration,512,10,PROPOSED,none,0.000000e+00,911,911,512,1.0000,0,0,0,0.000000e+00,0.0000,1.070788
B021_3,vibration,512,10,SDT,unbounded,1.510187e-01,911,911,511,0.9980,0,0,0,0.000000e+00,0.0000,1.485362
B021_3,vibration,512,10,SDT,fifo_drop,1.510187e-01,911,911,511,0.9980,0,0,0,0.000000e+00,0.0000,1.485362
B021_3,vibration,512,10,SDT,stall,1.510187e-01,911,911,511,0.9980,0,0,0,0.000000e+00,0.0000,1.485362
B021_3,vibration,512,20,PROPOSED,none,0.000000e+00,711,711,512,1.0000,0,0,0,0.000000e+00,0.0000,-0.176705
B021_3,vibration,512,20,SDT,unbounded,1.694603e-01,710,710,510,0.9961,0,0,0,0.000000e+00,0.0000,0.679048
B021_3,vibration,512,20,SDT,fifo_drop,1.694603e-01,710,710,510,0.9961,0,0,0,0.000000e+00,0.0000,0.679048
B021_3,vibration,512,20,SDT,stall,1.694603e-01,710,710,510,0.9961,0,0,0,0.000000e+00,0.0000,0.679048
OR021@6_0,vibration,64,2,PROPOSED,none,0.000000e+00,2063,2063,64,1.0000,0,0,0,0.000000e+00,0.0000,19.473432
OR021@6_0,vibration,64,2,SDT,unbounded,9.908567e-02,2063,2063,120,1.8750,0,0,0,0.000000e+00,0.0000,20.087921
OR021@6_0,vibration,64,2,SDT,fifo_drop,9.908567e-02,2063,2007,64,1.0000,56,56,0,0.000000e+00,0.0000,14.965803
OR021@6_0,vibration,64,2,SDT,stall,9.908567e-02,2008,2008,64,1.0000,87,0,87,2.088509e+00,21.0778,15.461407
OR021@6_0,vibration,64,5,PROPOSED,none,0.000000e+00,863,863,64,1.0000,0,0,0,0.000000e+00,0.0000,8.700875
OR021@6_0,vibration,64,5,SDT,unbounded,3.162267e-01,862,862,99,1.5469,0,0,0,0.000000e+00,0.0000,9.782365
OR021@6_0,vibration,64,5,SDT,fifo_drop,3.162267e-01,862,827,64,1.0000,35,35,0,0.000000e+00,0.0000,7.830930
OR021@6_0,vibration,64,5,SDT,stall,3.162267e-01,829,829,64,1.0000,52,0,52,3.639360e+00,11.5087,8.134682
OR021@6_0,vibration,64,10,PROPOSED,none,0.000000e+00,463,463,64,1.0000,0,0,0,0.000000e+00,0.0000,1.332799
OR021@6_0,vibration,64,10,SDT,unbounded,6.064243e-01,464,464,89,1.3906,0,0,0,0.000000e+00,0.0000,5.290467
OR021@6_0,vibration,64,10,SDT,fifo_drop,6.064243e-01,464,439,64,1.0000,25,25,0,0.000000e+00,0.0000,3.270968
OR021@6_0,vibration,64,10,SDT,stall,6.064243e-01,440,440,64,1.0000,55,0,55,2.838012e+00,4.6799,4.575559
OR021@6_0,vibration,64,20,PROPOSED,none,0.000000e+00,263,263,64,1.0000,0,0,0,0.000000e+00,0.0000,-1.749708
OR021@6_0,vibration,64,20,SDT,unbounded,1.008858e+00,263,263,79,1.2344,0,0,0,0.000000e+00,0.0000,2.506943
OR021@6_0,vibration,64,20,SDT,fifo_drop,1.008858e+00,263,248,64,1.0000,15,15,0,0.000000e+00,0.0000,1.462498
OR021@6_0,vibration,64,20,SDT,stall,1.008858e+00,248,248,64,1.0000,31,0,31,6.955337e+00,6.8943,0.920586
OR021@6_0,vibration,128,2,PROPOSED,none,0.000000e+00,2127,2127,128,1.0000,0,0,0,0.000000e+00,0.0000,20.684442
OR021@6_0,vibration,128,2,SDT,unbounded,9.191100e-02,2128,2128,165,1.2891,0,0,0,0.000000e+00,0.0000,20.859288
OR021@6_0,vibration,128,2,SDT,fifo_drop,9.191100e-02,2128,2091,128,1.0000,37,37,0,0.000000e+00,0.0000,18.261684
OR021@6_0,vibration,128,2,SDT,stall,9.191100e-02,2091,2091,128,1.0000,55,0,55,2.259067e+00,24.5789,15.042214
OR021@6_0,vibration,128,5,PROPOSED,none,0.000000e+00,927,927,128,1.0000,0,0,0,0.000000e+00,0.0000,9.390641
OR021@6_0,vibration,128,5,SDT,unbounded,2.921043e-01,926,926,161,1.2578,0,0,0,0.000000e+00,0.0000,10.415220
OR021@6_0,vibration,128,5,SDT,fifo_drop,2.921043e-01,926,893,128,1.0000,33,33,0,0.000000e+00,0.0000,6.128958
OR021@6_0,vibration,128,5,SDT,stall,2.921043e-01,896,896,128,1.0000,66,0,66,1.286486e+00,4.4042,9.703569
OR021@6_0,vibration,128,10,PROPOSED,none,0.000000e+00,527,527,128,1.0000,0,0,0,0.000000e+00,0.0000,2.168745
OR021@6_0,vibration,128,10,SDT,unbounded,5.429397e-01,523,523,145,1.1328,0,0,0,0.000000e+00,0.0000,6.030551
OR021@6_0,vibration,128,10,SDT,fifo_drop,5.429397e-01,523,506,128,1.0000,17,17,0,0.000000e+00,0.0000,4.252947
OR021@6_0,vibration,128,10,SDT,stall,5.429397e-01,507,507,128,1.0000,44,0,44,3.467449e+00,6.3864,5.414211
OR021@6_0,vibration,128,20,PROPOSED,none,0.000000e+00,327,327,128,1.0000,0,0,0,0.000000e+00,0.0000,-1.200941
OR021@6_0,vibration,128,20,SDT,unbounded,8.437588e-01,327,327,139,1.0859,0,0,0,0.000000e+00,0.0000,3.416701
OR021@6_0,vibration,128,20,SDT,fifo_drop,8.437588e-01,327,316,128,1.0000,11,11,0,0.000000e+00,0.0000,3.370742
OR021@6_0,vibration,128,20,SDT,stall,8.437588e-01,316,316,128,1.0000,25,0,25,3.032512e+00,3.5941,2.880519
OR021@6_0,vibration,256,2,PROPOSED,none,0.000000e+00,2255,2255,256,1.0000,0,0,0,0.000000e+00,0.0000,21.444745
OR021@6_0,vibration,256,2,SDT,unbounded,8.054067e-02,2256,2256,289,1.1289,0,0,0,0.000000e+00,0.0000,22.103653
OR021@6_0,vibration,256,2,SDT,fifo_drop,8.054067e-02,2256,2223,256,1.0000,33,33,0,0.000000e+00,0.0000,17.928210
OR021@6_0,vibration,256,2,SDT,stall,8.054067e-02,2223,2223,256,1.0000,41,0,41,5.611119e+00,69.6681,9.523313
OR021@6_0,vibration,256,5,PROPOSED,none,0.000000e+00,1055,1055,256,1.0000,0,0,0,0.000000e+00,0.0000,10.035955
OR021@6_0,vibration,256,5,SDT,unbounded,2.535794e-01,1055,1055,284,1.1094,0,0,0,0.000000e+00,0.0000,11.466883
OR021@6_0,vibration,256,5,SDT,fifo_drop,2.535794e-01,1055,1027,256,1.0000,28,28,0,0.000000e+00,0.0000,8.489430
OR021@6_0,vibration,256,5,SDT,stall,2.535794e-01,1028,1028,256,1.0000,42,0,42,2.655003e+00,10.4701,10.467225
OR021@6_0,vibration,256,10,PROPOSED,none,0.000000e+00,655,655,256,1.0000,0,0,0,0.000000e+00,0.0000,4.859899
OR021@6_0,vibration,256,10,SDT,unbounded,4.311843e-01,656,656,276,1.0781,0,0,0,0.000000e+00,0.0000,7.927850
OR021@6_0,vibration,256,10,SDT,fifo_drop,4.311843e-01,656,636,256,1.0000,20,20,0,0.000000e+00,0.0000,7.381969
OR021@6_0,vibration,256,10,SDT,stall,4.311843e-01,637,637,256,1.0000,34,0,34,3.593742e+00,8.3346,6.258530
OR021@6_0,vibration,256,20,PROPOSED,none,0.000000e+00,455,455,256,1.0000,0,0,0,0.000000e+00,0.0000,1.195717
OR021@6_0,vibration,256,20,SDT,unbounded,6.112530e-01,457,457,266,1.0391,0,0,0,0.000000e+00,0.0000,5.165351
OR021@6_0,vibration,256,20,SDT,fifo_drop,6.112530e-01,457,447,256,1.0000,10,10,0,0.000000e+00,0.0000,4.591445
OR021@6_0,vibration,256,20,SDT,stall,6.112530e-01,447,447,256,1.0000,39,0,39,3.467449e+00,5.6727,4.380952
OR021@6_0,vibration,512,2,PROPOSED,none,0.000000e+00,2511,2511,512,1.0000,0,0,0,0.000000e+00,0.0000,22.939238
OR021@6_0,vibration,512,2,SDT,unbounded,6.198364e-02,2511,2511,527,1.0293,0,0,0,0.000000e+00,0.0000,24.993727
OR021@6_0,vibration,512,2,SDT,fifo_drop,6.198364e-02,2511,2496,512,1.0000,15,15,0,0.000000e+00,0.0000,21.969061
OR021@6_0,vibration,512,2,SDT,stall,6.198364e-02,2496,2496,512,1.0000,19,0,19,6.424315e-01,10.3645,23.805217
OR021@6_0,vibration,512,5,PROPOSED,none,0.000000e+00,1311,1311,512,1.0000,0,0,0,0.000000e+00,0.0000,12.261996
OR021@6_0,vibration,512,5,SDT,unbounded,1.926601e-01,1311,1311,535,1.0449,0,0,0,0.000000e+00,0.0000,13.610790
OR021@6_0,vibration,512,5,SDT,fifo_drop,1.926601e-01,1311,1288,512,1.0000,23,23,0,0.000000e+00,0.0000,12.468097
OR021@6_0,vibration,512,5,SDT,stall,1.926601e-01,1288,1288,512,1.0000,37,0,37,2.135616e+00,11.0849,12.737817
OR021@6_0,vibration,512,10,PROPOSED,none,0.000000e+00,911,911,512,1.0000,0,0,0,0.000000e+00,0.0000,8.587711
OR021@6_0,vibration,512,10,SDT,unbounded,2.963538e-01,912,912,526,1.0273,0,0,0,0.000000e+00,0.0000,10.289998
OR021@6_0,vibration,512,10,SDT,fifo_drop,2.963538e-01,912,898,512,1.0000,14,14,0,0.000000e+00,0.0000,8.634032
OR021@6_0,vibration,512,10,SDT,stall,2.963538e-01,899,899,512,1.0000,37,0,37,1.002089e+00,3.3814,10.096913
OR021@6_0,vibration,512,20,PROPOSED,none,0.000000e+00,711,711,512,1.0000,0,0,0,0.000000e+00,0.0000,5.557687
OR021@6_0,vibration,512,20,SDT,unbounded,3.993193e-01,711,711,519,1.0137,0,0,0,0.000000e+00,0.0000,7.959707
OR021@6_0,vibration,512,20,SDT,fifo_drop,3.993193e-01,711,704,512,1.0000,7,7,0,0.000000e+00,0.0000,7.824530
OR021@6_0,vibration,512,20,SDT,stall,3.993193e-01,705,705,512,1.0000,49,0,49,6.835820e-01,1.7119,7.905500
OR021@6_1,vibration,64,2,PROPOSED,none,0.000000e+00,2063,2063,64,1.0000,0,0,0,0.000000e+00,0.0000,17.958138
OR021@6_1,vibration,64,2,SDT,unbounded,9.055733e-02,2064,2064,135,2.1094,0,0,0,0.000000e+00,0.0000,19.864189
OR021@6_1,vibration,64,2,SDT,fifo_drop,9.055733e-02,2064,1993,64,1.0000,71,71,0,0.000000e+00,0.0000,12.109714
OR021@6_1,vibration,64,2,SDT,stall,9.055733e-02,1993,1993,64,1.0000,101,0,101,1.338466e+00,14.7803,15.234480
OR021@6_1,vibration,64,5,PROPOSED,none,0.000000e+00,863,863,64,1.0000,0,0,0,0.000000e+00,0.0000,7.883974
OR021@6_1,vibration,64,5,SDT,unbounded,3.045657e-01,865,865,113,1.7656,0,0,0,0.000000e+00,0.0000,9.366527
OR021@6_1,vibration,64,5,SDT,fifo_drop,3.045657e-01,865,816,64,1.0000,49,49,0,0.000000e+00,0.0000,6.024971
OR021@6_1,vibration,64,5,SDT,stall,3.045657e-01,816,816,64,1.0000,98,0,98,1.816228e+00,5.9633,8.144821
OR021@6_1,vibration,64,10,PROPOSED,none,0.000000e+00,463,463,64,1.0000,0,0,0,0.000000e+00,0.0000,2.187442
OR021@6_1,vibration,64,10,SDT,unbounded,5.441335e-01,464,464,85,1.3281,0,0,0,0.000000e+00,0.0000,5.555454
OR021@6_1,vibration,64,10,SDT,fifo_drop,5.441335e-01,464,443,64,1.0000,21,21,0,0.000000e+00,0.0000,3.563115
OR021@6_1,vibration,64,10,SDT,stall,5.441335e-01,443,443,64,1.0000,37,0,37,2.372095e+00,4.3594,4.892691
OR021@6_1,vibration,64,20,PROPOSED,none,0.000000e+00,263,263,64,1.0000,0,0,0,0.000000e+00,0.0000,-4.346478
OR021@6_1,vibration,64,20,SDT,unbounded,1.037067e+00,263,263,77,1.2031,0,0,0,0.000000e+00,0.0000,-0.214959
OR021@6_1,vibration,64,20,SDT,fifo_drop,1.037067e+00,263,250,64,1.0000,13,13,0,0.000000e+00,0.0000,-1.669697
OR021@6_1,vibration,64,20,SDT,stall,1.037067e+00,250,250,64,1.0000,30,0,30,3.369718e+00,3.2493,-0.426687
OR021@6_1,vibration,128,2,PROPOSED,none,0.000000e+00,2127,2127,128,1.0000,0,0,0,0.000000e+00,0.0000,19.427657
OR021@6_1,vibration,128,2,SDT,unbounded,8.622600e-02,2128,2128,186,1.4531,0,0,0,0.000000e+00,0.0000,20.383867
OR021@6_1,vibration,128,2,SDT,fifo_drop,8.622600e-02,2128,2070,128,1.0000,58,58,0,0.000000e+00,0.0000,12.403647
OR021@6_1,vibration,128,2,SDT,stall,8.622600e-02,2072,2072,128,1.0000,77,0,77,1.205066e+00,13.9757,16.177583
OR021@6_1,vibration,128,5,PROPOSED,none,0.000000e+00,927,927,128,1.0000,0,0,0,0.000000e+00,0.0000,8.297290
OR021@6_1,vibration,128,5,SDT,unbounded,2.827384e-01,928,928,169,1.3203,0,0,0,0.000000e+00,0.0000,9.710178
OR021@6_1,vibration,128,5,SDT,fifo_drop,2.827384e-01,928,887,128,1.0000,41,41,0,0.000000e+00,0.0000,5.981789
OR021@6_1,vibration,128,5,SDT,stall,2.827384e-01,887,887,128,1.0000,81,0,81,1.816228e+00,6.4237,8.543864
OR021@6_1,vibration,128,10,PROPOSED,none,0.000000e+00,527,527,128,1.0000,0,0,0,0.000000e+00,0.0000,3.547012
OR021@6_1,vibration,128,10,SDT,unbounded,4.921781e-01,528,528,150,1.1719,0,0,0,0.000000e+00,0.0000,6.157630
OR021@6_1,vibration,128,10,SDT,fifo_drop,4.921781e-01,528,506,128,1.0000,22,22,0,0.000000e+00,0.0000,5.089245
OR021@6_1,vibration,128,10,SDT,stall,4.921781e-01,507,507,128,1.0000,43,0,43,3.112258e+00,6.3234,5.375584
OR021@6_1,vibration,128,20,PROPOSED,none,0.000000e+00,327,327,128,1.0000,0,0,0,0.000000e+00,0.0000,-1.272098
OR021@6_1,vibration,128,20,SDT,unbounded,7.889379e-01,327,327,142,1.1094,0,0,0,0.000000e+00,0.0000,3.169671
OR021@6_1,vibration,128,20,SDT,fifo_drop,7.889379e-01,327,313,128,1.0000,14,14,0,0.000000e+00,0.0000,1.101814
OR021@6_1,vibration,128,20,SDT,stall,7.889379e-01,314,314,128,1.0000,26,0,26,3.234998e+00,4.1004,2.705591
OR021@6_1,vibration,256,2,PROPOSED,none,0.000000e+00,2255,2255,256,1.0000,0,0,0,0.000000e+00,0.0000,20.575771
OR021@6_1,vibration,256,2,SDT,unbounded,7.626340e-02,2255,2255,295,1.1523,0,0,0,0.000000e+00,0.0000,21.541120
OR021@6_1,vibration,256,2,SDT,fifo_drop,7.626340e-02,2255,2216,256,1.0000,39,39,0,0.000000e+00,0.0000,17.134833
OR021@6_1,vibration,256,2,SDT,stall,7.626340e-02,2218,2218,256,1.0000,47,0,47,1.163035e+00,15.2502,18.249486
OR021@6_1,vibration,256,5,PROPOSED,none,0.000000e+00,1055,1055,256,1.0000,0,0,0,0.000000e+00,0.0000,8.955312
OR021@6_1,vibration,256,5,SDT,unbounded,2.433820e-01,1055,1055,288,1.1250,0,0,0,0.000000e+00,0.0000,10.774488
OR021@6_1,vibration,256,5,SDT,fifo_drop,2.433820e-01,1055,1023,256,1.0000,32,32,0,0.000000e+00,0.0000,6.361968
OR021@6_1,vibration,256,5,SDT,stall,2.433820e-01,1023,1023,256,1.0000,57,0,57,1.202020e+00,4.9388,10.040069
OR021@6_1,vibration,256,10,PROPOSED,none,0.000000e+00,655,655,256,1.0000,0,0,0,0.000000e+00,0.0000,4.642088
OR021@6_1,vibration,256,10,SDT,unbounded,3.872050e-01,655,655,275,1.0742,0,0,0,0.000000e+00,0.0000,7.268768
OR021@6_1,vibration,256,10,SDT,fifo_drop,3.872050e-01,655,636,256,1.0000,19,19,0,0.000000e+00,0.0000,4.343618
OR021@6_1,vibration,256,10,SDT,stall,3.872050e-01,638,638,256,1.0000,35,0,35,3.281461e+00,8.4747,6.318234
OR021@6_1,vibration,256,20,PROPOSED,none,0.000000e+00,455,455,256,1.0000,0,0,0,0.000000e+00,0.0000,0.523588
OR021@6_1,vibration,256,20,SDT,unbounded,5.516027e-01,454,454,262,1.0234,0,0,0,0.000000e+00,0.0000,5.653201
OR021@6_1,vibration,256,20,SDT,fifo_drop,5.516027e-01,454,448,256,1.0000,6,6,0,0.000000e+00,0.0000,5.300727
OR021@6_1,vibration,256,20,SDT,stall,5.516027e-01,449,449,256,1.0000,15,0,15,1.312340e+00,2.3791,5.574997
OR021@6_1,vibration,512,2,PROPOSED,none,0.000000e+00,2511,2511,512,1.0000,0,0,0,0.000000e+00,0.0000,22.082023
OR021@6_1,vibration,512,2,SDT,unbounded,5.928933e-02,2512,2512,523,1.0215,0,0,0,0.000000e+00,0.0000,24.258219
OR021@6_1,vibration,512,2,SDT,fifo_drop,5.928933e-02,2512,2501,512,1.0000,11,11,0,0.000000e+00,0.0000,22.909964
OR021@6_1,vibration,512,2,SDT,stall,5.928933e-02,2501,2501,512,1.0000,13,0,13,4.310620e-01,7.2705,23.352153
OR021@6_1,vibration,512,5,PROPOSED,none,0.000000e+00,1311,1311,512,1.0000,0,0,0,0.000000e+00,0.0000,10.969503
OR021@6_1,vibration,512,5,SDT,unbounded,1.840930e-01,1311,1311,534,1.0430,0,0,0,0.000000e+00,0.0000,13.081213
OR021@6_1,vibration,512,5,SDT,fifo_drop,1.840930e-01,1311,1289,512,1.0000,22,22,0,0.000000e+00,0.0000,12.378216
OR021@6_1,vibration,512,5,SDT,stall,1.840930e-01,1289,1289,512,1.0000,37,0,37,2.174804e+00,11.8136,11.777025
OR021@6_1,vibration,512,10,PROPOSED,none,0.000000e+00,911,911,512,1.0000,0,0,0,0.000000e+00,0.0000,7.666013
OR021@6_1,vibration,512,10,SDT,unbounded,2.879974e-01,910,910,520,1.0156,0,0,0,0.000000e+00,0.0000,9.588450
OR021@6_1,vibration,512,10,SDT,fifo_drop,2.879974e-01,910,902,512,1.0000,8,8,0,0.000000e+00,0.0000,9.339345
OR021@6_1,vibration,512,10,SDT,stall,2.879974e-01,903,903,512,1.0000,20,0,20,6.383697e-01,2.2166,9.560751
OR021@6_1,vibration,512,20,PROPOSED,none,0.000000e+00,711,711,512,1.0000,0,0,0,0.000000e+00,0.0000,5.069932
OR021@6_1,vibration,512,20,SDT,unbounded,3.604707e-01,711,711,514,1.0039,0,0,0,0.000000e+00,0.0000,7.606737
OR021@6_1,vibration,512,20,SDT,fifo_drop,3.604707e-01,711,709,512,1.0000,2,2,0,0.000000e+00,0.0000,7.582330
OR021@6_1,vibration,512,20,SDT,stall,3.604707e-01,709,709,512,1.0000,16,0,16,4.386644e-01,1.2169,7.599384
OR021@6_2,vibration,64,2,PROPOSED,none,0.000000e+00,2063,2063,64,1.0000,0,0,0,0.000000e+00,0.0000,19.671072
OR021@6_2,vibration,64,2,SDT,unbounded,9.258833e-02,2063,2063,96,1.5000,0,0,0,0.000000e+00,0.0000,20.385237
OR021@6_2,vibration,64,2,SDT,fifo_drop,9.258833e-02,2063,2031,64,1.0000,32,32,0,0.000000e+00,0.0000,18.131492
OR021@6_2,vibration,64,2,SDT,stall,9.258833e-02,2031,2031,64,1.0000,50,0,50,8.040540e-01,8.6842,18.294434
OR021@6_2,vibration,64,5,PROPOSED,none,0.000000e+00,863,863,64,1.0000,0,0,0,0.000000e+00,0.0000,8.017217
OR021@6_2,vibration,64,5,SDT,unbounded,3.146708e-01,863,863,94,1.4688,0,0,0,0.000000e+00,0.0000,9.657638
OR021@6_2,vibration,64,5,SDT,fifo_drop,3.146708e-01,863,833,64,1.0000,30,30,0,0.000000e+00,0.0000,6.145773
OR021@6_2,vibration,64,5,SDT,stall,3.146708e-01,833,833,64,1.0000,58,0,58,1.599499e+00,5.0831,9.336527
OR021@6_2,vibration,64,10,PROPOSED,none,0.000000e+00,463,463,64,1.0000,0,0,0,0.000000e+00,0.0000,2.136461
OR021@6_2,vibration,64,10,SDT,unbounded,5.903163e-01,464,464,80,1.2500,0,0,0,0.000000e+00,0.0000,6.069002
OR021@6_2,vibration,64,10,SDT,fifo_drop,5.903163e-01,464,448,64,1.0000,16,16,0,0.000000e+00,0.0000,4.746352
OR021@6_2,vibration,64,10,SDT,stall,5.903163e-01,448,448,64,1.0000,47,0,47,2.428135e+00,4.1133,5.781253
OR021@6_2,vibration,64,20,PROPOSED,none,0.000000e+00,263,263,64,1.0000,0,0,0,0.000000e+00,0.0000,-2.709658
OR021@6_2,vibration,64,20,SDT,unbounded,1.072749e+00,264,264,72,1.1250,0,0,0,0.000000e+00,0.0000,0.923896
OR021@6_2,vibration,64,20,SDT,fifo_drop,1.072749e+00,264,256,64,1.0000,8,8,0,0.000000e+00,0.0000,-0.355557
OR021@6_2,vibration,64,20,SDT,stall,1.072749e+00,256,256,64,1.0000,9,0,9,3.484640e+00,3.2483,0.786592
OR021@6_2,vibration,128,2,PROPOSED,none,0.000000e+00,2127,2127,128,1.0000,0,0,0,0.000000e+00,0.0000,21.079988
OR021@6_2,vibration,128,2,SDT,unbounded,8.857244e-02,2127,2127,142,1.1094,0,0,0,0.000000e+00,0.0000,20.958998
OR021@6_2,vibration,128,2,SDT,fifo_drop,8.857244e-02,2127,2113,128,1.0000,14,14,0,0.000000e+00,0.0000,18.189792
OR021@6_2,vibration,128,2,SDT,stall,8.857244e-02,2113,2113,128,1.0000,20,0,20,1.529124e+00,17.2641,18.627066
OR021@6_2,vibration,128,5,PROPOSED,none,0.000000e+00,927,927,128,1.0000,0,0,0,0.000000e+00,0.0000,8.602747
OR021@6_2,vibration,128,5,SDT,unbounded,2.866727e-01,929,929,150,1.1719,0,0,0,0.000000e+00,0.0000,10.177353
OR021@6_2,vibration,128,5,SDT,fifo_drop,2.866727e-01,929,907,128,1.0000,22,22,0,0.000000e+00,0.0000,9.626346
OR021@6_2,vibration,128,5,SDT,stall,2.866727e-01,907,907,128,1.0000,33,0,33,1.599499e+00,5.5795,9.707573
OR021@6_2,vibration,128,10,PROPOSED,none,0.000000e+00,527,527,128,1.0000,0,0,0,0.000000e+00,0.0000,3.290093
OR021@6_2,vibration,128,10,SDT,unbounded,5.072037e-01,527,527,135,1.0547,0,0,0,0.000000e+00,0.0000,6.477104
OR021@6_2,vibration,128,10,SDT,fifo_drop,5.072037e-01,527,520,128,1.0000,7,7,0,0.000000e+00,0.0000,6.183734
OR021@6_2,vibration,128,10,SDT,stall,5.072037e-01,520,520,128,1.0000,15,0,15,1.979408e+00,3.9026,6.332460
OR021@6_2,vibration,128,20,PROPOSED,none,0.000000e+00,327,327,128,1.0000,0,0,0,0.000000e+00,0.0000,-2.124263
OR021@6_2,vibration,128,20,SDT,unbounded,8.485341e-01,329,329,131,1.0234,0,0,0,0.000000e+00,0.0000,3.758551
OR021@6_2,vibration,128,20,SDT,fifo_drop,8.485341e-01,329,326,128,1.0000,3,3,0,0.000000e+00,0.0000,3.638978
OR021@6_2,vibration,128,20,SDT,stall,8.485341e-01,326,326,128,1.0000,9,0,9,1.666450e+00,1.9639,3.694006
OR021@6_2,vibration,256,2,PROPOSED,none,0.000000e+00,2255,2255,256,1.0000,0,0,0,0.000000e+00,0.0000,21.985011
OR021@6_2,vibration,256,2,SDT,unbounded,7.918700e-02,2255,2255,263,1.0273,0,0,0,0.000000e+00,0.0000,22.374281
OR021@6_2,vibration,256,2,SDT,fifo_drop,7.918700e-02,2255,2248,256,1.0000,7,7,0,0.000000e+00,0.0000,22.207541
OR021@6_2,vibration,256,2,SDT,stall,7.918700e-02,2248,2248,256,1.0000,7,0,7,1.529124e+00,19.3103,19.509761
OR021@6_2,vibration,256,5,PROPOSED,none,0.000000e+00,1055,1055,256,1.0000,0,0,0,0.000000e+00,0.0000,9.736297
OR021@6_2,vibration,256,5,SDT,unbounded,2.485839e-01,1055,1055,267,1.0430,0,0,0,0.000000e+00,0.0000,11.969606
OR021@6_2,vibration,256,5,SDT,fifo_drop,2.485839e-01,1055,1044,256,1.0000,11,11,0,0.000000e+00,0.0000,10.886224
OR021@6_2,vibration,256,5,SDT,stall,2.485839e-01,1044,1044,256,1.0000,13,0,13,1.561103e+00,6.2800,11.557051
OR021@6_2,vibration,256,10,PROPOSED,none,0.000000e+00,655,655,256,1.0000,0,0,0,0.000000e+00,0.0000,3.751666
OR021@6_2,vibration,256,10,SDT,unbounded,4.044435e-01,656,656,262,1.0234,0,0,0,0.000000e+00,0.0000,7.682840
OR021@6_2,vibration,256,10,SDT,fifo_drop,4.044435e-01,656,650,256,1.0000,6,6,0,0.000000e+00,0.0000,6.840910
OR021@6_2,vibration,256,10,SDT,stall,4.044435e-01,650,650,256,1.0000,10,0,10,1.701914e+00,4.2080,7.589977
OR021@6_2,vibration,256,20,PROPOSED,none,0.000000e+00,455,455,256,1.0000,0,0,0,0.000000e+00,0.0000,2.180245
OR021@6_2,vibration,256,20,SDT,unbounded,6.106210e-01,456,456,258,1.0078,0,0,0,0.000000e+00,0.0000,5.294925
OR021@6_2,vibration,256,20,SDT,fifo_drop,6.106210e-01,456,454,256,1.0000,2,2,0,0.000000e+00,0.0000,4.913716
OR021@6_2,vibration,256,20,SDT,stall,6.106210e-01,454,454,256,1.0000,7,0,7,1.238974e+00,2.0290,5.275454
OR021@6_2,vibration,512,2,PROPOSED,none,0.000000e+00,2511,2511,512,1.0000,0,0,0,0.000000e+00,0.0000,23.430204
OR021@6_2,vibration,512,2,SDT,unbounded,6.023633e-02,2512,2512,516,1.0078,0,0,0,0.000000e+00,0.0000,25.190260
OR021@6_2,vibration,512,2,SDT,fifo_drop,6.023633e-02,2512,2508,512,1.0000,4,4,0,0.000000e+00,0.0000,24.638370
OR021@6_2,vibration,512,2,SDT,stall,6.023633e-02,2508,2508,512,1.0000,4,0,4,1.089331e+00,18.0843,23.367806
OR021@6_2,vibration,512,5,PROPOSED,none,0.000000e+00,1311,1311,512,1.0000,0,0,0,0.000000e+00,0.0000,12.328196
OR021@6_2,vibration,512,5,SDT,unbounded,1.899137e-01,1312,1312,522,1.0195,0,0,0,0.000000e+00,0.0000,13.944632
OR021@6_2,vibration,512,5,SDT,fifo_drop,1.899137e-01,1312,1302,512,1.0000,10,10,0,0.000000e+00,0.0000,13.704577
OR021@6_2,vibration,512,5,SDT,stall,1.899137e-01,1302,1302,512,1.0000,11,0,11,1.531087e+00,8.0620,13.385694
OR021@6_2,vibration,512,10,PROPOSED,none,0.000000e+00,911,911,512,1.0000,0,0,0,0.000000e+00,0.0000,8.554266
OR021@6_2,vibration,512,10,SDT,unbounded,2.925183e-01,911,911,517,1.0098,0,0,0,0.000000e+00,0.0000,10.365487
OR021@6_2,vibration,512,10,SDT,fifo_drop,2.925183e-01,911,906,512,1.0000,5,5,0,0.000000e+00,0.0000,10.219708
OR021@6_2,vibration,512,10,SDT,stall,2.925183e-01,906,906,512,1.0000,7,0,7,8.542924e-01,2.9205,10.264117
OR021@6_2,vibration,512,20,PROPOSED,none,0.000000e+00,711,711,512,1.0000,0,0,0,0.000000e+00,0.0000,5.965442
OR021@6_2,vibration,512,20,SDT,unbounded,3.798272e-01,711,711,513,1.0020,0,0,0,0.000000e+00,0.0000,8.385787
OR021@6_2,vibration,512,20,SDT,fifo_drop,3.798272e-01,711,710,512,1.0000,1,1,0,0.000000e+00,0.0000,8.353707
OR021@6_2,vibration,512,20,SDT,stall,3.798272e-01,710,710,512,1.0000,1,0,1,6.184715e-01,1.6283,8.376836
OR021@6_3,vibration,64,2,PROPOSED,none,0.000000e+00,2063,2063,64,1.0000,0,0,0,0.000000e+00,0.0000,19.536863
OR021@6_3,vibration,64,2,SDT,unbounded,9.218200e-02,2065,2065,128,2.0000,0,0,0,0.000000e+00,0.0000,20.672534
OR021@6_3,vibration,64,2,SDT,fifo_drop,9.218200e-02,2065,1998,64,1.0000,67,67,0,0.000000e+00,0.0000,14.401891
OR021@6_3,vibration,64,2,SDT,stall,9.218200e-02,1999,1999,64,1.0000,94,0,94,1.762014e+00,19.1145,14.131588
OR021@6_3,vibration,64,5,PROPOSED,none,0.000000e+00,863,863,64,1.0000,0,0,0,0.000000e+00,0.0000,8.018944
OR021@6_3,vibration,64,5,SDT,unbounded,3.064778e-01,863,863,115,1.7969,0,0,0,0.000000e+00,0.0000,10.514756
OR021@6_3,vibration,64,5,SDT,fifo_drop,3.064778e-01,863,812,64,1.0000,51,51,0,0.000000e+00,0.0000,7.415349
OR021@6_3,vibration,64,5,SDT,stall,3.064778e-01,813,813,64,1.0000,106,0,106,3.346299e+00,10.9186,8.690805
OR021@6_3,vibration,64,10,PROPOSED,none,0.000000e+00,463,463,64,1.0000,0,0,0,0.000000e+00,0.0000,1.870695
OR021@6_3,vibration,64,10,SDT,unbounded,5.926855e-01,463,463,100,1.5625,0,0,0,0.000000e+00,0.0000,6.635734
OR021@6_3,vibration,64,10,SDT,fifo_drop,5.926855e-01,463,427,64,1.0000,36,36,0,0.000000e+00,0.0000,3.258509
OR021@6_3,vibration,64,10,SDT,stall,5.926855e-01,426,426,64,1.0000,79,0,79,3.546501e+00,5.9838,5.263463
OR021@6_3,vibration,64,20,PROPOSED,none,0.000000e+00,263,263,64,1.0000,0,0,0,0.000000e+00,0.0000,-3.425517
OR021@6_3,vibration,64,20,SDT,unbounded,1.012323e+00,263,263,90,1.4062,0,0,0,0.000000e+00,0.0000,3.084282
OR021@6_3,vibration,64,20,SDT,fifo_drop,1.012323e+00,263,237,64,1.0000,26,26,0,0.000000e+00,0.0000,0.773877
OR021@6_3,vibration,64,20,SDT,stall,1.012323e+00,239,239,64,1.0000,102,0,102,4.302366e+00,4.2500,1.922927
OR021@6_3,vibration,128,2,PROPOSED,none,0.000000e+00,2127,2127,128,1.0000,0,0,0,0.000000e+00,0.0000,20.618216
OR021@6_3,vibration,128,2,SDT,unbounded,8.649667e-02,2127,2127,184,1.4375,0,0,0,0.000000e+00,0.0000,21.368854
OR021@6_3,vibration,128,2,SDT,fifo_drop,8.649667e-02,2127,2071,128,1.0000,56,56,0,0.000000e+00,0.0000,15.526766
OR021@6_3,vibration,128,2,SDT,stall,8.649667e-02,2071,2071,128,1.0000,77,0,77,1.762014e+00,20.3709,15.774945
OR021@6_3,vibration,128,5,PROPOSED,none,0.000000e+00,927,927,128,1.0000,0,0,0,0.000000e+00,0.0000,8.762103
OR021@6_3,vibration,128,5,SDT,unbounded,2.827088e-01,930,930,175,1.3672,0,0,0,0.000000e+00,0.0000,11.191273
OR021@6_3,vibration,128,5,SDT,fifo_drop,2.827088e-01,930,883,128,1.0000,47,47,0,0.000000e+00,0.0000,5.695918
OR021@6_3,vibration,128,5,SDT,stall,2.827088e-01,884,884,128,1.0000,95,0,95,5.180869e+00,18.3258,8.281825
OR021@6_3,vibration,128,10,PROPOSED,none,0.000000e+00,527,527,128,1.0000,0,0,0,0.000000e+00,0.0000,3.405707
OR021@6_3,vibration,128,10,SDT,unbounded,5.220547e-01,527,527,161,1.2578,0,0,0,0.000000e+00,0.0000,7.449104
OR021@6_3,vibration,128,10,SDT,fifo_drop,5.220547e-01,527,494,128,1.0000,33,33,0,0.000000e+00,0.0000,3.970655
OR021@6_3,vibration,128,10,SDT,stall,5.220547e-01,495,495,128,1.0000,60,0,60,4.072925e+00,7.8017,5.727347
OR021@6_3,vibration,128,20,PROPOSED,none,0.000000e+00,327,327,128,1.0000,0,0,0,0.000000e+00,0.0000,-2.402296
OR021@6_3,vibration,128,20,SDT,unbounded,8.648846e-01,328,328,153,1.1953,0,0,0,0.000000e+00,0.0000,4.747777
OR021@6_3,vibration,128,20,SDT,fifo_drop,8.648846e-01,328,303,128,1.0000,25,25,0,0.000000e+00,0.0000,1.028822
OR021@6_3,vibration,128,20,SDT,stall,8.648846e-01,304,304,128,1.0000,65,0,65,4.280064e+00,4.9487,3.584955
OR021@6_3,vibration,256,2,PROPOSED,none,0.000000e+00,2255,2255,256,1.0000,0,0,0,0.000000e+00,0.0000,22.168682
OR021@6_3,vibration,256,2,SDT,unbounded,7.729200e-02,2255,2255,302,1.1797,0,0,0,0.000000e+00,0.0000,22.544236
OR021@6_3,vibration,256,2,SDT,fifo_drop,7.729200e-02,2255,2209,256,1.0000,46,46,0,0.000000e+00,0.0000,10.140373
OR021@6_3,vibration,256,2,SDT,stall,7.729200e-02,2209,2209,256,1.0000,60,0,60,2.888909e+00,37.3766,13.401438
OR021@6_3,vibration,256,5,PROPOSED,none,0.000000e+00,1055,1055,256,1.0000,0,0,0,0.000000e+00,0.0000,9.714719
OR021@6_3,vibration,256,5,SDT,unbounded,2.458452e-01,1057,1057,297,1.1602,0,0,0,0.000000e+00,0.0000,12.241278
OR021@6_3,vibration,256,5,SDT,fifo_drop,2.458452e-01,1057,1016,256,1.0000,41,41,0,0.000000e+00,0.0000,8.631010
OR021@6_3,vibration,256,5,SDT,stall,2.458452e-01,1016,1016,256,1.0000,62,0,62,3.814247e+00,15.5148,9.486578
OR021@6_3,vibration,256,10,PROPOSED,none,0.000000e+00,655,655,256,1.0000,0,0,0,0.000000e+00,0.0000,4.644327
OR021@6_3,vibration,256,10,SDT,unbounded,4.192378e-01,654,654,280,1.0938,0,0,0,0.000000e+00,0.0000,8.314496
OR021@6_3,vibration,256,10,SDT,fifo_drop,4.192378e-01,654,630,256,1.0000,24,24,0,0.000000e+00,0.0000,6.846259
OR021@6_3,vibration,256,10,SDT,stall,4.192378e-01,632,632,256,1.0000,61,0,61,2.625358e+00,6.2622,7.387120
OR021@6_3,vibration,256,20,PROPOSED,none,0.000000e+00,455,455,256,1.0000,0,0,0,0.000000e+00,0.0000,1.918597
OR021@6_3,vibration,256,20,SDT,unbounded,6.001766e-01,457,457,272,1.0625,0,0,0,0.000000e+00,0.0000,6.782243
OR021@6_3,vibration,256,20,SDT,fifo_drop,6.001766e-01,457,441,256,1.0000,16,16,0,0.000000e+00,0.0000,5.630380
OR021@6_3,vibration,256,20,SDT,stall,6.001766e-01,440,440,256,1.0000,40,0,40,3.814247e+00,6.3552,5.937807
OR021@6_3,vibration,512,2,PROPOSED,none,0.000000e+00,2511,2511,512,1.0000,0,0,0,0.000000e+00,0.0000,23.694922
OR021@6_3,vibration,512,2,SDT,unbounded,5.983033e-02,2511,2511,525,1.0254,0,0,0,0.000000e+00,0.0000,25.343710
OR021@6_3,vibration,512,2,SDT,fifo_drop,5.983033e-02,2511,2498,512,1.0000,13,13,0,0.000000e+00,0.0000,24.322519
OR021@6_3,vibration,512,2,SDT,stall,5.983033e-02,2499,2499,512,1.0000,19,0,19,2.869015e-01,4.7953,24.810809
OR021@6_3,vibration,512,5,PROPOSED,none,0.000000e+00,1311,1311,512,1.0000,0,0,0,0.000000e+00,0.0000,12.084093
OR021@6_3,vibration,512,5,SDT,unbounded,1.869852e-01,1312,1312,538,1.0508,0,0,0,0.000000e+00,0.0000,14.388838
OR021@6_3,vibration,512,5,SDT,fifo_drop,1.869852e-01,1312,1286,512,1.0000,26,26,0,0.000000e+00,0.0000,9.812667
OR021@6_3,vibration,512,5,SDT,stall,1.869852e-01,1287,1287,512,1.0000,41,0,41,7.344777e-01,3.9280,13.910981
OR021@6_3,vibration,512,10,PROPOSED,none,0.000000e+00,911,911,512,1.0000,0,0,0,0.000000e+00,0.0000,8.110295
OR021@6_3,vibration,512,10,SDT,unbounded,2.897838e-01,912,912,529,1.0332,0,0,0,0.000000e+00,0.0000,11.125291
OR021@6_3,vibration,512,10,SDT,fifo_drop,2.897838e-01,912,895,512,1.0000,17,17,0,0.000000e+00,0.0000,9.780569
OR021@6_3,vibration,512,10,SDT,stall,2.897838e-01,895,895,512,1.0000,65,0,65,7.344777e-01,2.5346,10.787643
OR021@6_3,vibration,512,20,PROPOSED,none,0.000000e+00,711,711,512,1.0000,0,0,0,0.000000e+00,0.0000,6.390542
OR021@6_3,vibration,512,20,SDT,unbounded,3.842476e-01,711,711,519,1.0137,0,0,0,0.000000e+00,0.0000,9.157678
OR021@6_3,vibration,512,20,SDT,fifo_drop,3.842476e-01,711,704,512,1.0000,7,7,0,0.000000e+00,0.0000,6.869670
OR021@6_3,vibration,512,20,SDT,stall,3.842476e-01,705,705,512,1.0000,44,0,44,6.413085e-01,1.6690,9.081365
Normal_0,vibration,64,2,PROPOSED,none,0.000000e+00,2063,2063,64,1.0000,0,0,0,0.000000e+00,0.0000,7.748602
Normal_0,vibration,64,2,SDT,unbounded,5.539780e-02,2064,2064,74,1.1562,0,0,0,0.000000e+00,0.0000,7.284971
Normal_0,vibration,64,2,SDT,fifo_drop,5.539780e-02,2064,2054,64,1.0000,10,10,0,0.000000e+00,0.0000,6.869115
Normal_0,vibration,64,2,SDT,stall,5.539780e-02,2057,2057,64,1.0000,13,0,13,1.614685e-01,2.9147,7.122585
Normal_0,vibration,64,5,PROPOSED,none,0.000000e+00,863,863,64,1.0000,0,0,0,0.000000e+00,0.0000,0.607425
Normal_0,vibration,64,5,SDT,unbounded,1.002822e-01,865,865,74,1.1562,0,0,0,0.000000e+00,0.0000,1.450401
Normal_0,vibration,64,5,SDT,fifo_drop,1.002822e-01,865,855,64,1.0000,10,10,0,0.000000e+00,0.0000,1.320427
Normal_0,vibration,64,5,SDT,stall,1.002822e-01,856,856,64,1.0000,26,0,26,2.053202e-01,2.0474,1.306041
Normal_0,vibration,64,10,PROPOSED,none,0.000000e+00,463,463,64,1.0000,0,0,0,0.000000e+00,0.0000,-1.691248
Normal_0,vibration,64,10,SDT,unbounded,1.232201e-01,464,464,67,1.0469,0,0,0,0.000000e+00,0.0000,-0.284253
Normal_0,vibration,64,10,SDT,fifo_drop,1.232201e-01,464,461,64,1.0000,3,3,0,0.000000e+00,0.0000,-0.341790
Normal_0,vibration,64,10,SDT,stall,1.232201e-01,462,462,64,1.0000,16,0,16,2.038562e-01,1.6544,-0.314156
Normal_0,vibration,64,20,PROPOSED,none,0.000000e+00,263,263,64,1.0000,0,0,0,0.000000e+00,0.0000,-3.171531
Normal_0,vibration,64,20,SDT,unbounded,1.400473e-01,266,266,67,1.0469,0,0,0,0.000000e+00,0.0000,-0.845061
Normal_0,vibration,64,20,SDT,fifo_drop,1.400473e-01,266,263,64,1.0000,3,3,0,0.000000e+00,0.0000,-0.861641
Normal_0,vibration,64,20,SDT,stall,1.400473e-01,264,264,64,1.0000,29,0,29,2.268886e-01,1.6201,-0.879606
Normal_0,vibration,128,2,PROPOSED,none,0.000000e+00,2127,2127,128,1.0000,0,0,0,0.000000e+00,0.0000,7.856542
Normal_0,vibration,128,2,SDT,unbounded,5.362040e-02,2129,2129,134,1.0469,0,0,0,0.000000e+00,0.0000,7.772117
Normal_0,vibration,128,2,SDT,fifo_drop,5.362040e-02,2129,2123,128,1.0000,6,6,0,0.000000e+00,0.0000,7.475137
Normal_0,vibration,128,2,SDT,stall,5.362040e-02,2123,2123,128,1.0000,6,0,6,1.422095e-01,2.6522,7.663214
Normal_0,vibration,128,5,PROPOSED,none,0.000000e+00,927,927,128,1.0000,0,0,0,0.000000e+00,0.0000,0.800777
Normal_0,vibration,128,5,SDT,unbounded,9.767125e-02,930,930,135,1.0547,0,0,0,0.000000e+00,0.0000,1.616667
Normal_0,vibration,128,5,SDT,fifo_drop,9.767125e-02,930,923,128,1.0000,7,7,0,0.000000e+00,0.0000,1.563888
Normal_0,vibration,128,5,SDT,stall,9.767125e-02,923,923,128,1.0000,11,0,11,2.226850e-01,2.2799,1.553375
Normal_0,vibration,128,10,PROPOSED,none,0.000000e+00,527,527,128,1.0000,0,0,0,0.000000e+00,0.0000,-1.643893
Normal_0,vibration,128,10,SDT,unbounded,1.190902e-01,528,528,131,1.0234,0,0,0,0.000000e+00,0.0000,0.036148
Normal_0,vibration,128,10,SDT,fifo_drop,1.190902e-01,528,525,128,1.0000,3,3,0,0.000000e+00,0.0000,0.022377
Normal_0,vibration,128,10,SDT,stall,1.190902e-01,526,526,128,1.0000,15,0,15,1.841010e-01,1.5459,0.003222
Normal_0,vibration,128,20,PROPOSED,none,0.000000e+00,327,327,128,1.0000,0,0,0,0.000000e+00,0.0000,-2.859121
Normal_0,vibration,128,20,SDT,unbounded,1.345742e-01,329,329,130,1.0156,0,0,0,0.000000e+00,0.0000,-0.567342
Normal_0,vibration,128,20,SDT,fifo_drop,1.345742e-01,329,327,128,1.0000,2,2,0,0.000000e+00,0.0000,-0.595597
Normal_0,vibration,128,20,SDT,stall,1.345742e-01,328,328,128,1.0000,25,0,25,2.553728e-01,1.8976,-0.593409
Normal_0,vibration,256,2,PROPOSED,none,0.000000e+00,2255,2255,256,1.0000,0,0,0,0.000000e+00,0.0000,8.438468
Normal_0,vibration,256,2,SDT,unbounded,4.886267e-02,2255,2255,258,1.0078,0,0,0,0.000000e+00,0.0000,8.608491
Normal_0,vibration,256,2,SDT,fifo_drop,4.886267e-02,2255,2253,256,1.0000,2,2,0,0.000000e+00,0.0000,8.546504
Normal_0,vibration,256,2,SDT,stall,4.886267e-02,2253,2253,256,1.0000,3,0,3,1.574465e-01,3.2222,8.512139
Normal_0,vibration,256,5,PROPOSED,none,0.000000e+00,1055,1055,256,1.0000,0,0,0,0.000000e+00,0.0000,1.290902
Normal_0,vibration,256,5,SDT,unbounded,9.114600e-02,1055,1055,260,1.0156,0,0,0,0.000000e+00,0.0000,2.109512
Normal_0,vibration,256,5,SDT,fifo_drop,9.114600e-02,1055,1051,256,1.0000,4,4,0,0.000000e+00,0.0000,2.069965
Normal_0,vibration,256,5,SDT,stall,9.114600e-02,1051,1051,256,1.0000,7,0,7,1.574465e-01,1.7274,2.082450
Normal_0,vibration,256,10,PROPOSED,none,0.000000e+00,655,655,256,1.0000,0,0,0,0.000000e+00,0.0000,-0.964255
Normal_0,vibration,256,10,SDT,unbounded,1.128505e-01,656,656,257,1.0039,0,0,0,0.000000e+00,0.0000,0.577645
Normal_0,vibration,256,10,SDT,fifo_drop,1.128505e-01,656,655,256,1.0000,1,1,0,0.000000e+00,0.0000,0.553170
Normal_0,vibration,256,10,SDT,stall,1.128505e-01,654,654,256,1.0000,1,0,1,1.041235e-01,0.9227,0.545889
Normal_0,vibration,256,20,PROPOSED,none,0.000000e+00,455,455,256,1.0000,0,0,0,0.000000e+00,0.0000,-2.539220
Normal_0,vibration,256,20,SDT,unbounded,1.235390e-01,455,455,256,1.0000,0,0,0,0.000000e+00,0.0000,-0.275565
Normal_0,vibration,256,20,SDT,fifo_drop,1.235390e-01,455,455,256,1.0000,0,0,0,0.000000e+00,0.0000,-0.275565
Normal_0,vibration,256,20,SDT,stall,1.235390e-01,455,455,256,1.0000,0,0,0,0.000000e+00,0.0000,-0.275565
Normal_0,vibration,512,2,PROPOSED,none,0.000000e+00,2511,2511,512,1.0000,0,0,0,0.000000e+00,0.0000,9.774258
Normal_0,vibration,512,2,SDT,unbounded,3.914500e-02,2513,2513,515,1.0059,0,0,0,0.000000e+00,0.0000,10.840979
Normal_0,vibration,512,2,SDT,fifo_drop,3.914500e-02,2513,2510,512,1.0000,3,3,0,0.000000e+00,0.0000,10.641405
Normal_0,vibration,512,2,SDT,stall,3.914500e-02,2510,2510,512,1.0000,5,0,5,9.480950e-02,2.4220,10.764765
Normal_0,vibration,512,5,PROPOSED,none,0.000000e+00,1311,1311,512,1.0000,0,0,0,0.000000e+00,0.0000,2.440738
Normal_0,vibration,512,5,SDT,unbounded,8.160018e-02,1310,1310,514,1.0039,0,0,0,0.000000e+00,0.0000,3.184939
Normal_0,vibration,512,5,SDT,fifo_drop,8.160018e-02,1310,1308,512,1.0000,2,2,0,0.000000e+00,0.0000,3.169140
Normal_0,vibration,512,5,SDT,stall,8.160018e-02,1308,1308,512,1.0000,4,0,4,1.502397e-01,1.8412,3.159392
Normal_0,vibration,512,10,PROPOSED,none,0.000000e+00,911,911,512,1.0000,0,0,0,0.000000e+00,0.0000,0.454442
Normal_0,vibration,512,10,SDT,unbounded,9.852895e-02,912,912,513,1.0020,0,0,0,0.000000e+00,0.0000,1.623045
Normal_0,vibration,512,10,SDT,fifo_drop,9.852895e-02,912,911,512,1.0000,1,1,0,0.000000e+00,0.0000,1.616391
Normal_0,vibration,512,10,SDT,stall,9.852895e-02,912,912,512,1.0000,11,0,11,1.041235e-01,1.0568,1.594923
Normal_0,vibration,512,20,PROPOSED,none,0.000000e+00,711,711,512,1.0000,0,0,0,0.000000e+00,0.0000,-0.555371
Normal_0,vibration,512,20,SDT,unbounded,1.097625e-01,711,711,511,0.9980,0,0,0,0.000000e+00,0.0000,0.738266
Normal_0,vibration,512,20,SDT,fifo_drop,1.097625e-01,711,711,511,0.9980,0,0,0,0.000000e+00,0.0000,0.738266
Normal_0,vibration,512,20,SDT,stall,1.097625e-01,711,711,511,0.9980,0,0,0,0.000000e+00,0.0000,0.738266
Normal_1,vibration,64,2,PROPOSED,none,0.000000e+00,2063,2063,64,1.0000,0,0,0,0.000000e+00,0.0000,9.895865
Normal_1,vibration,64,2,SDT,unbounded,3.567700e-02,2063,2063,86,1.3438,0,0,0,0.000000e+00,0.0000,9.276916
Normal_1,vibration,64,2,SDT,fifo_drop,3.567700e-02,2063,2041,64,1.0000,22,22,0,0.000000e+00,0.0000,8.520314
Normal_1,vibration,64,2,SDT,stall,3.567700e-02,2041,2041,64,1.0000,30,0,30,1.733620e-01,4.8592,8.656038
Normal_1,vibration,64,5,PROPOSED,none,0.000000e+00,863,863,64,1.0000,0,0,0,0.000000e+00,0.0000,2.113542
Normal_1,vibration,64,5,SDT,unbounded,7.235327e-02,863,863,68,1.0625,0,0,0,0.000000e+00,0.0000,2.238684
Normal_1,vibration,64,5,SDT,fifo_drop,7.235327e-02,863,859,64,1.0000,4,4,0,0.000000e+00,0.0000,2.173044
Normal_1,vibration,64,5,SDT,stall,7.235327e-02,858,858,64,1.0000,12,0,12,1.608170e-01,2.2227,2.207556
Normal_1,vibration,64,10,PROPOSED,none,0.000000e+00,463,463,64,1.0000,0,0,0,0.000000e+00,0.0000,-0.298829
Normal_1,vibration,64,10,SDT,unbounded,8.966917e-02,467,467,70,1.0938,0,0,0,0.000000e+00,0.0000,0.489510
Normal_1,vibration,64,10,SDT,fifo_drop,8.966917e-02,467,461,64,1.0000,6,6,0,0.000000e+00,0.0000,0.467431
Normal_1,vibration,64,10,SDT,stall,8.966917e-02,462,462,64,1.0000,11,0,11,1.886080e-01,2.1034,0.480121
Normal_1,vibration,64,20,PROPOSED,none,0.000000e+00,263,263,64,1.0000,0,0,0,0.000000e+00,0.0000,-2.176008
Normal_1,vibration,64,20,SDT,unbounded,1.064883e-01,264,264,66,1.0312,0,0,0,0.000000e+00,0.0000,-0.177573
Normal_1,vibration,64,20,SDT,fifo_drop,1.064883e-01,264,262,64,1.0000,2,2,0,0.000000e+00,0.0000,-0.188413
Normal_1,vibration,64,20,SDT,stall,1.064883e-01,263,263,64,1.0000,13,0,13,1.154968e-01,1.0846,-0.183727
Normal_1,vibration,128,2,PROPOSED,none,0.000000e+00,2127,2127,128,1.0000,0,0,0,0.000000e+00,0.0000,10.381187
Normal_1,vibration,128,2,SDT,unbounded,3.388965e-02,2128,2128,138,1.0781,0,0,0,0.000000e+00,0.0000,9.901319
Normal_1,vibration,128,2,SDT,fifo_drop,3.388965e-02,2128,2118,128,1.0000,10,10,0,0.000000e+00,0.0000,9.441703
Normal_1,vibration,128,2,SDT,stall,3.388965e-02,2118,2118,128,1.0000,14,0,14,1.240960e-01,3.6618,9.590594
Normal_1,vibration,128,5,PROPOSED,none,0.000000e+00,927,927,128,1.0000,0,0,0,0.000000e+00,0.0000,2.547685
Normal_1,vibration,128,5,SDT,unbounded,6.954314e-02,927,927,130,1.0156,0,0,0,0.000000e+00,0.0000,2.600041
Normal_1,vibration,128,5,SDT,fifo_drop,6.954314e-02,927,925,128,1.0000,2,2,0,0.000000e+00,0.0000,2.563805
Normal_1,vibration,128,5,SDT,stall,6.954314e-02,925,925,128,1.0000,5,0,5,1.371950e-01,1.9728,2.575552
Normal_1,vibration,128,10,PROPOSED,none,0.000000e+00,527,527,128,1.0000,0,0,0,0.000000e+00,0.0000,-0.003905
Normal_1,vibration,128,10,SDT,unbounded,8.774058e-02,528,528,131,1.0234,0,0,0,0.000000e+00,0.0000,0.759974
Normal_1,vibration,128,10,SDT,fifo_drop,8.774058e-02,528,525,128,1.0000,3,3,0,0.000000e+00,0.0000,0.746876
Normal_1,vibration,128,10,SDT,stall,8.774058e-02,528,528,128,1.0000,13,0,13,1.909270e-01,2.1760,0.752963
Normal_1,vibration,128,20,PROPOSED,none,0.000000e+00,327,327,128,1.0000,0,0,0,0.000000e+00,0.0000,-2.074160
Normal_1,vibration,128,20,SDT,unbounded,1.001814e-01,327,327,127,0.9922,0,0,0,0.000000e+00,0.0000,0.212653
Normal_1,vibration,128,20,SDT,fifo_drop,1.001814e-01,327,327,127,0.9922,0,0,0,0.000000e+00,0.0000,0.212653
Normal_1,vibration,128,20,SDT,stall,1.001814e-01,327,327,127,0.9922,0,0,0,0.000000e+00,0.0000,0.212653
Normal_1,vibration,256,2,PROPOSED,none,0.000000e+00,2255,2255,256,1.0000,0,0,0,0.000000e+00,0.0000,10.874640
Normal_1,vibration,256,2,SDT,unbounded,3.078637e-02,2254,2254,259,1.0117,0,0,0,0.000000e+00,0.0000,11.033908
Normal_1,vibration,256,2,SDT,fifo_drop,3.078637e-02,2254,2251,256,1.0000,3,3,0,0.000000e+00,0.0000,10.800840
Normal_1,vibration,256,2,SDT,stall,3.078637e-02,2251,2251,256,1.0000,4,0,4,1.213415e-01,3.9414,10.905060
Normal_1,vibration,256,5,PROPOSED,none,0.000000e+00,1055,1055,256,1.0000,0,0,0,0.000000e+00,0.0000,2.982856
Normal_1,vibration,256,5,SDT,unbounded,6.505233e-02,1056,1056,258,1.0078,0,0,0,0.000000e+00,0.0000,3.345723
Normal_1,vibration,256,5,SDT,fifo_drop,6.505233e-02,1056,1054,256,1.0000,2,2,0,0.000000e+00,0.0000,3.251648
Normal_1,vibration,256,5,SDT,stall,6.505233e-02,1055,1055,256,1.0000,5,0,5,1.371950e-01,2.1090,3.324709
Normal_1,vibration,256,10,PROPOSED,none,0.000000e+00,655,655,256,1.0000,0,0,0,0.000000e+00,0.0000,0.568782
Normal_1,vibration,256,10,SDT,unbounded,8.093000e-02,655,655,255,0.9961,0,0,0,0.000000e+00,0.0000,1.377557
Normal_1,vibration,256,10,SDT,fifo_drop,8.093000e-02,655,655,255,0.9961,0,0,0,0.000000e+00,0.0000,1.377557
Normal_1,vibration,256,10,SDT,stall,8.093000e-02,655,655,255,0.9961,0,0,0,0.000000e+00,0.0000,1.377557
Normal_1,vibration,256,20,PROPOSED,none,0.000000e+00,455,455,256,1.0000,0,0,0,0.000000e+00,0.0000,-0.758463
Normal_1,vibration,256,20,SDT,unbounded,9.030567e-02,455,455,255,0.9961,0,0,0,0.000000e+00,0.0000,0.484717
Normal_1,vibration,256,20,SDT,fifo_drop,9.030567e-02,455,455,255,0.9961,0,0,0,0.000000e+00,0.0000,0.484717
Normal_1,vibration,256,20,SDT,stall,9.030567e-02,455,455,255,0.9961,0,0,0,0.000000e+00,0.0000,0.484717
Normal_1,vibration,512,2,PROPOSED,none,0.000000e+00,2511,2511,512,1.0000,0,0,0,0.000000e+00,0.0000,12.376550
Normal_1,vibration,512,2,SDT,unbounded,2.397100e-02,2512,2512,512,1.0000,0,0,0,0.000000e+00,0.0000,13.806151
Normal_1,vibration,512,2,SDT,fifo_drop,2.397100e-02,2512,2512,512,1.0000,0,0,0,0.000000e+00,0.0000,13.806151
Normal_1,vibration,512,2,SDT,stall,2.397100e-02,2512,2512,512,1.0000,0,0,0,0.000000e+00,0.0000,13.806151
Normal_1,vibration,512,5,PROPOSED,none,0.000000e+00,1311,1311,512,1.0000,0,0,0,0.000000e+00,0.0000,4.379915
Normal_1,vibration,512,5,SDT,unbounded,5.682713e-02,1310,1310,511,0.9980,0,0,0,0.000000e+00,0.0000,4.601378
Normal_1,vibration,512,5,SDT,fifo_drop,5.682713e-02,1310,1310,511,0.9980,0,0,0,0.000000e+00,0.0000,4.601378
Normal_1,vibration,512,5,SDT,stall,5.682713e-02,1310,1310,511,0.9980,0,0,0,0.000000e+00,0.0000,4.601378
Normal_1,vibration,512,10,PROPOSED,none,0.000000e+00,911,911,512,1.0000,0,0,0,0.000000e+00,0.0000,1.984398
Normal_1,vibration,512,10,SDT,unbounded,7.008517e-02,911,911,511,0.9980,0,0,0,0.000000e+00,0.0000,2.509818
Normal_1,vibration,512,10,SDT,fifo_drop,7.008517e-02,911,911,511,0.9980,0,0,0,0.000000e+00,0.0000,2.509818
Normal_1,vibration,512,10,SDT,stall,7.008517e-02,911,911,511,0.9980,0,0,0,0.000000e+00,0.0000,2.509818
Normal_1,vibration,512,20,PROPOSED,none,0.000000e+00,711,711,512,1.0000,0,0,0,0.000000e+00,0.0000,0.157267
Normal_1,vibration,512,20,SDT,unbounded,7.810911e-02,711,711,511,0.9980,0,0,0,0.000000e+00,0.0000,1.639822
Normal_1,vibration,512,20,SDT,fifo_drop,7.810911e-02,711,711,511,0.9980,0,0,0,0.000000e+00,0.0000,1.639822
Normal_1,vibration,512,20,SDT,stall,7.810911e-02,711,711,511,0.9980,0,0,0,0.000000e+00,0.0000,1.639822
Normal_2,vibration,64,2,PROPOSED,none,0.000000e+00,2063,2063,64,1.0000,0,0,0,0.000000e+00,0.0000,9.895865
Normal_2,vibration,64,2,SDT,unbounded,3.567700e-02,2063,2063,86,1.3438,0,0,0,0.000000e+00,0.0000,9.276916
Normal_2,vibration,64,2,SDT,fifo_drop,3.567700e-02,2063,2041,64,1.0000,22,22,0,0.000000e+00,0.0000,8.520314
Normal_2,vibration,64,2,SDT,stall,3.567700e-02,2041,2041,64,1.0000,30,0,30,1.733620e-01,4.8592,8.656038
Normal_2,vibration,64,5,PROPOSED,none,0.000000e+00,863,863,64,1.0000,0,0,0,0.000000e+00,0.0000,2.113542
Normal_2,vibration,64,5,SDT,unbounded,7.235327e-02,863,863,68,1.0625,0,0,0,0.000000e+00,0.0000,2.238684
Normal_2,vibration,64,5,SDT,fifo_drop,7.235327e-02,863,859,64,1.0000,4,4,0,0.000000e+00,0.0000,2.173044
Normal_2,vibration,64,5,SDT,stall,7.235327e-02,858,858,64,1.0000,12,0,12,1.608170e-01,2.2227,2.207556
Normal_2,vibration,64,10,PROPOSED,none,0.000000e+00,463,463,64,1.0000,0,0,0,0.000000e+00,0.0000,-0.298829
Normal_2,vibration,64,10,SDT,unbounded,8.966917e-02,467,467,70,1.0938,0,0,0,0.000000e+00,0.0000,0.489510
Normal_2,vibration,64,10,SDT,fifo_drop,8.966917e-02,467,461,64,1.0000,6,6,0,0.000000e+00,0.0000,0.467431
Normal_2,vibration,64,10,SDT,stall,8.966917e-02,462,462,64,1.0000,11,0,11,1.886080e-01,2.1034,0.480121
Normal_2,vibration,64,20,PROPOSED,none,0.000000e+00,263,263,64,1.0000,0,0,0,0.000000e+00,0.0000,-2.176008
Normal_2,vibration,64,20,SDT,unbounded,1.064883e-01,264,264,66,1.0312,0,0,0,0.000000e+00,0.0000,-0.177573
Normal_2,vibration,64,20,SDT,fifo_drop,1.064883e-01,264,262,64,1.0000,2,2,0,0.000000e+00,0.0000,-0.188413
Normal_2,vibration,64,20,SDT,stall,1.064883e-01,263,263,64,1.0000,13,0,13,1.154968e-01,1.0846,-0.183727
Normal_2,vibration,128,2,PROPOSED,none,0.000000e+00,2127,2127,128,1.0000,0,0,0,0.000000e+00,0.0000,10.381187
Normal_2,vibration,128,2,SDT,unbounded,3.388965e-02,2128,2128,138,1.0781,0,0,0,0.000000e+00,0.0000,9.901319
Normal_2,vibration,128,2,SDT,fifo_drop,3.388965e-02,2128,2118,128,1.0000,10,10,0,0.000000e+00,0.0000,9.441703
Normal_2,vibration,128,2,SDT,stall,3.388965e-02,2118,2118,128,1.0000,14,0,14,1.240960e-01,3.6618,9.590594
Normal_2,vibration,128,5,PROPOSED,none,0.000000e+00,927,927,128,1.0000,0,0,0,0.000000e+00,0.0000,2.547685
Normal_2,vibration,128,5,SDT,unbounded,6.954314e-02,927,927,130,1.0156,0,0,0,0.000000e+00,0.0000,2.600041
Normal_2,vibration,128,5,SDT,fifo_drop,6.954314e-02,927,925,128,1.0000,2,2,0,0.000000e+00,0.0000,2.563805
Normal_2,vibration,128,5,SDT,stall,6.954314e-02,925,925,128,1.0000,5,0,5,1.371950e-01,1.9728,2.575552
Normal_2,vibration,128,10,PROPOSED,none,0.000000e+00,527,527,128,1.0000,0,0,0,0.000000e+00,0.0000,-0.003905
Normal_2,vibration,128,10,SDT,unbounded,8.774058e-02,528,528,131,1.0234,0,0,0,0.000000e+00,0.0000,0.759974
Normal_2,vibration,128,10,SDT,fifo_drop,8.774058e-02,528,525,128,1.0000,3,3,0,0.000000e+00,0.0000,0.746876
Normal_2,vibration,128,10,SDT,stall,8.774058e-02,528,528,128,1.0000,13,0,13,1.909270e-01,2.1760,0.752963
Normal_2,vibration,128,20,PROPOSED,none,0.000000e+00,327,327,128,1.0000,0,0,0,0.000000e+00,0.0000,-2.074160
Normal_2,vibration,128,20,SDT,unbounded,1.001814e-01,327,327,127,0.9922,0,0,0,0.000000e+00,0.0000,0.212653
Normal_2,vibration,128,20,SDT,fifo_drop,1.001814e-01,327,327,127,0.9922,0,0,0,0.000000e+00,0.0000,0.212653
Normal_2,vibration,128,20,SDT,stall,1.001814e-01,327,327,127,0.9922,0,0,0,0.000000e+00,0.0000,0.212653
Normal_2,vibration,256,2,PROPOSED,none,0.000000e+00,2255,2255,256,1.0000,0,0,0,0.000000e+00,0.0000,10.874640
Normal_2,vibration,256,2,SDT,unbounded,3.078637e-02,2254,2254,259,1.0117,0,0,0,0.000000e+00,0.0000,11.033908
Normal_2,vibration,256,2,SDT,fifo_drop,3.078637e-02,2254,2251,256,1.0000,3,3,0,0.000000e+00,0.0000,10.800840
Normal_2,vibration,256,2,SDT,stall,3.078637e-02,2251,2251,256,1.0000,4,0,4,1.213415e-01,3.9414,10.905060
Normal_2,vibration,256,5,PROPOSED,none,0.000000e+00,1055,1055,256,1.0000,0,0,0,0.000000e+00,0.0000,2.982856
Normal_2,vibration,256,5,SDT,unbounded,6.505233e-02,1056,1056,258,1.0078,0,0,0,0.000000e+00,0.0000,3.345723
Normal_2,vibration,256,5,SDT,fifo_drop,6.505233e-02,1056,1054,256,1.0000,2,2,0,0.000000e+00,0.0000,3.251648
Normal_2,vibration,256,5,SDT,stall,6.505233e-02,1055,1055,256,1.0000,5,0,5,1.371950e-01,2.1090,3.324709
Normal_2,vibration,256,10,PROPOSED,none,0.000000e+00,655,655,256,1.0000,0,0,0,0.000000e+00,0.0000,0.568782
Normal_2,vibration,256,10,SDT,unbounded,8.093000e-02,655,655,255,0.9961,0,0,0,0.000000e+00,0.0000,1.377557
Normal_2,vibration,256,10,SDT,fifo_drop,8.093000e-02,655,655,255,0.9961,0,0,0,0.000000e+00,0.0000,1.377557
Normal_2,vibration,256,10,SDT,stall,8.093000e-02,655,655,255,0.9961,0,0,0,0.000000e+00,0.0000,1.377557
Normal_2,vibration,256,20,PROPOSED,none,0.000000e+00,455,455,256,1.0000,0,0,0,0.000000e+00,0.0000,-0.758463
Normal_2,vibration,256,20,SDT,unbounded,9.030567e-02,455,455,255,0.9961,0,0,0,0.000000e+00,0.0000,0.484717
Normal_2,vibration,256,20,SDT,fifo_drop,9.030567e-02,455,455,255,0.9961,0,0,0,0.000000e+00,0.0000,0.484717
Normal_2,vibration,256,20,SDT,stall,9.030567e-02,455,455,255,0.9961,0,0,0,0.000000e+00,0.0000,0.484717
Normal_2,vibration,512,2,PROPOSED,none,0.000000e+00,2511,2511,512,1.0000,0,0,0,0.000000e+00,0.0000,12.376550
Normal_2,vibration,512,2,SDT,unbounded,2.397100e-02,2512,2512,512,1.0000,0,0,0,0.000000e+00,0.0000,13.806151
Normal_2,vibration,512,2,SDT,fifo_drop,2.397100e-02,2512,2512,512,1.0000,0,0,0,0.000000e+00,0.0000,13.806151
Normal_2,vibration,512,2,SDT,stall,2.397100e-02,2512,2512,512,1.0000,0,0,0,0.000000e+00,0.0000,13.806151
Normal_2,vibration,512,5,PROPOSED,none,0.000000e+00,1311,1311,512,1.0000,0,0,0,0.000000e+00,0.0000,4.379915
Normal_2,vibration,512,5,SDT,unbounded,5.682713e-02,1310,1310,511,0.9980,0,0,0,0.000000e+00,0.0000,4.601378
Normal_2,vibration,512,5,SDT,fifo_drop,5.682713e-02,1310,1310,511,0.9980,0,0,0,0.000000e+00,0.0000,4.601378
Normal_2,vibration,512,5,SDT,stall,5.682713e-02,1310,1310,511,0.9980,0,0,0,0.000000e+00,0.0000,4.601378
Normal_2,vibration,512,10,PROPOSED,none,0.000000e+00,911,911,512,1.0000,0,0,0,0.000000e+00,0.0000,1.984398
Normal_2,vibration,512,10,SDT,unbounded,7.008517e-02,911,911,511,0.9980,0,0,0,0.000000e+00,0.0000,2.509818
Normal_2,vibration,512,10,SDT,fifo_drop,7.008517e-02,911,911,511,0.9980,0,0,0,0.000000e+00,0.0000,2.509818
Normal_2,vibration,512,10,SDT,stall,7.008517e-02,911,911,511,0.9980,0,0,0,0.000000e+00,0.0000,2.509818
Normal_2,vibration,512,20,PROPOSED,none,0.000000e+00,711,711,512,1.0000,0,0,0,0.000000e+00,0.0000,0.157267
Normal_2,vibration,512,20,SDT,unbounded,7.810911e-02,711,711,511,0.9980,0,0,0,0.000000e+00,0.0000,1.639822
Normal_2,vibration,512,20,SDT,fifo_drop,7.810911e-02,711,711,511,0.9980,0,0,0,0.000000e+00,0.0000,1.639822
Normal_2,vibration,512,20,SDT,stall,7.810911e-02,711,711,511,0.9980,0,0,0,0.000000e+00,0.0000,1.639822
