signal,domain,mode,beta,buffer_size,overload,retained,expected,CR,snr_db,mse,max_error,snr_saturated,spectral_correlation
ecg_100,ecg,REF_INTERP_ERROR,-1.0000,32,2,1031,1031,1.9399,43.11900907,6.319016e-06,0.01333333,0,-1.00000000
ecg_100,ecg,REF_VW_AREA,-1.0000,32,2,1031,1031,1.9399,42.74764720,6.883125e-06,0.01500000,0,-1.00000000
ecg_100,ecg,SPAN,0.0000,32,2,1031,1031,1.9399,43.11900907,6.319016e-06,0.01333333,0,-1.00000000
ecg_100,ecg,SPAN,0.2500,32,2,1031,1031,1.9399,43.27952186,6.089732e-06,0.01142857,0,-1.00000000
ecg_100,ecg,SPAN,0.5000,32,2,1031,1031,1.9399,43.10186998,6.344003e-06,0.01250000,0,-1.00000000
ecg_100,ecg,SPAN,0.7500,32,2,1031,1031,1.9399,42.99069004,6.508507e-06,0.01500000,0,-1.00000000
ecg_100,ecg,SPAN,1.0000,32,2,1031,1031,1.9399,42.74764720,6.883125e-06,0.01500000,0,-1.00000000
ecg_100,ecg,SPAN,1.2500,32,2,1031,1031,1.9399,42.39690281,7.462083e-06,0.01750000,0,-1.00000000
ecg_100,ecg,SPAN,1.5000,32,2,1031,1031,1.9399,42.44690217,7.376667e-06,0.01500000,0,-1.00000000
ecg_100,ecg,SPAN,2.0000,32,2,1031,1031,1.9399,41.56667285,9.034062e-06,0.02250000,0,-1.00000000
ecg_100,ecg,REF_INTERP_ERROR,-1.0000,32,3,698,698,2.8653,37.09515558,2.529501e-05,0.02115385,0,-1.00000000
ecg_100,ecg,REF_VW_AREA,-1.0000,32,3,698,698,2.8653,35.73574156,3.459204e-05,0.06000000,0,-1.00000000
ecg_100,ecg,SPAN,0.0000,32,3,698,698,2.8653,37.09515558,2.529501e-05,0.02115385,0,-1.00000000
ecg_100,ecg,SPAN,0.2500,32,3,698,698,2.8653,37.14461826,2.500855e-05,0.02500000,0,-1.00000000
ecg_100,ecg,SPAN,0.5000,32,3,698,698,2.8653,36.67905030,2.783847e-05,0.03000000,0,-1.00000000
ecg_100,ecg,SPAN,0.7500,32,3,698,698,2.8653,36.25413980,3.069986e-05,0.04750000,0,-1.00000000
ecg_100,ecg,SPAN,1.0000,32,3,698,698,2.8653,35.73574156,3.459204e-05,0.06000000,0,-1.00000000
ecg_100,ecg,SPAN,1.2500,32,3,698,698,2.8653,35.24535913,3.872705e-05,0.06250000,0,-1.00000000
ecg_100,ecg,SPAN,1.5000,32,3,698,698,2.8653,34.76222554,4.328404e-05,0.06250000,0,-1.00000000
ecg_100,ecg,SPAN,2.0000,32,3,698,698,2.8653,33.64223784,5.601787e-05,0.08250000,0,-1.00000000
ecg_100,ecg,REF_INTERP_ERROR,-1.0000,32,5,431,431,4.6404,32.64605015,7.046044e-05,0.02900000,0,-1.00000000
ecg_100,ecg,REF_VW_AREA,-1.0000,32,5,431,431,4.6404,31.35921264,9.476089e-05,0.07000000,0,-1.00000000
ecg_100,ecg,SPAN,0.0000,32,5,431,431,4.6404,32.64605015,7.046044e-05,0.02900000,0,-1.00000000
ecg_100,ecg,SPAN,0.2500,32,5,431,431,4.6404,32.18141230,7.841681e-05,0.04625000,0,-1.00000000
ecg_100,ecg,SPAN,0.5000,32,5,431,431,4.6404,32.46000712,7.354441e-05,0.04625000,0,-1.00000000
ecg_100,ecg,SPAN,0.7500,32,5,431,431,4.6404,31.81607809,8.529873e-05,0.06166667,0,-1.00000000
ecg_100,ecg,SPAN,1.0000,32,5,431,431,4.6404,31.35921264,9.476089e-05,0.07000000,0,-1.00000000
ecg_100,ecg,SPAN,1.2500,32,5,431,431,4.6404,30.59323478,1.130386e-04,0.08750000,0,-1.00000000
ecg_100,ecg,SPAN,1.5000,32,5,431,431,4.6404,30.47491945,1.161605e-04,0.08750000,0,-1.00000000
ecg_100,ecg,SPAN,2.0000,32,5,431,431,4.6404,29.39418237,1.489814e-04,0.09250000,0,-1.00000000
ecg_100,ecg,REF_INTERP_ERROR,-1.0000,32,10,231,231,8.6580,28.89685219,1.670572e-04,0.06200000,0,-1.00000000
ecg_100,ecg,REF_VW_AREA,-1.0000,32,10,231,231,8.6580,27.25535918,2.437892e-04,0.13833333,0,-1.00000000
ecg_100,ecg,SPAN,0.0000,32,10,231,231,8.6580,28.89685219,1.670572e-04,0.06200000,0,-1.00000000
ecg_100,ecg,SPAN,0.2500,32,10,231,231,8.6580,29.34297699,1.507484e-04,0.06300000,0,-1.00000000
ecg_100,ecg,SPAN,0.5000,32,10,231,231,8.6580,28.72811708,1.736755e-04,0.06750000,0,-1.00000000
ecg_100,ecg,SPAN,0.7500,32,10,231,231,8.6580,28.35453238,1.892767e-04,0.08750000,0,-1.00000000
ecg_100,ecg,SPAN,1.0000,32,10,231,231,8.6580,27.25535918,2.437892e-04,0.13833333,0,-1.00000000
ecg_100,ecg,SPAN,1.2500,32,10,231,231,8.6580,26.49492533,2.904409e-04,0.13833333,0,-1.00000000
ecg_100,ecg,SPAN,1.5000,32,10,231,231,8.6580,24.97643034,4.120096e-04,0.18785714,0,-1.00000000
ecg_100,ecg,SPAN,2.0000,32,10,231,231,8.6580,23.70456380,5.521969e-04,0.21750000,0,-1.00000000
ecg_100,ecg,REF_INTERP_ERROR,-1.0000,32,20,131,131,15.2672,24.68936509,4.401633e-04,0.09114286,0,-1.00000000
ecg_100,ecg,REF_VW_AREA,-1.0000,32,20,131,131,15.2672,22.47749219,7.324891e-04,0.29333333,0,-1.00000000
ecg_100,ecg,SPAN,0.0000,32,20,131,131,15.2672,24.68936509,4.401633e-04,0.09114286,0,-1.00000000
ecg_100,ecg,SPAN,0.2500,32,20,131,131,15.2672,24.56512239,4.529374e-04,0.09250000,0,-1.00000000
ecg_100,ecg,SPAN,0.5000,32,20,131,131,15.2672,23.07540020,6.382787e-04,0.26500000,0,-1.00000000
ecg_100,ecg,SPAN,0.7500,32,20,131,131,15.2672,23.08223164,6.372755e-04,0.26500000,0,-1.00000000
ecg_100,ecg,SPAN,1.0000,32,20,131,131,15.2672,22.47749219,7.324891e-04,0.29333333,0,-1.00000000
ecg_100,ecg,SPAN,1.2500,32,20,131,131,15.2672,21.78424830,8.592619e-04,0.28833333,0,-1.00000000
ecg_100,ecg,SPAN,1.5000,32,20,131,131,15.2672,18.10840423,2.003134e-03,0.57500000,0,-1.00000000
ecg_100,ecg,SPAN,2.0000,32,20,131,131,15.2672,15.41639597,3.723152e-03,0.78727273,0,-1.00000000
ecg_100,ecg,REF_INTERP_ERROR,-1.0000,32,50,71,71,28.1690,17.27073101,2.429278e-03,0.16921053,0,-1.00000000
ecg_100,ecg,REF_VW_AREA,-1.0000,32,50,71,71,28.1690,8.64671244,1.769616e-02,1.10828125,0,-1.00000000
ecg_100,ecg,SPAN,0.0000,32,50,71,71,28.1690,17.27073101,2.429278e-03,0.16921053,0,-1.00000000
ecg_100,ecg,SPAN,0.2500,32,50,71,71,28.1690,18.61414074,1.782938e-03,0.23600000,0,-1.00000000
ecg_100,ecg,SPAN,0.5000,32,50,71,71,28.1690,11.16204657,9.916210e-03,1.19197368,0,-1.00000000
ecg_100,ecg,SPAN,0.7500,32,50,71,71,28.1690,9.25194050,1.539417e-02,1.15136364,0,-1.00000000
ecg_100,ecg,SPAN,1.0000,32,50,71,71,28.1690,8.64671244,1.769616e-02,1.10828125,0,-1.00000000
ecg_100,ecg,SPAN,1.2500,32,50,71,71,28.1690,8.60458449,1.786866e-02,1.10828125,0,-1.00000000
ecg_100,ecg,SPAN,1.5000,32,50,71,71,28.1690,8.51377602,1.824621e-02,1.10828125,0,-1.00000000
ecg_100,ecg,SPAN,2.0000,32,50,71,71,28.1690,8.25470301,1.936779e-02,1.41800000,0,-1.00000000
ecg_100,ecg,REF_INTERP_ERROR,-1.0000,32,100,51,51,39.2157,16.27028342,3.058595e-03,0.29333333,0,-1.00000000
ecg_100,ecg,REF_VW_AREA,-1.0000,32,100,51,51,39.2157,4.88430613,4.208427e-02,1.17919540,0,-1.00000000
ecg_100,ecg,SPAN,0.0000,32,100,51,51,39.2157,16.27028342,3.058595e-03,0.29333333,0,-1.00000000
ecg_100,ecg,SPAN,0.2500,32,100,51,51,39.2157,16.44311141,2.939268e-03,0.28833333,0,-1.00000000
ecg_100,ecg,SPAN,0.5000,32,100,51,51,39.2157,3.31972384,6.033621e-02,1.30202247,0,-1.00000000
ecg_100,ecg,SPAN,0.7500,32,100,51,51,39.2157,4.95286782,4.142510e-02,1.29174699,0,-1.00000000
ecg_100,ecg,SPAN,1.0000,32,100,51,51,39.2157,4.88430613,4.208427e-02,1.17919540,0,-1.00000000
ecg_100,ecg,SPAN,1.2500,32,100,51,51,39.2157,5.55576638,3.605568e-02,1.29802083,0,-1.00000000
ecg_100,ecg,SPAN,1.5000,32,100,51,51,39.2157,4.97388527,4.122511e-02,1.43883721,0,-1.00000000
ecg_100,ecg,SPAN,2.0000,32,100,51,51,39.2157,6.00569319,3.250731e-02,1.42599379,0,-1.00000000
ecg_100,ecg,REF_INTERP_ERROR,-1.0000,64,2,1063,1063,1.8815,43.78120985,5.425370e-06,0.01000000,0,-1.00000000
ecg_100,ecg,REF_VW_AREA,-1.0000,64,2,1063,1063,1.8815,43.30944578,6.047917e-06,0.01250000,0,-1.00000000
ecg_100,ecg,SPAN,0.0000,64,2,1063,1063,1.8815,43.78120985,5.425370e-06,0.01000000,0,-1.00000000
ecg_100,ecg,SPAN,0.2500,64,2,1063,1063,1.8815,43.79888616,5.403333e-06,0.01000000,0,-1.00000000
ecg_100,ecg,SPAN,0.5000,64,2,1063,1063,1.8815,43.68545497,5.546319e-06,0.01000000,0,-1.00000000
ecg_100,ecg,SPAN,0.7500,64,2,1063,1063,1.8815,43.56194296,5.706319e-06,0.01000000,0,-1.00000000
ecg_100,ecg,SPAN,1.0000,64,2,1063,1063,1.8815,43.30944578,6.047917e-06,0.01250000,0,-1.00000000
ecg_100,ecg,SPAN,1.2500,64,2,1063,1063,1.8815,42.89771818,6.649340e-06,0.01250000,0,-1.00000000
ecg_100,ecg,SPAN,1.5000,64,2,1063,1063,1.8815,42.82024080,6.769028e-06,0.01250000,0,-1.00000000
ecg_100,ecg,SPAN,2.0000,64,2,1063,1063,1.8815,42.32642508,7.584167e-06,0.01250000,0,-1.00000000
ecg_100,ecg,REF_INTERP_ERROR,-1.0000,64,3,730,730,2.7397,37.78465018,2.158169e-05,0.01900000,0,-1.00000000
ecg_100,ecg,REF_VW_AREA,-1.0000,64,3,730,730,2.7397,36.82009805,2.694887e-05,0.03333333,0,-1.00000000
ecg_100,ecg,SPAN,0.0000,64,3,730,730,2.7397,37.78465018,2.158169e-05,0.01900000,0,-1.00000000
ecg_100,ecg,SPAN,0.2500,64,3,730,730,2.7397,37.76258402,2.169162e-05,0.02000000,0,-1.00000000
ecg_100,ecg,SPAN,0.5000,64,3,730,730,2.7397,37.76081452,2.170046e-05,0.02250000,0,-1.00000000
ecg_100,ecg,SPAN,0.7500,64,3,730,730,2.7397,37.41033625,2.352430e-05,0.02500000,0,-1.00000000
ecg_100,ecg,SPAN,1.0000,64,3,730,730,2.7397,36.82009805,2.694887e-05,0.03333333,0,-1.00000000
ecg_100,ecg,SPAN,1.2500,64,3,730,730,2.7397,36.49494995,2.904393e-05,0.04750000,0,-1.00000000
ecg_100,ecg,SPAN,1.5000,64,3,730,730,2.7397,35.71391239,3.476635e-05,0.06000000,0,-1.00000000
ecg_100,ecg,SPAN,2.0000,64,3,730,730,2.7397,34.85389771,4.237997e-05,0.06250000,0,-1.00000000
ecg_100,ecg,REF_INTERP_ERROR,-1.0000,64,5,463,463,4.3197,32.94261358,6.580956e-05,0.03071429,0,-1.00000000
ecg_100,ecg,REF_VW_AREA,-1.0000,64,5,463,463,4.3197,31.98811029,8.198593e-05,0.06166667,0,-1.00000000
ecg_100,ecg,SPAN,0.0000,64,5,463,463,4.3197,32.94261358,6.580956e-05,0.03071429,0,-1.00000000
ecg_100,ecg,SPAN,0.2500,64,5,463,463,4.3197,32.66007324,7.023330e-05,0.03250000,0,-1.00000000
ecg_100,ecg,SPAN,0.5000,64,5,463,463,4.3197,32.87637006,6.682106e-05,0.03250000,0,-1.00000000
ecg_100,ecg,SPAN,0.7500,64,5,463,463,4.3197,32.66158313,7.020888e-05,0.04625000,0,-1.00000000
ecg_100,ecg,SPAN,1.0000,64,5,463,463,4.3197,31.98811029,8.198593e-05,0.06166667,0,-1.00000000
ecg_100,ecg,SPAN,1.2500,64,5,463,463,4.3197,31.25932068,9.696574e-05,0.07000000,0,-1.00000000
ecg_100,ecg,SPAN,1.5000,64,5,463,463,4.3197,30.83944352,1.068086e-04,0.08750000,0,-1.00000000
ecg_100,ecg,SPAN,2.0000,64,5,463,463,4.3197,30.01268433,1.292058e-04,0.09250000,0,-1.00000000
ecg_100,ecg,REF_INTERP_ERROR,-1.0000,64,10,263,263,7.6046,29.37097511,1.497797e-04,0.04204918,0,-1.00000000
ecg_100,ecg,REF_VW_AREA,-1.0000,64,10,263,263,7.6046,27.81856921,2.141379e-04,0.11833333,0,-1.00000000
ecg_100,ecg,SPAN,0.0000,64,10,263,263,7.6046,29.37097511,1.497797e-04,0.04204918,0,-1.00000000
ecg_100,ecg,SPAN,0.2500,64,10,263,263,7.6046,29.85057911,1.341197e-04,0.06000000,0,-1.00000000
ecg_100,ecg,SPAN,0.5000,64,10,263,263,7.6046,29.10289971,1.593164e-04,0.06333333,0,-1.00000000
ecg_100,ecg,SPAN,0.7500,64,10,263,263,7.6046,28.68848389,1.752677e-04,0.08750000,0,-1.00000000
ecg_100,ecg,SPAN,1.0000,64,10,263,263,7.6046,27.81856921,2.141379e-04,0.11833333,0,-1.00000000
ecg_100,ecg,SPAN,1.2500,64,10,263,263,7.6046,27.06725198,2.545805e-04,0.13250000,0,-1.00000000
ecg_100,ecg,SPAN,1.5000,64,10,263,263,7.6046,25.77282586,3.429792e-04,0.18785714,0,-1.00000000
ecg_100,ecg,SPAN,2.0000,64,10,263,263,7.6046,25.28036260,3.841617e-04,0.18833333,0,-1.00000000
ecg_100,ecg,REF_INTERP_ERROR,-1.0000,64,20,163,163,12.2699,26.43615973,2.943977e-04,0.07559322,0,-1.00000000
ecg_100,ecg,REF_VW_AREA,-1.0000,64,20,163,163,12.2699,22.53263447,7.232475e-04,0.26500000,0,-1.00000000
ecg_100,ecg,SPAN,0.0000,64,20,163,163,12.2699,26.43615973,2.943977e-04,0.07559322,0,-1.00000000
ecg_100,ecg,SPAN,0.2500,64,20,163,163,12.2699,25.49465982,3.656658e-04,0.09114286,0,-1.00000000
ecg_100,ecg,SPAN,0.5000,64,20,163,163,12.2699,25.52402429,3.632018e-04,0.13250000,0,-1.00000000
ecg_100,ecg,SPAN,0.7500,64,20,163,163,12.2699,25.21157237,3.902951e-04,0.13833333,0,-1.00000000
ecg_100,ecg,SPAN,1.0000,64,20,163,163,12.2699,22.53263447,7.232475e-04,0.26500000,0,-1.00000000
ecg_100,ecg,SPAN,1.2500,64,20,163,163,12.2699,22.51695057,7.258641e-04,0.25000000,0,-1.00000000
ecg_100,ecg,SPAN,1.5000,64,20,163,163,12.2699,21.53935982,9.091057e-04,0.29333333,0,-1.00000000
ecg_100,ecg,SPAN,2.0000,64,20,163,163,12.2699,18.36094388,1.889975e-03,0.57500000,0,-1.00000000
ecg_100,ecg,REF_INTERP_ERROR,-1.0000,64,50,103,103,19.4175,21.17914340,9.877250e-04,0.13288462,0,-1.00000000
ecg_100,ecg,REF_VW_AREA,-1.0000,64,50,103,103,19.4175,20.87793171,1.058662e-03,0.25777778,0,-1.00000000
ecg_100,ecg,SPAN,0.0000,64,50,103,103,19.4175,21.17914340,9.877250e-04,0.13288462,0,-1.00000000
ecg_100,ecg,SPAN,0.2500,64,50,103,103,19.4175,21.85417857,8.455368e-04,0.16921053,0,-1.00000000
ecg_100,ecg,SPAN,0.5000,64,50,103,103,19.4175,21.92764591,8.313536e-04,0.17375000,0,-1.00000000
ecg_100,ecg,SPAN,0.7500,64,50,103,103,19.4175,21.38428905,9.421531e-04,0.25777778,0,-1.00000000
ecg_100,ecg,SPAN,1.0000,64,50,103,103,19.4175,20.87793171,1.058662e-03,0.25777778,0,-1.00000000
ecg_100,ecg,SPAN,1.2500,64,50,103,103,19.4175,19.29199112,1.525286e-03,0.47562500,0,-1.00000000
ecg_100,ecg,SPAN,1.5000,64,50,103,103,19.4175,15.92799295,3.309414e-03,0.82214286,0,-1.00000000
ecg_100,ecg,SPAN,2.0000,64,50,103,103,19.4175,11.39379865,9.400923e-03,1.09104167,0,-1.00000000
ecg_100,ecg,REF_INTERP_ERROR,-1.0000,64,100,83,83,24.0964,18.62047478,1.780340e-03,0.16025114,0,-1.00000000
ecg_100,ecg,REF_VW_AREA,-1.0000,64,100,83,83,24.0964,18.49471740,1.832646e-03,0.44363636,0,-1.00000000
ecg_100,ecg,SPAN,0.0000,64,100,83,83,24.0964,18.62047478,1.780340e-03,0.16025114,0,-1.00000000
ecg_100,ecg,SPAN,0.2500,64,100,83,83,24.0964,19.53212044,1.443239e-03,0.17317204,0,-1.00000000
ecg_100,ecg,SPAN,0.5000,64,100,83,83,24.0964,20.13393895,1.256483e-03,0.17375000,0,-1.00000000
ecg_100,ecg,SPAN,0.7500,64,100,83,83,24.0964,19.39366427,1.489992e-03,0.29333333,0,-1.00000000
ecg_100,ecg,SPAN,1.0000,64,100,83,83,24.0964,18.49471740,1.832646e-03,0.44363636,0,-1.00000000
ecg_100,ecg,SPAN,1.2500,64,100,83,83,24.0964,18.15646319,1.981089e-03,0.39166667,0,-1.00000000
ecg_100,ecg,SPAN,1.5000,64,100,83,83,24.0964,10.20170482,1.237029e-02,1.15953125,0,-1.00000000
ecg_100,ecg,SPAN,2.0000,64,100,83,83,24.0964,9.34466712,1.506897e-02,1.14333333,0,-1.00000000
ecg_100,ecg,REF_INTERP_ERROR,-1.0000,128,2,1127,1127,1.7746,44.46659310,4.633307e-06,0.00750000,0,-1.00000000
ecg_100,ecg,REF_VW_AREA,-1.0000,128,2,1127,1127,1.7746,44.00883718,5.148333e-06,0.01000000,0,-1.00000000
ecg_100,ecg,SPAN,0.0000,128,2,1127,1127,1.7746,44.46659310,4.633307e-06,0.00750000,0,-1.00000000
ecg_100,ecg,SPAN,0.2500,128,2,1127,1127,1.7746,44.35691715,4.751806e-06,0.01000000,0,-1.00000000
ecg_100,ecg,SPAN,0.5000,128,2,1127,1127,1.7746,44.36660701,4.741215e-06,0.01000000,0,-1.00000000
ecg_100,ecg,SPAN,0.7500,128,2,1127,1127,1.7746,44.20107401,4.925417e-06,0.01000000,0,-1.00000000
ecg_100,ecg,SPAN,1.0000,128,2,1127,1127,1.7746,44.00883718,5.148333e-06,0.01000000,0,-1.00000000
ecg_100,ecg,SPAN,1.2500,128,2,1127,1127,1.7746,43.58345427,5.678125e-06,0.01000000,0,-1.00000000
ecg_100,ecg,SPAN,1.5000,128,2,1127,1127,1.7746,43.36240229,5.974618e-06,0.01250000,0,-1.00000000
ecg_100,ecg,SPAN,2.0000,128,2,1127,1127,1.7746,42.83528182,6.745625e-06,0.01250000,0,-1.00000000
ecg_100,ecg,REF_INTERP_ERROR,-1.0000,128,3,794,794,2.5189,38.57105292,1.800715e-05,0.01750000,0,-1.00000000
ecg_100,ecg,REF_VW_AREA,-1.0000,128,3,794,794,2.5189,37.91834724,2.092742e-05,0.02500000,0,-1.00000000
ecg_100,ecg,SPAN,0.0000,128,3,794,794,2.5189,38.57105292,1.800715e-05,0.01750000,0,-1.00000000
ecg_100,ecg,SPAN,0.2500,128,3,794,794,2.5189,38.43910090,1.856266e-05,0.01900000,0,-1.00000000
ecg_100,ecg,SPAN,0.5000,128,3,794,794,2.5189,38.52356064,1.820515e-05,0.02000000,0,-1.00000000
ecg_100,ecg,SPAN,0.7500,128,3,794,794,2.5189,38.04487903,2.032649e-05,0.02500000,0,-1.00000000
ecg_100,ecg,SPAN,1.0000,128,3,794,794,2.5189,37.91834724,2.092742e-05,0.02500000,0,-1.00000000
ecg_100,ecg,SPAN,1.2500,128,3,794,794,2.5189,37.51794204,2.294860e-05,0.03250000,0,-1.00000000
ecg_100,ecg,SPAN,1.5000,128,3,794,794,2.5189,36.97841210,2.598419e-05,0.04750000,0,-1.00000000
ecg_100,ecg,SPAN,2.0000,128,3,794,794,2.5189,35.70351457,3.484969e-05,0.06166667,0,-1.00000000
ecg_100,ecg,REF_INTERP_ERROR,-1.0000,128,5,527,527,3.7951,33.68189252,5.550871e-05,0.02900000,0,-1.00000000
ecg_100,ecg,REF_VW_AREA,-1.0000,128,5,527,527,3.7951,33.17728357,6.234793e-05,0.04750000,0,-1.00000000
ecg_100,ecg,SPAN,0.0000,128,5,527,527,3.7951,33.68189252,5.550871e-05,0.02900000,0,-1.00000000
ecg_100,ecg,SPAN,0.2500,128,5,527,527,3.7951,33.69836737,5.529854e-05,0.02750000,0,-1.00000000
ecg_100,ecg,SPAN,0.5000,128,5,527,527,3.7951,33.68269046,5.549851e-05,0.03100000,0,-1.00000000
ecg_100,ecg,SPAN,0.7500,128,5,527,527,3.7951,33.21906605,6.175097e-05,0.04625000,0,-1.00000000
ecg_100,ecg,SPAN,1.0000,128,5,527,527,3.7951,33.17728357,6.234793e-05,0.04750000,0,-1.00000000
ecg_100,ecg,SPAN,1.2500,128,5,527,527,3.7951,32.13714898,7.922012e-05,0.06750000,0,-1.00000000
ecg_100,ecg,SPAN,1.5000,128,5,527,527,3.7951,31.65120291,8.859926e-05,0.07750000,0,-1.00000000
ecg_100,ecg,SPAN,2.0000,128,5,527,527,3.7951,30.21758118,1.232515e-04,0.11000000,0,-1.00000000
ecg_100,ecg,REF_INTERP_ERROR,-1.0000,128,10,327,327,6.1162,30.70596401,1.101423e-04,0.03500000,0,-1.00000000
ecg_100,ecg,REF_VW_AREA,-1.0000,128,10,327,327,6.1162,29.23466254,1.545554e-04,0.08750000,0,-1.00000000
ecg_100,ecg,SPAN,0.0000,128,10,327,327,6.1162,30.70596401,1.101423e-04,0.03500000,0,-1.00000000
ecg_100,ecg,SPAN,0.2500,128,10,327,327,6.1162,31.09798790,1.006356e-04,0.06000000,0,-1.00000000
ecg_100,ecg,SPAN,0.5000,128,10,327,327,6.1162,30.43584907,1.172102e-04,0.06000000,0,-1.00000000
ecg_100,ecg,SPAN,0.7500,128,10,327,327,6.1162,29.74792570,1.373276e-04,0.07000000,0,-1.00000000
ecg_100,ecg,SPAN,1.0000,128,10,327,327,6.1162,29.23466254,1.545554e-04,0.08750000,0,-1.00000000
ecg_100,ecg,SPAN,1.2500,128,10,327,327,6.1162,28.67036473,1.760005e-04,0.10666667,0,-1.00000000
ecg_100,ecg,SPAN,1.5000,128,10,327,327,6.1162,28.14723421,1.985304e-04,0.13250000,0,-1.00000000
ecg_100,ecg,SPAN,2.0000,128,10,327,327,6.1162,26.27378279,3.056132e-04,0.16750000,0,-1.00000000
ecg_100,ecg,REF_INTERP_ERROR,-1.0000,128,20,227,227,8.8106,27.84415942,2.128798e-04,0.08764706,0,-1.00000000
ecg_100,ecg,REF_VW_AREA,-1.0000,128,20,227,227,8.8106,27.18413968,2.478200e-04,0.13250000,0,-1.00000000
ecg_100,ecg,SPAN,0.0000,128,20,227,227,8.8106,27.84415942,2.128798e-04,0.08764706,0,-1.00000000
ecg_100,ecg,SPAN,0.2500,128,20,227,227,8.8106,28.17094049,1.974496e-04,0.08406250,0,-1.00000000
ecg_100,ecg,SPAN,0.5000,128,20,227,227,8.8106,27.56136342,2.272030e-04,0.07750000,0,-1.00000000
ecg_100,ecg,SPAN,0.7500,128,20,227,227,8.8106,27.70063967,2.200323e-04,0.09250000,0,-1.00000000
ecg_100,ecg,SPAN,1.0000,128,20,227,227,8.8106,27.18413968,2.478200e-04,0.13250000,0,-1.00000000
ecg_100,ecg,SPAN,1.2500,128,20,227,227,8.8106,26.75381468,2.736333e-04,0.13500000,0,-1.00000000
ecg_100,ecg,SPAN,1.5000,128,20,227,227,8.8106,25.19549292,3.917429e-04,0.16750000,0,-1.00000000
ecg_100,ecg,SPAN,2.0000,128,20,227,227,8.8106,24.37050044,4.736967e-04,0.21100000,0,-1.00000000
ecg_100,ecg,REF_INTERP_ERROR,-1.0000,128,50,167,167,11.9760,24.82822563,4.263123e-04,0.09482759,0,-1.00000000
ecg_100,ecg,REF_VW_AREA,-1.0000,128,50,167,167,11.9760,24.83981675,4.251760e-04,0.16785714,0,-1.00000000
ecg_100,ecg,SPAN,0.0000,128,50,167,167,11.9760,24.82822563,4.263123e-04,0.09482759,0,-1.00000000
ecg_100,ecg,SPAN,0.2500,128,50,167,167,11.9760,25.20446668,3.909342e-04,0.08928571,0,-1.00000000
ecg_100,ecg,SPAN,0.5000,128,50,167,167,11.9760,25.06202923,4.039685e-04,0.10287500,0,-1.00000000
ecg_100,ecg,SPAN,0.7500,128,50,167,167,11.9760,25.44005236,3.702927e-04,0.16921053,0,-1.00000000
ecg_100,ecg,SPAN,1.0000,128,50,167,167,11.9760,24.83981675,4.251760e-04,0.16785714,0,-1.00000000
ecg_100,ecg,SPAN,1.2500,128,50,167,167,11.9760,24.21064461,4.914574e-04,0.16333333,0,-1.00000000
ecg_100,ecg,SPAN,1.5000,128,50,167,167,11.9760,23.55688730,5.712966e-04,0.20250000,0,-1.00000000
ecg_100,ecg,SPAN,2.0000,128,50,167,167,11.9760,22.13646687,7.923256e-04,0.25000000,0,-1.00000000
ecg_100,ecg,REF_INTERP_ERROR,-1.0000,128,100,147,147,13.6054,21.12435214,1.000265e-03,0.14111842,0,-1.00000000
ecg_100,ecg,REF_VW_AREA,-1.0000,128,100,147,147,13.6054,24.11084777,5.028814e-04,0.16785714,0,-1.00000000
ecg_100,ecg,SPAN,0.0000,128,100,147,147,13.6054,21.12435214,1.000265e-03,0.14111842,0,-1.00000000
ecg_100,ecg,SPAN,0.2500,128,100,147,147,13.6054,23.24783957,6.134320e-04,0.10132530,0,-1.00000000
ecg_100,ecg,SPAN,0.5000,128,100,147,147,13.6054,24.06895637,5.077556e-04,0.10560000,0,-1.00000000
ecg_100,ecg,SPAN,0.7500,128,100,147,147,13.6054,23.81622974,5.381798e-04,0.17100000,0,-1.00000000
ecg_100,ecg,SPAN,1.0000,128,100,147,147,13.6054,24.11084777,5.028814e-04,0.16785714,0,-1.00000000
ecg_100,ecg,SPAN,1.2500,128,100,147,147,13.6054,24.12439469,5.013152e-04,0.16333333,0,-1.00000000
ecg_100,ecg,SPAN,1.5000,128,100,147,147,13.6054,22.92929125,6.601175e-04,0.29333333,0,-1.00000000
ecg_100,ecg,SPAN,2.0000,128,100,147,147,13.6054,22.38954139,7.474743e-04,0.29333333,0,-1.00000000
ecg_100,ecg,REF_INTERP_ERROR,-1.0000,256,2,1255,1255,1.5936,46.10275028,3.178889e-06,0.00666667,0,-1.00000000
ecg_100,ecg,REF_VW_AREA,-1.0000,256,2,1255,1255,1.5936,45.51419994,3.640243e-06,0.00750000,0,-1.00000000
ecg_100,ecg,SPAN,0.0000,256,2,1255,1255,1.5936,46.10275028,3.178889e-06,0.00666667,0,-1.00000000
ecg_100,ecg,SPAN,0.2500,256,2,1255,1255,1.5936,46.02126393,3.239097e-06,0.00750000,0,-1.00000000
ecg_100,ecg,SPAN,0.5000,256,2,1255,1255,1.5936,46.03656093,3.227708e-06,0.00750000,0,-1.00000000
ecg_100,ecg,SPAN,0.7500,256,2,1255,1255,1.5936,45.74674463,3.450451e-06,0.00875000,0,-1.00000000
ecg_100,ecg,SPAN,1.0000,256,2,1255,1255,1.5936,45.51419994,3.640243e-06,0.00750000,0,-1.00000000
ecg_100,ecg,SPAN,1.2500,256,2,1255,1255,1.5936,45.22899370,3.887326e-06,0.00875000,0,-1.00000000
ecg_100,ecg,SPAN,1.5000,256,2,1255,1255,1.5936,45.22899370,3.887326e-06,0.00875000,0,-1.00000000
ecg_100,ecg,SPAN,2.0000,256,2,1255,1255,1.5936,44.02594714,5.128090e-06,0.01000000,0,-1.00000000
ecg_100,ecg,REF_INTERP_ERROR,-1.0000,256,3,922,922,2.1692,40.27705115,1.215753e-05,0.01428571,0,-1.00000000
ecg_100,ecg,REF_VW_AREA,-1.0000,256,3,922,922,2.1692,39.82289698,1.349773e-05,0.02000000,0,-1.00000000
ecg_100,ecg,SPAN,0.0000,256,3,922,922,2.1692,40.27705115,1.215753e-05,0.01428571,0,-1.00000000
ecg_100,ecg,SPAN,0.2500,256,3,922,922,2.1692,40.15983338,1.249013e-05,0.01833333,0,-1.00000000
ecg_100,ecg,SPAN,0.5000,256,3,922,922,2.1692,40.19801340,1.238081e-05,0.01833333,0,-1.00000000
ecg_100,ecg,SPAN,0.7500,256,3,922,922,2.1692,39.90324743,1.325030e-05,0.01750000,0,-1.00000000
ecg_100,ecg,SPAN,1.0000,256,3,922,922,2.1692,39.82289698,1.349773e-05,0.02000000,0,-1.00000000
ecg_100,ecg,SPAN,1.2500,256,3,922,922,2.1692,39.53601699,1.441945e-05,0.02250000,0,-1.00000000
ecg_100,ecg,SPAN,1.5000,256,3,922,922,2.1692,39.25742958,1.537473e-05,0.02500000,0,-1.00000000
ecg_100,ecg,SPAN,2.0000,256,3,922,922,2.1692,38.48610707,1.836283e-05,0.03250000,0,-1.00000000
ecg_100,ecg,REF_INTERP_ERROR,-1.0000,256,5,655,655,3.0534,35.36898456,3.764020e-05,0.02333333,0,-1.00000000
ecg_100,ecg,REF_VW_AREA,-1.0000,256,5,655,655,3.0534,34.49969158,4.598130e-05,0.04625000,0,-1.00000000
ecg_100,ecg,SPAN,0.0000,256,5,655,655,3.0534,35.36898456,3.764020e-05,0.02333333,0,-1.00000000
ecg_100,ecg,SPAN,0.2500,256,5,655,655,3.0534,35.20289819,3.910755e-05,0.02750000,0,-1.00000000
ecg_100,ecg,SPAN,0.5000,256,5,655,655,3.0534,35.04621904,4.054418e-05,0.03333333,0,-1.00000000
ecg_100,ecg,SPAN,0.7500,256,5,655,655,3.0534,34.71473782,4.375993e-05,0.02750000,0,-1.00000000
ecg_100,ecg,SPAN,1.0000,256,5,655,655,3.0534,34.49969158,4.598130e-05,0.04625000,0,-1.00000000
ecg_100,ecg,SPAN,1.2500,256,5,655,655,3.0534,34.37209486,4.735228e-05,0.04750000,0,-1.00000000
ecg_100,ecg,SPAN,1.5000,256,5,655,655,3.0534,33.76341210,5.447650e-05,0.06000000,0,-1.00000000
ecg_100,ecg,SPAN,2.0000,256,5,655,655,3.0534,32.07574646,8.034812e-05,0.08750000,0,-1.00000000
ecg_100,ecg,REF_INTERP_ERROR,-1.0000,256,10,455,455,4.3956,32.69891692,6.960792e-05,0.03500000,0,-1.00000000
ecg_100,ecg,REF_VW_AREA,-1.0000,256,10,455,455,4.3956,31.77163862,8.617604e-05,0.06000000,0,-1.00000000
ecg_100,ecg,SPAN,0.0000,256,10,455,455,4.3956,32.69891692,6.960792e-05,0.03500000,0,-1.00000000
ecg_100,ecg,SPAN,0.2500,256,10,455,455,4.3956,32.34031816,7.559944e-05,0.04000000,0,-1.00000000
ecg_100,ecg,SPAN,0.5000,256,10,455,455,4.3956,32.38659700,7.479812e-05,0.04000000,0,-1.00000000
ecg_100,ecg,SPAN,0.7500,256,10,455,455,4.3956,32.06409120,8.056404e-05,0.05166667,0,-1.00000000
ecg_100,ecg,SPAN,1.0000,256,10,455,455,4.3956,31.77163862,8.617604e-05,0.06000000,0,-1.00000000
ecg_100,ecg,SPAN,1.2500,256,10,455,455,4.3956,30.95937708,1.038993e-04,0.07000000,0,-1.00000000
ecg_100,ecg,SPAN,1.5000,256,10,455,455,4.3956,30.41612602,1.177437e-04,0.10250000,0,-1.00000000
ecg_100,ecg,SPAN,2.0000,256,10,455,455,4.3956,29.39308303,1.490191e-04,0.11000000,0,-1.00000000
ecg_100,ecg,REF_INTERP_ERROR,-1.0000,256,20,355,355,5.6338,30.41853110,1.176785e-04,0.05545455,0,-1.00000000
ecg_100,ecg,REF_VW_AREA,-1.0000,256,20,355,355,5.6338,30.65009733,1.115683e-04,0.06250000,0,-1.00000000
ecg_100,ecg,SPAN,0.0000,256,20,355,355,5.6338,30.41853110,1.176785e-04,0.05545455,0,-1.00000000
ecg_100,ecg,SPAN,0.2500,256,20,355,355,5.6338,30.94601730,1.042194e-04,0.05545455,0,-1.00000000
ecg_100,ecg,SPAN,0.5000,256,20,355,355,5.6338,31.05002315,1.017532e-04,0.04888889,0,-1.00000000
ecg_100,ecg,SPAN,0.7500,256,20,355,355,5.6338,31.00391015,1.028394e-04,0.05166667,0,-1.00000000
ecg_100,ecg,SPAN,1.0000,256,20,355,355,5.6338,30.65009733,1.115683e-04,0.06250000,0,-1.00000000
ecg_100,ecg,SPAN,1.2500,256,20,355,355,5.6338,29.66839027,1.398657e-04,0.08750000,0,-1.00000000
ecg_100,ecg,SPAN,1.5000,256,20,355,355,5.6338,29.22679227,1.548357e-04,0.11000000,0,-1.00000000
ecg_100,ecg,SPAN,2.0000,256,20,355,355,5.6338,28.67846323,1.756726e-04,0.13250000,0,-1.00000000
ecg_100,ecg,REF_INTERP_ERROR,-1.0000,256,50,295,295,6.7797,28.19566145,1.963289e-04,0.09114286,0,-1.00000000
ecg_100,ecg,REF_VW_AREA,-1.0000,256,50,295,295,6.7797,29.44366855,1.472935e-04,0.07850000,0,-1.00000000
ecg_100,ecg,SPAN,0.0000,256,50,295,295,6.7797,28.19566145,1.963289e-04,0.09114286,0,-1.00000000
ecg_100,ecg,SPAN,0.2500,256,50,295,295,6.7797,29.90328180,1.325019e-04,0.05968750,0,-1.00000000
ecg_100,ecg,SPAN,0.5000,256,50,295,295,6.7797,29.83270834,1.346727e-04,0.06000000,0,-1.00000000
ecg_100,ecg,SPAN,0.7500,256,50,295,295,6.7797,29.82230194,1.349958e-04,0.06000000,0,-1.00000000
ecg_100,ecg,SPAN,1.0000,256,50,295,295,6.7797,29.44366855,1.472935e-04,0.07850000,0,-1.00000000
ecg_100,ecg,SPAN,1.2500,256,50,295,295,6.7797,28.66367226,1.762719e-04,0.10250000,0,-1.00000000
ecg_100,ecg,SPAN,1.5000,256,50,295,295,6.7797,28.23476880,1.945689e-04,0.11000000,0,-1.00000000
ecg_100,ecg,SPAN,2.0000,256,50,295,295,6.7797,27.05096367,2.555371e-04,0.15611111,0,-1.00000000
ecg_100,ecg,REF_INTERP_ERROR,-1.0000,256,100,275,275,7.2727,26.74100895,2.744413e-04,0.09114286,0,-1.00000000
ecg_100,ecg,REF_VW_AREA,-1.0000,256,100,275,275,7.2727,28.58375186,1.795458e-04,0.08500000,0,-1.00000000
ecg_100,ecg,SPAN,0.0000,256,100,275,275,7.2727,26.74100895,2.744413e-04,0.09114286,0,-1.00000000
ecg_100,ecg,SPAN,0.2500,256,100,275,275,7.2727,28.37984166,1.881769e-04,0.08638889,0,-1.00000000
ecg_100,ecg,SPAN,0.5000,256,100,275,275,7.2727,29.36613339,1.499467e-04,0.06647059,0,-1.00000000
ecg_100,ecg,SPAN,0.7500,256,100,275,275,7.2727,28.94261485,1.653061e-04,0.08272727,0,-1.00000000
ecg_100,ecg,SPAN,1.0000,256,100,275,275,7.2727,28.58375186,1.795458e-04,0.08500000,0,-1.00000000
ecg_100,ecg,SPAN,1.2500,256,100,275,275,7.2727,28.29637943,1.918282e-04,0.10250000,0,-1.00000000
ecg_100,ecg,SPAN,1.5000,256,100,275,275,7.2727,27.94422131,2.080311e-04,0.11000000,0,-1.00000000
ecg_100,ecg,SPAN,2.0000,256,100,275,275,7.2727,26.24383350,3.077280e-04,0.16000000,0,-1.00000000
ecg_100,ecg,REF_INTERP_ERROR,-1.0000,512,2,1511,1511,1.3236,50.17368913,1.245035e-06,0.00500000,0,-1.00000000
ecg_100,ecg,REF_VW_AREA,-1.0000,512,2,1511,1511,1.3236,49.96986088,1.304861e-06,0.00500000,0,-1.00000000
ecg_100,ecg,SPAN,0.0000,512,2,1511,1511,1.3236,50.17368913,1.245035e-06,0.00500000,0,-1.00000000
ecg_100,ecg,SPAN,0.2500,512,2,1511,1511,1.3236,50.33029970,1.200937e-06,0.00500000,0,-1.00000000
ecg_100,ecg,SPAN,0.5000,512,2,1511,1511,1.3236,50.30775646,1.207187e-06,0.00500000,0,-1.00000000
ecg_100,ecg,SPAN,0.7500,512,2,1511,1511,1.3236,50.29927049,1.209549e-06,0.00500000,0,-1.00000000
ecg_100,ecg,SPAN,1.0000,512,2,1511,1511,1.3236,49.96986088,1.304861e-06,0.00500000,0,-1.00000000
ecg_100,ecg,SPAN,1.2500,512,2,1511,1511,1.3236,49.34153035,1.507986e-06,0.00500000,0,-1.00000000
ecg_100,ecg,SPAN,1.5000,512,2,1511,1511,1.3236,49.34153035,1.507986e-06,0.00500000,0,-1.00000000
ecg_100,ecg,SPAN,2.0000,512,2,1511,1511,1.3236,49.16228314,1.571528e-06,0.00750000,0,-1.00000000
ecg_100,ecg,REF_INTERP_ERROR,-1.0000,512,3,1178,1178,1.6978,44.27919304,4.837612e-06,0.00833333,0,-1.00000000
ecg_100,ecg,REF_VW_AREA,-1.0000,512,3,1178,1178,1.6978,43.95889245,5.207882e-06,0.01000000,0,-1.00000000
ecg_100,ecg,SPAN,0.0000,512,3,1178,1178,1.6978,44.27919304,4.837612e-06,0.00833333,0,-1.00000000
ecg_100,ecg,SPAN,0.2500,512,3,1178,1178,1.6978,44.43385288,4.668368e-06,0.00833333,0,-1.00000000
ecg_100,ecg,SPAN,0.5000,512,3,1178,1178,1.6978,44.37380101,4.733368e-06,0.00833333,0,-1.00000000
ecg_100,ecg,SPAN,0.7500,512,3,1178,1178,1.6978,44.23704330,4.884792e-06,0.01000000,0,-1.00000000
ecg_100,ecg,SPAN,1.0000,512,3,1178,1178,1.6978,43.95889245,5.207882e-06,0.01000000,0,-1.00000000
ecg_100,ecg,SPAN,1.2500,512,3,1178,1178,1.6978,43.57252635,5.692431e-06,0.01100000,0,-1.00000000
ecg_100,ecg,SPAN,1.5000,512,3,1178,1178,1.6978,43.54927684,5.722986e-06,0.01100000,0,-1.00000000
ecg_100,ecg,SPAN,2.0000,512,3,1178,1178,1.6978,43.14706006,6.278333e-06,0.01500000,0,-1.00000000
ecg_100,ecg,REF_INTERP_ERROR,-1.0000,512,5,911,911,2.1954,40.07064069,1.274930e-05,0.01400000,0,-1.00000000
ecg_100,ecg,REF_VW_AREA,-1.0000,512,5,911,911,2.1954,39.89413461,1.327813e-05,0.01750000,0,-1.00000000
ecg_100,ecg,SPAN,0.0000,512,5,911,911,2.1954,40.07064069,1.274930e-05,0.01400000,0,-1.00000000
ecg_100,ecg,SPAN,0.2500,512,5,911,911,2.1954,40.06247506,1.277329e-05,0.01400000,0,-1.00000000
ecg_100,ecg,SPAN,0.5000,512,5,911,911,2.1954,40.08512410,1.270685e-05,0.01500000,0,-1.00000000
ecg_100,ecg,SPAN,0.7500,512,5,911,911,2.1954,40.07345835,1.274103e-05,0.01500000,0,-1.00000000
ecg_100,ecg,SPAN,1.0000,512,5,911,911,2.1954,39.89413461,1.327813e-05,0.01750000,0,-1.00000000
ecg_100,ecg,SPAN,1.2500,512,5,911,911,2.1954,39.73737228,1.376617e-05,0.02000000,0,-1.00000000
ecg_100,ecg,SPAN,1.5000,512,5,911,911,2.1954,39.15167247,1.575372e-05,0.02500000,0,-1.00000000
ecg_100,ecg,SPAN,2.0000,512,5,911,911,2.1954,38.49231983,1.833658e-05,0.03250000,0,-1.00000000
ecg_100,ecg,REF_INTERP_ERROR,-1.0000,512,10,711,711,2.8129,36.66530758,2.792670e-05,0.02700000,0,-1.00000000
ecg_100,ecg,REF_VW_AREA,-1.0000,512,10,711,711,2.8129,36.43333530,2.945892e-05,0.03000000,0,-1.00000000
ecg_100,ecg,SPAN,0.0000,512,10,711,711,2.8129,36.66530758,2.792670e-05,0.02700000,0,-1.00000000
ecg_100,ecg,SPAN,0.2500,512,10,711,711,2.8129,36.84188478,2.681402e-05,0.02192308,0,-1.00000000
ecg_100,ecg,SPAN,0.5000,512,10,711,711,2.8129,36.89868169,2.646563e-05,0.02300000,0,-1.00000000
ecg_100,ecg,SPAN,0.7500,512,10,711,711,2.8129,36.55935808,2.861637e-05,0.02500000,0,-1.00000000
ecg_100,ecg,SPAN,1.0000,512,10,711,711,2.8129,36.43333530,2.945892e-05,0.03000000,0,-1.00000000
ecg_100,ecg,SPAN,1.2500,512,10,711,711,2.8129,36.29398228,3.041951e-05,0.03500000,0,-1.00000000
ecg_100,ecg,SPAN,1.5000,512,10,711,711,2.8129,35.68315096,3.501348e-05,0.04666667,0,-1.00000000
ecg_100,ecg,SPAN,2.0000,512,10,711,711,2.8129,33.89283543,5.287700e-05,0.06750000,0,-1.00000000
ecg_100,ecg,REF_INTERP_ERROR,-1.0000,512,20,611,611,3.2733,35.02732048,4.072099e-05,0.02700000,0,-1.00000000
ecg_100,ecg,REF_VW_AREA,-1.0000,512,20,611,611,3.2733,34.97762133,4.118966e-05,0.03500000,0,-1.00000000
ecg_100,ecg,SPAN,0.0000,512,20,611,611,3.2733,35.02732048,4.072099e-05,0.02700000,0,-1.00000000
ecg_100,ecg,SPAN,0.2500,512,20,611,611,3.2733,35.21852163,3.896711e-05,0.02961538,0,-1.00000000
ecg_100,ecg,SPAN,0.5000,512,20,611,611,3.2733,35.36847558,3.764461e-05,0.02333333,0,-1.00000000
ecg_100,ecg,SPAN,0.7500,512,20,611,611,3.2733,35.14786314,3.960628e-05,0.03000000,0,-1.00000000
ecg_100,ecg,SPAN,1.0000,512,20,611,611,3.2733,34.97762133,4.118966e-05,0.03500000,0,-1.00000000
ecg_100,ecg,SPAN,1.2500,512,20,611,611,3.2733,34.41833549,4.685078e-05,0.04750000,0,-1.00000000
ecg_100,ecg,SPAN,1.5000,512,20,611,611,3.2733,33.96618644,5.199143e-05,0.05750000,0,-1.00000000
ecg_100,ecg,SPAN,2.0000,512,20,611,611,3.2733,32.67816714,6.994129e-05,0.07750000,0,-1.00000000
ecg_100,ecg,REF_INTERP_ERROR,-1.0000,512,50,551,551,3.6298,33.21902263,6.175159e-05,0.05559524,0,-1.00000000
ecg_100,ecg,REF_VW_AREA,-1.0000,512,50,551,551,3.6298,33.75188785,5.462124e-05,0.04888889,0,-1.00000000
ecg_100,ecg,SPAN,0.0000,512,50,551,551,3.6298,33.21902263,6.175159e-05,0.05559524,0,-1.00000000
ecg_100,ecg,SPAN,0.2500,512,50,551,551,3.6298,34.20864398,4.916839e-05,0.02750000,0,-1.00000000
ecg_100,ecg,SPAN,0.5000,512,50,551,551,3.6298,34.05915782,5.089025e-05,0.03588235,0,-1.00000000
ecg_100,ecg,SPAN,0.7500,512,50,551,551,3.6298,34.09361675,5.048806e-05,0.04888889,0,-1.00000000
ecg_100,ecg,SPAN,1.0000,512,50,551,551,3.6298,33.75188785,5.462124e-05,0.04888889,0,-1.00000000
ecg_100,ecg,SPAN,1.2500,512,50,551,551,3.6298,33.20455958,6.195758e-05,0.05000000,0,-1.00000000
ecg_100,ecg,SPAN,1.5000,512,50,551,551,3.6298,32.72335811,6.921729e-05,0.06250000,0,-1.00000000
ecg_100,ecg,SPAN,2.0000,512,50,551,551,3.6298,31.48942673,9.196185e-05,0.08750000,0,-1.00000000
ecg_100,ecg,REF_INTERP_ERROR,-1.0000,512,100,531,531,3.7665,32.21066018,7.789048e-05,0.06295455,0,-1.00000000
ecg_100,ecg,REF_VW_AREA,-1.0000,512,100,531,531,3.7665,33.69801259,5.530305e-05,0.04625000,0,-1.00000000
ecg_100,ecg,SPAN,0.0000,512,100,531,531,3.7665,32.21066018,7.789048e-05,0.06295455,0,-1.00000000
ecg_100,ecg,SPAN,0.2500,512,100,531,531,3.7665,34.15180514,4.981612e-05,0.02750000,0,-1.00000000
ecg_100,ecg,SPAN,0.5000,512,100,531,531,3.7665,33.77710452,5.430501e-05,0.04888889,0,-1.00000000
ecg_100,ecg,SPAN,0.7500,512,100,531,531,3.7665,33.90606074,5.271622e-05,0.04888889,0,-1.00000000
ecg_100,ecg,SPAN,1.0000,512,100,531,531,3.7665,33.69801259,5.530305e-05,0.04625000,0,-1.00000000
ecg_100,ecg,SPAN,1.2500,512,100,531,531,3.7665,33.06456142,6.398737e-05,0.05000000,0,-1.00000000
ecg_100,ecg,SPAN,1.5000,512,100,531,531,3.7665,32.64005936,7.055770e-05,0.06250000,0,-1.00000000
ecg_100,ecg,SPAN,2.0000,512,100,531,531,3.7665,30.97677109,1.034840e-04,0.10250000,0,-1.00000000
ecg_101,ecg,REF_INTERP_ERROR,-1.0000,32,2,1031,1031,1.9399,43.65741780,5.861974e-06,0.01100000,0,-1.00000000
ecg_101,ecg,REF_VW_AREA,-1.0000,32,2,1031,1031,1.9399,42.98934661,6.836771e-06,0.01500000,0,-1.00000000
ecg_101,ecg,SPAN,0.0000,32,2,1031,1031,1.9399,43.65741780,5.861974e-06,0.01100000,0,-1.00000000
ecg_101,ecg,SPAN,0.2500,32,2,1031,1031,1.9399,43.63171068,5.896776e-06,0.01250000,0,-1.00000000
ecg_101,ecg,SPAN,0.5000,32,2,1031,1031,1.9399,43.50132323,6.076498e-06,0.01500000,0,-1.00000000
ecg_101,ecg,SPAN,0.7500,32,2,1031,1031,1.9399,43.28154714,6.391915e-06,0.01500000,0,-1.00000000
ecg_101,ecg,SPAN,1.0000,32,2,1031,1031,1.9399,42.98934661,6.836771e-06,0.01500000,0,-1.00000000
ecg_101,ecg,SPAN,1.2500,32,2,1031,1031,1.9399,42.70710779,7.295833e-06,0.01500000,0,-1.00000000
ecg_101,ecg,SPAN,1.5000,32,2,1031,1031,1.9399,42.52504080,7.608194e-06,0.01500000,0,-1.00000000
ecg_101,ecg,SPAN,2.0000,32,2,1031,1031,1.9399,41.52001671,9.589236e-06,0.02750000,0,-1.00000000
ecg_101,ecg,REF_INTERP_ERROR,-1.0000,32,3,698,698,2.8653,37.72728393,2.296452e-05,0.02500000,0,-1.00000000
ecg_101,ecg,REF_VW_AREA,-1.0000,32,3,698,698,2.8653,36.73515558,2.885826e-05,0.04250000,0,-1.00000000
ecg_101,ecg,SPAN,0.0000,32,3,698,698,2.8653,37.72728393,2.296452e-05,0.02500000,0,-1.00000000
ecg_101,ecg,SPAN,0.2500,32,3,698,698,2.8653,37.70692670,2.307241e-05,0.02500000,0,-1.00000000
ecg_101,ecg,SPAN,0.5000,32,3,698,698,2.8653,37.40286995,2.474564e-05,0.03000000,0,-1.00000000
ecg_101,ecg,SPAN,0.7500,32,3,698,698,2.8653,36.98166434,2.726586e-05,0.03000000,0,-1.00000000
ecg_101,ecg,SPAN,1.0000,32,3,698,698,2.8653,36.73515558,2.885826e-05,0.04250000,0,-1.00000000
ecg_101,ecg,SPAN,1.2500,32,3,698,698,2.8653,36.34729507,3.155413e-05,0.04250000,0,-1.00000000
ecg_101,ecg,SPAN,1.5000,32,3,698,698,2.8653,35.95319024,3.455148e-05,0.04750000,0,-1.00000000
ecg_101,ecg,SPAN,2.0000,32,3,698,698,2.8653,35.04382861,4.259934e-05,0.05500000,0,-1.00000000
ecg_101,ecg,REF_INTERP_ERROR,-1.0000,32,5,431,431,4.6404,32.24308213,8.118531e-05,0.03625000,0,-1.00000000
ecg_101,ecg,REF_VW_AREA,-1.0000,32,5,431,431,4.6404,31.56699684,9.486063e-05,0.06000000,0,-1.00000000
ecg_101,ecg,SPAN,0.0000,32,5,431,431,4.6404,32.24308213,8.118531e-05,0.03625000,0,-1.00000000
ecg_101,ecg,SPAN,0.2500,32,5,431,431,4.6404,31.96161571,8.662118e-05,0.03833333,0,-1.00000000
ecg_101,ecg,SPAN,0.5000,32,5,431,431,4.6404,31.99060500,8.604491e-05,0.03625000,0,-1.00000000
ecg_101,ecg,SPAN,0.7500,32,5,431,431,4.6404,31.88800189,8.810194e-05,0.04750000,0,-1.00000000
ecg_101,ecg,SPAN,1.0000,32,5,431,431,4.6404,31.56699684,9.486063e-05,0.06000000,0,-1.00000000
ecg_101,ecg,SPAN,1.2500,32,5,431,431,4.6404,30.84631824,1.119835e-04,0.08500000,0,-1.00000000
ecg_101,ecg,SPAN,1.5000,32,5,431,431,4.6404,30.20941091,1.296715e-04,0.09000000,0,-1.00000000
ecg_101,ecg,SPAN,2.0000,32,5,431,431,4.6404,29.44959607,1.544636e-04,0.10250000,0,-1.00000000
ecg_101,ecg,REF_INTERP_ERROR,-1.0000,32,10,231,231,8.6580,28.95511856,1.730907e-04,0.04750000,0,-1.00000000
ecg_101,ecg,REF_VW_AREA,-1.0000,32,10,231,231,8.6580,27.87565019,2.219324e-04,0.10250000,0,-1.00000000
ecg_101,ecg,SPAN,0.0000,32,10,231,231,8.6580,28.95511856,1.730907e-04,0.04750000,0,-1.00000000
ecg_101,ecg,SPAN,0.2500,32,10,231,231,8.6580,29.23481882,1.622945e-04,0.04681818,0,-1.00000000
ecg_101,ecg,SPAN,0.5000,32,10,231,231,8.6580,28.39104899,1.970973e-04,0.09625000,0,-1.00000000
ecg_101,ecg,SPAN,0.7500,32,10,231,231,8.6580,28.50251912,1.921028e-04,0.09000000,0,-1.00000000
ecg_101,ecg,SPAN,1.0000,32,10,231,231,8.6580,27.87565019,2.219324e-04,0.10250000,0,-1.00000000
ecg_101,ecg,SPAN,1.2500,32,10,231,231,8.6580,27.53169300,2.402240e-04,0.11500000,0,-1.00000000
ecg_101,ecg,SPAN,1.5000,32,10,231,231,8.6580,26.82399482,2.827393e-04,0.14700000,0,-1.00000000
ecg_101,ecg,SPAN,2.0000,32,10,231,231,8.6580,24.89815575,4.405245e-04,0.23666667,0,-1.00000000
ecg_101,ecg,REF_INTERP_ERROR,-1.0000,32,20,131,131,15.2672,24.46010283,4.872764e-04,0.12552632,0,-1.00000000
ecg_101,ecg,REF_VW_AREA,-1.0000,32,20,131,131,15.2672,21.73403974,9.128128e-04,0.40571429,0,-1.00000000
ecg_101,ecg,SPAN,0.0000,32,20,131,131,15.2672,24.46010283,4.872764e-04,0.12552632,0,-1.00000000
ecg_101,ecg,SPAN,0.2500,32,20,131,131,15.2672,25.51207277,3.824533e-04,0.10695652,0,-1.00000000
ecg_101,ecg,SPAN,0.5000,32,20,131,131,15.2672,25.29347583,4.021963e-04,0.11500000,0,-1.00000000
ecg_101,ecg,SPAN,0.7500,32,20,131,131,15.2672,22.92843689,6.933332e-04,0.36642857,0,-1.00000000
ecg_101,ecg,SPAN,1.0000,32,20,131,131,15.2672,21.73403974,9.128128e-04,0.40571429,0,-1.00000000
ecg_101,ecg,SPAN,1.2500,32,20,131,131,15.2672,22.47309200,7.699747e-04,0.28785714,0,-1.00000000
ecg_101,ecg,SPAN,1.5000,32,20,131,131,15.2672,21.31905823,1.004338e-03,0.36642857,0,-1.00000000
ecg_101,ecg,SPAN,2.0000,32,20,131,131,15.2672,19.54813313,1.509984e-03,0.42800000,0,-1.00000000
ecg_101,ecg,REF_INTERP_ERROR,-1.0000,32,50,71,71,28.1690,16.55316650,3.009325e-03,0.23500000,0,-1.00000000
ecg_101,ecg,REF_VW_AREA,-1.0000,32,50,71,71,28.1690,9.07300480,1.684555e-02,1.01833333,0,-1.00000000
ecg_101,ecg,SPAN,0.0000,32,50,71,71,28.1690,16.55316650,3.009325e-03,0.23500000,0,-1.00000000
ecg_101,ecg,SPAN,0.2500,32,50,71,71,28.1690,11.50882372,9.613982e-03,0.96405405,0,-1.00000000
ecg_101,ecg,SPAN,0.5000,32,50,71,71,28.1690,11.49589582,9.642643e-03,1.01833333,0,-1.00000000
ecg_101,ecg,SPAN,0.7500,32,50,71,71,28.1690,9.60195800,1.491385e-02,1.00500000,0,-1.00000000
ecg_101,ecg,SPAN,1.0000,32,50,71,71,28.1690,9.07300480,1.684555e-02,1.01833333,0,-1.00000000
ecg_101,ecg,SPAN,1.2500,32,50,71,71,28.1690,9.73050358,1.447889e-02,1.24700000,0,-1.00000000
ecg_101,ecg,SPAN,1.5000,32,50,71,71,28.1690,9.36058060,1.576622e-02,1.00500000,0,-1.00000000
ecg_101,ecg,SPAN,2.0000,32,50,71,71,28.1690,8.92120829,1.744475e-02,1.49740000,0,-1.00000000
ecg_101,ecg,REF_INTERP_ERROR,-1.0000,32,100,51,51,39.2157,10.89822313,1.106530e-02,0.35426829,0,-1.00000000
ecg_101,ecg,REF_VW_AREA,-1.0000,32,100,51,51,39.2157,3.72955085,5.765415e-02,1.21825581,0,-1.00000000
ecg_101,ecg,SPAN,0.0000,32,100,51,51,39.2157,10.89822313,1.106530e-02,0.35426829,0,-1.00000000
ecg_101,ecg,SPAN,0.2500,32,100,51,51,39.2157,5.92031441,3.481403e-02,1.21844828,0,-1.00000000
ecg_101,ecg,SPAN,0.5000,32,100,51,51,39.2157,5.43551904,3.892546e-02,1.21844828,0,-1.00000000
ecg_101,ecg,SPAN,0.7500,32,100,51,51,39.2157,5.84950355,3.538631e-02,1.21825581,0,-1.00000000
ecg_101,ecg,SPAN,1.0000,32,100,51,51,39.2157,3.72955085,5.765415e-02,1.21825581,0,-1.00000000
ecg_101,ecg,SPAN,1.2500,32,100,51,51,39.2157,7.13628603,2.631220e-02,1.52434211,0,-1.00000000
ecg_101,ecg,SPAN,1.5000,32,100,51,51,39.2157,6.12589618,3.320443e-02,1.52692308,0,-1.00000000
ecg_101,ecg,SPAN,2.0000,32,100,51,51,39.2157,7.44972281,2.448011e-02,1.52972973,0,-1.00000000
ecg_101,ecg,REF_INTERP_ERROR,-1.0000,64,2,1063,1063,1.8815,44.17449389,5.203988e-06,0.00875000,0,-1.00000000
ecg_101,ecg,REF_VW_AREA,-1.0000,64,2,1063,1063,1.8815,43.54647836,6.013646e-06,0.01000000,0,-1.00000000
ecg_101,ecg,SPAN,0.0000,64,2,1063,1063,1.8815,44.17449389,5.203988e-06,0.00875000,0,-1.00000000
ecg_101,ecg,SPAN,0.2500,64,2,1063,1063,1.8815,44.13030373,5.257210e-06,0.01062500,0,-1.00000000
ecg_101,ecg,SPAN,0.5000,64,2,1063,1063,1.8815,44.15623945,5.225908e-06,0.00916667,0,-1.00000000
ecg_101,ecg,SPAN,0.7500,64,2,1063,1063,1.8815,44.00362302,5.412817e-06,0.01000000,0,-1.00000000
ecg_101,ecg,SPAN,1.0000,64,2,1063,1063,1.8815,43.54647836,6.013646e-06,0.01000000,0,-1.00000000
ecg_101,ecg,SPAN,1.2500,64,2,1063,1063,1.8815,43.13481576,6.611562e-06,0.01000000,0,-1.00000000
ecg_101,ecg,SPAN,1.5000,64,2,1063,1063,1.8815,43.07602861,6.701667e-06,0.01250000,0,-1.00000000
ecg_101,ecg,SPAN,2.0000,64,2,1063,1063,1.8815,42.43017408,7.776215e-06,0.01333333,0,-1.00000000
ecg_101,ecg,REF_INTERP_ERROR,-1.0000,64,3,730,730,2.7397,38.48596515,1.928365e-05,0.01750000,0,-1.00000000
ecg_101,ecg,REF_VW_AREA,-1.0000,64,3,730,730,2.7397,37.48196816,2.429903e-05,0.03250000,0,-1.00000000
ecg_101,ecg,SPAN,0.0000,64,3,730,730,2.7397,38.48596515,1.928365e-05,0.01750000,0,-1.00000000
ecg_101,ecg,SPAN,0.2500,64,3,730,730,2.7397,38.48023194,1.930912e-05,0.01750000,0,-1.00000000
ecg_101,ecg,SPAN,0.5000,64,3,730,730,2.7397,38.13929647,2.088604e-05,0.02750000,0,-1.00000000
ecg_101,ecg,SPAN,0.7500,64,3,730,730,2.7397,37.93101980,2.191208e-05,0.02750000,0,-1.00000000
ecg_101,ecg,SPAN,1.0000,64,3,730,730,2.7397,37.48196816,2.429903e-05,0.03250000,0,-1.00000000
ecg_101,ecg,SPAN,1.2500,64,3,730,730,2.7397,36.92106572,2.764898e-05,0.03250000,0,-1.00000000
ecg_101,ecg,SPAN,1.5000,64,3,730,730,2.7397,36.65543709,2.939287e-05,0.03833333,0,-1.00000000
ecg_101,ecg,SPAN,2.0000,64,3,730,730,2.7397,35.88482914,3.509965e-05,0.04750000,0,-1.00000000
ecg_101,ecg,REF_INTERP_ERROR,-1.0000,64,5,463,463,4.3197,32.79354957,7.152053e-05,0.03625000,0,-1.00000000
ecg_101,ecg,REF_VW_AREA,-1.0000,64,5,463,463,4.3197,32.20323619,8.193361e-05,0.06000000,0,-1.00000000
ecg_101,ecg,SPAN,0.0000,64,5,463,463,4.3197,32.79354957,7.152053e-05,0.03625000,0,-1.00000000
ecg_101,ecg,SPAN,0.2500,64,5,463,463,4.3197,32.54768537,7.568628e-05,0.03625000,0,-1.00000000
ecg_101,ecg,SPAN,0.5000,64,5,463,463,4.3197,32.51676931,7.622699e-05,0.03625000,0,-1.00000000
ecg_101,ecg,SPAN,0.7500,64,5,463,463,4.3197,32.56494020,7.538617e-05,0.04000000,0,-1.00000000
ecg_101,ecg,SPAN,1.0000,64,5,463,463,4.3197,32.20323619,8.193361e-05,0.06000000,0,-1.00000000
ecg_101,ecg,SPAN,1.2500,64,5,463,463,4.3197,31.75108403,9.092374e-05,0.06500000,0,-1.00000000
ecg_101,ecg,SPAN,1.5000,64,5,463,463,4.3197,31.08597888,1.059712e-04,0.10250000,0,-1.00000000
ecg_101,ecg,SPAN,2.0000,64,5,463,463,4.3197,30.07735336,1.336750e-04,0.10250000,0,-1.00000000
ecg_101,ecg,REF_INTERP_ERROR,-1.0000,64,10,263,263,7.6046,29.21498968,1.630372e-04,0.04750000,0,-1.00000000
ecg_101,ecg,REF_VW_AREA,-1.0000,64,10,263,263,7.6046,28.45177506,1.943606e-04,0.10500000,0,-1.00000000
ecg_101,ecg,SPAN,0.0000,64,10,263,263,7.6046,29.21498968,1.630372e-04,0.04750000,0,-1.00000000
ecg_101,ecg,SPAN,0.2500,64,10,263,263,7.6046,29.67745988,1.465682e-04,0.04681818,0,-1.00000000
ecg_101,ecg,SPAN,0.5000,64,10,263,263,7.6046,29.35973123,1.576931e-04,0.06625000,0,-1.00000000
ecg_101,ecg,SPAN,0.7500,64,10,263,263,7.6046,29.12101521,1.666035e-04,0.09000000,0,-1.00000000
ecg_101,ecg,SPAN,1.0000,64,10,263,263,7.6046,28.45177506,1.943606e-04,0.10500000,0,-1.00000000
ecg_101,ecg,SPAN,1.2500,64,10,263,263,7.6046,28.28210229,2.021043e-04,0.10500000,0,-1.00000000
ecg_101,ecg,SPAN,1.5000,64,10,263,263,7.6046,27.77101970,2.273441e-04,0.10250000,0,-1.00000000
ecg_101,ecg,SPAN,2.0000,64,10,263,263,7.6046,25.40917030,3.916234e-04,0.23666667,0,-1.00000000
ecg_101,ecg,REF_INTERP_ERROR,-1.0000,64,20,163,163,12.2699,25.65550802,3.700282e-04,0.10695652,0,-1.00000000
ecg_101,ecg,REF_VW_AREA,-1.0000,64,20,163,163,12.2699,24.53502709,4.789421e-04,0.23666667,0,-1.00000000
ecg_101,ecg,SPAN,0.0000,64,20,163,163,12.2699,25.65550802,3.700282e-04,0.10695652,0,-1.00000000
ecg_101,ecg,SPAN,0.2500,64,20,163,163,12.2699,26.29688646,3.192251e-04,0.10695652,0,-1.00000000
ecg_101,ecg,SPAN,0.5000,64,20,163,163,12.2699,26.51234944,3.037741e-04,0.10325000,0,-1.00000000
ecg_101,ecg,SPAN,0.7500,64,20,163,163,12.2699,25.13611394,4.170367e-04,0.16166667,0,-1.00000000
ecg_101,ecg,SPAN,1.0000,64,20,163,163,12.2699,24.53502709,4.789421e-04,0.23666667,0,-1.00000000
ecg_101,ecg,SPAN,1.2500,64,20,163,163,12.2699,23.90021546,5.543246e-04,0.23666667,0,-1.00000000
ecg_101,ecg,SPAN,1.5000,64,20,163,163,12.2699,22.75613356,7.213937e-04,0.36642857,0,-1.00000000
ecg_101,ecg,SPAN,2.0000,64,20,163,163,12.2699,22.42121872,7.792267e-04,0.22000000,0,-1.00000000
ecg_101,ecg,REF_INTERP_ERROR,-1.0000,64,50,103,103,19.4175,19.49213020,1.529582e-03,0.17508475,0,-1.00000000
ecg_101,ecg,REF_VW_AREA,-1.0000,64,50,103,103,19.4175,20.79758263,1.132472e-03,0.20285714,0,-1.00000000
ecg_101,ecg,SPAN,0.0000,64,50,103,103,19.4175,19.49213020,1.529582e-03,0.17508475,0,-1.00000000
ecg_101,ecg,SPAN,0.2500,64,50,103,103,19.4175,20.01370628,1.356485e-03,0.21500000,0,-1.00000000
ecg_101,ecg,SPAN,0.5000,64,50,103,103,19.4175,20.07746527,1.336716e-03,0.21500000,0,-1.00000000
ecg_101,ecg,SPAN,0.7500,64,50,103,103,19.4175,19.06569705,1.687392e-03,0.35750000,0,-1.00000000
ecg_101,ecg,SPAN,1.0000,64,50,103,103,19.4175,20.79758263,1.132472e-03,0.20285714,0,-1.00000000
ecg_101,ecg,SPAN,1.2500,64,50,103,103,19.4175,19.78849916,1.428683e-03,0.43888889,0,-1.00000000
ecg_101,ecg,SPAN,1.5000,64,50,103,103,19.4175,16.54606304,3.014251e-03,0.67333333,0,-1.00000000
ecg_101,ecg,SPAN,2.0000,64,50,103,103,19.4175,16.41300194,3.108032e-03,0.73750000,0,-1.00000000
ecg_101,ecg,REF_INTERP_ERROR,-1.0000,64,100,83,83,24.0964,13.76224816,5.722171e-03,0.28250000,0,-1.00000000
ecg_101,ecg,REF_VW_AREA,-1.0000,64,100,83,83,24.0964,19.48366653,1.532565e-03,0.36800000,0,-1.00000000
ecg_101,ecg,SPAN,0.0000,64,100,83,83,24.0964,13.76224816,5.722171e-03,0.28250000,0,-1.00000000
ecg_101,ecg,SPAN,0.2500,64,100,83,83,24.0964,14.56072291,4.761167e-03,0.31959016,0,-1.00000000
ecg_101,ecg,SPAN,0.5000,64,100,83,83,24.0964,15.56310194,3.779858e-03,0.38909091,0,-1.00000000
ecg_101,ecg,SPAN,0.7500,64,100,83,83,24.0964,19.42766651,1.552455e-03,0.20285714,0,-1.00000000
ecg_101,ecg,SPAN,1.0000,64,100,83,83,24.0964,19.48366653,1.532565e-03,0.36800000,0,-1.00000000
ecg_101,ecg,SPAN,1.2500,64,100,83,83,24.0964,16.66183506,2.934960e-03,0.73750000,0,-1.00000000
ecg_101,ecg,SPAN,1.5000,64,100,83,83,24.0964,15.49351541,3.840910e-03,0.81052632,0,-1.00000000
ecg_101,ecg,SPAN,2.0000,64,100,83,83,24.0964,12.12442803,8.343396e-03,0.86227273,0,-1.00000000
ecg_101,ecg,REF_INTERP_ERROR,-1.0000,128,2,1127,1127,1.7746,44.75578319,4.552054e-06,0.00875000,0,-1.00000000
ecg_101,ecg,REF_VW_AREA,-1.0000,128,2,1127,1127,1.7746,44.27710839,5.082470e-06,0.01000000,0,-1.00000000
ecg_101,ecg,SPAN,0.0000,128,2,1127,1127,1.7746,44.75578319,4.552054e-06,0.00875000,0,-1.00000000
ecg_101,ecg,SPAN,0.2500,128,2,1127,1127,1.7746,44.92116604,4.381967e-06,0.01062500,0,-1.00000000
ecg_101,ecg,SPAN,0.5000,128,2,1127,1127,1.7746,44.84237386,4.462192e-06,0.00833333,0,-1.00000000
ecg_101,ecg,SPAN,0.7500,128,2,1127,1127,1.7746,44.56815512,4.753026e-06,0.00833333,0,-1.00000000
ecg_101,ecg,SPAN,1.0000,128,2,1127,1127,1.7746,44.27710839,5.082470e-06,0.01000000,0,-1.00000000
ecg_101,ecg,SPAN,1.2500,128,2,1127,1127,1.7746,43.70248506,5.801458e-06,0.01000000,0,-1.00000000
ecg_101,ecg,SPAN,1.5000,128,2,1127,1127,1.7746,43.66975370,5.845347e-06,0.01000000,0,-1.00000000
ecg_101,ecg,SPAN,2.0000,128,2,1127,1127,1.7746,42.98095112,6.850000e-06,0.01250000,0,-1.00000000
ecg_101,ecg,REF_INTERP_ERROR,-1.0000,128,3,794,794,2.5189,39.14826809,1.655613e-05,0.01400000,0,-1.00000000
ecg_101,ecg,REF_VW_AREA,-1.0000,128,3,794,794,2.5189,38.38844491,1.972156e-05,0.02750000,0,-1.00000000
ecg_101,ecg,SPAN,0.0000,128,3,794,794,2.5189,39.14826809,1.655613e-05,0.01400000,0,-1.00000000
ecg_101,ecg,SPAN,0.2500,128,3,794,794,2.5189,39.15552672,1.652848e-05,0.01500000,0,-1.00000000
ecg_101,ecg,SPAN,0.5000,128,3,794,794,2.5189,38.85381094,1.771759e-05,0.01875000,0,-1.00000000
ecg_101,ecg,SPAN,0.7500,128,3,794,794,2.5189,38.81809695,1.786389e-05,0.01900000,0,-1.00000000
ecg_101,ecg,SPAN,1.0000,128,3,794,794,2.5189,38.38844491,1.972156e-05,0.02750000,0,-1.00000000
ecg_101,ecg,SPAN,1.2500,128,3,794,794,2.5189,37.95856722,2.177354e-05,0.02625000,0,-1.00000000
ecg_101,ecg,SPAN,1.5000,128,3,794,794,2.5189,37.72186481,2.299319e-05,0.02750000,0,-1.00000000
ecg_101,ecg,SPAN,2.0000,128,3,794,794,2.5189,36.92962728,2.759453e-05,0.03833333,0,-1.00000000
ecg_101,ecg,REF_INTERP_ERROR,-1.0000,128,5,527,527,3.7951,33.52323513,6.045917e-05,0.03625000,0,-1.00000000
ecg_101,ecg,REF_VW_AREA,-1.0000,128,5,527,527,3.7951,32.93609054,6.921124e-05,0.04750000,0,-1.00000000
ecg_101,ecg,SPAN,0.0000,128,5,527,527,3.7951,33.52323513,6.045917e-05,0.03625000,0,-1.00000000
ecg_101,ecg,SPAN,0.2500,128,5,527,527,3.7951,33.17790006,6.546297e-05,0.03625000,0,-1.00000000
ecg_101,ecg,SPAN,0.5000,128,5,527,527,3.7951,33.29950100,6.365545e-05,0.03625000,0,-1.00000000
ecg_101,ecg,SPAN,0.7500,128,5,527,527,3.7951,33.48619754,6.097698e-05,0.03833333,0,-1.00000000
ecg_101,ecg,SPAN,1.0000,128,5,527,527,3.7951,32.93609054,6.921124e-05,0.04750000,0,-1.00000000
ecg_101,ecg,SPAN,1.2500,128,5,527,527,3.7951,32.29690525,8.018537e-05,0.06500000,0,-1.00000000
ecg_101,ecg,SPAN,1.5000,128,5,527,527,3.7951,32.14363270,8.306583e-05,0.06500000,0,-1.00000000
ecg_101,ecg,SPAN,2.0000,128,5,527,527,3.7951,30.78458009,1.135868e-04,0.10250000,0,-1.00000000
ecg_101,ecg,REF_INTERP_ERROR,-1.0000,128,10,327,327,6.1162,29.94540478,1.377987e-04,0.04750000,0,-1.00000000
ecg_101,ecg,REF_VW_AREA,-1.0000,128,10,327,327,6.1162,29.20160859,1.635403e-04,0.09400000,0,-1.00000000
ecg_101,ecg,SPAN,0.0000,128,10,327,327,6.1162,29.94540478,1.377987e-04,0.04750000,0,-1.00000000
ecg_101,ecg,SPAN,0.2500,128,10,327,327,6.1162,30.35340326,1.254427e-04,0.04250000,0,-1.00000000
ecg_101,ecg,SPAN,0.5000,128,10,327,327,6.1162,30.30672345,1.267983e-04,0.05333333,0,-1.00000000
ecg_101,ecg,SPAN,0.7500,128,10,327,327,6.1162,30.11187318,1.326167e-04,0.07000000,0,-1.00000000
ecg_101,ecg,SPAN,1.0000,128,10,327,327,6.1162,29.20160859,1.635403e-04,0.09400000,0,-1.00000000
ecg_101,ecg,SPAN,1.2500,128,10,327,327,6.1162,28.70150196,1.834998e-04,0.10250000,0,-1.00000000
ecg_101,ecg,SPAN,1.5000,128,10,327,327,6.1162,28.69159839,1.839187e-04,0.10250000,0,-1.00000000
ecg_101,ecg,SPAN,2.0000,128,10,327,327,6.1162,27.14093991,2.628401e-04,0.20285714,0,-1.00000000
ecg_101,ecg,REF_INTERP_ERROR,-1.0000,128,20,227,227,8.8106,27.56369382,2.384604e-04,0.07062500,0,-1.00000000
ecg_101,ecg,REF_VW_AREA,-1.0000,128,20,227,227,8.8106,27.39726219,2.477761e-04,0.10250000,0,-1.00000000
ecg_101,ecg,SPAN,0.0000,128,20,227,227,8.8106,27.56369382,2.384604e-04,0.07062500,0,-1.00000000
ecg_101,ecg,SPAN,0.2500,128,20,227,227,8.8106,28.16784951,2.074917e-04,0.07625000,0,-1.00000000
ecg_101,ecg,SPAN,0.5000,128,20,227,227,8.8106,27.77677398,2.270431e-04,0.09500000,0,-1.00000000
ecg_101,ecg,SPAN,0.7500,128,20,227,227,8.8106,27.50132822,2.419095e-04,0.10531250,0,-1.00000000
ecg_101,ecg,SPAN,1.0000,128,20,227,227,8.8106,27.39726219,2.477761e-04,0.10250000,0,-1.00000000
ecg_101,ecg,SPAN,1.2500,128,20,227,227,8.8106,26.80025420,2.842891e-04,0.12250000,0,-1.00000000
ecg_101,ecg,SPAN,1.5000,128,20,227,227,8.8106,25.58952418,3.756931e-04,0.23666667,0,-1.00000000
ecg_101,ecg,SPAN,2.0000,128,20,227,227,8.8106,25.65907165,3.697247e-04,0.18666667,0,-1.00000000
ecg_101,ecg,REF_INTERP_ERROR,-1.0000,128,50,167,167,11.9760,23.60998109,5.926354e-04,0.13712766,0,-1.00000000
ecg_101,ecg,REF_VW_AREA,-1.0000,128,50,167,167,11.9760,26.27789370,3.206242e-04,0.10687500,0,-1.00000000
ecg_101,ecg,SPAN,0.0000,128,50,167,167,11.9760,23.60998109,5.926354e-04,0.13712766,0,-1.00000000
ecg_101,ecg,SPAN,0.2500,128,50,167,167,11.9760,25.47215959,3.859844e-04,0.09200000,0,-1.00000000
ecg_101,ecg,SPAN,0.5000,128,50,167,167,11.9760,26.04037109,3.386480e-04,0.10166667,0,-1.00000000
ecg_101,ecg,SPAN,0.7500,128,50,167,167,11.9760,26.30922678,3.183193e-04,0.10250000,0,-1.00000000
ecg_101,ecg,SPAN,1.0000,128,50,167,167,11.9760,26.27789370,3.206242e-04,0.10687500,0,-1.00000000
ecg_101,ecg,SPAN,1.2500,128,50,167,167,11.9760,25.96335342,3.447072e-04,0.15187500,0,-1.00000000
ecg_101,ecg,SPAN,1.5000,128,50,167,167,11.9760,24.37746596,4.966370e-04,0.23666667,0,-1.00000000
ecg_101,ecg,SPAN,2.0000,128,50,167,167,11.9760,22.99148615,6.833404e-04,0.31000000,0,-1.00000000
ecg_101,ecg,REF_INTERP_ERROR,-1.0000,128,100,147,147,13.6054,19.11952378,1.666607e-03,0.17900000,0,-1.00000000
ecg_101,ecg,REF_VW_AREA,-1.0000,128,100,147,147,13.6054,25.08714448,4.217657e-04,0.15384615,0,-1.00000000
ecg_101,ecg,SPAN,0.0000,128,100,147,147,13.6054,19.11952378,1.666607e-03,0.17900000,0,-1.00000000
ecg_101,ecg,SPAN,0.2500,128,100,147,147,13.6054,24.89255126,4.410934e-04,0.09200000,0,-1.00000000
ecg_101,ecg,SPAN,0.5000,128,100,147,147,13.6054,24.65722171,4.656542e-04,0.12934783,0,-1.00000000
ecg_101,ecg,SPAN,0.7500,128,100,147,147,13.6054,25.20320862,4.106434e-04,0.10250000,0,-1.00000000
ecg_101,ecg,SPAN,1.0000,128,100,147,147,13.6054,25.08714448,4.217657e-04,0.15384615,0,-1.00000000
ecg_101,ecg,SPAN,1.2500,128,100,147,147,13.6054,24.52181963,4.804008e-04,0.23666667,0,-1.00000000
ecg_101,ecg,SPAN,1.5000,128,100,147,147,13.6054,24.09612748,5.298744e-04,0.23666667,0,-1.00000000
ecg_101,ecg,SPAN,2.0000,128,100,147,147,13.6054,23.39522736,6.226772e-04,0.21071429,0,-1.00000000
ecg_101,ecg,REF_INTERP_ERROR,-1.0000,256,2,1255,1255,1.5936,46.25418983,3.223790e-06,0.00666667,0,-1.00000000
ecg_101,ecg,REF_VW_AREA,-1.0000,256,2,1255,1255,1.5936,45.62359363,3.727574e-06,0.01000000,0,-1.00000000
ecg_101,ecg,SPAN,0.0000,256,2,1255,1255,1.5936,46.25418983,3.223790e-06,0.00666667,0,-1.00000000
ecg_101,ecg,SPAN,0.2500,256,2,1255,1255,1.5936,46.23607847,3.237262e-06,0.00750000,0,-1.00000000
ecg_101,ecg,SPAN,0.5000,256,2,1255,1255,1.5936,46.19966503,3.264519e-06,0.00750000,0,-1.00000000
ecg_101,ecg,SPAN,0.7500,256,2,1255,1255,1.5936,45.93651189,3.468442e-06,0.00833333,0,-1.00000000
ecg_101,ecg,SPAN,1.0000,256,2,1255,1255,1.5936,45.62359363,3.727574e-06,0.01000000,0,-1.00000000
ecg_101,ecg,SPAN,1.2500,256,2,1255,1255,1.5936,45.21196803,4.098160e-06,0.01000000,0,-1.00000000
ecg_101,ecg,SPAN,1.5000,256,2,1255,1255,1.5936,45.20759149,4.102292e-06,0.01000000,0,-1.00000000
ecg_101,ecg,SPAN,2.0000,256,2,1255,1255,1.5936,44.48557268,4.844271e-06,0.01000000,0,-1.00000000
ecg_101,ecg,REF_INTERP_ERROR,-1.0000,256,3,922,922,2.1692,40.73807924,1.148095e-05,0.01250000,0,-1.00000000
ecg_101,ecg,REF_VW_AREA,-1.0000,256,3,922,922,2.1692,39.99099576,1.363597e-05,0.01875000,0,-1.00000000
ecg_101,ecg,SPAN,0.0000,256,3,922,922,2.1692,40.73807924,1.148095e-05,0.01250000,0,-1.00000000
ecg_101,ecg,SPAN,0.2500,256,3,922,922,2.1692,40.60920382,1.182675e-05,0.01285714,0,-1.00000000
ecg_101,ecg,SPAN,0.5000,256,3,922,922,2.1692,40.46181328,1.223501e-05,0.01500000,0,-1.00000000
ecg_101,ecg,SPAN,0.7500,256,3,922,922,2.1692,40.30180978,1.269418e-05,0.01900000,0,-1.00000000
ecg_101,ecg,SPAN,1.0000,256,3,922,922,2.1692,39.99099576,1.363597e-05,0.01875000,0,-1.00000000
ecg_101,ecg,SPAN,1.2500,256,3,922,922,2.1692,39.52081506,1.519512e-05,0.02500000,0,-1.00000000
ecg_101,ecg,SPAN,1.5000,256,3,922,922,2.1692,39.46764969,1.538228e-05,0.02500000,0,-1.00000000
ecg_101,ecg,SPAN,2.0000,256,3,922,922,2.1692,38.86580711,1.766872e-05,0.02666667,0,-1.00000000
ecg_101,ecg,REF_INTERP_ERROR,-1.0000,256,5,655,655,3.0534,35.51334428,3.823413e-05,0.02600000,0,-1.00000000
ecg_101,ecg,REF_VW_AREA,-1.0000,256,5,655,655,3.0534,34.90200577,4.401342e-05,0.04250000,0,-1.00000000
ecg_101,ecg,SPAN,0.0000,256,5,655,655,3.0534,35.51334428,3.823413e-05,0.02600000,0,-1.00000000
ecg_101,ecg,SPAN,0.2500,256,5,655,655,3.0534,35.25683371,4.056041e-05,0.03625000,0,-1.00000000
ecg_101,ecg,SPAN,0.5000,256,5,655,655,3.0534,35.30217776,4.013913e-05,0.03625000,0,-1.00000000
ecg_101,ecg,SPAN,0.7500,256,5,655,655,3.0534,35.46021939,3.870470e-05,0.03000000,0,-1.00000000
ecg_101,ecg,SPAN,1.0000,256,5,655,655,3.0534,34.90200577,4.401342e-05,0.04250000,0,-1.00000000
ecg_101,ecg,SPAN,1.2500,256,5,655,655,3.0534,34.49423601,4.834617e-05,0.05250000,0,-1.00000000
ecg_101,ecg,SPAN,1.5000,256,5,655,655,3.0534,34.02828915,5.382162e-05,0.06500000,0,-1.00000000
ecg_101,ecg,SPAN,2.0000,256,5,655,655,3.0534,32.79414407,7.151074e-05,0.10250000,0,-1.00000000
ecg_101,ecg,REF_INTERP_ERROR,-1.0000,256,10,455,455,4.3956,31.70860002,9.181755e-05,0.04250000,0,-1.00000000
ecg_101,ecg,REF_VW_AREA,-1.0000,256,10,455,455,4.3956,31.39504724,9.869177e-05,0.07000000,0,-1.00000000
ecg_101,ecg,SPAN,0.0000,256,10,455,455,4.3956,31.70860002,9.181755e-05,0.04250000,0,-1.00000000
ecg_101,ecg,SPAN,0.2500,256,10,455,455,4.3956,32.12452316,8.343214e-05,0.04250000,0,-1.00000000
ecg_101,ecg,SPAN,0.5000,256,10,455,455,4.3956,31.98119275,8.623159e-05,0.04250000,0,-1.00000000
ecg_101,ecg,SPAN,0.7500,256,10,455,455,4.3956,31.69361348,9.213494e-05,0.04750000,0,-1.00000000
ecg_101,ecg,SPAN,1.0000,256,10,455,455,4.3956,31.39504724,9.869177e-05,0.07000000,0,-1.00000000
ecg_101,ecg,SPAN,1.2500,256,10,455,455,4.3956,31.22927173,1.025318e-04,0.07000000,0,-1.00000000
ecg_101,ecg,SPAN,1.5000,256,10,455,455,4.3956,30.37795100,1.247356e-04,0.10250000,0,-1.00000000
ecg_101,ecg,SPAN,2.0000,256,10,455,455,4.3956,29.58795422,1.496202e-04,0.10250000,0,-1.00000000
ecg_101,ecg,REF_INTERP_ERROR,-1.0000,256,20,355,355,5.6338,30.15188888,1.314004e-04,0.05565217,0,-1.00000000
ecg_101,ecg,REF_VW_AREA,-1.0000,256,20,355,355,5.6338,30.10245732,1.329046e-04,0.06500000,0,-1.00000000
ecg_101,ecg,SPAN,0.0000,256,20,355,355,5.6338,30.15188888,1.314004e-04,0.05565217,0,-1.00000000
ecg_101,ecg,SPAN,0.2500,256,20,355,355,5.6338,30.67792784,1.164107e-04,0.04500000,0,-1.00000000
ecg_101,ecg,SPAN,0.5000,256,20,355,355,5.6338,30.21535633,1.294941e-04,0.04617647,0,-1.00000000
ecg_101,ecg,SPAN,0.7500,256,20,355,355,5.6338,30.20410892,1.298299e-04,0.04750000,0,-1.00000000
ecg_101,ecg,SPAN,1.0000,256,20,355,355,5.6338,30.10245732,1.329046e-04,0.06500000,0,-1.00000000
ecg_101,ecg,SPAN,1.2500,256,20,355,355,5.6338,29.31526880,1.593158e-04,0.10250000,0,-1.00000000
ecg_101,ecg,SPAN,1.5000,256,20,355,355,5.6338,29.15603869,1.652654e-04,0.10250000,0,-1.00000000
ecg_101,ecg,SPAN,2.0000,256,20,355,355,5.6338,28.82412060,1.783913e-04,0.10250000,0,-1.00000000
ecg_101,ecg,REF_INTERP_ERROR,-1.0000,256,50,295,295,6.7797,28.53343101,1.907404e-04,0.07343284,0,-1.00000000
ecg_101,ecg,REF_VW_AREA,-1.0000,256,50,295,295,6.7797,29.43179566,1.550980e-04,0.07000000,0,-1.00000000
ecg_101,ecg,SPAN,0.0000,256,50,295,295,6.7797,28.53343101,1.907404e-04,0.07343284,0,-1.00000000
ecg_101,ecg,SPAN,0.2500,256,50,295,295,6.7797,29.60098376,1.491720e-04,0.05565217,0,-1.00000000
ecg_101,ecg,SPAN,0.5000,256,50,295,295,6.7797,29.67768451,1.465606e-04,0.05062500,0,-1.00000000
ecg_101,ecg,SPAN,0.7500,256,50,295,295,6.7797,29.65917373,1.471866e-04,0.06600000,0,-1.00000000
ecg_101,ecg,SPAN,1.0000,256,50,295,295,6.7797,29.43179566,1.550980e-04,0.07000000,0,-1.00000000
ecg_101,ecg,SPAN,1.2500,256,50,295,295,6.7797,28.74822379,1.815362e-04,0.10250000,0,-1.00000000
ecg_101,ecg,SPAN,1.5000,256,50,295,295,6.7797,28.54571096,1.902018e-04,0.10250000,0,-1.00000000
ecg_101,ecg,SPAN,2.0000,256,50,295,295,6.7797,28.22445141,2.048050e-04,0.10250000,0,-1.00000000
ecg_101,ecg,REF_INTERP_ERROR,-1.0000,256,100,275,275,7.2727,26.94059908,2.752490e-04,0.08210526,0,-1.00000000
ecg_101,ecg,REF_VW_AREA,-1.0000,256,100,275,275,7.2727,29.07470824,1.683894e-04,0.07000000,0,-1.00000000
ecg_101,ecg,SPAN,0.0000,256,100,275,275,7.2727,26.94059908,2.752490e-04,0.08210526,0,-1.00000000
ecg_101,ecg,SPAN,0.2500,256,100,275,275,7.2727,29.17858787,1.644095e-04,0.05062500,0,-1.00000000
ecg_101,ecg,SPAN,0.5000,256,100,275,275,7.2727,29.39217548,1.565194e-04,0.05062500,0,-1.00000000
ecg_101,ecg,SPAN,0.7500,256,100,275,275,7.2727,29.31693132,1.592548e-04,0.07000000,0,-1.00000000
ecg_101,ecg,SPAN,1.0000,256,100,275,275,7.2727,29.07470824,1.683894e-04,0.07000000,0,-1.00000000
ecg_101,ecg,SPAN,1.2500,256,100,275,275,7.2727,28.64379966,1.859541e-04,0.10250000,0,-1.00000000
ecg_101,ecg,SPAN,1.5000,256,100,275,275,7.2727,28.14019421,2.088172e-04,0.10250000,0,-1.00000000
ecg_101,ecg,SPAN,2.0000,256,100,275,275,7.2727,27.66666586,2.328730e-04,0.12600000,0,-1.00000000
ecg_101,ecg,REF_INTERP_ERROR,-1.0000,512,2,1511,1511,1.3236,50.52811151,1.204965e-06,0.00500000,0,-1.00000000
ecg_101,ecg,REF_VW_AREA,-1.0000,512,2,1511,1511,1.3236,49.98840878,1.364410e-06,0.00500000,0,-1.00000000
ecg_101,ecg,SPAN,0.0000,512,2,1511,1511,1.3236,50.52811151,1.204965e-06,0.00500000,0,-1.00000000
ecg_101,ecg,SPAN,0.2500,512,2,1511,1511,1.3236,50.56014159,1.196111e-06,0.00500000,0,-1.00000000
ecg_101,ecg,SPAN,0.5000,512,2,1511,1511,1.3236,50.54880986,1.199236e-06,0.00500000,0,-1.00000000
ecg_101,ecg,SPAN,0.7500,512,2,1511,1511,1.3236,50.45034534,1.226736e-06,0.00500000,0,-1.00000000
ecg_101,ecg,SPAN,1.0000,512,2,1511,1511,1.3236,49.98840878,1.364410e-06,0.00500000,0,-1.00000000
ecg_101,ecg,SPAN,1.2500,512,2,1511,1511,1.3236,49.39001629,1.565972e-06,0.00500000,0,-1.00000000
ecg_101,ecg,SPAN,1.5000,512,2,1511,1511,1.3236,49.39001629,1.565972e-06,0.00500000,0,-1.00000000
ecg_101,ecg,SPAN,2.0000,512,2,1511,1511,1.3236,49.39001629,1.565972e-06,0.00500000,0,-1.00000000
ecg_101,ecg,REF_INTERP_ERROR,-1.0000,512,3,1178,1178,1.6978,44.75999712,4.547639e-06,0.00800000,0,-1.00000000
ecg_101,ecg,REF_VW_AREA,-1.0000,512,3,1178,1178,1.6978,44.26709574,5.094201e-06,0.01000000,0,-1.00000000
ecg_101,ecg,SPAN,0.0000,512,3,1178,1178,1.6978,44.75999712,4.547639e-06,0.00800000,0,-1.00000000
ecg_101,ecg,SPAN,0.2500,512,3,1178,1178,1.6978,44.72748559,4.581811e-06,0.00833333,0,-1.00000000
ecg_101,ecg,SPAN,0.5000,512,3,1178,1178,1.6978,44.74545979,4.562887e-06,0.00833333,0,-1.00000000
ecg_101,ecg,SPAN,0.7500,512,3,1178,1178,1.6978,44.66043742,4.653095e-06,0.01000000,0,-1.00000000
ecg_101,ecg,SPAN,1.0000,512,3,1178,1178,1.6978,44.26709574,5.094201e-06,0.01000000,0,-1.00000000
ecg_101,ecg,SPAN,1.2500,512,3,1178,1178,1.6978,43.73585787,5.757049e-06,0.01000000,0,-1.00000000
ecg_101,ecg,SPAN,1.5000,512,3,1178,1178,1.6978,43.67835285,5.833785e-06,0.01000000,0,-1.00000000
ecg_101,ecg,SPAN,2.0000,512,3,1178,1178,1.6978,42.97820023,6.854340e-06,0.01500000,0,-1.00000000
ecg_101,ecg,REF_INTERP_ERROR,-1.0000,512,5,911,911,2.1954,40.66473342,1.167649e-05,0.01318182,0,-1.00000000
ecg_101,ecg,REF_VW_AREA,-1.0000,512,5,911,911,2.1954,40.33810747,1.258853e-05,0.01666667,0,-1.00000000
ecg_101,ecg,SPAN,0.0000,512,5,911,911,2.1954,40.66473342,1.167649e-05,0.01318182,0,-1.00000000
ecg_101,ecg,SPAN,0.2500,512,5,911,911,2.1954,40.55041040,1.198794e-05,0.01583333,0,-1.00000000
ecg_101,ecg,SPAN,0.5000,512,5,911,911,2.1954,40.49277756,1.214809e-05,0.01666667,0,-1.00000000
ecg_101,ecg,SPAN,0.7500,512,5,911,911,2.1954,40.38332711,1.245813e-05,0.01666667,0,-1.00000000
ecg_101,ecg,SPAN,1.0000,512,5,911,911,2.1954,40.33810747,1.258853e-05,0.01666667,0,-1.00000000
ecg_101,ecg,SPAN,1.2500,512,5,911,911,2.1954,39.99672322,1.361800e-05,0.02000000,0,-1.00000000
ecg_101,ecg,SPAN,1.5000,512,5,911,911,2.1954,39.81492257,1.420017e-05,0.02250000,0,-1.00000000
ecg_101,ecg,SPAN,2.0000,512,5,911,911,2.1954,39.07259169,1.684715e-05,0.03250000,0,-1.00000000
ecg_101,ecg,REF_INTERP_ERROR,-1.0000,512,10,711,711,2.8129,37.33732419,2.512195e-05,0.01928571,0,-1.00000000
ecg_101,ecg,REF_VW_AREA,-1.0000,512,10,711,711,2.8129,36.82250546,2.828363e-05,0.03000000,0,-1.00000000
ecg_101,ecg,SPAN,0.0000,512,10,711,711,2.8129,37.33732419,2.512195e-05,0.01928571,0,-1.00000000
ecg_101,ecg,SPAN,0.2500,512,10,711,711,2.8129,37.32373784,2.520066e-05,0.02000000,0,-1.00000000
ecg_101,ecg,SPAN,0.5000,512,10,711,711,2.8129,37.08687516,2.661327e-05,0.02750000,0,-1.00000000
ecg_101,ecg,SPAN,0.7500,512,10,711,711,2.8129,37.05134662,2.683187e-05,0.02750000,0,-1.00000000
ecg_101,ecg,SPAN,1.0000,512,10,711,711,2.8129,36.82250546,2.828363e-05,0.03000000,0,-1.00000000
ecg_101,ecg,SPAN,1.2500,512,10,711,711,2.8129,36.61227512,2.968644e-05,0.03250000,0,-1.00000000
ecg_101,ecg,SPAN,1.5000,512,10,711,711,2.8129,36.30401615,3.187015e-05,0.04250000,0,-1.00000000
ecg_101,ecg,SPAN,2.0000,512,10,711,711,2.8129,35.52106974,3.816618e-05,0.05250000,0,-1.00000000
ecg_101,ecg,REF_INTERP_ERROR,-1.0000,512,20,611,611,3.2733,35.16178451,4.145789e-05,0.04555556,0,-1.00000000
ecg_101,ecg,REF_VW_AREA,-1.0000,512,20,611,611,3.2733,35.17701651,4.131274e-05,0.03250000,0,-1.00000000
ecg_101,ecg,SPAN,0.0000,512,20,611,611,3.2733,35.16178451,4.145789e-05,0.04555556,0,-1.00000000
ecg_101,ecg,SPAN,0.2500,512,20,611,611,3.2733,35.49031702,3.843740e-05,0.03538462,0,-1.00000000
ecg_101,ecg,SPAN,0.5000,512,20,611,611,3.2733,35.53872528,3.801134e-05,0.03200000,0,-1.00000000
ecg_101,ecg,SPAN,0.7500,512,20,611,611,3.2733,35.49866121,3.836362e-05,0.03200000,0,-1.00000000
ecg_101,ecg,SPAN,1.0000,512,20,611,611,3.2733,35.17701651,4.131274e-05,0.03250000,0,-1.00000000
ecg_101,ecg,SPAN,1.2500,512,20,611,611,3.2733,34.98445305,4.318574e-05,0.04750000,0,-1.00000000
ecg_101,ecg,SPAN,1.5000,512,20,611,611,3.2733,34.56142544,4.760397e-05,0.05250000,0,-1.00000000
ecg_101,ecg,SPAN,2.0000,512,20,611,611,3.2733,33.51824515,6.052868e-05,0.09000000,0,-1.00000000
ecg_101,ecg,REF_INTERP_ERROR,-1.0000,512,50,551,551,3.6298,34.28431880,5.074039e-05,0.04555556,0,-1.00000000
ecg_101,ecg,REF_VW_AREA,-1.0000,512,50,551,551,3.6298,33.97232505,5.451966e-05,0.04250000,0,-1.00000000
ecg_101,ecg,SPAN,0.0000,512,50,551,551,3.6298,34.28431880,5.074039e-05,0.04555556,0,-1.00000000
ecg_101,ecg,SPAN,0.2500,512,50,551,551,3.6298,34.77931396,4.527457e-05,0.03625000,0,-1.00000000
ecg_101,ecg,SPAN,0.5000,512,50,551,551,3.6298,34.58987206,4.729318e-05,0.03625000,0,-1.00000000
ecg_101,ecg,SPAN,0.7500,512,50,551,551,3.6298,34.46058766,4.872220e-05,0.03250000,0,-1.00000000
ecg_101,ecg,SPAN,1.0000,512,50,551,551,3.6298,33.97232505,5.451966e-05,0.04250000,0,-1.00000000
ecg_101,ecg,SPAN,1.2500,512,50,551,551,3.6298,33.73735512,5.755064e-05,0.05250000,0,-1.00000000
ecg_101,ecg,SPAN,1.5000,512,50,551,551,3.6298,33.55327314,6.004245e-05,0.05250000,0,-1.00000000
ecg_101,ecg,SPAN,2.0000,512,50,551,551,3.6298,31.82373865,8.941530e-05,0.10250000,0,-1.00000000
ecg_101,ecg,REF_INTERP_ERROR,-1.0000,512,100,531,531,3.7665,33.70317344,5.800539e-05,0.04555556,0,-1.00000000
ecg_101,ecg,REF_VW_AREA,-1.0000,512,100,531,531,3.7665,33.67658936,5.836154e-05,0.04250000,0,-1.00000000
ecg_101,ecg,SPAN,0.0000,512,100,531,531,3.7665,33.70317344,5.800539e-05,0.04555556,0,-1.00000000
ecg_101,ecg,SPAN,0.2500,512,100,531,531,3.7665,34.38343189,4.959553e-05,0.03538462,0,-1.00000000
ecg_101,ecg,SPAN,0.5000,512,100,531,531,3.7665,34.20904107,5.162756e-05,0.03625000,0,-1.00000000
ecg_101,ecg,SPAN,0.7500,512,100,531,531,3.7665,33.98689815,5.433703e-05,0.04214286,0,-1.00000000
ecg_101,ecg,SPAN,1.0000,512,100,531,531,3.7665,33.67658936,5.836154e-05,0.04250000,0,-1.00000000
ecg_101,ecg,SPAN,1.2500,512,100,531,531,3.7665,33.37231996,6.259702e-05,0.05500000,0,-1.00000000
ecg_101,ecg,SPAN,1.5000,512,100,531,531,3.7665,33.32777371,6.324240e-05,0.05250000,0,-1.00000000
ecg_101,ecg,SPAN,2.0000,512,100,531,531,3.7665,31.49956685,9.634496e-05,0.10250000,0,-1.00000000
ecg_105,ecg,REF_INTERP_ERROR,-1.0000,32,2,1031,1031,1.9399,43.22649381,7.065000e-06,0.01100000,0,-1.00000000
ecg_105,ecg,REF_VW_AREA,-1.0000,32,2,1031,1031,1.9399,42.77412787,7.840590e-06,0.01250000,0,-1.00000000
ecg_105,ecg,SPAN,0.0000,32,2,1031,1031,1.9399,43.22649381,7.065000e-06,0.01100000,0,-1.00000000
ecg_105,ecg,SPAN,0.2500,32,2,1031,1031,1.9399,43.19726547,7.112708e-06,0.01125000,0,-1.00000000
ecg_105,ecg,SPAN,0.5000,32,2,1031,1031,1.9399,43.17786751,7.144549e-06,0.01125000,0,-1.00000000
ecg_105,ecg,SPAN,0.7500,32,2,1031,1031,1.9399,43.01947409,7.409931e-06,0.01250000,0,-1.00000000
ecg_105,ecg,SPAN,1.0000,32,2,1031,1031,1.9399,42.77412787,7.840590e-06,0.01250000,0,-1.00000000
ecg_105,ecg,SPAN,1.2500,32,2,1031,1031,1.9399,42.47878411,8.392341e-06,0.01500000,0,-1.00000000
ecg_105,ecg,SPAN,1.5000,32,2,1031,1031,1.9399,42.42155623,8.503661e-06,0.01500000,0,-1.00000000
ecg_105,ecg,SPAN,2.0000,32,2,1031,1031,1.9399,41.81435027,9.779722e-06,0.02000000,0,-1.00000000
ecg_105,ecg,REF_INTERP_ERROR,-1.0000,32,3,698,698,2.8653,37.37074809,2.720738e-05,0.02062500,0,-1.00000000
ecg_105,ecg,REF_VW_AREA,-1.0000,32,3,698,698,2.8653,36.53708189,3.296502e-05,0.04000000,0,-1.00000000
ecg_105,ecg,SPAN,0.0000,32,3,698,698,2.8653,37.37074809,2.720738e-05,0.02062500,0,-1.00000000
ecg_105,ecg,SPAN,0.2500,32,3,698,698,2.8653,37.52616223,2.625097e-05,0.02250000,0,-1.00000000
ecg_105,ecg,SPAN,0.5000,32,3,698,698,2.8653,37.18039917,2.842638e-05,0.02333333,0,-1.00000000
ecg_105,ecg,SPAN,0.7500,32,3,698,698,2.8653,36.81868524,3.089534e-05,0.02750000,0,-1.00000000
ecg_105,ecg,SPAN,1.0000,32,3,698,698,2.8653,36.53708189,3.296502e-05,0.04000000,0,-1.00000000
ecg_105,ecg,SPAN,1.2500,32,3,698,698,2.8653,36.17876464,3.580017e-05,0.04000000,0,-1.00000000
ecg_105,ecg,SPAN,1.5000,32,3,698,698,2.8653,35.91600423,3.803305e-05,0.04166667,0,-1.00000000
ecg_105,ecg,SPAN,2.0000,32,3,698,698,2.8653,35.37258678,4.310254e-05,0.04500000,0,-1.00000000
ecg_105,ecg,REF_INTERP_ERROR,-1.0000,32,5,431,431,4.6404,32.33144856,8.681938e-05,0.04000000,0,-1.00000000
ecg_105,ecg,REF_VW_AREA,-1.0000,32,5,431,431,4.6404,31.49034486,1.053724e-04,0.04750000,0,-1.00000000
ecg_105,ecg,SPAN,0.0000,32,5,431,431,4.6404,32.33144856,8.681938e-05,0.04000000,0,-1.00000000
ecg_105,ecg,SPAN,0.2500,32,5,431,431,4.6404,32.44099278,8.465688e-05,0.04000000,0,-1.00000000
ecg_105,ecg,SPAN,0.5000,32,5,431,431,4.6404,32.12514981,9.104300e-05,0.04000000,0,-1.00000000
ecg_105,ecg,SPAN,0.7500,32,5,431,431,4.6404,31.90567452,9.576220e-05,0.04500000,0,-1.00000000
ecg_105,ecg,SPAN,1.0000,32,5,431,431,4.6404,31.49034486,1.053724e-04,0.04750000,0,-1.00000000
ecg_105,ecg,SPAN,1.2500,32,5,431,431,4.6404,30.98636384,1.183383e-04,0.05750000,0,-1.00000000
ecg_105,ecg,SPAN,1.5000,32,5,431,431,4.6404,30.07684588,1.459073e-04,0.10300000,0,-1.00000000
ecg_105,ecg,SPAN,2.0000,32,5,431,431,4.6404,29.74425200,1.575202e-04,0.10300000,0,-1.00000000
ecg_105,ecg,REF_INTERP_ERROR,-1.0000,32,10,231,231,8.6580,28.67059107,2.016984e-04,0.05384615,0,-1.00000000
ecg_105,ecg,REF_VW_AREA,-1.0000,32,10,231,231,8.6580,26.74341739,3.143546e-04,0.12250000,0,-1.00000000
ecg_105,ecg,SPAN,0.0000,32,10,231,231,8.6580,28.67059107,2.016984e-04,0.05384615,0,-1.00000000
ecg_105,ecg,SPAN,0.2500,32,10,231,231,8.6580,28.17937188,2.258522e-04,0.09000000,0,-1.00000000
ecg_105,ecg,SPAN,0.5000,32,10,231,231,8.6580,27.17301539,2.847476e-04,0.09222222,0,-1.00000000
ecg_105,ecg,SPAN,0.7500,32,10,231,231,8.6580,26.80495701,3.099316e-04,0.12250000,0,-1.00000000
ecg_105,ecg,SPAN,1.0000,32,10,231,231,8.6580,26.74341739,3.143546e-04,0.12250000,0,-1.00000000
ecg_105,ecg,SPAN,1.2500,32,10,231,231,8.6580,26.00212774,3.728626e-04,0.12250000,0,-1.00000000
ecg_105,ecg,SPAN,1.5000,32,10,231,231,8.6580,25.98113581,3.746692e-04,0.13000000,0,-1.00000000
ecg_105,ecg,SPAN,2.0000,32,10,231,231,8.6580,24.72369583,5.004860e-04,0.14800000,0,-1.00000000
ecg_105,ecg,REF_INTERP_ERROR,-1.0000,32,20,131,131,15.2672,21.74955046,9.926737e-04,0.20763158,0,-1.00000000
ecg_105,ecg,REF_VW_AREA,-1.0000,32,20,131,131,15.2672,19.75299054,1.572036e-03,0.29375000,0,-1.00000000
ecg_105,ecg,SPAN,0.0000,32,20,131,131,15.2672,21.74955046,9.926737e-04,0.20763158,0,-1.00000000
ecg_105,ecg,SPAN,0.2500,32,20,131,131,15.2672,20.79433279,1.236882e-03,0.24600000,0,-1.00000000
ecg_105,ecg,SPAN,0.5000,32,20,131,131,15.2672,19.40708703,1.702366e-03,0.33750000,0,-1.00000000
ecg_105,ecg,SPAN,0.7500,32,20,131,131,15.2672,20.73854186,1.252874e-03,0.21333333,0,-1.00000000
ecg_105,ecg,SPAN,1.0000,32,20,131,131,15.2672,19.75299054,1.572036e-03,0.29375000,0,-1.00000000
ecg_105,ecg,SPAN,1.2500,32,20,131,131,15.2672,19.68640610,1.596324e-03,0.40333333,0,-1.00000000
ecg_105,ecg,SPAN,1.5000,32,20,131,131,15.2672,18.01363888,2.346376e-03,0.40333333,0,-1.00000000
ecg_105,ecg,SPAN,2.0000,32,20,131,131,15.2672,16.10375928,3.642383e-03,0.53500000,0,-1.00000000
ecg_105,ecg,REF_INTERP_ERROR,-1.0000,32,50,71,71,28.1690,10.88623356,1.210983e-02,0.72928571,0,-1.00000000
ecg_105,ecg,REF_VW_AREA,-1.0000,32,50,71,71,28.1690,10.13192195,1.440686e-02,0.85700000,0,-1.00000000
ecg_105,ecg,SPAN,0.0000,32,50,71,71,28.1690,10.88623356,1.210983e-02,0.72928571,0,-1.00000000
ecg_105,ecg,SPAN,0.2500,32,50,71,71,28.1690,10.92338748,1.200668e-02,0.72928571,0,-1.00000000
ecg_105,ecg,SPAN,0.5000,32,50,71,71,28.1690,9.44589149,1.687223e-02,0.93000000,0,-1.00000000
ecg_105,ecg,SPAN,0.7500,32,50,71,71,28.1690,10.61353686,1.289460e-02,0.84864865,0,-1.00000000
ecg_105,ecg,SPAN,1.0000,32,50,71,71,28.1690,10.13192195,1.440686e-02,0.85700000,0,-1.00000000
ecg_105,ecg,SPAN,1.2500,32,50,71,71,28.1690,10.03940762,1.471705e-02,0.88093750,0,-1.00000000
ecg_105,ecg,SPAN,1.5000,32,50,71,71,28.1690,9.90499657,1.517965e-02,0.84864865,0,-1.00000000
ecg_105,ecg,SPAN,2.0000,32,50,71,71,28.1690,8.50914081,2.093377e-02,1.08863636,0,-1.00000000
ecg_105,ecg,REF_INTERP_ERROR,-1.0000,32,100,51,51,39.2157,5.14202121,4.545267e-02,1.26000000,0,-1.00000000
ecg_105,ecg,REF_VW_AREA,-1.0000,32,100,51,51,39.2157,3.65299108,6.404164e-02,1.29105263,0,-1.00000000
ecg_105,ecg,SPAN,0.0000,32,100,51,51,39.2157,5.14202121,4.545267e-02,1.26000000,0,-1.00000000
ecg_105,ecg,SPAN,0.2500,32,100,51,51,39.2157,4.75611537,4.967639e-02,1.30597403,0,-1.00000000
ecg_105,ecg,SPAN,0.5000,32,100,51,51,39.2157,4.68360644,5.051274e-02,1.29105263,0,-1.00000000
ecg_105,ecg,SPAN,0.7500,32,100,51,51,39.2157,6.65350345,3.209307e-02,1.30000000,0,-1.00000000
ecg_105,ecg,SPAN,1.0000,32,100,51,51,39.2157,3.65299108,6.404164e-02,1.29105263,0,-1.00000000
ecg_105,ecg,SPAN,1.2500,32,100,51,51,39.2157,4.13999441,5.724824e-02,1.56962687,0,-1.00000000
ecg_105,ecg,SPAN,1.5000,32,100,51,51,39.2157,3.91979069,6.022579e-02,1.53433735,0,-1.00000000
ecg_105,ecg,SPAN,2.0000,32,100,51,51,39.2157,4.00252347,5.908935e-02,1.56920000,0,-1.00000000
ecg_105,ecg,REF_INTERP_ERROR,-1.0000,64,2,1063,1063,1.8815,43.79751881,6.194549e-06,0.01100000,0,-1.00000000
ecg_105,ecg,REF_VW_AREA,-1.0000,64,2,1063,1063,1.8815,43.40042818,6.787639e-06,0.01125000,0,-1.00000000
ecg_105,ecg,SPAN,0.0000,64,2,1063,1063,1.8815,43.79751881,6.194549e-06,0.01100000,0,-1.00000000
ecg_105,ecg,SPAN,0.2500,64,2,1063,1063,1.8815,43.77593123,6.225417e-06,0.01000000,0,-1.00000000
ecg_105,ecg,SPAN,0.5000,64,2,1063,1063,1.8815,43.72136252,6.304132e-06,0.01000000,0,-1.00000000
ecg_105,ecg,SPAN,0.7500,64,2,1063,1063,1.8815,43.65890344,6.395451e-06,0.01000000,0,-1.00000000
ecg_105,ecg,SPAN,1.0000,64,2,1063,1063,1.8815,43.40042818,6.787639e-06,0.01125000,0,-1.00000000
ecg_105,ecg,SPAN,1.2500,64,2,1063,1063,1.8815,43.17393443,7.151022e-06,0.01125000,0,-1.00000000
ecg_105,ecg,SPAN,1.5000,64,2,1063,1063,1.8815,42.98072833,7.476334e-06,0.01250000,0,-1.00000000
ecg_105,ecg,SPAN,2.0000,64,2,1063,1063,1.8815,42.27559996,8.794306e-06,0.01500000,0,-1.00000000
ecg_105,ecg,REF_INTERP_ERROR,-1.0000,64,3,730,730,2.7397,38.11986999,2.289679e-05,0.01500000,0,-1.00000000
ecg_105,ecg,REF_VW_AREA,-1.0000,64,3,730,730,2.7397,37.38608940,2.711144e-05,0.03000000,0,-1.00000000
ecg_105,ecg,SPAN,0.0000,64,3,730,730,2.7397,38.11986999,2.289679e-05,0.01500000,0,-1.00000000
ecg_105,ecg,SPAN,0.2500,64,3,730,730,2.7397,38.12839231,2.285190e-05,0.01750000,0,-1.00000000
ecg_105,ecg,SPAN,0.5000,64,3,730,730,2.7397,37.70436026,2.519565e-05,0.02333333,0,-1.00000000
ecg_105,ecg,SPAN,0.7500,64,3,730,730,2.7397,37.56892499,2.599376e-05,0.02333333,0,-1.00000000
ecg_105,ecg,SPAN,1.0000,64,3,730,730,2.7397,37.38608940,2.711144e-05,0.03000000,0,-1.00000000
ecg_105,ecg,SPAN,1.2500,64,3,730,730,2.7397,37.03257317,2.941062e-05,0.03000000,0,-1.00000000
ecg_105,ecg,SPAN,1.5000,64,3,730,730,2.7397,36.67429816,3.193977e-05,0.03250000,0,-1.00000000
ecg_105,ecg,SPAN,2.0000,64,3,730,730,2.7397,36.12236017,3.626816e-05,0.04000000,0,-1.00000000
ecg_105,ecg,REF_INTERP_ERROR,-1.0000,64,5,463,463,4.3197,32.89223099,7.630244e-05,0.03375000,0,-1.00000000
ecg_105,ecg,REF_VW_AREA,-1.0000,64,5,463,463,4.3197,32.01091035,9.346963e-05,0.04500000,0,-1.00000000
ecg_105,ecg,SPAN,0.0000,64,5,463,463,4.3197,32.89223099,7.630244e-05,0.03375000,0,-1.00000000
ecg_105,ecg,SPAN,0.2500,64,5,463,463,4.3197,32.86870128,7.671697e-05,0.04000000,0,-1.00000000
ecg_105,ecg,SPAN,0.5000,64,5,463,463,4.3197,32.62317120,8.117914e-05,0.03500000,0,-1.00000000
ecg_105,ecg,SPAN,0.7500,64,5,463,463,4.3197,32.33105391,8.682727e-05,0.04500000,0,-1.00000000
ecg_105,ecg,SPAN,1.0000,64,5,463,463,4.3197,32.01091035,9.346963e-05,0.04500000,0,-1.00000000
ecg_105,ecg,SPAN,1.2500,64,5,463,463,4.3197,31.60409474,1.026484e-04,0.05750000,0,-1.00000000
ecg_105,ecg,SPAN,1.5000,64,5,463,463,4.3197,31.25843250,1.111523e-04,0.05500000,0,-1.00000000
ecg_105,ecg,SPAN,2.0000,64,5,463,463,4.3197,30.62505329,1.286045e-04,0.08600000,0,-1.00000000
ecg_105,ecg,REF_INTERP_ERROR,-1.0000,64,10,263,263,7.6046,28.91211008,1.907878e-04,0.05384615,0,-1.00000000
ecg_105,ecg,REF_VW_AREA,-1.0000,64,10,263,263,7.6046,27.98351827,2.362706e-04,0.09222222,0,-1.00000000
ecg_105,ecg,SPAN,0.0000,64,10,263,263,7.6046,28.91211008,1.907878e-04,0.05384615,0,-1.00000000
ecg_105,ecg,SPAN,0.2500,64,10,263,263,7.6046,29.04956347,1.848439e-04,0.06214286,0,-1.00000000
ecg_105,ecg,SPAN,0.5000,64,10,263,263,7.6046,28.42967039,2.132036e-04,0.09222222,0,-1.00000000
ecg_105,ecg,SPAN,0.7500,64,10,263,263,7.6046,27.99049042,2.358916e-04,0.09222222,0,-1.00000000
ecg_105,ecg,SPAN,1.0000,64,10,263,263,7.6046,27.98351827,2.362706e-04,0.09222222,0,-1.00000000
ecg_105,ecg,SPAN,1.2500,64,10,263,263,7.6046,27.41717638,2.691807e-04,0.09333333,0,-1.00000000
ecg_105,ecg,SPAN,1.5000,64,10,263,263,7.6046,26.55995250,3.279188e-04,0.13750000,0,-1.00000000
ecg_105,ecg,SPAN,2.0000,64,10,263,263,7.6046,25.11400047,4.574688e-04,0.14800000,0,-1.00000000
ecg_105,ecg,REF_INTERP_ERROR,-1.0000,64,20,163,163,12.2699,24.51912003,5.246257e-04,0.10230769,0,-1.00000000
ecg_105,ecg,REF_VW_AREA,-1.0000,64,20,163,163,12.2699,22.79147325,7.809338e-04,0.18333333,0,-1.00000000
ecg_105,ecg,SPAN,0.0000,64,20,163,163,12.2699,24.51912003,5.246257e-04,0.10230769,0,-1.00000000
ecg_105,ecg,SPAN,0.2500,64,20,163,163,12.2699,25.00781919,4.687914e-04,0.10230769,0,-1.00000000
ecg_105,ecg,SPAN,0.5000,64,20,163,163,12.2699,24.32072271,5.491478e-04,0.18333333,0,-1.00000000
ecg_105,ecg,SPAN,0.7500,64,20,163,163,12.2699,23.94100671,5.993229e-04,0.18333333,0,-1.00000000
ecg_105,ecg,SPAN,1.0000,64,20,163,163,12.2699,22.79147325,7.809338e-04,0.18333333,0,-1.00000000
ecg_105,ecg,SPAN,1.2500,64,20,163,163,12.2699,22.75465941,7.875817e-04,0.18333333,0,-1.00000000
ecg_105,ecg,SPAN,1.5000,64,20,163,163,12.2699,21.27807861,1.106506e-03,0.35500000,0,-1.00000000
ecg_105,ecg,SPAN,2.0000,64,20,163,163,12.2699,19.85625401,1.535098e-03,0.40750000,0,-1.00000000
ecg_105,ecg,REF_INTERP_ERROR,-1.0000,64,50,103,103,19.4175,14.79020297,4.928801e-03,0.45760417,0,-1.00000000
ecg_105,ecg,REF_VW_AREA,-1.0000,64,50,103,103,19.4175,14.11460677,5.758387e-03,0.58510000,0,-1.00000000
ecg_105,ecg,SPAN,0.0000,64,50,103,103,19.4175,14.79020297,4.928801e-03,0.45760417,0,-1.00000000
ecg_105,ecg,SPAN,0.2500,64,50,103,103,19.4175,15.14849557,4.538496e-03,0.45760417,0,-1.00000000
ecg_105,ecg,SPAN,0.5000,64,50,103,103,19.4175,16.74022397,3.145858e-03,0.33800000,0,-1.00000000
ecg_105,ecg,SPAN,0.7500,64,50,103,103,19.4175,15.81110885,3.896285e-03,0.45760417,0,-1.00000000
ecg_105,ecg,SPAN,1.0000,64,50,103,103,19.4175,14.11460677,5.758387e-03,0.58510000,0,-1.00000000
ecg_105,ecg,SPAN,1.2500,64,50,103,103,19.4175,14.63856251,5.103937e-03,0.58510000,0,-1.00000000
ecg_105,ecg,SPAN,1.5000,64,50,103,103,19.4175,14.27841048,5.545242e-03,0.58510000,0,-1.00000000
ecg_105,ecg,SPAN,2.0000,64,50,103,103,19.4175,12.54655676,8.262393e-03,0.87882353,0,-1.00000000
ecg_105,ecg,REF_INTERP_ERROR,-1.0000,64,100,83,83,24.0964,12.27108937,8.803444e-03,0.45760417,0,-1.00000000
ecg_105,ecg,REF_VW_AREA,-1.0000,64,100,83,83,24.0964,14.88629138,4.820948e-03,0.50557692,0,-1.00000000
ecg_105,ecg,SPAN,0.0000,64,100,83,83,24.0964,12.27108937,8.803444e-03,0.45760417,0,-1.00000000
ecg_105,ecg,SPAN,0.2500,64,100,83,83,24.0964,13.31558636,6.921543e-03,0.45760417,0,-1.00000000
ecg_105,ecg,SPAN,0.5000,64,100,83,83,24.0964,14.02621717,5.876785e-03,0.47666667,0,-1.00000000
ecg_105,ecg,SPAN,0.7500,64,100,83,83,24.0964,14.81537207,4.900319e-03,0.50557692,0,-1.00000000
ecg_105,ecg,SPAN,1.0000,64,100,83,83,24.0964,14.88629138,4.820948e-03,0.50557692,0,-1.00000000
ecg_105,ecg,SPAN,1.2500,64,100,83,83,24.0964,13.19895943,7.109935e-03,0.72181818,0,-1.00000000
ecg_105,ecg,SPAN,1.5000,64,100,83,83,24.0964,12.11584840,9.123820e-03,0.75382353,0,-1.00000000
ecg_105,ecg,SPAN,2.0000,64,100,83,83,24.0964,10.04426418,1.470060e-02,1.44587719,0,-1.00000000
ecg_105,ecg,REF_INTERP_ERROR,-1.0000,128,2,1127,1127,1.7746,44.63550219,5.107535e-06,0.00833333,0,-1.00000000
ecg_105,ecg,REF_VW_AREA,-1.0000,128,2,1127,1127,1.7746,44.23603142,5.599618e-06,0.01000000,0,-1.00000000
ecg_105,ecg,SPAN,0.0000,128,2,1127,1127,1.7746,44.63550219,5.107535e-06,0.00833333,0,-1.00000000
ecg_105,ecg,SPAN,0.2500,128,2,1127,1127,1.7746,44.62465079,5.120312e-06,0.00833333,0,-1.00000000
ecg_105,ecg,SPAN,0.5000,128,2,1127,1127,1.7746,44.51013817,5.257118e-06,0.00900000,0,-1.00000000
ecg_105,ecg,SPAN,0.7500,128,2,1127,1127,1.7746,44.41383078,5.375000e-06,0.01000000,0,-1.00000000
ecg_105,ecg,SPAN,1.0000,128,2,1127,1127,1.7746,44.23603142,5.599618e-06,0.01000000,0,-1.00000000
ecg_105,ecg,SPAN,1.2500,128,2,1127,1127,1.7746,43.78684517,6.209792e-06,0.01125000,0,-1.00000000
ecg_105,ecg,SPAN,1.5000,128,2,1127,1127,1.7746,43.65994103,6.393924e-06,0.01125000,0,-1.00000000
ecg_105,ecg,SPAN,2.0000,128,2,1127,1127,1.7746,43.18976678,7.125000e-06,0.01250000,0,-1.00000000
ecg_105,ecg,REF_INTERP_ERROR,-1.0000,128,3,794,794,2.5189,38.62283742,2.039284e-05,0.01500000,0,-1.00000000
ecg_105,ecg,REF_VW_AREA,-1.0000,128,3,794,794,2.5189,38.14816193,2.274811e-05,0.02333333,0,-1.00000000
ecg_105,ecg,SPAN,0.0000,128,3,794,794,2.5189,38.62283742,2.039284e-05,0.01500000,0,-1.00000000
ecg_105,ecg,SPAN,0.2500,128,3,794,794,2.5189,38.71859160,1.994814e-05,0.01750000,0,-1.00000000
ecg_105,ecg,SPAN,0.5000,128,3,794,794,2.5189,38.37740521,2.157849e-05,0.02250000,0,-1.00000000
ecg_105,ecg,SPAN,0.7500,128,3,794,794,2.5189,38.13070823,2.283972e-05,0.02333333,0,-1.00000000
ecg_105,ecg,SPAN,1.0000,128,3,794,794,2.5189,38.14816193,2.274811e-05,0.02333333,0,-1.00000000
ecg_105,ecg,SPAN,1.2500,128,3,794,794,2.5189,37.93159297,2.391125e-05,0.03000000,0,-1.00000000
ecg_105,ecg,SPAN,1.5000,128,3,794,794,2.5189,37.48819011,2.648150e-05,0.03000000,0,-1.00000000
ecg_105,ecg,SPAN,2.0000,128,3,794,794,2.5189,36.77906947,3.117846e-05,0.04000000,0,-1.00000000
ecg_105,ecg,REF_INTERP_ERROR,-1.0000,128,5,527,527,3.7951,33.60745115,6.471671e-05,0.03375000,0,-1.00000000
ecg_105,ecg,REF_VW_AREA,-1.0000,128,5,527,527,3.7951,33.01122847,7.424013e-05,0.04500000,0,-1.00000000
ecg_105,ecg,SPAN,0.0000,128,5,527,527,3.7951,33.60745115,6.471671e-05,0.03375000,0,-1.00000000
ecg_105,ecg,SPAN,0.2500,128,5,527,527,3.7951,33.66882210,6.380862e-05,0.03375000,0,-1.00000000
ecg_105,ecg,SPAN,0.5000,128,5,527,527,3.7951,33.50858442,6.620688e-05,0.03375000,0,-1.00000000
ecg_105,ecg,SPAN,0.7500,128,5,527,527,3.7951,33.23697049,7.047977e-05,0.04000000,0,-1.00000000
ecg_105,ecg,SPAN,1.0000,128,5,527,527,3.7951,33.01122847,7.424013e-05,0.04500000,0,-1.00000000
ecg_105,ecg,SPAN,1.2500,128,5,527,527,3.7951,32.22343113,8.900583e-05,0.05500000,0,-1.00000000
ecg_105,ecg,SPAN,1.5000,128,5,527,527,3.7951,31.85894138,9.679823e-05,0.04600000,0,-1.00000000
ecg_105,ecg,SPAN,2.0000,128,5,527,527,3.7951,31.61034559,1.025007e-04,0.05166667,0,-1.00000000
ecg_105,ecg,REF_INTERP_ERROR,-1.0000,128,10,327,327,6.1162,29.80805352,1.552230e-04,0.04875000,0,-1.00000000
ecg_105,ecg,REF_VW_AREA,-1.0000,128,10,327,327,6.1162,29.48183998,1.673314e-04,0.06714286,0,-1.00000000
ecg_105,ecg,SPAN,0.0000,128,10,327,327,6.1162,29.80805352,1.552230e-04,0.04875000,0,-1.00000000
ecg_105,ecg,SPAN,0.2500,128,10,327,327,6.1162,30.19274153,1.420651e-04,0.04722222,0,-1.00000000
ecg_105,ecg,SPAN,0.5000,128,10,327,327,6.1162,29.75304460,1.572016e-04,0.07333333,0,-1.00000000
ecg_105,ecg,SPAN,0.7500,128,10,327,327,6.1162,29.67844718,1.599252e-04,0.05500000,0,-1.00000000
ecg_105,ecg,SPAN,1.0000,128,10,327,327,6.1162,29.48183998,1.673314e-04,0.06714286,0,-1.00000000
ecg_105,ecg,SPAN,1.2500,128,10,327,327,6.1162,28.86468330,1.928827e-04,0.09333333,0,-1.00000000
ecg_105,ecg,SPAN,1.5000,128,10,327,327,6.1162,28.61343313,2.043705e-04,0.08100000,0,-1.00000000
ecg_105,ecg,SPAN,2.0000,128,10,327,327,6.1162,27.98502591,2.361886e-04,0.09000000,0,-1.00000000
ecg_105,ecg,REF_INTERP_ERROR,-1.0000,128,20,227,227,8.8106,27.03196810,2.941472e-04,0.07833333,0,-1.00000000
ecg_105,ecg,REF_VW_AREA,-1.0000,128,20,227,227,8.8106,25.61424686,4.076964e-04,0.18333333,0,-1.00000000
ecg_105,ecg,SPAN,0.0000,128,20,227,227,8.8106,27.03196810,2.941472e-04,0.07833333,0,-1.00000000
ecg_105,ecg,SPAN,0.2500,128,20,227,227,8.8106,26.83025221,3.081317e-04,0.09500000,0,-1.00000000
ecg_105,ecg,SPAN,0.5000,128,20,227,227,8.8106,27.04467225,2.932880e-04,0.09500000,0,-1.00000000
ecg_105,ecg,SPAN,0.7500,128,20,227,227,8.8106,27.15981916,2.856141e-04,0.09750000,0,-1.00000000
ecg_105,ecg,SPAN,1.0000,128,20,227,227,8.8106,25.61424686,4.076964e-04,0.18333333,0,-1.00000000
ecg_105,ecg,SPAN,1.2500,128,20,227,227,8.8106,25.20089878,4.484063e-04,0.18333333,0,-1.00000000
ecg_105,ecg,SPAN,1.5000,128,20,227,227,8.8106,25.59864029,4.091641e-04,0.14250000,0,-1.00000000
ecg_105,ecg,SPAN,2.0000,128,20,227,227,8.8106,23.62337005,6.447993e-04,0.32312500,0,-1.00000000
ecg_105,ecg,REF_INTERP_ERROR,-1.0000,128,50,167,167,11.9760,20.44818299,1.339502e-03,0.21558824,0,-1.00000000
ecg_105,ecg,REF_VW_AREA,-1.0000,128,50,167,167,11.9760,24.64829047,5.092517e-04,0.20571429,0,-1.00000000
ecg_105,ecg,SPAN,0.0000,128,50,167,167,11.9760,20.44818299,1.339502e-03,0.21558824,0,-1.00000000
ecg_105,ecg,SPAN,0.2500,128,50,167,167,11.9760,23.16399851,7.167401e-04,0.18588235,0,-1.00000000
ecg_105,ecg,SPAN,0.5000,128,50,167,167,11.9760,23.44273599,6.721837e-04,0.19304878,0,-1.00000000
ecg_105,ecg,SPAN,0.7500,128,50,167,167,11.9760,24.64820366,5.092619e-04,0.12730769,0,-1.00000000
ecg_105,ecg,SPAN,1.0000,128,50,167,167,11.9760,24.64829047,5.092517e-04,0.20571429,0,-1.00000000
ecg_105,ecg,SPAN,1.2500,128,50,167,167,11.9760,22.26941232,8.806844e-04,0.32312500,0,-1.00000000
ecg_105,ecg,SPAN,1.5000,128,50,167,167,11.9760,22.46103788,8.426704e-04,0.24750000,0,-1.00000000
ecg_105,ecg,SPAN,2.0000,128,50,167,167,11.9760,20.94253840,1.195385e-03,0.43666667,0,-1.00000000
ecg_105,ecg,REF_INTERP_ERROR,-1.0000,128,100,147,147,13.6054,17.47822092,2.654236e-03,0.28228395,0,-1.00000000
ecg_105,ecg,REF_VW_AREA,-1.0000,128,100,147,147,13.6054,22.56019413,8.236489e-04,0.22375000,0,-1.00000000
ecg_105,ecg,SPAN,0.0000,128,100,147,147,13.6054,17.47822092,2.654236e-03,0.28228395,0,-1.00000000
ecg_105,ecg,SPAN,0.2500,128,100,147,147,13.6054,21.42805487,1.068947e-03,0.17212766,0,-1.00000000
ecg_105,ecg,SPAN,0.5000,128,100,147,147,13.6054,23.07785361,7.310990e-04,0.19025000,0,-1.00000000
ecg_105,ecg,SPAN,0.7500,128,100,147,147,13.6054,23.47604622,6.670478e-04,0.16257576,0,-1.00000000
ecg_105,ecg,SPAN,1.0000,128,100,147,147,13.6054,22.56019413,8.236489e-04,0.22375000,0,-1.00000000
ecg_105,ecg,SPAN,1.2500,128,100,147,147,13.6054,23.22901114,7.060906e-04,0.22684211,0,-1.00000000
ecg_105,ecg,SPAN,1.5000,128,100,147,147,13.6054,20.57068953,1.302245e-03,0.27333333,0,-1.00000000
ecg_105,ecg,SPAN,2.0000,128,100,147,147,13.6054,20.65372034,1.277584e-03,0.21029412,0,-1.00000000
ecg_105,ecg,REF_INTERP_ERROR,-1.0000,256,2,1255,1255,1.5936,46.36463030,3.430035e-06,0.00700000,0,-1.00000000
ecg_105,ecg,REF_VW_AREA,-1.0000,256,2,1255,1255,1.5936,45.68959516,4.006840e-06,0.00800000,0,-1.00000000
ecg_105,ecg,SPAN,0.0000,256,2,1255,1255,1.5936,46.36463030,3.430035e-06,0.00700000,0,-1.00000000
ecg_105,ecg,SPAN,0.2500,256,2,1255,1255,1.5936,46.26639206,3.508507e-06,0.00750000,0,-1.00000000
ecg_105,ecg,SPAN,0.5000,256,2,1255,1255,1.5936,46.04633027,3.690868e-06,0.00750000,0,-1.00000000
ecg_105,ecg,SPAN,0.7500,256,2,1255,1255,1.5936,45.90389556,3.813924e-06,0.00750000,0,-1.00000000
ecg_105,ecg,SPAN,1.0000,256,2,1255,1255,1.5936,45.68959516,4.006840e-06,0.00800000,0,-1.00000000
ecg_105,ecg,SPAN,1.2500,256,2,1255,1255,1.5936,45.38970451,4.293299e-06,0.00875000,0,-1.00000000
ecg_105,ecg,SPAN,1.5000,256,2,1255,1255,1.5936,45.22805536,4.456111e-06,0.01000000,0,-1.00000000
ecg_105,ecg,SPAN,2.0000,256,2,1255,1255,1.5936,44.53026373,5.232812e-06,0.01000000,0,-1.00000000
ecg_105,ecg,REF_INTERP_ERROR,-1.0000,256,3,922,922,2.1692,40.54398911,1.310276e-05,0.01333333,0,-1.00000000
ecg_105,ecg,REF_VW_AREA,-1.0000,256,3,922,922,2.1692,39.80205259,1.554377e-05,0.02000000,0,-1.00000000
ecg_105,ecg,SPAN,0.0000,256,3,922,922,2.1692,40.54398911,1.310276e-05,0.01333333,0,-1.00000000
ecg_105,ecg,SPAN,0.2500,256,3,922,922,2.1692,40.51199203,1.319965e-05,0.01500000,0,-1.00000000
ecg_105,ecg,SPAN,0.5000,256,3,922,922,2.1692,40.15038744,1.434573e-05,0.01500000,0,-1.00000000
ecg_105,ecg,SPAN,0.7500,256,3,922,922,2.1692,39.98568845,1.490022e-05,0.02000000,0,-1.00000000
ecg_105,ecg,SPAN,1.0000,256,3,922,922,2.1692,39.80205259,1.554377e-05,0.02000000,0,-1.00000000
ecg_105,ecg,SPAN,1.2500,256,3,922,922,2.1692,39.62482477,1.619120e-05,0.02200000,0,-1.00000000
ecg_105,ecg,SPAN,1.5000,256,3,922,922,2.1692,39.38314079,1.711778e-05,0.02333333,0,-1.00000000
ecg_105,ecg,SPAN,2.0000,256,3,922,922,2.1692,38.60949530,2.045559e-05,0.03000000,0,-1.00000000
ecg_105,ecg,REF_INTERP_ERROR,-1.0000,256,5,655,655,3.0534,35.46098829,4.223405e-05,0.02700000,0,-1.00000000
ecg_105,ecg,REF_VW_AREA,-1.0000,256,5,655,655,3.0534,34.51858594,5.246902e-05,0.04000000,0,-1.00000000
ecg_105,ecg,SPAN,0.0000,256,5,655,655,3.0534,35.46098829,4.223405e-05,0.02700000,0,-1.00000000
ecg_105,ecg,SPAN,0.2500,256,5,655,655,3.0534,35.36901132,4.313804e-05,0.03375000,0,-1.00000000
ecg_105,ecg,SPAN,0.5000,256,5,655,655,3.0534,34.99752434,4.699040e-05,0.03375000,0,-1.00000000
ecg_105,ecg,SPAN,0.7500,256,5,655,655,3.0534,34.90196512,4.803580e-05,0.03375000,0,-1.00000000
ecg_105,ecg,SPAN,1.0000,256,5,655,655,3.0534,34.51858594,5.246902e-05,0.04000000,0,-1.00000000
ecg_105,ecg,SPAN,1.2500,256,5,655,655,3.0534,34.17026625,5.685058e-05,0.04000000,0,-1.00000000
ecg_105,ecg,SPAN,1.5000,256,5,655,655,3.0534,33.90367813,6.044964e-05,0.04000000,0,-1.00000000
ecg_105,ecg,SPAN,2.0000,256,5,655,655,3.0534,33.54639137,6.563302e-05,0.04600000,0,-1.00000000
ecg_105,ecg,REF_INTERP_ERROR,-1.0000,256,10,455,455,4.3956,32.22682879,8.893622e-05,0.03437500,0,-1.00000000
ecg_105,ecg,REF_VW_AREA,-1.0000,256,10,455,455,4.3956,31.64963918,1.015775e-04,0.05500000,0,-1.00000000
ecg_105,ecg,SPAN,0.0000,256,10,455,455,4.3956,32.22682879,8.893622e-05,0.03437500,0,-1.00000000
ecg_105,ecg,SPAN,0.2500,256,10,455,455,4.3956,32.35601547,8.632965e-05,0.03666667,0,-1.00000000
ecg_105,ecg,SPAN,0.5000,256,10,455,455,4.3956,31.94132952,9.497922e-05,0.03944444,0,-1.00000000
ecg_105,ecg,SPAN,0.7500,256,10,455,455,4.3956,32.06095770,9.239868e-05,0.04000000,0,-1.00000000
ecg_105,ecg,SPAN,1.0000,256,10,455,455,4.3956,31.64963918,1.015775e-04,0.05500000,0,-1.00000000
ecg_105,ecg,SPAN,1.2500,256,10,455,455,4.3956,31.28554391,1.104605e-04,0.07333333,0,-1.00000000
ecg_105,ecg,SPAN,1.5000,256,10,455,455,4.3956,31.08131720,1.157790e-04,0.07333333,0,-1.00000000
ecg_105,ecg,SPAN,2.0000,256,10,455,455,4.3956,30.54543357,1.309840e-04,0.06500000,0,-1.00000000
ecg_105,ecg,REF_INTERP_ERROR,-1.0000,256,20,355,355,5.6338,29.12414853,1.816966e-04,0.06500000,0,-1.00000000
ecg_105,ecg,REF_VW_AREA,-1.0000,256,20,355,355,5.6338,30.08516003,1.456282e-04,0.06714286,0,-1.00000000
ecg_105,ecg,SPAN,0.0000,256,20,355,355,5.6338,29.12414853,1.816966e-04,0.06500000,0,-1.00000000
ecg_105,ecg,SPAN,0.2500,256,20,355,355,5.6338,30.18486933,1.423228e-04,0.05454545,0,-1.00000000
ecg_105,ecg,SPAN,0.5000,256,20,355,355,5.6338,30.03761313,1.472313e-04,0.05289474,0,-1.00000000
ecg_105,ecg,SPAN,0.7500,256,20,355,355,5.6338,30.06480537,1.463124e-04,0.07333333,0,-1.00000000
ecg_105,ecg,SPAN,1.0000,256,20,355,355,5.6338,30.08516003,1.456282e-04,0.06714286,0,-1.00000000
ecg_105,ecg,SPAN,1.2500,256,20,355,355,5.6338,29.94319872,1.504671e-04,0.07333333,0,-1.00000000
ecg_105,ecg,SPAN,1.5000,256,20,355,355,5.6338,29.74647704,1.574396e-04,0.07333333,0,-1.00000000
ecg_105,ecg,SPAN,2.0000,256,20,355,355,5.6338,29.21950441,1.777506e-04,0.07333333,0,-1.00000000
ecg_105,ecg,REF_INTERP_ERROR,-1.0000,256,50,295,295,6.7797,27.30849000,2.760022e-04,0.08529412,0,-1.00000000
ecg_105,ecg,REF_VW_AREA,-1.0000,256,50,295,295,6.7797,29.02222864,1.860110e-04,0.05833333,0,-1.00000000
ecg_105,ecg,SPAN,0.0000,256,50,295,295,6.7797,27.30849000,2.760022e-04,0.08529412,0,-1.00000000
ecg_105,ecg,SPAN,0.2500,256,50,295,295,6.7797,29.24962397,1.765221e-04,0.05076923,0,-1.00000000
ecg_105,ecg,SPAN,0.5000,256,50,295,295,6.7797,29.66335632,1.604818e-04,0.06500000,0,-1.00000000
ecg_105,ecg,SPAN,0.7500,256,50,295,295,6.7797,29.44541128,1.687409e-04,0.07333333,0,-1.00000000
ecg_105,ecg,SPAN,1.0000,256,50,295,295,6.7797,29.02222864,1.860110e-04,0.05833333,0,-1.00000000
ecg_105,ecg,SPAN,1.2500,256,50,295,295,6.7797,28.84794420,1.936275e-04,0.08500000,0,-1.00000000
ecg_105,ecg,SPAN,1.5000,256,50,295,295,6.7797,28.91974976,1.904525e-04,0.08166667,0,-1.00000000
ecg_105,ecg,SPAN,2.0000,256,50,295,295,6.7797,28.18857652,2.253740e-04,0.09750000,0,-1.00000000
ecg_105,ecg,REF_INTERP_ERROR,-1.0000,256,100,275,275,7.2727,25.89094902,3.825310e-04,0.12500000,0,-1.00000000
ecg_105,ecg,REF_VW_AREA,-1.0000,256,100,275,275,7.2727,28.82331164,1.947289e-04,0.07333333,0,-1.00000000
ecg_105,ecg,SPAN,0.0000,256,100,275,275,7.2727,25.89094902,3.825310e-04,0.12500000,0,-1.00000000
ecg_105,ecg,SPAN,0.2500,256,100,275,275,7.2727,29.02395991,1.859369e-04,0.06500000,0,-1.00000000
ecg_105,ecg,SPAN,0.5000,256,100,275,275,7.2727,29.28885303,1.749348e-04,0.06500000,0,-1.00000000
ecg_105,ecg,SPAN,0.7500,256,100,275,275,7.2727,29.35458226,1.723072e-04,0.07333333,0,-1.00000000
ecg_105,ecg,SPAN,1.0000,256,100,275,275,7.2727,28.82331164,1.947289e-04,0.07333333,0,-1.00000000
ecg_105,ecg,SPAN,1.2500,256,100,275,275,7.2727,29.11089353,1.822520e-04,0.07333333,0,-1.00000000
ecg_105,ecg,SPAN,1.5000,256,100,275,275,7.2727,28.23467250,2.229946e-04,0.08500000,0,-1.00000000
ecg_105,ecg,SPAN,2.0000,256,100,275,275,7.2727,28.26296058,2.215468e-04,0.08625000,0,-1.00000000
ecg_105,ecg,REF_INTERP_ERROR,-1.0000,512,2,1511,1511,1.3236,50.74574156,1.250799e-06,0.00500000,0,-1.00000000
ecg_105,ecg,REF_VW_AREA,-1.0000,512,2,1511,1511,1.3236,50.28334692,1.391319e-06,0.00500000,0,-1.00000000
ecg_105,ecg,SPAN,0.0000,512,2,1511,1511,1.3236,50.74574156,1.250799e-06,0.00500000,0,-1.00000000
ecg_105,ecg,SPAN,0.2500,512,2,1511,1511,1.3236,50.79143232,1.237708e-06,0.00500000,0,-1.00000000
ecg_105,ecg,SPAN,0.5000,512,2,1511,1511,1.3236,50.72493455,1.256806e-06,0.00500000,0,-1.00000000
ecg_105,ecg,SPAN,0.7500,512,2,1511,1511,1.3236,50.74489772,1.251042e-06,0.00500000,0,-1.00000000
ecg_105,ecg,SPAN,1.0000,512,2,1511,1511,1.3236,50.28334692,1.391319e-06,0.00500000,0,-1.00000000
ecg_105,ecg,SPAN,1.2500,512,2,1511,1511,1.3236,49.78134583,1.561806e-06,0.00500000,0,-1.00000000
ecg_105,ecg,SPAN,1.5000,512,2,1511,1511,1.3236,49.78134583,1.561806e-06,0.00500000,0,-1.00000000
ecg_105,ecg,SPAN,2.0000,512,2,1511,1511,1.3236,49.78134583,1.561806e-06,0.00500000,0,-1.00000000
ecg_105,ecg,REF_INTERP_ERROR,-1.0000,512,3,1178,1178,1.6978,44.35398249,5.449583e-06,0.00875000,0,-1.00000000
ecg_105,ecg,REF_VW_AREA,-1.0000,512,3,1178,1178,1.6978,43.87957187,6.078611e-06,0.01200000,0,-1.00000000
ecg_105,ecg,SPAN,0.0000,512,3,1178,1178,1.6978,44.35398249,5.449583e-06,0.00875000,0,-1.00000000
ecg_105,ecg,SPAN,0.2500,512,3,1178,1178,1.6978,44.37684365,5.420972e-06,0.00875000,0,-1.00000000
ecg_105,ecg,SPAN,0.5000,512,3,1178,1178,1.6978,44.13370136,5.733125e-06,0.01166667,0,-1.00000000
ecg_105,ecg,SPAN,0.7500,512,3,1178,1178,1.6978,43.95257099,5.977292e-06,0.01100000,0,-1.00000000
ecg_105,ecg,SPAN,1.0000,512,3,1178,1178,1.6978,43.87957187,6.078611e-06,0.01200000,0,-1.00000000
ecg_105,ecg,SPAN,1.2500,512,3,1178,1178,1.6978,43.78388356,6.214028e-06,0.01333333,0,-1.00000000
ecg_105,ecg,SPAN,1.5000,512,3,1178,1178,1.6978,43.42728175,6.745799e-06,0.01250000,0,-1.00000000
ecg_105,ecg,SPAN,2.0000,512,3,1178,1178,1.6978,42.92476466,7.573299e-06,0.01250000,0,-1.00000000
ecg_105,ecg,REF_INTERP_ERROR,-1.0000,512,5,911,911,2.1954,40.37004353,1.363820e-05,0.01500000,0,-1.00000000
ecg_105,ecg,REF_VW_AREA,-1.0000,512,5,911,911,2.1954,39.64992876,1.609788e-05,0.01875000,0,-1.00000000
ecg_105,ecg,SPAN,0.0000,512,5,911,911,2.1954,40.37004353,1.363820e-05,0.01500000,0,-1.00000000
ecg_105,ecg,SPAN,0.2500,512,5,911,911,2.1954,40.23058918,1.408324e-05,0.01500000,0,-1.00000000
ecg_105,ecg,SPAN,0.5000,512,5,911,911,2.1954,40.08098743,1.457682e-05,0.01500000,0,-1.00000000
ecg_105,ecg,SPAN,0.7500,512,5,911,911,2.1954,39.75565273,1.571073e-05,0.01875000,0,-1.00000000
ecg_105,ecg,SPAN,1.0000,512,5,911,911,2.1954,39.64992876,1.609788e-05,0.01875000,0,-1.00000000
ecg_105,ecg,SPAN,1.2500,512,5,911,911,2.1954,39.37924586,1.713314e-05,0.02250000,0,-1.00000000
ecg_105,ecg,SPAN,1.5000,512,5,911,911,2.1954,39.24391521,1.767543e-05,0.02250000,0,-1.00000000
ecg_105,ecg,SPAN,2.0000,512,5,911,911,2.1954,38.54929581,2.074111e-05,0.03000000,0,-1.00000000
ecg_105,ecg,REF_INTERP_ERROR,-1.0000,512,10,711,711,2.8129,37.08262602,2.907361e-05,0.02000000,0,-1.00000000
ecg_105,ecg,REF_VW_AREA,-1.0000,512,10,711,711,2.8129,36.65215948,3.210300e-05,0.02700000,0,-1.00000000
ecg_105,ecg,SPAN,0.0000,512,10,711,711,2.8129,37.08262602,2.907361e-05,0.02000000,0,-1.00000000
ecg_105,ecg,SPAN,0.2500,512,10,711,711,2.8129,37.10320520,2.893617e-05,0.02000000,0,-1.00000000
ecg_105,ecg,SPAN,0.5000,512,10,711,711,2.8129,37.03652010,2.938391e-05,0.02000000,0,-1.00000000
ecg_105,ecg,SPAN,0.7500,512,10,711,711,2.8129,36.76760437,3.126087e-05,0.02700000,0,-1.00000000
ecg_105,ecg,SPAN,1.0000,512,10,711,711,2.8129,36.65215948,3.210300e-05,0.02700000,0,-1.00000000
ecg_105,ecg,SPAN,1.2500,512,10,711,711,2.8129,36.31142066,3.472318e-05,0.03000000,0,-1.00000000
ecg_105,ecg,SPAN,1.5000,512,10,711,711,2.8129,36.09427454,3.650347e-05,0.04000000,0,-1.00000000
ecg_105,ecg,SPAN,2.0000,512,10,711,711,2.8129,35.35640474,4.326344e-05,0.04750000,0,-1.00000000
ecg_105,ecg,REF_INTERP_ERROR,-1.0000,512,20,611,611,3.2733,35.39468199,4.288381e-05,0.02700000,0,-1.00000000
ecg_105,ecg,REF_VW_AREA,-1.0000,512,20,611,611,3.2733,34.85181413,4.859372e-05,0.03750000,0,-1.00000000
ecg_105,ecg,SPAN,0.0000,512,20,611,611,3.2733,35.39468199,4.288381e-05,0.02700000,0,-1.00000000
ecg_105,ecg,SPAN,0.2500,512,20,611,611,3.2733,35.29699236,4.385936e-05,0.03250000,0,-1.00000000
ecg_105,ecg,SPAN,0.5000,512,20,611,611,3.2733,35.31689793,4.365880e-05,0.03250000,0,-1.00000000
ecg_105,ecg,SPAN,0.7500,512,20,611,611,3.2733,35.22324594,4.461049e-05,0.03166667,0,-1.00000000
ecg_105,ecg,SPAN,1.0000,512,20,611,611,3.2733,34.85181413,4.859372e-05,0.03750000,0,-1.00000000
ecg_105,ecg,SPAN,1.2500,512,20,611,611,3.2733,34.65871687,5.080306e-05,0.04000000,0,-1.00000000
ecg_105,ecg,SPAN,1.5000,512,20,611,611,3.2733,34.43253784,5.351897e-05,0.05500000,0,-1.00000000
ecg_105,ecg,SPAN,2.0000,512,20,611,611,3.2733,34.20368254,5.641483e-05,0.05500000,0,-1.00000000
ecg_105,ecg,REF_INTERP_ERROR,-1.0000,512,50,551,551,3.6298,34.19242606,5.656124e-05,0.03625000,0,-1.00000000
ecg_105,ecg,REF_VW_AREA,-1.0000,512,50,551,551,3.6298,34.02043854,5.884610e-05,0.04000000,0,-1.00000000
ecg_105,ecg,SPAN,0.0000,512,50,551,551,3.6298,34.19242606,5.656124e-05,0.03625000,0,-1.00000000
ecg_105,ecg,SPAN,0.2500,512,50,551,551,3.6298,34.70777943,5.023236e-05,0.03000000,0,-1.00000000
ecg_105,ecg,SPAN,0.5000,512,50,551,551,3.6298,34.48596225,5.286465e-05,0.03000000,0,-1.00000000
ecg_105,ecg,SPAN,0.7500,512,50,551,551,3.6298,34.26024259,5.568488e-05,0.03750000,0,-1.00000000
ecg_105,ecg,SPAN,1.0000,512,50,551,551,3.6298,34.02043854,5.884610e-05,0.04000000,0,-1.00000000
ecg_105,ecg,SPAN,1.2500,512,50,551,551,3.6298,33.84019092,6.133981e-05,0.04750000,0,-1.00000000
ecg_105,ecg,SPAN,1.5000,512,50,551,551,3.6298,33.47175313,6.677075e-05,0.05500000,0,-1.00000000
ecg_105,ecg,SPAN,2.0000,512,50,551,551,3.6298,33.26603728,7.000964e-05,0.05500000,0,-1.00000000
ecg_105,ecg,REF_INTERP_ERROR,-1.0000,512,100,531,531,3.7665,33.86340173,6.101286e-05,0.04500000,0,-1.00000000
ecg_105,ecg,REF_VW_AREA,-1.0000,512,100,531,531,3.7665,33.73592699,6.283026e-05,0.04000000,0,-1.00000000
ecg_105,ecg,SPAN,0.0000,512,100,531,531,3.7665,33.86340173,6.101286e-05,0.04500000,0,-1.00000000
ecg_105,ecg,SPAN,0.2500,512,100,531,531,3.7665,34.29322140,5.526363e-05,0.03625000,0,-1.00000000
ecg_105,ecg,SPAN,0.5000,512,100,531,531,3.7665,34.17909003,5.673519e-05,0.03571429,0,-1.00000000
ecg_105,ecg,SPAN,0.7500,512,100,531,531,3.7665,34.05314503,5.840460e-05,0.03571429,0,-1.00000000
ecg_105,ecg,SPAN,1.0000,512,100,531,531,3.7665,33.73592699,6.283026e-05,0.04000000,0,-1.00000000
ecg_105,ecg,SPAN,1.2500,512,100,531,531,3.7665,33.59669283,6.487722e-05,0.04000000,0,-1.00000000
ecg_105,ecg,SPAN,1.5000,512,100,531,531,3.7665,33.44045726,6.725364e-05,0.05500000,0,-1.00000000
ecg_105,ecg,SPAN,2.0000,512,100,531,531,3.7665,32.81910165,7.759815e-05,0.05500000,0,-1.00000000
ecg_106,ecg,REF_INTERP_ERROR,-1.0000,32,2,1031,1031,1.9399,40.98984599,1.308606e-05,0.02000000,0,-1.00000000
ecg_106,ecg,REF_VW_AREA,-1.0000,32,2,1031,1031,1.9399,40.27443102,1.542944e-05,0.03000000,0,-1.00000000
ecg_106,ecg,SPAN,0.0000,32,2,1031,1031,1.9399,40.98984599,1.308606e-05,0.02000000,0,-1.00000000
ecg_106,ecg,SPAN,0.2500,32,2,1031,1031,1.9399,40.97734293,1.312378e-05,0.02250000,0,-1.00000000
ecg_106,ecg,SPAN,0.5000,32,2,1031,1031,1.9399,40.61830401,1.425486e-05,0.02750000,0,-1.00000000
ecg_106,ecg,SPAN,0.7500,32,2,1031,1031,1.9399,40.35448448,1.514764e-05,0.02750000,0,-1.00000000
ecg_106,ecg,SPAN,1.0000,32,2,1031,1031,1.9399,40.27443102,1.542944e-05,0.03000000,0,-1.00000000
ecg_106,ecg,SPAN,1.2500,32,2,1031,1031,1.9399,40.08174917,1.612941e-05,0.03000000,0,-1.00000000
ecg_106,ecg,SPAN,1.5000,32,2,1031,1031,1.9399,39.79544874,1.722854e-05,0.03750000,0,-1.00000000
ecg_106,ecg,SPAN,2.0000,32,2,1031,1031,1.9399,39.00132763,2.068524e-05,0.03750000,0,-1.00000000
ecg_106,ecg,REF_INTERP_ERROR,-1.0000,32,3,698,698,2.8653,34.86319571,5.363815e-05,0.03666667,0,-1.00000000
ecg_106,ecg,REF_VW_AREA,-1.0000,32,3,698,698,2.8653,33.81355035,6.830278e-05,0.05250000,0,-1.00000000
ecg_106,ecg,SPAN,0.0000,32,3,698,698,2.8653,34.86319571,5.363815e-05,0.03666667,0,-1.00000000
ecg_106,ecg,SPAN,0.2500,32,3,698,698,2.8653,34.67891431,5.596313e-05,0.03750000,0,-1.00000000
ecg_106,ecg,SPAN,0.5000,32,3,698,698,2.8653,34.32678788,6.068965e-05,0.04750000,0,-1.00000000
ecg_106,ecg,SPAN,0.7500,32,3,698,698,2.8653,34.04200356,6.480269e-05,0.05000000,0,-1.00000000
ecg_106,ecg,SPAN,1.0000,32,3,698,698,2.8653,33.81355035,6.830278e-05,0.05250000,0,-1.00000000
ecg_106,ecg,SPAN,1.2500,32,3,698,698,2.8653,33.38078750,7.545962e-05,0.07750000,0,-1.00000000
ecg_106,ecg,SPAN,1.5000,32,3,698,698,2.8653,32.23845835,9.816294e-05,0.09750000,0,-1.00000000
ecg_106,ecg,SPAN,2.0000,32,3,698,698,2.8653,31.51409776,1.159801e-04,0.10000000,0,-1.00000000
ecg_106,ecg,REF_INTERP_ERROR,-1.0000,32,5,431,431,4.6404,29.41387748,1.881073e-04,0.05500000,0,-1.00000000
ecg_106,ecg,REF_VW_AREA,-1.0000,32,5,431,431,4.6404,28.13545933,2.524919e-04,0.10333333,0,-1.00000000
ecg_106,ecg,SPAN,0.0000,32,5,431,431,4.6404,29.41387748,1.881073e-04,0.05500000,0,-1.00000000
ecg_106,ecg,SPAN,0.2500,32,5,431,431,4.6404,29.48790352,1.849282e-04,0.06750000,0,-1.00000000
ecg_106,ecg,SPAN,0.5000,32,5,431,431,4.6404,29.20659750,1.973030e-04,0.07333333,0,-1.00000000
ecg_106,ecg,SPAN,0.7500,32,5,431,431,4.6404,28.55078386,2.294642e-04,0.10333333,0,-1.00000000
ecg_106,ecg,SPAN,1.0000,32,5,431,431,4.6404,28.13545933,2.524919e-04,0.10333333,0,-1.00000000
ecg_106,ecg,SPAN,1.2500,32,5,431,431,4.6404,27.80302829,2.725779e-04,0.10833333,0,-1.00000000
ecg_106,ecg,SPAN,1.5000,32,5,431,431,4.6404,27.66989788,2.810630e-04,0.10833333,0,-1.00000000
ecg_106,ecg,SPAN,2.0000,32,5,431,431,4.6404,26.04145101,4.089294e-04,0.24000000,0,-1.00000000
ecg_106,ecg,REF_INTERP_ERROR,-1.0000,32,10,231,231,8.6580,25.10153045,5.077388e-04,0.07846154,0,-1.00000000
ecg_106,ecg,REF_VW_AREA,-1.0000,32,10,231,231,8.6580,22.76956690,8.686338e-04,0.27600000,0,-1.00000000
ecg_106,ecg,SPAN,0.0000,32,10,231,231,8.6580,25.10153045,5.077388e-04,0.07846154,0,-1.00000000
ecg_106,ecg,SPAN,0.2500,32,10,231,231,8.6580,25.30204357,4.848295e-04,0.10875000,0,-1.00000000
ecg_106,ecg,SPAN,0.5000,32,10,231,231,8.6580,24.52766038,5.794652e-04,0.11166667,0,-1.00000000
ecg_106,ecg,SPAN,0.7500,32,10,231,231,8.6580,23.79085325,6.866067e-04,0.27600000,0,-1.00000000
ecg_106,ecg,SPAN,1.0000,32,10,231,231,8.6580,22.76956690,8.686338e-04,0.27600000,0,-1.00000000
ecg_106,ecg,SPAN,1.2500,32,10,231,231,8.6580,22.79352010,8.638561e-04,0.27750000,0,-1.00000000
ecg_106,ecg,SPAN,1.5000,32,10,231,231,8.6580,22.14579634,1.002799e-03,0.28333333,0,-1.00000000
ecg_106,ecg,SPAN,2.0000,32,10,231,231,8.6580,19.92014076,1.674092e-03,0.46750000,0,-1.00000000
ecg_106,ecg,REF_INTERP_ERROR,-1.0000,32,20,131,131,15.2672,20.93831203,1.324226e-03,0.19100000,0,-1.00000000
ecg_106,ecg,REF_VW_AREA,-1.0000,32,20,131,131,15.2672,18.27493376,2.445119e-03,0.45000000,0,-1.00000000
ecg_106,ecg,SPAN,0.0000,32,20,131,131,15.2672,20.93831203,1.324226e-03,0.19100000,0,-1.00000000
ecg_106,ecg,SPAN,0.2500,32,20,131,131,15.2672,20.49426961,1.466785e-03,0.26000000,0,-1.00000000
ecg_106,ecg,SPAN,0.5000,32,20,131,131,15.2672,19.55722820,1.819997e-03,0.26475000,0,-1.00000000
ecg_106,ecg,SPAN,0.7500,32,20,131,131,15.2672,19.91204989,1.677214e-03,0.31200000,0,-1.00000000
ecg_106,ecg,SPAN,1.0000,32,20,131,131,15.2672,18.27493376,2.445119e-03,0.45000000,0,-1.00000000
ecg_106,ecg,SPAN,1.2500,32,20,131,131,15.2672,16.63622739,3.565912e-03,0.62214286,0,-1.00000000
ecg_106,ecg,SPAN,1.5000,32,20,131,131,15.2672,15.87709223,4.247019e-03,0.71500000,0,-1.00000000
ecg_106,ecg,SPAN,2.0000,32,20,131,131,15.2672,13.17837334,7.905986e-03,0.91833333,0,-1.00000000
ecg_106,ecg,REF_INTERP_ERROR,-1.0000,32,50,71,71,28.1690,10.32268501,1.525896e-02,0.55750000,0,-1.00000000
ecg_106,ecg,REF_VW_AREA,-1.0000,32,50,71,71,28.1690,8.88430115,2.125021e-02,1.98441176,0,-1.00000000
ecg_106,ecg,SPAN,0.0000,32,50,71,71,28.1690,10.32268501,1.525896e-02,0.55750000,0,-1.00000000
ecg_106,ecg,SPAN,0.2500,32,50,71,71,28.1690,11.28654945,1.222189e-02,0.55031915,0,-1.00000000
ecg_106,ecg,SPAN,0.5000,32,50,71,71,28.1690,11.33048790,1.209886e-02,0.56500000,0,-1.00000000
ecg_106,ecg,SPAN,0.7500,32,50,71,71,28.1690,11.06545049,1.286022e-02,0.69642857,0,-1.00000000
ecg_106,ecg,SPAN,1.0000,32,50,71,71,28.1690,8.88430115,2.125021e-02,1.98441176,0,-1.00000000
ecg_106,ecg,SPAN,1.2500,32,50,71,71,28.1690,5.95752266,4.169089e-02,2.25750000,0,-1.00000000
ecg_106,ecg,SPAN,1.5000,32,50,71,71,28.1690,4.34968415,6.037053e-02,2.40531915,0,-1.00000000
ecg_106,ecg,SPAN,2.0000,32,50,71,71,28.1690,3.46390034,7.402925e-02,2.41645833,0,-1.00000000
ecg_106,ecg,REF_INTERP_ERROR,-1.0000,32,100,51,51,39.2157,8.17580201,2.501573e-02,0.58842857,0,-1.00000000
ecg_106,ecg,REF_VW_AREA,-1.0000,32,100,51,51,39.2157,2.94287106,8.346536e-02,2.35395833,0,-1.00000000
ecg_106,ecg,SPAN,0.0000,32,100,51,51,39.2157,8.17580201,2.501573e-02,0.58842857,0,-1.00000000
ecg_106,ecg,SPAN,0.2500,32,100,51,51,39.2157,9.00871013,2.065011e-02,0.53400000,0,-1.00000000
ecg_106,ecg,SPAN,0.5000,32,100,51,51,39.2157,2.81901275,8.588002e-02,2.57735294,0,-1.00000000
ecg_106,ecg,SPAN,0.7500,32,100,51,51,39.2157,2.16454458,9.984790e-02,2.35395833,0,-1.00000000
ecg_106,ecg,SPAN,1.0000,32,100,51,51,39.2157,2.94287106,8.346536e-02,2.35395833,0,-1.00000000
ecg_106,ecg,SPAN,1.2500,32,100,51,51,39.2157,2.50705641,9.227579e-02,1.85607692,0,-1.00000000
ecg_106,ecg,SPAN,1.5000,32,100,51,51,39.2157,2.99432144,8.248239e-02,2.11760000,0,-1.00000000
ecg_106,ecg,SPAN,2.0000,32,100,51,51,39.2157,3.17990629,7.903196e-02,2.48644068,0,-1.00000000
ecg_106,ecg,REF_INTERP_ERROR,-1.0000,64,2,1063,1063,1.8815,41.76107274,1.095686e-05,0.01300000,0,-1.00000000
ecg_106,ecg,REF_VW_AREA,-1.0000,64,2,1063,1063,1.8815,41.16845775,1.255878e-05,0.01500000,0,-1.00000000
ecg_106,ecg,SPAN,0.0000,64,2,1063,1063,1.8815,41.76107274,1.095686e-05,0.01300000,0,-1.00000000
ecg_106,ecg,SPAN,0.2500,64,2,1063,1063,1.8815,41.80660583,1.084258e-05,0.01666667,0,-1.00000000
ecg_106,ecg,SPAN,0.5000,64,2,1063,1063,1.8815,41.51991082,1.158250e-05,0.01666667,0,-1.00000000
ecg_106,ecg,SPAN,0.7500,64,2,1063,1063,1.8815,41.46545519,1.172865e-05,0.01500000,0,-1.00000000
ecg_106,ecg,SPAN,1.0000,64,2,1063,1063,1.8815,41.16845775,1.255878e-05,0.01500000,0,-1.00000000
ecg_106,ecg,SPAN,1.2500,64,2,1063,1063,1.8815,41.01930084,1.299760e-05,0.01500000,0,-1.00000000
ecg_106,ecg,SPAN,1.5000,64,2,1063,1063,1.8815,40.73154118,1.388799e-05,0.02100000,0,-1.00000000
ecg_106,ecg,SPAN,2.0000,64,2,1063,1063,1.8815,40.24830751,1.552253e-05,0.02500000,0,-1.00000000
ecg_106,ecg,REF_INTERP_ERROR,-1.0000,64,3,730,730,2.7397,35.54832961,4.581001e-05,0.02714286,0,-1.00000000
ecg_106,ecg,REF_VW_AREA,-1.0000,64,3,730,730,2.7397,34.71360476,5.551789e-05,0.05000000,0,-1.00000000
ecg_106,ecg,SPAN,0.0000,64,3,730,730,2.7397,35.54832961,4.581001e-05,0.02714286,0,-1.00000000
ecg_106,ecg,SPAN,0.2500,64,3,730,730,2.7397,35.48906340,4.643945e-05,0.03666667,0,-1.00000000
ecg_106,ecg,SPAN,0.5000,64,3,730,730,2.7397,35.30623702,4.843616e-05,0.03750000,0,-1.00000000
ecg_106,ecg,SPAN,0.7500,64,3,730,730,2.7397,35.05611166,5.130766e-05,0.03750000,0,-1.00000000
ecg_106,ecg,SPAN,1.0000,64,3,730,730,2.7397,34.71360476,5.551789e-05,0.05000000,0,-1.00000000
ecg_106,ecg,SPAN,1.2500,64,3,730,730,2.7397,34.19704463,6.253007e-05,0.05000000,0,-1.00000000
ecg_106,ecg,SPAN,1.5000,64,3,730,730,2.7397,33.27775082,7.727132e-05,0.07750000,0,-1.00000000
ecg_106,ecg,SPAN,2.0000,64,3,730,730,2.7397,32.36955092,9.524415e-05,0.08500000,0,-1.00000000
ecg_106,ecg,REF_INTERP_ERROR,-1.0000,64,5,463,463,4.3197,29.89998546,1.681879e-04,0.05785714,0,-1.00000000
ecg_106,ecg,REF_VW_AREA,-1.0000,64,5,463,463,4.3197,28.61612443,2.260377e-04,0.10333333,0,-1.00000000
ecg_106,ecg,SPAN,0.0000,64,5,463,463,4.3197,29.89998546,1.681879e-04,0.05785714,0,-1.00000000
ecg_106,ecg,SPAN,0.2500,64,5,463,463,4.3197,29.98163135,1.650556e-04,0.05785714,0,-1.00000000
ecg_106,ecg,SPAN,0.5000,64,5,463,463,4.3197,30.02342828,1.634747e-04,0.05785714,0,-1.00000000
ecg_106,ecg,SPAN,0.7500,64,5,463,463,4.3197,29.46592373,1.858665e-04,0.07333333,0,-1.00000000
ecg_106,ecg,SPAN,1.0000,64,5,463,463,4.3197,28.61612443,2.260377e-04,0.10333333,0,-1.00000000
ecg_106,ecg,SPAN,1.2500,64,5,463,463,4.3197,28.50370804,2.319651e-04,0.09250000,0,-1.00000000
ecg_106,ecg,SPAN,1.5000,64,5,463,463,4.3197,28.07908204,2.557910e-04,0.10000000,0,-1.00000000
ecg_106,ecg,SPAN,2.0000,64,5,463,463,4.3197,26.79059726,3.441388e-04,0.23250000,0,-1.00000000
ecg_106,ecg,REF_INTERP_ERROR,-1.0000,64,10,263,263,7.6046,25.43240690,4.704925e-04,0.07890244,0,-1.00000000
ecg_106,ecg,REF_VW_AREA,-1.0000,64,10,263,263,7.6046,23.91956934,6.665557e-04,0.21875000,0,-1.00000000
ecg_106,ecg,SPAN,0.0000,64,10,263,263,7.6046,25.43240690,4.704925e-04,0.07890244,0,-1.00000000
ecg_106,ecg,SPAN,0.2500,64,10,263,263,7.6046,25.71764471,4.405842e-04,0.10875000,0,-1.00000000
ecg_106,ecg,SPAN,0.5000,64,10,263,263,7.6046,25.17884360,4.987800e-04,0.10875000,0,-1.00000000
ecg_106,ecg,SPAN,0.7500,64,10,263,263,7.6046,25.06284514,5.122817e-04,0.10875000,0,-1.00000000
ecg_106,ecg,SPAN,1.0000,64,10,263,263,7.6046,23.91956934,6.665557e-04,0.21875000,0,-1.00000000
ecg_106,ecg,SPAN,1.2500,64,10,263,263,7.6046,23.93671406,6.639295e-04,0.27600000,0,-1.00000000
ecg_106,ecg,SPAN,1.5000,64,10,263,263,7.6046,23.02310885,8.193746e-04,0.27600000,0,-1.00000000
ecg_106,ecg,SPAN,2.0000,64,10,263,263,7.6046,22.09952594,1.013540e-03,0.28333333,0,-1.00000000
ecg_106,ecg,REF_INTERP_ERROR,-1.0000,64,20,163,163,12.2699,21.67152896,1.118512e-03,0.19100000,0,-1.00000000
ecg_106,ecg,REF_VW_AREA,-1.0000,64,20,163,163,12.2699,20.19648424,1.570887e-03,0.31200000,0,-1.00000000
ecg_106,ecg,SPAN,0.0000,64,20,163,163,12.2699,21.67152896,1.118512e-03,0.19100000,0,-1.00000000
ecg_106,ecg,SPAN,0.2500,64,20,163,163,12.2699,22.37673871,9.508664e-04,0.19100000,0,-1.00000000
ecg_106,ecg,SPAN,0.5000,64,20,163,163,12.2699,21.90866215,1.059076e-03,0.19300000,0,-1.00000000
ecg_106,ecg,SPAN,0.7500,64,20,163,163,12.2699,21.21635109,1.242105e-03,0.31200000,0,-1.00000000
ecg_106,ecg,SPAN,1.0000,64,20,163,163,12.2699,20.19648424,1.570887e-03,0.31200000,0,-1.00000000
ecg_106,ecg,SPAN,1.2500,64,20,163,163,12.2699,17.62650122,2.838855e-03,0.71500000,0,-1.00000000
ecg_106,ecg,SPAN,1.5000,64,20,163,163,12.2699,16.10335294,4.031420e-03,0.83785714,0,-1.00000000
ecg_106,ecg,SPAN,2.0000,64,20,163,163,12.2699,15.43925257,4.697515e-03,0.80500000,0,-1.00000000
ecg_106,ecg,REF_INTERP_ERROR,-1.0000,64,50,103,103,19.4175,14.10576633,6.385821e-03,0.55750000,0,-1.00000000
ecg_106,ecg,REF_VW_AREA,-1.0000,64,50,103,103,19.4175,14.72533974,5.536807e-03,0.83785714,0,-1.00000000
ecg_106,ecg,SPAN,0.0000,64,50,103,103,19.4175,14.10576633,6.385821e-03,0.55750000,0,-1.00000000
ecg_106,ecg,SPAN,0.2500,64,50,103,103,19.4175,13.71709600,6.983671e-03,0.55031915,0,-1.00000000
ecg_106,ecg,SPAN,0.5000,64,50,103,103,19.4175,15.66666744,4.457862e-03,0.34150000,0,-1.00000000
ecg_106,ecg,SPAN,0.7500,64,50,103,103,19.4175,16.50751793,3.673175e-03,0.40500000,0,-1.00000000
ecg_106,ecg,SPAN,1.0000,64,50,103,103,19.4175,14.72533974,5.536807e-03,0.83785714,0,-1.00000000
ecg_106,ecg,SPAN,1.2500,64,50,103,103,19.4175,14.59161654,5.709943e-03,0.83785714,0,-1.00000000
ecg_106,ecg,SPAN,1.5000,64,50,103,103,19.4175,10.00249787,1.642645e-02,1.98441176,0,-1.00000000
ecg_106,ecg,SPAN,2.0000,64,50,103,103,19.4175,10.20792403,1.566755e-02,1.98441176,0,-1.00000000
ecg_106,ecg,REF_INTERP_ERROR,-1.0000,64,100,83,83,24.0964,9.99840644,1.644193e-02,0.77512605,0,-1.00000000
ecg_106,ecg,REF_VW_AREA,-1.0000,64,100,83,83,24.0964,13.22364145,7.824007e-03,0.65500000,0,-1.00000000
ecg_106,ecg,SPAN,0.0000,64,100,83,83,24.0964,9.99840644,1.644193e-02,0.77512605,0,-1.00000000
ecg_106,ecg,SPAN,0.2500,64,100,83,83,24.0964,12.28186169,9.718679e-03,0.51103604,0,-1.00000000
ecg_106,ecg,SPAN,0.5000,64,100,83,83,24.0964,12.27315200,9.738189e-03,0.51103604,0,-1.00000000
ecg_106,ecg,SPAN,0.7500,64,100,83,83,24.0964,14.50572612,5.823992e-03,0.46000000,0,-1.00000000
ecg_106,ecg,SPAN,1.0000,64,100,83,83,24.0964,13.22364145,7.824007e-03,0.65500000,0,-1.00000000
ecg_106,ecg,SPAN,1.2500,64,100,83,83,24.0964,12.56093946,9.113799e-03,0.65500000,0,-1.00000000
ecg_106,ecg,SPAN,1.5000,64,100,83,83,24.0964,8.20825966,2.482947e-02,2.13909091,0,-1.00000000
ecg_106,ecg,SPAN,2.0000,64,100,83,83,24.0964,5.49577982,4.636768e-02,1.98526316,0,-1.00000000
ecg_106,ecg,REF_INTERP_ERROR,-1.0000,128,2,1127,1127,1.7746,42.58484047,9.063780e-06,0.01000000,0,-1.00000000
ecg_106,ecg,REF_VW_AREA,-1.0000,128,2,1127,1127,1.7746,41.84599602,1.074469e-05,0.01500000,0,-1.00000000
ecg_106,ecg,SPAN,0.0000,128,2,1127,1127,1.7746,42.58484047,9.063780e-06,0.01000000,0,-1.00000000
ecg_106,ecg,SPAN,0.2500,128,2,1127,1127,1.7746,42.59021526,9.052569e-06,0.01000000,0,-1.00000000
ecg_106,ecg,SPAN,0.5000,128,2,1127,1127,1.7746,42.22543974,9.845764e-06,0.01333333,0,-1.00000000
ecg_106,ecg,SPAN,0.7500,128,2,1127,1127,1.7746,41.97048118,1.044108e-05,0.01500000,0,-1.00000000
ecg_106,ecg,SPAN,1.0000,128,2,1127,1127,1.7746,41.84599602,1.074469e-05,0.01500000,0,-1.00000000
ecg_106,ecg,SPAN,1.2500,128,2,1127,1127,1.7746,41.65292800,1.123313e-05,0.01500000,0,-1.00000000
ecg_106,ecg,SPAN,1.5000,128,2,1127,1127,1.7746,41.45533557,1.175601e-05,0.01625000,0,-1.00000000
ecg_106,ecg,SPAN,2.0000,128,2,1127,1127,1.7746,40.77891174,1.373733e-05,0.02000000,0,-1.00000000
ecg_106,ecg,REF_INTERP_ERROR,-1.0000,128,3,794,794,2.5189,36.55411561,3.633974e-05,0.02300000,0,-1.00000000
ecg_106,ecg,REF_VW_AREA,-1.0000,128,3,794,794,2.5189,35.82573145,4.297543e-05,0.04100000,0,-1.00000000
ecg_106,ecg,SPAN,0.0000,128,3,794,794,2.5189,36.55411561,3.633974e-05,0.02300000,0,-1.00000000
ecg_106,ecg,SPAN,0.2500,128,3,794,794,2.5189,36.42690001,3.741997e-05,0.02500000,0,-1.00000000
ecg_106,ecg,SPAN,0.5000,128,3,794,794,2.5189,36.45124999,3.721075e-05,0.02833333,0,-1.00000000
ecg_106,ecg,SPAN,0.7500,128,3,794,794,2.5189,36.20692521,3.936415e-05,0.03250000,0,-1.00000000
ecg_106,ecg,SPAN,1.0000,128,3,794,794,2.5189,35.82573145,4.297543e-05,0.04100000,0,-1.00000000
ecg_106,ecg,SPAN,1.2500,128,3,794,794,2.5189,35.44116761,4.695444e-05,0.04100000,0,-1.00000000
ecg_106,ecg,SPAN,1.5000,128,3,794,794,2.5189,34.95695437,5.249258e-05,0.05000000,0,-1.00000000
ecg_106,ecg,SPAN,2.0000,128,3,794,794,2.5189,33.73146934,6.960596e-05,0.07750000,0,-1.00000000
ecg_106,ecg,REF_INTERP_ERROR,-1.0000,128,5,527,527,3.7951,30.94741131,1.321455e-04,0.05785714,0,-1.00000000
ecg_106,ecg,REF_VW_AREA,-1.0000,128,5,527,527,3.7951,29.93696166,1.667620e-04,0.08500000,0,-1.00000000
ecg_106,ecg,SPAN,0.0000,128,5,527,527,3.7951,30.94741131,1.321455e-04,0.05785714,0,-1.00000000
ecg_106,ecg,SPAN,0.2500,128,5,527,527,3.7951,30.81536355,1.362251e-04,0.05785714,0,-1.00000000
ecg_106,ecg,SPAN,0.5000,128,5,527,527,3.7951,30.73667309,1.387158e-04,0.05785714,0,-1.00000000
ecg_106,ecg,SPAN,0.7500,128,5,527,527,3.7951,30.21842287,1.562972e-04,0.07333333,0,-1.00000000
ecg_106,ecg,SPAN,1.0000,128,5,527,527,3.7951,29.93696166,1.667620e-04,0.08500000,0,-1.00000000
ecg_106,ecg,SPAN,1.2500,128,5,527,527,3.7951,29.43270062,1.872938e-04,0.10333333,0,-1.00000000
ecg_106,ecg,SPAN,1.5000,128,5,527,527,3.7951,29.13235724,2.007048e-04,0.10333333,0,-1.00000000
ecg_106,ecg,SPAN,2.0000,128,5,527,527,3.7951,28.62539236,2.255559e-04,0.10333333,0,-1.00000000
ecg_106,ecg,REF_INTERP_ERROR,-1.0000,128,10,327,327,6.1162,26.54859555,3.638596e-04,0.07846154,0,-1.00000000
ecg_106,ecg,REF_VW_AREA,-1.0000,128,10,327,327,6.1162,25.90277217,4.221980e-04,0.11500000,0,-1.00000000
ecg_106,ecg,SPAN,0.0000,128,10,327,327,6.1162,26.54859555,3.638596e-04,0.07846154,0,-1.00000000
ecg_106,ecg,SPAN,0.2500,128,10,327,327,6.1162,26.97941245,3.294975e-04,0.07681818,0,-1.00000000
ecg_106,ecg,SPAN,0.5000,128,10,327,327,6.1162,26.43663163,3.733621e-04,0.08500000,0,-1.00000000
ecg_106,ecg,SPAN,0.7500,128,10,327,327,6.1162,25.90641147,4.218444e-04,0.10875000,0,-1.00000000
ecg_106,ecg,SPAN,1.0000,128,10,327,327,6.1162,25.90277217,4.221980e-04,0.11500000,0,-1.00000000
ecg_106,ecg,SPAN,1.2500,128,10,327,327,6.1162,24.83432154,5.399596e-04,0.19300000,0,-1.00000000
ecg_106,ecg,SPAN,1.5000,128,10,327,327,6.1162,23.96957950,6.589242e-04,0.24000000,0,-1.00000000
ecg_106,ecg,SPAN,2.0000,128,10,327,327,6.1162,23.25581014,7.766268e-04,0.30166667,0,-1.00000000
ecg_106,ecg,REF_INTERP_ERROR,-1.0000,128,20,227,227,8.8106,23.68226868,7.039901e-04,0.19100000,0,-1.00000000
ecg_106,ecg,REF_VW_AREA,-1.0000,128,20,227,227,8.8106,23.91435609,6.673563e-04,0.17100000,0,-1.00000000
ecg_106,ecg,SPAN,0.0000,128,20,227,227,8.8106,23.68226868,7.039901e-04,0.19100000,0,-1.00000000
ecg_106,ecg,SPAN,0.2500,128,20,227,227,8.8106,24.17886327,6.279240e-04,0.12000000,0,-1.00000000
ecg_106,ecg,SPAN,0.5000,128,20,227,227,8.8106,23.94224589,6.630844e-04,0.12000000,0,-1.00000000
ecg_106,ecg,SPAN,0.7500,128,20,227,227,8.8106,24.18415415,6.271595e-04,0.14166667,0,-1.00000000
ecg_106,ecg,SPAN,1.0000,128,20,227,227,8.8106,23.91435609,6.673563e-04,0.17100000,0,-1.00000000
ecg_106,ecg,SPAN,1.2500,128,20,227,227,8.8106,22.96261247,8.308682e-04,0.31200000,0,-1.00000000
ecg_106,ecg,SPAN,1.5000,128,20,227,227,8.8106,22.20531764,9.891488e-04,0.31200000,0,-1.00000000
ecg_106,ecg,SPAN,2.0000,128,20,227,227,8.8106,20.93165333,1.326258e-03,0.31200000,0,-1.00000000
ecg_106,ecg,REF_INTERP_ERROR,-1.0000,128,50,167,167,11.9760,18.76954658,2.181920e-03,0.20777778,0,-1.00000000
ecg_106,ecg,REF_VW_AREA,-1.0000,128,50,167,167,11.9760,20.74686328,1.383908e-03,0.31200000,0,-1.00000000
ecg_106,ecg,SPAN,0.0000,128,50,167,167,11.9760,18.76954658,2.181920e-03,0.20777778,0,-1.00000000
ecg_106,ecg,SPAN,0.2500,128,50,167,167,11.9760,21.19285680,1.248843e-03,0.16844828,0,-1.00000000
ecg_106,ecg,SPAN,0.5000,128,50,167,167,11.9760,22.41968764,9.415093e-04,0.20125000,0,-1.00000000
ecg_106,ecg,SPAN,0.7500,128,50,167,167,11.9760,19.90856607,1.678560e-03,0.29260870,0,-1.00000000
ecg_106,ecg,SPAN,1.0000,128,50,167,167,11.9760,20.74686328,1.383908e-03,0.31200000,0,-1.00000000
ecg_106,ecg,SPAN,1.2500,128,50,167,167,11.9760,19.32917002,1.918123e-03,0.37166667,0,-1.00000000
ecg_106,ecg,SPAN,1.5000,128,50,167,167,11.9760,19.84196347,1.704500e-03,0.37166667,0,-1.00000000
ecg_106,ecg,SPAN,2.0000,128,50,167,167,11.9760,18.09993680,2.545656e-03,0.47250000,0,-1.00000000
ecg_106,ecg,REF_INTERP_ERROR,-1.0000,128,100,147,147,13.6054,16.07658273,4.056347e-03,0.30935484,0,-1.00000000
ecg_106,ecg,REF_VW_AREA,-1.0000,128,100,147,147,13.6054,19.74581181,1.742658e-03,0.31200000,0,-1.00000000
ecg_106,ecg,SPAN,0.0000,128,100,147,147,13.6054,16.07658273,4.056347e-03,0.30935484,0,-1.00000000
ecg_106,ecg,SPAN,0.2500,128,100,147,147,13.6054,18.18961071,2.493632e-03,0.31400000,0,-1.00000000
ecg_106,ecg,SPAN,0.5000,128,100,147,147,13.6054,18.82153170,2.155958e-03,0.27571429,0,-1.00000000
ecg_106,ecg,SPAN,0.7500,128,100,147,147,13.6054,20.03943169,1.628734e-03,0.29260870,0,-1.00000000
ecg_106,ecg,SPAN,1.0000,128,100,147,147,13.6054,19.74581181,1.742658e-03,0.31200000,0,-1.00000000
ecg_106,ecg,SPAN,1.2500,128,100,147,147,13.6054,18.91404354,2.110518e-03,0.37166667,0,-1.00000000
ecg_106,ecg,SPAN,1.5000,128,100,147,147,13.6054,19.13279008,2.006848e-03,0.37166667,0,-1.00000000
ecg_106,ecg,SPAN,2.0000,128,100,147,147,13.6054,17.52888313,2.903388e-03,0.47250000,0,-1.00000000
ecg_106,ecg,REF_INTERP_ERROR,-1.0000,256,2,1255,1255,1.5936,44.09933978,6.395278e-06,0.01000000,0,-1.00000000
ecg_106,ecg,REF_VW_AREA,-1.0000,256,2,1255,1255,1.5936,43.49678425,7.347083e-06,0.01000000,0,-1.00000000
ecg_106,ecg,SPAN,0.0000,256,2,1255,1255,1.5936,44.09933978,6.395278e-06,0.01000000,0,-1.00000000
ecg_106,ecg,SPAN,0.2500,256,2,1255,1255,1.5936,44.11810228,6.367708e-06,0.01000000,0,-1.00000000
ecg_106,ecg,SPAN,0.5000,256,2,1255,1255,1.5936,43.79570405,6.858403e-06,0.01250000,0,-1.00000000
ecg_106,ecg,SPAN,0.7500,256,2,1255,1255,1.5936,43.61105780,7.156285e-06,0.01333333,0,-1.00000000
ecg_106,ecg,SPAN,1.0000,256,2,1255,1255,1.5936,43.49678425,7.347083e-06,0.01000000,0,-1.00000000
ecg_106,ecg,SPAN,1.2500,256,2,1255,1255,1.5936,43.22272431,7.825660e-06,0.01250000,0,-1.00000000
ecg_106,ecg,SPAN,1.5000,256,2,1255,1255,1.5936,42.87824532,8.471667e-06,0.01250000,0,-1.00000000
ecg_106,ecg,SPAN,2.0000,256,2,1255,1255,1.5936,42.56213773,9.111285e-06,0.01500000,0,-1.00000000
ecg_106,ecg,REF_INTERP_ERROR,-1.0000,256,3,922,922,2.1692,38.39346975,2.379285e-05,0.02000000,0,-1.00000000
ecg_106,ecg,REF_VW_AREA,-1.0000,256,3,922,922,2.1692,37.70207346,2.789883e-05,0.02833333,0,-1.00000000
ecg_106,ecg,SPAN,0.0000,256,3,922,922,2.1692,38.39346975,2.379285e-05,0.02000000,0,-1.00000000
ecg_106,ecg,SPAN,0.2500,256,3,922,922,2.1692,38.25293334,2.457537e-05,0.02000000,0,-1.00000000
ecg_106,ecg,SPAN,0.5000,256,3,922,922,2.1692,38.06781070,2.564557e-05,0.02250000,0,-1.00000000
ecg_106,ecg,SPAN,0.7500,256,3,922,922,2.1692,37.79359655,2.731705e-05,0.02833333,0,-1.00000000
ecg_106,ecg,SPAN,1.0000,256,3,922,922,2.1692,37.70207346,2.789883e-05,0.02833333,0,-1.00000000
ecg_106,ecg,SPAN,1.2500,256,3,922,922,2.1692,37.35828857,3.019705e-05,0.03750000,0,-1.00000000
ecg_106,ecg,SPAN,1.5000,256,3,922,922,2.1692,36.96286211,3.307556e-05,0.03750000,0,-1.00000000
ecg_106,ecg,SPAN,2.0000,256,3,922,922,2.1692,35.93630194,4.189510e-05,0.05250000,0,-1.00000000
ecg_106,ecg,REF_INTERP_ERROR,-1.0000,256,5,655,655,3.0534,33.07777374,8.091257e-05,0.03500000,0,-1.00000000
ecg_106,ecg,REF_VW_AREA,-1.0000,256,5,655,655,3.0534,32.06202638,1.022329e-04,0.06000000,0,-1.00000000
ecg_106,ecg,SPAN,0.0000,256,5,655,655,3.0534,33.07777374,8.091257e-05,0.03500000,0,-1.00000000
ecg_106,ecg,SPAN,0.2500,256,5,655,655,3.0534,32.75758296,8.710340e-05,0.05785714,0,-1.00000000
ecg_106,ecg,SPAN,0.5000,256,5,655,655,3.0534,32.81735160,8.591287e-05,0.05785714,0,-1.00000000
ecg_106,ecg,SPAN,0.7500,256,5,655,655,3.0534,32.34247675,9.583976e-05,0.05785714,0,-1.00000000
ecg_106,ecg,SPAN,1.0000,256,5,655,655,3.0534,32.06202638,1.022329e-04,0.06000000,0,-1.00000000
ecg_106,ecg,SPAN,1.2500,256,5,655,655,3.0534,31.48681673,1.167110e-04,0.08000000,0,-1.00000000
ecg_106,ecg,SPAN,1.5000,256,5,655,655,3.0534,30.88031089,1.342030e-04,0.10333333,0,-1.00000000
ecg_106,ecg,SPAN,2.0000,256,5,655,655,3.0534,30.40654888,1.496713e-04,0.10333333,0,-1.00000000
ecg_106,ecg,REF_INTERP_ERROR,-1.0000,256,10,455,455,4.3956,29.19889244,1.976533e-04,0.05285714,0,-1.00000000
ecg_106,ecg,REF_VW_AREA,-1.0000,256,10,455,455,4.3956,28.34961274,2.403434e-04,0.10875000,0,-1.00000000
ecg_106,ecg,SPAN,0.0000,256,10,455,455,4.3956,29.19889244,1.976533e-04,0.05285714,0,-1.00000000
ecg_106,ecg,SPAN,0.2500,256,10,455,455,4.3956,29.11426127,2.015428e-04,0.06181818,0,-1.00000000
ecg_106,ecg,SPAN,0.5000,256,10,455,455,4.3956,28.95605842,2.090199e-04,0.07000000,0,-1.00000000
ecg_106,ecg,SPAN,0.7500,256,10,455,455,4.3956,28.58809012,2.275016e-04,0.10875000,0,-1.00000000
ecg_106,ecg,SPAN,1.0000,256,10,455,455,4.3956,28.34961274,2.403434e-04,0.10875000,0,-1.00000000
ecg_106,ecg,SPAN,1.2500,256,10,455,455,4.3956,27.76384674,2.750481e-04,0.10875000,0,-1.00000000
ecg_106,ecg,SPAN,1.5000,256,10,455,455,4.3956,27.75615685,2.755356e-04,0.10875000,0,-1.00000000
ecg_106,ecg,SPAN,2.0000,256,10,455,455,4.3956,26.60509598,3.591566e-04,0.24000000,0,-1.00000000
ecg_106,ecg,REF_INTERP_ERROR,-1.0000,256,20,355,355,5.6338,26.13611563,4.001122e-04,0.12000000,0,-1.00000000
ecg_106,ecg,REF_VW_AREA,-1.0000,256,20,355,355,5.6338,26.99834307,3.280644e-04,0.10875000,0,-1.00000000
ecg_106,ecg,SPAN,0.0000,256,20,355,355,5.6338,26.13611563,4.001122e-04,0.12000000,0,-1.00000000
ecg_106,ecg,SPAN,0.2500,256,20,355,355,5.6338,27.35336898,3.023128e-04,0.09333333,0,-1.00000000
ecg_106,ecg,SPAN,0.5000,256,20,355,355,5.6338,27.81865056,2.715991e-04,0.07333333,0,-1.00000000
ecg_106,ecg,SPAN,0.7500,256,20,355,355,5.6338,26.74460057,3.478030e-04,0.10875000,0,-1.00000000
ecg_106,ecg,SPAN,1.0000,256,20,355,355,5.6338,26.99834307,3.280644e-04,0.10875000,0,-1.00000000
ecg_106,ecg,SPAN,1.2500,256,20,355,355,5.6338,26.49706221,3.682029e-04,0.10875000,0,-1.00000000
ecg_106,ecg,SPAN,1.5000,256,20,355,355,5.6338,26.26328390,3.885662e-04,0.11833333,0,-1.00000000
ecg_106,ecg,SPAN,2.0000,256,20,355,355,5.6338,24.85862627,5.369462e-04,0.17100000,0,-1.00000000
ecg_106,ecg,REF_INTERP_ERROR,-1.0000,256,50,295,295,6.7797,24.94002594,5.269760e-04,0.12488372,0,-1.00000000
ecg_106,ecg,REF_VW_AREA,-1.0000,256,50,295,295,6.7797,25.84135869,4.282107e-04,0.18000000,0,-1.00000000
ecg_106,ecg,SPAN,0.0000,256,50,295,295,6.7797,24.94002594,5.269760e-04,0.12488372,0,-1.00000000
ecg_106,ecg,SPAN,0.2500,256,50,295,295,6.7797,24.15322772,6.316414e-04,0.15325581,0,-1.00000000
ecg_106,ecg,SPAN,0.5000,256,50,295,295,6.7797,26.32972021,3.826673e-04,0.10476190,0,-1.00000000
ecg_106,ecg,SPAN,0.7500,256,50,295,295,6.7797,26.03687880,4.093601e-04,0.10875000,0,-1.00000000
ecg_106,ecg,SPAN,1.0000,256,50,295,295,6.7797,25.84135869,4.282107e-04,0.18000000,0,-1.00000000
ecg_106,ecg,SPAN,1.2500,256,50,295,295,6.7797,25.45830768,4.676949e-04,0.18000000,0,-1.00000000
ecg_106,ecg,SPAN,1.5000,256,50,295,295,6.7797,25.18050195,4.985896e-04,0.15000000,0,-1.00000000
ecg_106,ecg,SPAN,2.0000,256,50,295,295,6.7797,24.29726491,6.110361e-04,0.21000000,0,-1.00000000
ecg_106,ecg,REF_INTERP_ERROR,-1.0000,256,100,275,275,7.2727,19.48079707,1.852310e-03,0.27571429,0,-1.00000000
ecg_106,ecg,REF_VW_AREA,-1.0000,256,100,275,275,7.2727,25.86699133,4.256908e-04,0.10875000,0,-1.00000000
ecg_106,ecg,SPAN,0.0000,256,100,275,275,7.2727,19.48079707,1.852310e-03,0.27571429,0,-1.00000000
ecg_106,ecg,SPAN,0.2500,256,100,275,275,7.2727,25.70740576,4.416242e-04,0.09741935,0,-1.00000000
ecg_106,ecg,SPAN,0.5000,256,100,275,275,7.2727,26.40780760,3.758483e-04,0.10875000,0,-1.00000000
ecg_106,ecg,SPAN,0.7500,256,100,275,275,7.2727,26.07227734,4.060370e-04,0.10875000,0,-1.00000000
ecg_106,ecg,SPAN,1.0000,256,100,275,275,7.2727,25.86699133,4.256908e-04,0.10875000,0,-1.00000000
ecg_106,ecg,SPAN,1.2500,256,100,275,275,7.2727,25.27297214,4.880858e-04,0.18000000,0,-1.00000000
ecg_106,ecg,SPAN,1.5000,256,100,275,275,7.2727,25.11145626,5.065797e-04,0.15000000,0,-1.00000000
ecg_106,ecg,SPAN,2.0000,256,100,275,275,7.2727,23.88792808,6.714298e-04,0.24000000,0,-1.00000000
ecg_106,ecg,REF_INTERP_ERROR,-1.0000,512,2,1511,1511,1.3236,48.87045801,2.131806e-06,0.00500000,0,-1.00000000
ecg_106,ecg,REF_VW_AREA,-1.0000,512,2,1511,1511,1.3236,48.16137694,2.509896e-06,0.00833333,0,-1.00000000
ecg_106,ecg,SPAN,0.0000,512,2,1511,1511,1.3236,48.87045801,2.131806e-06,0.00500000,0,-1.00000000
ecg_106,ecg,SPAN,0.2500,512,2,1511,1511,1.3236,48.79646482,2.168437e-06,0.00666667,0,-1.00000000
ecg_106,ecg,SPAN,0.5000,512,2,1511,1511,1.3236,48.75597232,2.188750e-06,0.00666667,0,-1.00000000
ecg_106,ecg,SPAN,0.7500,512,2,1511,1511,1.3236,48.52782402,2.306806e-06,0.00750000,0,-1.00000000
ecg_106,ecg,SPAN,1.0000,512,2,1511,1511,1.3236,48.16137694,2.509896e-06,0.00833333,0,-1.00000000
ecg_106,ecg,SPAN,1.2500,512,2,1511,1511,1.3236,47.79790961,2.728993e-06,0.00833333,0,-1.00000000
ecg_106,ecg,SPAN,1.5000,512,2,1511,1511,1.3236,47.79790961,2.728993e-06,0.00833333,0,-1.00000000
ecg_106,ecg,SPAN,2.0000,512,2,1511,1511,1.3236,47.38069368,3.004167e-06,0.00833333,0,-1.00000000
ecg_106,ecg,REF_INTERP_ERROR,-1.0000,512,3,1178,1178,1.6978,42.46680226,9.313505e-06,0.01166667,0,-1.00000000
ecg_106,ecg,REF_VW_AREA,-1.0000,512,3,1178,1178,1.6978,41.78694896,1.089177e-05,0.01600000,0,-1.00000000
ecg_106,ecg,SPAN,0.0000,512,3,1178,1178,1.6978,42.46680226,9.313505e-06,0.01166667,0,-1.00000000
ecg_106,ecg,SPAN,0.2500,512,3,1178,1178,1.6978,42.26044452,9.766725e-06,0.01375000,0,-1.00000000
ecg_106,ecg,SPAN,0.5000,512,3,1178,1178,1.6978,42.21529716,9.868785e-06,0.01375000,0,-1.00000000
ecg_106,ecg,SPAN,0.7500,512,3,1178,1178,1.6978,41.97723114,1.042486e-05,0.01333333,0,-1.00000000
ecg_106,ecg,SPAN,1.0000,512,3,1178,1178,1.6978,41.78694896,1.089177e-05,0.01600000,0,-1.00000000
ecg_106,ecg,SPAN,1.2500,512,3,1178,1178,1.6978,41.53472605,1.154306e-05,0.01600000,0,-1.00000000
ecg_106,ecg,SPAN,1.5000,512,3,1178,1178,1.6978,41.34956541,1.204583e-05,0.01875000,0,-1.00000000
ecg_106,ecg,SPAN,2.0000,512,3,1178,1178,1.6978,40.93534268,1.325132e-05,0.02250000,0,-1.00000000
ecg_106,ecg,REF_INTERP_ERROR,-1.0000,512,5,911,911,2.1954,38.04764896,2.576490e-05,0.02437500,0,-1.00000000
ecg_106,ecg,REF_VW_AREA,-1.0000,512,5,911,911,2.1954,37.65082551,2.823000e-05,0.02500000,0,-1.00000000
ecg_106,ecg,SPAN,0.0000,512,5,911,911,2.1954,38.04764896,2.576490e-05,0.02437500,0,-1.00000000
ecg_106,ecg,SPAN,0.2500,512,5,911,911,2.1954,37.94649510,2.637205e-05,0.02500000,0,-1.00000000
ecg_106,ecg,SPAN,0.5000,512,5,911,911,2.1954,37.96702396,2.624768e-05,0.02500000,0,-1.00000000
ecg_106,ecg,SPAN,0.7500,512,5,911,911,2.1954,37.90531353,2.662331e-05,0.02500000,0,-1.00000000
ecg_106,ecg,SPAN,1.0000,512,5,911,911,2.1954,37.65082551,2.823000e-05,0.02500000,0,-1.00000000
ecg_106,ecg,SPAN,1.2500,512,5,911,911,2.1954,37.27877660,3.075500e-05,0.03250000,0,-1.00000000
ecg_106,ecg,SPAN,1.5000,512,5,911,911,2.1954,37.14791828,3.169579e-05,0.03500000,0,-1.00000000
ecg_106,ecg,SPAN,2.0000,512,5,911,911,2.1954,36.57346860,3.617816e-05,0.04250000,0,-1.00000000
ecg_106,ecg,REF_INTERP_ERROR,-1.0000,512,10,711,711,2.8129,34.93820213,5.271973e-05,0.02937500,0,-1.00000000
ecg_106,ecg,REF_VW_AREA,-1.0000,512,10,711,711,2.8129,34.12872473,6.352153e-05,0.04250000,0,-1.00000000
ecg_106,ecg,SPAN,0.0000,512,10,711,711,2.8129,34.93820213,5.271973e-05,0.02937500,0,-1.00000000
ecg_106,ecg,SPAN,0.2500,512,10,711,711,2.8129,35.01868443,5.175174e-05,0.02944444,0,-1.00000000
ecg_106,ecg,SPAN,0.5000,512,10,711,711,2.8129,34.84378915,5.387837e-05,0.03687500,0,-1.00000000
ecg_106,ecg,SPAN,0.7500,512,10,711,711,2.8129,34.35061199,6.035763e-05,0.04000000,0,-1.00000000
ecg_106,ecg,SPAN,1.0000,512,10,711,711,2.8129,34.12872473,6.352153e-05,0.04250000,0,-1.00000000
ecg_106,ecg,SPAN,1.2500,512,10,711,711,2.8129,33.51933823,7.309027e-05,0.05250000,0,-1.00000000
ecg_106,ecg,SPAN,1.5000,512,10,711,711,2.8129,33.38071832,7.546083e-05,0.06000000,0,-1.00000000
ecg_106,ecg,SPAN,2.0000,512,10,711,711,2.8129,31.68786057,1.114313e-04,0.09250000,0,-1.00000000
ecg_106,ecg,REF_INTERP_ERROR,-1.0000,512,20,611,611,3.2733,33.35702282,7.587367e-05,0.04681818,0,-1.00000000
ecg_106,ecg,REF_VW_AREA,-1.0000,512,20,611,611,3.2733,32.42065578,9.412995e-05,0.05250000,0,-1.00000000
ecg_106,ecg,SPAN,0.0000,512,20,611,611,3.2733,33.35702282,7.587367e-05,0.04681818,0,-1.00000000
ecg_106,ecg,SPAN,0.2500,512,20,611,611,3.2733,32.96248124,8.308933e-05,0.04857143,0,-1.00000000
ecg_106,ecg,SPAN,0.5000,512,20,611,611,3.2733,32.88726736,8.454086e-05,0.04857143,0,-1.00000000
ecg_106,ecg,SPAN,0.7500,512,20,611,611,3.2733,32.65621674,8.916034e-05,0.04857143,0,-1.00000000
ecg_106,ecg,SPAN,1.0000,512,20,611,611,3.2733,32.42065578,9.412995e-05,0.05250000,0,-1.00000000
ecg_106,ecg,SPAN,1.2500,512,20,611,611,3.2733,31.88000944,1.066087e-04,0.06750000,0,-1.00000000
ecg_106,ecg,SPAN,1.5000,512,20,611,611,3.2733,31.67515524,1.117578e-04,0.08000000,0,-1.00000000
ecg_106,ecg,SPAN,2.0000,512,20,611,611,3.2733,30.02306062,1.634885e-04,0.10333333,0,-1.00000000
ecg_106,ecg,REF_INTERP_ERROR,-1.0000,512,50,551,551,3.6298,32.39319106,9.472711e-05,0.04857143,0,-1.00000000
ecg_106,ecg,REF_VW_AREA,-1.0000,512,50,551,551,3.6298,31.45858412,1.174722e-04,0.06000000,0,-1.00000000
ecg_106,ecg,SPAN,0.0000,512,50,551,551,3.6298,32.39319106,9.472711e-05,0.04857143,0,-1.00000000
ecg_106,ecg,SPAN,0.2500,512,50,551,551,3.6298,32.17704010,9.956103e-05,0.04400000,0,-1.00000000
ecg_106,ecg,SPAN,0.5000,512,50,551,551,3.6298,32.14250634,1.003559e-04,0.04400000,0,-1.00000000
ecg_106,ecg,SPAN,0.7500,512,50,551,551,3.6298,31.65742435,1.122150e-04,0.05785714,0,-1.00000000
ecg_106,ecg,SPAN,1.0000,512,50,551,551,3.6298,31.45858412,1.174722e-04,0.06000000,0,-1.00000000
ecg_106,ecg,SPAN,1.2500,512,50,551,551,3.6298,31.12510546,1.268478e-04,0.07250000,0,-1.00000000
ecg_106,ecg,SPAN,1.5000,512,50,551,551,3.6298,30.40168504,1.498390e-04,0.09750000,0,-1.00000000
ecg_106,ecg,SPAN,2.0000,512,50,551,551,3.6298,29.50734220,1.841023e-04,0.10875000,0,-1.00000000
ecg_106,ecg,REF_INTERP_ERROR,-1.0000,512,100,531,531,3.7665,31.81552832,1.082033e-04,0.04857143,0,-1.00000000
ecg_106,ecg,REF_VW_AREA,-1.0000,512,100,531,531,3.7665,31.33113858,1.209705e-04,0.06000000,0,-1.00000000
ecg_106,ecg,SPAN,0.0000,512,100,531,531,3.7665,31.81552832,1.082033e-04,0.04857143,0,-1.00000000
ecg_106,ecg,SPAN,0.2500,512,100,531,531,3.7665,31.96180686,1.046195e-04,0.04400000,0,-1.00000000
ecg_106,ecg,SPAN,0.5000,512,100,531,531,3.7665,31.68493130,1.115065e-04,0.05785714,0,-1.00000000
ecg_106,ecg,SPAN,0.7500,512,100,531,531,3.7665,31.58303371,1.141537e-04,0.05785714,0,-1.00000000
ecg_106,ecg,SPAN,1.0000,512,100,531,531,3.7665,31.33113858,1.209705e-04,0.06000000,0,-1.00000000
ecg_106,ecg,SPAN,1.2500,512,100,531,531,3.7665,30.85911209,1.348597e-04,0.08000000,0,-1.00000000
ecg_106,ecg,SPAN,1.5000,512,100,531,531,3.7665,30.17973080,1.576959e-04,0.09750000,0,-1.00000000
ecg_106,ecg,SPAN,2.0000,512,100,531,531,3.7665,29.38297275,1.894507e-04,0.10875000,0,-1.00000000
ecg_108,ecg,REF_INTERP_ERROR,-1.0000,32,2,1031,1031,1.9399,40.98382891,8.545165e-06,0.01333333,0,-1.00000000
ecg_108,ecg,REF_VW_AREA,-1.0000,32,2,1031,1031,1.9399,40.19036852,1.025809e-05,0.01875000,0,-1.00000000
ecg_108,ecg,SPAN,0.0000,32,2,1031,1031,1.9399,40.98382891,8.545165e-06,0.01333333,0,-1.00000000
ecg_108,ecg,SPAN,0.2500,32,2,1031,1031,1.9399,40.73468120,9.049722e-06,0.01333333,0,-1.00000000
ecg_108,ecg,SPAN,0.5000,32,2,1031,1031,1.9399,40.54515207,9.453403e-06,0.01333333,0,-1.00000000
ecg_108,ecg,SPAN,0.7500,32,2,1031,1031,1.9399,40.40953394,9.753264e-06,0.01875000,0,-1.00000000
ecg_108,ecg,SPAN,1.0000,32,2,1031,1031,1.9399,40.19036852,1.025809e-05,0.01875000,0,-1.00000000
ecg_108,ecg,SPAN,1.2500,32,2,1031,1031,1.9399,40.01296384,1.068580e-05,0.01875000,0,-1.00000000
ecg_108,ecg,SPAN,1.5000,32,2,1031,1031,1.9399,39.68148525,1.153333e-05,0.02000000,0,-1.00000000
ecg_108,ecg,SPAN,2.0000,32,2,1031,1031,1.9399,39.19149094,1.291083e-05,0.02000000,0,-1.00000000
ecg_108,ecg,REF_INTERP_ERROR,-1.0000,32,3,698,698,2.8653,35.45820316,3.049882e-05,0.02722222,0,-1.00000000
ecg_108,ecg,REF_VW_AREA,-1.0000,32,3,698,698,2.8653,34.51320709,3.791252e-05,0.03600000,0,-1.00000000
ecg_108,ecg,SPAN,0.0000,32,3,698,698,2.8653,35.45820316,3.049882e-05,0.02722222,0,-1.00000000
ecg_108,ecg,SPAN,0.2500,32,3,698,698,2.8653,35.50778938,3.015258e-05,0.02571429,0,-1.00000000
ecg_108,ecg,SPAN,0.5000,32,3,698,698,2.8653,35.17854091,3.252739e-05,0.02750000,0,-1.00000000
ecg_108,ecg,SPAN,0.7500,32,3,698,698,2.8653,35.05650329,3.345438e-05,0.02800000,0,-1.00000000
ecg_108,ecg,SPAN,1.0000,32,3,698,698,2.8653,34.51320709,3.791252e-05,0.03600000,0,-1.00000000
ecg_108,ecg,SPAN,1.2500,32,3,698,698,2.8653,34.19032239,4.083863e-05,0.03600000,0,-1.00000000
ecg_108,ecg,SPAN,1.5000,32,3,698,698,2.8653,33.99463368,4.272086e-05,0.03000000,0,-1.00000000
ecg_108,ecg,SPAN,2.0000,32,3,698,698,2.8653,33.63465336,4.641283e-05,0.03000000,0,-1.00000000
ecg_108,ecg,REF_INTERP_ERROR,-1.0000,32,5,431,431,4.6404,29.80405938,1.121237e-04,0.06800000,0,-1.00000000
ecg_108,ecg,REF_VW_AREA,-1.0000,32,5,431,431,4.6404,28.66492214,1.457509e-04,0.06800000,0,-1.00000000
ecg_108,ecg,SPAN,0.0000,32,5,431,431,4.6404,29.80405938,1.121237e-04,0.06800000,0,-1.00000000
ecg_108,ecg,SPAN,0.2500,32,5,431,431,4.6404,29.86697331,1.105111e-04,0.04714286,0,-1.00000000
ecg_108,ecg,SPAN,0.5000,32,5,431,431,4.6404,29.38067153,1.236051e-04,0.06800000,0,-1.00000000
ecg_108,ecg,SPAN,0.7500,32,5,431,431,4.6404,28.97297601,1.357706e-04,0.06800000,0,-1.00000000
ecg_108,ecg,SPAN,1.0000,32,5,431,431,4.6404,28.66492214,1.457509e-04,0.06800000,0,-1.00000000
ecg_108,ecg,SPAN,1.2500,32,5,431,431,4.6404,28.42725562,1.539493e-04,0.07600000,0,-1.00000000
ecg_108,ecg,SPAN,1.5000,32,5,431,431,4.6404,28.03998004,1.683082e-04,0.06800000,0,-1.00000000
ecg_108,ecg,SPAN,2.0000,32,5,431,431,4.6404,27.52781898,1.893745e-04,0.07800000,0,-1.00000000
ecg_108,ecg,REF_INTERP_ERROR,-1.0000,32,10,231,231,8.6580,25.34722910,3.128819e-04,0.10076923,0,-1.00000000
ecg_108,ecg,REF_VW_AREA,-1.0000,32,10,231,231,8.6580,23.83045204,4.436681e-04,0.18333333,0,-1.00000000
ecg_108,ecg,SPAN,0.0000,32,10,231,231,8.6580,25.34722910,3.128819e-04,0.10076923,0,-1.00000000
ecg_108,ecg,SPAN,0.2500,32,10,231,231,8.6580,25.12626427,3.292130e-04,0.10076923,0,-1.00000000
ecg_108,ecg,SPAN,0.5000,32,10,231,231,8.6580,25.03088027,3.365235e-04,0.09909091,0,-1.00000000
ecg_108,ecg,SPAN,0.7500,32,10,231,231,8.6580,24.81445777,3.537184e-04,0.09909091,0,-1.00000000
ecg_108,ecg,SPAN,1.0000,32,10,231,231,8.6580,23.83045204,4.436681e-04,0.18333333,0,-1.00000000
ecg_108,ecg,SPAN,1.2500,32,10,231,231,8.6580,23.30950460,5.002106e-04,0.19750000,0,-1.00000000
ecg_108,ecg,SPAN,1.5000,32,10,231,231,8.6580,23.45074942,4.842041e-04,0.16750000,0,-1.00000000
ecg_108,ecg,SPAN,2.0000,32,10,231,231,8.6580,22.77816723,5.653100e-04,0.19750000,0,-1.00000000
ecg_108,ecg,REF_INTERP_ERROR,-1.0000,32,20,131,131,15.2672,21.40613594,7.753357e-04,0.18352941,0,-1.00000000
ecg_108,ecg,REF_VW_AREA,-1.0000,32,20,131,131,15.2672,20.85305946,8.806380e-04,0.16869565,0,-1.00000000
ecg_108,ecg,SPAN,0.0000,32,20,131,131,15.2672,21.40613594,7.753357e-04,0.18352941,0,-1.00000000
ecg_108,ecg,SPAN,0.2500,32,20,131,131,15.2672,21.74790010,7.166603e-04,0.18352941,0,-1.00000000
ecg_108,ecg,SPAN,0.5000,32,20,131,131,15.2672,20.72932859,9.060883e-04,0.18636364,0,-1.00000000
ecg_108,ecg,SPAN,0.7500,32,20,131,131,15.2672,21.21859977,8.095495e-04,0.18031250,0,-1.00000000
ecg_108,ecg,SPAN,1.0000,32,20,131,131,15.2672,20.85305946,8.806380e-04,0.16869565,0,-1.00000000
ecg_108,ecg,SPAN,1.2500,32,20,131,131,15.2672,20.16871132,1.030937e-03,0.21175000,0,-1.00000000
ecg_108,ecg,SPAN,1.5000,32,20,131,131,15.2672,19.44687950,1.217350e-03,0.21175000,0,-1.00000000
ecg_108,ecg,SPAN,2.0000,32,20,131,131,15.2672,18.18983610,1.625997e-03,0.21175000,0,-1.00000000
ecg_108,ecg,REF_INTERP_ERROR,-1.0000,32,50,71,71,28.1690,14.11511952,4.155195e-03,0.40989130,0,-1.00000000
ecg_108,ecg,REF_VW_AREA,-1.0000,32,50,71,71,28.1690,13.15868979,5.178863e-03,0.41569767,0,-1.00000000
ecg_108,ecg,SPAN,0.0000,32,50,71,71,28.1690,14.11511952,4.155195e-03,0.40989130,0,-1.00000000
ecg_108,ecg,SPAN,0.2500,32,50,71,71,28.1690,14.08858220,4.180663e-03,0.40000000,0,-1.00000000
ecg_108,ecg,SPAN,0.5000,32,50,71,71,28.1690,13.88372572,4.382590e-03,0.41569767,0,-1.00000000
ecg_108,ecg,SPAN,0.7500,32,50,71,71,28.1690,15.34677974,3.129143e-03,0.36461538,0,-1.00000000
ecg_108,ecg,SPAN,1.0000,32,50,71,71,28.1690,13.15868979,5.178863e-03,0.41569767,0,-1.00000000
ecg_108,ecg,SPAN,1.2500,32,50,71,71,28.1690,12.79821411,5.627065e-03,0.41569767,0,-1.00000000
ecg_108,ecg,SPAN,1.5000,32,50,71,71,28.1690,15.68071585,2.897556e-03,0.36461538,0,-1.00000000
ecg_108,ecg,SPAN,2.0000,32,50,71,71,28.1690,13.31653212,4.994019e-03,0.39768293,0,-1.00000000
ecg_108,ecg,REF_INTERP_ERROR,-1.0000,32,100,51,51,39.2157,8.86093828,1.393187e-02,0.54753165,0,-1.00000000
ecg_108,ecg,REF_VW_AREA,-1.0000,32,100,51,51,39.2157,11.55830835,7.486391e-03,0.40986111,0,-1.00000000
ecg_108,ecg,SPAN,0.0000,32,100,51,51,39.2157,8.86093828,1.393187e-02,0.54753165,0,-1.00000000
ecg_108,ecg,SPAN,0.2500,32,100,51,51,39.2157,10.31299499,9.972496e-03,0.54526316,0,-1.00000000
ecg_108,ecg,SPAN,0.5000,32,100,51,51,39.2157,11.42075177,7.727307e-03,0.38300000,0,-1.00000000
ecg_108,ecg,SPAN,0.7500,32,100,51,51,39.2157,12.06099458,6.668128e-03,0.37573171,0,-1.00000000
ecg_108,ecg,SPAN,1.0000,32,100,51,51,39.2157,11.55830835,7.486391e-03,0.40986111,0,-1.00000000
ecg_108,ecg,SPAN,1.2500,32,100,51,51,39.2157,9.92986988,1.089222e-02,0.69047619,0,-1.00000000
ecg_108,ecg,SPAN,1.5000,32,100,51,51,39.2157,9.60446434,1.173970e-02,0.69047619,0,-1.00000000
ecg_108,ecg,SPAN,2.0000,32,100,51,51,39.2157,10.69963352,9.123049e-03,0.62345361,0,-1.00000000
ecg_108,ecg,REF_INTERP_ERROR,-1.0000,64,2,1063,1063,1.8815,41.24946372,8.038166e-06,0.01166667,0,-1.00000000
ecg_108,ecg,REF_VW_AREA,-1.0000,64,2,1063,1063,1.8815,40.63205168,9.266126e-06,0.01875000,0,-1.00000000
ecg_108,ecg,SPAN,0.0000,64,2,1063,1063,1.8815,41.24946372,8.038166e-06,0.01166667,0,-1.00000000
ecg_108,ecg,SPAN,0.2500,64,2,1063,1063,1.8815,41.25436653,8.029097e-06,0.01250000,0,-1.00000000
ecg_108,ecg,SPAN,0.5000,64,2,1063,1063,1.8815,41.06817965,8.380799e-06,0.01250000,0,-1.00000000
ecg_108,ecg,SPAN,0.7500,64,2,1063,1063,1.8815,40.97482658,8.562897e-06,0.01500000,0,-1.00000000
ecg_108,ecg,SPAN,1.0000,64,2,1063,1063,1.8815,40.63205168,9.266126e-06,0.01875000,0,-1.00000000
ecg_108,ecg,SPAN,1.2500,64,2,1063,1063,1.8815,40.38471256,9.809167e-06,0.01500000,0,-1.00000000
ecg_108,ecg,SPAN,1.5000,64,2,1063,1063,1.8815,40.20227736,1.023000e-05,0.01750000,0,-1.00000000
ecg_108,ecg,SPAN,2.0000,64,2,1063,1063,1.8815,39.57678578,1.181476e-05,0.01750000,0,-1.00000000
ecg_108,ecg,REF_INTERP_ERROR,-1.0000,64,3,730,730,2.7397,35.81690410,2.808103e-05,0.02722222,0,-1.00000000
ecg_108,ecg,REF_VW_AREA,-1.0000,64,3,730,730,2.7397,34.89329118,3.473556e-05,0.03600000,0,-1.00000000
ecg_108,ecg,SPAN,0.0000,64,3,730,730,2.7397,35.81690410,2.808103e-05,0.02722222,0,-1.00000000
ecg_108,ecg,SPAN,0.2500,64,3,730,730,2.7397,35.77315571,2.836533e-05,0.02571429,0,-1.00000000
ecg_108,ecg,SPAN,0.5000,64,3,730,730,2.7397,35.60350552,2.949530e-05,0.02571429,0,-1.00000000
ecg_108,ecg,SPAN,0.7500,64,3,730,730,2.7397,35.43025565,3.069572e-05,0.02800000,0,-1.00000000
ecg_108,ecg,SPAN,1.0000,64,3,730,730,2.7397,34.89329118,3.473556e-05,0.03600000,0,-1.00000000
ecg_108,ecg,SPAN,1.2500,64,3,730,730,2.7397,34.60657346,3.710616e-05,0.03600000,0,-1.00000000
ecg_108,ecg,SPAN,1.5000,64,3,730,730,2.7397,34.37125838,3.917216e-05,0.03000000,0,-1.00000000
ecg_108,ecg,SPAN,2.0000,64,3,730,730,2.7397,34.03201548,4.235472e-05,0.03000000,0,-1.00000000
ecg_108,ecg,REF_INTERP_ERROR,-1.0000,64,5,463,463,4.3197,30.39906033,9.776814e-05,0.04142857,0,-1.00000000
ecg_108,ecg,REF_VW_AREA,-1.0000,64,5,463,463,4.3197,29.30154043,1.258779e-04,0.06800000,0,-1.00000000
ecg_108,ecg,SPAN,0.0000,64,5,463,463,4.3197,30.39906033,9.776814e-05,0.04142857,0,-1.00000000
ecg_108,ecg,SPAN,0.2500,64,5,463,463,4.3197,30.34963462,9.888716e-05,0.04714286,0,-1.00000000
ecg_108,ecg,SPAN,0.5000,64,5,463,463,4.3197,30.04347650,1.061099e-04,0.05461538,0,-1.00000000
ecg_108,ecg,SPAN,0.7500,64,5,463,463,4.3197,29.44174654,1.218790e-04,0.06800000,0,-1.00000000
ecg_108,ecg,SPAN,1.0000,64,5,463,463,4.3197,29.30154043,1.258779e-04,0.06800000,0,-1.00000000
ecg_108,ecg,SPAN,1.2500,64,5,463,463,4.3197,28.86424357,1.392127e-04,0.06800000,0,-1.00000000
ecg_108,ecg,SPAN,1.5000,64,5,463,463,4.3197,28.38677199,1.553911e-04,0.06800000,0,-1.00000000
ecg_108,ecg,SPAN,2.0000,64,5,463,463,4.3197,28.23244056,1.610124e-04,0.06000000,0,-1.00000000
ecg_108,ecg,REF_INTERP_ERROR,-1.0000,64,10,263,263,7.6046,25.93185076,2.734754e-04,0.07256410,0,-1.00000000
ecg_108,ecg,REF_VW_AREA,-1.0000,64,10,263,263,7.6046,24.84050456,3.516033e-04,0.10750000,0,-1.00000000
ecg_108,ecg,SPAN,0.0000,64,10,263,263,7.6046,25.93185076,2.734754e-04,0.07256410,0,-1.00000000
ecg_108,ecg,SPAN,0.2500,64,10,263,263,7.6046,25.68915743,2.891929e-04,0.10076923,0,-1.00000000
ecg_108,ecg,SPAN,0.5000,64,10,263,263,7.6046,25.49941002,3.021081e-04,0.09909091,0,-1.00000000
ecg_108,ecg,SPAN,0.7500,64,10,263,263,7.6046,24.99718557,3.391445e-04,0.09909091,0,-1.00000000
ecg_108,ecg,SPAN,1.0000,64,10,263,263,7.6046,24.84050456,3.516033e-04,0.10750000,0,-1.00000000
ecg_108,ecg,SPAN,1.2500,64,10,263,263,7.6046,23.97171860,4.294687e-04,0.16750000,0,-1.00000000
ecg_108,ecg,SPAN,1.5000,64,10,263,263,7.6046,23.67041625,4.603220e-04,0.13000000,0,-1.00000000
ecg_108,ecg,SPAN,2.0000,64,10,263,263,7.6046,23.15713750,5.180714e-04,0.18333333,0,-1.00000000
ecg_108,ecg,REF_INTERP_ERROR,-1.0000,64,20,163,163,12.2699,22.68687612,5.773189e-04,0.12900000,0,-1.00000000
ecg_108,ecg,REF_VW_AREA,-1.0000,64,20,163,163,12.2699,22.34107552,6.251667e-04,0.13600000,0,-1.00000000
ecg_108,ecg,SPAN,0.0000,64,20,163,163,12.2699,22.68687612,5.773189e-04,0.12900000,0,-1.00000000
ecg_108,ecg,SPAN,0.2500,64,20,163,163,12.2699,22.81883957,5.600405e-04,0.18352941,0,-1.00000000
ecg_108,ecg,SPAN,0.5000,64,20,163,163,12.2699,22.92125429,5.469882e-04,0.12352941,0,-1.00000000
ecg_108,ecg,SPAN,0.7500,64,20,163,163,12.2699,22.81427004,5.606300e-04,0.12352941,0,-1.00000000
ecg_108,ecg,SPAN,1.0000,64,20,163,163,12.2699,22.34107552,6.251667e-04,0.13600000,0,-1.00000000
ecg_108,ecg,SPAN,1.2500,64,20,163,163,12.2699,21.64458190,7.339140e-04,0.15277778,0,-1.00000000
ecg_108,ecg,SPAN,1.5000,64,20,163,163,12.2699,21.85578939,6.990761e-04,0.15578947,0,-1.00000000
ecg_108,ecg,SPAN,2.0000,64,20,163,163,12.2699,21.31798453,7.912340e-04,0.20921053,0,-1.00000000
ecg_108,ecg,REF_INTERP_ERROR,-1.0000,64,50,103,103,19.4175,19.56830470,1.183785e-03,0.18352941,0,-1.00000000
ecg_108,ecg,REF_VW_AREA,-1.0000,64,50,103,103,19.4175,19.00724753,1.347034e-03,0.19562500,0,-1.00000000
ecg_108,ecg,SPAN,0.0000,64,50,103,103,19.4175,19.56830470,1.183785e-03,0.18352941,0,-1.00000000
ecg_108,ecg,SPAN,0.2500,64,50,103,103,19.4175,19.32571765,1.251790e-03,0.18387097,0,-1.00000000
ecg_108,ecg,SPAN,0.5000,64,50,103,103,19.4175,19.19091647,1.291254e-03,0.19730769,0,-1.00000000
ecg_108,ecg,SPAN,0.7500,64,50,103,103,19.4175,20.03554519,1.063038e-03,0.19090909,0,-1.00000000
ecg_108,ecg,SPAN,1.0000,64,50,103,103,19.4175,19.00724753,1.347034e-03,0.19562500,0,-1.00000000
ecg_108,ecg,SPAN,1.2500,64,50,103,103,19.4175,17.34579918,1.974802e-03,0.38000000,0,-1.00000000
ecg_108,ecg,SPAN,1.5000,64,50,103,103,19.4175,19.09524317,1.320016e-03,0.24750000,0,-1.00000000
ecg_108,ecg,SPAN,2.0000,64,50,103,103,19.4175,16.75067747,2.264830e-03,0.38000000,0,-1.00000000
ecg_108,ecg,REF_INTERP_ERROR,-1.0000,64,100,83,83,24.0964,17.17588242,2.053597e-03,0.23500000,0,-1.00000000
ecg_108,ecg,REF_VW_AREA,-1.0000,64,100,83,83,24.0964,16.40892519,2.450253e-03,0.40838710,0,-1.00000000
ecg_108,ecg,SPAN,0.0000,64,100,83,83,24.0964,17.17588242,2.053597e-03,0.23500000,0,-1.00000000
ecg_108,ecg,SPAN,0.2500,64,100,83,83,24.0964,17.81181622,1.773870e-03,0.22098039,0,-1.00000000
ecg_108,ecg,SPAN,0.5000,64,100,83,83,24.0964,15.98750119,2.699935e-03,0.42750000,0,-1.00000000
ecg_108,ecg,SPAN,0.7500,64,100,83,83,24.0964,15.97074606,2.710371e-03,0.40774194,0,-1.00000000
ecg_108,ecg,SPAN,1.0000,64,100,83,83,24.0964,16.40892519,2.450253e-03,0.40838710,0,-1.00000000
ecg_108,ecg,SPAN,1.2500,64,100,83,83,24.0964,16.85174524,2.212732e-03,0.40838710,0,-1.00000000
ecg_108,ecg,SPAN,1.5000,64,100,83,83,24.0964,16.62807186,2.329680e-03,0.30272727,0,-1.00000000
ecg_108,ecg,SPAN,2.0000,64,100,83,83,24.0964,15.22703452,3.216621e-03,0.40838710,0,-1.00000000
ecg_108,ecg,REF_INTERP_ERROR,-1.0000,128,2,1127,1127,1.7746,41.75138190,7.160860e-06,0.01166667,0,-1.00000000
ecg_108,ecg,REF_VW_AREA,-1.0000,128,2,1127,1127,1.7746,41.29919457,7.946647e-06,0.01250000,0,-1.00000000
ecg_108,ecg,SPAN,0.0000,128,2,1127,1127,1.7746,41.75138190,7.160860e-06,0.01166667,0,-1.00000000
ecg_108,ecg,SPAN,0.2500,128,2,1127,1127,1.7746,41.66411200,7.306210e-06,0.01166667,0,-1.00000000
ecg_108,ecg,SPAN,0.5000,128,2,1127,1127,1.7746,41.56693954,7.471528e-06,0.01166667,0,-1.00000000
ecg_108,ecg,SPAN,0.7500,128,2,1127,1127,1.7746,41.44590145,7.682688e-06,0.01250000,0,-1.00000000
ecg_108,ecg,SPAN,1.0000,128,2,1127,1127,1.7746,41.29919457,7.946647e-06,0.01250000,0,-1.00000000
ecg_108,ecg,SPAN,1.2500,128,2,1127,1127,1.7746,40.92526277,8.661181e-06,0.01500000,0,-1.00000000
ecg_108,ecg,SPAN,1.5000,128,2,1127,1127,1.7746,40.69467457,9.133472e-06,0.01500000,0,-1.00000000
ecg_108,ecg,SPAN,2.0000,128,2,1127,1127,1.7746,40.13447185,1.039097e-05,0.01500000,0,-1.00000000
ecg_108,ecg,REF_INTERP_ERROR,-1.0000,128,3,794,794,2.5189,36.33911576,2.489957e-05,0.02000000,0,-1.00000000
ecg_108,ecg,REF_VW_AREA,-1.0000,128,3,794,794,2.5189,35.57971443,2.965732e-05,0.02800000,0,-1.00000000
ecg_108,ecg,SPAN,0.0000,128,3,794,794,2.5189,36.33911576,2.489957e-05,0.02000000,0,-1.00000000
ecg_108,ecg,SPAN,0.2500,128,3,794,794,2.5189,36.30183313,2.511424e-05,0.02571429,0,-1.00000000
ecg_108,ecg,SPAN,0.5000,128,3,794,794,2.5189,36.20093432,2.570455e-05,0.02571429,0,-1.00000000
ecg_108,ecg,SPAN,0.7500,128,3,794,794,2.5189,35.93666647,2.731723e-05,0.02800000,0,-1.00000000
ecg_108,ecg,SPAN,1.0000,128,3,794,794,2.5189,35.57971443,2.965732e-05,0.02800000,0,-1.00000000
ecg_108,ecg,SPAN,1.2500,128,3,794,794,2.5189,35.37722387,3.107284e-05,0.03166667,0,-1.00000000
ecg_108,ecg,SPAN,1.5000,128,3,794,794,2.5189,35.07253696,3.333110e-05,0.03000000,0,-1.00000000
ecg_108,ecg,SPAN,2.0000,128,3,794,794,2.5189,34.60013075,3.716125e-05,0.03000000,0,-1.00000000
ecg_108,ecg,REF_INTERP_ERROR,-1.0000,128,5,527,527,3.7951,31.13302222,8.256598e-05,0.04142857,0,-1.00000000
ecg_108,ecg,REF_VW_AREA,-1.0000,128,5,527,527,3.7951,29.72873950,1.140852e-04,0.06800000,0,-1.00000000
ecg_108,ecg,SPAN,0.0000,128,5,527,527,3.7951,31.13302222,8.256598e-05,0.04142857,0,-1.00000000
ecg_108,ecg,SPAN,0.2500,128,5,527,527,3.7951,31.09965030,8.320288e-05,0.04142857,0,-1.00000000
ecg_108,ecg,SPAN,0.5000,128,5,527,527,3.7951,30.67189307,9.181509e-05,0.06800000,0,-1.00000000
ecg_108,ecg,SPAN,0.7500,128,5,527,527,3.7951,30.23209538,1.016000e-04,0.06800000,0,-1.00000000
ecg_108,ecg,SPAN,1.0000,128,5,527,527,3.7951,29.72873950,1.140852e-04,0.06800000,0,-1.00000000
ecg_108,ecg,SPAN,1.2500,128,5,527,527,3.7951,29.62121376,1.169451e-04,0.06800000,0,-1.00000000
ecg_108,ecg,SPAN,1.5000,128,5,527,527,3.7951,29.33405842,1.249389e-04,0.06800000,0,-1.00000000
ecg_108,ecg,SPAN,2.0000,128,5,527,527,3.7951,28.64585996,1.463920e-04,0.06800000,0,-1.00000000
ecg_108,ecg,REF_INTERP_ERROR,-1.0000,128,10,327,327,6.1162,27.19065942,2.046621e-04,0.05944444,0,-1.00000000
ecg_108,ecg,REF_VW_AREA,-1.0000,128,10,327,327,6.1162,26.12200172,2.617599e-04,0.10750000,0,-1.00000000
ecg_108,ecg,SPAN,0.0000,128,10,327,327,6.1162,27.19065942,2.046621e-04,0.05944444,0,-1.00000000
ecg_108,ecg,SPAN,0.2500,128,10,327,327,6.1162,27.06622525,2.106109e-04,0.07052632,0,-1.00000000
ecg_108,ecg,SPAN,0.5000,128,10,327,327,6.1162,26.84632200,2.215497e-04,0.07500000,0,-1.00000000
ecg_108,ecg,SPAN,0.7500,128,10,327,327,6.1162,26.07727877,2.644694e-04,0.09909091,0,-1.00000000
ecg_108,ecg,SPAN,1.0000,128,10,327,327,6.1162,26.12200172,2.617599e-04,0.10750000,0,-1.00000000
ecg_108,ecg,SPAN,1.2500,128,10,327,327,6.1162,25.00420800,3.385966e-04,0.10555556,0,-1.00000000
ecg_108,ecg,SPAN,1.5000,128,10,327,327,6.1162,25.04100256,3.357400e-04,0.10555556,0,-1.00000000
ecg_108,ecg,SPAN,2.0000,128,10,327,327,6.1162,24.77707480,3.567762e-04,0.10500000,0,-1.00000000
ecg_108,ecg,REF_INTERP_ERROR,-1.0000,128,20,227,227,8.8106,24.74870907,3.591141e-04,0.11200000,0,-1.00000000
ecg_108,ecg,REF_VW_AREA,-1.0000,128,20,227,227,8.8106,24.30823519,3.974476e-04,0.11000000,0,-1.00000000
ecg_108,ecg,SPAN,0.0000,128,20,227,227,8.8106,24.74870907,3.591141e-04,0.11200000,0,-1.00000000
ecg_108,ecg,SPAN,0.2500,128,20,227,227,8.8106,25.38948214,3.098526e-04,0.08140000,0,-1.00000000
ecg_108,ecg,SPAN,0.5000,128,20,227,227,8.8106,24.49626390,3.806072e-04,0.10684211,0,-1.00000000
ecg_108,ecg,SPAN,0.7500,128,20,227,227,8.8106,24.81961969,3.532982e-04,0.10076923,0,-1.00000000
ecg_108,ecg,SPAN,1.0000,128,20,227,227,8.8106,24.30823519,3.974476e-04,0.11000000,0,-1.00000000
ecg_108,ecg,SPAN,1.2500,128,20,227,227,8.8106,23.85860209,4.408016e-04,0.12763158,0,-1.00000000
ecg_108,ecg,SPAN,1.5000,128,20,227,227,8.8106,23.46469738,4.826515e-04,0.13000000,0,-1.00000000
ecg_108,ecg,SPAN,2.0000,128,20,227,227,8.8106,22.63502756,5.842525e-04,0.21538462,0,-1.00000000
ecg_108,ecg,REF_INTERP_ERROR,-1.0000,128,50,167,167,11.9760,23.22495070,5.100448e-04,0.10684211,0,-1.00000000
ecg_108,ecg,REF_VW_AREA,-1.0000,128,50,167,167,11.9760,23.07768667,5.276363e-04,0.11333333,0,-1.00000000
ecg_108,ecg,SPAN,0.0000,128,50,167,167,11.9760,23.22495070,5.100448e-04,0.10684211,0,-1.00000000
ecg_108,ecg,SPAN,0.2500,128,50,167,167,11.9760,23.24050129,5.082217e-04,0.10684211,0,-1.00000000
ecg_108,ecg,SPAN,0.5000,128,50,167,167,11.9760,23.62714034,4.649319e-04,0.10684211,0,-1.00000000
ecg_108,ecg,SPAN,0.7500,128,50,167,167,11.9760,23.45844194,4.833472e-04,0.12818182,0,-1.00000000
ecg_108,ecg,SPAN,1.0000,128,50,167,167,11.9760,23.07768667,5.276363e-04,0.11333333,0,-1.00000000
ecg_108,ecg,SPAN,1.2500,128,50,167,167,11.9760,23.01001606,5.359222e-04,0.12642857,0,-1.00000000
ecg_108,ecg,SPAN,1.5000,128,50,167,167,11.9760,22.26867280,6.356764e-04,0.21055556,0,-1.00000000
ecg_108,ecg,SPAN,2.0000,128,50,167,167,11.9760,20.82323855,8.867057e-04,0.28214286,0,-1.00000000
ecg_108,ecg,REF_INTERP_ERROR,-1.0000,128,100,147,147,13.6054,22.66251582,5.805663e-04,0.12130435,0,-1.00000000
ecg_108,ecg,REF_VW_AREA,-1.0000,128,100,147,147,13.6054,22.75441409,5.684103e-04,0.14200000,0,-1.00000000
ecg_108,ecg,SPAN,0.0000,128,100,147,147,13.6054,22.66251582,5.805663e-04,0.12130435,0,-1.00000000
ecg_108,ecg,SPAN,0.2500,128,100,147,147,13.6054,23.11471018,5.231574e-04,0.10684211,0,-1.00000000
ecg_108,ecg,SPAN,0.5000,128,100,147,147,13.6054,22.58904826,5.904710e-04,0.11071429,0,-1.00000000
ecg_108,ecg,SPAN,0.7500,128,100,147,147,13.6054,22.95971364,5.421657e-04,0.13625000,0,-1.00000000
ecg_108,ecg,SPAN,1.0000,128,100,147,147,13.6054,22.75441409,5.684103e-04,0.14200000,0,-1.00000000
ecg_108,ecg,SPAN,1.2500,128,100,147,147,13.6054,21.85315658,6.995000e-04,0.23300000,0,-1.00000000
ecg_108,ecg,SPAN,1.5000,128,100,147,147,13.6054,22.75578687,5.682307e-04,0.11576923,0,-1.00000000
ecg_108,ecg,SPAN,2.0000,128,100,147,147,13.6054,21.85453738,6.992776e-04,0.15300000,0,-1.00000000
ecg_108,ecg,REF_INTERP_ERROR,-1.0000,256,2,1255,1255,1.5936,43.16750618,5.168360e-06,0.00900000,0,-1.00000000
ecg_108,ecg,REF_VW_AREA,-1.0000,256,2,1255,1255,1.5936,42.51997360,5.999375e-06,0.01000000,0,-1.00000000
ecg_108,ecg,SPAN,0.0000,256,2,1255,1255,1.5936,43.16750618,5.168360e-06,0.00900000,0,-1.00000000
ecg_108,ecg,SPAN,0.2500,256,2,1255,1255,1.5936,43.03378989,5.329965e-06,0.01166667,0,-1.00000000
ecg_108,ecg,SPAN,0.5000,256,2,1255,1255,1.5936,42.75388816,5.684792e-06,0.01000000,0,-1.00000000
ecg_108,ecg,SPAN,0.7500,256,2,1255,1255,1.5936,42.63889392,5.837326e-06,0.01000000,0,-1.00000000
ecg_108,ecg,SPAN,1.0000,256,2,1255,1255,1.5936,42.51997360,5.999375e-06,0.01000000,0,-1.00000000
ecg_108,ecg,SPAN,1.2500,256,2,1255,1255,1.5936,42.21810322,6.431215e-06,0.01100000,0,-1.00000000
ecg_108,ecg,SPAN,1.5000,256,2,1255,1255,1.5936,42.03311187,6.711076e-06,0.01250000,0,-1.00000000
ecg_108,ecg,SPAN,2.0000,256,2,1255,1255,1.5936,41.43888866,7.695104e-06,0.01500000,0,-1.00000000
ecg_108,ecg,REF_INTERP_ERROR,-1.0000,256,3,922,922,2.1692,37.77535455,1.788825e-05,0.01833333,0,-1.00000000
ecg_108,ecg,REF_VW_AREA,-1.0000,256,3,922,922,2.1692,37.23236988,2.027059e-05,0.02333333,0,-1.00000000
ecg_108,ecg,SPAN,0.0000,256,3,922,922,2.1692,37.77535455,1.788825e-05,0.01833333,0,-1.00000000
ecg_108,ecg,SPAN,0.2500,256,3,922,922,2.1692,37.80346363,1.777285e-05,0.01833333,0,-1.00000000
ecg_108,ecg,SPAN,0.5000,256,3,922,922,2.1692,37.88253028,1.745221e-05,0.01875000,0,-1.00000000
ecg_108,ecg,SPAN,0.7500,256,3,922,922,2.1692,37.60451480,1.860595e-05,0.02166667,0,-1.00000000
ecg_108,ecg,SPAN,1.0000,256,3,922,922,2.1692,37.23236988,2.027059e-05,0.02333333,0,-1.00000000
ecg_108,ecg,SPAN,1.2500,256,3,922,922,2.1692,36.98365314,2.146535e-05,0.02500000,0,-1.00000000
ecg_108,ecg,SPAN,1.5000,256,3,922,922,2.1692,36.60302487,2.343154e-05,0.03000000,0,-1.00000000
ecg_108,ecg,SPAN,2.0000,256,3,922,922,2.1692,36.30718678,2.508330e-05,0.02625000,0,-1.00000000
ecg_108,ecg,REF_INTERP_ERROR,-1.0000,256,5,655,655,3.0534,33.36318993,4.940653e-05,0.03250000,0,-1.00000000
ecg_108,ecg,REF_VW_AREA,-1.0000,256,5,655,655,3.0534,32.58924955,5.904436e-05,0.04166667,0,-1.00000000
ecg_108,ecg,SPAN,0.0000,256,5,655,655,3.0534,33.36318993,4.940653e-05,0.03250000,0,-1.00000000
ecg_108,ecg,SPAN,0.2500,256,5,655,655,3.0534,33.38720769,4.913405e-05,0.02833333,0,-1.00000000
ecg_108,ecg,SPAN,0.5000,256,5,655,655,3.0534,33.04976473,5.310396e-05,0.04142857,0,-1.00000000
ecg_108,ecg,SPAN,0.7500,256,5,655,655,3.0534,32.71911013,5.730498e-05,0.04142857,0,-1.00000000
ecg_108,ecg,SPAN,1.0000,256,5,655,655,3.0534,32.58924955,5.904436e-05,0.04166667,0,-1.00000000
ecg_108,ecg,SPAN,1.2500,256,5,655,655,3.0534,32.46527791,6.075410e-05,0.04750000,0,-1.00000000
ecg_108,ecg,SPAN,1.5000,256,5,655,655,3.0534,31.53055893,7.534379e-05,0.06000000,0,-1.00000000
ecg_108,ecg,SPAN,2.0000,256,5,655,655,3.0534,30.90187666,8.707946e-05,0.06000000,0,-1.00000000
ecg_108,ecg,REF_INTERP_ERROR,-1.0000,256,10,455,455,4.3956,29.55498092,1.187423e-04,0.04166667,0,-1.00000000
ecg_108,ecg,REF_VW_AREA,-1.0000,256,10,455,455,4.3956,28.65698598,1.460175e-04,0.06800000,0,-1.00000000
ecg_108,ecg,SPAN,0.0000,256,10,455,455,4.3956,29.55498092,1.187423e-04,0.04166667,0,-1.00000000
ecg_108,ecg,SPAN,0.2500,256,10,455,455,4.3956,29.49876186,1.202894e-04,0.04909091,0,-1.00000000
ecg_108,ecg,SPAN,0.5000,256,10,455,455,4.3956,29.23164615,1.279201e-04,0.06800000,0,-1.00000000
ecg_108,ecg,SPAN,0.7500,256,10,455,455,4.3956,28.84511599,1.398272e-04,0.06800000,0,-1.00000000
ecg_108,ecg,SPAN,1.0000,256,10,455,455,4.3956,28.65698598,1.460175e-04,0.06800000,0,-1.00000000
ecg_108,ecg,SPAN,1.2500,256,10,455,455,4.3956,28.20247958,1.621270e-04,0.08600000,0,-1.00000000
ecg_108,ecg,SPAN,1.5000,256,10,455,455,4.3956,27.64730217,1.842354e-04,0.08600000,0,-1.00000000
ecg_108,ecg,SPAN,2.0000,256,10,455,455,4.3956,26.95620243,2.160146e-04,0.10857143,0,-1.00000000
ecg_108,ecg,REF_INTERP_ERROR,-1.0000,256,20,355,355,5.6338,28.13576609,1.646367e-04,0.06000000,0,-1.00000000
ecg_108,ecg,REF_VW_AREA,-1.0000,256,20,355,355,5.6338,27.27882247,2.005493e-04,0.08600000,0,-1.00000000
ecg_108,ecg,SPAN,0.0000,256,20,355,355,5.6338,28.13576609,1.646367e-04,0.06000000,0,-1.00000000
ecg_108,ecg,SPAN,0.2500,256,20,355,355,5.6338,28.15583297,1.638778e-04,0.06800000,0,-1.00000000
ecg_108,ecg,SPAN,0.5000,256,20,355,355,5.6338,27.85095061,1.757957e-04,0.06800000,0,-1.00000000
ecg_108,ecg,SPAN,0.7500,256,20,355,355,5.6338,27.66980722,1.832832e-04,0.07138889,0,-1.00000000
ecg_108,ecg,SPAN,1.0000,256,20,355,355,5.6338,27.27882247,2.005493e-04,0.08600000,0,-1.00000000
ecg_108,ecg,SPAN,1.2500,256,20,355,355,5.6338,26.75003090,2.265167e-04,0.10857143,0,-1.00000000
ecg_108,ecg,SPAN,1.5000,256,20,355,355,5.6338,26.40405480,2.453002e-04,0.10857143,0,-1.00000000
ecg_108,ecg,SPAN,2.0000,256,20,355,355,5.6338,25.68064840,2.897601e-04,0.11428571,0,-1.00000000
ecg_108,ecg,REF_INTERP_ERROR,-1.0000,256,50,295,295,6.7797,26.89631238,2.190141e-04,0.06820000,0,-1.00000000
ecg_108,ecg,REF_VW_AREA,-1.0000,256,50,295,295,6.7797,26.09777634,2.632242e-04,0.10650000,0,-1.00000000
ecg_108,ecg,SPAN,0.0000,256,50,295,295,6.7797,26.89631238,2.190141e-04,0.06820000,0,-1.00000000
ecg_108,ecg,SPAN,0.2500,256,50,295,295,6.7797,26.86215444,2.207435e-04,0.06000000,0,-1.00000000
ecg_108,ecg,SPAN,0.5000,256,50,295,295,6.7797,26.48120276,2.409812e-04,0.08166667,0,-1.00000000
ecg_108,ecg,SPAN,0.7500,256,50,295,295,6.7797,26.66621817,2.309306e-04,0.08187500,0,-1.00000000
ecg_108,ecg,SPAN,1.0000,256,50,295,295,6.7797,26.09777634,2.632242e-04,0.10650000,0,-1.00000000
ecg_108,ecg,SPAN,1.2500,256,50,295,295,6.7797,25.87581476,2.770269e-04,0.11000000,0,-1.00000000
ecg_108,ecg,SPAN,1.5000,256,50,295,295,6.7797,25.53378098,2.997266e-04,0.11000000,0,-1.00000000
ecg_108,ecg,SPAN,2.0000,256,50,295,295,6.7797,24.69158665,3.638687e-04,0.12000000,0,-1.00000000
ecg_108,ecg,REF_INTERP_ERROR,-1.0000,256,100,275,275,7.2727,26.31898460,2.501525e-04,0.06820000,0,-1.00000000
ecg_108,ecg,REF_VW_AREA,-1.0000,256,100,275,275,7.2727,25.81339629,2.810372e-04,0.11000000,0,-1.00000000
ecg_108,ecg,SPAN,0.0000,256,100,275,275,7.2727,26.31898460,2.501525e-04,0.06820000,0,-1.00000000
ecg_108,ecg,SPAN,0.2500,256,100,275,275,7.2727,26.51853373,2.389186e-04,0.06800000,0,-1.00000000
ecg_108,ecg,SPAN,0.5000,256,100,275,275,7.2727,26.52417006,2.386087e-04,0.08625000,0,-1.00000000
ecg_108,ecg,SPAN,0.7500,256,100,275,275,7.2727,25.96308829,2.715154e-04,0.11000000,0,-1.00000000
ecg_108,ecg,SPAN,1.0000,256,100,275,275,7.2727,25.81339629,2.810372e-04,0.11000000,0,-1.00000000
ecg_108,ecg,SPAN,1.2500,256,100,275,275,7.2727,25.27317555,3.182628e-04,0.11000000,0,-1.00000000
ecg_108,ecg,SPAN,1.5000,256,100,275,275,7.2727,25.09512206,3.315822e-04,0.11000000,0,-1.00000000
ecg_108,ecg,SPAN,2.0000,256,100,275,275,7.2727,24.63471354,3.686651e-04,0.12000000,0,-1.00000000
ecg_108,ecg,REF_INTERP_ERROR,-1.0000,512,2,1511,1511,1.3236,47.23752816,2.024653e-06,0.00666667,0,-1.00000000
ecg_108,ecg,REF_VW_AREA,-1.0000,512,2,1511,1511,1.3236,46.90569118,2.185417e-06,0.00750000,0,-1.00000000
ecg_108,ecg,SPAN,0.0000,512,2,1511,1511,1.3236,47.23752816,2.024653e-06,0.00666667,0,-1.00000000
ecg_108,ecg,SPAN,0.2500,512,2,1511,1511,1.3236,47.30735313,1.992361e-06,0.00666667,0,-1.00000000
ecg_108,ecg,SPAN,0.5000,512,2,1511,1511,1.3236,47.28094300,2.004514e-06,0.00666667,0,-1.00000000
ecg_108,ecg,SPAN,0.7500,512,2,1511,1511,1.3236,47.28094300,2.004514e-06,0.00666667,0,-1.00000000
ecg_108,ecg,SPAN,1.0000,512,2,1511,1511,1.3236,46.90569118,2.185417e-06,0.00750000,0,-1.00000000
ecg_108,ecg,SPAN,1.2500,512,2,1511,1511,1.3236,46.66152066,2.311806e-06,0.00750000,0,-1.00000000
ecg_108,ecg,SPAN,1.5000,512,2,1511,1511,1.3236,46.66152066,2.311806e-06,0.00750000,0,-1.00000000
ecg_108,ecg,SPAN,2.0000,512,2,1511,1511,1.3236,46.10686925,2.626736e-06,0.00750000,0,-1.00000000
ecg_108,ecg,REF_INTERP_ERROR,-1.0000,512,3,1178,1178,1.6978,41.67478976,7.288269e-06,0.01166667,0,-1.00000000
ecg_108,ecg,REF_VW_AREA,-1.0000,512,3,1178,1178,1.6978,41.23854131,8.058408e-06,0.01250000,0,-1.00000000
ecg_108,ecg,SPAN,0.0000,512,3,1178,1178,1.6978,41.67478976,7.288269e-06,0.01166667,0,-1.00000000
ecg_108,ecg,SPAN,0.2500,512,3,1178,1178,1.6978,41.63514728,7.355101e-06,0.01166667,0,-1.00000000
ecg_108,ecg,SPAN,0.5000,512,3,1178,1178,1.6978,41.45152714,7.672743e-06,0.01166667,0,-1.00000000
ecg_108,ecg,SPAN,0.7500,512,3,1178,1178,1.6978,41.43571520,7.700729e-06,0.01166667,0,-1.00000000
ecg_108,ecg,SPAN,1.0000,512,3,1178,1178,1.6978,41.23854131,8.058408e-06,0.01250000,0,-1.00000000
ecg_108,ecg,SPAN,1.2500,512,3,1178,1178,1.6978,40.99764671,8.518021e-06,0.01250000,0,-1.00000000
ecg_108,ecg,SPAN,1.5000,512,3,1178,1178,1.6978,40.71688815,9.086875e-06,0.01666667,0,-1.00000000
ecg_108,ecg,SPAN,2.0000,512,3,1178,1178,1.6978,40.19479556,1.024764e-05,0.01750000,0,-1.00000000
ecg_108,ecg,REF_INTERP_ERROR,-1.0000,512,5,911,911,2.1954,37.92625914,1.727736e-05,0.01600000,0,-1.00000000
ecg_108,ecg,REF_VW_AREA,-1.0000,512,5,911,911,2.1954,37.37228066,1.962797e-05,0.02000000,0,-1.00000000
ecg_108,ecg,SPAN,0.0000,512,5,911,911,2.1954,37.92625914,1.727736e-05,0.01600000,0,-1.00000000
ecg_108,ecg,SPAN,0.2500,512,5,911,911,2.1954,37.95247031,1.717340e-05,0.01500000,0,-1.00000000
ecg_108,ecg,SPAN,0.5000,512,5,911,911,2.1954,37.86202039,1.753482e-05,0.01666667,0,-1.00000000
ecg_108,ecg,SPAN,0.7500,512,5,911,911,2.1954,37.62025900,1.853862e-05,0.02000000,0,-1.00000000
ecg_108,ecg,SPAN,1.0000,512,5,911,911,2.1954,37.37228066,1.962797e-05,0.02000000,0,-1.00000000
ecg_108,ecg,SPAN,1.2500,512,5,911,911,2.1954,37.07155118,2.103528e-05,0.02250000,0,-1.00000000
ecg_108,ecg,SPAN,1.5000,512,5,911,911,2.1954,36.64868303,2.318649e-05,0.02750000,0,-1.00000000
ecg_108,ecg,SPAN,2.0000,512,5,911,911,2.1954,36.35261495,2.482229e-05,0.03000000,0,-1.00000000
ecg_108,ecg,REF_INTERP_ERROR,-1.0000,512,10,711,711,2.8129,34.99746070,3.391230e-05,0.02444444,0,-1.00000000
ecg_108,ecg,REF_VW_AREA,-1.0000,512,10,711,711,2.8129,34.31180129,3.971214e-05,0.03100000,0,-1.00000000
ecg_108,ecg,SPAN,0.0000,512,10,711,711,2.8129,34.99746070,3.391230e-05,0.02444444,0,-1.00000000
ecg_108,ecg,SPAN,0.2500,512,10,711,711,2.8129,34.84866572,3.509432e-05,0.02444444,0,-1.00000000
ecg_108,ecg,SPAN,0.5000,512,10,711,711,2.8129,34.88828220,3.477564e-05,0.02666667,0,-1.00000000
ecg_108,ecg,SPAN,0.7500,512,10,711,711,2.8129,34.76862042,3.574714e-05,0.03100000,0,-1.00000000
ecg_108,ecg,SPAN,1.0000,512,10,711,711,2.8129,34.31180129,3.971214e-05,0.03100000,0,-1.00000000
ecg_108,ecg,SPAN,1.2500,512,10,711,711,2.8129,34.27835391,4.001916e-05,0.03100000,0,-1.00000000
ecg_108,ecg,SPAN,1.5000,512,10,711,711,2.8129,33.98463341,4.281935e-05,0.03375000,0,-1.00000000
ecg_108,ecg,SPAN,2.0000,512,10,711,711,2.8129,33.56086390,4.720815e-05,0.03375000,0,-1.00000000
ecg_108,ecg,REF_INTERP_ERROR,-1.0000,512,20,611,611,3.2733,33.57464926,4.705854e-05,0.03357143,0,-1.00000000
ecg_108,ecg,REF_VW_AREA,-1.0000,512,20,611,611,3.2733,32.93763434,5.449290e-05,0.03590909,0,-1.00000000
ecg_108,ecg,SPAN,0.0000,512,20,611,611,3.2733,33.57464926,4.705854e-05,0.03357143,0,-1.00000000
ecg_108,ecg,SPAN,0.2500,512,20,611,611,3.2733,33.46012734,4.831596e-05,0.02666667,0,-1.00000000
ecg_108,ecg,SPAN,0.5000,512,20,611,611,3.2733,33.18419404,5.148539e-05,0.03357143,0,-1.00000000
ecg_108,ecg,SPAN,0.7500,512,20,611,611,3.2733,33.26489897,5.053747e-05,0.03100000,0,-1.00000000
ecg_108,ecg,SPAN,1.0000,512,20,611,611,3.2733,32.93763434,5.449290e-05,0.03590909,0,-1.00000000
ecg_108,ecg,SPAN,1.2500,512,20,611,611,3.2733,32.67696550,5.786378e-05,0.03750000,0,-1.00000000
ecg_108,ecg,SPAN,1.5000,512,20,611,611,3.2733,32.47011760,6.068643e-05,0.03600000,0,-1.00000000
ecg_108,ecg,SPAN,2.0000,512,20,611,611,3.2733,32.18999400,6.472976e-05,0.04125000,0,-1.00000000
ecg_108,ecg,REF_INTERP_ERROR,-1.0000,512,50,551,551,3.6298,32.62952398,5.849934e-05,0.03357143,0,-1.00000000
ecg_108,ecg,REF_VW_AREA,-1.0000,512,50,551,551,3.6298,31.93248490,6.868389e-05,0.04285714,0,-1.00000000
ecg_108,ecg,SPAN,0.0000,512,50,551,551,3.6298,32.62952398,5.849934e-05,0.03357143,0,-1.00000000
ecg_108,ecg,SPAN,0.2500,512,50,551,551,3.6298,32.45523444,6.089476e-05,0.03309524,0,-1.00000000
ecg_108,ecg,SPAN,0.5000,512,50,551,551,3.6298,32.42887529,6.126548e-05,0.03357143,0,-1.00000000
ecg_108,ecg,SPAN,0.7500,512,50,551,551,3.6298,32.40700760,6.157474e-05,0.03309524,0,-1.00000000
ecg_108,ecg,SPAN,1.0000,512,50,551,551,3.6298,31.93248490,6.868389e-05,0.04285714,0,-1.00000000
ecg_108,ecg,SPAN,1.2500,512,50,551,551,3.6298,31.72298363,7.207838e-05,0.04500000,0,-1.00000000
ecg_108,ecg,SPAN,1.5000,512,50,551,551,3.6298,31.60048821,7.414034e-05,0.05083333,0,-1.00000000
ecg_108,ecg,SPAN,2.0000,512,50,551,551,3.6298,31.03645560,8.442242e-05,0.05000000,0,-1.00000000
ecg_108,ecg,REF_INTERP_ERROR,-1.0000,512,100,531,531,3.7665,32.50506127,6.020010e-05,0.03357143,0,-1.00000000
ecg_108,ecg,REF_VW_AREA,-1.0000,512,100,531,531,3.7665,31.72518991,7.204177e-05,0.04285714,0,-1.00000000
ecg_108,ecg,SPAN,0.0000,512,100,531,531,3.7665,32.50506127,6.020010e-05,0.03357143,0,-1.00000000
ecg_108,ecg,SPAN,0.2500,512,100,531,531,3.7665,32.31133976,6.294618e-05,0.03294118,0,-1.00000000
ecg_108,ecg,SPAN,0.5000,512,100,531,531,3.7665,32.14761387,6.536451e-05,0.03272727,0,-1.00000000
ecg_108,ecg,SPAN,0.7500,512,100,531,531,3.7665,31.87369771,6.961993e-05,0.04066667,0,-1.00000000
ecg_108,ecg,SPAN,1.0000,512,100,531,531,3.7665,31.72518991,7.204177e-05,0.04285714,0,-1.00000000
ecg_108,ecg,SPAN,1.2500,512,100,531,531,3.7665,31.57309456,7.460946e-05,0.04500000,0,-1.00000000
ecg_108,ecg,SPAN,1.5000,512,100,531,531,3.7665,31.33956153,7.873126e-05,0.05083333,0,-1.00000000
ecg_108,ecg,SPAN,2.0000,512,100,531,531,3.7665,30.79122072,8.932670e-05,0.06625000,0,-1.00000000
ecg_109,ecg,REF_INTERP_ERROR,-1.0000,32,2,1031,1031,1.9399,46.25135788,9.549338e-06,0.01250000,0,-1.00000000
ecg_109,ecg,REF_VW_AREA,-1.0000,32,2,1031,1031,1.9399,45.70147335,1.083831e-05,0.01500000,0,-1.00000000
ecg_109,ecg,SPAN,0.0000,32,2,1031,1031,1.9399,46.25135788,9.549338e-06,0.01250000,0,-1.00000000
ecg_109,ecg,SPAN,0.2500,32,2,1031,1031,1.9399,46.20774874,9.645709e-06,0.01250000,0,-1.00000000
ecg_109,ecg,SPAN,0.5000,32,2,1031,1031,1.9399,46.05182941,9.998299e-06,0.01250000,0,-1.00000000
ecg_109,ecg,SPAN,0.7500,32,2,1031,1031,1.9399,45.90737911,1.033644e-05,0.01500000,0,-1.00000000
ecg_109,ecg,SPAN,1.0000,32,2,1031,1031,1.9399,45.70147335,1.083831e-05,0.01500000,0,-1.00000000
ecg_109,ecg,SPAN,1.2500,32,2,1031,1031,1.9399,45.24837328,1.203017e-05,0.01750000,0,-1.00000000
ecg_109,ecg,SPAN,1.5000,32,2,1031,1031,1.9399,45.11394377,1.240837e-05,0.01750000,0,-1.00000000
ecg_109,ecg,SPAN,2.0000,32,2,1031,1031,1.9399,44.34196741,1.482219e-05,0.02250000,0,-1.00000000
ecg_109,ecg,REF_INTERP_ERROR,-1.0000,32,3,698,698,2.8653,40.95934292,3.229793e-05,0.02000000,0,-1.00000000
ecg_109,ecg,REF_VW_AREA,-1.0000,32,3,698,698,2.8653,40.16020931,3.882291e-05,0.03666667,0,-1.00000000
ecg_109,ecg,SPAN,0.0000,32,3,698,698,2.8653,40.95934292,3.229793e-05,0.02000000,0,-1.00000000
ecg_109,ecg,SPAN,0.2500,32,3,698,698,2.8653,40.92673300,3.254136e-05,0.02250000,0,-1.00000000
ecg_109,ecg,SPAN,0.5000,32,3,698,698,2.8653,40.66759768,3.454214e-05,0.03666667,0,-1.00000000
ecg_109,ecg,SPAN,0.7500,32,3,698,698,2.8653,40.19757495,3.849032e-05,0.03666667,0,-1.00000000
ecg_109,ecg,SPAN,1.0000,32,3,698,698,2.8653,40.16020931,3.882291e-05,0.03666667,0,-1.00000000
ecg_109,ecg,SPAN,1.2500,32,3,698,698,2.8653,39.66840855,4.347786e-05,0.03666667,0,-1.00000000
ecg_109,ecg,SPAN,1.5000,32,3,698,698,2.8653,39.47047472,4.550526e-05,0.03666667,0,-1.00000000
ecg_109,ecg,SPAN,2.0000,32,3,698,698,2.8653,38.94417190,5.136791e-05,0.03750000,0,-1.00000000
ecg_109,ecg,REF_INTERP_ERROR,-1.0000,32,5,431,431,4.6404,35.35137996,1.174819e-04,0.06318182,0,-1.00000000
ecg_109,ecg,REF_VW_AREA,-1.0000,32,5,431,431,4.6404,34.09351485,1.569486e-04,0.07000000,0,-1.00000000
ecg_109,ecg,SPAN,0.0000,32,5,431,431,4.6404,35.35137996,1.174819e-04,0.06318182,0,-1.00000000
ecg_109,ecg,SPAN,0.2500,32,5,431,431,4.6404,35.42114751,1.156097e-04,0.04750000,0,-1.00000000
ecg_109,ecg,SPAN,0.5000,32,5,431,431,4.6404,35.09190183,1.247150e-04,0.08600000,0,-1.00000000
ecg_109,ecg,SPAN,0.7500,32,5,431,431,4.6404,34.37382937,1.471384e-04,0.08600000,0,-1.00000000
ecg_109,ecg,SPAN,1.0000,32,5,431,431,4.6404,34.09351485,1.569486e-04,0.07000000,0,-1.00000000
ecg_109,ecg,SPAN,1.2500,32,5,431,431,4.6404,33.76364820,1.693340e-04,0.07000000,0,-1.00000000
ecg_109,ecg,SPAN,1.5000,32,5,431,431,4.6404,33.32606624,1.872848e-04,0.08600000,0,-1.00000000
ecg_109,ecg,SPAN,2.0000,32,5,431,431,4.6404,33.07311374,1.985170e-04,0.06863636,0,-1.00000000
ecg_109,ecg,REF_INTERP_ERROR,-1.0000,32,10,231,231,8.6580,29.61395342,4.402645e-04,0.11526316,0,-1.00000000
ecg_109,ecg,REF_VW_AREA,-1.0000,32,10,231,231,8.6580,28.98834600,5.084807e-04,0.12687500,0,-1.00000000
ecg_109,ecg,SPAN,0.0000,32,10,231,231,8.6580,29.61395342,4.402645e-04,0.11526316,0,-1.00000000
ecg_109,ecg,SPAN,0.2500,32,10,231,231,8.6580,29.42393996,4.599547e-04,0.14681818,0,-1.00000000
ecg_109,ecg,SPAN,0.5000,32,10,231,231,8.6580,29.31835851,4.712737e-04,0.16888889,0,-1.00000000
ecg_109,ecg,SPAN,0.7500,32,10,231,231,8.6580,29.19759819,4.845619e-04,0.11000000,0,-1.00000000
ecg_109,ecg,SPAN,1.0000,32,10,231,231,8.6580,28.98834600,5.084807e-04,0.12687500,0,-1.00000000
ecg_109,ecg,SPAN,1.2500,32,10,231,231,8.6580,28.57290119,5.595243e-04,0.11285714,0,-1.00000000
ecg_109,ecg,SPAN,1.5000,32,10,231,231,8.6580,28.60944273,5.548362e-04,0.16888889,0,-1.00000000
ecg_109,ecg,SPAN,2.0000,32,10,231,231,8.6580,27.51062431,7.145730e-04,0.15000000,0,-1.00000000
ecg_109,ecg,REF_INTERP_ERROR,-1.0000,32,20,131,131,15.2672,23.87857556,1.649117e-03,0.24181818,0,-1.00000000
ecg_109,ecg,REF_VW_AREA,-1.0000,32,20,131,131,15.2672,20.23437057,3.816559e-03,0.49550000,0,-1.00000000
ecg_109,ecg,SPAN,0.0000,32,20,131,131,15.2672,23.87857556,1.649117e-03,0.24181818,0,-1.00000000
ecg_109,ecg,SPAN,0.2500,32,20,131,131,15.2672,23.76203420,1.693970e-03,0.19400000,0,-1.00000000
ecg_109,ecg,SPAN,0.5000,32,20,131,131,15.2672,21.36943386,2.938770e-03,0.45805556,0,-1.00000000
ecg_109,ecg,SPAN,0.7500,32,20,131,131,15.2672,21.27333773,3.004521e-03,0.37289474,0,-1.00000000
ecg_109,ecg,SPAN,1.0000,32,20,131,131,15.2672,20.23437057,3.816559e-03,0.49550000,0,-1.00000000
ecg_109,ecg,SPAN,1.2500,32,20,131,131,15.2672,19.70689206,4.309430e-03,0.41921053,0,-1.00000000
ecg_109,ecg,SPAN,1.5000,32,20,131,131,15.2672,20.33983118,3.724997e-03,0.37571429,0,-1.00000000
ecg_109,ecg,SPAN,2.0000,32,20,131,131,15.2672,17.59810154,7.003238e-03,0.48470588,0,-1.00000000
ecg_109,ecg,REF_INTERP_ERROR,-1.0000,32,50,71,71,28.1690,13.87845254,1.649164e-02,1.00330000,0,-1.00000000
ecg_109,ecg,REF_VW_AREA,-1.0000,32,50,71,71,28.1690,10.70377127,3.425563e-02,1.02833333,0,-1.00000000
ecg_109,ecg,SPAN,0.0000,32,50,71,71,28.1690,13.87845254,1.649164e-02,1.00330000,0,-1.00000000
ecg_109,ecg,SPAN,0.2500,32,50,71,71,28.1690,12.32376346,2.359026e-02,1.00330000,0,-1.00000000
ecg_109,ecg,SPAN,0.5000,32,50,71,71,28.1690,11.43640950,2.893797e-02,1.00330000,0,-1.00000000
ecg_109,ecg,SPAN,0.7500,32,50,71,71,28.1690,10.82691740,3.329794e-02,1.02833333,0,-1.00000000
ecg_109,ecg,SPAN,1.0000,32,50,71,71,28.1690,10.70377127,3.425563e-02,1.02833333,0,-1.00000000
ecg_109,ecg,SPAN,1.2500,32,50,71,71,28.1690,11.46482271,2.874927e-02,1.02833333,0,-1.00000000
ecg_109,ecg,SPAN,1.5000,32,50,71,71,28.1690,12.60180233,2.212732e-02,1.02833333,0,-1.00000000
ecg_109,ecg,SPAN,2.0000,32,50,71,71,28.1690,11.69408856,2.727095e-02,1.02833333,0,-1.00000000
ecg_109,ecg,REF_INTERP_ERROR,-1.0000,32,100,51,51,39.2157,8.87193066,5.222951e-02,1.28216216,0,-1.00000000
ecg_109,ecg,REF_VW_AREA,-1.0000,32,100,51,51,39.2157,8.58190333,5.583657e-02,1.14111732,0,-1.00000000
ecg_109,ecg,SPAN,0.0000,32,100,51,51,39.2157,8.87193066,5.222951e-02,1.28216216,0,-1.00000000
ecg_109,ecg,SPAN,0.2500,32,100,51,51,39.2157,8.93832257,5.143714e-02,1.14111732,0,-1.00000000
ecg_109,ecg,SPAN,0.5000,32,100,51,51,39.2157,9.56753918,4.449950e-02,1.06430168,0,-1.00000000
ecg_109,ecg,SPAN,0.7500,32,100,51,51,39.2157,9.07363766,4.985920e-02,1.06237569,0,-1.00000000
ecg_109,ecg,SPAN,1.0000,32,100,51,51,39.2157,8.58190333,5.583657e-02,1.14111732,0,-1.00000000
ecg_109,ecg,SPAN,1.2500,32,100,51,51,39.2157,8.60747749,5.550873e-02,1.14111732,0,-1.00000000
ecg_109,ecg,SPAN,1.5000,32,100,51,51,39.2157,8.06329357,6.291869e-02,1.13761682,0,-1.00000000
ecg_109,ecg,SPAN,2.0000,32,100,51,51,39.2157,8.45069401,5.754925e-02,1.13761682,0,-1.00000000
ecg_109,ecg,REF_INTERP_ERROR,-1.0000,64,2,1063,1063,1.8815,46.81090781,8.394953e-06,0.01000000,0,-1.00000000
ecg_109,ecg,REF_VW_AREA,-1.0000,64,2,1063,1063,1.8815,46.23458046,9.586300e-06,0.01250000,0,-1.00000000
ecg_109,ecg,SPAN,0.0000,64,2,1063,1063,1.8815,46.81090781,8.394953e-06,0.01000000,0,-1.00000000
ecg_109,ecg,SPAN,0.2500,64,2,1063,1063,1.8815,46.89145494,8.240689e-06,0.01000000,0,-1.00000000
ecg_109,ecg,SPAN,0.5000,64,2,1063,1063,1.8815,46.71040401,8.591493e-06,0.01125000,0,-1.00000000
ecg_109,ecg,SPAN,0.7500,64,2,1063,1063,1.8815,46.51811597,8.980437e-06,0.01250000,0,-1.00000000
ecg_109,ecg,SPAN,1.0000,64,2,1063,1063,1.8815,46.23458046,9.586300e-06,0.01250000,0,-1.00000000
ecg_109,ecg,SPAN,1.2500,64,2,1063,1063,1.8815,46.06217521,9.974509e-06,0.01250000,0,-1.00000000
ecg_109,ecg,SPAN,1.5000,64,2,1063,1063,1.8815,45.79343919,1.061122e-05,0.01500000,0,-1.00000000
ecg_109,ecg,SPAN,2.0000,64,2,1063,1063,1.8815,45.02830213,1.265549e-05,0.01750000,0,-1.00000000
ecg_109,ecg,REF_INTERP_ERROR,-1.0000,64,3,730,730,2.7397,41.51982304,2.838747e-05,0.02000000,0,-1.00000000
ecg_109,ecg,REF_VW_AREA,-1.0000,64,3,730,730,2.7397,40.72677963,3.407462e-05,0.03666667,0,-1.00000000
ecg_109,ecg,SPAN,0.0000,64,3,730,730,2.7397,41.51982304,2.838747e-05,0.02000000,0,-1.00000000
ecg_109,ecg,SPAN,0.2500,64,3,730,730,2.7397,41.46603828,2.874122e-05,0.02250000,0,-1.00000000
ecg_109,ecg,SPAN,0.5000,64,3,730,730,2.7397,41.24394632,3.024924e-05,0.02500000,0,-1.00000000
ecg_109,ecg,SPAN,0.7500,64,3,730,730,2.7397,40.90243312,3.272395e-05,0.03666667,0,-1.00000000
ecg_109,ecg,SPAN,1.0000,64,3,730,730,2.7397,40.72677963,3.407462e-05,0.03666667,0,-1.00000000
ecg_109,ecg,SPAN,1.2500,64,3,730,730,2.7397,40.33580376,3.728453e-05,0.03666667,0,-1.00000000
ecg_109,ecg,SPAN,1.5000,64,3,730,730,2.7397,39.96021123,4.065256e-05,0.03750000,0,-1.00000000
ecg_109,ecg,SPAN,2.0000,64,3,730,730,2.7397,39.40826926,4.616173e-05,0.03666667,0,-1.00000000
ecg_109,ecg,REF_INTERP_ERROR,-1.0000,64,5,463,463,4.3197,35.96036081,1.021111e-04,0.05071429,0,-1.00000000
ecg_109,ecg,REF_VW_AREA,-1.0000,64,5,463,463,4.3197,35.04737237,1.260004e-04,0.06250000,0,-1.00000000
ecg_109,ecg,SPAN,0.0000,64,5,463,463,4.3197,35.96036081,1.021111e-04,0.05071429,0,-1.00000000
ecg_109,ecg,SPAN,0.2500,64,5,463,463,4.3197,36.06140958,9.976268e-05,0.04750000,0,-1.00000000
ecg_109,ecg,SPAN,0.5000,64,5,463,463,4.3197,35.88803714,1.038258e-04,0.04750000,0,-1.00000000
ecg_109,ecg,SPAN,0.7500,64,5,463,463,4.3197,35.52702445,1.128253e-04,0.04500000,0,-1.00000000
ecg_109,ecg,SPAN,1.0000,64,5,463,463,4.3197,35.04737237,1.260004e-04,0.06250000,0,-1.00000000
ecg_109,ecg,SPAN,1.2500,64,5,463,463,4.3197,34.52696761,1.420405e-04,0.08300000,0,-1.00000000
ecg_109,ecg,SPAN,1.5000,64,5,463,463,4.3197,34.12887388,1.556760e-04,0.08600000,0,-1.00000000
ecg_109,ecg,SPAN,2.0000,64,5,463,463,4.3197,33.85855073,1.656739e-04,0.07000000,0,-1.00000000
ecg_109,ecg,REF_INTERP_ERROR,-1.0000,64,10,263,263,7.6046,30.56118074,3.539900e-04,0.11113636,0,-1.00000000
ecg_109,ecg,REF_VW_AREA,-1.0000,64,10,263,263,7.6046,30.71439908,3.417190e-04,0.09000000,0,-1.00000000
ecg_109,ecg,SPAN,0.0000,64,10,263,263,7.6046,30.56118074,3.539900e-04,0.11113636,0,-1.00000000
ecg_109,ecg,SPAN,0.2500,64,10,263,263,7.6046,30.62620598,3.487293e-04,0.10096774,0,-1.00000000
ecg_109,ecg,SPAN,0.5000,64,10,263,263,7.6046,30.68121628,3.443400e-04,0.10100000,0,-1.00000000
ecg_109,ecg,SPAN,0.7500,64,10,263,263,7.6046,30.14303387,3.897675e-04,0.11000000,0,-1.00000000
ecg_109,ecg,SPAN,1.0000,64,10,263,263,7.6046,30.71439908,3.417190e-04,0.09000000,0,-1.00000000
ecg_109,ecg,SPAN,1.2500,64,10,263,263,7.6046,30.17333856,3.870572e-04,0.11083333,0,-1.00000000
ecg_109,ecg,SPAN,1.5000,64,10,263,263,7.6046,30.05489315,3.977587e-04,0.10333333,0,-1.00000000
ecg_109,ecg,SPAN,2.0000,64,10,263,263,7.6046,28.85791585,5.239833e-04,0.15000000,0,-1.00000000
ecg_109,ecg,REF_INTERP_ERROR,-1.0000,64,20,163,163,12.2699,23.97855431,1.611586e-03,0.24181818,0,-1.00000000
ecg_109,ecg,REF_VW_AREA,-1.0000,64,20,163,163,12.2699,22.78027936,2.123641e-03,0.36428571,0,-1.00000000
ecg_109,ecg,SPAN,0.0000,64,20,163,163,12.2699,23.97855431,1.611586e-03,0.24181818,0,-1.00000000
ecg_109,ecg,SPAN,0.2500,64,20,163,163,12.2699,24.46636479,1.440365e-03,0.21363636,0,-1.00000000
ecg_109,ecg,SPAN,0.5000,64,20,163,163,12.2699,23.08696791,1.978847e-03,0.29176471,0,-1.00000000
ecg_109,ecg,SPAN,0.7500,64,20,163,163,12.2699,23.16513743,1.943548e-03,0.36428571,0,-1.00000000
ecg_109,ecg,SPAN,1.0000,64,20,163,163,12.2699,22.78027936,2.123641e-03,0.36428571,0,-1.00000000
ecg_109,ecg,SPAN,1.2500,64,20,163,163,12.2699,22.35395256,2.342684e-03,0.38800000,0,-1.00000000
ecg_109,ecg,SPAN,1.5000,64,20,163,163,12.2699,21.10603409,3.122523e-03,0.41921053,0,-1.00000000
ecg_109,ecg,SPAN,2.0000,64,20,163,163,12.2699,21.05322528,3.160724e-03,0.45194444,0,-1.00000000
ecg_109,ecg,REF_INTERP_ERROR,-1.0000,64,50,103,103,19.4175,18.51732223,5.667308e-03,0.44509259,0,-1.00000000
ecg_109,ecg,REF_VW_AREA,-1.0000,64,50,103,103,19.4175,19.49460161,4.525316e-03,0.40650000,0,-1.00000000
ecg_109,ecg,SPAN,0.0000,64,50,103,103,19.4175,18.51732223,5.667308e-03,0.44509259,0,-1.00000000
ecg_109,ecg,SPAN,0.2500,64,50,103,103,19.4175,19.85508607,4.164860e-03,0.31217391,0,-1.00000000
ecg_109,ecg,SPAN,0.5000,64,50,103,103,19.4175,18.79928692,5.311050e-03,0.44285714,0,-1.00000000
ecg_109,ecg,SPAN,0.7500,64,50,103,103,19.4175,18.73681823,5.387995e-03,0.44285714,0,-1.00000000
ecg_109,ecg,SPAN,1.0000,64,50,103,103,19.4175,19.49460161,4.525316e-03,0.40650000,0,-1.00000000
ecg_109,ecg,SPAN,1.2500,64,50,103,103,19.4175,19.37927050,4.647100e-03,0.38973684,0,-1.00000000
ecg_109,ecg,SPAN,1.5000,64,50,103,103,19.4175,19.30059306,4.732054e-03,0.38973684,0,-1.00000000
ecg_109,ecg,SPAN,2.0000,64,50,103,103,19.4175,19.03457485,5.030968e-03,0.43318182,0,-1.00000000
ecg_109,ecg,REF_INTERP_ERROR,-1.0000,64,100,83,83,24.0964,16.46289552,9.095352e-03,0.50119658,0,-1.00000000
ecg_109,ecg,REF_VW_AREA,-1.0000,64,100,83,83,24.0964,16.93496584,8.158540e-03,0.52083333,0,-1.00000000
ecg_109,ecg,SPAN,0.0000,64,100,83,83,24.0964,16.46289552,9.095352e-03,0.50119658,0,-1.00000000
ecg_109,ecg,SPAN,0.2500,64,100,83,83,24.0964,16.53916099,8.937024e-03,0.50230435,0,-1.00000000
ecg_109,ecg,SPAN,0.5000,64,100,83,83,24.0964,16.29334101,9.457469e-03,0.50119658,0,-1.00000000
ecg_109,ecg,SPAN,0.7500,64,100,83,83,24.0964,18.26845375,6.001553e-03,0.40650000,0,-1.00000000
ecg_109,ecg,SPAN,1.0000,64,100,83,83,24.0964,16.93496584,8.158540e-03,0.52083333,0,-1.00000000
ecg_109,ecg,SPAN,1.2500,64,100,83,83,24.0964,17.62270634,6.963674e-03,0.43318182,0,-1.00000000
ecg_109,ecg,SPAN,1.5000,64,100,83,83,24.0964,16.43788102,9.147890e-03,0.60041667,0,-1.00000000
ecg_109,ecg,SPAN,2.0000,64,100,83,83,24.0964,15.59579659,1.110528e-02,0.90200000,0,-1.00000000
ecg_109,ecg,REF_INTERP_ERROR,-1.0000,128,2,1127,1127,1.7746,47.71095723,6.823596e-06,0.01000000,0,-1.00000000
ecg_109,ecg,REF_VW_AREA,-1.0000,128,2,1127,1127,1.7746,47.11349483,7.829960e-06,0.01250000,0,-1.00000000
ecg_109,ecg,SPAN,0.0000,128,2,1127,1127,1.7746,47.71095723,6.823596e-06,0.01000000,0,-1.00000000
ecg_109,ecg,SPAN,0.2500,128,2,1127,1127,1.7746,47.72150508,6.807044e-06,0.01000000,0,-1.00000000
ecg_109,ecg,SPAN,0.5000,128,2,1127,1127,1.7746,47.50666237,7.152252e-06,0.01000000,0,-1.00000000
ecg_109,ecg,SPAN,0.7500,128,2,1127,1127,1.7746,47.53129473,7.111801e-06,0.01000000,0,-1.00000000
ecg_109,ecg,SPAN,1.0000,128,2,1127,1127,1.7746,47.11349483,7.829960e-06,0.01250000,0,-1.00000000
ecg_109,ecg,SPAN,1.2500,128,2,1127,1127,1.7746,46.72579162,8.561106e-06,0.01250000,0,-1.00000000
ecg_109,ecg,SPAN,1.5000,128,2,1127,1127,1.7746,46.66502711,8.681731e-06,0.01250000,0,-1.00000000
ecg_109,ecg,SPAN,2.0000,128,2,1127,1127,1.7746,46.09964597,9.888819e-06,0.01500000,0,-1.00000000
ecg_109,ecg,REF_INTERP_ERROR,-1.0000,128,3,794,794,2.5189,42.31703546,2.362683e-05,0.01875000,0,-1.00000000
ecg_109,ecg,REF_VW_AREA,-1.0000,128,3,794,794,2.5189,41.62166801,2.772951e-05,0.03166667,0,-1.00000000
ecg_109,ecg,SPAN,0.0000,128,3,794,794,2.5189,42.31703546,2.362683e-05,0.01875000,0,-1.00000000
ecg_109,ecg,SPAN,0.2500,128,3,794,794,2.5189,42.30596833,2.368712e-05,0.01875000,0,-1.00000000
ecg_109,ecg,SPAN,0.5000,128,3,794,794,2.5189,42.06010868,2.506676e-05,0.02000000,0,-1.00000000
ecg_109,ecg,SPAN,0.7500,128,3,794,794,2.5189,41.89727011,2.602448e-05,0.02500000,0,-1.00000000
ecg_109,ecg,SPAN,1.0000,128,3,794,794,2.5189,41.62166801,2.772951e-05,0.03166667,0,-1.00000000
ecg_109,ecg,SPAN,1.2500,128,3,794,794,2.5189,41.24205013,3.026245e-05,0.03166667,0,-1.00000000
ecg_109,ecg,SPAN,1.5000,128,3,794,794,2.5189,40.76783855,3.375400e-05,0.03666667,0,-1.00000000
ecg_109,ecg,SPAN,2.0000,128,3,794,794,2.5189,40.27135221,3.784198e-05,0.03666667,0,-1.00000000
ecg_109,ecg,REF_INTERP_ERROR,-1.0000,128,5,527,527,3.7951,37.19797179,7.679127e-05,0.05071429,0,-1.00000000
ecg_109,ecg,REF_VW_AREA,-1.0000,128,5,527,527,3.7951,36.34244137,9.351147e-05,0.04500000,0,-1.00000000
ecg_109,ecg,SPAN,0.0000,128,5,527,527,3.7951,37.19797179,7.679127e-05,0.05071429,0,-1.00000000
ecg_109,ecg,SPAN,0.2500,128,5,527,527,3.7951,37.11491855,7.827394e-05,0.04071429,0,-1.00000000
ecg_109,ecg,SPAN,0.5000,128,5,527,527,3.7951,37.05653299,7.933334e-05,0.04300000,0,-1.00000000
ecg_109,ecg,SPAN,0.7500,128,5,527,527,3.7951,36.59798608,8.816789e-05,0.04500000,0,-1.00000000
ecg_109,ecg,SPAN,1.0000,128,5,527,527,3.7951,36.34244137,9.351147e-05,0.04500000,0,-1.00000000
ecg_109,ecg,SPAN,1.2500,128,5,527,527,3.7951,36.34052687,9.355271e-05,0.05250000,0,-1.00000000
ecg_109,ecg,SPAN,1.5000,128,5,527,527,3.7951,35.86536123,1.043693e-04,0.05250000,0,-1.00000000
ecg_109,ecg,SPAN,2.0000,128,5,527,527,3.7951,35.23872972,1.205691e-04,0.05800000,0,-1.00000000
ecg_109,ecg,REF_INTERP_ERROR,-1.0000,128,10,327,327,6.1162,33.08275691,1.980767e-04,0.07000000,0,-1.00000000
ecg_109,ecg,REF_VW_AREA,-1.0000,128,10,327,327,6.1162,32.19305460,2.431104e-04,0.07642857,0,-1.00000000
ecg_109,ecg,SPAN,0.0000,128,10,327,327,6.1162,33.08275691,1.980767e-04,0.07000000,0,-1.00000000
ecg_109,ecg,SPAN,0.2500,128,10,327,327,6.1162,32.57334670,2.227278e-04,0.07500000,0,-1.00000000
ecg_109,ecg,SPAN,0.5000,128,10,327,327,6.1162,32.42630089,2.303981e-04,0.07500000,0,-1.00000000
ecg_109,ecg,SPAN,0.7500,128,10,327,327,6.1162,32.26489448,2.391220e-04,0.07500000,0,-1.00000000
ecg_109,ecg,SPAN,1.0000,128,10,327,327,6.1162,32.19305460,2.431104e-04,0.07642857,0,-1.00000000
ecg_109,ecg,SPAN,1.2500,128,10,327,327,6.1162,31.76558648,2.682566e-04,0.10700000,0,-1.00000000
ecg_109,ecg,SPAN,1.5000,128,10,327,327,6.1162,31.42291234,2.902805e-04,0.10700000,0,-1.00000000
ecg_109,ecg,SPAN,2.0000,128,10,327,327,6.1162,30.67741159,3.446417e-04,0.10700000,0,-1.00000000
ecg_109,ecg,REF_INTERP_ERROR,-1.0000,128,20,227,227,8.8106,28.23898785,6.042411e-04,0.15250000,0,-1.00000000
ecg_109,ecg,REF_VW_AREA,-1.0000,128,20,227,227,8.8106,27.94701363,6.462606e-04,0.15250000,0,-1.00000000
ecg_109,ecg,SPAN,0.0000,128,20,227,227,8.8106,28.23898785,6.042411e-04,0.15250000,0,-1.00000000
ecg_109,ecg,SPAN,0.2500,128,20,227,227,8.8106,27.88132112,6.561104e-04,0.15250000,0,-1.00000000
ecg_109,ecg,SPAN,0.5000,128,20,227,227,8.8106,28.41797598,5.798444e-04,0.15250000,0,-1.00000000
ecg_109,ecg,SPAN,0.7500,128,20,227,227,8.8106,27.83018771,6.638811e-04,0.16250000,0,-1.00000000
ecg_109,ecg,SPAN,1.0000,128,20,227,227,8.8106,27.94701363,6.462606e-04,0.15250000,0,-1.00000000
ecg_109,ecg,SPAN,1.2500,128,20,227,227,8.8106,27.90535006,6.524903e-04,0.13733333,0,-1.00000000
ecg_109,ecg,SPAN,1.5000,128,20,227,227,8.8106,27.29765778,7.504872e-04,0.20038462,0,-1.00000000
ecg_109,ecg,SPAN,2.0000,128,20,227,227,8.8106,26.37262440,9.286383e-04,0.21181818,0,-1.00000000
ecg_109,ecg,REF_INTERP_ERROR,-1.0000,128,50,167,167,11.9760,21.42407981,2.902024e-03,0.25444444,0,-1.00000000
ecg_109,ecg,REF_VW_AREA,-1.0000,128,50,167,167,11.9760,25.12410030,1.237938e-03,0.21884615,0,-1.00000000
ecg_109,ecg,SPAN,0.0000,128,50,167,167,11.9760,21.42407981,2.902024e-03,0.25444444,0,-1.00000000
ecg_109,ecg,SPAN,0.2500,128,50,167,167,11.9760,23.23142819,1.914107e-03,0.20500000,0,-1.00000000
ecg_109,ecg,SPAN,0.5000,128,50,167,167,11.9760,24.90870881,1.300883e-03,0.18115385,0,-1.00000000
ecg_109,ecg,SPAN,0.7500,128,50,167,167,11.9760,25.20590759,1.214838e-03,0.21107143,0,-1.00000000
ecg_109,ecg,SPAN,1.0000,128,50,167,167,11.9760,25.12410030,1.237938e-03,0.21884615,0,-1.00000000
ecg_109,ecg,SPAN,1.2500,128,50,167,167,11.9760,25.43854012,1.151476e-03,0.21107143,0,-1.00000000
ecg_109,ecg,SPAN,1.5000,128,50,167,167,11.9760,24.85252581,1.317821e-03,0.25384615,0,-1.00000000
ecg_109,ecg,SPAN,2.0000,128,50,167,167,11.9760,24.59140372,1.399486e-03,0.27300000,0,-1.00000000
ecg_109,ecg,REF_INTERP_ERROR,-1.0000,128,100,147,147,13.6054,20.23649950,3.814689e-03,0.19951327,0,-1.00000000
ecg_109,ecg,REF_VW_AREA,-1.0000,128,100,147,147,13.6054,24.44207448,1.448444e-03,0.24785714,0,-1.00000000
ecg_109,ecg,SPAN,0.0000,128,100,147,147,13.6054,20.23649950,3.814689e-03,0.19951327,0,-1.00000000
ecg_109,ecg,SPAN,0.2500,128,100,147,147,13.6054,21.04737393,3.164985e-03,0.21296875,0,-1.00000000
ecg_109,ecg,SPAN,0.5000,128,100,147,147,13.6054,21.26134353,3.012830e-03,0.25290909,0,-1.00000000
ecg_109,ecg,SPAN,0.7500,128,100,147,147,13.6054,23.95092955,1.621870e-03,0.21884615,0,-1.00000000
ecg_109,ecg,SPAN,1.0000,128,100,147,147,13.6054,24.44207448,1.448444e-03,0.24785714,0,-1.00000000
ecg_109,ecg,SPAN,1.2500,128,100,147,147,13.6054,24.44170459,1.448567e-03,0.21884615,0,-1.00000000
ecg_109,ecg,SPAN,1.5000,128,100,147,147,13.6054,23.97380694,1.613349e-03,0.25384615,0,-1.00000000
ecg_109,ecg,SPAN,2.0000,128,100,147,147,13.6054,23.87855046,1.649127e-03,0.27300000,0,-1.00000000
ecg_109,ecg,REF_INTERP_ERROR,-1.0000,256,2,1255,1255,1.5936,49.38940339,4.636270e-06,0.00857143,0,-1.00000000
ecg_109,ecg,REF_VW_AREA,-1.0000,256,2,1255,1255,1.5936,48.82838393,5.275585e-06,0.01000000,0,-1.00000000
ecg_109,ecg,SPAN,0.0000,256,2,1255,1255,1.5936,49.38940339,4.636270e-06,0.00857143,0,-1.00000000
ecg_109,ecg,SPAN,0.2500,256,2,1255,1255,1.5936,49.48558830,4.534717e-06,0.00833333,0,-1.00000000
ecg_109,ecg,SPAN,0.5000,256,2,1255,1255,1.5936,49.27949462,4.755099e-06,0.01000000,0,-1.00000000
ecg_109,ecg,SPAN,0.7500,256,2,1255,1255,1.5936,49.27372223,4.761424e-06,0.01000000,0,-1.00000000
ecg_109,ecg,SPAN,1.0000,256,2,1255,1255,1.5936,48.82838393,5.275585e-06,0.01000000,0,-1.00000000
ecg_109,ecg,SPAN,1.2500,256,2,1255,1255,1.5936,48.52412901,5.658433e-06,0.01000000,0,-1.00000000
ecg_109,ecg,SPAN,1.5000,256,2,1255,1255,1.5936,48.44605784,5.761071e-06,0.01000000,0,-1.00000000
ecg_109,ecg,SPAN,2.0000,256,2,1255,1255,1.5936,47.73099378,6.792187e-06,0.01250000,0,-1.00000000
ecg_109,ecg,REF_INTERP_ERROR,-1.0000,256,3,922,922,2.1692,43.88199225,1.647820e-05,0.01333333,0,-1.00000000
ecg_109,ecg,REF_VW_AREA,-1.0000,256,3,922,922,2.1692,43.22590554,1.916543e-05,0.02166667,0,-1.00000000
ecg_109,ecg,SPAN,0.0000,256,3,922,922,2.1692,43.88199225,1.647820e-05,0.01333333,0,-1.00000000
ecg_109,ecg,SPAN,0.2500,256,3,922,922,2.1692,43.89572496,1.642618e-05,0.01833333,0,-1.00000000
ecg_109,ecg,SPAN,0.5000,256,3,922,922,2.1692,43.71173351,1.713704e-05,0.01833333,0,-1.00000000
ecg_109,ecg,SPAN,0.7500,256,3,922,922,2.1692,43.44428860,1.822553e-05,0.01833333,0,-1.00000000
ecg_109,ecg,SPAN,1.0000,256,3,922,922,2.1692,43.22590554,1.916543e-05,0.02166667,0,-1.00000000
ecg_109,ecg,SPAN,1.2500,256,3,922,922,2.1692,42.75437355,2.136346e-05,0.02600000,0,-1.00000000
ecg_109,ecg,SPAN,1.5000,256,3,922,922,2.1692,42.62472249,2.201085e-05,0.02400000,0,-1.00000000
ecg_109,ecg,SPAN,2.0000,256,3,922,922,2.1692,41.89678906,2.602736e-05,0.03000000,0,-1.00000000
ecg_109,ecg,REF_INTERP_ERROR,-1.0000,256,5,655,655,3.0534,39.22341376,4.816900e-05,0.03500000,0,-1.00000000
ecg_109,ecg,REF_VW_AREA,-1.0000,256,5,655,655,3.0534,38.17245809,6.135688e-05,0.04300000,0,-1.00000000
ecg_109,ecg,SPAN,0.0000,256,5,655,655,3.0534,39.22341376,4.816900e-05,0.03500000,0,-1.00000000
ecg_109,ecg,SPAN,0.2500,256,5,655,655,3.0534,39.42445320,4.599003e-05,0.03500000,0,-1.00000000
ecg_109,ecg,SPAN,0.5000,256,5,655,655,3.0534,38.81352523,5.293666e-05,0.03500000,0,-1.00000000
ecg_109,ecg,SPAN,0.7500,256,5,655,655,3.0534,38.31499004,5.937588e-05,0.04300000,0,-1.00000000
ecg_109,ecg,SPAN,1.0000,256,5,655,655,3.0534,38.17245809,6.135688e-05,0.04300000,0,-1.00000000
ecg_109,ecg,SPAN,1.2500,256,5,655,655,3.0534,38.12620260,6.201386e-05,0.04071429,0,-1.00000000
ecg_109,ecg,SPAN,1.5000,256,5,655,655,3.0534,37.76718394,6.735823e-05,0.04300000,0,-1.00000000
ecg_109,ecg,SPAN,2.0000,256,5,655,655,3.0534,37.14185637,7.778993e-05,0.04600000,0,-1.00000000
ecg_109,ecg,REF_INTERP_ERROR,-1.0000,256,10,455,455,4.3956,35.57615445,1.115562e-04,0.04785714,0,-1.00000000
ecg_109,ecg,REF_VW_AREA,-1.0000,256,10,455,455,4.3956,35.26371385,1.198775e-04,0.05700000,0,-1.00000000
ecg_109,ecg,SPAN,0.0000,256,10,455,455,4.3956,35.57615445,1.115562e-04,0.04785714,0,-1.00000000
ecg_109,ecg,SPAN,0.2500,256,10,455,455,4.3956,35.70411609,1.083172e-04,0.04785714,0,-1.00000000
ecg_109,ecg,SPAN,0.5000,256,10,455,455,4.3956,35.31529446,1.184621e-04,0.06666667,0,-1.00000000
ecg_109,ecg,SPAN,0.7500,256,10,455,455,4.3956,35.59136746,1.111661e-04,0.04833333,0,-1.00000000
ecg_109,ecg,SPAN,1.0000,256,10,455,455,4.3956,35.26371385,1.198775e-04,0.05700000,0,-1.00000000
ecg_109,ecg,SPAN,1.2500,256,10,455,455,4.3956,34.79575299,1.335161e-04,0.06666667,0,-1.00000000
ecg_109,ecg,SPAN,1.5000,256,10,455,455,4.3956,34.75157936,1.348811e-04,0.06666667,0,-1.00000000
ecg_109,ecg,SPAN,2.0000,256,10,455,455,4.3956,34.61163393,1.392982e-04,0.07928571,0,-1.00000000
ecg_109,ecg,REF_INTERP_ERROR,-1.0000,256,20,355,355,5.6338,33.71923291,1.710747e-04,0.05500000,0,-1.00000000
ecg_109,ecg,REF_VW_AREA,-1.0000,256,20,355,355,5.6338,33.48336421,1.806228e-04,0.07312500,0,-1.00000000
ecg_109,ecg,SPAN,0.0000,256,20,355,355,5.6338,33.71923291,1.710747e-04,0.05500000,0,-1.00000000
ecg_109,ecg,SPAN,0.2500,256,20,355,355,5.6338,33.45775102,1.816912e-04,0.06666667,0,-1.00000000
ecg_109,ecg,SPAN,0.5000,256,20,355,355,5.6338,33.21409683,1.921761e-04,0.06666667,0,-1.00000000
ecg_109,ecg,SPAN,0.7500,256,20,355,355,5.6338,33.44090261,1.823975e-04,0.06666667,0,-1.00000000
ecg_109,ecg,SPAN,1.0000,256,20,355,355,5.6338,33.48336421,1.806228e-04,0.07312500,0,-1.00000000
ecg_109,ecg,SPAN,1.2500,256,20,355,355,5.6338,32.83306405,2.097986e-04,0.08125000,0,-1.00000000
ecg_109,ecg,SPAN,1.5000,256,20,355,355,5.6338,32.73506064,2.145868e-04,0.07500000,0,-1.00000000
ecg_109,ecg,SPAN,2.0000,256,20,355,355,5.6338,32.48552515,2.272775e-04,0.09500000,0,-1.00000000
ecg_109,ecg,REF_INTERP_ERROR,-1.0000,256,50,295,295,6.7797,31.02223452,3.183359e-04,0.07277778,0,-1.00000000
ecg_109,ecg,REF_VW_AREA,-1.0000,256,50,295,295,6.7797,31.91683322,2.590751e-04,0.07500000,0,-1.00000000
ecg_109,ecg,SPAN,0.0000,256,50,295,295,6.7797,31.02223452,3.183359e-04,0.07277778,0,-1.00000000
ecg_109,ecg,SPAN,0.2500,256,50,295,295,6.7797,31.22065853,3.041187e-04,0.08047619,0,-1.00000000
ecg_109,ecg,SPAN,0.5000,256,50,295,295,6.7797,32.00971975,2.535929e-04,0.08047619,0,-1.00000000
ecg_109,ecg,SPAN,0.7500,256,50,295,295,6.7797,31.74540749,2.695059e-04,0.08750000,0,-1.00000000
ecg_109,ecg,SPAN,1.0000,256,50,295,295,6.7797,31.91683322,2.590751e-04,0.07500000,0,-1.00000000
ecg_109,ecg,SPAN,1.2500,256,50,295,295,6.7797,31.83568442,2.639615e-04,0.07500000,0,-1.00000000
ecg_109,ecg,SPAN,1.5000,256,50,295,295,6.7797,31.64700721,2.756819e-04,0.08750000,0,-1.00000000
ecg_109,ecg,SPAN,2.0000,256,50,295,295,6.7797,31.44210887,2.890002e-04,0.08250000,0,-1.00000000
ecg_109,ecg,REF_INTERP_ERROR,-1.0000,256,100,275,275,7.2727,25.81774696,1.055199e-03,0.14086420,0,-1.00000000
ecg_109,ecg,REF_VW_AREA,-1.0000,256,100,275,275,7.2727,31.47679189,2.867014e-04,0.09500000,0,-1.00000000
ecg_109,ecg,SPAN,0.0000,256,100,275,275,7.2727,25.81774696,1.055199e-03,0.14086420,0,-1.00000000
ecg_109,ecg,SPAN,0.2500,256,100,275,275,7.2727,31.16202607,3.082524e-04,0.08970588,0,-1.00000000
ecg_109,ecg,SPAN,0.5000,256,100,275,275,7.2727,31.26292434,3.011734e-04,0.09315789,0,-1.00000000
ecg_109,ecg,SPAN,0.7500,256,100,275,275,7.2727,31.57978323,2.799824e-04,0.07500000,0,-1.00000000
ecg_109,ecg,SPAN,1.0000,256,100,275,275,7.2727,31.47679189,2.867014e-04,0.09500000,0,-1.00000000
ecg_109,ecg,SPAN,1.2500,256,100,275,275,7.2727,31.57751744,2.801285e-04,0.07500000,0,-1.00000000
ecg_109,ecg,SPAN,1.5000,256,100,275,275,7.2727,31.32223891,2.970880e-04,0.10750000,0,-1.00000000
ecg_109,ecg,SPAN,2.0000,256,100,275,275,7.2727,30.38684164,3.684893e-04,0.10750000,0,-1.00000000
ecg_109,ecg,REF_INTERP_ERROR,-1.0000,512,2,1511,1511,1.3236,53.64552367,1.740030e-06,0.00500000,0,-1.00000000
ecg_109,ecg,REF_VW_AREA,-1.0000,512,2,1511,1511,1.3236,53.69871266,1.718849e-06,0.00750000,0,-1.00000000
ecg_109,ecg,SPAN,0.0000,512,2,1511,1511,1.3236,53.64552367,1.740030e-06,0.00500000,0,-1.00000000
ecg_109,ecg,SPAN,0.2500,512,2,1511,1511,1.3236,53.92747021,1.630655e-06,0.00666667,0,-1.00000000
ecg_109,ecg,SPAN,0.5000,512,2,1511,1511,1.3236,53.93699248,1.627083e-06,0.00500000,0,-1.00000000
ecg_109,ecg,SPAN,0.7500,512,2,1511,1511,1.3236,53.93699248,1.627083e-06,0.00500000,0,-1.00000000
ecg_109,ecg,SPAN,1.0000,512,2,1511,1511,1.3236,53.69871266,1.718849e-06,0.00750000,0,-1.00000000
ecg_109,ecg,SPAN,1.2500,512,2,1511,1511,1.3236,53.44732382,1.821280e-06,0.00800000,0,-1.00000000
ecg_109,ecg,SPAN,1.5000,512,2,1511,1511,1.3236,53.37285711,1.852778e-06,0.00800000,0,-1.00000000
ecg_109,ecg,SPAN,2.0000,512,2,1511,1511,1.3236,52.77537272,2.126042e-06,0.00800000,0,-1.00000000
ecg_109,ecg,REF_INTERP_ERROR,-1.0000,512,3,1178,1178,1.6978,47.78807623,6.703497e-06,0.01166667,0,-1.00000000
ecg_109,ecg,REF_VW_AREA,-1.0000,512,3,1178,1178,1.6978,47.31999303,7.466374e-06,0.01250000,0,-1.00000000
ecg_109,ecg,SPAN,0.0000,512,3,1178,1178,1.6978,47.78807623,6.703497e-06,0.01166667,0,-1.00000000
ecg_109,ecg,SPAN,0.2500,512,3,1178,1178,1.6978,47.82057458,6.653522e-06,0.01000000,0,-1.00000000
ecg_109,ecg,SPAN,0.5000,512,3,1178,1178,1.6978,47.48592334,7.186488e-06,0.01000000,0,-1.00000000
ecg_109,ecg,SPAN,0.7500,512,3,1178,1178,1.6978,47.57212146,7.045258e-06,0.01000000,0,-1.00000000
ecg_109,ecg,SPAN,1.0000,512,3,1178,1178,1.6978,47.31999303,7.466374e-06,0.01250000,0,-1.00000000
ecg_109,ecg,SPAN,1.2500,512,3,1178,1178,1.6978,47.11965242,7.818867e-06,0.01333333,0,-1.00000000
ecg_109,ecg,SPAN,1.5000,512,3,1178,1178,1.6978,46.66033122,8.691124e-06,0.01333333,0,-1.00000000
ecg_109,ecg,SPAN,2.0000,512,3,1178,1178,1.6978,45.83738827,1.050438e-05,0.01500000,0,-1.00000000
ecg_109,ecg,REF_INTERP_ERROR,-1.0000,512,5,911,911,2.1954,43.65882890,1.734707e-05,0.01500000,0,-1.00000000
ecg_109,ecg,REF_VW_AREA,-1.0000,512,5,911,911,2.1954,43.29151955,1.887805e-05,0.02000000,0,-1.00000000
ecg_109,ecg,SPAN,0.0000,512,5,911,911,2.1954,43.65882890,1.734707e-05,0.01500000,0,-1.00000000
ecg_109,ecg,SPAN,0.2500,512,5,911,911,2.1954,43.71179259,1.713680e-05,0.01666667,0,-1.00000000
ecg_109,ecg,SPAN,0.5000,512,5,911,911,2.1954,43.59902484,1.758760e-05,0.01750000,0,-1.00000000
ecg_109,ecg,SPAN,0.7500,512,5,911,911,2.1954,43.47371361,1.810246e-05,0.01666667,0,-1.00000000
ecg_109,ecg,SPAN,1.0000,512,5,911,911,2.1954,43.29151955,1.887805e-05,0.02000000,0,-1.00000000
ecg_109,ecg,SPAN,1.2500,512,5,911,911,2.1954,42.82090442,2.103869e-05,0.02600000,0,-1.00000000
ecg_109,ecg,SPAN,1.5000,512,5,911,911,2.1954,42.66850825,2.179005e-05,0.02600000,0,-1.00000000
ecg_109,ecg,SPAN,2.0000,512,5,911,911,2.1954,42.26166435,2.393000e-05,0.03250000,0,-1.00000000
ecg_109,ecg,REF_INTERP_ERROR,-1.0000,512,10,711,711,2.8129,40.64289963,3.473914e-05,0.02500000,0,-1.00000000
ecg_109,ecg,REF_VW_AREA,-1.0000,512,10,711,711,2.8129,40.25978000,3.794295e-05,0.03250000,0,-1.00000000
ecg_109,ecg,SPAN,0.0000,512,10,711,711,2.8129,40.64289963,3.473914e-05,0.02500000,0,-1.00000000
ecg_109,ecg,SPAN,0.2500,512,10,711,711,2.8129,40.41141890,3.664099e-05,0.02944444,0,-1.00000000
ecg_109,ecg,SPAN,0.5000,512,10,711,711,2.8129,40.42663231,3.651286e-05,0.02944444,0,-1.00000000
ecg_109,ecg,SPAN,0.7500,512,10,711,711,2.8129,40.44865427,3.632818e-05,0.02833333,0,-1.00000000
ecg_109,ecg,SPAN,1.0000,512,10,711,711,2.8129,40.25978000,3.794295e-05,0.03250000,0,-1.00000000
ecg_109,ecg,SPAN,1.2500,512,10,711,711,2.8129,39.98352224,4.043494e-05,0.03250000,0,-1.00000000
ecg_109,ecg,SPAN,1.5000,512,10,711,711,2.8129,39.67467243,4.341520e-05,0.03250000,0,-1.00000000
ecg_109,ecg,SPAN,2.0000,512,10,711,711,2.8129,39.18420894,4.860581e-05,0.03916667,0,-1.00000000
ecg_109,ecg,REF_INTERP_ERROR,-1.0000,512,20,611,611,3.2733,38.82940201,5.274349e-05,0.04333333,0,-1.00000000
ecg_109,ecg,REF_VW_AREA,-1.0000,512,20,611,611,3.2733,38.60018870,5.560197e-05,0.04300000,0,-1.00000000
ecg_109,ecg,SPAN,0.0000,512,20,611,611,3.2733,38.82940201,5.274349e-05,0.04333333,0,-1.00000000
ecg_109,ecg,SPAN,0.2500,512,20,611,611,3.2733,38.74786583,5.374307e-05,0.03500000,0,-1.00000000
ecg_109,ecg,SPAN,0.5000,512,20,611,611,3.2733,38.98901698,5.084021e-05,0.03562500,0,-1.00000000
ecg_109,ecg,SPAN,0.7500,512,20,611,611,3.2733,38.98258392,5.091557e-05,0.03250000,0,-1.00000000
ecg_109,ecg,SPAN,1.0000,512,20,611,611,3.2733,38.60018870,5.560197e-05,0.04300000,0,-1.00000000
ecg_109,ecg,SPAN,1.2500,512,20,611,611,3.2733,38.63047851,5.521552e-05,0.04300000,0,-1.00000000
ecg_109,ecg,SPAN,1.5000,512,20,611,611,3.2733,38.37460180,5.856645e-05,0.03333333,0,-1.00000000
ecg_109,ecg,SPAN,2.0000,512,20,611,611,3.2733,37.71282239,6.820666e-05,0.04300000,0,-1.00000000
ecg_109,ecg,REF_INTERP_ERROR,-1.0000,512,50,551,551,3.6298,37.55776632,7.068584e-05,0.04250000,0,-1.00000000
ecg_109,ecg,REF_VW_AREA,-1.0000,512,50,551,551,3.6298,38.02469598,6.348037e-05,0.03250000,0,-1.00000000
ecg_109,ecg,SPAN,0.0000,512,50,551,551,3.6298,37.55776632,7.068584e-05,0.04250000,0,-1.00000000
ecg_109,ecg,SPAN,0.2500,512,50,551,551,3.6298,38.00141624,6.382156e-05,0.03800000,0,-1.00000000
ecg_109,ecg,SPAN,0.5000,512,50,551,551,3.6298,38.15619742,6.158704e-05,0.03562500,0,-1.00000000
ecg_109,ecg,SPAN,0.7500,512,50,551,551,3.6298,37.94401212,6.467074e-05,0.03342105,0,-1.00000000
ecg_109,ecg,SPAN,1.0000,512,50,551,551,3.6298,38.02469598,6.348037e-05,0.03250000,0,-1.00000000
ecg_109,ecg,SPAN,1.2500,512,50,551,551,3.6298,37.56997450,7.048742e-05,0.04833333,0,-1.00000000
ecg_109,ecg,SPAN,1.5000,512,50,551,551,3.6298,37.49715651,7.167924e-05,0.04833333,0,-1.00000000
ecg_109,ecg,SPAN,2.0000,512,50,551,551,3.6298,37.10887060,7.838302e-05,0.05000000,0,-1.00000000
ecg_109,ecg,REF_INTERP_ERROR,-1.0000,512,100,531,531,3.7665,37.21621656,7.646935e-05,0.04250000,0,-1.00000000
ecg_109,ecg,REF_VW_AREA,-1.0000,512,100,531,531,3.7665,37.78015896,6.715729e-05,0.03714286,0,-1.00000000
ecg_109,ecg,SPAN,0.0000,512,100,531,531,3.7665,37.21621656,7.646935e-05,0.04250000,0,-1.00000000
ecg_109,ecg,SPAN,0.2500,512,100,531,531,3.7665,37.35335830,7.409232e-05,0.03800000,0,-1.00000000
ecg_109,ecg,SPAN,0.5000,512,100,531,531,3.7665,37.51224780,7.143059e-05,0.03800000,0,-1.00000000
ecg_109,ecg,SPAN,0.7500,512,100,531,531,3.7665,37.52985145,7.114164e-05,0.03714286,0,-1.00000000
ecg_109,ecg,SPAN,1.0000,512,100,531,531,3.7665,37.78015896,6.715729e-05,0.03714286,0,-1.00000000
ecg_109,ecg,SPAN,1.2500,512,100,531,531,3.7665,37.32067669,7.465199e-05,0.04833333,0,-1.00000000
ecg_109,ecg,SPAN,1.5000,512,100,531,531,3.7665,37.20518733,7.666379e-05,0.04833333,0,-1.00000000
ecg_109,ecg,SPAN,2.0000,512,100,531,531,3.7665,36.77042823,8.473566e-05,0.05500000,0,-1.00000000
ecg_112,ecg,REF_INTERP_ERROR,-1.0000,32,2,1031,1031,1.9399,52.63433146,4.808518e-06,0.01000000,0,-1.00000000
ecg_112,ecg,REF_VW_AREA,-1.0000,32,2,1031,1031,1.9399,51.76393961,5.875575e-06,0.01100000,0,-1.00000000
ecg_112,ecg,SPAN,0.0000,32,2,1031,1031,1.9399,52.63433146,4.808518e-06,0.01000000,0,-1.00000000
ecg_112,ecg,SPAN,0.2500,32,2,1031,1031,1.9399,52.53963798,4.914514e-06,0.01000000,0,-1.00000000
ecg_112,ecg,SPAN,0.5000,32,2,1031,1031,1.9399,52.33400025,5.152812e-06,0.01000000,0,-1.00000000
ecg_112,ecg,SPAN,0.7500,32,2,1031,1031,1.9399,52.19100885,5.325293e-06,0.01000000,0,-1.00000000
ecg_112,ecg,SPAN,1.0000,32,2,1031,1031,1.9399,51.76393961,5.875575e-06,0.01100000,0,-1.00000000
ecg_112,ecg,SPAN,1.2500,32,2,1031,1031,1.9399,51.52263274,6.211280e-06,0.01000000,0,-1.00000000
ecg_112,ecg,SPAN,1.5000,32,2,1031,1031,1.9399,51.40600051,6.380347e-06,0.01000000,0,-1.00000000
ecg_112,ecg,SPAN,2.0000,32,2,1031,1031,1.9399,50.54943782,7.771424e-06,0.01750000,0,-1.00000000
ecg_112,ecg,REF_INTERP_ERROR,-1.0000,32,3,698,698,2.8653,47.73289837,1.486464e-05,0.01666667,0,-1.00000000
ecg_112,ecg,REF_VW_AREA,-1.0000,32,3,698,698,2.8653,46.84123365,1.825244e-05,0.02600000,0,-1.00000000
ecg_112,ecg,SPAN,0.0000,32,3,698,698,2.8653,47.73289837,1.486464e-05,0.01666667,0,-1.00000000
ecg_112,ecg,SPAN,0.2500,32,3,698,698,2.8653,47.71542294,1.492458e-05,0.01500000,0,-1.00000000
ecg_112,ecg,SPAN,0.5000,32,3,698,698,2.8653,47.63356014,1.520857e-05,0.01833333,0,-1.00000000
ecg_112,ecg,SPAN,0.7500,32,3,698,698,2.8653,47.26903845,1.654019e-05,0.02600000,0,-1.00000000
ecg_112,ecg,SPAN,1.0000,32,3,698,698,2.8653,46.84123365,1.825244e-05,0.02600000,0,-1.00000000
ecg_112,ecg,SPAN,1.2500,32,3,698,698,2.8653,46.54650082,1.953414e-05,0.02750000,0,-1.00000000
ecg_112,ecg,SPAN,1.5000,32,3,698,698,2.8653,46.02308808,2.203614e-05,0.03000000,0,-1.00000000
ecg_112,ecg,SPAN,2.0000,32,3,698,698,2.8653,44.92448408,2.837893e-05,0.04000000,0,-1.00000000
ecg_112,ecg,REF_INTERP_ERROR,-1.0000,32,5,431,431,4.6404,42.59575985,4.851414e-05,0.03000000,0,-1.00000000
ecg_112,ecg,REF_VW_AREA,-1.0000,32,5,431,431,4.6404,41.96860015,5.605113e-05,0.05000000,0,-1.00000000
ecg_112,ecg,SPAN,0.0000,32,5,431,431,4.6404,42.59575985,4.851414e-05,0.03000000,0,-1.00000000
ecg_112,ecg,SPAN,0.2500,32,5,431,431,4.6404,42.92892584,4.493159e-05,0.02857143,0,-1.00000000
ecg_112,ecg,SPAN,0.5000,32,5,431,431,4.6404,42.67818086,4.760212e-05,0.03750000,0,-1.00000000
ecg_112,ecg,SPAN,0.7500,32,5,431,431,4.6404,42.12209662,5.410466e-05,0.04250000,0,-1.00000000
ecg_112,ecg,SPAN,1.0000,32,5,431,431,4.6404,41.96860015,5.605113e-05,0.05000000,0,-1.00000000
ecg_112,ecg,SPAN,1.2500,32,5,431,431,4.6404,41.68847025,5.978570e-05,0.04875000,0,-1.00000000
ecg_112,ecg,SPAN,1.5000,32,5,431,431,4.6404,41.09146854,6.859580e-05,0.05666667,0,-1.00000000
ecg_112,ecg,SPAN,2.0000,32,5,431,431,4.6404,40.39587547,8.051130e-05,0.05666667,0,-1.00000000
ecg_112,ecg,REF_INTERP_ERROR,-1.0000,32,10,231,231,8.6580,37.12517789,1.709726e-04,0.05058824,0,-1.00000000
ecg_112,ecg,REF_VW_AREA,-1.0000,32,10,231,231,8.6580,34.70780353,2.983074e-04,0.15875000,0,-1.00000000
ecg_112,ecg,SPAN,0.0000,32,10,231,231,8.6580,37.12517789,1.709726e-04,0.05058824,0,-1.00000000
ecg_112,ecg,SPAN,0.2500,32,10,231,231,8.6580,37.17050868,1.691973e-04,0.05235294,0,-1.00000000
ecg_112,ecg,SPAN,0.5000,32,10,231,231,8.6580,36.59612285,1.931221e-04,0.06750000,0,-1.00000000
ecg_112,ecg,SPAN,0.7500,32,10,231,231,8.6580,35.66396190,2.393581e-04,0.10357143,0,-1.00000000
ecg_112,ecg,SPAN,1.0000,32,10,231,231,8.6580,34.70780353,2.983074e-04,0.15875000,0,-1.00000000
ecg_112,ecg,SPAN,1.2500,32,10,231,231,8.6580,35.10840608,2.720218e-04,0.11500000,0,-1.00000000
ecg_112,ecg,SPAN,1.5000,32,10,231,231,8.6580,33.51124625,3.929341e-04,0.19000000,0,-1.00000000
ecg_112,ecg,SPAN,2.0000,32,10,231,231,8.6580,31.60684813,6.091995e-04,0.27500000,0,-1.00000000
ecg_112,ecg,REF_INTERP_ERROR,-1.0000,32,20,131,131,15.2672,32.31690793,5.173132e-04,0.11173913,0,-1.00000000
ecg_112,ecg,REF_VW_AREA,-1.0000,32,20,131,131,15.2672,30.71244917,7.485132e-04,0.18681818,0,-1.00000000
ecg_112,ecg,SPAN,0.0000,32,20,131,131,15.2672,32.31690793,5.173132e-04,0.11173913,0,-1.00000000
ecg_112,ecg,SPAN,0.2500,32,20,131,131,15.2672,32.55323466,4.899152e-04,0.13166667,0,-1.00000000
ecg_112,ecg,SPAN,0.5000,32,20,131,131,15.2672,30.76713018,7.391479e-04,0.16300000,0,-1.00000000
ecg_112,ecg,SPAN,0.7500,32,20,131,131,15.2672,30.51003399,7.842255e-04,0.24666667,0,-1.00000000
ecg_112,ecg,SPAN,1.0000,32,20,131,131,15.2672,30.71244917,7.485132e-04,0.18681818,0,-1.00000000
ecg_112,ecg,SPAN,1.2500,32,20,131,131,15.2672,29.35982984,1.022025e-03,0.36343750,0,-1.00000000
ecg_112,ecg,SPAN,1.5000,32,20,131,131,15.2672,27.43068573,1.593587e-03,0.36583333,0,-1.00000000
ecg_112,ecg,SPAN,2.0000,32,20,131,131,15.2672,26.12270091,2.153646e-03,0.41000000,0,-1.00000000
ecg_112,ecg,REF_INTERP_ERROR,-1.0000,32,50,71,71,28.1690,23.79925398,3.677215e-03,0.19918033,0,-1.00000000
ecg_112,ecg,REF_VW_AREA,-1.0000,32,50,71,71,28.1690,16.59308814,1.932571e-02,0.92960000,0,-1.00000000
ecg_112,ecg,SPAN,0.0000,32,50,71,71,28.1690,23.79925398,3.677215e-03,0.19918033,0,-1.00000000
ecg_112,ecg,SPAN,0.2500,32,50,71,71,28.1690,22.19344790,5.322303e-03,0.24500000,0,-1.00000000
ecg_112,ecg,SPAN,0.5000,32,50,71,71,28.1690,18.83653582,1.152898e-02,0.92960000,0,-1.00000000
ecg_112,ecg,SPAN,0.7500,32,50,71,71,28.1690,17.58166076,1.539141e-02,0.92960000,0,-1.00000000
ecg_112,ecg,SPAN,1.0000,32,50,71,71,28.1690,16.59308814,1.932571e-02,0.92960000,0,-1.00000000
ecg_112,ecg,SPAN,1.2500,32,50,71,71,28.1690,16.64397438,1.910060e-02,0.92960000,0,-1.00000000
ecg_112,ecg,SPAN,1.5000,32,50,71,71,28.1690,16.25962799,2.086804e-02,0.92960000,0,-1.00000000
ecg_112,ecg,SPAN,2.0000,32,50,71,71,28.1690,16.29126900,2.071655e-02,0.92960000,0,-1.00000000
ecg_112,ecg,REF_INTERP_ERROR,-1.0000,32,100,51,51,39.2157,20.96030395,7.069911e-03,0.27705882,0,-1.00000000
ecg_112,ecg,REF_VW_AREA,-1.0000,32,100,51,51,39.2157,18.23272257,1.324866e-02,0.70857143,0,-1.00000000
ecg_112,ecg,SPAN,0.0000,32,100,51,51,39.2157,20.96030395,7.069911e-03,0.27705882,0,-1.00000000
ecg_112,ecg,SPAN,0.2500,32,100,51,51,39.2157,18.00177889,1.397225e-02,0.93846939,0,-1.00000000
ecg_112,ecg,SPAN,0.5000,32,100,51,51,39.2157,16.70115378,1.885077e-02,0.91750000,0,-1.00000000
ecg_112,ecg,SPAN,0.7500,32,100,51,51,39.2157,17.39763826,1.605760e-02,0.64510050,0,-1.00000000
ecg_112,ecg,SPAN,1.0000,32,100,51,51,39.2157,18.23272257,1.324866e-02,0.70857143,0,-1.00000000
ecg_112,ecg,SPAN,1.2500,32,100,51,51,39.2157,15.64584992,2.403584e-02,0.94300000,0,-1.00000000
ecg_112,ecg,SPAN,1.5000,32,100,51,51,39.2157,16.13124088,2.149415e-02,0.87510417,0,-1.00000000
ecg_112,ecg,SPAN,2.0000,32,100,51,51,39.2157,16.83362278,1.828446e-02,0.78860000,0,-1.00000000
ecg_112,ecg,REF_INTERP_ERROR,-1.0000,64,2,1063,1063,1.8815,52.93323986,4.488698e-06,0.01000000,0,-1.00000000
ecg_112,ecg,REF_VW_AREA,-1.0000,64,2,1063,1063,1.8815,52.30185285,5.191096e-06,0.01000000,0,-1.00000000
ecg_112,ecg,SPAN,0.0000,64,2,1063,1063,1.8815,52.93323986,4.488698e-06,0.01000000,0,-1.00000000
ecg_112,ecg,SPAN,0.2500,64,2,1063,1063,1.8815,53.05779792,4.361788e-06,0.00833333,0,-1.00000000
ecg_112,ecg,SPAN,0.5000,64,2,1063,1063,1.8815,52.87509202,4.549201e-06,0.01000000,0,-1.00000000
ecg_112,ecg,SPAN,0.7500,64,2,1063,1063,1.8815,52.58026890,4.868750e-06,0.01000000,0,-1.00000000
ecg_112,ecg,SPAN,1.0000,64,2,1063,1063,1.8815,52.30185285,5.191096e-06,0.01000000,0,-1.00000000
ecg_112,ecg,SPAN,1.2500,64,2,1063,1063,1.8815,52.11631925,5.417669e-06,0.01000000,0,-1.00000000
ecg_112,ecg,SPAN,1.5000,64,2,1063,1063,1.8815,51.84990466,5.760417e-06,0.01000000,0,-1.00000000
ecg_112,ecg,SPAN,2.0000,64,2,1063,1063,1.8815,50.99324265,7.016493e-06,0.01250000,0,-1.00000000
ecg_112,ecg,REF_INTERP_ERROR,-1.0000,64,3,730,730,2.7397,48.16422592,1.345928e-05,0.01500000,0,-1.00000000
ecg_112,ecg,REF_VW_AREA,-1.0000,64,3,730,730,2.7397,47.65049578,1.514938e-05,0.02600000,0,-1.00000000
ecg_112,ecg,SPAN,0.0000,64,3,730,730,2.7397,48.16422592,1.345928e-05,0.01500000,0,-1.00000000
ecg_112,ecg,SPAN,0.2500,64,3,730,730,2.7397,48.14911069,1.350620e-05,0.01375000,0,-1.00000000
ecg_112,ecg,SPAN,0.5000,64,3,730,730,2.7397,48.27058162,1.313367e-05,0.01375000,0,-1.00000000
ecg_112,ecg,SPAN,0.7500,64,3,730,730,2.7397,48.05780677,1.379316e-05,0.01750000,0,-1.00000000
ecg_112,ecg,SPAN,1.0000,64,3,730,730,2.7397,47.65049578,1.514938e-05,0.02600000,0,-1.00000000
ecg_112,ecg,SPAN,1.2500,64,3,730,730,2.7397,47.16374167,1.694612e-05,0.02600000,0,-1.00000000
ecg_112,ecg,SPAN,1.5000,64,3,730,730,2.7397,46.57179166,1.942071e-05,0.02750000,0,-1.00000000
ecg_112,ecg,SPAN,2.0000,64,3,730,730,2.7397,45.80979315,2.314542e-05,0.03000000,0,-1.00000000
ecg_112,ecg,REF_INTERP_ERROR,-1.0000,64,5,463,463,4.3197,43.08963845,4.329926e-05,0.02833333,0,-1.00000000
ecg_112,ecg,REF_VW_AREA,-1.0000,64,5,463,463,4.3197,42.37995102,5.098580e-05,0.04250000,0,-1.00000000
ecg_112,ecg,SPAN,0.0000,64,5,463,463,4.3197,43.08963845,4.329926e-05,0.02833333,0,-1.00000000
ecg_112,ecg,SPAN,0.2500,64,5,463,463,4.3197,43.38500582,4.045235e-05,0.02857143,0,-1.00000000
ecg_112,ecg,SPAN,0.5000,64,5,463,463,4.3197,43.04427139,4.375395e-05,0.03166667,0,-1.00000000
ecg_112,ecg,SPAN,0.7500,64,5,463,463,4.3197,42.78959734,4.639644e-05,0.04000000,0,-1.00000000
ecg_112,ecg,SPAN,1.0000,64,5,463,463,4.3197,42.37995102,5.098580e-05,0.04250000,0,-1.00000000
ecg_112,ecg,SPAN,1.2500,64,5,463,463,4.3197,41.90996697,5.681299e-05,0.04500000,0,-1.00000000
ecg_112,ecg,SPAN,1.5000,64,5,463,463,4.3197,41.72931028,5.922613e-05,0.04500000,0,-1.00000000
ecg_112,ecg,SPAN,2.0000,64,5,463,463,4.3197,40.81433315,7.311577e-05,0.05666667,0,-1.00000000
ecg_112,ecg,REF_INTERP_ERROR,-1.0000,64,10,263,263,7.6046,37.09726061,1.720752e-04,0.08538462,0,-1.00000000
ecg_112,ecg,REF_VW_AREA,-1.0000,64,10,263,263,7.6046,35.65810029,2.396814e-04,0.09250000,0,-1.00000000
ecg_112,ecg,SPAN,0.0000,64,10,263,263,7.6046,37.09726061,1.720752e-04,0.08538462,0,-1.00000000
ecg_112,ecg,SPAN,0.2500,64,10,263,263,7.6046,37.42333098,1.596288e-04,0.06000000,0,-1.00000000
ecg_112,ecg,SPAN,0.5000,64,10,263,263,7.6046,37.09410197,1.722004e-04,0.06750000,0,-1.00000000
ecg_112,ecg,SPAN,0.7500,64,10,263,263,7.6046,36.17257316,2.129056e-04,0.10357143,0,-1.00000000
ecg_112,ecg,SPAN,1.0000,64,10,263,263,7.6046,35.65810029,2.396814e-04,0.09250000,0,-1.00000000
ecg_112,ecg,SPAN,1.2500,64,10,263,263,7.6046,34.67890796,3.002988e-04,0.14000000,0,-1.00000000
ecg_112,ecg,SPAN,1.5000,64,10,263,263,7.6046,34.84453320,2.890620e-04,0.14277778,0,-1.00000000
ecg_112,ecg,SPAN,2.0000,64,10,263,263,7.6046,33.54043220,3.903023e-04,0.16700000,0,-1.00000000
ecg_112,ecg,REF_INTERP_ERROR,-1.0000,64,20,163,163,12.2699,33.44789789,3.987077e-04,0.11173913,0,-1.00000000
ecg_112,ecg,REF_VW_AREA,-1.0000,64,20,163,163,12.2699,32.22392769,5.285080e-04,0.19000000,0,-1.00000000
ecg_112,ecg,SPAN,0.0000,64,20,163,163,12.2699,33.44789789,3.987077e-04,0.11173913,0,-1.00000000
ecg_112,ecg,SPAN,0.2500,64,20,163,163,12.2699,33.55849763,3.886822e-04,0.11173913,0,-1.00000000
ecg_112,ecg,SPAN,0.5000,64,20,163,163,12.2699,31.79016398,5.840203e-04,0.16125000,0,-1.00000000
ecg_112,ecg,SPAN,0.7500,64,20,163,163,12.2699,31.97208739,5.600614e-04,0.16125000,0,-1.00000000
ecg_112,ecg,SPAN,1.0000,64,20,163,163,12.2699,32.22392769,5.285080e-04,0.19000000,0,-1.00000000
ecg_112,ecg,SPAN,1.2500,64,20,163,163,12.2699,31.62519659,6.066311e-04,0.16333333,0,-1.00000000
ecg_112,ecg,SPAN,1.5000,64,20,163,163,12.2699,31.08071110,6.876592e-04,0.18166667,0,-1.00000000
ecg_112,ecg,SPAN,2.0000,64,20,163,163,12.2699,29.98762244,8.844680e-04,0.26961538,0,-1.00000000
ecg_112,ecg,REF_INTERP_ERROR,-1.0000,64,50,103,103,19.4175,24.38635460,3.212247e-03,0.19108696,0,-1.00000000
ecg_112,ecg,REF_VW_AREA,-1.0000,64,50,103,103,19.4175,25.93731459,2.247568e-03,0.23540000,0,-1.00000000
ecg_112,ecg,SPAN,0.0000,64,50,103,103,19.4175,24.38635460,3.212247e-03,0.19108696,0,-1.00000000
ecg_112,ecg,SPAN,0.2500,64,50,103,103,19.4175,25.82421310,2.306870e-03,0.16815789,0,-1.00000000
ecg_112,ecg,SPAN,0.5000,64,50,103,103,19.4175,26.49340408,1.977443e-03,0.16562500,0,-1.00000000
ecg_112,ecg,SPAN,0.7500,64,50,103,103,19.4175,26.80191288,1.841845e-03,0.16700000,0,-1.00000000
ecg_112,ecg,SPAN,1.0000,64,50,103,103,19.4175,25.93731459,2.247568e-03,0.23540000,0,-1.00000000
ecg_112,ecg,SPAN,1.2500,64,50,103,103,19.4175,26.01201433,2.209240e-03,0.27000000,0,-1.00000000
ecg_112,ecg,SPAN,1.5000,64,50,103,103,19.4175,25.19422384,2.666994e-03,0.40818182,0,-1.00000000
ecg_112,ecg,SPAN,2.0000,64,50,103,103,19.4175,22.50925003,4.949022e-03,0.77621951,0,-1.00000000
ecg_112,ecg,REF_INTERP_ERROR,-1.0000,64,100,83,83,24.0964,22.04412118,5.508486e-03,0.22967890,0,-1.00000000
ecg_112,ecg,REF_VW_AREA,-1.0000,64,100,83,83,24.0964,20.20608660,8.410769e-03,0.91166667,0,-1.00000000
ecg_112,ecg,SPAN,0.0000,64,100,83,83,24.0964,22.04412118,5.508486e-03,0.22967890,0,-1.00000000
ecg_112,ecg,SPAN,0.2500,64,100,83,83,24.0964,23.83574903,3.646443e-03,0.22900000,0,-1.00000000
ecg_112,ecg,SPAN,0.5000,64,100,83,83,24.0964,24.21003531,3.345344e-03,0.22771930,0,-1.00000000
ecg_112,ecg,SPAN,0.7500,64,100,83,83,24.0964,25.27244994,2.619385e-03,0.20333333,0,-1.00000000
ecg_112,ecg,SPAN,1.0000,64,100,83,83,24.0964,20.20608660,8.410769e-03,0.91166667,0,-1.00000000
ecg_112,ecg,SPAN,1.2500,64,100,83,83,24.0964,19.51860713,9.853344e-03,0.87510417,0,-1.00000000
ecg_112,ecg,SPAN,1.5000,64,100,83,83,24.0964,22.05468989,5.495097e-03,0.79034483,0,-1.00000000
ecg_112,ecg,SPAN,2.0000,64,100,83,83,24.0964,20.42410854,7.998960e-03,0.80870370,0,-1.00000000
ecg_112,ecg,REF_INTERP_ERROR,-1.0000,128,2,1127,1127,1.7746,53.57105117,3.875603e-06,0.00750000,0,-1.00000000
ecg_112,ecg,REF_VW_AREA,-1.0000,128,2,1127,1127,1.7746,53.06898160,4.350570e-06,0.00857143,0,-1.00000000
ecg_112,ecg,SPAN,0.0000,128,2,1127,1127,1.7746,53.57105117,3.875603e-06,0.00750000,0,-1.00000000
ecg_112,ecg,SPAN,0.2500,128,2,1127,1127,1.7746,53.66758264,3.790409e-06,0.00833333,0,-1.00000000
ecg_112,ecg,SPAN,0.5000,128,2,1127,1127,1.7746,53.66948415,3.788750e-06,0.00750000,0,-1.00000000
ecg_112,ecg,SPAN,0.7500,128,2,1127,1127,1.7746,53.39111526,4.039549e-06,0.00800000,0,-1.00000000
ecg_112,ecg,SPAN,1.0000,128,2,1127,1127,1.7746,53.06898160,4.350570e-06,0.00857143,0,-1.00000000
ecg_112,ecg,SPAN,1.2500,128,2,1127,1127,1.7746,52.72412938,4.710114e-06,0.01000000,0,-1.00000000
ecg_112,ecg,SPAN,1.5000,128,2,1127,1127,1.7746,52.62563172,4.818160e-06,0.01000000,0,-1.00000000
ecg_112,ecg,SPAN,2.0000,128,2,1127,1127,1.7746,51.59719177,6.105556e-06,0.01125000,0,-1.00000000
ecg_112,ecg,REF_INTERP_ERROR,-1.0000,128,3,794,794,2.5189,48.76537800,1.171943e-05,0.01200000,0,-1.00000000
ecg_112,ecg,REF_VW_AREA,-1.0000,128,3,794,794,2.5189,48.42895220,1.266337e-05,0.01750000,0,-1.00000000
ecg_112,ecg,SPAN,0.0000,128,3,794,794,2.5189,48.76537800,1.171943e-05,0.01200000,0,-1.00000000
ecg_112,ecg,SPAN,0.2500,128,3,794,794,2.5189,48.82480536,1.156016e-05,0.01200000,0,-1.00000000
ecg_112,ecg,SPAN,0.5000,128,3,794,794,2.5189,48.77975701,1.168069e-05,0.01333333,0,-1.00000000
ecg_112,ecg,SPAN,0.7500,128,3,794,794,2.5189,48.77115003,1.170387e-05,0.01500000,0,-1.00000000
ecg_112,ecg,SPAN,1.0000,128,3,794,794,2.5189,48.42895220,1.266337e-05,0.01750000,0,-1.00000000
ecg_112,ecg,SPAN,1.2500,128,3,794,794,2.5189,48.19216696,1.337296e-05,0.02000000,0,-1.00000000
ecg_112,ecg,SPAN,1.5000,128,3,794,794,2.5189,47.56701785,1.544339e-05,0.02500000,0,-1.00000000
ecg_112,ecg,SPAN,2.0000,128,3,794,794,2.5189,46.52276173,1.964121e-05,0.03000000,0,-1.00000000
ecg_112,ecg,REF_INTERP_ERROR,-1.0000,128,5,527,527,3.7951,44.14384212,3.396723e-05,0.02800000,0,-1.00000000
ecg_112,ecg,REF_VW_AREA,-1.0000,128,5,527,527,3.7951,43.19905487,4.222201e-05,0.04250000,0,-1.00000000
ecg_112,ecg,SPAN,0.0000,128,5,527,527,3.7951,44.14384212,3.396723e-05,0.02800000,0,-1.00000000
ecg_112,ecg,SPAN,0.2500,128,5,527,527,3.7951,44.20471994,3.349441e-05,0.02857143,0,-1.00000000
ecg_112,ecg,SPAN,0.5000,128,5,527,527,3.7951,44.10815953,3.424746e-05,0.02857143,0,-1.00000000
ecg_112,ecg,SPAN,0.7500,128,5,527,527,3.7951,43.52929279,3.913047e-05,0.04000000,0,-1.00000000
ecg_112,ecg,SPAN,1.0000,128,5,527,527,3.7951,43.19905487,4.222201e-05,0.04250000,0,-1.00000000
ecg_112,ecg,SPAN,1.2500,128,5,527,527,3.7951,42.87832522,4.545816e-05,0.04250000,0,-1.00000000
ecg_112,ecg,SPAN,1.5000,128,5,527,527,3.7951,42.57769647,4.871635e-05,0.04250000,0,-1.00000000
ecg_112,ecg,SPAN,2.0000,128,5,527,527,3.7951,42.12321936,5.409068e-05,0.04333333,0,-1.00000000
ecg_112,ecg,REF_INTERP_ERROR,-1.0000,128,10,327,327,6.1162,38.92855889,1.128726e-04,0.04345238,0,-1.00000000
ecg_112,ecg,REF_VW_AREA,-1.0000,128,10,327,327,6.1162,37.88049210,1.436796e-04,0.09250000,0,-1.00000000
ecg_112,ecg,SPAN,0.0000,128,10,327,327,6.1162,38.92855889,1.128726e-04,0.04345238,0,-1.00000000
ecg_112,ecg,SPAN,0.2500,128,10,327,327,6.1162,39.04910738,1.097826e-04,0.04314815,0,-1.00000000
ecg_112,ecg,SPAN,0.5000,128,10,327,327,6.1162,38.88591732,1.139863e-04,0.05500000,0,-1.00000000
ecg_112,ecg,SPAN,0.7500,128,10,327,327,6.1162,38.19348813,1.336890e-04,0.08200000,0,-1.00000000
ecg_112,ecg,SPAN,1.0000,128,10,327,327,6.1162,37.88049210,1.436796e-04,0.09250000,0,-1.00000000
ecg_112,ecg,SPAN,1.2500,128,10,327,327,6.1162,36.54546013,1.953882e-04,0.11500000,0,-1.00000000
ecg_112,ecg,SPAN,1.5000,128,10,327,327,6.1162,36.73005734,1.872572e-04,0.10357143,0,-1.00000000
ecg_112,ecg,SPAN,2.0000,128,10,327,327,6.1162,35.33724305,2.580596e-04,0.16166667,0,-1.00000000
ecg_112,ecg,REF_INTERP_ERROR,-1.0000,128,20,227,227,8.8106,36.20210686,2.114627e-04,0.06416667,0,-1.00000000
ecg_112,ecg,REF_VW_AREA,-1.0000,128,20,227,227,8.8106,34.85782456,2.881787e-04,0.11500000,0,-1.00000000
ecg_112,ecg,SPAN,0.0000,128,20,227,227,8.8106,36.20210686,2.114627e-04,0.06416667,0,-1.00000000
ecg_112,ecg,SPAN,0.2500,128,20,227,227,8.8106,36.33576537,2.050538e-04,0.06416667,0,-1.00000000
ecg_112,ecg,SPAN,0.5000,128,20,227,227,8.8106,35.50714947,2.481586e-04,0.10176471,0,-1.00000000
ecg_112,ecg,SPAN,0.7500,128,20,227,227,8.8106,34.73364019,2.965380e-04,0.11500000,0,-1.00000000
ecg_112,ecg,SPAN,1.0000,128,20,227,227,8.8106,34.85782456,2.881787e-04,0.11500000,0,-1.00000000
ecg_112,ecg,SPAN,1.2500,128,20,227,227,8.8106,33.47828504,3.959277e-04,0.16300000,0,-1.00000000
ecg_112,ecg,SPAN,1.5000,128,20,227,227,8.8106,32.94991565,4.471496e-04,0.19000000,0,-1.00000000
ecg_112,ecg,SPAN,2.0000,128,20,227,227,8.8106,32.10530150,5.431430e-04,0.19000000,0,-1.00000000
ecg_112,ecg,REF_INTERP_ERROR,-1.0000,128,50,167,167,11.9760,28.54579563,1.232721e-03,0.13414894,0,-1.00000000
ecg_112,ecg,REF_VW_AREA,-1.0000,128,50,167,167,11.9760,32.19196645,5.324119e-04,0.16125000,0,-1.00000000
ecg_112,ecg,SPAN,0.0000,128,50,167,167,11.9760,28.54579563,1.232721e-03,0.13414894,0,-1.00000000
ecg_112,ecg,SPAN,0.2500,128,50,167,167,11.9760,30.48043977,7.895877e-04,0.12428571,0,-1.00000000
ecg_112,ecg,SPAN,0.5000,128,50,167,167,11.9760,32.84185329,4.584152e-04,0.11400000,0,-1.00000000
ecg_112,ecg,SPAN,0.7500,128,50,167,167,11.9760,33.21384240,4.207849e-04,0.11500000,0,-1.00000000
ecg_112,ecg,SPAN,1.0000,128,50,167,167,11.9760,32.19196645,5.324119e-04,0.16125000,0,-1.00000000
ecg_112,ecg,SPAN,1.2500,128,50,167,167,11.9760,32.07746200,5.466359e-04,0.16125000,0,-1.00000000
ecg_112,ecg,SPAN,1.5000,128,50,167,167,11.9760,32.07377154,5.471006e-04,0.19000000,0,-1.00000000
ecg_112,ecg,SPAN,2.0000,128,50,167,167,11.9760,32.37213265,5.107767e-04,0.16125000,0,-1.00000000
ecg_112,ecg,REF_INTERP_ERROR,-1.0000,128,100,147,147,13.6054,26.32437161,2.055925e-03,0.16391304,0,-1.00000000
ecg_112,ecg,REF_VW_AREA,-1.0000,128,100,147,147,13.6054,31.65803731,6.020612e-04,0.16300000,0,-1.00000000
ecg_112,ecg,SPAN,0.0000,128,100,147,147,13.6054,26.32437161,2.055925e-03,0.16391304,0,-1.00000000
ecg_112,ecg,SPAN,0.2500,128,100,147,147,13.6054,29.94565108,8.930572e-04,0.15290698,0,-1.00000000
ecg_112,ecg,SPAN,0.5000,128,100,147,147,13.6054,31.18293347,6.716624e-04,0.11500000,0,-1.00000000
ecg_112,ecg,SPAN,0.7500,128,100,147,147,13.6054,30.87724300,7.206428e-04,0.18500000,0,-1.00000000
ecg_112,ecg,SPAN,1.0000,128,100,147,147,13.6054,31.65803731,6.020612e-04,0.16300000,0,-1.00000000
ecg_112,ecg,SPAN,1.2500,128,100,147,147,13.6054,31.71079616,5.947915e-04,0.16125000,0,-1.00000000
ecg_112,ecg,SPAN,1.5000,128,100,147,147,13.6054,31.10835555,6.832959e-04,0.16125000,0,-1.00000000
ecg_112,ecg,SPAN,2.0000,128,100,147,147,13.6054,31.14959156,6.768387e-04,0.16700000,0,-1.00000000
ecg_112,ecg,REF_INTERP_ERROR,-1.0000,256,2,1255,1255,1.5936,54.97991380,2.801902e-06,0.00500000,0,-1.00000000
ecg_112,ecg,REF_VW_AREA,-1.0000,256,2,1255,1255,1.5936,54.54141048,3.099583e-06,0.00750000,0,-1.00000000
ecg_112,ecg,SPAN,0.0000,256,2,1255,1255,1.5936,54.97991380,2.801902e-06,0.00500000,0,-1.00000000
ecg_112,ecg,SPAN,0.2500,256,2,1255,1255,1.5936,55.02567371,2.772535e-06,0.00666667,0,-1.00000000
ecg_112,ecg,SPAN,0.5000,256,2,1255,1255,1.5936,55.00278179,2.787187e-06,0.00750000,0,-1.00000000
ecg_112,ecg,SPAN,0.7500,256,2,1255,1255,1.5936,54.80810979,2.914965e-06,0.00750000,0,-1.00000000
ecg_112,ecg,SPAN,1.0000,256,2,1255,1255,1.5936,54.54141048,3.099583e-06,0.00750000,0,-1.00000000
ecg_112,ecg,SPAN,1.2500,256,2,1255,1255,1.5936,54.08337063,3.444350e-06,0.00857143,0,-1.00000000
ecg_112,ecg,SPAN,1.5000,256,2,1255,1255,1.5936,54.02960417,3.487257e-06,0.00750000,0,-1.00000000
ecg_112,ecg,SPAN,2.0000,256,2,1255,1255,1.5936,53.24318592,4.179514e-06,0.01000000,0,-1.00000000
ecg_112,ecg,REF_INTERP_ERROR,-1.0000,256,3,922,922,2.1692,50.06715553,8.684180e-06,0.01200000,0,-1.00000000
ecg_112,ecg,REF_VW_AREA,-1.0000,256,3,922,922,2.1692,49.86392083,9.100228e-06,0.01300000,0,-1.00000000
ecg_112,ecg,SPAN,0.0000,256,3,922,922,2.1692,50.06715553,8.684180e-06,0.01200000,0,-1.00000000
ecg_112,ecg,SPAN,0.2500,256,3,922,922,2.1692,50.28719067,8.255156e-06,0.01166667,0,-1.00000000
ecg_112,ecg,SPAN,0.5000,256,3,922,922,2.1692,50.23027095,8.364063e-06,0.01250000,0,-1.00000000
ecg_112,ecg,SPAN,0.7500,256,3,922,922,2.1692,50.13645582,8.546706e-06,0.01300000,0,-1.00000000
ecg_112,ecg,SPAN,1.0000,256,3,922,922,2.1692,49.86392083,9.100228e-06,0.01300000,0,-1.00000000
ecg_112,ecg,SPAN,1.2500,256,3,922,922,2.1692,49.51737462,9.856141e-06,0.01500000,0,-1.00000000
ecg_112,ecg,SPAN,1.5000,256,3,922,922,2.1692,49.22842543,1.053421e-05,0.02000000,0,-1.00000000
ecg_112,ecg,SPAN,2.0000,256,3,922,922,2.1692,48.21464298,1.330393e-05,0.02250000,0,-1.00000000
ecg_112,ecg,REF_INTERP_ERROR,-1.0000,256,5,655,655,3.0534,46.22722346,2.102432e-05,0.01750000,0,-1.00000000
ecg_112,ecg,REF_VW_AREA,-1.0000,256,5,655,655,3.0534,45.40705774,2.539444e-05,0.03000000,0,-1.00000000
ecg_112,ecg,SPAN,0.0000,256,5,655,655,3.0534,46.22722346,2.102432e-05,0.01750000,0,-1.00000000
ecg_112,ecg,SPAN,0.2500,256,5,655,655,3.0534,46.48944653,1.979246e-05,0.01750000,0,-1.00000000
ecg_112,ecg,SPAN,0.5000,256,5,655,655,3.0534,46.25190569,2.090517e-05,0.02333333,0,-1.00000000
ecg_112,ecg,SPAN,0.7500,256,5,655,655,3.0534,46.01021300,2.210157e-05,0.02409091,0,-1.00000000
ecg_112,ecg,SPAN,1.0000,256,5,655,655,3.0534,45.40705774,2.539444e-05,0.03000000,0,-1.00000000
ecg_112,ecg,SPAN,1.2500,256,5,655,655,3.0534,44.87048870,2.873396e-05,0.03250000,0,-1.00000000
ecg_112,ecg,SPAN,1.5000,256,5,655,655,3.0534,44.53679273,3.102881e-05,0.04250000,0,-1.00000000
ecg_112,ecg,SPAN,2.0000,256,5,655,655,3.0534,43.86909080,3.618556e-05,0.04250000,0,-1.00000000
ecg_112,ecg,REF_INTERP_ERROR,-1.0000,256,10,455,455,4.3956,41.68511009,5.983198e-05,0.04000000,0,-1.00000000
ecg_112,ecg,REF_VW_AREA,-1.0000,256,10,455,455,4.3956,41.70756951,5.952336e-05,0.05333333,0,-1.00000000
ecg_112,ecg,SPAN,0.0000,256,10,455,455,4.3956,41.68511009,5.983198e-05,0.04000000,0,-1.00000000
ecg_112,ecg,SPAN,0.2500,256,10,455,455,4.3956,41.86511035,5.740283e-05,0.03954545,0,-1.00000000
ecg_112,ecg,SPAN,0.5000,256,10,455,455,4.3956,42.18112789,5.337422e-05,0.03250000,0,-1.00000000
ecg_112,ecg,SPAN,0.7500,256,10,455,455,4.3956,41.88286341,5.716866e-05,0.04000000,0,-1.00000000
ecg_112,ecg,SPAN,1.0000,256,10,455,455,4.3956,41.70756951,5.952336e-05,0.05333333,0,-1.00000000
ecg_112,ecg,SPAN,1.2500,256,10,455,455,4.3956,41.36926676,6.434543e-05,0.06000000,0,-1.00000000
ecg_112,ecg,SPAN,1.5000,256,10,455,455,4.3956,40.71063999,7.488251e-05,0.06000000,0,-1.00000000
ecg_112,ecg,SPAN,2.0000,256,10,455,455,4.3956,40.66304289,7.570770e-05,0.06666667,0,-1.00000000
ecg_112,ecg,REF_INTERP_ERROR,-1.0000,256,20,355,355,5.6338,39.57646664,9.722942e-05,0.05444444,0,-1.00000000
ecg_112,ecg,REF_VW_AREA,-1.0000,256,20,355,355,5.6338,39.47472853,9.953401e-05,0.06000000,0,-1.00000000
ecg_112,ecg,SPAN,0.0000,256,20,355,355,5.6338,39.57646664,9.722942e-05,0.05444444,0,-1.00000000
ecg_112,ecg,SPAN,0.2500,256,20,355,355,5.6338,40.15663463,8.507088e-05,0.03833333,0,-1.00000000
ecg_112,ecg,SPAN,0.5000,256,20,355,355,5.6338,39.85496513,9.119013e-05,0.04181818,0,-1.00000000
ecg_112,ecg,SPAN,0.7500,256,20,355,355,5.6338,39.83016377,9.171238e-05,0.05000000,0,-1.00000000
ecg_112,ecg,SPAN,1.0000,256,20,355,355,5.6338,39.47472853,9.953401e-05,0.06000000,0,-1.00000000
ecg_112,ecg,SPAN,1.2500,256,20,355,355,5.6338,38.98176145,1.114983e-04,0.06000000,0,-1.00000000
ecg_112,ecg,SPAN,1.5000,256,20,355,355,5.6338,38.39972894,1.274886e-04,0.08500000,0,-1.00000000
ecg_112,ecg,SPAN,2.0000,256,20,355,355,5.6338,37.76702256,1.474830e-04,0.11500000,0,-1.00000000
ecg_112,ecg,REF_INTERP_ERROR,-1.0000,256,50,295,295,6.7797,38.58538060,1.221536e-04,0.04275000,0,-1.00000000
ecg_112,ecg,REF_VW_AREA,-1.0000,256,50,295,295,6.7797,38.30847438,1.301958e-04,0.08500000,0,-1.00000000
ecg_112,ecg,SPAN,0.0000,256,50,295,295,6.7797,38.58538060,1.221536e-04,0.04275000,0,-1.00000000
ecg_112,ecg,SPAN,0.2500,256,50,295,295,6.7797,38.45028788,1.260131e-04,0.05547619,0,-1.00000000
ecg_112,ecg,SPAN,0.5000,256,50,295,295,6.7797,38.99284718,1.112140e-04,0.04687500,0,-1.00000000
ecg_112,ecg,SPAN,0.7500,256,50,295,295,6.7797,38.56595367,1.227013e-04,0.06000000,0,-1.00000000
ecg_112,ecg,SPAN,1.0000,256,50,295,295,6.7797,38.30847438,1.301958e-04,0.08500000,0,-1.00000000
ecg_112,ecg,SPAN,1.2500,256,50,295,295,6.7797,37.54909650,1.550725e-04,0.08500000,0,-1.00000000
ecg_112,ecg,SPAN,1.5000,256,50,295,295,6.7797,36.87551513,1.810893e-04,0.11500000,0,-1.00000000
ecg_112,ecg,SPAN,2.0000,256,50,295,295,6.7797,35.50250672,2.484241e-04,0.15583333,0,-1.00000000
ecg_112,ecg,REF_INTERP_ERROR,-1.0000,256,100,275,275,7.2727,33.40419850,4.027398e-04,0.13327586,0,-1.00000000
ecg_112,ecg,REF_VW_AREA,-1.0000,256,100,275,275,7.2727,37.55236599,1.549558e-04,0.08500000,0,-1.00000000
ecg_112,ecg,SPAN,0.0000,256,100,275,275,7.2727,33.40419850,4.027398e-04,0.13327586,0,-1.00000000
ecg_112,ecg,SPAN,0.2500,256,100,275,275,7.2727,38.22380298,1.327590e-04,0.05547619,0,-1.00000000
ecg_112,ecg,SPAN,0.5000,256,100,275,275,7.2727,38.66106215,1.200434e-04,0.05240000,0,-1.00000000
ecg_112,ecg,SPAN,0.7500,256,100,275,275,7.2727,38.33264772,1.294731e-04,0.06000000,0,-1.00000000
ecg_112,ecg,SPAN,1.0000,256,100,275,275,7.2727,37.55236599,1.549558e-04,0.08500000,0,-1.00000000
ecg_112,ecg,SPAN,1.2500,256,100,275,275,7.2727,36.73389763,1.870917e-04,0.11500000,0,-1.00000000
ecg_112,ecg,SPAN,1.5000,256,100,275,275,7.2727,36.79211234,1.846006e-04,0.08500000,0,-1.00000000
ecg_112,ecg,SPAN,2.0000,256,100,275,275,7.2727,36.05819793,2.185871e-04,0.13000000,0,-1.00000000
ecg_112,ecg,REF_INTERP_ERROR,-1.0000,512,2,1511,1511,1.3236,59.32550673,1.030134e-06,0.00500000,0,-1.00000000
ecg_112,ecg,REF_VW_AREA,-1.0000,512,2,1511,1511,1.3236,58.60992217,1.214653e-06,0.00600000,0,-1.00000000
ecg_112,ecg,SPAN,0.0000,512,2,1511,1511,1.3236,59.32550673,1.030134e-06,0.00500000,0,-1.00000000
ecg_112,ecg,SPAN,0.2500,512,2,1511,1511,1.3236,59.18505571,1.063993e-06,0.00500000,0,-1.00000000
ecg_112,ecg,SPAN,0.5000,512,2,1511,1511,1.3236,59.16596457,1.068681e-06,0.00500000,0,-1.00000000
ecg_112,ecg,SPAN,0.7500,512,2,1511,1511,1.3236,59.14344617,1.074236e-06,0.00500000,0,-1.00000000
ecg_112,ecg,SPAN,1.0000,512,2,1511,1511,1.3236,58.60992217,1.214653e-06,0.00600000,0,-1.00000000
ecg_112,ecg,SPAN,1.2500,512,2,1511,1511,1.3236,57.91947083,1.423958e-06,0.00500000,0,-1.00000000
ecg_112,ecg,SPAN,1.5000,512,2,1511,1511,1.3236,57.91947083,1.423958e-06,0.00500000,0,-1.00000000
ecg_112,ecg,SPAN,2.0000,512,2,1511,1511,1.3236,57.91947083,1.423958e-06,0.00500000,0,-1.00000000
ecg_112,ecg,REF_INTERP_ERROR,-1.0000,512,3,1178,1178,1.6978,53.49869690,3.940712e-06,0.00833333,0,-1.00000000
ecg_112,ecg,REF_VW_AREA,-1.0000,512,3,1178,1178,1.6978,53.15817879,4.262128e-06,0.01000000,0,-1.00000000
ecg_112,ecg,SPAN,0.0000,512,3,1178,1178,1.6978,53.49869690,3.940712e-06,0.00833333,0,-1.00000000
ecg_112,ecg,SPAN,0.2500,512,3,1178,1178,1.6978,53.65720014,3.799482e-06,0.00833333,0,-1.00000000
ecg_112,ecg,SPAN,0.5000,512,3,1178,1178,1.6978,53.55386234,3.890972e-06,0.00750000,0,-1.00000000
ecg_112,ecg,SPAN,0.7500,512,3,1178,1178,1.6978,53.30451996,4.120903e-06,0.00833333,0,-1.00000000
ecg_112,ecg,SPAN,1.0000,512,3,1178,1178,1.6978,53.15817879,4.262128e-06,0.01000000,0,-1.00000000
ecg_112,ecg,SPAN,1.2500,512,3,1178,1178,1.6978,52.68703138,4.750521e-06,0.01000000,0,-1.00000000
ecg_112,ecg,SPAN,1.5000,512,3,1178,1178,1.6978,52.42338163,5.047847e-06,0.01000000,0,-1.00000000
ecg_112,ecg,SPAN,2.0000,512,3,1178,1178,1.6978,51.87216061,5.730972e-06,0.01125000,0,-1.00000000
ecg_112,ecg,REF_INTERP_ERROR,-1.0000,512,5,911,911,2.1954,49.93704217,8.948292e-06,0.01400000,0,-1.00000000
ecg_112,ecg,REF_VW_AREA,-1.0000,512,5,911,911,2.1954,49.63336151,9.596397e-06,0.01400000,0,-1.00000000
ecg_112,ecg,SPAN,0.0000,512,5,911,911,2.1954,49.93704217,8.948292e-06,0.01400000,0,-1.00000000
ecg_112,ecg,SPAN,0.2500,512,5,911,911,2.1954,49.99387792,8.831949e-06,0.01500000,0,-1.00000000
ecg_112,ecg,SPAN,0.5000,512,5,911,911,2.1954,50.01834423,8.782334e-06,0.01400000,0,-1.00000000
ecg_112,ecg,SPAN,0.7500,512,5,911,911,2.1954,49.88919463,9.047423e-06,0.01400000,0,-1.00000000
ecg_112,ecg,SPAN,1.0000,512,5,911,911,2.1954,49.63336151,9.596397e-06,0.01400000,0,-1.00000000
ecg_112,ecg,SPAN,1.2500,512,5,911,911,2.1954,49.47486380,9.953091e-06,0.01500000,0,-1.00000000
ecg_112,ecg,SPAN,1.5000,512,5,911,911,2.1954,49.29746114,1.036808e-05,0.01625000,0,-1.00000000
ecg_112,ecg,SPAN,2.0000,512,5,911,911,2.1954,48.17811376,1.341631e-05,0.02100000,0,-1.00000000
ecg_112,ecg,REF_INTERP_ERROR,-1.0000,512,10,711,711,2.8129,47.06654835,1.732964e-05,0.02000000,0,-1.00000000
ecg_112,ecg,REF_VW_AREA,-1.0000,512,10,711,711,2.8129,47.11945008,1.711983e-05,0.02000000,0,-1.00000000
ecg_112,ecg,SPAN,0.0000,512,10,711,711,2.8129,47.06654835,1.732964e-05,0.02000000,0,-1.00000000
ecg_112,ecg,SPAN,0.2500,512,10,711,711,2.8129,47.54613818,1.551781e-05,0.01625000,0,-1.00000000
ecg_112,ecg,SPAN,0.5000,512,10,711,711,2.8129,47.59821908,1.533283e-05,0.01687500,0,-1.00000000
ecg_112,ecg,SPAN,0.7500,512,10,711,711,2.8129,47.52487074,1.559399e-05,0.02000000,0,-1.00000000
ecg_112,ecg,SPAN,1.0000,512,10,711,711,2.8129,47.11945008,1.711983e-05,0.02000000,0,-1.00000000
ecg_112,ecg,SPAN,1.2500,512,10,711,711,2.8129,46.80155205,1.841998e-05,0.02500000,0,-1.00000000
ecg_112,ecg,SPAN,1.5000,512,10,711,711,2.8129,46.52077005,1.965022e-05,0.02750000,0,-1.00000000
ecg_112,ecg,SPAN,2.0000,512,10,711,711,2.8129,45.55845304,2.452444e-05,0.03500000,0,-1.00000000
ecg_112,ecg,REF_INTERP_ERROR,-1.0000,512,20,611,611,3.2733,45.15628877,2.690392e-05,0.03083333,0,-1.00000000
ecg_112,ecg,REF_VW_AREA,-1.0000,512,20,611,611,3.2733,45.88257910,2.276074e-05,0.02500000,0,-1.00000000
ecg_112,ecg,SPAN,0.0000,512,20,611,611,3.2733,45.15628877,2.690392e-05,0.03083333,0,-1.00000000
ecg_112,ecg,SPAN,0.2500,512,20,611,611,3.2733,46.22948615,2.101337e-05,0.02590909,0,-1.00000000
ecg_112,ecg,SPAN,0.5000,512,20,611,611,3.2733,46.37921733,2.030124e-05,0.01941176,0,-1.00000000
ecg_112,ecg,SPAN,0.7500,512,20,611,611,3.2733,46.26657460,2.083468e-05,0.02000000,0,-1.00000000
ecg_112,ecg,SPAN,1.0000,512,20,611,611,3.2733,45.88257910,2.276074e-05,0.02500000,0,-1.00000000
ecg_112,ecg,SPAN,1.2500,512,20,611,611,3.2733,45.61733058,2.419420e-05,0.02750000,0,-1.00000000
ecg_112,ecg,SPAN,1.5000,512,20,611,611,3.2733,45.01567407,2.778926e-05,0.03250000,0,-1.00000000
ecg_112,ecg,SPAN,2.0000,512,20,611,611,3.2733,44.11127229,3.422293e-05,0.04250000,0,-1.00000000
ecg_112,ecg,REF_INTERP_ERROR,-1.0000,512,50,551,551,3.6298,44.04540790,3.474590e-05,0.03750000,0,-1.00000000
ecg_112,ecg,REF_VW_AREA,-1.0000,512,50,551,551,3.6298,45.17752163,2.677270e-05,0.03000000,0,-1.00000000
ecg_112,ecg,SPAN,0.0000,512,50,551,551,3.6298,44.04540790,3.474590e-05,0.03750000,0,-1.00000000
ecg_112,ecg,SPAN,0.2500,512,50,551,551,3.6298,44.85085216,2.886417e-05,0.02590909,0,-1.00000000
ecg_112,ecg,SPAN,0.5000,512,50,551,551,3.6298,45.17798174,2.676987e-05,0.02500000,0,-1.00000000
ecg_112,ecg,SPAN,0.7500,512,50,551,551,3.6298,45.23522531,2.641933e-05,0.02500000,0,-1.00000000
ecg_112,ecg,SPAN,1.0000,512,50,551,551,3.6298,45.17752163,2.677270e-05,0.03000000,0,-1.00000000
ecg_112,ecg,SPAN,1.2500,512,50,551,551,3.6298,44.49715350,3.131331e-05,0.03250000,0,-1.00000000
ecg_112,ecg,SPAN,1.5000,512,50,551,551,3.6298,44.21167216,3.344084e-05,0.03500000,0,-1.00000000
ecg_112,ecg,SPAN,2.0000,512,50,551,551,3.6298,43.35140564,4.076654e-05,0.05000000,0,-1.00000000
ecg_112,ecg,REF_INTERP_ERROR,-1.0000,512,100,531,531,3.7665,43.92171116,3.574977e-05,0.03750000,0,-1.00000000
ecg_112,ecg,REF_VW_AREA,-1.0000,512,100,531,531,3.7665,44.74649228,2.956617e-05,0.03000000,0,-1.00000000
ecg_112,ecg,SPAN,0.0000,512,100,531,531,3.7665,43.92171116,3.574977e-05,0.03750000,0,-1.00000000
ecg_112,ecg,SPAN,0.2500,512,100,531,531,3.7665,44.35582229,3.234910e-05,0.03041667,0,-1.00000000
ecg_112,ecg,SPAN,0.5000,512,100,531,531,3.7665,45.21663199,2.653268e-05,0.02131579,0,-1.00000000
ecg_112,ecg,SPAN,0.7500,512,100,531,531,3.7665,45.02386991,2.773687e-05,0.02500000,0,-1.00000000
ecg_112,ecg,SPAN,1.0000,512,100,531,531,3.7665,44.74649228,2.956617e-05,0.03000000,0,-1.00000000
ecg_112,ecg,SPAN,1.2500,512,100,531,531,3.7665,44.44374660,3.170076e-05,0.03250000,0,-1.00000000
ecg_112,ecg,SPAN,1.5000,512,100,531,531,3.7665,43.84327302,3.640131e-05,0.04000000,0,-1.00000000
ecg_112,ecg,SPAN,2.0000,512,100,531,531,3.7665,43.11878130,4.300968e-05,0.05000000,0,-1.00000000
ecg_115,ecg,REF_INTERP_ERROR,-1.0000,32,2,1031,1031,1.9399,47.41099025,6.314474e-06,0.01250000,0,-1.00000000
ecg_115,ecg,REF_VW_AREA,-1.0000,32,2,1031,1031,1.9399,46.88796048,7.122626e-06,0.01500000,0,-1.00000000
ecg_115,ecg,SPAN,0.0000,32,2,1031,1031,1.9399,47.41099025,6.314474e-06,0.01250000,0,-1.00000000
ecg_115,ecg,SPAN,0.2500,32,2,1031,1031,1.9399,47.41844926,6.303638e-06,0.01250000,0,-1.00000000
ecg_115,ecg,SPAN,0.5000,32,2,1031,1031,1.9399,47.31314594,6.458351e-06,0.01166667,0,-1.00000000
ecg_115,ecg,SPAN,0.7500,32,2,1031,1031,1.9399,47.10125351,6.781267e-06,0.01500000,0,-1.00000000
ecg_115,ecg,SPAN,1.0000,32,2,1031,1031,1.9399,46.88796048,7.122626e-06,0.01500000,0,-1.00000000
ecg_115,ecg,SPAN,1.2500,32,2,1031,1031,1.9399,46.58350755,7.639861e-06,0.01750000,0,-1.00000000
ecg_115,ecg,SPAN,1.5000,32,2,1031,1031,1.9399,46.35542940,8.051806e-06,0.02250000,0,-1.00000000
ecg_115,ecg,SPAN,2.0000,32,2,1031,1031,1.9399,44.85211808,1.138215e-05,0.02833333,0,-1.00000000
ecg_115,ecg,REF_INTERP_ERROR,-1.0000,32,3,698,698,2.8653,42.93543896,1.769670e-05,0.01750000,0,-1.00000000
ecg_115,ecg,REF_VW_AREA,-1.0000,32,3,698,698,2.8653,41.68355864,2.360915e-05,0.03750000,0,-1.00000000
ecg_115,ecg,SPAN,0.0000,32,3,698,698,2.8653,42.93543896,1.769670e-05,0.01750000,0,-1.00000000
ecg_115,ecg,SPAN,0.2500,32,3,698,698,2.8653,42.88230208,1.791455e-05,0.01750000,0,-1.00000000
ecg_115,ecg,SPAN,0.5000,32,3,698,698,2.8653,42.52971807,1.942962e-05,0.02750000,0,-1.00000000
ecg_115,ecg,SPAN,0.7500,32,3,698,698,2.8653,41.98449787,2.202858e-05,0.03000000,0,-1.00000000
ecg_115,ecg,SPAN,1.0000,32,3,698,698,2.8653,41.68355864,2.360915e-05,0.03750000,0,-1.00000000
ecg_115,ecg,SPAN,1.2500,32,3,698,698,2.8653,41.11167495,2.693201e-05,0.03750000,0,-1.00000000
ecg_115,ecg,SPAN,1.5000,32,3,698,698,2.8653,40.77396874,2.910981e-05,0.05500000,0,-1.00000000
ecg_115,ecg,SPAN,2.0000,32,3,698,698,2.8653,39.44103424,3.956697e-05,0.07000000,0,-1.00000000
ecg_115,ecg,REF_INTERP_ERROR,-1.0000,32,5,431,431,4.6404,36.94009724,7.037631e-05,0.04000000,0,-1.00000000
ecg_115,ecg,REF_VW_AREA,-1.0000,32,5,431,431,4.6404,34.94636436,1.113781e-04,0.10750000,0,-1.00000000
ecg_115,ecg,SPAN,0.0000,32,5,431,431,4.6404,36.94009724,7.037631e-05,0.04000000,0,-1.00000000
ecg_115,ecg,SPAN,0.2500,32,5,431,431,4.6404,36.94139033,7.035536e-05,0.04000000,0,-1.00000000
ecg_115,ecg,SPAN,0.5000,32,5,431,431,4.6404,36.64225456,7.537213e-05,0.05166667,0,-1.00000000
ecg_115,ecg,SPAN,0.7500,32,5,431,431,4.6404,35.91875108,8.903507e-05,0.07750000,0,-1.00000000
ecg_115,ecg,SPAN,1.0000,32,5,431,431,4.6404,34.94636436,1.113781e-04,0.10750000,0,-1.00000000
ecg_115,ecg,SPAN,1.2500,32,5,431,431,4.6404,33.22395923,1.655924e-04,0.13750000,0,-1.00000000
ecg_115,ecg,SPAN,1.5000,32,5,431,431,4.6404,32.66634060,1.882791e-04,0.13750000,0,-1.00000000
ecg_115,ecg,SPAN,2.0000,32,5,431,431,4.6404,32.02436412,2.182729e-04,0.18250000,0,-1.00000000
ecg_115,ecg,REF_INTERP_ERROR,-1.0000,32,10,231,231,8.6580,31.97528553,2.207535e-04,0.08200000,0,-1.00000000
ecg_115,ecg,REF_VW_AREA,-1.0000,32,10,231,231,8.6580,29.90373177,3.556829e-04,0.14500000,0,-1.00000000
ecg_115,ecg,SPAN,0.0000,32,10,231,231,8.6580,31.97528553,2.207535e-04,0.08200000,0,-1.00000000
ecg_115,ecg,SPAN,0.2500,32,10,231,231,8.6580,32.11212111,2.139066e-04,0.08200000,0,-1.00000000
ecg_115,ecg,SPAN,0.5000,32,10,231,231,8.6580,32.08988863,2.150044e-04,0.11000000,0,-1.00000000
ecg_115,ecg,SPAN,0.7500,32,10,231,231,8.6580,30.59270251,3.035051e-04,0.14500000,0,-1.00000000
ecg_115,ecg,SPAN,1.0000,32,10,231,231,8.6580,29.90373177,3.556829e-04,0.14500000,0,-1.00000000
ecg_115,ecg,SPAN,1.2500,32,10,231,231,8.6580,29.02872820,4.350743e-04,0.18666667,0,-1.00000000
ecg_115,ecg,SPAN,1.5000,32,10,231,231,8.6580,27.43674983,6.277132e-04,0.23000000,0,-1.00000000
ecg_115,ecg,SPAN,2.0000,32,10,231,231,8.6580,25.27438017,1.032757e-03,0.32600000,0,-1.00000000
ecg_115,ecg,REF_INTERP_ERROR,-1.0000,32,20,131,131,15.2672,26.64804636,7.527168e-04,0.13811224,0,-1.00000000
ecg_115,ecg,REF_VW_AREA,-1.0000,32,20,131,131,15.2672,23.88669003,1.421567e-03,0.37625000,0,-1.00000000
ecg_115,ecg,SPAN,0.0000,32,20,131,131,15.2672,26.64804636,7.527168e-04,0.13811224,0,-1.00000000
ecg_115,ecg,SPAN,0.2500,32,20,131,131,15.2672,28.44588764,4.975623e-04,0.12500000,0,-1.00000000
ecg_115,ecg,SPAN,0.5000,32,20,131,131,15.2672,27.15228403,6.702052e-04,0.17937500,0,-1.00000000
ecg_115,ecg,SPAN,0.7500,32,20,131,131,15.2672,26.38205716,8.002589e-04,0.23000000,0,-1.00000000
ecg_115,ecg,SPAN,1.0000,32,20,131,131,15.2672,23.88669003,1.421567e-03,0.37625000,0,-1.00000000
ecg_115,ecg,SPAN,1.2500,32,20,131,131,15.2672,20.05095848,3.438273e-03,0.58525000,0,-1.00000000
ecg_115,ecg,SPAN,1.5000,32,20,131,131,15.2672,19.85723412,3.595115e-03,0.57750000,0,-1.00000000
ecg_115,ecg,SPAN,2.0000,32,20,131,131,15.2672,17.80111429,5.771980e-03,0.79500000,0,-1.00000000
ecg_115,ecg,REF_INTERP_ERROR,-1.0000,32,50,71,71,28.1690,16.19954276,8.346068e-03,0.72350000,0,-1.00000000
ecg_115,ecg,REF_VW_AREA,-1.0000,32,50,71,71,28.1690,11.11304268,2.692353e-02,2.27605263,0,-1.00000000
ecg_115,ecg,SPAN,0.0000,32,50,71,71,28.1690,16.19954276,8.346068e-03,0.72350000,0,-1.00000000
ecg_115,ecg,SPAN,0.2500,32,50,71,71,28.1690,18.47145559,4.946416e-03,0.57775862,0,-1.00000000
ecg_115,ecg,SPAN,0.5000,32,50,71,71,28.1690,17.54987345,6.115738e-03,0.74437500,0,-1.00000000
ecg_115,ecg,SPAN,0.7500,32,50,71,71,28.1690,11.80346801,2.296621e-02,2.27605263,0,-1.00000000
ecg_115,ecg,SPAN,1.0000,32,50,71,71,28.1690,11.11304268,2.692353e-02,2.27605263,0,-1.00000000
ecg_115,ecg,SPAN,1.2500,32,50,71,71,28.1690,10.24037807,3.291534e-02,2.18000000,0,-1.00000000
ecg_115,ecg,SPAN,1.5000,32,50,71,71,28.1690,10.23540957,3.295302e-02,1.78033333,0,-1.00000000
ecg_115,ecg,SPAN,2.0000,32,50,71,71,28.1690,7.67494334,5.942126e-02,2.58328125,0,-1.00000000
ecg_115,ecg,REF_INTERP_ERROR,-1.0000,32,100,51,51,39.2157,11.14316637,2.673743e-02,0.84743590,0,-1.00000000
ecg_115,ecg,REF_VW_AREA,-1.0000,32,100,51,51,39.2157,9.96057966,3.510575e-02,1.69887755,0,-1.00000000
ecg_115,ecg,SPAN,0.0000,32,100,51,51,39.2157,11.14316637,2.673743e-02,0.84743590,0,-1.00000000
ecg_115,ecg,SPAN,0.2500,32,100,51,51,39.2157,14.02304564,1.377627e-02,0.69753165,0,-1.00000000
ecg_115,ecg,SPAN,0.5000,32,100,51,51,39.2157,12.61885098,1.903492e-02,0.88639344,0,-1.00000000
ecg_115,ecg,SPAN,0.7500,32,100,51,51,39.2157,10.54570092,3.068076e-02,2.27605263,0,-1.00000000
ecg_115,ecg,SPAN,1.0000,32,100,51,51,39.2157,9.96057966,3.510575e-02,1.69887755,0,-1.00000000
ecg_115,ecg,SPAN,1.2500,32,100,51,51,39.2157,6.38481900,7.997501e-02,2.74373134,0,-1.00000000
ecg_115,ecg,SPAN,1.5000,32,100,51,51,39.2157,5.73559894,9.287019e-02,2.85659722,0,-1.00000000
ecg_115,ecg,SPAN,2.0000,32,100,51,51,39.2157,4.63925153,1.195394e-01,2.80280702,0,-1.00000000
ecg_115,ecg,REF_INTERP_ERROR,-1.0000,64,2,1063,1063,1.8815,48.52761979,4.882860e-06,0.00900000,0,-1.00000000
ecg_115,ecg,REF_VW_AREA,-1.0000,64,2,1063,1063,1.8815,47.77202989,5.810764e-06,0.01250000,0,-1.00000000
ecg_115,ecg,SPAN,0.0000,64,2,1063,1063,1.8815,48.52761979,4.882860e-06,0.00900000,0,-1.00000000
ecg_115,ecg,SPAN,0.2500,64,2,1063,1063,1.8815,48.27695531,5.172979e-06,0.01000000,0,-1.00000000
ecg_115,ecg,SPAN,0.5000,64,2,1063,1063,1.8815,48.14328648,5.334670e-06,0.01166667,0,-1.00000000
ecg_115,ecg,SPAN,0.7500,64,2,1063,1063,1.8815,47.95189994,5.575017e-06,0.01250000,0,-1.00000000
ecg_115,ecg,SPAN,1.0000,64,2,1063,1063,1.8815,47.77202989,5.810764e-06,0.01250000,0,-1.00000000
ecg_115,ecg,SPAN,1.2500,64,2,1063,1063,1.8815,47.54468018,6.123056e-06,0.01250000,0,-1.00000000
ecg_115,ecg,SPAN,1.5000,64,2,1063,1063,1.8815,47.40704824,6.320208e-06,0.01250000,0,-1.00000000
ecg_115,ecg,SPAN,2.0000,64,2,1063,1063,1.8815,46.40384879,7.962535e-06,0.01750000,0,-1.00000000
ecg_115,ecg,REF_INTERP_ERROR,-1.0000,64,3,730,730,2.7397,43.55347627,1.534930e-05,0.01357143,0,-1.00000000
ecg_115,ecg,REF_VW_AREA,-1.0000,64,3,730,730,2.7397,42.69553315,1.870178e-05,0.02100000,0,-1.00000000
ecg_115,ecg,SPAN,0.0000,64,3,730,730,2.7397,43.55347627,1.534930e-05,0.01357143,0,-1.00000000
ecg_115,ecg,SPAN,0.2500,64,3,730,730,2.7397,43.54534699,1.537806e-05,0.01500000,0,-1.00000000
ecg_115,ecg,SPAN,0.5000,64,3,730,730,2.7397,43.29437845,1.629290e-05,0.01714286,0,-1.00000000
ecg_115,ecg,SPAN,0.7500,64,3,730,730,2.7397,43.17385805,1.675137e-05,0.01750000,0,-1.00000000
ecg_115,ecg,SPAN,1.0000,64,3,730,730,2.7397,42.69553315,1.870178e-05,0.02100000,0,-1.00000000
ecg_115,ecg,SPAN,1.2500,64,3,730,730,2.7397,42.30391154,2.046657e-05,0.02300000,0,-1.00000000
ecg_115,ecg,SPAN,1.5000,64,3,730,730,2.7397,42.04732968,2.171217e-05,0.03000000,0,-1.00000000
ecg_115,ecg,SPAN,2.0000,64,3,730,730,2.7397,41.10148458,2.699528e-05,0.04250000,0,-1.00000000
ecg_115,ecg,REF_INTERP_ERROR,-1.0000,64,5,463,463,4.3197,37.96222715,5.561776e-05,0.03071429,0,-1.00000000
ecg_115,ecg,REF_VW_AREA,-1.0000,64,5,463,463,4.3197,37.48185788,6.212272e-05,0.06333333,0,-1.00000000
ecg_115,ecg,SPAN,0.0000,64,5,463,463,4.3197,37.96222715,5.561776e-05,0.03071429,0,-1.00000000
ecg_115,ecg,SPAN,0.2500,64,5,463,463,4.3197,38.54085801,4.867998e-05,0.03700000,0,-1.00000000
ecg_115,ecg,SPAN,0.5000,64,5,463,463,4.3197,38.16855611,5.303720e-05,0.04000000,0,-1.00000000
ecg_115,ecg,SPAN,0.7500,64,5,463,463,4.3197,38.10146643,5.386288e-05,0.04750000,0,-1.00000000
ecg_115,ecg,SPAN,1.0000,64,5,463,463,4.3197,37.48185788,6.212272e-05,0.06333333,0,-1.00000000
ecg_115,ecg,SPAN,1.2500,64,5,463,463,4.3197,36.64804605,7.527168e-05,0.08250000,0,-1.00000000
ecg_115,ecg,SPAN,1.5000,64,5,463,463,4.3197,35.18938518,1.053168e-04,0.10750000,0,-1.00000000
ecg_115,ecg,SPAN,2.0000,64,5,463,463,4.3197,33.30772155,1.624292e-04,0.13750000,0,-1.00000000
ecg_115,ecg,REF_INTERP_ERROR,-1.0000,64,10,263,263,7.6046,33.20207138,1.664290e-04,0.04352941,0,-1.00000000
ecg_115,ecg,REF_VW_AREA,-1.0000,64,10,263,263,7.6046,30.71670567,2.949617e-04,0.13250000,0,-1.00000000
ecg_115,ecg,SPAN,0.0000,64,10,263,263,7.6046,33.20207138,1.664290e-04,0.04352941,0,-1.00000000
ecg_115,ecg,SPAN,0.2500,64,10,263,263,7.6046,32.69066616,1.872275e-04,0.08200000,0,-1.00000000
ecg_115,ecg,SPAN,0.5000,64,10,263,263,7.6046,32.43937806,1.983802e-04,0.11000000,0,-1.00000000
ecg_115,ecg,SPAN,0.7500,64,10,263,263,7.6046,31.67572020,2.365180e-04,0.11000000,0,-1.00000000
ecg_115,ecg,SPAN,1.0000,64,10,263,263,7.6046,30.71670567,2.949617e-04,0.13250000,0,-1.00000000
ecg_115,ecg,SPAN,1.2500,64,10,263,263,7.6046,29.51961978,3.885744e-04,0.18250000,0,-1.00000000
ecg_115,ecg,SPAN,1.5000,64,10,263,263,7.6046,27.83553090,5.726419e-04,0.23000000,0,-1.00000000
ecg_115,ecg,SPAN,2.0000,64,10,263,263,7.6046,26.25270516,8.244526e-04,0.29100000,0,-1.00000000
ecg_115,ecg,REF_INTERP_ERROR,-1.0000,64,20,163,163,12.2699,29.14742033,4.233448e-04,0.12281250,0,-1.00000000
ecg_115,ecg,REF_VW_AREA,-1.0000,64,20,163,163,12.2699,25.07522423,1.081219e-03,0.37625000,0,-1.00000000
ecg_115,ecg,SPAN,0.0000,64,20,163,163,12.2699,29.14742033,4.233448e-04,0.12281250,0,-1.00000000
ecg_115,ecg,SPAN,0.2500,64,20,163,163,12.2699,29.50530813,3.898571e-04,0.12900000,0,-1.00000000
ecg_115,ecg,SPAN,0.5000,64,20,163,163,12.2699,29.07116642,4.308435e-04,0.14750000,0,-1.00000000
ecg_115,ecg,SPAN,0.7500,64,20,163,163,12.2699,27.89731918,5.645525e-04,0.23000000,0,-1.00000000
ecg_115,ecg,SPAN,1.0000,64,20,163,163,12.2699,25.07522423,1.081219e-03,0.37625000,0,-1.00000000
ecg_115,ecg,SPAN,1.2500,64,20,163,163,12.2699,24.55639678,1.218419e-03,0.35055556,0,-1.00000000
ecg_115,ecg,SPAN,1.5000,64,20,163,163,12.2699,22.11493586,2.137680e-03,0.49125000,0,-1.00000000
ecg_115,ecg,SPAN,2.0000,64,20,163,163,12.2699,21.86886893,2.262295e-03,0.62200000,0,-1.00000000
ecg_115,ecg,REF_INTERP_ERROR,-1.0000,64,50,103,103,19.4175,20.61449054,3.019862e-03,0.20785714,0,-1.00000000
ecg_115,ecg,REF_VW_AREA,-1.0000,64,50,103,103,19.4175,20.47506686,3.118384e-03,0.74437500,0,-1.00000000
ecg_115,ecg,SPAN,0.0000,64,50,103,103,19.4175,20.61449054,3.019862e-03,0.20785714,0,-1.00000000
ecg_115,ecg,SPAN,0.2500,64,50,103,103,19.4175,24.20637703,1.320683e-03,0.20785714,0,-1.00000000
ecg_115,ecg,SPAN,0.5000,64,50,103,103,19.4175,23.15732269,1.681527e-03,0.42750000,0,-1.00000000
ecg_115,ecg,SPAN,0.7500,64,50,103,103,19.4175,21.53347465,2.443930e-03,0.42750000,0,-1.00000000
ecg_115,ecg,SPAN,1.0000,64,50,103,103,19.4175,20.47506686,3.118384e-03,0.74437500,0,-1.00000000
ecg_115,ecg,SPAN,1.2500,64,50,103,103,19.4175,18.27803417,5.171694e-03,0.66833333,0,-1.00000000
ecg_115,ecg,SPAN,1.5000,64,50,103,103,19.4175,18.79322970,4.593178e-03,0.60214286,0,-1.00000000
ecg_115,ecg,SPAN,2.0000,64,50,103,103,19.4175,16.05533944,8.627844e-03,1.04000000,0,-1.00000000
ecg_115,ecg,REF_INTERP_ERROR,-1.0000,64,100,83,83,24.0964,19.61407660,3.802144e-03,0.19467105,0,-1.00000000
ecg_115,ecg,REF_VW_AREA,-1.0000,64,100,83,83,24.0964,16.83876960,7.203760e-03,0.68330645,0,-1.00000000
ecg_115,ecg,SPAN,0.0000,64,100,83,83,24.0964,19.61407660,3.802144e-03,0.19467105,0,-1.00000000
ecg_115,ecg,SPAN,0.2500,64,100,83,83,24.0964,22.09602230,2.147010e-03,0.31357143,0,-1.00000000
ecg_115,ecg,SPAN,0.5000,64,100,83,83,24.0964,17.47528858,6.221676e-03,0.68330645,0,-1.00000000
ecg_115,ecg,SPAN,0.7500,64,100,83,83,24.0964,16.99498414,6.949248e-03,0.68330645,0,-1.00000000
ecg_115,ecg,SPAN,1.0000,64,100,83,83,24.0964,16.83876960,7.203760e-03,0.68330645,0,-1.00000000
ecg_115,ecg,SPAN,1.2500,64,100,83,83,24.0964,15.17433143,1.056825e-02,0.85600000,0,-1.00000000
ecg_115,ecg,SPAN,1.5000,64,100,83,83,24.0964,14.22538855,1.314914e-02,1.02187500,0,-1.00000000
ecg_115,ecg,SPAN,2.0000,64,100,83,83,24.0964,9.64148918,3.778221e-02,2.29400000,0,-1.00000000
ecg_115,ecg,REF_INTERP_ERROR,-1.0000,128,2,1127,1127,1.7746,49.20195520,4.180620e-06,0.00833333,0,-1.00000000
ecg_115,ecg,REF_VW_AREA,-1.0000,128,2,1127,1127,1.7746,48.56606435,4.839826e-06,0.01000000,0,-1.00000000
ecg_115,ecg,SPAN,0.0000,128,2,1127,1127,1.7746,49.20195520,4.180620e-06,0.00833333,0,-1.00000000
ecg_115,ecg,SPAN,0.2500,128,2,1127,1127,1.7746,48.97244631,4.407493e-06,0.00833333,0,-1.00000000
ecg_115,ecg,SPAN,0.5000,128,2,1127,1127,1.7746,48.97122456,4.408733e-06,0.01000000,0,-1.00000000
ecg_115,ecg,SPAN,0.7500,128,2,1127,1127,1.7746,48.73479281,4.655399e-06,0.01000000,0,-1.00000000
ecg_115,ecg,SPAN,1.0000,128,2,1127,1127,1.7746,48.56606435,4.839826e-06,0.01000000,0,-1.00000000
ecg_115,ecg,SPAN,1.2500,128,2,1127,1127,1.7746,48.37485419,5.057674e-06,0.01000000,0,-1.00000000
ecg_115,ecg,SPAN,1.5000,128,2,1127,1127,1.7746,48.19514022,5.271354e-06,0.01000000,0,-1.00000000
ecg_115,ecg,SPAN,2.0000,128,2,1127,1127,1.7746,47.00831387,6.927951e-06,0.01375000,0,-1.00000000
ecg_115,ecg,REF_INTERP_ERROR,-1.0000,128,3,794,794,2.5189,44.01667017,1.379651e-05,0.01285714,0,-1.00000000
ecg_115,ecg,REF_VW_AREA,-1.0000,128,3,794,794,2.5189,43.27295497,1.637347e-05,0.02100000,0,-1.00000000
ecg_115,ecg,SPAN,0.0000,128,3,794,794,2.5189,44.01667017,1.379651e-05,0.01285714,0,-1.00000000
ecg_115,ecg,SPAN,0.2500,128,3,794,794,2.5189,44.06868350,1.363226e-05,0.01500000,0,-1.00000000
ecg_115,ecg,SPAN,0.5000,128,3,794,794,2.5189,43.94416398,1.402878e-05,0.01500000,0,-1.00000000
ecg_115,ecg,SPAN,0.7500,128,3,794,794,2.5189,43.55664531,1.533810e-05,0.01750000,0,-1.00000000
ecg_115,ecg,SPAN,1.0000,128,3,794,794,2.5189,43.27295497,1.637347e-05,0.02100000,0,-1.00000000
ecg_115,ecg,SPAN,1.2500,128,3,794,794,2.5189,42.92917797,1.772223e-05,0.02100000,0,-1.00000000
ecg_115,ecg,SPAN,1.5000,128,3,794,794,2.5189,42.55419043,1.932045e-05,0.02250000,0,-1.00000000
ecg_115,ecg,SPAN,2.0000,128,3,794,794,2.5189,41.79393931,2.301666e-05,0.03250000,0,-1.00000000
ecg_115,ecg,REF_INTERP_ERROR,-1.0000,128,5,527,527,3.7951,39.37300264,4.019166e-05,0.02764706,0,-1.00000000
ecg_115,ecg,REF_VW_AREA,-1.0000,128,5,527,527,3.7951,38.71349232,4.678288e-05,0.06333333,0,-1.00000000
ecg_115,ecg,SPAN,0.0000,128,5,527,527,3.7951,39.37300264,4.019166e-05,0.02764706,0,-1.00000000
ecg_115,ecg,SPAN,0.2500,128,5,527,527,3.7951,39.48856405,3.913630e-05,0.03300000,0,-1.00000000
ecg_115,ecg,SPAN,0.5000,128,5,527,527,3.7951,39.38932398,4.004090e-05,0.03750000,0,-1.00000000
ecg_115,ecg,SPAN,0.7500,128,5,527,527,3.7951,39.28340089,4.102949e-05,0.04250000,0,-1.00000000
ecg_115,ecg,SPAN,1.0000,128,5,527,527,3.7951,38.71349232,4.678288e-05,0.06333333,0,-1.00000000
ecg_115,ecg,SPAN,1.2500,128,5,527,527,3.7951,38.65551779,4.741158e-05,0.06333333,0,-1.00000000
ecg_115,ecg,SPAN,1.5000,128,5,527,527,3.7951,37.23367308,6.577622e-05,0.08250000,0,-1.00000000
ecg_115,ecg,SPAN,2.0000,128,5,527,527,3.7951,34.18988670,1.325707e-04,0.13750000,0,-1.00000000
ecg_115,ecg,REF_INTERP_ERROR,-1.0000,128,10,327,327,6.1162,33.83723377,1.437848e-04,0.08200000,0,-1.00000000
ecg_115,ecg,REF_VW_AREA,-1.0000,128,10,327,327,6.1162,32.08670033,2.151623e-04,0.11750000,0,-1.00000000
ecg_115,ecg,SPAN,0.0000,128,10,327,327,6.1162,33.83723377,1.437848e-04,0.08200000,0,-1.00000000
ecg_115,ecg,SPAN,0.2500,128,10,327,327,6.1162,34.90635364,1.124089e-04,0.03750000,0,-1.00000000
ecg_115,ecg,SPAN,0.5000,128,10,327,327,6.1162,33.92295305,1.409746e-04,0.08200000,0,-1.00000000
ecg_115,ecg,SPAN,0.7500,128,10,327,327,6.1162,33.23864712,1.650333e-04,0.09500000,0,-1.00000000
ecg_115,ecg,SPAN,1.0000,128,10,327,327,6.1162,32.08670033,2.151623e-04,0.11750000,0,-1.00000000
ecg_115,ecg,SPAN,1.2500,128,10,327,327,6.1162,31.25346802,2.606690e-04,0.13750000,0,-1.00000000
ecg_115,ecg,SPAN,1.5000,128,10,327,327,6.1162,30.82194008,2.879004e-04,0.13750000,0,-1.00000000
ecg_115,ecg,SPAN,2.0000,128,10,327,327,6.1162,28.87690934,4.505524e-04,0.21833333,0,-1.00000000
ecg_115,ecg,REF_INTERP_ERROR,-1.0000,128,20,227,227,8.8106,31.43783656,2.498346e-04,0.07750000,0,-1.00000000
ecg_115,ecg,REF_VW_AREA,-1.0000,128,20,227,227,8.8106,28.86672709,4.516100e-04,0.20000000,0,-1.00000000
ecg_115,ecg,SPAN,0.0000,128,20,227,227,8.8106,31.43783656,2.498346e-04,0.07750000,0,-1.00000000
ecg_115,ecg,SPAN,0.2500,128,20,227,227,8.8106,31.19004549,2.645037e-04,0.12281250,0,-1.00000000
ecg_115,ecg,SPAN,0.5000,128,20,227,227,8.8106,30.64308879,3.000042e-04,0.12281250,0,-1.00000000
ecg_115,ecg,SPAN,0.7500,128,20,227,227,8.8106,29.76367157,3.673407e-04,0.13700000,0,-1.00000000
ecg_115,ecg,SPAN,1.0000,128,20,227,227,8.8106,28.86672709,4.516100e-04,0.20000000,0,-1.00000000
ecg_115,ecg,SPAN,1.2500,128,20,227,227,8.8106,28.16499021,5.308077e-04,0.20785714,0,-1.00000000
ecg_115,ecg,SPAN,1.5000,128,20,227,227,8.8106,27.82868247,5.735456e-04,0.23000000,0,-1.00000000
ecg_115,ecg,SPAN,2.0000,128,20,227,227,8.8106,26.16867445,8.405601e-04,0.37625000,0,-1.00000000
ecg_115,ecg,REF_INTERP_ERROR,-1.0000,128,50,167,167,11.9760,29.27192543,4.113805e-04,0.09034483,0,-1.00000000
ecg_115,ecg,REF_VW_AREA,-1.0000,128,50,167,167,11.9760,27.60184561,6.042987e-04,0.20192308,0,-1.00000000
ecg_115,ecg,SPAN,0.0000,128,50,167,167,11.9760,29.27192543,4.113805e-04,0.09034483,0,-1.00000000
ecg_115,ecg,SPAN,0.2500,128,50,167,167,11.9760,30.01801511,3.464453e-04,0.10875000,0,-1.00000000
ecg_115,ecg,SPAN,0.5000,128,50,167,167,11.9760,29.61617271,3.800309e-04,0.10875000,0,-1.00000000
ecg_115,ecg,SPAN,0.7500,128,50,167,167,11.9760,28.54700380,4.861114e-04,0.14100000,0,-1.00000000
ecg_115,ecg,SPAN,1.0000,128,50,167,167,11.9760,27.60184561,6.042987e-04,0.20192308,0,-1.00000000
ecg_115,ecg,SPAN,1.2500,128,50,167,167,11.9760,25.38613580,1.006521e-03,0.37625000,0,-1.00000000
ecg_115,ecg,SPAN,1.5000,128,50,167,167,11.9760,25.73680549,9.284439e-04,0.37625000,0,-1.00000000
ecg_115,ecg,SPAN,2.0000,128,50,167,167,11.9760,23.36322892,1.603664e-03,0.48666667,0,-1.00000000
ecg_115,ecg,REF_INTERP_ERROR,-1.0000,128,100,147,147,13.6054,23.11358931,1.698546e-03,0.15359649,0,-1.00000000
ecg_115,ecg,REF_VW_AREA,-1.0000,128,100,147,147,13.6054,26.34853744,8.064593e-04,0.23000000,0,-1.00000000
ecg_115,ecg,SPAN,0.0000,128,100,147,147,13.6054,23.11358931,1.698546e-03,0.15359649,0,-1.00000000
ecg_115,ecg,SPAN,0.2500,128,100,147,147,13.6054,25.26656659,1.034617e-03,0.15428571,0,-1.00000000
ecg_115,ecg,SPAN,0.5000,128,100,147,147,13.6054,26.65970768,7.506983e-04,0.15428571,0,-1.00000000
ecg_115,ecg,SPAN,0.7500,128,100,147,147,13.6054,27.78676196,5.791086e-04,0.20000000,0,-1.00000000
ecg_115,ecg,SPAN,1.0000,128,100,147,147,13.6054,26.34853744,8.064593e-04,0.23000000,0,-1.00000000
ecg_115,ecg,SPAN,1.2500,128,100,147,147,13.6054,25.44601267,9.927387e-04,0.37625000,0,-1.00000000
ecg_115,ecg,SPAN,1.5000,128,100,147,147,13.6054,23.65628790,1.499020e-03,0.43000000,0,-1.00000000
ecg_115,ecg,SPAN,2.0000,128,100,147,147,13.6054,20.63004688,3.009065e-03,0.66833333,0,-1.00000000
ecg_115,ecg,REF_INTERP_ERROR,-1.0000,256,2,1255,1255,1.5936,50.65611955,2.991054e-06,0.00642857,0,-1.00000000
ecg_115,ecg,REF_VW_AREA,-1.0000,256,2,1255,1255,1.5936,50.06199255,3.429549e-06,0.01000000,0,-1.00000000
ecg_115,ecg,SPAN,0.0000,256,2,1255,1255,1.5936,50.65611955,2.991054e-06,0.00642857,0,-1.00000000
ecg_115,ecg,SPAN,0.2500,256,2,1255,1255,1.5936,50.31698135,3.233986e-06,0.00833333,0,-1.00000000
ecg_115,ecg,SPAN,0.5000,256,2,1255,1255,1.5936,50.29091433,3.253455e-06,0.00750000,0,-1.00000000
ecg_115,ecg,SPAN,0.7500,256,2,1255,1255,1.5936,50.10985265,3.391962e-06,0.00750000,0,-1.00000000
ecg_115,ecg,SPAN,1.0000,256,2,1255,1255,1.5936,50.06199255,3.429549e-06,0.01000000,0,-1.00000000
ecg_115,ecg,SPAN,1.2500,256,2,1255,1255,1.5936,49.75936847,3.677049e-06,0.01000000,0,-1.00000000
ecg_115,ecg,SPAN,1.5000,256,2,1255,1255,1.5936,49.60076090,3.813819e-06,0.01000000,0,-1.00000000
ecg_115,ecg,SPAN,2.0000,256,2,1255,1255,1.5936,48.52500657,4.885799e-06,0.01000000,0,-1.00000000
ecg_115,ecg,REF_INTERP_ERROR,-1.0000,256,3,922,922,2.1692,45.36436079,1.011580e-05,0.01142857,0,-1.00000000
ecg_115,ecg,REF_VW_AREA,-1.0000,256,3,922,922,2.1692,44.45318826,1.247721e-05,0.01750000,0,-1.00000000
ecg_115,ecg,SPAN,0.0000,256,3,922,922,2.1692,45.36436079,1.011580e-05,0.01142857,0,-1.00000000
ecg_115,ecg,SPAN,0.2500,256,3,922,922,2.1692,45.67225797,9.423461e-06,0.01142857,0,-1.00000000
ecg_115,ecg,SPAN,0.5000,256,3,922,922,2.1692,45.21324177,1.047399e-05,0.01333333,0,-1.00000000
ecg_115,ecg,SPAN,0.7500,256,3,922,922,2.1692,44.85748862,1.136809e-05,0.01714286,0,-1.00000000
ecg_115,ecg,SPAN,1.0000,256,3,922,922,2.1692,44.45318826,1.247721e-05,0.01750000,0,-1.00000000
ecg_115,ecg,SPAN,1.2500,256,3,922,922,2.1692,44.02846279,1.375910e-05,0.01833333,0,-1.00000000
ecg_115,ecg,SPAN,1.5000,256,3,922,922,2.1692,43.82882804,1.440633e-05,0.02125000,0,-1.00000000
ecg_115,ecg,SPAN,2.0000,256,3,922,922,2.1692,43.21049402,1.661066e-05,0.02750000,0,-1.00000000
ecg_115,ecg,REF_INTERP_ERROR,-1.0000,256,5,655,655,3.0534,41.50006722,2.462802e-05,0.01800000,0,-1.00000000
ecg_115,ecg,REF_VW_AREA,-1.0000,256,5,655,655,3.0534,40.94924259,2.795838e-05,0.03300000,0,-1.00000000
ecg_115,ecg,SPAN,0.0000,256,5,655,655,3.0534,41.50006722,2.462802e-05,0.01800000,0,-1.00000000
ecg_115,ecg,SPAN,0.2500,256,5,655,655,3.0534,41.77619193,2.311091e-05,0.01772727,0,-1.00000000
ecg_115,ecg,SPAN,0.5000,256,5,655,655,3.0534,41.85982032,2.267014e-05,0.02000000,0,-1.00000000
ecg_115,ecg,SPAN,0.7500,256,5,655,655,3.0534,41.43731985,2.498643e-05,0.02900000,0,-1.00000000
ecg_115,ecg,SPAN,1.0000,256,5,655,655,3.0534,40.94924259,2.795838e-05,0.03300000,0,-1.00000000
ecg_115,ecg,SPAN,1.2500,256,5,655,655,3.0534,40.48473902,3.111446e-05,0.04250000,0,-1.00000000
ecg_115,ecg,SPAN,1.5000,256,5,655,655,3.0534,40.03654762,3.449701e-05,0.05000000,0,-1.00000000
ecg_115,ecg,SPAN,2.0000,256,5,655,655,3.0534,38.33346405,5.106106e-05,0.08250000,0,-1.00000000
ecg_115,ecg,REF_INTERP_ERROR,-1.0000,256,10,455,455,4.3956,37.26092537,6.536476e-05,0.03200000,0,-1.00000000
ecg_115,ecg,REF_VW_AREA,-1.0000,256,10,455,455,4.3956,35.89698915,8.948233e-05,0.08250000,0,-1.00000000
ecg_115,ecg,SPAN,0.0000,256,10,455,455,4.3956,37.26092537,6.536476e-05,0.03200000,0,-1.00000000
ecg_115,ecg,SPAN,0.2500,256,10,455,455,4.3956,37.59109855,6.057959e-05,0.03000000,0,-1.00000000
ecg_115,ecg,SPAN,0.5000,256,10,455,455,4.3956,37.37774842,6.362992e-05,0.04250000,0,-1.00000000
ecg_115,ecg,SPAN,0.7500,256,10,455,455,4.3956,36.94136881,7.035571e-05,0.06333333,0,-1.00000000
ecg_115,ecg,SPAN,1.0000,256,10,455,455,4.3956,35.89698915,8.948233e-05,0.08250000,0,-1.00000000
ecg_115,ecg,SPAN,1.2500,256,10,455,455,4.3956,34.80030644,1.151876e-04,0.10750000,0,-1.00000000
ecg_115,ecg,SPAN,1.5000,256,10,455,455,4.3956,33.52396292,1.545397e-04,0.13250000,0,-1.00000000
ecg_115,ecg,SPAN,2.0000,256,10,455,455,4.3956,32.79210084,1.829052e-04,0.13750000,0,-1.00000000
ecg_115,ecg,REF_INTERP_ERROR,-1.0000,256,20,355,355,5.6338,34.51296335,1.230665e-04,0.04460000,0,-1.00000000
ecg_115,ecg,REF_VW_AREA,-1.0000,256,20,355,355,5.6338,33.51495966,1.548604e-04,0.10875000,0,-1.00000000
ecg_115,ecg,SPAN,0.0000,256,20,355,355,5.6338,34.51296335,1.230665e-04,0.04460000,0,-1.00000000
ecg_115,ecg,SPAN,0.2500,256,20,355,355,5.6338,35.24823348,1.038994e-04,0.04185185,0,-1.00000000
ecg_115,ecg,SPAN,0.5000,256,20,355,355,5.6338,35.02704972,1.093280e-04,0.06333333,0,-1.00000000
ecg_115,ecg,SPAN,0.7500,256,20,355,355,5.6338,34.89324043,1.127489e-04,0.07875000,0,-1.00000000
ecg_115,ecg,SPAN,1.0000,256,20,355,355,5.6338,33.51495966,1.548604e-04,0.10875000,0,-1.00000000
ecg_115,ecg,SPAN,1.2500,256,20,355,355,5.6338,31.95883276,2.215914e-04,0.13750000,0,-1.00000000
ecg_115,ecg,SPAN,1.5000,256,20,355,355,5.6338,31.50089282,2.462334e-04,0.13750000,0,-1.00000000
ecg_115,ecg,SPAN,2.0000,256,20,355,355,5.6338,30.63414120,3.006229e-04,0.14750000,0,-1.00000000
ecg_115,ecg,REF_INTERP_ERROR,-1.0000,256,50,295,295,6.7797,32.96505103,1.757645e-04,0.06307692,0,-1.00000000
ecg_115,ecg,REF_VW_AREA,-1.0000,256,50,295,295,6.7797,32.37625671,2.012846e-04,0.11500000,0,-1.00000000
ecg_115,ecg,SPAN,0.0000,256,50,295,295,6.7797,32.96505103,1.757645e-04,0.06307692,0,-1.00000000
ecg_115,ecg,SPAN,0.2500,256,50,295,295,6.7797,34.10310295,1.352465e-04,0.04800000,0,-1.00000000
ecg_115,ecg,SPAN,0.5000,256,50,295,295,6.7797,33.92172228,1.410146e-04,0.06333333,0,-1.00000000
ecg_115,ecg,SPAN,0.7500,256,50,295,295,6.7797,33.44297704,1.574485e-04,0.08250000,0,-1.00000000
ecg_115,ecg,SPAN,1.0000,256,50,295,295,6.7797,32.37625671,2.012846e-04,0.11500000,0,-1.00000000
ecg_115,ecg,SPAN,1.2500,256,50,295,295,6.7797,30.93074988,2.807768e-04,0.13750000,0,-1.00000000
ecg_115,ecg,SPAN,1.5000,256,50,295,295,6.7797,30.82406975,2.877592e-04,0.16500000,0,-1.00000000
ecg_115,ecg,SPAN,2.0000,256,50,295,295,6.7797,27.42117891,6.299678e-04,0.23833333,0,-1.00000000
ecg_115,ecg,REF_INTERP_ERROR,-1.0000,256,100,275,275,7.2727,31.72013582,2.341114e-04,0.08406780,0,-1.00000000
ecg_115,ecg,REF_VW_AREA,-1.0000,256,100,275,275,7.2727,31.39985819,2.520289e-04,0.12250000,0,-1.00000000
ecg_115,ecg,SPAN,0.0000,256,100,275,275,7.2727,31.72013582,2.341114e-04,0.08406780,0,-1.00000000
ecg_115,ecg,SPAN,0.2500,256,100,275,275,7.2727,33.49597785,1.555387e-04,0.05590909,0,-1.00000000
ecg_115,ecg,SPAN,0.5000,256,100,275,275,7.2727,33.45994227,1.568346e-04,0.04857143,0,-1.00000000
ecg_115,ecg,SPAN,0.7500,256,100,275,275,7.2727,32.85930033,1.800969e-04,0.10875000,0,-1.00000000
ecg_115,ecg,SPAN,1.0000,256,100,275,275,7.2727,31.39985819,2.520289e-04,0.12250000,0,-1.00000000
ecg_115,ecg,SPAN,1.2500,256,100,275,275,7.2727,30.82009353,2.880228e-04,0.13750000,0,-1.00000000
ecg_115,ecg,SPAN,1.5000,256,100,275,275,7.2727,30.21231844,3.312870e-04,0.16500000,0,-1.00000000
ecg_115,ecg,SPAN,2.0000,256,100,275,275,7.2727,27.78300589,5.796097e-04,0.23833333,0,-1.00000000
ecg_115,ecg,REF_INTERP_ERROR,-1.0000,512,2,1511,1511,1.3236,54.60996568,1.203482e-06,0.00500000,0,-1.00000000
ecg_115,ecg,REF_VW_AREA,-1.0000,512,2,1511,1511,1.3236,54.40264557,1.262326e-06,0.00500000,0,-1.00000000
ecg_115,ecg,SPAN,0.0000,512,2,1511,1511,1.3236,54.60996568,1.203482e-06,0.00500000,0,-1.00000000
ecg_115,ecg,SPAN,0.2500,512,2,1511,1511,1.3236,54.64257639,1.194479e-06,0.00500000,0,-1.00000000
ecg_115,ecg,SPAN,0.5000,512,2,1511,1511,1.3236,54.72220490,1.172778e-06,0.00500000,0,-1.00000000
ecg_115,ecg,SPAN,0.7500,512,2,1511,1511,1.3236,54.69605332,1.179861e-06,0.00500000,0,-1.00000000
ecg_115,ecg,SPAN,1.0000,512,2,1511,1511,1.3236,54.40264557,1.262326e-06,0.00500000,0,-1.00000000
ecg_115,ecg,SPAN,1.2500,512,2,1511,1511,1.3236,53.78303844,1.455903e-06,0.00500000,0,-1.00000000
ecg_115,ecg,SPAN,1.5000,512,2,1511,1511,1.3236,53.78303844,1.455903e-06,0.00500000,0,-1.00000000
ecg_115,ecg,SPAN,2.0000,512,2,1511,1511,1.3236,53.72623751,1.475069e-06,0.00700000,0,-1.00000000
ecg_115,ecg,REF_INTERP_ERROR,-1.0000,512,3,1178,1178,1.6978,48.95683141,4.423368e-06,0.00833333,0,-1.00000000
ecg_115,ecg,REF_VW_AREA,-1.0000,512,3,1178,1178,1.6978,48.29669566,5.149519e-06,0.01000000,0,-1.00000000
ecg_115,ecg,SPAN,0.0000,512,3,1178,1178,1.6978,48.95683141,4.423368e-06,0.00833333,0,-1.00000000
ecg_115,ecg,SPAN,0.2500,512,3,1178,1178,1.6978,49.04542043,4.334053e-06,0.00833333,0,-1.00000000
ecg_115,ecg,SPAN,0.5000,512,3,1178,1178,1.6978,48.95035896,4.429965e-06,0.00750000,0,-1.00000000
ecg_115,ecg,SPAN,0.7500,512,3,1178,1178,1.6978,48.54733244,4.860747e-06,0.01000000,0,-1.00000000
ecg_115,ecg,SPAN,1.0000,512,3,1178,1178,1.6978,48.29669566,5.149519e-06,0.01000000,0,-1.00000000
ecg_115,ecg,SPAN,1.2500,512,3,1178,1178,1.6978,47.88175085,5.665799e-06,0.01000000,0,-1.00000000
ecg_115,ecg,SPAN,1.5000,512,3,1178,1178,1.6978,47.77202989,5.810764e-06,0.01000000,0,-1.00000000
ecg_115,ecg,SPAN,2.0000,512,3,1178,1178,1.6978,46.90118405,7.100972e-06,0.01375000,0,-1.00000000
ecg_115,ecg,REF_INTERP_ERROR,-1.0000,512,5,911,911,2.1954,45.33676907,1.018027e-05,0.01300000,0,-1.00000000
ecg_115,ecg,REF_VW_AREA,-1.0000,512,5,911,911,2.1954,44.68346142,1.183287e-05,0.01583333,0,-1.00000000
ecg_115,ecg,SPAN,0.0000,512,5,911,911,2.1954,45.33676907,1.018027e-05,0.01300000,0,-1.00000000
ecg_115,ecg,SPAN,0.2500,512,5,911,911,2.1954,45.47888754,9.852523e-06,0.01428571,0,-1.00000000
ecg_115,ecg,SPAN,0.5000,512,5,911,911,2.1954,45.18908943,1.053240e-05,0.01500000,0,-1.00000000
ecg_115,ecg,SPAN,0.7500,512,5,911,911,2.1954,44.92119824,1.120254e-05,0.01500000,0,-1.00000000
ecg_115,ecg,SPAN,1.0000,512,5,911,911,2.1954,44.68346142,1.183287e-05,0.01583333,0,-1.00000000
ecg_115,ecg,SPAN,1.2500,512,5,911,911,2.1954,44.09744055,1.354229e-05,0.01833333,0,-1.00000000
ecg_115,ecg,SPAN,1.5000,512,5,911,911,2.1954,44.00243085,1.384182e-05,0.01833333,0,-1.00000000
ecg_115,ecg,SPAN,2.0000,512,5,911,911,2.1954,43.30099247,1.626811e-05,0.02500000,0,-1.00000000
ecg_115,ecg,REF_INTERP_ERROR,-1.0000,512,10,711,711,2.8129,42.65766277,1.886557e-05,0.01833333,0,-1.00000000
ecg_115,ecg,REF_VW_AREA,-1.0000,512,10,711,711,2.8129,42.44992111,1.978992e-05,0.02000000,0,-1.00000000
ecg_115,ecg,SPAN,0.0000,512,10,711,711,2.8129,42.65766277,1.886557e-05,0.01833333,0,-1.00000000
ecg_115,ecg,SPAN,0.2500,512,10,711,711,2.8129,42.90778768,1.780973e-05,0.01863636,0,-1.00000000
ecg_115,ecg,SPAN,0.5000,512,10,711,711,2.8129,42.82782350,1.814069e-05,0.01900000,0,-1.00000000
ecg_115,ecg,SPAN,0.7500,512,10,711,711,2.8129,42.52727750,1.944055e-05,0.01833333,0,-1.00000000
ecg_115,ecg,SPAN,1.0000,512,10,711,711,2.8129,42.44992111,1.978992e-05,0.02000000,0,-1.00000000
ecg_115,ecg,SPAN,1.2500,512,10,711,711,2.8129,42.05727203,2.166252e-05,0.02300000,0,-1.00000000
ecg_115,ecg,SPAN,1.5000,512,10,711,711,2.8129,41.34370328,2.553089e-05,0.03000000,0,-1.00000000
ecg_115,ecg,SPAN,2.0000,512,10,711,711,2.8129,40.80526101,2.890082e-05,0.03750000,0,-1.00000000
ecg_115,ecg,REF_INTERP_ERROR,-1.0000,512,20,611,611,3.2733,40.85977517,2.854031e-05,0.02350000,0,-1.00000000
ecg_115,ecg,REF_VW_AREA,-1.0000,512,20,611,611,3.2733,41.31025179,2.572830e-05,0.02500000,0,-1.00000000
ecg_115,ecg,SPAN,0.0000,512,20,611,611,3.2733,40.85977517,2.854031e-05,0.02350000,0,-1.00000000
ecg_115,ecg,SPAN,0.2500,512,20,611,611,3.2733,41.30023200,2.578772e-05,0.02500000,0,-1.00000000
ecg_115,ecg,SPAN,0.5000,512,20,611,611,3.2733,41.67798374,2.363948e-05,0.01961538,0,-1.00000000
ecg_115,ecg,SPAN,0.7500,512,20,611,611,3.2733,41.57418927,2.421125e-05,0.02416667,0,-1.00000000
ecg_115,ecg,SPAN,1.0000,512,20,611,611,3.2733,41.31025179,2.572830e-05,0.02500000,0,-1.00000000
ecg_115,ecg,SPAN,1.2500,512,20,611,611,3.2733,40.96185961,2.787727e-05,0.02750000,0,-1.00000000
ecg_115,ecg,SPAN,1.5000,512,20,611,611,3.2733,40.37180555,3.193417e-05,0.03500000,0,-1.00000000
ecg_115,ecg,SPAN,2.0000,512,20,611,611,3.2733,39.48805272,3.914091e-05,0.05000000,0,-1.00000000
ecg_115,ecg,REF_INTERP_ERROR,-1.0000,512,50,551,551,3.6298,39.80508655,3.638543e-05,0.03166667,0,-1.00000000
ecg_115,ecg,REF_VW_AREA,-1.0000,512,50,551,551,3.6298,40.57193723,3.049597e-05,0.02750000,0,-1.00000000
ecg_115,ecg,SPAN,0.0000,512,50,551,551,3.6298,39.80508655,3.638543e-05,0.03166667,0,-1.00000000
ecg_115,ecg,SPAN,0.2500,512,50,551,551,3.6298,40.49210915,3.106171e-05,0.02500000,0,-1.00000000
ecg_115,ecg,SPAN,0.5000,512,50,551,551,3.6298,40.70320935,2.958798e-05,0.02535714,0,-1.00000000
ecg_115,ecg,SPAN,0.7500,512,50,551,551,3.6298,40.79245091,2.898619e-05,0.02500000,0,-1.00000000
ecg_115,ecg,SPAN,1.0000,512,50,551,551,3.6298,40.57193723,3.049597e-05,0.02750000,0,-1.00000000
ecg_115,ecg,SPAN,1.2500,512,50,551,551,3.6298,40.09791826,3.401296e-05,0.03500000,0,-1.00000000
ecg_115,ecg,SPAN,1.5000,512,50,551,551,3.6298,39.56568154,3.844750e-05,0.04250000,0,-1.00000000
ecg_115,ecg,SPAN,2.0000,512,50,551,551,3.6298,38.84558577,4.538137e-05,0.06000000,0,-1.00000000
ecg_115,ecg,REF_INTERP_ERROR,-1.0000,512,100,531,531,3.7665,38.80186440,4.584055e-05,0.03187500,0,-1.00000000
ecg_115,ecg,REF_VW_AREA,-1.0000,512,100,531,531,3.7665,40.26195633,3.275221e-05,0.03000000,0,-1.00000000
ecg_115,ecg,SPAN,0.0000,512,100,531,531,3.7665,38.80186440,4.584055e-05,0.03187500,0,-1.00000000
ecg_115,ecg,SPAN,0.2500,512,100,531,531,3.7665,40.34686148,3.211812e-05,0.02500000,0,-1.00000000
ecg_115,ecg,SPAN,0.5000,512,100,531,531,3.7665,40.54124233,3.071227e-05,0.02350000,0,-1.00000000
ecg_115,ecg,SPAN,0.7500,512,100,531,531,3.7665,40.49687559,3.102763e-05,0.02500000,0,-1.00000000
ecg_115,ecg,SPAN,1.0000,512,100,531,531,3.7665,40.26195633,3.275221e-05,0.03000000,0,-1.00000000
ecg_115,ecg,SPAN,1.2500,512,100,531,531,3.7665,39.73140727,3.700799e-05,0.03750000,0,-1.00000000
ecg_115,ecg,SPAN,1.5000,512,100,531,531,3.7665,39.44770723,3.950622e-05,0.04250000,0,-1.00000000
ecg_115,ecg,SPAN,2.0000,512,100,531,531,3.7665,38.68132471,4.713068e-05,0.06000000,0,-1.00000000
ecg_118,ecg,REF_INTERP_ERROR,-1.0000,32,2,1031,1031,1.9399,48.37449148,1.647429e-05,0.02000000,0,-1.00000000
ecg_118,ecg,REF_VW_AREA,-1.0000,32,2,1031,1031,1.9399,47.80338920,1.878958e-05,0.03500000,0,-1.00000000
ecg_118,ecg,SPAN,0.0000,32,2,1031,1031,1.9399,48.37449148,1.647429e-05,0.02000000,0,-1.00000000
ecg_118,ecg,SPAN,0.2500,32,2,1031,1031,1.9399,48.32131899,1.667724e-05,0.02250000,0,-1.00000000
ecg_118,ecg,SPAN,0.5000,32,2,1031,1031,1.9399,48.18864424,1.719458e-05,0.02250000,0,-1.00000000
ecg_118,ecg,SPAN,0.7500,32,2,1031,1031,1.9399,48.12996760,1.742847e-05,0.02250000,0,-1.00000000
ecg_118,ecg,SPAN,1.0000,32,2,1031,1031,1.9399,47.80338920,1.878958e-05,0.03500000,0,-1.00000000
ecg_118,ecg,SPAN,1.2500,32,2,1031,1031,1.9399,47.52460587,2.003528e-05,0.02250000,0,-1.00000000
ecg_118,ecg,SPAN,1.5000,32,2,1031,1031,1.9399,47.32538888,2.097573e-05,0.02250000,0,-1.00000000
ecg_118,ecg,SPAN,2.0000,32,2,1031,1031,1.9399,46.17850886,2.731524e-05,0.04000000,0,-1.00000000
ecg_118,ecg,REF_INTERP_ERROR,-1.0000,32,3,698,698,2.8653,42.43877599,6.462170e-05,0.03875000,0,-1.00000000
ecg_118,ecg,REF_VW_AREA,-1.0000,32,3,698,698,2.8653,41.51855162,7.987315e-05,0.05700000,0,-1.00000000
ecg_118,ecg,SPAN,0.0000,32,3,698,698,2.8653,42.43877599,6.462170e-05,0.03875000,0,-1.00000000
ecg_118,ecg,SPAN,0.2500,32,3,698,698,2.8653,42.21355763,6.806129e-05,0.05700000,0,-1.00000000
ecg_118,ecg,SPAN,0.5000,32,3,698,698,2.8653,41.66415619,7.723966e-05,0.05700000,0,-1.00000000
ecg_118,ecg,SPAN,0.7500,32,3,698,698,2.8653,41.68002312,7.695798e-05,0.05700000,0,-1.00000000
ecg_118,ecg,SPAN,1.0000,32,3,698,698,2.8653,41.51855162,7.987315e-05,0.05700000,0,-1.00000000
ecg_118,ecg,SPAN,1.2500,32,3,698,698,2.8653,40.77461487,9.479697e-05,0.08000000,0,-1.00000000
ecg_118,ecg,SPAN,1.5000,32,3,698,698,2.8653,40.44002817,1.023890e-04,0.08000000,0,-1.00000000
ecg_118,ecg,SPAN,2.0000,32,3,698,698,2.8653,39.35358948,1.314913e-04,0.09000000,0,-1.00000000
ecg_118,ecg,REF_INTERP_ERROR,-1.0000,32,5,431,431,4.6404,36.24045935,2.692837e-04,0.09100000,0,-1.00000000
ecg_118,ecg,REF_VW_AREA,-1.0000,32,5,431,431,4.6404,35.56012803,3.149511e-04,0.10000000,0,-1.00000000
ecg_118,ecg,SPAN,0.0000,32,5,431,431,4.6404,36.24045935,2.692837e-04,0.09100000,0,-1.00000000
ecg_118,ecg,SPAN,0.2500,32,5,431,431,4.6404,36.09050323,2.787441e-04,0.09100000,0,-1.00000000
ecg_118,ecg,SPAN,0.5000,32,5,431,431,4.6404,35.86535733,2.935758e-04,0.09500000,0,-1.00000000
ecg_118,ecg,SPAN,0.7500,32,5,431,431,4.6404,35.30326624,3.341407e-04,0.10125000,0,-1.00000000
ecg_118,ecg,SPAN,1.0000,32,5,431,431,4.6404,35.56012803,3.149511e-04,0.10000000,0,-1.00000000
ecg_118,ecg,SPAN,1.2500,32,5,431,431,4.6404,34.81771137,3.736671e-04,0.10166667,0,-1.00000000
ecg_118,ecg,SPAN,1.5000,32,5,431,431,4.6404,34.11283467,4.395138e-04,0.12416667,0,-1.00000000
ecg_118,ecg,SPAN,2.0000,32,5,431,431,4.6404,33.49139647,5.071265e-04,0.18333333,0,-1.00000000
ecg_118,ecg,REF_INTERP_ERROR,-1.0000,32,10,231,231,8.6580,28.47596292,1.609384e-03,0.33000000,0,-1.00000000
ecg_118,ecg,REF_VW_AREA,-1.0000,32,10,231,231,8.6580,27.17027445,2.173845e-03,0.30500000,0,-1.00000000
ecg_118,ecg,SPAN,0.0000,32,10,231,231,8.6580,28.47596292,1.609384e-03,0.33000000,0,-1.00000000
ecg_118,ecg,SPAN,0.2500,32,10,231,231,8.6580,28.11550382,1.748661e-03,0.33000000,0,-1.00000000
ecg_118,ecg,SPAN,0.5000,32,10,231,231,8.6580,27.81536227,1.873785e-03,0.30500000,0,-1.00000000
ecg_118,ecg,SPAN,0.7500,32,10,231,231,8.6580,27.31965588,2.100344e-03,0.31750000,0,-1.00000000
ecg_118,ecg,SPAN,1.0000,32,10,231,231,8.6580,27.17027445,2.173845e-03,0.30500000,0,-1.00000000
ecg_118,ecg,SPAN,1.2500,32,10,231,231,8.6580,26.46174326,2.559067e-03,0.35500000,0,-1.00000000
ecg_118,ecg,SPAN,1.5000,32,10,231,231,8.6580,26.49165178,2.541504e-03,0.35500000,0,-1.00000000
ecg_118,ecg,SPAN,2.0000,32,10,231,231,8.6580,24.96634496,3.610950e-03,0.56333333,0,-1.00000000
ecg_118,ecg,REF_INTERP_ERROR,-1.0000,32,20,131,131,15.2672,22.00951732,7.133526e-03,0.54225000,0,-1.00000000
ecg_118,ecg,REF_VW_AREA,-1.0000,32,20,131,131,15.2672,19.78891715,1.189499e-02,1.08000000,0,-1.00000000
ecg_118,ecg,SPAN,0.0000,32,20,131,131,15.2672,22.00951732,7.133526e-03,0.54225000,0,-1.00000000
ecg_118,ecg,SPAN,0.2500,32,20,131,131,15.2672,23.54785310,5.005767e-03,0.46333333,0,-1.00000000
ecg_118,ecg,SPAN,0.5000,32,20,131,131,15.2672,23.74441004,4.784262e-03,0.40000000,0,-1.00000000
ecg_118,ecg,SPAN,0.7500,32,20,131,131,15.2672,23.39612708,5.183740e-03,0.40000000,0,-1.00000000
ecg_118,ecg,SPAN,1.0000,32,20,131,131,15.2672,19.78891715,1.189499e-02,1.08000000,0,-1.00000000
ecg_118,ecg,SPAN,1.2500,32,20,131,131,15.2672,20.56111749,9.957360e-03,0.93000000,0,-1.00000000
ecg_118,ecg,SPAN,1.5000,32,20,131,131,15.2672,19.48908047,1.274524e-02,1.07500000,0,-1.00000000
ecg_118,ecg,SPAN,2.0000,32,20,131,131,15.2672,19.30491882,1.329732e-02,0.97071429,0,-1.00000000
ecg_118,ecg,REF_INTERP_ERROR,-1.0000,32,50,71,71,28.1690,14.65653640,3.877951e-02,0.79760000,0,-1.00000000
ecg_118,ecg,REF_VW_AREA,-1.0000,32,50,71,71,28.1690,14.93130234,3.640204e-02,1.09500000,0,-1.00000000
ecg_118,ecg,SPAN,0.0000,32,50,71,71,28.1690,14.65653640,3.877951e-02,0.79760000,0,-1.00000000
ecg_118,ecg,SPAN,0.2500,32,50,71,71,28.1690,14.83679896,3.720284e-02,0.79760000,0,-1.00000000
ecg_118,ecg,SPAN,0.5000,32,50,71,71,28.1690,15.25727535,3.376979e-02,1.13437500,0,-1.00000000
ecg_118,ecg,SPAN,0.7500,32,50,71,71,28.1690,15.03627784,3.553270e-02,1.13437500,0,-1.00000000
ecg_118,ecg,SPAN,1.0000,32,50,71,71,28.1690,14.93130234,3.640204e-02,1.09500000,0,-1.00000000
ecg_118,ecg,SPAN,1.2500,32,50,71,71,28.1690,14.63987836,3.892854e-02,1.13437500,0,-1.00000000
ecg_118,ecg,SPAN,1.5000,32,50,71,71,28.1690,13.98862348,4.522657e-02,1.12416667,0,-1.00000000
ecg_118,ecg,SPAN,2.0000,32,50,71,71,28.1690,14.11371445,4.394247e-02,1.13437500,0,-1.00000000
ecg_118,ecg,REF_INTERP_ERROR,-1.0000,32,100,51,51,39.2157,13.48132770,5.083036e-02,0.89625000,0,-1.00000000
ecg_118,ecg,REF_VW_AREA,-1.0000,32,100,51,51,39.2157,12.46640085,6.421195e-02,1.75483871,0,-1.00000000
ecg_118,ecg,SPAN,0.0000,32,100,51,51,39.2157,13.48132770,5.083036e-02,0.89625000,0,-1.00000000
ecg_118,ecg,SPAN,0.2500,32,100,51,51,39.2157,13.06407778,5.595620e-02,1.13437500,0,-1.00000000
ecg_118,ecg,SPAN,0.5000,32,100,51,51,39.2157,13.49346144,5.068854e-02,1.08562500,0,-1.00000000
ecg_118,ecg,SPAN,0.7500,32,100,51,51,39.2157,12.79053444,5.959400e-02,1.81953125,0,-1.00000000
ecg_118,ecg,SPAN,1.0000,32,100,51,51,39.2157,12.46640085,6.421195e-02,1.75483871,0,-1.00000000
ecg_118,ecg,SPAN,1.2500,32,100,51,51,39.2157,11.58092076,7.873428e-02,1.75483871,0,-1.00000000
ecg_118,ecg,SPAN,1.5000,32,100,51,51,39.2157,12.61280868,6.208334e-02,1.66600000,0,-1.00000000
ecg_118,ecg,SPAN,2.0000,32,100,51,51,39.2157,11.80330932,7.480403e-02,1.84642857,0,-1.00000000
ecg_118,ecg,REF_INTERP_ERROR,-1.0000,64,2,1063,1063,1.8815,49.11551284,1.389008e-05,0.01400000,0,-1.00000000
ecg_118,ecg,REF_VW_AREA,-1.0000,64,2,1063,1063,1.8815,48.76199886,1.506802e-05,0.01875000,0,-1.00000000
ecg_118,ecg,SPAN,0.0000,64,2,1063,1063,1.8815,49.11551284,1.389008e-05,0.01400000,0,-1.00000000
ecg_118,ecg,SPAN,0.2500,64,2,1063,1063,1.8815,49.17790670,1.369195e-05,0.01400000,0,-1.00000000
ecg_118,ecg,SPAN,0.5000,64,2,1063,1063,1.8815,49.08281359,1.399505e-05,0.01500000,0,-1.00000000
ecg_118,ecg,SPAN,0.7500,64,2,1063,1063,1.8815,48.91698512,1.453977e-05,0.01750000,0,-1.00000000
ecg_118,ecg,SPAN,1.0000,64,2,1063,1063,1.8815,48.76199886,1.506802e-05,0.01875000,0,-1.00000000
ecg_118,ecg,SPAN,1.2500,64,2,1063,1063,1.8815,48.27178417,1.686854e-05,0.01875000,0,-1.00000000
ecg_118,ecg,SPAN,1.5000,64,2,1063,1063,1.8815,47.93510648,1.822826e-05,0.02000000,0,-1.00000000
ecg_118,ecg,SPAN,2.0000,64,2,1063,1063,1.8815,47.24427442,2.137118e-05,0.02500000,0,-1.00000000
ecg_118,ecg,REF_INTERP_ERROR,-1.0000,64,3,730,730,2.7397,43.22886719,5.387276e-05,0.03250000,0,-1.00000000
ecg_118,ecg,REF_VW_AREA,-1.0000,64,3,730,730,2.7397,42.23274271,6.776129e-05,0.04250000,0,-1.00000000
ecg_118,ecg,SPAN,0.0000,64,3,730,730,2.7397,43.22886719,5.387276e-05,0.03250000,0,-1.00000000
ecg_118,ecg,SPAN,0.2500,64,3,730,730,2.7397,43.17168200,5.458682e-05,0.03375000,0,-1.00000000
ecg_118,ecg,SPAN,0.5000,64,3,730,730,2.7397,42.74267536,6.025435e-05,0.04166667,0,-1.00000000
ecg_118,ecg,SPAN,0.7500,64,3,730,730,2.7397,42.55938871,6.285171e-05,0.05166667,0,-1.00000000
ecg_118,ecg,SPAN,1.0000,64,3,730,730,2.7397,42.23274271,6.776129e-05,0.04250000,0,-1.00000000
ecg_118,ecg,SPAN,1.2500,64,3,730,730,2.7397,41.85952461,7.384201e-05,0.04750000,0,-1.00000000
ecg_118,ecg,SPAN,1.5000,64,3,730,730,2.7397,41.42310144,8.164805e-05,0.06000000,0,-1.00000000
ecg_118,ecg,SPAN,2.0000,64,3,730,730,2.7397,40.43734597,1.024522e-04,0.09000000,0,-1.00000000
ecg_118,ecg,REF_INTERP_ERROR,-1.0000,64,5,463,463,4.3197,37.13568846,2.191226e-04,0.07500000,0,-1.00000000
ecg_118,ecg,REF_VW_AREA,-1.0000,64,5,463,463,4.3197,36.55348954,2.505573e-04,0.09500000,0,-1.00000000
ecg_118,ecg,SPAN,0.0000,64,5,463,463,4.3197,37.13568846,2.191226e-04,0.07500000,0,-1.00000000
ecg_118,ecg,SPAN,0.2500,64,5,463,463,4.3197,37.07442299,2.222356e-04,0.07250000,0,-1.00000000
ecg_118,ecg,SPAN,0.5000,64,5,463,463,4.3197,36.95282614,2.285459e-04,0.07250000,0,-1.00000000
ecg_118,ecg,SPAN,0.7500,64,5,463,463,4.3197,36.37596537,2.610114e-04,0.10125000,0,-1.00000000
ecg_118,ecg,SPAN,1.0000,64,5,463,463,4.3197,36.55348954,2.505573e-04,0.09500000,0,-1.00000000
ecg_118,ecg,SPAN,1.2500,64,5,463,463,4.3197,35.75946206,3.008221e-04,0.10166667,0,-1.00000000
ecg_118,ecg,SPAN,1.5000,64,5,463,463,4.3197,35.59163749,3.126743e-04,0.10000000,0,-1.00000000
ecg_118,ecg,SPAN,2.0000,64,5,463,463,4.3197,34.74208318,3.802311e-04,0.10166667,0,-1.00000000
ecg_118,ecg,REF_INTERP_ERROR,-1.0000,64,10,263,263,7.6046,30.00662249,1.131341e-03,0.33000000,0,-1.00000000
ecg_118,ecg,REF_VW_AREA,-1.0000,64,10,263,263,7.6046,28.82941911,1.483591e-03,0.23681818,0,-1.00000000
ecg_118,ecg,SPAN,0.0000,64,10,263,263,7.6046,30.00662249,1.131341e-03,0.33000000,0,-1.00000000
ecg_118,ecg,SPAN,0.2500,64,10,263,263,7.6046,29.38138090,1.306525e-03,0.33000000,0,-1.00000000
ecg_118,ecg,SPAN,0.5000,64,10,263,263,7.6046,29.00094470,1.426138e-03,0.25500000,0,-1.00000000
ecg_118,ecg,SPAN,0.7500,64,10,263,263,7.6046,28.68027439,1.535425e-03,0.25500000,0,-1.00000000
ecg_118,ecg,SPAN,1.0000,64,10,263,263,7.6046,28.82941911,1.483591e-03,0.23681818,0,-1.00000000
ecg_118,ecg,SPAN,1.2500,64,10,263,263,7.6046,28.20666905,1.712336e-03,0.25500000,0,-1.00000000
ecg_118,ecg,SPAN,1.5000,64,10,263,263,7.6046,28.14031900,1.738698e-03,0.23750000,0,-1.00000000
ecg_118,ecg,SPAN,2.0000,64,10,263,263,7.6046,27.22791358,2.145184e-03,0.27000000,0,-1.00000000
ecg_118,ecg,REF_INTERP_ERROR,-1.0000,64,20,163,163,12.2699,24.40740968,4.106908e-03,0.40000000,0,-1.00000000
ecg_118,ecg,REF_VW_AREA,-1.0000,64,20,163,163,12.2699,24.20342701,4.304406e-03,0.40687500,0,-1.00000000
ecg_118,ecg,SPAN,0.0000,64,20,163,163,12.2699,24.40740968,4.106908e-03,0.40000000,0,-1.00000000
ecg_118,ecg,SPAN,0.2500,64,20,163,163,12.2699,25.00796629,3.576509e-03,0.40000000,0,-1.00000000
ecg_118,ecg,SPAN,0.5000,64,20,163,163,12.2699,24.99126484,3.590290e-03,0.40000000,0,-1.00000000
ecg_118,ecg,SPAN,0.7500,64,20,163,163,12.2699,24.91069064,3.657522e-03,0.29025000,0,-1.00000000
ecg_118,ecg,SPAN,1.0000,64,20,163,163,12.2699,24.20342701,4.304406e-03,0.40687500,0,-1.00000000
ecg_118,ecg,SPAN,1.2500,64,20,163,163,12.2699,23.52526968,5.031865e-03,0.48272727,0,-1.00000000
ecg_118,ecg,SPAN,1.5000,64,20,163,163,12.2699,23.73271559,4.797162e-03,0.42388889,0,-1.00000000
ecg_118,ecg,SPAN,2.0000,64,20,163,163,12.2699,21.57427219,7.885491e-03,0.77363636,0,-1.00000000
ecg_118,ecg,REF_INTERP_ERROR,-1.0000,64,50,103,103,19.4175,16.49813669,2.537712e-02,0.79760000,0,-1.00000000
ecg_118,ecg,REF_VW_AREA,-1.0000,64,50,103,103,19.4175,18.29473857,1.677962e-02,0.79760000,0,-1.00000000
ecg_118,ecg,SPAN,0.0000,64,50,103,103,19.4175,16.49813669,2.537712e-02,0.79760000,0,-1.00000000
ecg_118,ecg,SPAN,0.2500,64,50,103,103,19.4175,16.35568089,2.622333e-02,0.79760000,0,-1.00000000
ecg_118,ecg,SPAN,0.5000,64,50,103,103,19.4175,17.89969019,1.837752e-02,0.79760000,0,-1.00000000
ecg_118,ecg,SPAN,0.7500,64,50,103,103,19.4175,17.41739414,2.053603e-02,1.13437500,0,-1.00000000
ecg_118,ecg,SPAN,1.0000,64,50,103,103,19.4175,18.29473857,1.677962e-02,0.79760000,0,-1.00000000
ecg_118,ecg,SPAN,1.2500,64,50,103,103,19.4175,18.04881993,1.775718e-02,1.13437500,0,-1.00000000
ecg_118,ecg,SPAN,1.5000,64,50,103,103,19.4175,18.72243934,1.520590e-02,1.13437500,0,-1.00000000
ecg_118,ecg,SPAN,2.0000,64,50,103,103,19.4175,18.41170191,1.633374e-02,1.09500000,0,-1.00000000
ecg_118,ecg,REF_INTERP_ERROR,-1.0000,64,100,83,83,24.0964,14.59376180,3.934411e-02,0.89625000,0,-1.00000000
ecg_118,ecg,REF_VW_AREA,-1.0000,64,100,83,83,24.0964,17.10095864,2.208819e-02,1.00714286,0,-1.00000000
ecg_118,ecg,SPAN,0.0000,64,100,83,83,24.0964,14.59376180,3.934411e-02,0.89625000,0,-1.00000000
ecg_118,ecg,SPAN,0.2500,64,100,83,83,24.0964,14.75923032,3.787328e-02,0.89625000,0,-1.00000000
ecg_118,ecg,SPAN,0.5000,64,100,83,83,24.0964,14.66167868,3.873362e-02,0.89625000,0,-1.00000000
ecg_118,ecg,SPAN,0.7500,64,100,83,83,24.0964,16.23802499,2.694347e-02,1.13437500,0,-1.00000000
ecg_118,ecg,SPAN,1.0000,64,100,83,83,24.0964,17.10095864,2.208819e-02,1.00714286,0,-1.00000000
ecg_118,ecg,SPAN,1.2500,64,100,83,83,24.0964,16.45302297,2.564210e-02,1.13437500,0,-1.00000000
ecg_118,ecg,SPAN,1.5000,64,100,83,83,24.0964,17.01439572,2.253286e-02,1.13437500,0,-1.00000000
ecg_118,ecg,SPAN,2.0000,64,100,83,83,24.0964,17.79280225,1.883544e-02,1.13437500,0,-1.00000000
ecg_118,ecg,REF_INTERP_ERROR,-1.0000,128,2,1127,1127,1.7746,49.94176603,1.148363e-05,0.01333333,0,-1.00000000
ecg_118,ecg,REF_VW_AREA,-1.0000,128,2,1127,1127,1.7746,49.55767774,1.254551e-05,0.01750000,0,-1.00000000
ecg_118,ecg,SPAN,0.0000,128,2,1127,1127,1.7746,49.94176603,1.148363e-05,0.01333333,0,-1.00000000
ecg_118,ecg,SPAN,0.2500,128,2,1127,1127,1.7746,50.11055909,1.104587e-05,0.01250000,0,-1.00000000
ecg_118,ecg,SPAN,0.5000,128,2,1127,1127,1.7746,49.94421792,1.147715e-05,0.01250000,0,-1.00000000
ecg_118,ecg,SPAN,0.7500,128,2,1127,1127,1.7746,49.73656308,1.203926e-05,0.01500000,0,-1.00000000
ecg_118,ecg,SPAN,1.0000,128,2,1127,1127,1.7746,49.55767774,1.254551e-05,0.01750000,0,-1.00000000
ecg_118,ecg,SPAN,1.2500,128,2,1127,1127,1.7746,49.23583226,1.351054e-05,0.01750000,0,-1.00000000
ecg_118,ecg,SPAN,1.5000,128,2,1127,1127,1.7746,48.87508328,1.468073e-05,0.01750000,0,-1.00000000
ecg_118,ecg,SPAN,2.0000,128,2,1127,1127,1.7746,48.27289281,1.686424e-05,0.02000000,0,-1.00000000
ecg_118,ecg,REF_INTERP_ERROR,-1.0000,128,3,794,794,2.5189,44.66736604,3.868293e-05,0.02625000,0,-1.00000000
ecg_118,ecg,REF_VW_AREA,-1.0000,128,3,794,794,2.5189,43.81672909,4.705254e-05,0.04000000,0,-1.00000000
ecg_118,ecg,SPAN,0.0000,128,3,794,794,2.5189,44.66736604,3.868293e-05,0.02625000,0,-1.00000000
ecg_118,ecg,SPAN,0.2500,128,3,794,794,2.5189,44.59361424,3.934545e-05,0.02625000,0,-1.00000000
ecg_118,ecg,SPAN,0.5000,128,3,794,794,2.5189,44.35290306,4.158777e-05,0.03375000,0,-1.00000000
ecg_118,ecg,SPAN,0.7500,128,3,794,794,2.5189,44.22714577,4.280962e-05,0.03375000,0,-1.00000000
ecg_118,ecg,SPAN,1.0000,128,3,794,794,2.5189,43.81672909,4.705254e-05,0.04000000,0,-1.00000000
ecg_118,ecg,SPAN,1.2500,128,3,794,794,2.5189,43.32020301,5.275160e-05,0.04500000,0,-1.00000000
ecg_118,ecg,SPAN,1.5000,128,3,794,794,2.5189,43.01978964,5.652974e-05,0.04250000,0,-1.00000000
ecg_118,ecg,SPAN,2.0000,128,3,794,794,2.5189,42.22942758,6.781304e-05,0.06000000,0,-1.00000000
ecg_118,ecg,REF_INTERP_ERROR,-1.0000,128,5,527,527,3.7951,38.73156521,1.517398e-04,0.06666667,0,-1.00000000
ecg_118,ecg,REF_VW_AREA,-1.0000,128,5,527,527,3.7951,37.85739234,1.855738e-04,0.09500000,0,-1.00000000
ecg_118,ecg,SPAN,0.0000,128,5,527,527,3.7951,38.73156521,1.517398e-04,0.06666667,0,-1.00000000
ecg_118,ecg,SPAN,0.2500,128,5,527,527,3.7951,38.78409381,1.499155e-04,0.06142857,0,-1.00000000
ecg_118,ecg,SPAN,0.5000,128,5,527,527,3.7951,38.69892859,1.528844e-04,0.06142857,0,-1.00000000
ecg_118,ecg,SPAN,0.7500,128,5,527,527,3.7951,38.41425906,1.632413e-04,0.07750000,0,-1.00000000
ecg_118,ecg,SPAN,1.0000,128,5,527,527,3.7951,37.85739234,1.855738e-04,0.09500000,0,-1.00000000
ecg_118,ecg,SPAN,1.2500,128,5,527,527,3.7951,37.38098448,2.070892e-04,0.09500000,0,-1.00000000
ecg_118,ecg,SPAN,1.5000,128,5,527,527,3.7951,36.98703808,2.267525e-04,0.09500000,0,-1.00000000
ecg_118,ecg,SPAN,2.0000,128,5,527,527,3.7951,36.16839994,2.737890e-04,0.10000000,0,-1.00000000
ecg_118,ecg,REF_INTERP_ERROR,-1.0000,128,10,327,327,6.1162,33.55091840,5.002235e-04,0.12166667,0,-1.00000000
ecg_118,ecg,REF_VW_AREA,-1.0000,128,10,327,327,6.1162,31.46372249,8.088793e-04,0.19900000,0,-1.00000000
ecg_118,ecg,SPAN,0.0000,128,10,327,327,6.1162,33.55091840,5.002235e-04,0.12166667,0,-1.00000000
ecg_118,ecg,SPAN,0.2500,128,10,327,327,6.1162,32.96984763,5.718356e-04,0.13000000,0,-1.00000000
ecg_118,ecg,SPAN,0.5000,128,10,327,327,6.1162,32.95508546,5.737826e-04,0.14833333,0,-1.00000000
ecg_118,ecg,SPAN,0.7500,128,10,327,327,6.1162,32.32222917,6.637936e-04,0.14833333,0,-1.00000000
ecg_118,ecg,SPAN,1.0000,128,10,327,327,6.1162,31.46372249,8.088793e-04,0.19900000,0,-1.00000000
ecg_118,ecg,SPAN,1.2500,128,10,327,327,6.1162,31.03637865,8.925203e-04,0.18500000,0,-1.00000000
ecg_118,ecg,SPAN,1.5000,128,10,327,327,6.1162,30.86723946,9.279659e-04,0.21400000,0,-1.00000000
ecg_118,ecg,SPAN,2.0000,128,10,327,327,6.1162,29.60829268,1.240014e-03,0.19900000,0,-1.00000000
ecg_118,ecg,REF_INTERP_ERROR,-1.0000,128,20,227,227,8.8106,28.57096057,1.574562e-03,0.32000000,0,-1.00000000
ecg_118,ecg,REF_VW_AREA,-1.0000,128,20,227,227,8.8106,27.48644467,2.021210e-03,0.22875000,0,-1.00000000
ecg_118,ecg,SPAN,0.0000,128,20,227,227,8.8106,28.57096057,1.574562e-03,0.32000000,0,-1.00000000
ecg_118,ecg,SPAN,0.2500,128,20,227,227,8.8106,29.07272119,1.402761e-03,0.17428571,0,-1.00000000
ecg_118,ecg,SPAN,0.5000,128,20,227,227,8.8106,27.39713521,2.063205e-03,0.36750000,0,-1.00000000
ecg_118,ecg,SPAN,0.7500,128,20,227,227,8.8106,26.94910594,2.287417e-03,0.28500000,0,-1.00000000
ecg_118,ecg,SPAN,1.0000,128,20,227,227,8.8106,27.48644467,2.021210e-03,0.22875000,0,-1.00000000
ecg_118,ecg,SPAN,1.2500,128,20,227,227,8.8106,27.32578712,2.097381e-03,0.28000000,0,-1.00000000
ecg_118,ecg,SPAN,1.5000,128,20,227,227,8.8106,26.72156929,2.410455e-03,0.28500000,0,-1.00000000
ecg_118,ecg,SPAN,2.0000,128,20,227,227,8.8106,26.36387017,2.617393e-03,0.39714286,0,-1.00000000
ecg_118,ecg,REF_INTERP_ERROR,-1.0000,128,50,167,167,11.9760,20.78885792,9.448659e-03,0.79760000,0,-1.00000000
ecg_118,ecg,REF_VW_AREA,-1.0000,128,50,167,167,11.9760,22.98008563,5.704892e-03,0.52350000,0,-1.00000000
ecg_118,ecg,SPAN,0.0000,128,50,167,167,11.9760,20.78885792,9.448659e-03,0.79760000,0,-1.00000000
ecg_118,ecg,SPAN,0.2500,128,50,167,167,11.9760,20.77029454,9.489132e-03,0.79760000,0,-1.00000000
ecg_118,ecg,SPAN,0.5000,128,50,167,167,11.9760,19.13640052,1.382343e-02,0.79760000,0,-1.00000000
ecg_118,ecg,SPAN,0.7500,128,50,167,167,11.9760,23.23581418,5.378666e-03,0.52350000,0,-1.00000000
ecg_118,ecg,SPAN,1.0000,128,50,167,167,11.9760,22.98008563,5.704892e-03,0.52350000,0,-1.00000000
ecg_118,ecg,SPAN,1.2500,128,50,167,167,11.9760,25.64656656,3.087445e-03,0.33900000,0,-1.00000000
ecg_118,ecg,SPAN,1.5000,128,50,167,167,11.9760,23.90540445,4.610155e-03,0.46555556,0,-1.00000000
ecg_118,ecg,SPAN,2.0000,128,50,167,167,11.9760,23.39763221,5.181944e-03,0.73954545,0,-1.00000000
ecg_118,ecg,REF_INTERP_ERROR,-1.0000,128,100,147,147,13.6054,18.28652564,1.681138e-02,0.89625000,0,-1.00000000
ecg_118,ecg,REF_VW_AREA,-1.0000,128,100,147,147,13.6054,23.63176593,4.909976e-03,0.50250000,0,-1.00000000
ecg_118,ecg,SPAN,0.0000,128,100,147,147,13.6054,18.28652564,1.681138e-02,0.89625000,0,-1.00000000
ecg_118,ecg,SPAN,0.2500,128,100,147,147,13.6054,16.45008693,2.565945e-02,0.89625000,0,-1.00000000
ecg_118,ecg,SPAN,0.5000,128,100,147,147,13.6054,17.21242103,2.152850e-02,0.89625000,0,-1.00000000
ecg_118,ecg,SPAN,0.7500,128,100,147,147,13.6054,19.75323359,1.199313e-02,0.62166667,0,-1.00000000
ecg_118,ecg,SPAN,1.0000,128,100,147,147,13.6054,23.63176593,4.909976e-03,0.50250000,0,-1.00000000
ecg_118,ecg,SPAN,1.2500,128,100,147,147,13.6054,24.02016657,4.489927e-03,0.43323529,0,-1.00000000
ecg_118,ecg,SPAN,1.5000,128,100,147,147,13.6054,23.31180278,5.285373e-03,0.45416667,0,-1.00000000
ecg_118,ecg,SPAN,2.0000,128,100,147,147,13.6054,22.94148751,5.755820e-03,0.58181818,0,-1.00000000
ecg_118,ecg,REF_INTERP_ERROR,-1.0000,256,2,1255,1255,1.5936,51.87067215,7.365271e-06,0.01125000,0,-1.00000000
ecg_118,ecg,REF_VW_AREA,-1.0000,256,2,1255,1255,1.5936,51.40268222,8.203284e-06,0.01250000,0,-1.00000000
ecg_118,ecg,SPAN,0.0000,256,2,1255,1255,1.5936,51.87067215,7.365271e-06,0.01125000,0,-1.00000000
ecg_118,ecg,SPAN,0.2500,256,2,1255,1255,1.5936,52.05564168,7.058165e-06,0.01000000,0,-1.00000000
ecg_118,ecg,SPAN,0.5000,256,2,1255,1255,1.5936,51.81727405,7.456389e-06,0.01000000,0,-1.00000000
ecg_118,ecg,SPAN,0.7500,256,2,1255,1255,1.5936,51.65926276,7.732674e-06,0.01166667,0,-1.00000000
ecg_118,ecg,SPAN,1.0000,256,2,1255,1255,1.5936,51.40268222,8.203284e-06,0.01250000,0,-1.00000000
ecg_118,ecg,SPAN,1.2500,256,2,1255,1255,1.5936,51.12810091,8.738681e-06,0.01250000,0,-1.00000000
ecg_118,ecg,SPAN,1.5000,256,2,1255,1255,1.5936,50.85967627,9.295833e-06,0.01500000,0,-1.00000000
ecg_118,ecg,SPAN,2.0000,256,2,1255,1255,1.5936,50.33441656,1.049094e-05,0.01500000,0,-1.00000000
ecg_118,ecg,REF_INTERP_ERROR,-1.0000,256,3,922,922,2.1692,46.70338209,2.420571e-05,0.01666667,0,-1.00000000
ecg_118,ecg,REF_VW_AREA,-1.0000,256,3,922,922,2.1692,46.25836180,2.681759e-05,0.02416667,0,-1.00000000
ecg_118,ecg,SPAN,0.0000,256,3,922,922,2.1692,46.70338209,2.420571e-05,0.01666667,0,-1.00000000
ecg_118,ecg,SPAN,0.2500,256,3,922,922,2.1692,46.81411446,2.359633e-05,0.01833333,0,-1.00000000
ecg_118,ecg,SPAN,0.5000,256,3,922,922,2.1692,46.52431592,2.522460e-05,0.01833333,0,-1.00000000
ecg_118,ecg,SPAN,0.7500,256,3,922,922,2.1692,46.36420267,2.617193e-05,0.02416667,0,-1.00000000
ecg_118,ecg,SPAN,1.0000,256,3,922,922,2.1692,46.25836180,2.681759e-05,0.02416667,0,-1.00000000
ecg_118,ecg,SPAN,1.2500,256,3,922,922,2.1692,45.91536303,2.902149e-05,0.02750000,0,-1.00000000
ecg_118,ecg,SPAN,1.5000,256,3,922,922,2.1692,45.44287919,3.235698e-05,0.03666667,0,-1.00000000
ecg_118,ecg,SPAN,2.0000,256,3,922,922,2.1692,44.59107978,3.936842e-05,0.04000000,0,-1.00000000
ecg_118,ecg,REF_INTERP_ERROR,-1.0000,256,5,655,655,3.0534,41.88757703,7.336658e-05,0.03214286,0,-1.00000000
ecg_118,ecg,REF_VW_AREA,-1.0000,256,5,655,655,3.0534,40.79819958,9.428357e-05,0.05750000,0,-1.00000000
ecg_118,ecg,SPAN,0.0000,256,5,655,655,3.0534,41.88757703,7.336658e-05,0.03214286,0,-1.00000000
ecg_118,ecg,SPAN,0.2500,256,5,655,655,3.0534,41.71858934,7.627760e-05,0.03333333,0,-1.00000000
ecg_118,ecg,SPAN,0.5000,256,5,655,655,3.0534,41.52959220,7.967035e-05,0.05300000,0,-1.00000000
ecg_118,ecg,SPAN,0.7500,256,5,655,655,3.0534,41.18686153,8.621241e-05,0.05333333,0,-1.00000000
ecg_118,ecg,SPAN,1.0000,256,5,655,655,3.0534,40.79819958,9.428357e-05,0.05750000,0,-1.00000000
ecg_118,ecg,SPAN,1.2500,256,5,655,655,3.0534,40.24114255,1.071869e-04,0.07500000,0,-1.00000000
ecg_118,ecg,SPAN,1.5000,256,5,655,655,3.0534,39.73640714,1.203969e-04,0.07500000,0,-1.00000000
ecg_118,ecg,SPAN,2.0000,256,5,655,655,3.0534,38.81850821,1.487322e-04,0.09250000,0,-1.00000000
ecg_118,ecg,REF_INTERP_ERROR,-1.0000,256,10,455,455,4.3956,36.43943998,2.572243e-04,0.08875000,0,-1.00000000
ecg_118,ecg,REF_VW_AREA,-1.0000,256,10,455,455,4.3956,36.23614472,2.695513e-04,0.10125000,0,-1.00000000
ecg_118,ecg,SPAN,0.0000,256,10,455,455,4.3956,36.43943998,2.572243e-04,0.08875000,0,-1.00000000
ecg_118,ecg,SPAN,0.2500,256,10,455,455,4.3956,36.74628956,2.396774e-04,0.07409091,0,-1.00000000
ecg_118,ecg,SPAN,0.5000,256,10,455,455,4.3956,36.82280993,2.354914e-04,0.10071429,0,-1.00000000
ecg_118,ecg,SPAN,0.7500,256,10,455,455,4.3956,36.43366594,2.575665e-04,0.10071429,0,-1.00000000
ecg_118,ecg,SPAN,1.0000,256,10,455,455,4.3956,36.23614472,2.695513e-04,0.10125000,0,-1.00000000
ecg_118,ecg,SPAN,1.2500,256,10,455,455,4.3956,35.77868498,2.994935e-04,0.10125000,0,-1.00000000
ecg_118,ecg,SPAN,1.5000,256,10,455,455,4.3956,35.43712595,3.239988e-04,0.13000000,0,-1.00000000
ecg_118,ecg,SPAN,2.0000,256,10,455,455,4.3956,34.29434858,4.215228e-04,0.14666667,0,-1.00000000
ecg_118,ecg,REF_INTERP_ERROR,-1.0000,256,20,355,355,5.6338,33.26899268,5.337731e-04,0.12166667,0,-1.00000000
ecg_118,ecg,REF_VW_AREA,-1.0000,256,20,355,355,5.6338,34.06108877,4.447819e-04,0.12250000,0,-1.00000000
ecg_118,ecg,SPAN,0.0000,256,20,355,355,5.6338,33.26899268,5.337731e-04,0.12166667,0,-1.00000000
ecg_118,ecg,SPAN,0.2500,256,20,355,355,5.6338,33.40812335,5.169441e-04,0.13000000,0,-1.00000000
ecg_118,ecg,SPAN,0.5000,256,20,355,355,5.6338,33.80818778,4.714517e-04,0.10071429,0,-1.00000000
ecg_118,ecg,SPAN,0.7500,256,20,355,355,5.6338,34.01487028,4.495406e-04,0.09500000,0,-1.00000000
ecg_118,ecg,SPAN,1.0000,256,20,355,355,5.6338,34.06108877,4.447819e-04,0.12250000,0,-1.00000000
ecg_118,ecg,SPAN,1.2500,256,20,355,355,5.6338,33.33271382,5.259986e-04,0.16833333,0,-1.00000000
ecg_118,ecg,SPAN,1.5000,256,20,355,355,5.6338,32.97945740,5.705717e-04,0.18833333,0,-1.00000000
ecg_118,ecg,SPAN,2.0000,256,20,355,355,5.6338,32.18442987,6.851931e-04,0.18833333,0,-1.00000000
ecg_118,ecg,REF_INTERP_ERROR,-1.0000,256,50,295,295,6.7797,29.88276799,1.164070e-03,0.15621212,0,-1.00000000
ecg_118,ecg,REF_VW_AREA,-1.0000,256,50,295,295,6.7797,31.98190014,7.179033e-04,0.21187500,0,-1.00000000
ecg_118,ecg,SPAN,0.0000,256,50,295,295,6.7797,29.88276799,1.164070e-03,0.15621212,0,-1.00000000
ecg_118,ecg,SPAN,0.2500,256,50,295,295,6.7797,29.85557833,1.171381e-03,0.16371429,0,-1.00000000
ecg_118,ecg,SPAN,0.5000,256,50,295,295,6.7797,31.63508758,7.775838e-04,0.13666667,0,-1.00000000
ecg_118,ecg,SPAN,0.7500,256,50,295,295,6.7797,32.27523932,6.710147e-04,0.12250000,0,-1.00000000
ecg_118,ecg,SPAN,1.0000,256,50,295,295,6.7797,31.98190014,7.179033e-04,0.21187500,0,-1.00000000
ecg_118,ecg,SPAN,1.2500,256,50,295,295,6.7797,32.25281757,6.744880e-04,0.17666667,0,-1.00000000
ecg_118,ecg,SPAN,1.5000,256,50,295,295,6.7797,31.30942049,8.381349e-04,0.17666667,0,-1.00000000
ecg_118,ecg,SPAN,2.0000,256,50,295,295,6.7797,30.34990290,1.045359e-03,0.33714286,0,-1.00000000
ecg_118,ecg,REF_INTERP_ERROR,-1.0000,256,100,275,275,7.2727,24.41184583,4.102715e-03,0.44652381,0,-1.00000000
ecg_118,ecg,REF_VW_AREA,-1.0000,256,100,275,275,7.2727,31.49841553,8.024434e-04,0.21187500,0,-1.00000000
ecg_118,ecg,SPAN,0.0000,256,100,275,275,7.2727,24.41184583,4.102715e-03,0.44652381,0,-1.00000000
ecg_118,ecg,SPAN,0.2500,256,100,275,275,7.2727,27.14755089,2.185249e-03,0.31500000,0,-1.00000000
ecg_118,ecg,SPAN,0.5000,256,100,275,275,7.2727,31.23508347,8.526045e-04,0.13666667,0,-1.00000000
ecg_118,ecg,SPAN,0.7500,256,100,275,275,7.2727,32.09303744,6.997650e-04,0.12250000,0,-1.00000000
ecg_118,ecg,SPAN,1.0000,256,100,275,275,7.2727,31.49841553,8.024434e-04,0.21187500,0,-1.00000000
ecg_118,ecg,SPAN,1.2500,256,100,275,275,7.2727,31.13484649,8.725118e-04,0.21187500,0,-1.00000000
ecg_118,ecg,SPAN,1.5000,256,100,275,275,7.2727,31.32385798,8.353532e-04,0.17666667,0,-1.00000000
ecg_118,ecg,SPAN,2.0000,256,100,275,275,7.2727,30.16266524,1.091414e-03,0.25333333,0,-1.00000000
ecg_118,ecg,REF_INTERP_ERROR,-1.0000,512,2,1511,1511,1.3236,56.72100384,2.410769e-06,0.00833333,0,-1.00000000
ecg_118,ecg,REF_VW_AREA,-1.0000,512,2,1511,1511,1.3236,56.51761722,2.526354e-06,0.00750000,0,-1.00000000
ecg_118,ecg,SPAN,0.0000,512,2,1511,1511,1.3236,56.72100384,2.410769e-06,0.00833333,0,-1.00000000
ecg_118,ecg,SPAN,0.2500,512,2,1511,1511,1.3236,56.72376591,2.409236e-06,0.00833333,0,-1.00000000
ecg_118,ecg,SPAN,0.5000,512,2,1511,1511,1.3236,56.85446279,2.337812e-06,0.00750000,0,-1.00000000
ecg_118,ecg,SPAN,0.7500,512,2,1511,1511,1.3236,56.75763422,2.390521e-06,0.00750000,0,-1.00000000
ecg_118,ecg,SPAN,1.0000,512,2,1511,1511,1.3236,56.51761722,2.526354e-06,0.00750000,0,-1.00000000
ecg_118,ecg,SPAN,1.2500,512,2,1511,1511,1.3236,56.01718850,2.834896e-06,0.00750000,0,-1.00000000
ecg_118,ecg,SPAN,1.5000,512,2,1511,1511,1.3236,56.01718850,2.834896e-06,0.00750000,0,-1.00000000
ecg_118,ecg,SPAN,2.0000,512,2,1511,1511,1.3236,55.51137050,3.185069e-06,0.00875000,0,-1.00000000
ecg_118,ecg,REF_INTERP_ERROR,-1.0000,512,3,1178,1178,1.6978,50.46012506,1.019163e-05,0.01142857,0,-1.00000000
ecg_118,ecg,REF_VW_AREA,-1.0000,512,3,1178,1178,1.6978,49.97759467,1.138929e-05,0.01625000,0,-1.00000000
ecg_118,ecg,SPAN,0.0000,512,3,1178,1178,1.6978,50.46012506,1.019163e-05,0.01142857,0,-1.00000000
ecg_118,ecg,SPAN,0.2500,512,3,1178,1178,1.6978,50.50478672,1.008735e-05,0.01375000,0,-1.00000000
ecg_118,ecg,SPAN,0.5000,512,3,1178,1178,1.6978,50.29167194,1.059470e-05,0.01375000,0,-1.00000000
ecg_118,ecg,SPAN,0.7500,512,3,1178,1178,1.6978,50.07282206,1.114227e-05,0.01625000,0,-1.00000000
ecg_118,ecg,SPAN,1.0000,512,3,1178,1178,1.6978,49.97759467,1.138929e-05,0.01625000,0,-1.00000000
ecg_118,ecg,SPAN,1.2500,512,3,1178,1178,1.6978,49.77883023,1.192265e-05,0.01500000,0,-1.00000000
ecg_118,ecg,SPAN,1.5000,512,3,1178,1178,1.6978,49.47693918,1.278092e-05,0.01750000,0,-1.00000000
ecg_118,ecg,SPAN,2.0000,512,3,1178,1178,1.6978,48.58713340,1.568710e-05,0.02000000,0,-1.00000000
ecg_118,ecg,REF_INTERP_ERROR,-1.0000,512,5,911,911,2.1954,46.46329012,2.558156e-05,0.02600000,0,-1.00000000
ecg_118,ecg,REF_VW_AREA,-1.0000,512,5,911,911,2.1954,46.04002938,2.820025e-05,0.02500000,0,-1.00000000
ecg_118,ecg,SPAN,0.0000,512,5,911,911,2.1954,46.46329012,2.558156e-05,0.02600000,0,-1.00000000
ecg_118,ecg,SPAN,0.2500,512,5,911,911,2.1954,46.56412235,2.499446e-05,0.02600000,0,-1.00000000
ecg_118,ecg,SPAN,0.5000,512,5,911,911,2.1954,46.55966342,2.502013e-05,0.01800000,0,-1.00000000
ecg_118,ecg,SPAN,0.7500,512,5,911,911,2.1954,46.31517545,2.646905e-05,0.02250000,0,-1.00000000
ecg_118,ecg,SPAN,1.0000,512,5,911,911,2.1954,46.04002938,2.820025e-05,0.02500000,0,-1.00000000
ecg_118,ecg,SPAN,1.2500,512,5,911,911,2.1954,45.74344204,3.019338e-05,0.03200000,0,-1.00000000
ecg_118,ecg,SPAN,1.5000,512,5,911,911,2.1954,45.23562165,3.393859e-05,0.03500000,0,-1.00000000
ecg_118,ecg,SPAN,2.0000,512,5,911,911,2.1954,44.42242686,4.092732e-05,0.04500000,0,-1.00000000
ecg_118,ecg,REF_INTERP_ERROR,-1.0000,512,10,711,711,2.8129,42.91144029,5.795780e-05,0.03000000,0,-1.00000000
ecg_118,ecg,REF_VW_AREA,-1.0000,512,10,711,711,2.8129,42.85174730,5.875992e-05,0.04000000,0,-1.00000000
ecg_118,ecg,SPAN,0.0000,512,10,711,711,2.8129,42.91144029,5.795780e-05,0.03000000,0,-1.00000000
ecg_118,ecg,SPAN,0.2500,512,10,711,711,2.8129,43.19534484,5.429020e-05,0.03000000,0,-1.00000000
ecg_118,ecg,SPAN,0.5000,512,10,711,711,2.8129,43.31223617,5.284846e-05,0.03250000,0,-1.00000000
ecg_118,ecg,SPAN,0.7500,512,10,711,711,2.8129,43.07152538,5.586032e-05,0.03250000,0,-1.00000000
ecg_118,ecg,SPAN,1.0000,512,10,711,711,2.8129,42.85174730,5.875992e-05,0.04000000,0,-1.00000000
ecg_118,ecg,SPAN,1.2500,512,10,711,711,2.8129,42.30382185,6.666130e-05,0.05333333,0,-1.00000000
ecg_118,ecg,SPAN,1.5000,512,10,711,711,2.8129,41.90261153,7.311303e-05,0.05750000,0,-1.00000000
ecg_118,ecg,SPAN,2.0000,512,10,711,711,2.8129,40.73315179,9.570635e-05,0.08000000,0,-1.00000000
ecg_118,ecg,REF_INTERP_ERROR,-1.0000,512,20,611,611,3.2733,41.09401299,8.807541e-05,0.04823529,0,-1.00000000
ecg_118,ecg,REF_VW_AREA,-1.0000,512,20,611,611,3.2733,40.97850945,9.044926e-05,0.05333333,0,-1.00000000
ecg_118,ecg,SPAN,0.0000,512,20,611,611,3.2733,41.09401299,8.807541e-05,0.04823529,0,-1.00000000
ecg_118,ecg,SPAN,0.2500,512,20,611,611,3.2733,41.50735851,8.007927e-05,0.04400000,0,-1.00000000
ecg_118,ecg,SPAN,0.5000,512,20,611,611,3.2733,41.62773037,7.789022e-05,0.03833333,0,-1.00000000
ecg_118,ecg,SPAN,0.7500,512,20,611,611,3.2733,41.45252829,8.109669e-05,0.04200000,0,-1.00000000
ecg_118,ecg,SPAN,1.0000,512,20,611,611,3.2733,40.97850945,9.044926e-05,0.05333333,0,-1.00000000
ecg_118,ecg,SPAN,1.2500,512,20,611,611,3.2733,40.57140065,9.933811e-05,0.06250000,0,-1.00000000
ecg_118,ecg,SPAN,1.5000,512,20,611,611,3.2733,39.99013311,1.135645e-04,0.07500000,0,-1.00000000
ecg_118,ecg,SPAN,2.0000,512,20,611,611,3.2733,39.25321940,1.345656e-04,0.09250000,0,-1.00000000
ecg_118,ecg,REF_INTERP_ERROR,-1.0000,512,50,551,551,3.6298,39.33195153,1.321481e-04,0.06931034,0,-1.00000000
ecg_118,ecg,REF_VW_AREA,-1.0000,512,50,551,551,3.6298,39.96415659,1.142458e-04,0.05750000,0,-1.00000000
ecg_118,ecg,SPAN,0.0000,512,50,551,551,3.6298,39.33195153,1.321481e-04,0.06931034,0,-1.00000000
ecg_118,ecg,SPAN,0.2500,512,50,551,551,3.6298,40.36161983,1.042543e-04,0.05277778,0,-1.00000000
ecg_118,ecg,SPAN,0.5000,512,50,551,551,3.6298,40.77809994,9.472093e-05,0.04000000,0,-1.00000000
ecg_118,ecg,SPAN,0.7500,512,50,551,551,3.6298,40.25814962,1.067680e-04,0.05333333,0,-1.00000000
ecg_118,ecg,SPAN,1.0000,512,50,551,551,3.6298,39.96415659,1.142458e-04,0.05750000,0,-1.00000000
ecg_118,ecg,SPAN,1.2500,512,50,551,551,3.6298,39.64245014,1.230300e-04,0.06250000,0,-1.00000000
ecg_118,ecg,SPAN,1.5000,512,50,551,551,3.6298,39.05378318,1.408892e-04,0.08000000,0,-1.00000000
ecg_118,ecg,SPAN,2.0000,512,50,551,551,3.6298,38.26431031,1.689760e-04,0.09250000,0,-1.00000000
ecg_118,ecg,REF_INTERP_ERROR,-1.0000,512,100,531,531,3.7665,39.04793011,1.410792e-04,0.07166667,0,-1.00000000
ecg_118,ecg,REF_VW_AREA,-1.0000,512,100,531,531,3.7665,39.55652461,1.254884e-04,0.05500000,0,-1.00000000
ecg_118,ecg,SPAN,0.0000,512,100,531,531,3.7665,39.04793011,1.410792e-04,0.07166667,0,-1.00000000
ecg_118,ecg,SPAN,0.2500,512,100,531,531,3.7665,40.06516853,1.116193e-04,0.04692308,0,-1.00000000
ecg_118,ecg,SPAN,0.5000,512,100,531,531,3.7665,40.18748062,1.085195e-04,0.05300000,0,-1.00000000
ecg_118,ecg,SPAN,0.7500,512,100,531,531,3.7665,40.10386072,1.106292e-04,0.05333333,0,-1.00000000
ecg_118,ecg,SPAN,1.0000,512,100,531,531,3.7665,39.55652461,1.254884e-04,0.05500000,0,-1.00000000
ecg_118,ecg,SPAN,1.2500,512,100,531,531,3.7665,39.21608774,1.357210e-04,0.07500000,0,-1.00000000
ecg_118,ecg,SPAN,1.5000,512,100,531,531,3.7665,38.68561794,1.533537e-04,0.09250000,0,-1.00000000
ecg_118,ecg,SPAN,2.0000,512,100,531,531,3.7665,38.11962968,1.747000e-04,0.09250000,0,-1.00000000
ecg_119,ecg,REF_INTERP_ERROR,-1.0000,32,2,1031,1031,1.9399,49.96640849,9.737595e-06,0.01750000,0,-1.00000000
ecg_119,ecg,REF_VW_AREA,-1.0000,32,2,1031,1031,1.9399,49.13049018,1.180439e-05,0.03000000,0,-1.00000000
ecg_119,ecg,SPAN,0.0000,32,2,1031,1031,1.9399,49.96640849,9.737595e-06,0.01750000,0,-1.00000000
ecg_119,ecg,SPAN,0.2500,32,2,1031,1031,1.9399,49.82648430,1.005644e-05,0.01750000,0,-1.00000000
ecg_119,ecg,SPAN,0.5000,32,2,1031,1031,1.9399,49.76177712,1.020739e-05,0.02000000,0,-1.00000000
ecg_119,ecg,SPAN,0.7500,32,2,1031,1031,1.9399,49.52556343,1.077795e-05,0.02000000,0,-1.00000000
ecg_119,ecg,SPAN,1.0000,32,2,1031,1031,1.9399,49.13049018,1.180439e-05,0.03000000,0,-1.00000000
ecg_119,ecg,SPAN,1.2500,32,2,1031,1031,1.9399,48.86960148,1.253523e-05,0.03000000,0,-1.00000000
ecg_119,ecg,SPAN,1.5000,32,2,1031,1031,1.9399,48.30486567,1.427598e-05,0.03250000,0,-1.00000000
ecg_119,ecg,SPAN,2.0000,32,2,1031,1031,1.9399,47.32616266,1.788448e-05,0.03750000,0,-1.00000000
ecg_119,ecg,REF_INTERP_ERROR,-1.0000,32,3,698,698,2.8653,44.63686205,3.322051e-05,0.02600000,0,-1.00000000
ecg_119,ecg,REF_VW_AREA,-1.0000,32,3,698,698,2.8653,44.00821054,3.839472e-05,0.04000000,0,-1.00000000
ecg_119,ecg,SPAN,0.0000,32,3,698,698,2.8653,44.63686205,3.322051e-05,0.02600000,0,-1.00000000
ecg_119,ecg,SPAN,0.2500,32,3,698,698,2.8653,44.74782335,3.238249e-05,0.03250000,0,-1.00000000
ecg_119,ecg,SPAN,0.5000,32,3,698,698,2.8653,44.51911673,3.413351e-05,0.03250000,0,-1.00000000
ecg_119,ecg,SPAN,0.7500,32,3,698,698,2.8653,44.41644471,3.495007e-05,0.04000000,0,-1.00000000
ecg_119,ecg,SPAN,1.0000,32,3,698,698,2.8653,44.00821054,3.839472e-05,0.04000000,0,-1.00000000
ecg_119,ecg,SPAN,1.2500,32,3,698,698,2.8653,43.44245610,4.373679e-05,0.05000000,0,-1.00000000
ecg_119,ecg,SPAN,1.5000,32,3,698,698,2.8653,42.80782580,5.061858e-05,0.06000000,0,-1.00000000
ecg_119,ecg,SPAN,2.0000,32,3,698,698,2.8653,41.51733195,6.813329e-05,0.07750000,0,-1.00000000
ecg_119,ecg,REF_INTERP_ERROR,-1.0000,32,5,431,431,4.6404,40.06361799,9.522057e-05,0.04333333,0,-1.00000000
ecg_119,ecg,REF_VW_AREA,-1.0000,32,5,431,431,4.6404,37.92940271,1.556511e-04,0.10500000,0,-1.00000000
ecg_119,ecg,SPAN,0.0000,32,5,431,431,4.6404,40.06361799,9.522057e-05,0.04333333,0,-1.00000000
ecg_119,ecg,SPAN,0.2500,32,5,431,431,4.6404,39.90079630,9.885825e-05,0.05500000,0,-1.00000000
ecg_119,ecg,SPAN,0.5000,32,5,431,431,4.6404,39.17871387,1.167404e-04,0.06800000,0,-1.00000000
ecg_119,ecg,SPAN,0.7500,32,5,431,431,4.6404,38.82096816,1.267639e-04,0.08875000,0,-1.00000000
ecg_119,ecg,SPAN,1.0000,32,5,431,431,4.6404,37.92940271,1.556511e-04,0.10500000,0,-1.00000000
ecg_119,ecg,SPAN,1.2500,32,5,431,431,4.6404,37.58190644,1.686172e-04,0.10750000,0,-1.00000000
ecg_119,ecg,SPAN,1.5000,32,5,431,431,4.6404,37.27741413,1.808636e-04,0.10833333,0,-1.00000000
ecg_119,ecg,SPAN,2.0000,32,5,431,431,4.6404,36.15069924,2.344351e-04,0.11333333,0,-1.00000000
ecg_119,ecg,REF_INTERP_ERROR,-1.0000,32,10,231,231,8.6580,34.65400641,3.308963e-04,0.10562500,0,-1.00000000
ecg_119,ecg,REF_VW_AREA,-1.0000,32,10,231,231,8.6580,33.09819896,4.734484e-04,0.16083333,0,-1.00000000
ecg_119,ecg,SPAN,0.0000,32,10,231,231,8.6580,34.65400641,3.308963e-04,0.10562500,0,-1.00000000
ecg_119,ecg,SPAN,0.2500,32,10,231,231,8.6580,34.35105966,3.548024e-04,0.10111111,0,-1.00000000
ecg_119,ecg,SPAN,0.5000,32,10,231,231,8.6580,34.38813509,3.517864e-04,0.09833333,0,-1.00000000
ecg_119,ecg,SPAN,0.7500,32,10,231,231,8.6580,33.93899896,3.901150e-04,0.16083333,0,-1.00000000
ecg_119,ecg,SPAN,1.0000,32,10,231,231,8.6580,33.09819896,4.734484e-04,0.16083333,0,-1.00000000
ecg_119,ecg,SPAN,1.2500,32,10,231,231,8.6580,31.87534282,6.274199e-04,0.19166667,0,-1.00000000
ecg_119,ecg,SPAN,1.5000,32,10,231,231,8.6580,30.57407958,8.466124e-04,0.33600000,0,-1.00000000
ecg_119,ecg,SPAN,2.0000,32,10,231,231,8.6580,29.43521351,1.100452e-03,0.27166667,0,-1.00000000
ecg_119,ecg,REF_INTERP_ERROR,-1.0000,32,20,131,131,15.2672,27.75637805,1.619775e-03,0.19050000,0,-1.00000000
ecg_119,ecg,REF_VW_AREA,-1.0000,32,20,131,131,15.2672,25.69014902,2.606620e-03,0.35000000,0,-1.00000000
ecg_119,ecg,SPAN,0.0000,32,20,131,131,15.2672,27.75637805,1.619775e-03,0.19050000,0,-1.00000000
ecg_119,ecg,SPAN,0.2500,32,20,131,131,15.2672,27.59687184,1.680372e-03,0.28450000,0,-1.00000000
ecg_119,ecg,SPAN,0.5000,32,20,131,131,15.2672,26.55114603,2.137854e-03,0.35000000,0,-1.00000000
ecg_119,ecg,SPAN,0.7500,32,20,131,131,15.2672,26.38882643,2.219269e-03,0.35000000,0,-1.00000000
ecg_119,ecg,SPAN,1.0000,32,20,131,131,15.2672,25.69014902,2.606620e-03,0.35000000,0,-1.00000000
ecg_119,ecg,SPAN,1.2500,32,20,131,131,15.2672,23.68548111,4.135656e-03,0.68812500,0,-1.00000000
ecg_119,ecg,SPAN,1.5000,32,20,131,131,15.2672,24.42493546,3.488181e-03,0.43928571,0,-1.00000000
ecg_119,ecg,SPAN,2.0000,32,20,131,131,15.2672,22.40235960,5.557207e-03,0.65384615,0,-1.00000000
ecg_119,ecg,REF_INTERP_ERROR,-1.0000,32,50,71,71,28.1690,18.44423646,1.382512e-02,0.49250000,0,-1.00000000
ecg_119,ecg,REF_VW_AREA,-1.0000,32,50,71,71,28.1690,13.65645060,4.163394e-02,1.71483871,0,-1.00000000
ecg_119,ecg,SPAN,0.0000,32,50,71,71,28.1690,18.44423646,1.382512e-02,0.49250000,0,-1.00000000
ecg_119,ecg,SPAN,0.2500,32,50,71,71,28.1690,20.30727661,9.002537e-03,0.60166667,0,-1.00000000
ecg_119,ecg,SPAN,0.5000,32,50,71,71,28.1690,16.83430351,2.002914e-02,1.81230769,0,-1.00000000
ecg_119,ecg,SPAN,0.7500,32,50,71,71,28.1690,15.96024215,2.449449e-02,1.66295918,0,-1.00000000
ecg_119,ecg,SPAN,1.0000,32,50,71,71,28.1690,13.65645060,4.163394e-02,1.71483871,0,-1.00000000
ecg_119,ecg,SPAN,1.2500,32,50,71,71,28.1690,12.25595639,5.747737e-02,1.83781250,0,-1.00000000
ecg_119,ecg,SPAN,1.5000,32,50,71,71,28.1690,12.89664651,4.959386e-02,1.71750000,0,-1.00000000
ecg_119,ecg,SPAN,2.0000,32,50,71,71,28.1690,11.63602122,6.629648e-02,1.83781250,0,-1.00000000
ecg_119,ecg,REF_INTERP_ERROR,-1.0000,32,100,51,51,39.2157,14.67143278,3.295712e-02,0.65764803,0,-1.00000000
ecg_119,ecg,REF_VW_AREA,-1.0000,32,100,51,51,39.2157,9.96693797,9.736408e-02,2.16600559,0,-1.00000000
ecg_119,ecg,SPAN,0.0000,32,100,51,51,39.2157,14.67143278,3.295712e-02,0.65764803,0,-1.00000000
ecg_119,ecg,SPAN,0.2500,32,100,51,51,39.2157,12.25393913,5.750408e-02,1.82833333,0,-1.00000000
ecg_119,ecg,SPAN,0.5000,32,100,51,51,39.2157,12.53042976,5.395722e-02,1.82833333,0,-1.00000000
ecg_119,ecg,SPAN,0.7500,32,100,51,51,39.2157,9.95592386,9.761132e-02,2.33730769,0,-1.00000000
ecg_119,ecg,SPAN,1.0000,32,100,51,51,39.2157,9.96693797,9.736408e-02,2.16600559,0,-1.00000000
ecg_119,ecg,SPAN,1.2500,32,100,51,51,39.2157,10.33812148,8.938825e-02,2.00025000,0,-1.00000000
ecg_119,ecg,SPAN,1.5000,32,100,51,51,39.2157,9.62031517,1.054535e-01,2.25500000,0,-1.00000000
ecg_119,ecg,SPAN,2.0000,32,100,51,51,39.2157,10.95531717,7.754626e-02,2.17785714,0,-1.00000000
ecg_119,ecg,REF_INTERP_ERROR,-1.0000,64,2,1063,1063,1.8815,51.13884704,7.433748e-06,0.01166667,0,-1.00000000
ecg_119,ecg,REF_VW_AREA,-1.0000,64,2,1063,1063,1.8815,50.28878381,9.040952e-06,0.01250000,0,-1.00000000
ecg_119,ecg,SPAN,0.0000,64,2,1063,1063,1.8815,51.13884704,7.433748e-06,0.01166667,0,-1.00000000
ecg_119,ecg,SPAN,0.2500,64,2,1063,1063,1.8815,51.05779891,7.573780e-06,0.01166667,0,-1.00000000
ecg_119,ecg,SPAN,0.5000,64,2,1063,1063,1.8815,50.88614600,7.879125e-06,0.01250000,0,-1.00000000
ecg_119,ecg,SPAN,0.7500,64,2,1063,1063,1.8815,50.48884486,8.633921e-06,0.01250000,0,-1.00000000
ecg_119,ecg,SPAN,1.0000,64,2,1063,1063,1.8815,50.28878381,9.040952e-06,0.01250000,0,-1.00000000
ecg_119,ecg,SPAN,1.2500,64,2,1063,1063,1.8815,50.07052060,9.506935e-06,0.01500000,0,-1.00000000
ecg_119,ecg,SPAN,1.5000,64,2,1063,1063,1.8815,49.78908255,1.014342e-05,0.01500000,0,-1.00000000
ecg_119,ecg,SPAN,2.0000,64,2,1063,1063,1.8815,48.91274610,1.241132e-05,0.01750000,0,-1.00000000
ecg_119,ecg,REF_INTERP_ERROR,-1.0000,64,3,730,730,2.7397,45.87604853,2.497398e-05,0.01714286,0,-1.00000000
ecg_119,ecg,REF_VW_AREA,-1.0000,64,3,730,730,2.7397,45.26426117,2.875189e-05,0.02928571,0,-1.00000000
ecg_119,ecg,SPAN,0.0000,64,3,730,730,2.7397,45.87604853,2.497398e-05,0.01714286,0,-1.00000000
ecg_119,ecg,SPAN,0.2500,64,3,730,730,2.7397,46.02641438,2.412410e-05,0.02000000,0,-1.00000000
ecg_119,ecg,SPAN,0.5000,64,3,730,730,2.7397,46.08120997,2.382164e-05,0.02000000,0,-1.00000000
ecg_119,ecg,SPAN,0.7500,64,3,730,730,2.7397,45.84742586,2.513911e-05,0.02333333,0,-1.00000000
ecg_119,ecg,SPAN,1.0000,64,3,730,730,2.7397,45.26426117,2.875189e-05,0.02928571,0,-1.00000000
ecg_119,ecg,SPAN,1.2500,64,3,730,730,2.7397,44.75689125,3.231495e-05,0.03333333,0,-1.00000000
ecg_119,ecg,SPAN,1.5000,64,3,730,730,2.7397,44.32277397,3.571208e-05,0.03333333,0,-1.00000000
ecg_119,ecg,SPAN,2.0000,64,3,730,730,2.7397,43.44431594,4.371807e-05,0.05000000,0,-1.00000000
ecg_119,ecg,REF_INTERP_ERROR,-1.0000,64,5,463,463,4.3197,40.87919685,7.891742e-05,0.03230769,0,-1.00000000
ecg_119,ecg,REF_VW_AREA,-1.0000,64,5,463,463,4.3197,40.12548763,9.387367e-05,0.06250000,0,-1.00000000
ecg_119,ecg,SPAN,0.0000,64,5,463,463,4.3197,40.87919685,7.891742e-05,0.03230769,0,-1.00000000
ecg_119,ecg,SPAN,0.2500,64,5,463,463,4.3197,41.41191473,6.980734e-05,0.03375000,0,-1.00000000
ecg_119,ecg,SPAN,0.5000,64,5,463,463,4.3197,41.06204569,7.566377e-05,0.04300000,0,-1.00000000
ecg_119,ecg,SPAN,0.7500,64,5,463,463,4.3197,40.52847767,8.555488e-05,0.06000000,0,-1.00000000
ecg_119,ecg,SPAN,1.0000,64,5,463,463,4.3197,40.12548763,9.387367e-05,0.06250000,0,-1.00000000
ecg_119,ecg,SPAN,1.2500,64,5,463,463,4.3197,38.77038628,1.282490e-04,0.09100000,0,-1.00000000
ecg_119,ecg,SPAN,1.5000,64,5,463,463,4.3197,38.16129662,1.475580e-04,0.10500000,0,-1.00000000
ecg_119,ecg,SPAN,2.0000,64,5,463,463,4.3197,37.63319734,1.666375e-04,0.10750000,0,-1.00000000
ecg_119,ecg,REF_INTERP_ERROR,-1.0000,64,10,263,263,7.6046,35.42034927,2.773688e-04,0.07700000,0,-1.00000000
ecg_119,ecg,REF_VW_AREA,-1.0000,64,10,263,263,7.6046,33.95069138,3.890661e-04,0.16083333,0,-1.00000000
ecg_119,ecg,SPAN,0.0000,64,10,263,263,7.6046,35.42034927,2.773688e-04,0.07700000,0,-1.00000000
ecg_119,ecg,SPAN,0.2500,64,10,263,263,7.6046,35.76129871,2.564264e-04,0.07600000,0,-1.00000000
ecg_119,ecg,SPAN,0.5000,64,10,263,263,7.6046,35.42340824,2.771735e-04,0.08875000,0,-1.00000000
ecg_119,ecg,SPAN,0.7500,64,10,263,263,7.6046,35.10997750,2.979167e-04,0.11500000,0,-1.00000000
ecg_119,ecg,SPAN,1.0000,64,10,263,263,7.6046,33.95069138,3.890661e-04,0.16083333,0,-1.00000000
ecg_119,ecg,SPAN,1.2500,64,10,263,263,7.6046,33.03152622,4.807729e-04,0.19000000,0,-1.00000000
ecg_119,ecg,SPAN,1.5000,64,10,263,263,7.6046,32.07679791,5.989806e-04,0.19166667,0,-1.00000000
ecg_119,ecg,SPAN,2.0000,64,10,263,263,7.6046,30.33808993,8.938890e-04,0.27166667,0,-1.00000000
ecg_119,ecg,REF_INTERP_ERROR,-1.0000,64,20,163,163,12.2699,28.53759175,1.353111e-03,0.17131579,0,-1.00000000
ecg_119,ecg,REF_VW_AREA,-1.0000,64,20,163,163,12.2699,27.52190490,1.709630e-03,0.35000000,0,-1.00000000
ecg_119,ecg,SPAN,0.0000,64,20,163,163,12.2699,28.53759175,1.353111e-03,0.17131579,0,-1.00000000
ecg_119,ecg,SPAN,0.2500,64,20,163,163,12.2699,29.64379384,1.048850e-03,0.15250000,0,-1.00000000
ecg_119,ecg,SPAN,0.5000,64,20,163,163,12.2699,28.72041044,1.297333e-03,0.35000000,0,-1.00000000
ecg_119,ecg,SPAN,0.7500,64,20,163,163,12.2699,27.57241313,1.689862e-03,0.35000000,0,-1.00000000
ecg_119,ecg,SPAN,1.0000,64,20,163,163,12.2699,27.52190490,1.709630e-03,0.35000000,0,-1.00000000
ecg_119,ecg,SPAN,1.2500,64,20,163,163,12.2699,26.58596023,2.120784e-03,0.35000000,0,-1.00000000
ecg_119,ecg,SPAN,1.5000,64,20,163,163,12.2699,25.94263363,2.459400e-03,0.41357143,0,-1.00000000
ecg_119,ecg,SPAN,2.0000,64,20,163,163,12.2699,23.81633894,4.012903e-03,0.65187500,0,-1.00000000
ecg_119,ecg,REF_INTERP_ERROR,-1.0000,64,50,103,103,19.4175,22.02425218,6.062718e-03,0.35473684,0,-1.00000000
ecg_119,ecg,REF_VW_AREA,-1.0000,64,50,103,103,19.4175,23.56194210,4.254988e-03,0.37750000,0,-1.00000000
ecg_119,ecg,SPAN,0.0000,64,50,103,103,19.4175,22.02425218,6.062718e-03,0.35473684,0,-1.00000000
ecg_119,ecg,SPAN,0.2500,64,50,103,103,19.4175,23.36129140,4.456187e-03,0.32231579,0,-1.00000000
ecg_119,ecg,SPAN,0.5000,64,50,103,103,19.4175,24.23556717,3.643643e-03,0.41357143,0,-1.00000000
ecg_119,ecg,SPAN,0.7500,64,50,103,103,19.4175,23.98907296,3.856428e-03,0.40890244,0,-1.00000000
ecg_119,ecg,SPAN,1.0000,64,50,103,103,19.4175,23.56194210,4.254988e-03,0.37750000,0,-1.00000000
ecg_119,ecg,SPAN,1.2500,64,50,103,103,19.4175,23.00857657,4.833202e-03,0.50750000,0,-1.00000000
ecg_119,ecg,SPAN,1.5000,64,50,103,103,19.4175,18.95385155,1.229440e-02,1.54529412,0,-1.00000000
ecg_119,ecg,SPAN,2.0000,64,50,103,103,19.4175,17.95772930,1.546392e-02,1.46583333,0,-1.00000000
ecg_119,ecg,REF_INTERP_ERROR,-1.0000,64,100,83,83,24.0964,17.88444453,1.572708e-02,0.61697368,0,-1.00000000
ecg_119,ecg,REF_VW_AREA,-1.0000,64,100,83,83,24.0964,21.83062538,6.339135e-03,0.60166667,0,-1.00000000
ecg_119,ecg,SPAN,0.0000,64,100,83,83,24.0964,17.88444453,1.572708e-02,0.61697368,0,-1.00000000
ecg_119,ecg,SPAN,0.2500,64,100,83,83,24.0964,19.04385646,1.204223e-02,0.57701245,0,-1.00000000
ecg_119,ecg,SPAN,0.5000,64,100,83,83,24.0964,19.87295212,9.949411e-03,0.59397380,0,-1.00000000
ecg_119,ecg,SPAN,0.7500,64,100,83,83,24.0964,22.47608793,5.463661e-03,0.41357143,0,-1.00000000
ecg_119,ecg,SPAN,1.0000,64,100,83,83,24.0964,21.83062538,6.339135e-03,0.60166667,0,-1.00000000
ecg_119,ecg,SPAN,1.2500,64,100,83,83,24.0964,14.42902332,3.484899e-02,1.81800000,0,-1.00000000
ecg_119,ecg,SPAN,1.5000,64,100,83,83,24.0964,17.09346165,1.886889e-02,1.81230769,0,-1.00000000
ecg_119,ecg,SPAN,2.0000,64,100,83,83,24.0964,14.21605678,3.660049e-02,2.25500000,0,-1.00000000
ecg_119,ecg,REF_INTERP_ERROR,-1.0000,128,2,1127,1127,1.7746,51.85468294,6.304117e-06,0.00900000,0,-1.00000000
ecg_119,ecg,REF_VW_AREA,-1.0000,128,2,1127,1127,1.7746,51.24443863,7.255188e-06,0.01250000,0,-1.00000000
ecg_119,ecg,SPAN,0.0000,128,2,1127,1127,1.7746,51.85468294,6.304117e-06,0.00900000,0,-1.00000000
ecg_119,ecg,SPAN,0.2500,128,2,1127,1127,1.7746,51.91107233,6.222793e-06,0.00900000,0,-1.00000000
ecg_119,ecg,SPAN,0.5000,128,2,1127,1127,1.7746,51.66962279,6.578552e-06,0.01000000,0,-1.00000000
ecg_119,ecg,SPAN,0.7500,128,2,1127,1127,1.7746,51.34981723,7.081265e-06,0.01000000,0,-1.00000000
ecg_119,ecg,SPAN,1.0000,128,2,1127,1127,1.7746,51.24443863,7.255188e-06,0.01250000,0,-1.00000000
ecg_119,ecg,SPAN,1.2500,128,2,1127,1127,1.7746,51.09295175,7.512723e-06,0.01333333,0,-1.00000000
ecg_119,ecg,SPAN,1.5000,128,2,1127,1127,1.7746,50.82635576,7.988348e-06,0.01333333,0,-1.00000000
ecg_119,ecg,SPAN,2.0000,128,2,1127,1127,1.7746,50.14174521,9.352292e-06,0.01500000,0,-1.00000000
ecg_119,ecg,REF_INTERP_ERROR,-1.0000,128,3,794,794,2.5189,46.50477484,2.160803e-05,0.01857143,0,-1.00000000
ecg_119,ecg,REF_VW_AREA,-1.0000,128,3,794,794,2.5189,46.03709204,2.406486e-05,0.02250000,0,-1.00000000
ecg_119,ecg,SPAN,0.0000,128,3,794,794,2.5189,46.50477484,2.160803e-05,0.01857143,0,-1.00000000
ecg_119,ecg,SPAN,0.2500,128,3,794,794,2.5189,46.78171427,2.027315e-05,0.01857143,0,-1.00000000
ecg_119,ecg,SPAN,0.5000,128,3,794,794,2.5189,46.64063746,2.094251e-05,0.01750000,0,-1.00000000
ecg_119,ecg,SPAN,0.7500,128,3,794,794,2.5189,46.51903758,2.153718e-05,0.02000000,0,-1.00000000
ecg_119,ecg,SPAN,1.0000,128,3,794,794,2.5189,46.03709204,2.406486e-05,0.02250000,0,-1.00000000
ecg_119,ecg,SPAN,1.2500,128,3,794,794,2.5189,45.74147708,2.575994e-05,0.02750000,0,-1.00000000
ecg_119,ecg,SPAN,1.5000,128,3,794,794,2.5189,45.58469530,2.670687e-05,0.03000000,0,-1.00000000
ecg_119,ecg,SPAN,2.0000,128,3,794,794,2.5189,44.42138097,3.491037e-05,0.04000000,0,-1.00000000
ecg_119,ecg,REF_INTERP_ERROR,-1.0000,128,5,527,527,3.7951,41.85570925,6.302627e-05,0.03230769,0,-1.00000000
ecg_119,ecg,REF_VW_AREA,-1.0000,128,5,527,527,3.7951,41.26599048,7.219274e-05,0.05750000,0,-1.00000000
ecg_119,ecg,SPAN,0.0000,128,5,527,527,3.7951,41.85570925,6.302627e-05,0.03230769,0,-1.00000000
ecg_119,ecg,SPAN,0.2500,128,5,527,527,3.7951,42.62233267,5.282741e-05,0.03250000,0,-1.00000000
ecg_119,ecg,SPAN,0.5000,128,5,527,527,3.7951,42.33073400,5.649619e-05,0.04000000,0,-1.00000000
ecg_119,ecg,SPAN,0.7500,128,5,527,527,3.7951,41.74035002,6.472284e-05,0.05500000,0,-1.00000000
ecg_119,ecg,SPAN,1.0000,128,5,527,527,3.7951,41.26599048,7.219274e-05,0.05750000,0,-1.00000000
ecg_119,ecg,SPAN,1.2500,128,5,527,527,3.7951,40.33988048,8.935205e-05,0.08875000,0,-1.00000000
ecg_119,ecg,SPAN,1.5000,128,5,527,527,3.7951,39.28174592,1.140034e-04,0.10000000,0,-1.00000000
ecg_119,ecg,SPAN,2.0000,128,5,527,527,3.7951,38.69966980,1.303544e-04,0.10750000,0,-1.00000000
ecg_119,ecg,REF_INTERP_ERROR,-1.0000,128,10,327,327,6.1162,36.84057035,2.000025e-04,0.06166667,0,-1.00000000
ecg_119,ecg,REF_VW_AREA,-1.0000,128,10,327,327,6.1162,35.71121680,2.594005e-04,0.11500000,0,-1.00000000
ecg_119,ecg,SPAN,0.0000,128,10,327,327,6.1162,36.84057035,2.000025e-04,0.06166667,0,-1.00000000
ecg_119,ecg,SPAN,0.2500,128,10,327,327,6.1162,36.65443851,2.087607e-04,0.06444444,0,-1.00000000
ecg_119,ecg,SPAN,0.5000,128,10,327,327,6.1162,36.54319023,2.141773e-04,0.08875000,0,-1.00000000
ecg_119,ecg,SPAN,0.7500,128,10,327,327,6.1162,36.28521551,2.272851e-04,0.10000000,0,-1.00000000
ecg_119,ecg,SPAN,1.0000,128,10,327,327,6.1162,35.71121680,2.594005e-04,0.11500000,0,-1.00000000
ecg_119,ecg,SPAN,1.2500,128,10,327,327,6.1162,34.58264188,3.363786e-04,0.12250000,0,-1.00000000
ecg_119,ecg,SPAN,1.5000,128,10,327,327,6.1162,33.74654393,4.077915e-04,0.16500000,0,-1.00000000
ecg_119,ecg,SPAN,2.0000,128,10,327,327,6.1162,31.88410280,6.261556e-04,0.25900000,0,-1.00000000
ecg_119,ecg,REF_INTERP_ERROR,-1.0000,128,20,227,227,8.8106,31.57267548,6.727056e-04,0.14666667,0,-1.00000000
ecg_119,ecg,REF_VW_AREA,-1.0000,128,20,227,227,8.8106,32.03502006,6.047704e-04,0.16500000,0,-1.00000000
ecg_119,ecg,SPAN,0.0000,128,20,227,227,8.8106,31.57267548,6.727056e-04,0.14666667,0,-1.00000000
ecg_119,ecg,SPAN,0.2500,128,20,227,227,8.8106,32.78432435,5.089324e-04,0.12571429,0,-1.00000000
ecg_119,ecg,SPAN,0.5000,128,20,227,227,8.8106,32.60517829,5.303649e-04,0.12571429,0,-1.00000000
ecg_119,ecg,SPAN,0.7500,128,20,227,227,8.8106,31.99737695,6.100352e-04,0.16083333,0,-1.00000000
ecg_119,ecg,SPAN,1.0000,128,20,227,227,8.8106,32.03502006,6.047704e-04,0.16500000,0,-1.00000000
ecg_119,ecg,SPAN,1.2500,128,20,227,227,8.8106,30.78182080,8.070687e-04,0.25900000,0,-1.00000000
ecg_119,ecg,SPAN,1.5000,128,20,227,227,8.8106,30.64206272,8.334629e-04,0.21500000,0,-1.00000000
ecg_119,ecg,SPAN,2.0000,128,20,227,227,8.8106,28.38083884,1.402842e-03,0.33694444,0,-1.00000000
ecg_119,ecg,REF_INTERP_ERROR,-1.0000,128,50,167,167,11.9760,26.01282510,2.419970e-03,0.22430233,0,-1.00000000
ecg_119,ecg,REF_VW_AREA,-1.0000,128,50,167,167,11.9760,27.92601298,1.557727e-03,0.22269231,0,-1.00000000
ecg_119,ecg,SPAN,0.0000,128,50,167,167,11.9760,26.01282510,2.419970e-03,0.22430233,0,-1.00000000
ecg_119,ecg,SPAN,0.2500,128,50,167,167,11.9760,26.85495358,1.993413e-03,0.22269231,0,-1.00000000
ecg_119,ecg,SPAN,0.5000,128,50,167,167,11.9760,27.84013194,1.588837e-03,0.22269231,0,-1.00000000
ecg_119,ecg,SPAN,0.7500,128,50,167,167,11.9760,27.41405294,1.752618e-03,0.25142857,0,-1.00000000
ecg_119,ecg,SPAN,1.0000,128,50,167,167,11.9760,27.92601298,1.557727e-03,0.22269231,0,-1.00000000
ecg_119,ecg,SPAN,1.2500,128,50,167,167,11.9760,26.69239397,2.069442e-03,0.33694444,0,-1.00000000
ecg_119,ecg,SPAN,1.5000,128,50,167,167,11.9760,26.61188195,2.108164e-03,0.33694444,0,-1.00000000
ecg_119,ecg,SPAN,2.0000,128,50,167,167,11.9760,24.86844057,3.149550e-03,0.68812500,0,-1.00000000
ecg_119,ecg,REF_INTERP_ERROR,-1.0000,128,100,147,147,13.6054,23.26687206,4.554129e-03,0.29485294,0,-1.00000000
ecg_119,ecg,REF_VW_AREA,-1.0000,128,100,147,147,13.6054,27.90761027,1.564341e-03,0.22269231,0,-1.00000000
ecg_119,ecg,SPAN,0.0000,128,100,147,147,13.6054,23.26687206,4.554129e-03,0.29485294,0,-1.00000000
ecg_119,ecg,SPAN,0.2500,128,100,147,147,13.6054,24.91901891,3.113083e-03,0.25746479,0,-1.00000000
ecg_119,ecg,SPAN,0.5000,128,100,147,147,13.6054,27.39352937,1.760920e-03,0.25320513,0,-1.00000000
ecg_119,ecg,SPAN,0.7500,128,100,147,147,13.6054,27.94165114,1.552128e-03,0.25142857,0,-1.00000000
ecg_119,ecg,SPAN,1.0000,128,100,147,147,13.6054,27.90761027,1.564341e-03,0.22269231,0,-1.00000000
ecg_119,ecg,SPAN,1.2500,128,100,147,147,13.6054,26.76560118,2.034850e-03,0.33694444,0,-1.00000000
ecg_119,ecg,SPAN,1.5000,128,100,147,147,13.6054,26.74440926,2.044804e-03,0.33694444,0,-1.00000000
ecg_119,ecg,SPAN,2.0000,128,100,147,147,13.6054,25.43795579,2.762466e-03,0.41357143,0,-1.00000000
ecg_119,ecg,REF_INTERP_ERROR,-1.0000,256,2,1255,1255,1.5936,53.29134195,4.528542e-06,0.00900000,0,-1.00000000
ecg_119,ecg,REF_VW_AREA,-1.0000,256,2,1255,1255,1.5936,52.57504916,5.340570e-06,0.01100000,0,-1.00000000
ecg_119,ecg,SPAN,0.0000,256,2,1255,1255,1.5936,53.29134195,4.528542e-06,0.00900000,0,-1.00000000
ecg_119,ecg,SPAN,0.2500,256,2,1255,1255,1.5936,53.19230635,4.632996e-06,0.00900000,0,-1.00000000
ecg_119,ecg,SPAN,0.5000,256,2,1255,1255,1.5936,53.00040729,4.842302e-06,0.01000000,0,-1.00000000
ecg_119,ecg,SPAN,0.7500,256,2,1255,1255,1.5936,52.73431763,5.148264e-06,0.01000000,0,-1.00000000
ecg_119,ecg,SPAN,1.0000,256,2,1255,1255,1.5936,52.57504916,5.340570e-06,0.01100000,0,-1.00000000
ecg_119,ecg,SPAN,1.2500,256,2,1255,1255,1.5936,52.48357444,5.454251e-06,0.01000000,0,-1.00000000
ecg_119,ecg,SPAN,1.5000,256,2,1255,1255,1.5936,52.21344894,5.804271e-06,0.01250000,0,-1.00000000
ecg_119,ecg,SPAN,2.0000,256,2,1255,1255,1.5936,51.60826581,6.672153e-06,0.01375000,0,-1.00000000
ecg_119,ecg,REF_INTERP_ERROR,-1.0000,256,3,922,922,2.1692,48.03334412,1.519701e-05,0.01785714,0,-1.00000000
ecg_119,ecg,REF_VW_AREA,-1.0000,256,3,922,922,2.1692,47.39756432,1.759285e-05,0.02250000,0,-1.00000000
ecg_119,ecg,SPAN,0.0000,256,3,922,922,2.1692,48.03334412,1.519701e-05,0.01785714,0,-1.00000000
ecg_119,ecg,SPAN,0.2500,256,3,922,922,2.1692,48.18909415,1.466166e-05,0.01600000,0,-1.00000000
ecg_119,ecg,SPAN,0.5000,256,3,922,922,2.1692,48.03984351,1.517428e-05,0.01750000,0,-1.00000000
ecg_119,ecg,SPAN,0.7500,256,3,922,922,2.1692,47.70780222,1.637994e-05,0.01900000,0,-1.00000000
ecg_119,ecg,SPAN,1.0000,256,3,922,922,2.1692,47.39756432,1.759285e-05,0.02250000,0,-1.00000000
ecg_119,ecg,SPAN,1.2500,256,3,922,922,2.1692,47.27238313,1.810732e-05,0.02250000,0,-1.00000000
ecg_119,ecg,SPAN,1.5000,256,3,922,922,2.1692,46.77903232,2.028567e-05,0.02750000,0,-1.00000000
ecg_119,ecg,SPAN,2.0000,256,3,922,922,2.1692,45.81464319,2.532959e-05,0.03250000,0,-1.00000000
ecg_119,ecg,REF_INTERP_ERROR,-1.0000,256,5,655,655,3.0534,44.22371522,3.653600e-05,0.02176471,0,-1.00000000
ecg_119,ecg,REF_VW_AREA,-1.0000,256,5,655,655,3.0534,43.72040125,4.102536e-05,0.04000000,0,-1.00000000
ecg_119,ecg,SPAN,0.0000,256,5,655,655,3.0534,44.22371522,3.653600e-05,0.02176471,0,-1.00000000
ecg_119,ecg,SPAN,0.2500,256,5,655,655,3.0534,44.66799111,3.298325e-05,0.02166667,0,-1.00000000
ecg_119,ecg,SPAN,0.5000,256,5,655,655,3.0534,44.25861368,3.624359e-05,0.02750000,0,-1.00000000
ecg_119,ecg,SPAN,0.7500,256,5,655,655,3.0534,43.98120403,3.863422e-05,0.03250000,0,-1.00000000
ecg_119,ecg,SPAN,1.0000,256,5,655,655,3.0534,43.72040125,4.102536e-05,0.04000000,0,-1.00000000
ecg_119,ecg,SPAN,1.2500,256,5,655,655,3.0534,42.83229020,5.033424e-05,0.05166667,0,-1.00000000
ecg_119,ecg,SPAN,1.5000,256,5,655,655,3.0534,42.26390011,5.737234e-05,0.06250000,0,-1.00000000
ecg_119,ecg,SPAN,2.0000,256,5,655,655,3.0534,40.76325295,8.105266e-05,0.09750000,0,-1.00000000
ecg_119,ecg,REF_INTERP_ERROR,-1.0000,256,10,455,455,4.3956,39.02126553,1.210503e-04,0.04852941,0,-1.00000000
ecg_119,ecg,REF_VW_AREA,-1.0000,256,10,455,455,4.3956,38.59512418,1.335304e-04,0.08875000,0,-1.00000000
ecg_119,ecg,SPAN,0.0000,256,10,455,455,4.3956,39.02126553,1.210503e-04,0.04852941,0,-1.00000000
ecg_119,ecg,SPAN,0.2500,256,10,455,455,4.3956,39.43662958,1.100094e-04,0.05760000,0,-1.00000000
ecg_119,ecg,SPAN,0.5000,256,10,455,455,4.3956,39.52554633,1.077799e-04,0.05500000,0,-1.00000000
ecg_119,ecg,SPAN,0.7500,256,10,455,455,4.3956,39.11139401,1.185641e-04,0.06000000,0,-1.00000000
ecg_119,ecg,SPAN,1.0000,256,10,455,455,4.3956,38.59512418,1.335304e-04,0.08875000,0,-1.00000000
ecg_119,ecg,SPAN,1.2500,256,10,455,455,4.3956,37.91323274,1.562317e-04,0.10750000,0,-1.00000000
ecg_119,ecg,SPAN,1.5000,256,10,455,455,4.3956,37.93430070,1.554757e-04,0.10750000,0,-1.00000000
ecg_119,ecg,SPAN,2.0000,256,10,455,455,4.3956,36.71082457,2.060678e-04,0.12000000,0,-1.00000000
ecg_119,ecg,REF_INTERP_ERROR,-1.0000,256,20,355,355,5.6338,37.26535127,1.813667e-04,0.06130435,0,-1.00000000
ecg_119,ecg,REF_VW_AREA,-1.0000,256,20,355,355,5.6338,36.59660948,2.115591e-04,0.10500000,0,-1.00000000
ecg_119,ecg,SPAN,0.0000,256,20,355,355,5.6338,37.26535127,1.813667e-04,0.06130435,0,-1.00000000
ecg_119,ecg,SPAN,0.2500,256,20,355,355,5.6338,37.51376650,1.712837e-04,0.06214286,0,-1.00000000
ecg_119,ecg,SPAN,0.5000,256,20,355,355,5.6338,37.41189753,1.753488e-04,0.05500000,0,-1.00000000
ecg_119,ecg,SPAN,0.7500,256,20,355,355,5.6338,37.14742248,1.863590e-04,0.08875000,0,-1.00000000
ecg_119,ecg,SPAN,1.0000,256,20,355,355,5.6338,36.59660948,2.115591e-04,0.10500000,0,-1.00000000
ecg_119,ecg,SPAN,1.2500,256,20,355,355,5.6338,36.17939495,2.328912e-04,0.10500000,0,-1.00000000
ecg_119,ecg,SPAN,1.5000,256,20,355,355,5.6338,35.68516799,2.609611e-04,0.10833333,0,-1.00000000
ecg_119,ecg,SPAN,2.0000,256,20,355,355,5.6338,34.13292159,3.730787e-04,0.18833333,0,-1.00000000
ecg_119,ecg,REF_INTERP_ERROR,-1.0000,256,50,295,295,6.7797,33.06164288,4.774504e-04,0.14409091,0,-1.00000000
ecg_119,ecg,REF_VW_AREA,-1.0000,256,50,295,295,6.7797,35.34792198,2.820333e-04,0.10500000,0,-1.00000000
ecg_119,ecg,SPAN,0.0000,256,50,295,295,6.7797,33.06164288,4.774504e-04,0.14409091,0,-1.00000000
ecg_119,ecg,SPAN,0.2500,256,50,295,295,6.7797,36.28252787,2.274258e-04,0.06214286,0,-1.00000000
ecg_119,ecg,SPAN,0.5000,256,50,295,295,6.7797,36.46127241,2.182556e-04,0.06214286,0,-1.00000000
ecg_119,ecg,SPAN,0.7500,256,50,295,295,6.7797,35.69268609,2.605097e-04,0.10000000,0,-1.00000000
ecg_119,ecg,SPAN,1.0000,256,50,295,295,6.7797,35.34792198,2.820333e-04,0.10500000,0,-1.00000000
ecg_119,ecg,SPAN,1.2500,256,50,295,295,6.7797,34.58426489,3.362529e-04,0.13000000,0,-1.00000000
ecg_119,ecg,SPAN,1.5000,256,50,295,295,6.7797,33.10718732,4.724696e-04,0.25142857,0,-1.00000000
ecg_119,ecg,SPAN,2.0000,256,50,295,295,6.7797,32.57935272,5.335281e-04,0.25142857,0,-1.00000000
ecg_119,ecg,REF_INTERP_ERROR,-1.0000,256,100,275,275,7.2727,32.17924930,5.850159e-04,0.13350746,0,-1.00000000
ecg_119,ecg,REF_VW_AREA,-1.0000,256,100,275,275,7.2727,34.87872361,3.142101e-04,0.10500000,0,-1.00000000
ecg_119,ecg,SPAN,0.0000,256,100,275,275,7.2727,32.17924930,5.850159e-04,0.13350746,0,-1.00000000
ecg_119,ecg,SPAN,0.2500,256,100,275,275,7.2727,36.02079028,2.415536e-04,0.06130435,0,-1.00000000
ecg_119,ecg,SPAN,0.5000,256,100,275,275,7.2727,36.11431502,2.364074e-04,0.08875000,0,-1.00000000
ecg_119,ecg,SPAN,0.7500,256,100,275,275,7.2727,35.41291452,2.778441e-04,0.10500000,0,-1.00000000
ecg_119,ecg,SPAN,1.0000,256,100,275,275,7.2727,34.87872361,3.142101e-04,0.10500000,0,-1.00000000
ecg_119,ecg,SPAN,1.2500,256,100,275,275,7.2727,34.39680833,3.510846e-04,0.13000000,0,-1.00000000
ecg_119,ecg,SPAN,1.5000,256,100,275,275,7.2727,33.13045234,4.699453e-04,0.18833333,0,-1.00000000
ecg_119,ecg,SPAN,2.0000,256,100,275,275,7.2727,31.68974590,6.548140e-04,0.25142857,0,-1.00000000
ecg_119,ecg,REF_INTERP_ERROR,-1.0000,512,2,1511,1511,1.3236,57.64459211,1.662009e-06,0.00500000,0,-1.00000000
ecg_119,ecg,REF_VW_AREA,-1.0000,512,2,1511,1511,1.3236,57.66258120,1.655139e-06,0.00750000,0,-1.00000000
ecg_119,ecg,SPAN,0.0000,512,2,1511,1511,1.3236,57.64459211,1.662009e-06,0.00500000,0,-1.00000000
ecg_119,ecg,SPAN,0.2500,512,2,1511,1511,1.3236,57.93032579,1.556181e-06,0.00500000,0,-1.00000000
ecg_119,ecg,SPAN,0.5000,512,2,1511,1511,1.3236,57.89798441,1.567812e-06,0.00500000,0,-1.00000000
ecg_119,ecg,SPAN,0.7500,512,2,1511,1511,1.3236,57.89798441,1.567812e-06,0.00500000,0,-1.00000000
ecg_119,ecg,SPAN,1.0000,512,2,1511,1511,1.3236,57.66258120,1.655139e-06,0.00750000,0,-1.00000000
ecg_119,ecg,SPAN,1.2500,512,2,1511,1511,1.3236,57.23474538,1.826493e-06,0.00750000,0,-1.00000000
ecg_119,ecg,SPAN,1.5000,512,2,1511,1511,1.3236,57.09725214,1.885243e-06,0.00750000,0,-1.00000000
ecg_119,ecg,SPAN,2.0000,512,2,1511,1511,1.3236,56.50415467,2.161111e-06,0.00750000,0,-1.00000000
ecg_119,ecg,REF_INTERP_ERROR,-1.0000,512,3,1178,1178,1.6978,51.42346159,6.962199e-06,0.01181818,0,-1.00000000
ecg_119,ecg,REF_VW_AREA,-1.0000,512,3,1178,1178,1.6978,50.87482924,7.899683e-06,0.01400000,0,-1.00000000
ecg_119,ecg,SPAN,0.0000,512,3,1178,1178,1.6978,51.42346159,6.962199e-06,0.01181818,0,-1.00000000
ecg_119,ecg,SPAN,0.2500,512,3,1178,1178,1.6978,51.65925783,6.594271e-06,0.01000000,0,-1.00000000
ecg_119,ecg,SPAN,0.5000,512,3,1178,1178,1.6978,51.39950517,7.000709e-06,0.01333333,0,-1.00000000
ecg_119,ecg,SPAN,0.7500,512,3,1178,1178,1.6978,51.14325899,7.426200e-06,0.01400000,0,-1.00000000
ecg_119,ecg,SPAN,1.0000,512,3,1178,1178,1.6978,50.87482924,7.899683e-06,0.01400000,0,-1.00000000
ecg_119,ecg,SPAN,1.2500,512,3,1178,1178,1.6978,50.73444911,8.159201e-06,0.01416667,0,-1.00000000
ecg_119,ecg,SPAN,1.5000,512,3,1178,1178,1.6978,50.31637143,8.983704e-06,0.01666667,0,-1.00000000
ecg_119,ecg,SPAN,2.0000,512,3,1178,1178,1.6978,49.78986701,1.014159e-05,0.01666667,0,-1.00000000
ecg_119,ecg,REF_INTERP_ERROR,-1.0000,512,5,911,911,2.1954,47.75662145,1.619684e-05,0.01785714,0,-1.00000000
ecg_119,ecg,REF_VW_AREA,-1.0000,512,5,911,911,2.1954,47.20753698,1.837972e-05,0.02000000,0,-1.00000000
ecg_119,ecg,SPAN,0.0000,512,5,911,911,2.1954,47.75662145,1.619684e-05,0.01785714,0,-1.00000000
ecg_119,ecg,SPAN,0.2500,512,5,911,911,2.1954,48.07169427,1.506340e-05,0.01666667,0,-1.00000000
ecg_119,ecg,SPAN,0.5000,512,5,911,911,2.1954,47.89530311,1.568781e-05,0.01750000,0,-1.00000000
ecg_119,ecg,SPAN,0.7500,512,5,911,911,2.1954,47.67428636,1.650684e-05,0.01750000,0,-1.00000000
ecg_119,ecg,SPAN,1.0000,512,5,911,911,2.1954,47.20753698,1.837972e-05,0.02000000,0,-1.00000000
ecg_119,ecg,SPAN,1.2500,512,5,911,911,2.1954,47.03955425,1.910456e-05,0.02000000,0,-1.00000000
ecg_119,ecg,SPAN,1.5000,512,5,911,911,2.1954,46.76703806,2.034177e-05,0.02375000,0,-1.00000000
ecg_119,ecg,SPAN,2.0000,512,5,911,911,2.1954,45.60508005,2.658181e-05,0.03250000,0,-1.00000000
ecg_119,ecg,REF_INTERP_ERROR,-1.0000,512,10,711,711,2.8129,44.86727195,3.150398e-05,0.02666667,0,-1.00000000
ecg_119,ecg,REF_VW_AREA,-1.0000,512,10,711,711,2.8129,45.19173574,2.923607e-05,0.02500000,0,-1.00000000
ecg_119,ecg,SPAN,0.0000,512,10,711,711,2.8129,44.86727195,3.150398e-05,0.02666667,0,-1.00000000
ecg_119,ecg,SPAN,0.2500,512,10,711,711,2.8129,45.52548238,2.707350e-05,0.02400000,0,-1.00000000
ecg_119,ecg,SPAN,0.5000,512,10,711,711,2.8129,45.61786961,2.650364e-05,0.02142857,0,-1.00000000
ecg_119,ecg,SPAN,0.7500,512,10,711,711,2.8129,45.29853266,2.852590e-05,0.02250000,0,-1.00000000
ecg_119,ecg,SPAN,1.0000,512,10,711,711,2.8129,45.19173574,2.923607e-05,0.02500000,0,-1.00000000
ecg_119,ecg,SPAN,1.2500,512,10,711,711,2.8129,44.60348843,3.347678e-05,0.03000000,0,-1.00000000
ecg_119,ecg,SPAN,1.5000,512,10,711,711,2.8129,44.30394870,3.586722e-05,0.03500000,0,-1.00000000
ecg_119,ecg,SPAN,2.0000,512,10,711,711,2.8129,43.04174905,4.796425e-05,0.05500000,0,-1.00000000
ecg_119,ecg,REF_INTERP_ERROR,-1.0000,512,20,611,611,3.2733,43.25713294,4.564353e-05,0.03318182,0,-1.00000000
ecg_119,ecg,REF_VW_AREA,-1.0000,512,20,611,611,3.2733,43.99187671,3.853939e-05,0.03000000,0,-1.00000000
ecg_119,ecg,SPAN,0.0000,512,20,611,611,3.2733,43.25713294,4.564353e-05,0.03318182,0,-1.00000000
ecg_119,ecg,SPAN,0.2500,512,20,611,611,3.2733,44.31299712,3.579257e-05,0.02750000,0,-1.00000000
ecg_119,ecg,SPAN,0.5000,512,20,611,611,3.2733,44.51346225,3.417798e-05,0.02250000,0,-1.00000000
ecg_119,ecg,SPAN,0.7500,512,20,611,611,3.2733,44.41430766,3.496728e-05,0.02500000,0,-1.00000000
ecg_119,ecg,SPAN,1.0000,512,20,611,611,3.2733,43.99187671,3.853939e-05,0.03000000,0,-1.00000000
ecg_119,ecg,SPAN,1.2500,512,20,611,611,3.2733,43.58864353,4.228908e-05,0.03750000,0,-1.00000000
ecg_119,ecg,SPAN,1.5000,512,20,611,611,3.2733,43.16709644,4.659968e-05,0.04250000,0,-1.00000000
ecg_119,ecg,SPAN,2.0000,512,20,611,611,3.2733,41.60620106,6.675326e-05,0.06250000,0,-1.00000000
ecg_119,ecg,REF_INTERP_ERROR,-1.0000,512,50,551,551,3.6298,42.50980888,5.421403e-05,0.03318182,0,-1.00000000
ecg_119,ecg,REF_VW_AREA,-1.0000,512,50,551,551,3.6298,43.35718753,4.460400e-05,0.03500000,0,-1.00000000
ecg_119,ecg,SPAN,0.0000,512,50,551,551,3.6298,42.50980888,5.421403e-05,0.03318182,0,-1.00000000
ecg_119,ecg,SPAN,0.2500,512,50,551,551,3.6298,43.57973770,4.237589e-05,0.02750000,0,-1.00000000
ecg_119,ecg,SPAN,0.5000,512,50,551,551,3.6298,43.56096555,4.255945e-05,0.02750000,0,-1.00000000
ecg_119,ecg,SPAN,0.7500,512,50,551,551,3.6298,43.58177210,4.235604e-05,0.03000000,0,-1.00000000
ecg_119,ecg,SPAN,1.0000,512,50,551,551,3.6298,43.35718753,4.460400e-05,0.03500000,0,-1.00000000
ecg_119,ecg,SPAN,1.2500,512,50,551,551,3.6298,42.76232835,5.115166e-05,0.04250000,0,-1.00000000
ecg_119,ecg,SPAN,1.5000,512,50,551,551,3.6298,42.38237283,5.582841e-05,0.05000000,0,-1.00000000
ecg_119,ecg,SPAN,2.0000,512,50,551,551,3.6298,40.33540120,8.944425e-05,0.08250000,0,-1.00000000
ecg_119,ecg,REF_INTERP_ERROR,-1.0000,512,100,531,531,3.7665,42.02076352,6.067590e-05,0.03318182,0,-1.00000000
ecg_119,ecg,REF_VW_AREA,-1.0000,512,100,531,531,3.7665,43.11734109,4.713662e-05,0.03750000,0,-1.00000000
ecg_119,ecg,SPAN,0.0000,512,100,531,531,3.7665,42.02076352,6.067590e-05,0.03318182,0,-1.00000000
ecg_119,ecg,SPAN,0.2500,512,100,531,531,3.7665,43.35494180,4.462707e-05,0.02812500,0,-1.00000000
ecg_119,ecg,SPAN,0.5000,512,100,531,531,3.7665,43.59695404,4.220823e-05,0.02750000,0,-1.00000000
ecg_119,ecg,SPAN,0.7500,512,100,531,531,3.7665,43.40505627,4.411507e-05,0.03000000,0,-1.00000000
ecg_119,ecg,SPAN,1.0000,512,100,531,531,3.7665,43.11734109,4.713662e-05,0.03750000,0,-1.00000000
ecg_119,ecg,SPAN,1.2500,512,100,531,531,3.7665,42.60177659,5.307804e-05,0.04250000,0,-1.00000000
ecg_119,ecg,SPAN,1.5000,512,100,531,531,3.7665,42.17834822,5.851372e-05,0.05500000,0,-1.00000000
ecg_119,ecg,SPAN,2.0000,512,100,531,531,3.7665,40.17899481,9.272420e-05,0.08250000,0,-1.00000000
ecg_122,ecg,REF_INTERP_ERROR,-1.0000,32,2,1031,1031,1.9399,48.17687768,1.203971e-05,0.01500000,0,-1.00000000
ecg_122,ecg,REF_VW_AREA,-1.0000,32,2,1031,1031,1.9399,47.61021920,1.371772e-05,0.02000000,0,-1.00000000
ecg_122,ecg,SPAN,0.0000,32,2,1031,1031,1.9399,48.17687768,1.203971e-05,0.01500000,0,-1.00000000
ecg_122,ecg,SPAN,0.2500,32,2,1031,1031,1.9399,48.17373417,1.204843e-05,0.01666667,0,-1.00000000
ecg_122,ecg,SPAN,0.5000,32,2,1031,1031,1.9399,47.96193343,1.265058e-05,0.01750000,0,-1.00000000
ecg_122,ecg,SPAN,0.7500,32,2,1031,1031,1.9399,47.71365100,1.339488e-05,0.02000000,0,-1.00000000
ecg_122,ecg,SPAN,1.0000,32,2,1031,1031,1.9399,47.61021920,1.371772e-05,0.02000000,0,-1.00000000
ecg_122,ecg,SPAN,1.2500,32,2,1031,1031,1.9399,47.27254251,1.482687e-05,0.02250000,0,-1.00000000
ecg_122,ecg,SPAN,1.5000,32,2,1031,1031,1.9399,46.98861068,1.582861e-05,0.02250000,0,-1.00000000
ecg_122,ecg,SPAN,2.0000,32,2,1031,1031,1.9399,46.05014233,1.964670e-05,0.02625000,0,-1.00000000
ecg_122,ecg,REF_INTERP_ERROR,-1.0000,32,3,698,698,2.8653,42.00582894,4.985641e-05,0.02900000,0,-1.00000000
ecg_122,ecg,REF_VW_AREA,-1.0000,32,3,698,698,2.8653,40.71848890,6.705868e-05,0.04500000,0,-1.00000000
ecg_122,ecg,SPAN,0.0000,32,3,698,698,2.8653,42.00582894,4.985641e-05,0.02900000,0,-1.00000000
ecg_122,ecg,SPAN,0.2500,32,3,698,698,2.8653,41.94705904,5.053566e-05,0.03250000,0,-1.00000000
ecg_122,ecg,SPAN,0.5000,32,3,698,698,2.8653,41.72886179,5.313953e-05,0.04250000,0,-1.00000000
ecg_122,ecg,SPAN,0.7500,32,3,698,698,2.8653,41.30577243,5.857693e-05,0.04500000,0,-1.00000000
ecg_122,ecg,SPAN,1.0000,32,3,698,698,2.8653,40.71848890,6.705868e-05,0.04500000,0,-1.00000000
ecg_122,ecg,SPAN,1.2500,32,3,698,698,2.8653,40.52501609,7.011360e-05,0.04500000,0,-1.00000000
ecg_122,ecg,SPAN,1.5000,32,3,698,698,2.8653,40.12083318,7.695211e-05,0.05666667,0,-1.00000000
ecg_122,ecg,SPAN,2.0000,32,3,698,698,2.8653,39.73540487,8.409369e-05,0.05666667,0,-1.00000000
ecg_122,ecg,REF_INTERP_ERROR,-1.0000,32,5,431,431,4.6404,36.64185634,1.714424e-04,0.04705882,0,-1.00000000
ecg_122,ecg,REF_VW_AREA,-1.0000,32,5,431,431,4.6404,35.45745712,2.251947e-04,0.10600000,0,-1.00000000
ecg_122,ecg,SPAN,0.0000,32,5,431,431,4.6404,36.64185634,1.714424e-04,0.04705882,0,-1.00000000
ecg_122,ecg,SPAN,0.2500,32,5,431,431,4.6404,36.71320377,1.686489e-04,0.07300000,0,-1.00000000
ecg_122,ecg,SPAN,0.5000,32,5,431,431,4.6404,36.46020388,1.787654e-04,0.07300000,0,-1.00000000
ecg_122,ecg,SPAN,0.7500,32,5,431,431,4.6404,36.17108028,1.910715e-04,0.07300000,0,-1.00000000
ecg_122,ecg,SPAN,1.0000,32,5,431,431,4.6404,35.45745712,2.251947e-04,0.10600000,0,-1.00000000
ecg_122,ecg,SPAN,1.2500,32,5,431,431,4.6404,35.52496162,2.217215e-04,0.08250000,0,-1.00000000
ecg_122,ecg,SPAN,1.5000,32,5,431,431,4.6404,34.85232116,2.588641e-04,0.09900000,0,-1.00000000
ecg_122,ecg,SPAN,2.0000,32,5,431,431,4.6404,34.16642126,3.031529e-04,0.09900000,0,-1.00000000
ecg_122,ecg,REF_INTERP_ERROR,-1.0000,32,10,231,231,8.6580,31.96908097,5.028006e-04,0.14000000,0,-1.00000000
ecg_122,ecg,REF_VW_AREA,-1.0000,32,10,231,231,8.6580,29.58175279,8.712215e-04,0.16428571,0,-1.00000000
ecg_122,ecg,SPAN,0.0000,32,10,231,231,8.6580,31.96908097,5.028006e-04,0.14000000,0,-1.00000000
ecg_122,ecg,SPAN,0.2500,32,10,231,231,8.6580,30.88155322,6.458751e-04,0.18538462,0,-1.00000000
ecg_122,ecg,SPAN,0.5000,32,10,231,231,8.6580,30.40327209,7.210687e-04,0.18538462,0,-1.00000000
ecg_122,ecg,SPAN,0.7500,32,10,231,231,8.6580,30.03287537,7.852652e-04,0.17263158,0,-1.00000000
ecg_122,ecg,SPAN,1.0000,32,10,231,231,8.6580,29.58175279,8.712215e-04,0.16428571,0,-1.00000000
ecg_122,ecg,SPAN,1.2500,32,10,231,231,8.6580,28.95276306,1.006996e-03,0.17000000,0,-1.00000000
ecg_122,ecg,SPAN,1.5000,32,10,231,231,8.6580,28.72745969,1.060615e-03,0.19214286,0,-1.00000000
ecg_122,ecg,SPAN,2.0000,32,10,231,231,8.6580,27.71562923,1.338878e-03,0.27700000,0,-1.00000000
ecg_122,ecg,REF_INTERP_ERROR,-1.0000,32,20,131,131,15.2672,27.86506189,1.293593e-03,0.18115385,0,-1.00000000
ecg_122,ecg,REF_VW_AREA,-1.0000,32,20,131,131,15.2672,25.32753981,2.320331e-03,0.30250000,0,-1.00000000
ecg_122,ecg,SPAN,0.0000,32,20,131,131,15.2672,27.86506189,1.293593e-03,0.18115385,0,-1.00000000
ecg_122,ecg,SPAN,0.2500,32,20,131,131,15.2672,28.08777659,1.228927e-03,0.18538462,0,-1.00000000
ecg_122,ecg,SPAN,0.5000,32,20,131,131,15.2672,26.82347058,1.644208e-03,0.25923077,0,-1.00000000
ecg_122,ecg,SPAN,0.7500,32,20,131,131,15.2672,26.46745219,1.784673e-03,0.31555556,0,-1.00000000
ecg_122,ecg,SPAN,1.0000,32,20,131,131,15.2672,25.32753981,2.320331e-03,0.30250000,0,-1.00000000
ecg_122,ecg,SPAN,1.2500,32,20,131,131,15.2672,23.59923912,3.454458e-03,0.38208333,0,-1.00000000
ecg_122,ecg,SPAN,1.5000,32,20,131,131,15.2672,21.46068460,5.652433e-03,0.85928571,0,-1.00000000
ecg_122,ecg,SPAN,2.0000,32,20,131,131,15.2672,18.55552890,1.103446e-02,0.91842105,0,-1.00000000
ecg_122,ecg,REF_INTERP_ERROR,-1.0000,32,50,71,71,28.1690,19.84319643,8.203218e-03,0.36894977,0,-1.00000000
ecg_122,ecg,REF_VW_AREA,-1.0000,32,50,71,71,28.1690,12.99298780,3.971962e-02,1.60800000,0,-1.00000000
ecg_122,ecg,SPAN,0.0000,32,50,71,71,28.1690,19.84319643,8.203218e-03,0.36894977,0,-1.00000000
ecg_122,ecg,SPAN,0.2500,32,50,71,71,28.1690,18.27849411,1.176128e-02,0.81142857,0,-1.00000000
ecg_122,ecg,SPAN,0.5000,32,50,71,71,28.1690,15.06855114,2.462911e-02,1.11034483,0,-1.00000000
ecg_122,ecg,SPAN,0.7500,32,50,71,71,28.1690,15.19816112,2.390495e-02,1.02580645,0,-1.00000000
ecg_122,ecg,SPAN,1.0000,32,50,71,71,28.1690,12.99298780,3.971962e-02,1.60800000,0,-1.00000000
ecg_122,ecg,SPAN,1.2500,32,50,71,71,28.1690,13.16272472,3.819719e-02,1.43363636,0,-1.00000000
ecg_122,ecg,SPAN,1.5000,32,50,71,71,28.1690,12.40822913,4.544446e-02,1.76450000,0,-1.00000000
ecg_122,ecg,SPAN,2.0000,32,50,71,71,28.1690,12.54106127,4.407555e-02,1.68379310,0,-1.00000000
ecg_122,ecg,REF_INTERP_ERROR,-1.0000,32,100,51,51,39.2157,16.00672204,1.984411e-02,0.66625000,0,-1.00000000
ecg_122,ecg,REF_VW_AREA,-1.0000,32,100,51,51,39.2157,10.08557520,7.757939e-02,1.58928571,0,-1.00000000
ecg_122,ecg,SPAN,0.0000,32,100,51,51,39.2157,16.00672204,1.984411e-02,0.66625000,0,-1.00000000
ecg_122,ecg,SPAN,0.2500,32,100,51,51,39.2157,13.09359045,3.881011e-02,1.18944444,0,-1.00000000
ecg_122,ecg,SPAN,0.5000,32,100,51,51,39.2157,13.24008273,3.752283e-02,1.18944444,0,-1.00000000
ecg_122,ecg,SPAN,0.7500,32,100,51,51,39.2157,10.52370890,7.013471e-02,1.58928571,0,-1.00000000
ecg_122,ecg,SPAN,1.0000,32,100,51,51,39.2157,10.08557520,7.757939e-02,1.58928571,0,-1.00000000
ecg_122,ecg,SPAN,1.2500,32,100,51,51,39.2157,10.44998278,7.133548e-02,1.58928571,0,-1.00000000
ecg_122,ecg,SPAN,1.5000,32,100,51,51,39.2157,10.02425256,7.868259e-02,1.72272727,0,-1.00000000
ecg_122,ecg,SPAN,2.0000,32,100,51,51,39.2157,9.70853537,8.461558e-02,1.76204301,0,-1.00000000
ecg_122,ecg,REF_INTERP_ERROR,-1.0000,64,2,1063,1063,1.8815,48.88329177,1.023233e-05,0.01166667,0,-1.00000000
ecg_122,ecg,REF_VW_AREA,-1.0000,64,2,1063,1063,1.8815,48.41122748,1.140725e-05,0.01750000,0,-1.00000000
ecg_122,ecg,SPAN,0.0000,64,2,1063,1063,1.8815,48.88329177,1.023233e-05,0.01166667,0,-1.00000000
ecg_122,ecg,SPAN,0.2500,64,2,1063,1063,1.8815,48.95129496,1.007336e-05,0.01250000,0,-1.00000000
ecg_122,ecg,SPAN,0.5000,64,2,1063,1063,1.8815,48.82414930,1.037263e-05,0.01250000,0,-1.00000000
ecg_122,ecg,SPAN,0.7500,64,2,1063,1063,1.8815,48.49949081,1.117776e-05,0.01750000,0,-1.00000000
ecg_122,ecg,SPAN,1.0000,64,2,1063,1063,1.8815,48.41122748,1.140725e-05,0.01750000,0,-1.00000000
ecg_122,ecg,SPAN,1.2500,64,2,1063,1063,1.8815,48.12120130,1.219505e-05,0.01750000,0,-1.00000000
ecg_122,ecg,SPAN,1.5000,64,2,1063,1063,1.8815,47.75431169,1.327005e-05,0.01750000,0,-1.00000000
ecg_122,ecg,SPAN,2.0000,64,2,1063,1063,1.8815,46.78336616,1.659462e-05,0.02000000,0,-1.00000000
ecg_122,ecg,REF_INTERP_ERROR,-1.0000,64,3,730,730,2.7397,42.78104580,4.170607e-05,0.02428571,0,-1.00000000
ecg_122,ecg,REF_VW_AREA,-1.0000,64,3,730,730,2.7397,41.64237485,5.420838e-05,0.04000000,0,-1.00000000
ecg_122,ecg,SPAN,0.0000,64,3,730,730,2.7397,42.78104580,4.170607e-05,0.02428571,0,-1.00000000
ecg_122,ecg,SPAN,0.2500,64,3,730,730,2.7397,42.74222293,4.208057e-05,0.02500000,0,-1.00000000
ecg_122,ecg,SPAN,0.5000,64,3,730,730,2.7397,42.37591787,4.578383e-05,0.03250000,0,-1.00000000
ecg_122,ecg,SPAN,0.7500,64,3,730,730,2.7397,42.18363660,4.785642e-05,0.03250000,0,-1.00000000
ecg_122,ecg,SPAN,1.0000,64,3,730,730,2.7397,41.64237485,5.420838e-05,0.04000000,0,-1.00000000
ecg_122,ecg,SPAN,1.2500,64,3,730,730,2.7397,41.39412671,5.739727e-05,0.04250000,0,-1.00000000
ecg_122,ecg,SPAN,1.5000,64,3,730,730,2.7397,41.01973731,6.256481e-05,0.04500000,0,-1.00000000
ecg_122,ecg,SPAN,2.0000,64,3,730,730,2.7397,40.53970973,6.987678e-05,0.05500000,0,-1.00000000
ecg_122,ecg,REF_INTERP_ERROR,-1.0000,64,5,463,463,4.3197,36.92304280,1.606940e-04,0.04428571,0,-1.00000000
ecg_122,ecg,REF_VW_AREA,-1.0000,64,5,463,463,4.3197,36.16577951,1.913048e-04,0.07500000,0,-1.00000000
ecg_122,ecg,SPAN,0.0000,64,5,463,463,4.3197,36.92304280,1.606940e-04,0.04428571,0,-1.00000000
ecg_122,ecg,SPAN,0.2500,64,5,463,463,4.3197,37.44524576,1.424883e-04,0.05166667,0,-1.00000000
ecg_122,ecg,SPAN,0.5000,64,5,463,463,4.3197,36.79278069,1.655868e-04,0.07300000,0,-1.00000000
ecg_122,ecg,SPAN,0.7500,64,5,463,463,4.3197,36.68575331,1.697183e-04,0.07300000,0,-1.00000000
ecg_122,ecg,SPAN,1.0000,64,5,463,463,4.3197,36.16577951,1.913048e-04,0.07500000,0,-1.00000000
ecg_122,ecg,SPAN,1.2500,64,5,463,463,4.3197,36.02400559,1.976530e-04,0.08250000,0,-1.00000000
ecg_122,ecg,SPAN,1.5000,64,5,463,463,4.3197,35.80877686,2.076951e-04,0.08666667,0,-1.00000000
ecg_122,ecg,SPAN,2.0000,64,5,463,463,4.3197,34.91546759,2.551274e-04,0.10600000,0,-1.00000000
ecg_122,ecg,REF_INTERP_ERROR,-1.0000,64,10,263,263,7.6046,32.28708564,4.672995e-04,0.14000000,0,-1.00000000
ecg_122,ecg,REF_VW_AREA,-1.0000,64,10,263,263,7.6046,30.77143578,6.624610e-04,0.16166667,0,-1.00000000
ecg_122,ecg,SPAN,0.0000,64,10,263,263,7.6046,32.28708564,4.672995e-04,0.14000000,0,-1.00000000
ecg_122,ecg,SPAN,0.2500,64,10,263,263,7.6046,31.85799452,5.158274e-04,0.15192308,0,-1.00000000
ecg_122,ecg,SPAN,0.5000,64,10,263,263,7.6046,31.39818430,5.734367e-04,0.15192308,0,-1.00000000
ecg_122,ecg,SPAN,0.7500,64,10,263,263,7.6046,30.90756449,6.420183e-04,0.17263158,0,-1.00000000
ecg_122,ecg,SPAN,1.0000,64,10,263,263,7.6046,30.77143578,6.624610e-04,0.16166667,0,-1.00000000
ecg_122,ecg,SPAN,1.2500,64,10,263,263,7.6046,29.94532811,8.012556e-04,0.17000000,0,-1.00000000
ecg_122,ecg,SPAN,1.5000,64,10,263,263,7.6046,29.79178755,8.300899e-04,0.19214286,0,-1.00000000
ecg_122,ecg,SPAN,2.0000,64,10,263,263,7.6046,28.53216935,1.109397e-03,0.27700000,0,-1.00000000
ecg_122,ecg,REF_INTERP_ERROR,-1.0000,64,20,163,163,12.2699,29.38304674,9.120092e-04,0.14000000,0,-1.00000000
ecg_122,ecg,REF_VW_AREA,-1.0000,64,20,163,163,12.2699,26.50343606,1.769947e-03,0.29368421,0,-1.00000000
ecg_122,ecg,SPAN,0.0000,64,20,163,163,12.2699,29.38304674,9.120092e-04,0.14000000,0,-1.00000000
ecg_122,ecg,SPAN,0.2500,64,20,163,163,12.2699,28.88950799,1.021770e-03,0.18538462,0,-1.00000000
ecg_122,ecg,SPAN,0.5000,64,20,163,163,12.2699,27.94661181,1.269529e-03,0.22875000,0,-1.00000000
ecg_122,ecg,SPAN,0.7500,64,20,163,163,12.2699,27.21730806,1.501665e-03,0.31555556,0,-1.00000000
ecg_122,ecg,SPAN,1.0000,64,20,163,163,12.2699,26.50343606,1.769947e-03,0.29368421,0,-1.00000000
ecg_122,ecg,SPAN,1.2500,64,20,163,163,12.2699,25.74220233,2.109034e-03,0.29368421,0,-1.00000000
ecg_122,ecg,SPAN,1.5000,64,20,163,163,12.2699,25.80146777,2.080449e-03,0.29368421,0,-1.00000000
ecg_122,ecg,SPAN,2.0000,64,20,163,163,12.2699,23.58574272,3.465210e-03,0.46500000,0,-1.00000000
ecg_122,ecg,REF_INTERP_ERROR,-1.0000,64,50,103,103,19.4175,22.98702301,3.977421e-03,0.23578947,0,-1.00000000
ecg_122,ecg,REF_VW_AREA,-1.0000,64,50,103,103,19.4175,21.19618379,6.007385e-03,0.63921053,0,-1.00000000
ecg_122,ecg,SPAN,0.0000,64,50,103,103,19.4175,22.98702301,3.977421e-03,0.23578947,0,-1.00000000
ecg_122,ecg,SPAN,0.2500,64,50,103,103,19.4175,24.51480610,2.797843e-03,0.23500000,0,-1.00000000
ecg_122,ecg,SPAN,0.5000,64,50,103,103,19.4175,24.03542509,3.124362e-03,0.25500000,0,-1.00000000
ecg_122,ecg,SPAN,0.7500,64,50,103,103,19.4175,22.51950222,4.429489e-03,0.72250000,0,-1.00000000
ecg_122,ecg,SPAN,1.0000,64,50,103,103,19.4175,21.19618379,6.007385e-03,0.63921053,0,-1.00000000
ecg_122,ecg,SPAN,1.2500,64,50,103,103,19.4175,19.92805772,8.044482e-03,0.82391304,0,-1.00000000
ecg_122,ecg,SPAN,1.5000,64,50,103,103,19.4175,19.32399350,9.244949e-03,0.86041667,0,-1.00000000
ecg_122,ecg,SPAN,2.0000,64,50,103,103,19.4175,16.94960048,1.597143e-02,1.01500000,0,-1.00000000
ecg_122,ecg,REF_INTERP_ERROR,-1.0000,64,100,83,83,24.0964,20.42663898,7.171995e-03,0.30704082,0,-1.00000000
ecg_122,ecg,REF_VW_AREA,-1.0000,64,100,83,83,24.0964,17.30287960,1.472366e-02,1.02580645,0,-1.00000000
ecg_122,ecg,SPAN,0.0000,64,100,83,83,24.0964,20.42663898,7.171995e-03,0.30704082,0,-1.00000000
ecg_122,ecg,SPAN,0.2500,64,100,83,83,24.0964,20.98740945,6.303227e-03,0.31188953,0,-1.00000000
ecg_122,ecg,SPAN,0.5000,64,100,83,83,24.0964,21.97252967,5.024015e-03,0.35750000,0,-1.00000000
ecg_122,ecg,SPAN,0.7500,64,100,83,83,24.0964,18.77434132,1.049228e-02,1.02580645,0,-1.00000000
ecg_122,ecg,SPAN,1.0000,64,100,83,83,24.0964,17.30287960,1.472366e-02,1.02580645,0,-1.00000000
ecg_122,ecg,SPAN,1.2500,64,100,83,83,24.0964,17.57629814,1.382528e-02,1.03293103,0,-1.00000000
ecg_122,ecg,SPAN,1.5000,64,100,83,83,24.0964,16.20939028,1.893934e-02,1.02882353,0,-1.00000000
ecg_122,ecg,SPAN,2.0000,64,100,83,83,24.0964,15.44748099,2.257126e-02,0.98277778,0,-1.00000000
ecg_122,ecg,REF_INTERP_ERROR,-1.0000,128,2,1127,1127,1.7746,49.64575874,8.584757e-06,0.01166667,0,-1.00000000
ecg_122,ecg,REF_VW_AREA,-1.0000,128,2,1127,1127,1.7746,49.33379305,9.224112e-06,0.01500000,0,-1.00000000
ecg_122,ecg,SPAN,0.0000,128,2,1127,1127,1.7746,49.64575874,8.584757e-06,0.01166667,0,-1.00000000
ecg_122,ecg,SPAN,0.2500,128,2,1127,1127,1.7746,49.69750170,8.483083e-06,0.01166667,0,-1.00000000
ecg_122,ecg,SPAN,0.5000,128,2,1127,1127,1.7746,49.77711766,8.328986e-06,0.01166667,0,-1.00000000
ecg_122,ecg,SPAN,0.7500,128,2,1127,1127,1.7746,49.40905295,9.065642e-06,0.01250000,0,-1.00000000
ecg_122,ecg,SPAN,1.0000,128,2,1127,1127,1.7746,49.33379305,9.224112e-06,0.01500000,0,-1.00000000
ecg_122,ecg,SPAN,1.2500,128,2,1127,1127,1.7746,49.08749671,9.762346e-06,0.01250000,0,-1.00000000
ecg_122,ecg,SPAN,1.5000,128,2,1127,1127,1.7746,48.73093947,1.059766e-05,0.01666667,0,-1.00000000
ecg_122,ecg,SPAN,2.0000,128,2,1127,1127,1.7746,47.71767752,1.338247e-05,0.01750000,0,-1.00000000
ecg_122,ecg,REF_INTERP_ERROR,-1.0000,128,3,794,794,2.5189,43.40391494,3.613370e-05,0.02428571,0,-1.00000000
ecg_122,ecg,REF_VW_AREA,-1.0000,128,3,794,794,2.5189,42.48253011,4.467359e-05,0.03250000,0,-1.00000000
ecg_122,ecg,SPAN,0.0000,128,3,794,794,2.5189,43.40391494,3.613370e-05,0.02428571,0,-1.00000000
ecg_122,ecg,SPAN,0.2500,128,3,794,794,2.5189,43.50637528,3.529119e-05,0.02428571,0,-1.00000000
ecg_122,ecg,SPAN,0.5000,128,3,794,794,2.5189,43.26008614,3.735040e-05,0.02500000,0,-1.00000000
ecg_122,ecg,SPAN,0.7500,128,3,794,794,2.5189,42.94343113,4.017545e-05,0.03000000,0,-1.00000000
ecg_122,ecg,SPAN,1.0000,128,3,794,794,2.5189,42.48253011,4.467359e-05,0.03250000,0,-1.00000000
ecg_122,ecg,SPAN,1.2500,128,3,794,794,2.5189,42.10858455,4.869063e-05,0.04000000,0,-1.00000000
ecg_122,ecg,SPAN,1.5000,128,3,794,794,2.5189,41.80633739,5.219996e-05,0.04500000,0,-1.00000000
ecg_122,ecg,SPAN,2.0000,128,3,794,794,2.5189,41.25960684,5.920293e-05,0.04750000,0,-1.00000000
ecg_122,ecg,REF_INTERP_ERROR,-1.0000,128,5,527,527,3.7951,37.81736894,1.307877e-04,0.04428571,0,-1.00000000
ecg_122,ecg,REF_VW_AREA,-1.0000,128,5,527,527,3.7951,37.23916725,1.494126e-04,0.06000000,0,-1.00000000
ecg_122,ecg,SPAN,0.0000,128,5,527,527,3.7951,37.81736894,1.307877e-04,0.04428571,0,-1.00000000
ecg_122,ecg,SPAN,0.2500,128,5,527,527,3.7951,38.31114796,1.167318e-04,0.04428571,0,-1.00000000
ecg_122,ecg,SPAN,0.5000,128,5,527,527,3.7951,37.94028624,1.271380e-04,0.05000000,0,-1.00000000
ecg_122,ecg,SPAN,0.7500,128,5,527,527,3.7951,37.58011124,1.381315e-04,0.05000000,0,-1.00000000
ecg_122,ecg,SPAN,1.0000,128,5,527,527,3.7951,37.23916725,1.494126e-04,0.06000000,0,-1.00000000
ecg_122,ecg,SPAN,1.2500,128,5,527,527,3.7951,36.92223916,1.607237e-04,0.08250000,0,-1.00000000
ecg_122,ecg,SPAN,1.5000,128,5,527,527,3.7951,36.72235773,1.682938e-04,0.08250000,0,-1.00000000
ecg_122,ecg,SPAN,2.0000,128,5,527,527,3.7951,35.80297762,2.079726e-04,0.10600000,0,-1.00000000
ecg_122,ecg,REF_INTERP_ERROR,-1.0000,128,10,327,327,6.1162,33.68467328,3.387167e-04,0.07900000,0,-1.00000000
ecg_122,ecg,REF_VW_AREA,-1.0000,128,10,327,327,6.1162,31.76570631,5.269061e-04,0.15192308,0,-1.00000000
ecg_122,ecg,SPAN,0.0000,128,10,327,327,6.1162,33.68467328,3.387167e-04,0.07900000,0,-1.00000000
ecg_122,ecg,SPAN,0.2500,128,10,327,327,6.1162,33.07969231,3.893450e-04,0.15192308,0,-1.00000000
ecg_122,ecg,SPAN,0.5000,128,10,327,327,6.1162,32.35482769,4.600670e-04,0.15192308,0,-1.00000000
ecg_122,ecg,SPAN,0.7500,128,10,327,327,6.1162,32.68396820,4.264882e-04,0.15192308,0,-1.00000000
ecg_122,ecg,SPAN,1.0000,128,10,327,327,6.1162,31.76570631,5.269061e-04,0.15192308,0,-1.00000000
ecg_122,ecg,SPAN,1.2500,128,10,327,327,6.1162,32.21769038,4.748264e-04,0.14000000,0,-1.00000000
ecg_122,ecg,SPAN,1.5000,128,10,327,327,6.1162,31.53284414,5.559292e-04,0.16428571,0,-1.00000000
ecg_122,ecg,SPAN,2.0000,128,10,327,327,6.1162,30.33647477,7.322450e-04,0.21400000,0,-1.00000000
ecg_122,ecg,REF_INTERP_ERROR,-1.0000,128,20,227,227,8.8106,30.80729987,6.570129e-04,0.14000000,0,-1.00000000
ecg_122,ecg,REF_VW_AREA,-1.0000,128,20,227,227,8.8106,29.55890350,8.758173e-04,0.19714286,0,-1.00000000
ecg_122,ecg,SPAN,0.0000,128,20,227,227,8.8106,30.80729987,6.570129e-04,0.14000000,0,-1.00000000
ecg_122,ecg,SPAN,0.2500,128,20,227,227,8.8106,30.43764617,7.153841e-04,0.14000000,0,-1.00000000
ecg_122,ecg,SPAN,0.5000,128,20,227,227,8.8106,30.58263412,6.918954e-04,0.14000000,0,-1.00000000
ecg_122,ecg,SPAN,0.7500,128,20,227,227,8.8106,29.83922653,8.210720e-04,0.19714286,0,-1.00000000
ecg_122,ecg,SPAN,1.0000,128,20,227,227,8.8106,29.55890350,8.758173e-04,0.19714286,0,-1.00000000
ecg_122,ecg,SPAN,1.2500,128,20,227,227,8.8106,28.85362784,1.030246e-03,0.22875000,0,-1.00000000
ecg_122,ecg,SPAN,1.5000,128,20,227,227,8.8106,28.32024313,1.164876e-03,0.23500000,0,-1.00000000
ecg_122,ecg,SPAN,2.0000,128,20,227,227,8.8106,27.51895936,1.400903e-03,0.27214286,0,-1.00000000
ecg_122,ecg,REF_INTERP_ERROR,-1.0000,128,50,167,167,11.9760,25.37142962,2.297000e-03,0.22712871,0,-1.00000000
ecg_122,ecg,REF_VW_AREA,-1.0000,128,50,167,167,11.9760,28.28275651,1.174974e-03,0.20500000,0,-1.00000000
ecg_122,ecg,SPAN,0.0000,128,50,167,167,11.9760,25.37142962,2.297000e-03,0.22712871,0,-1.00000000
ecg_122,ecg,SPAN,0.2500,128,50,167,167,11.9760,26.49847622,1.771970e-03,0.18375000,0,-1.00000000
ecg_122,ecg,SPAN,0.5000,128,50,167,167,11.9760,28.45783214,1.128550e-03,0.19800000,0,-1.00000000
ecg_122,ecg,SPAN,0.7500,128,50,167,167,11.9760,27.74997542,1.328331e-03,0.21642857,0,-1.00000000
ecg_122,ecg,SPAN,1.0000,128,50,167,167,11.9760,28.28275651,1.174974e-03,0.20500000,0,-1.00000000
ecg_122,ecg,SPAN,1.2500,128,50,167,167,11.9760,27.21051273,1.504017e-03,0.23500000,0,-1.00000000
ecg_122,ecg,SPAN,1.5000,128,50,167,167,11.9760,26.69402451,1.693953e-03,0.26500000,0,-1.00000000
ecg_122,ecg,SPAN,2.0000,128,50,167,167,11.9760,24.00498758,3.146336e-03,0.51666667,0,-1.00000000
ecg_122,ecg,REF_INTERP_ERROR,-1.0000,128,100,147,147,13.6054,23.13310396,3.845860e-03,0.28036364,0,-1.00000000
ecg_122,ecg,REF_VW_AREA,-1.0000,128,100,147,147,13.6054,27.27501750,1.481843e-03,0.19800000,0,-1.00000000
ecg_122,ecg,SPAN,0.0000,128,100,147,147,13.6054,23.13310396,3.845860e-03,0.28036364,0,-1.00000000
ecg_122,ecg,SPAN,0.2500,128,100,147,147,13.6054,24.82967847,2.602172e-03,0.19666667,0,-1.00000000
ecg_122,ecg,SPAN,0.5000,128,100,147,147,13.6054,26.47423634,1.781887e-03,0.19714286,0,-1.00000000
ecg_122,ecg,SPAN,0.7500,128,100,147,147,13.6054,27.80273221,1.312293e-03,0.22875000,0,-1.00000000
ecg_122,ecg,SPAN,1.0000,128,100,147,147,13.6054,27.27501750,1.481843e-03,0.19800000,0,-1.00000000
ecg_122,ecg,SPAN,1.2500,128,100,147,147,13.6054,26.66197897,1.706499e-03,0.28750000,0,-1.00000000
ecg_122,ecg,SPAN,1.5000,128,100,147,147,13.6054,24.08108004,3.091690e-03,0.57852941,0,-1.00000000
ecg_122,ecg,SPAN,2.0000,128,100,147,147,13.6054,24.52545684,2.790989e-03,0.42250000,0,-1.00000000
ecg_122,ecg,REF_INTERP_ERROR,-1.0000,256,2,1255,1255,1.5936,51.13064283,6.098733e-06,0.01166667,0,-1.00000000
ecg_122,ecg,REF_VW_AREA,-1.0000,256,2,1255,1255,1.5936,50.94452336,6.365779e-06,0.01250000,0,-1.00000000
ecg_122,ecg,SPAN,0.0000,256,2,1255,1255,1.5936,51.13064283,6.098733e-06,0.01166667,0,-1.00000000
ecg_122,ecg,SPAN,0.2500,256,2,1255,1255,1.5936,51.14024001,6.085270e-06,0.01166667,0,-1.00000000
ecg_122,ecg,SPAN,0.5000,256,2,1255,1255,1.5936,51.14160316,6.083361e-06,0.01000000,0,-1.00000000
ecg_122,ecg,SPAN,0.7500,256,2,1255,1255,1.5936,50.89346598,6.441059e-06,0.01166667,0,-1.00000000
ecg_122,ecg,SPAN,1.0000,256,2,1255,1255,1.5936,50.94452336,6.365779e-06,0.01250000,0,-1.00000000
ecg_122,ecg,SPAN,1.2500,256,2,1255,1255,1.5936,50.59055968,6.906339e-06,0.01250000,0,-1.00000000
ecg_122,ecg,SPAN,1.5000,256,2,1255,1255,1.5936,50.04381196,7.832902e-06,0.01333333,0,-1.00000000
ecg_122,ecg,SPAN,2.0000,256,2,1255,1255,1.5936,49.41980341,9.043229e-06,0.01500000,0,-1.00000000
ecg_122,ecg,REF_INTERP_ERROR,-1.0000,256,3,922,922,2.1692,45.14810238,2.418208e-05,0.01900000,0,-1.00000000
ecg_122,ecg,REF_VW_AREA,-1.0000,256,3,922,922,2.1692,44.58449610,2.753305e-05,0.02500000,0,-1.00000000
ecg_122,ecg,SPAN,0.0000,256,3,922,922,2.1692,45.14810238,2.418208e-05,0.01900000,0,-1.00000000
ecg_122,ecg,SPAN,0.2500,256,3,922,922,2.1692,45.08705344,2.452441e-05,0.01900000,0,-1.00000000
ecg_122,ecg,SPAN,0.5000,256,3,922,922,2.1692,44.94491047,2.534036e-05,0.02428571,0,-1.00000000
ecg_122,ecg,SPAN,0.7500,256,3,922,922,2.1692,44.80423140,2.617464e-05,0.02250000,0,-1.00000000
ecg_122,ecg,SPAN,1.0000,256,3,922,922,2.1692,44.58449610,2.753305e-05,0.02500000,0,-1.00000000
ecg_122,ecg,SPAN,1.2500,256,3,922,922,2.1692,44.17992416,3.022118e-05,0.03166667,0,-1.00000000
ecg_122,ecg,SPAN,1.5000,256,3,922,922,2.1692,43.89300484,3.228519e-05,0.03500000,0,-1.00000000
ecg_122,ecg,SPAN,2.0000,256,3,922,922,2.1692,42.97046165,3.992618e-05,0.04500000,0,-1.00000000
ecg_122,ecg,REF_INTERP_ERROR,-1.0000,256,5,655,655,3.0534,40.33244938,7.329240e-05,0.03428571,0,-1.00000000
ecg_122,ecg,REF_VW_AREA,-1.0000,256,5,655,655,3.0534,39.68883875,8.500021e-05,0.05000000,0,-1.00000000
ecg_122,ecg,SPAN,0.0000,256,5,655,655,3.0534,40.33244938,7.329240e-05,0.03428571,0,-1.00000000
ecg_122,ecg,SPAN,0.2500,256,5,655,655,3.0534,40.40459065,7.208499e-05,0.03428571,0,-1.00000000
ecg_122,ecg,SPAN,0.5000,256,5,655,655,3.0534,40.36831374,7.268964e-05,0.03500000,0,-1.00000000
ecg_122,ecg,SPAN,0.7500,256,5,655,655,3.0534,40.04129086,7.837450e-05,0.04750000,0,-1.00000000
ecg_122,ecg,SPAN,1.0000,256,5,655,655,3.0534,39.68883875,8.500021e-05,0.05000000,0,-1.00000000
ecg_122,ecg,SPAN,1.2500,256,5,655,655,3.0534,39.34915388,9.191544e-05,0.05250000,0,-1.00000000
ecg_122,ecg,SPAN,1.5000,256,5,655,655,3.0534,38.92632737,1.013144e-04,0.05500000,0,-1.00000000
ecg_122,ecg,SPAN,2.0000,256,5,655,655,3.0534,38.23122331,1.188999e-04,0.06700000,0,-1.00000000
ecg_122,ecg,REF_INTERP_ERROR,-1.0000,256,10,455,455,4.3956,36.51316381,1.765987e-04,0.04607143,0,-1.00000000
ecg_122,ecg,REF_VW_AREA,-1.0000,256,10,455,455,4.3956,35.34107535,2.313110e-04,0.08500000,0,-1.00000000
ecg_122,ecg,SPAN,0.0000,256,10,455,455,4.3956,36.51316381,1.765987e-04,0.04607143,0,-1.00000000
ecg_122,ecg,SPAN,0.2500,256,10,455,455,4.3956,36.26474200,1.869949e-04,0.07900000,0,-1.00000000
ecg_122,ecg,SPAN,0.5000,256,10,455,455,4.3956,36.22749064,1.886057e-04,0.07900000,0,-1.00000000
ecg_122,ecg,SPAN,0.7500,256,10,455,455,4.3956,35.81815894,2.072469e-04,0.08500000,0,-1.00000000
ecg_122,ecg,SPAN,1.0000,256,10,455,455,4.3956,35.34107535,2.313110e-04,0.08500000,0,-1.00000000
ecg_122,ecg,SPAN,1.2500,256,10,455,455,4.3956,35.08633432,2.452847e-04,0.08300000,0,-1.00000000
ecg_122,ecg,SPAN,1.5000,256,10,455,455,4.3956,34.82726374,2.603619e-04,0.09142857,0,-1.00000000
ecg_122,ecg,SPAN,2.0000,256,10,455,455,4.3956,34.04563528,3.117025e-04,0.09833333,0,-1.00000000
ecg_122,ecg,REF_INTERP_ERROR,-1.0000,256,20,355,355,5.6338,33.63390861,3.426991e-04,0.10062500,0,-1.00000000
ecg_122,ecg,REF_VW_AREA,-1.0000,256,20,355,355,5.6338,33.36988028,3.641798e-04,0.09142857,0,-1.00000000
ecg_122,ecg,SPAN,0.0000,256,20,355,355,5.6338,33.63390861,3.426991e-04,0.10062500,0,-1.00000000
ecg_122,ecg,SPAN,0.2500,256,20,355,355,5.6338,33.93463804,3.197717e-04,0.10062500,0,-1.00000000
ecg_122,ecg,SPAN,0.5000,256,20,355,355,5.6338,33.69407156,3.379845e-04,0.08500000,0,-1.00000000
ecg_122,ecg,SPAN,0.7500,256,20,355,355,5.6338,33.74070951,3.343743e-04,0.08500000,0,-1.00000000
ecg_122,ecg,SPAN,1.0000,256,20,355,355,5.6338,33.36988028,3.641798e-04,0.09142857,0,-1.00000000
ecg_122,ecg,SPAN,1.2500,256,20,355,355,5.6338,33.04217231,3.927233e-04,0.11214286,0,-1.00000000
ecg_122,ecg,SPAN,1.5000,256,20,355,355,5.6338,32.15805023,4.813920e-04,0.14375000,0,-1.00000000
ecg_122,ecg,SPAN,2.0000,256,20,355,355,5.6338,31.43453737,5.686567e-04,0.14375000,0,-1.00000000
ecg_122,ecg,REF_INTERP_ERROR,-1.0000,256,50,295,295,6.7797,29.83304173,8.222421e-04,0.18375000,0,-1.00000000
ecg_122,ecg,REF_VW_AREA,-1.0000,256,50,295,295,6.7797,32.16314431,4.808277e-04,0.15363636,0,-1.00000000
ecg_122,ecg,SPAN,0.0000,256,50,295,295,6.7797,29.83304173,8.222421e-04,0.18375000,0,-1.00000000
ecg_122,ecg,SPAN,0.2500,256,50,295,295,6.7797,32.30210469,4.656862e-04,0.13239130,0,-1.00000000
ecg_122,ecg,SPAN,0.5000,256,50,295,295,6.7797,32.40050576,4.552535e-04,0.12227273,0,-1.00000000
ecg_122,ecg,SPAN,0.7500,256,50,295,295,6.7797,32.68720812,4.261702e-04,0.12714286,0,-1.00000000
ecg_122,ecg,SPAN,1.0000,256,50,295,295,6.7797,32.16314431,4.808277e-04,0.15363636,0,-1.00000000
ecg_122,ecg,SPAN,1.2500,256,50,295,295,6.7797,32.06273282,4.920742e-04,0.16100000,0,-1.00000000
ecg_122,ecg,SPAN,1.5000,256,50,295,295,6.7797,31.84157265,5.177816e-04,0.14375000,0,-1.00000000
ecg_122,ecg,SPAN,2.0000,256,50,295,295,6.7797,31.13779816,6.088693e-04,0.16100000,0,-1.00000000
ecg_122,ecg,REF_INTERP_ERROR,-1.0000,256,100,275,275,7.2727,27.59056772,1.377993e-03,0.19983051,0,-1.00000000
ecg_122,ecg,REF_VW_AREA,-1.0000,256,100,275,275,7.2727,31.83008440,5.191531e-04,0.15363636,0,-1.00000000
ecg_122,ecg,SPAN,0.0000,256,100,275,275,7.2727,27.59056772,1.377993e-03,0.19983051,0,-1.00000000
ecg_122,ecg,SPAN,0.2500,256,100,275,275,7.2727,31.72638051,5.316990e-04,0.09380000,0,-1.00000000
ecg_122,ecg,SPAN,0.5000,256,100,275,275,7.2727,32.16979360,4.800921e-04,0.12227273,0,-1.00000000
ecg_122,ecg,SPAN,0.7500,256,100,275,275,7.2727,31.86857197,5.145726e-04,0.15363636,0,-1.00000000
ecg_122,ecg,SPAN,1.0000,256,100,275,275,7.2727,31.83008440,5.191531e-04,0.15363636,0,-1.00000000
ecg_122,ecg,SPAN,1.2500,256,100,275,275,7.2727,31.60066918,5.473145e-04,0.14375000,0,-1.00000000
ecg_122,ecg,SPAN,1.5000,256,100,275,275,7.2727,31.38624934,5.750147e-04,0.14236842,0,-1.00000000
ecg_122,ecg,SPAN,2.0000,256,100,275,275,7.2727,30.21682243,7.526995e-04,0.16100000,0,-1.00000000
ecg_122,ecg,REF_INTERP_ERROR,-1.0000,512,2,1511,1511,1.3236,55.42606500,2.268284e-06,0.00666667,0,-1.00000000
ecg_122,ecg,REF_VW_AREA,-1.0000,512,2,1511,1511,1.3236,54.57323774,2.760451e-06,0.00750000,0,-1.00000000
ecg_122,ecg,SPAN,0.0000,512,2,1511,1511,1.3236,55.42606500,2.268284e-06,0.00666667,0,-1.00000000
ecg_122,ecg,SPAN,0.2500,512,2,1511,1511,1.3236,55.40365251,2.280020e-06,0.00666667,0,-1.00000000
ecg_122,ecg,SPAN,0.5000,512,2,1511,1511,1.3236,55.39787398,2.283056e-06,0.00666667,0,-1.00000000
ecg_122,ecg,SPAN,0.7500,512,2,1511,1511,1.3236,55.14875022,2.417847e-06,0.00750000,0,-1.00000000
ecg_122,ecg,SPAN,1.0000,512,2,1511,1511,1.3236,54.57323774,2.760451e-06,0.00750000,0,-1.00000000
ecg_122,ecg,SPAN,1.2500,512,2,1511,1511,1.3236,54.40716318,2.868056e-06,0.00750000,0,-1.00000000
ecg_122,ecg,SPAN,1.5000,512,2,1511,1511,1.3236,54.40716318,2.868056e-06,0.00750000,0,-1.00000000
ecg_122,ecg,SPAN,2.0000,512,2,1511,1511,1.3236,54.00616106,3.145486e-06,0.00750000,0,-1.00000000
ecg_122,ecg,REF_INTERP_ERROR,-1.0000,512,3,1178,1178,1.6978,49.39557787,9.093814e-06,0.01500000,0,-1.00000000
ecg_122,ecg,REF_VW_AREA,-1.0000,512,3,1178,1178,1.6978,49.05943802,9.825623e-06,0.01333333,0,-1.00000000
ecg_122,ecg,SPAN,0.0000,512,3,1178,1178,1.6978,49.39557787,9.093814e-06,0.01500000,0,-1.00000000
ecg_122,ecg,SPAN,0.2500,512,3,1178,1178,1.6978,49.33430571,9.223023e-06,0.01500000,0,-1.00000000
ecg_122,ecg,SPAN,0.5000,512,3,1178,1178,1.6978,49.33948007,9.212041e-06,0.01250000,0,-1.00000000
ecg_122,ecg,SPAN,0.7500,512,3,1178,1178,1.6978,49.16640632,9.586570e-06,0.01250000,0,-1.00000000
ecg_122,ecg,SPAN,1.0000,512,3,1178,1178,1.6978,49.05943802,9.825623e-06,0.01333333,0,-1.00000000
ecg_122,ecg,SPAN,1.2500,512,3,1178,1178,1.6978,48.69218272,1.069266e-05,0.01500000,0,-1.00000000
ecg_122,ecg,SPAN,1.5000,512,3,1178,1178,1.6978,48.50498503,1.116363e-05,0.01500000,0,-1.00000000
ecg_122,ecg,SPAN,2.0000,512,3,1178,1178,1.6978,47.61845357,1.369174e-05,0.01875000,0,-1.00000000
ecg_122,ecg,REF_INTERP_ERROR,-1.0000,512,5,911,911,2.1954,45.36888019,2.298348e-05,0.01750000,0,-1.00000000
ecg_122,ecg,REF_VW_AREA,-1.0000,512,5,911,911,2.1954,44.89489338,2.563389e-05,0.02500000,0,-1.00000000
ecg_122,ecg,SPAN,0.0000,512,5,911,911,2.1954,45.36888019,2.298348e-05,0.01750000,0,-1.00000000
ecg_122,ecg,SPAN,0.2500,512,5,911,911,2.1954,45.38108564,2.291898e-05,0.01750000,0,-1.00000000
ecg_122,ecg,SPAN,0.5000,512,5,911,911,2.1954,45.20608821,2.386135e-05,0.01750000,0,-1.00000000
ecg_122,ecg,SPAN,0.7500,512,5,911,911,2.1954,44.92661379,2.544735e-05,0.02250000,0,-1.00000000
ecg_122,ecg,SPAN,1.0000,512,5,911,911,2.1954,44.89489338,2.563389e-05,0.02500000,0,-1.00000000
ecg_122,ecg,SPAN,1.2500,512,5,911,911,2.1954,44.58254962,2.754539e-05,0.03000000,0,-1.00000000
ecg_122,ecg,SPAN,1.5000,512,5,911,911,2.1954,44.12186386,3.062792e-05,0.03500000,0,-1.00000000
ecg_122,ecg,SPAN,2.0000,512,5,911,911,2.1954,43.27987539,3.718060e-05,0.04500000,0,-1.00000000
ecg_122,ecg,REF_INTERP_ERROR,-1.0000,512,10,711,711,2.8129,41.44119257,5.677859e-05,0.03750000,0,-1.00000000
ecg_122,ecg,REF_VW_AREA,-1.0000,512,10,711,711,2.8129,41.21357925,5.983371e-05,0.04000000,0,-1.00000000
ecg_122,ecg,SPAN,0.0000,512,10,711,711,2.8129,41.44119257,5.677859e-05,0.03750000,0,-1.00000000
ecg_122,ecg,SPAN,0.2500,512,10,711,711,2.8129,41.68142482,5.372314e-05,0.03166667,0,-1.00000000
ecg_122,ecg,SPAN,0.5000,512,10,711,711,2.8129,41.71949816,5.325422e-05,0.03166667,0,-1.00000000
ecg_122,ecg,SPAN,0.7500,512,10,711,711,2.8129,41.57171557,5.509755e-05,0.03250000,0,-1.00000000
ecg_122,ecg,SPAN,1.0000,512,10,711,711,2.8129,41.21357925,5.983371e-05,0.04000000,0,-1.00000000
ecg_122,ecg,SPAN,1.2500,512,10,711,711,2.8129,41.11026669,6.127414e-05,0.04500000,0,-1.00000000
ecg_122,ecg,SPAN,1.5000,512,10,711,711,2.8129,40.57046823,6.938364e-05,0.05000000,0,-1.00000000
ecg_122,ecg,SPAN,2.0000,512,10,711,711,2.8129,40.12506699,7.687713e-05,0.05500000,0,-1.00000000
ecg_122,ecg,REF_INTERP_ERROR,-1.0000,512,20,611,611,3.2733,39.95267031,7.999021e-05,0.03750000,0,-1.00000000
ecg_122,ecg,REF_VW_AREA,-1.0000,512,20,611,611,3.2733,39.88121536,8.131719e-05,0.05000000,0,-1.00000000
ecg_122,ecg,SPAN,0.0000,512,20,611,611,3.2733,39.95267031,7.999021e-05,0.03750000,0,-1.00000000
ecg_122,ecg,SPAN,0.2500,512,20,611,611,3.2733,40.07710687,7.773081e-05,0.03428571,0,-1.00000000
ecg_122,ecg,SPAN,0.5000,512,20,611,611,3.2733,39.97509462,7.957826e-05,0.03333333,0,-1.00000000
ecg_122,ecg,SPAN,0.7500,512,20,611,611,3.2733,39.80423668,8.277138e-05,0.04000000,0,-1.00000000
ecg_122,ecg,SPAN,1.0000,512,20,611,611,3.2733,39.88121536,8.131719e-05,0.05000000,0,-1.00000000
ecg_122,ecg,SPAN,1.2500,512,20,611,611,3.2733,39.21225279,9.485901e-05,0.05500000,0,-1.00000000
ecg_122,ecg,SPAN,1.5000,512,20,611,611,3.2733,38.82798001,1.036349e-04,0.05500000,0,-1.00000000
ecg_122,ecg,SPAN,2.0000,512,20,611,611,3.2733,38.70265147,1.066691e-04,0.05666667,0,-1.00000000
ecg_122,ecg,REF_INTERP_ERROR,-1.0000,512,50,551,551,3.6298,39.17929895,9.558153e-05,0.03750000,0,-1.00000000
ecg_122,ecg,REF_VW_AREA,-1.0000,512,50,551,551,3.6298,38.50791092,1.115611e-04,0.06700000,0,-1.00000000
ecg_122,ecg,SPAN,0.0000,512,50,551,551,3.6298,39.17929895,9.558153e-05,0.03750000,0,-1.00000000
ecg_122,ecg,SPAN,0.2500,512,50,551,551,3.6298,39.11864412,9.692582e-05,0.03750000,0,-1.00000000
ecg_122,ecg,SPAN,0.5000,512,50,551,551,3.6298,39.05969558,9.825040e-05,0.04357143,0,-1.00000000
ecg_122,ecg,SPAN,0.7500,512,50,551,551,3.6298,38.94691257,1.008353e-04,0.04500000,0,-1.00000000
ecg_122,ecg,SPAN,1.0000,512,50,551,551,3.6298,38.50791092,1.115611e-04,0.06700000,0,-1.00000000
ecg_122,ecg,SPAN,1.2500,512,50,551,551,3.6298,38.23773257,1.187218e-04,0.06700000,0,-1.00000000
ecg_122,ecg,SPAN,1.5000,512,50,551,551,3.6298,37.83519665,1.302519e-04,0.06700000,0,-1.00000000
ecg_122,ecg,SPAN,2.0000,512,50,551,551,3.6298,37.65727331,1.356990e-04,0.06700000,0,-1.00000000
ecg_122,ecg,REF_INTERP_ERROR,-1.0000,512,100,531,531,3.7665,38.55245033,1.104228e-04,0.05250000,0,-1.00000000
ecg_122,ecg,REF_VW_AREA,-1.0000,512,100,531,531,3.7665,38.29267649,1.172293e-04,0.06700000,0,-1.00000000
ecg_122,ecg,SPAN,0.0000,512,100,531,531,3.7665,38.55245033,1.104228e-04,0.05250000,0,-1.00000000
ecg_122,ecg,SPAN,0.2500,512,100,531,531,3.7665,38.69222831,1.069254e-04,0.04500000,0,-1.00000000
ecg_122,ecg,SPAN,0.5000,512,100,531,531,3.7665,38.87387854,1.025454e-04,0.03928571,0,-1.00000000
ecg_122,ecg,SPAN,0.7500,512,100,531,531,3.7665,38.86007331,1.028718e-04,0.04500000,0,-1.00000000
ecg_122,ecg,SPAN,1.0000,512,100,531,531,3.7665,38.29267649,1.172293e-04,0.06700000,0,-1.00000000
ecg_122,ecg,SPAN,1.2500,512,100,531,531,3.7665,37.92971861,1.274477e-04,0.06700000,0,-1.00000000
ecg_122,ecg,SPAN,1.5000,512,100,531,531,3.7665,37.46908052,1.417085e-04,0.06700000,0,-1.00000000
ecg_122,ecg,SPAN,2.0000,512,100,531,531,3.7665,37.21856222,1.501231e-04,0.06700000,0,-1.00000000
ecg_201,ecg,REF_INTERP_ERROR,-1.0000,32,2,1031,1031,1.9399,41.39963681,5.102798e-06,0.01000000,0,-1.00000000
ecg_201,ecg,REF_VW_AREA,-1.0000,32,2,1031,1031,1.9399,40.52933149,6.235035e-06,0.01250000,0,-1.00000000
ecg_201,ecg,SPAN,0.0000,32,2,1031,1031,1.9399,41.39963681,5.102798e-06,0.01000000,0,-1.00000000
ecg_201,ecg,SPAN,0.2500,32,2,1031,1031,1.9399,41.25042233,5.281166e-06,0.01000000,0,-1.00000000
ecg_201,ecg,SPAN,0.5000,32,2,1031,1031,1.9399,41.12750084,5.432778e-06,0.01000000,0,-1.00000000
ecg_201,ecg,SPAN,0.7500,32,2,1031,1031,1.9399,40.77370081,5.893889e-06,0.01250000,0,-1.00000000
ecg_201,ecg,SPAN,1.0000,32,2,1031,1031,1.9399,40.52933149,6.235035e-06,0.01250000,0,-1.00000000
ecg_201,ecg,SPAN,1.2500,32,2,1031,1031,1.9399,40.04268892,6.974340e-06,0.01500000,0,-1.00000000
ecg_201,ecg,SPAN,1.5000,32,2,1031,1031,1.9399,39.88002217,7.240521e-06,0.02000000,0,-1.00000000
ecg_201,ecg,SPAN,2.0000,32,2,1031,1031,1.9399,38.84883351,9.180972e-06,0.03000000,0,-1.00000000
ecg_201,ecg,REF_INTERP_ERROR,-1.0000,32,3,698,698,2.8653,35.13583364,2.158682e-05,0.02666667,0,-1.00000000
ecg_201,ecg,REF_VW_AREA,-1.0000,32,3,698,698,2.8653,34.29350472,2.620726e-05,0.03500000,0,-1.00000000
ecg_201,ecg,SPAN,0.0000,32,3,698,698,2.8653,35.13583364,2.158682e-05,0.02666667,0,-1.00000000
ecg_201,ecg,SPAN,0.2500,32,3,698,698,2.8653,35.02354400,2.215224e-05,0.02500000,0,-1.00000000
ecg_201,ecg,SPAN,0.5000,32,3,698,698,2.8653,34.95031790,2.252891e-05,0.02250000,0,-1.00000000
ecg_201,ecg,SPAN,0.7500,32,3,698,698,2.8653,34.57318546,2.457273e-05,0.03000000,0,-1.00000000
ecg_201,ecg,SPAN,1.0000,32,3,698,698,2.8653,34.29350472,2.620726e-05,0.03500000,0,-1.00000000
ecg_201,ecg,SPAN,1.2500,32,3,698,698,2.8653,33.96694160,2.825386e-05,0.03500000,0,-1.00000000
ecg_201,ecg,SPAN,1.5000,32,3,698,698,2.8653,33.74948657,2.970458e-05,0.03500000,0,-1.00000000
ecg_201,ecg,SPAN,2.0000,32,3,698,698,2.8653,33.07615441,3.468619e-05,0.04000000,0,-1.00000000
ecg_201,ecg,REF_INTERP_ERROR,-1.0000,32,5,431,431,4.6404,30.72007179,5.967121e-05,0.04437500,0,-1.00000000
ecg_201,ecg,REF_VW_AREA,-1.0000,32,5,431,431,4.6404,29.60374950,7.716086e-05,0.05500000,0,-1.00000000
ecg_201,ecg,SPAN,0.0000,32,5,431,431,4.6404,30.72007179,5.967121e-05,0.04437500,0,-1.00000000
ecg_201,ecg,SPAN,0.2500,32,5,431,431,4.6404,31.01058650,5.581017e-05,0.04000000,0,-1.00000000
ecg_201,ecg,SPAN,0.5000,32,5,431,431,4.6404,30.54678898,6.210022e-05,0.04000000,0,-1.00000000
ecg_201,ecg,SPAN,0.7500,32,5,431,431,4.6404,30.01291221,7.022323e-05,0.05000000,0,-1.00000000
ecg_201,ecg,SPAN,1.0000,32,5,431,431,4.6404,29.60374950,7.716086e-05,0.05500000,0,-1.00000000
ecg_201,ecg,SPAN,1.2500,32,5,431,431,4.6404,28.77563430,9.337027e-05,0.06833333,0,-1.00000000
ecg_201,ecg,SPAN,1.5000,32,5,431,431,4.6404,28.74210124,9.409399e-05,0.05750000,0,-1.00000000
ecg_201,ecg,SPAN,2.0000,32,5,431,431,4.6404,27.61070388,1.220961e-04,0.08500000,0,-1.00000000
ecg_201,ecg,REF_INTERP_ERROR,-1.0000,32,10,231,231,8.6580,26.29142394,1.654359e-04,0.06214286,0,-1.00000000
ecg_201,ecg,REF_VW_AREA,-1.0000,32,10,231,231,8.6580,25.17858428,2.137537e-04,0.09800000,0,-1.00000000
ecg_201,ecg,SPAN,0.0000,32,10,231,231,8.6580,26.29142394,1.654359e-04,0.06214286,0,-1.00000000
ecg_201,ecg,SPAN,0.2500,32,10,231,231,8.6580,26.69703035,1.506846e-04,0.06300000,0,-1.00000000
ecg_201,ecg,SPAN,0.5000,32,10,231,231,8.6580,25.67579569,1.906305e-04,0.09800000,0,-1.00000000
ecg_201,ecg,SPAN,0.7500,32,10,231,231,8.6580,25.63659703,1.923589e-04,0.09800000,0,-1.00000000
ecg_201,ecg,SPAN,1.0000,32,10,231,231,8.6580,25.17858428,2.137537e-04,0.09800000,0,-1.00000000
ecg_201,ecg,SPAN,1.2500,32,10,231,231,8.6580,23.33678080,3.266585e-04,0.14833333,0,-1.00000000
ecg_201,ecg,SPAN,1.5000,32,10,231,231,8.6580,23.59538365,3.077752e-04,0.12214286,0,-1.00000000
ecg_201,ecg,SPAN,2.0000,32,10,231,231,8.6580,22.25548252,4.190094e-04,0.16750000,0,-1.00000000
ecg_201,ecg,REF_INTERP_ERROR,-1.0000,32,20,131,131,15.2672,21.53085585,4.950926e-04,0.10264706,0,-1.00000000
ecg_201,ecg,REF_VW_AREA,-1.0000,32,20,131,131,15.2672,18.72914038,9.437522e-04,0.27300000,0,-1.00000000
ecg_201,ecg,SPAN,0.0000,32,20,131,131,15.2672,21.53085585,4.950926e-04,0.10264706,0,-1.00000000
ecg_201,ecg,SPAN,0.2500,32,20,131,131,15.2672,21.23173666,5.303937e-04,0.13333333,0,-1.00000000
ecg_201,ecg,SPAN,0.5000,32,20,131,131,15.2672,20.59461213,6.142014e-04,0.21444444,0,-1.00000000
ecg_201,ecg,SPAN,0.7500,32,20,131,131,15.2672,19.54527873,7.820673e-04,0.22500000,0,-1.00000000
ecg_201,ecg,SPAN,1.0000,32,20,131,131,15.2672,18.72914038,9.437522e-04,0.27300000,0,-1.00000000
ecg_201,ecg,SPAN,1.2500,32,20,131,131,15.2672,17.07517290,1.381194e-03,0.36423077,0,-1.00000000
ecg_201,ecg,SPAN,1.5000,32,20,131,131,15.2672,16.04358647,1.751513e-03,0.41875000,0,-1.00000000
ecg_201,ecg,SPAN,2.0000,32,20,131,131,15.2672,15.98893055,1.773695e-03,0.36875000,0,-1.00000000
ecg_201,ecg,REF_INTERP_ERROR,-1.0000,32,50,71,71,28.1690,14.32763031,2.600213e-03,0.22954545,0,-1.00000000
ecg_201,ecg,REF_VW_AREA,-1.0000,32,50,71,71,28.1690,7.42777834,1.273486e-02,0.82370968,0,-1.00000000
ecg_201,ecg,SPAN,0.0000,32,50,71,71,28.1690,14.32763031,2.600213e-03,0.22954545,0,-1.00000000
ecg_201,ecg,SPAN,0.2500,32,50,71,71,28.1690,12.80792583,3.689601e-03,0.55660000,0,-1.00000000
ecg_201,ecg,SPAN,0.5000,32,50,71,71,28.1690,7.05849902,1.386507e-02,0.82370968,0,-1.00000000
ecg_201,ecg,SPAN,0.7500,32,50,71,71,28.1690,8.39519653,1.019183e-02,0.82370968,0,-1.00000000
ecg_201,ecg,SPAN,1.0000,32,50,71,71,28.1690,7.42777834,1.273486e-02,0.82370968,0,-1.00000000
ecg_201,ecg,SPAN,1.2500,32,50,71,71,28.1690,8.71122257,9.476539e-03,0.65719512,0,-1.00000000
ecg_201,ecg,SPAN,1.5000,32,50,71,71,28.1690,8.23153486,1.058324e-02,0.82370968,0,-1.00000000
ecg_201,ecg,SPAN,2.0000,32,50,71,71,28.1690,6.49201944,1.579683e-02,1.16131579,0,-1.00000000
ecg_201,ecg,REF_INTERP_ERROR,-1.0000,32,100,51,51,39.2157,6.86546443,1.449525e-02,0.80620000,0,-1.00000000
ecg_201,ecg,REF_VW_AREA,-1.0000,32,100,51,51,39.2157,4.33596891,2.595226e-02,0.94280488,0,-1.00000000
ecg_201,ecg,SPAN,0.0000,32,100,51,51,39.2157,6.86546443,1.449525e-02,0.80620000,0,-1.00000000
ecg_201,ecg,SPAN,0.2500,32,100,51,51,39.2157,3.89432458,2.873026e-02,0.94000000,0,-1.00000000
ecg_201,ecg,SPAN,0.5000,32,100,51,51,39.2157,3.35672452,3.251618e-02,0.86128440,0,-1.00000000
ecg_201,ecg,SPAN,0.7500,32,100,51,51,39.2157,2.26684308,4.179148e-02,0.94000000,0,-1.00000000
ecg_201,ecg,SPAN,1.0000,32,100,51,51,39.2157,4.33596891,2.595226e-02,0.94280488,0,-1.00000000
ecg_201,ecg,SPAN,1.2500,32,100,51,51,39.2157,3.52143937,3.130604e-02,0.91716216,0,-1.00000000
ecg_201,ecg,SPAN,1.5000,32,100,51,51,39.2157,4.21748841,2.667001e-02,1.00738095,0,-1.00000000
ecg_201,ecg,SPAN,2.0000,32,100,51,51,39.2157,5.17538536,2.139112e-02,1.14434783,0,-1.00000000
ecg_201,ecg,REF_INTERP_ERROR,-1.0000,64,2,1063,1063,1.8815,42.08528022,4.357566e-06,0.00700000,0,-1.00000000
ecg_201,ecg,REF_VW_AREA,-1.0000,64,2,1063,1063,1.8815,41.33949098,5.173958e-06,0.01000000,0,-1.00000000
ecg_201,ecg,SPAN,0.0000,64,2,1063,1063,1.8815,42.08528022,4.357566e-06,0.00700000,0,-1.00000000
ecg_201,ecg,SPAN,0.2500,64,2,1063,1063,1.8815,41.74664682,4.710937e-06,0.00875000,0,-1.00000000
ecg_201,ecg,SPAN,0.5000,64,2,1063,1063,1.8815,41.73574514,4.722778e-06,0.01000000,0,-1.00000000
ecg_201,ecg,SPAN,0.7500,64,2,1063,1063,1.8815,41.51406534,4.970104e-06,0.01000000,0,-1.00000000
ecg_201,ecg,SPAN,1.0000,64,2,1063,1063,1.8815,41.33949098,5.173958e-06,0.01000000,0,-1.00000000
ecg_201,ecg,SPAN,1.2500,64,2,1063,1063,1.8815,40.92983204,5.685764e-06,0.01250000,0,-1.00000000
ecg_201,ecg,SPAN,1.5000,64,2,1063,1063,1.8815,40.83590702,5.810069e-06,0.01250000,0,-1.00000000
ecg_201,ecg,SPAN,2.0000,64,2,1063,1063,1.8815,39.91956425,7.174896e-06,0.01250000,0,-1.00000000
ecg_201,ecg,REF_INTERP_ERROR,-1.0000,64,3,730,730,2.7397,35.96069290,1.785265e-05,0.01700000,0,-1.00000000
ecg_201,ecg,REF_VW_AREA,-1.0000,64,3,730,730,2.7397,35.26017679,2.097753e-05,0.02166667,0,-1.00000000
ecg_201,ecg,SPAN,0.0000,64,3,730,730,2.7397,35.96069290,1.785265e-05,0.01700000,0,-1.00000000
ecg_201,ecg,SPAN,0.2500,64,3,730,730,2.7397,35.93979265,1.793877e-05,0.01750000,0,-1.00000000
ecg_201,ecg,SPAN,0.5000,64,3,730,730,2.7397,35.77560962,1.862992e-05,0.02166667,0,-1.00000000
ecg_201,ecg,SPAN,0.7500,64,3,730,730,2.7397,35.58102277,1.948362e-05,0.02166667,0,-1.00000000
ecg_201,ecg,SPAN,1.0000,64,3,730,730,2.7397,35.26017679,2.097753e-05,0.02166667,0,-1.00000000
ecg_201,ecg,SPAN,1.2500,64,3,730,730,2.7397,34.78114589,2.342380e-05,0.03500000,0,-1.00000000
ecg_201,ecg,SPAN,1.5000,64,3,730,730,2.7397,34.53135348,2.481057e-05,0.03500000,0,-1.00000000
ecg_201,ecg,SPAN,2.0000,64,3,730,730,2.7397,33.68700710,3.013501e-05,0.03750000,0,-1.00000000
ecg_201,ecg,REF_INTERP_ERROR,-1.0000,64,5,463,463,4.3197,31.37668903,5.129832e-05,0.03000000,0,-1.00000000
ecg_201,ecg,REF_VW_AREA,-1.0000,64,5,463,463,4.3197,30.08124630,6.912695e-05,0.05500000,0,-1.00000000
ecg_201,ecg,SPAN,0.0000,64,5,463,463,4.3197,31.37668903,5.129832e-05,0.03000000,0,-1.00000000
ecg_201,ecg,SPAN,0.2500,64,5,463,463,4.3197,31.41251871,5.087684e-05,0.03000000,0,-1.00000000
ecg_201,ecg,SPAN,0.5000,64,5,463,463,4.3197,31.00095624,5.593407e-05,0.03666667,0,-1.00000000
ecg_201,ecg,SPAN,0.7500,64,5,463,463,4.3197,30.65113910,6.062589e-05,0.04000000,0,-1.00000000
ecg_201,ecg,SPAN,1.0000,64,5,463,463,4.3197,30.08124630,6.912695e-05,0.05500000,0,-1.00000000
ecg_201,ecg,SPAN,1.2500,64,5,463,463,4.3197,29.71935340,7.513403e-05,0.05000000,0,-1.00000000
ecg_201,ecg,SPAN,1.5000,64,5,463,463,4.3197,29.24838913,8.374003e-05,0.06166667,0,-1.00000000
ecg_201,ecg,SPAN,2.0000,64,5,463,463,4.3197,28.55435444,9.825091e-05,0.06250000,0,-1.00000000
ecg_201,ecg,REF_INTERP_ERROR,-1.0000,64,10,263,263,7.6046,27.72632139,1.188885e-04,0.05375000,0,-1.00000000
ecg_201,ecg,REF_VW_AREA,-1.0000,64,10,263,263,7.6046,26.07438427,1.739136e-04,0.09800000,0,-1.00000000
ecg_201,ecg,SPAN,0.0000,64,10,263,263,7.6046,27.72632139,1.188885e-04,0.05375000,0,-1.00000000
ecg_201,ecg,SPAN,0.2500,64,10,263,263,7.6046,27.48712716,1.256202e-04,0.04750000,0,-1.00000000
ecg_201,ecg,SPAN,0.5000,64,10,263,263,7.6046,27.25573155,1.324948e-04,0.06833333,0,-1.00000000
ecg_201,ecg,SPAN,0.7500,64,10,263,263,7.6046,26.53180794,1.565277e-04,0.06833333,0,-1.00000000
ecg_201,ecg,SPAN,1.0000,64,10,263,263,7.6046,26.07438427,1.739136e-04,0.09800000,0,-1.00000000
ecg_201,ecg,SPAN,1.2500,64,10,263,263,7.6046,24.42209227,2.544268e-04,0.14833333,0,-1.00000000
ecg_201,ecg,SPAN,1.5000,64,10,263,263,7.6046,24.37925093,2.569490e-04,0.12214286,0,-1.00000000
ecg_201,ecg,SPAN,2.0000,64,10,263,263,7.6046,22.96080173,3.561983e-04,0.16750000,0,-1.00000000
ecg_201,ecg,REF_INTERP_ERROR,-1.0000,64,20,163,163,12.2699,22.18560735,4.258055e-04,0.08470588,0,-1.00000000
ecg_201,ecg,REF_VW_AREA,-1.0000,64,20,163,163,12.2699,20.75778843,5.915523e-04,0.27300000,0,-1.00000000
ecg_201,ecg,SPAN,0.0000,64,20,163,163,12.2699,22.18560735,4.258055e-04,0.08470588,0,-1.00000000
ecg_201,ecg,SPAN,0.2500,64,20,163,163,12.2699,22.74065850,3.747194e-04,0.10000000,0,-1.00000000
ecg_201,ecg,SPAN,0.5000,64,20,163,163,12.2699,22.42381284,4.030795e-04,0.12423077,0,-1.00000000
ecg_201,ecg,SPAN,0.7500,64,20,163,163,12.2699,20.98468777,5.614399e-04,0.21444444,0,-1.00000000
ecg_201,ecg,SPAN,1.0000,64,20,163,163,12.2699,20.75778843,5.915523e-04,0.27300000,0,-1.00000000
ecg_201,ecg,SPAN,1.2500,64,20,163,163,12.2699,20.03411145,6.988128e-04,0.27300000,0,-1.00000000
ecg_201,ecg,SPAN,1.5000,64,20,163,163,12.2699,19.83031579,7.323867e-04,0.26666667,0,-1.00000000
ecg_201,ecg,SPAN,2.0000,64,20,163,163,12.2699,16.09516508,1.730834e-03,0.50730769,0,-1.00000000
ecg_201,ecg,REF_INTERP_ERROR,-1.0000,64,50,103,103,19.4175,17.15752097,1.355252e-03,0.14062500,0,-1.00000000
ecg_201,ecg,REF_VW_AREA,-1.0000,64,50,103,103,19.4175,14.41733612,2.547056e-03,0.46500000,0,-1.00000000
ecg_201,ecg,SPAN,0.0000,64,50,103,103,19.4175,17.15752097,1.355252e-03,0.14062500,0,-1.00000000
ecg_201,ecg,SPAN,0.2500,64,50,103,103,19.4175,17.10716193,1.371058e-03,0.22000000,0,-1.00000000
ecg_201,ecg,SPAN,0.5000,64,50,103,103,19.4175,16.86524593,1.449598e-03,0.22125000,0,-1.00000000
ecg_201,ecg,SPAN,0.7500,64,50,103,103,19.4175,15.49782651,1.986046e-03,0.32722222,0,-1.00000000
ecg_201,ecg,SPAN,1.0000,64,50,103,103,19.4175,14.41733612,2.547056e-03,0.46500000,0,-1.00000000
ecg_201,ecg,SPAN,1.2500,64,50,103,103,19.4175,9.81169962,7.355328e-03,0.79214286,0,-1.00000000
ecg_201,ecg,SPAN,1.5000,64,50,103,103,19.4175,9.90207919,7.203841e-03,0.79214286,0,-1.00000000
ecg_201,ecg,SPAN,2.0000,64,50,103,103,19.4175,11.33042043,5.184776e-03,0.55733333,0,-1.00000000
ecg_201,ecg,REF_INTERP_ERROR,-1.0000,64,100,83,83,24.0964,13.00688506,3.524386e-03,0.25939597,0,-1.00000000
ecg_201,ecg,REF_VW_AREA,-1.0000,64,100,83,83,24.0964,14.90124886,2.278490e-03,0.30400000,0,-1.00000000
ecg_201,ecg,SPAN,0.0000,64,100,83,83,24.0964,13.00688506,3.524386e-03,0.25939597,0,-1.00000000
ecg_201,ecg,SPAN,0.2500,64,100,83,83,24.0964,14.58360493,2.451385e-03,0.25500000,0,-1.00000000
ecg_201,ecg,SPAN,0.5000,64,100,83,83,24.0964,13.46706052,3.170049e-03,0.25500000,0,-1.00000000
ecg_201,ecg,SPAN,0.7500,64,100,83,83,24.0964,12.10849363,4.334337e-03,0.59500000,0,-1.00000000
ecg_201,ecg,SPAN,1.0000,64,100,83,83,24.0964,14.90124886,2.278490e-03,0.30400000,0,-1.00000000
ecg_201,ecg,SPAN,1.2500,64,100,83,83,24.0964,11.24435221,5.288552e-03,0.58833333,0,-1.00000000
ecg_201,ecg,SPAN,1.5000,64,100,83,83,24.0964,9.40137894,8.084146e-03,0.76862069,0,-1.00000000
ecg_201,ecg,SPAN,2.0000,64,100,83,83,24.0964,9.31686202,8.243010e-03,1.00738095,0,-1.00000000
ecg_201,ecg,REF_INTERP_ERROR,-1.0000,128,2,1127,1127,1.7746,42.61752672,3.854955e-06,0.00666667,0,-1.00000000
ecg_201,ecg,REF_VW_AREA,-1.0000,128,2,1127,1127,1.7746,42.09560184,4.347222e-06,0.00750000,0,-1.00000000
ecg_201,ecg,SPAN,0.0000,128,2,1127,1127,1.7746,42.61752672,3.854955e-06,0.00666667,0,-1.00000000
ecg_201,ecg,SPAN,0.2500,128,2,1127,1127,1.7746,42.49186680,3.968125e-06,0.00750000,0,-1.00000000
ecg_201,ecg,SPAN,0.5000,128,2,1127,1127,1.7746,42.53390986,3.929896e-06,0.00750000,0,-1.00000000
ecg_201,ecg,SPAN,0.7500,128,2,1127,1127,1.7746,42.22902899,4.215694e-06,0.00750000,0,-1.00000000
ecg_201,ecg,SPAN,1.0000,128,2,1127,1127,1.7746,42.09560184,4.347222e-06,0.00750000,0,-1.00000000
ecg_201,ecg,SPAN,1.2500,128,2,1127,1127,1.7746,41.81601926,4.636285e-06,0.01000000,0,-1.00000000
ecg_201,ecg,SPAN,1.5000,128,2,1127,1127,1.7746,41.69269453,4.769826e-06,0.01000000,0,-1.00000000
ecg_201,ecg,SPAN,2.0000,128,2,1127,1127,1.7746,40.69965230,5.995243e-06,0.01125000,0,-1.00000000
ecg_201,ecg,REF_INTERP_ERROR,-1.0000,128,3,794,794,2.5189,36.75971385,1.485254e-05,0.01375000,0,-1.00000000
ecg_201,ecg,REF_VW_AREA,-1.0000,128,3,794,794,2.5189,36.03769518,1.753891e-05,0.02000000,0,-1.00000000
ecg_201,ecg,SPAN,0.0000,128,3,794,794,2.5189,36.75971385,1.485254e-05,0.01375000,0,-1.00000000
ecg_201,ecg,SPAN,0.2500,128,3,794,794,2.5189,36.83611638,1.459353e-05,0.01500000,0,-1.00000000
ecg_201,ecg,SPAN,0.5000,128,3,794,794,2.5189,36.69390326,1.507932e-05,0.02083333,0,-1.00000000
ecg_201,ecg,SPAN,0.7500,128,3,794,794,2.5189,36.60127290,1.540440e-05,0.02083333,0,-1.00000000
ecg_201,ecg,SPAN,1.0000,128,3,794,794,2.5189,36.03769518,1.753891e-05,0.02000000,0,-1.00000000
ecg_201,ecg,SPAN,1.2500,128,3,794,794,2.5189,35.65504714,1.915435e-05,0.02750000,0,-1.00000000
ecg_201,ecg,SPAN,1.5000,128,3,794,794,2.5189,35.40517937,2.028869e-05,0.02750000,0,-1.00000000
ecg_201,ecg,SPAN,2.0000,128,3,794,794,2.5189,34.69323771,2.390277e-05,0.03250000,0,-1.00000000
ecg_201,ecg,REF_INTERP_ERROR,-1.0000,128,5,527,527,3.7951,32.21973498,4.224726e-05,0.02538462,0,-1.00000000
ecg_201,ecg,REF_VW_AREA,-1.0000,128,5,527,527,3.7951,31.33908902,5.174437e-05,0.05500000,0,-1.00000000
ecg_201,ecg,SPAN,0.0000,128,5,527,527,3.7951,32.21973498,4.224726e-05,0.02538462,0,-1.00000000
ecg_201,ecg,SPAN,0.2500,128,5,527,527,3.7951,32.36565580,4.085135e-05,0.02750000,0,-1.00000000
ecg_201,ecg,SPAN,0.5000,128,5,527,527,3.7951,31.78614038,4.668292e-05,0.03666667,0,-1.00000000
ecg_201,ecg,SPAN,0.7500,128,5,527,527,3.7951,31.57172616,4.904553e-05,0.03250000,0,-1.00000000
ecg_201,ecg,SPAN,1.0000,128,5,527,527,3.7951,31.33908902,5.174437e-05,0.05500000,0,-1.00000000
ecg_201,ecg,SPAN,1.2500,128,5,527,527,3.7951,30.67246043,6.032898e-05,0.05000000,0,-1.00000000
ecg_201,ecg,SPAN,1.5000,128,5,527,527,3.7951,30.15157416,6.801655e-05,0.05750000,0,-1.00000000
ecg_201,ecg,SPAN,2.0000,128,5,527,527,3.7951,29.39693920,8.092414e-05,0.06166667,0,-1.00000000
ecg_201,ecg,REF_INTERP_ERROR,-1.0000,128,10,327,327,6.1162,28.82960593,9.221709e-05,0.05375000,0,-1.00000000
ecg_201,ecg,REF_VW_AREA,-1.0000,128,10,327,327,6.1162,27.50893164,1.249910e-04,0.05500000,0,-1.00000000
ecg_201,ecg,SPAN,0.0000,128,10,327,327,6.1162,28.82960593,9.221709e-05,0.05375000,0,-1.00000000
ecg_201,ecg,SPAN,0.2500,128,10,327,327,6.1162,28.89915354,9.075210e-05,0.05285714,0,-1.00000000
ecg_201,ecg,SPAN,0.5000,128,10,327,327,6.1162,28.32588260,1.035580e-04,0.05500000,0,-1.00000000
ecg_201,ecg,SPAN,0.7500,128,10,327,327,6.1162,28.13830168,1.081289e-04,0.05375000,0,-1.00000000
ecg_201,ecg,SPAN,1.0000,128,10,327,327,6.1162,27.50893164,1.249910e-04,0.05500000,0,-1.00000000
ecg_201,ecg,SPAN,1.2500,128,10,327,327,6.1162,27.42347893,1.274747e-04,0.06166667,0,-1.00000000
ecg_201,ecg,SPAN,1.5000,128,10,327,327,6.1162,26.40516150,1.611595e-04,0.10166667,0,-1.00000000
ecg_201,ecg,SPAN,2.0000,128,10,327,327,6.1162,25.42536356,2.019462e-04,0.12000000,0,-1.00000000
ecg_201,ecg,REF_INTERP_ERROR,-1.0000,128,20,227,227,8.8106,24.29520185,2.619702e-04,0.06225000,0,-1.00000000
ecg_201,ecg,REF_VW_AREA,-1.0000,128,20,227,227,8.8106,23.51044981,3.138535e-04,0.10909091,0,-1.00000000
ecg_201,ecg,SPAN,0.0000,128,20,227,227,8.8106,24.29520185,2.619702e-04,0.06225000,0,-1.00000000
ecg_201,ecg,SPAN,0.2500,128,20,227,227,8.8106,25.03640775,2.208672e-04,0.07333333,0,-1.00000000
ecg_201,ecg,SPAN,0.5000,128,20,227,227,8.8106,25.21525876,2.119562e-04,0.08615385,0,-1.00000000
ecg_201,ecg,SPAN,0.7500,128,20,227,227,8.8106,24.23097776,2.658730e-04,0.09800000,0,-1.00000000
ecg_201,ecg,SPAN,1.0000,128,20,227,227,8.8106,23.51044981,3.138535e-04,0.10909091,0,-1.00000000
ecg_201,ecg,SPAN,1.2500,128,20,227,227,8.8106,23.49574798,3.149178e-04,0.10166667,0,-1.00000000
ecg_201,ecg,SPAN,1.5000,128,20,227,227,8.8106,22.83833791,3.663855e-04,0.17500000,0,-1.00000000
ecg_201,ecg,SPAN,2.0000,128,20,227,227,8.8106,20.84858748,5.793130e-04,0.27300000,0,-1.00000000
ecg_201,ecg,REF_INTERP_ERROR,-1.0000,128,50,167,167,11.9760,19.42313903,8.043742e-04,0.12822581,0,-1.00000000
ecg_201,ecg,REF_VW_AREA,-1.0000,128,50,167,167,11.9760,21.97208406,4.472637e-04,0.15357143,0,-1.00000000
ecg_201,ecg,SPAN,0.0000,128,50,167,167,11.9760,19.42313903,8.043742e-04,0.12822581,0,-1.00000000
ecg_201,ecg,SPAN,0.2500,128,50,167,167,11.9760,21.37434679,5.132599e-04,0.07944444,0,-1.00000000
ecg_201,ecg,SPAN,0.5000,128,50,167,167,11.9760,21.69990626,4.761912e-04,0.13545455,0,-1.00000000
ecg_201,ecg,SPAN,0.7500,128,50,167,167,11.9760,22.09609739,4.346726e-04,0.15357143,0,-1.00000000
ecg_201,ecg,SPAN,1.0000,128,50,167,167,11.9760,21.97208406,4.472637e-04,0.15357143,0,-1.00000000
ecg_201,ecg,SPAN,1.2500,128,50,167,167,11.9760,21.31487851,5.203364e-04,0.17214286,0,-1.00000000
ecg_201,ecg,SPAN,1.5000,128,50,167,167,11.9760,21.58714525,4.887171e-04,0.21571429,0,-1.00000000
ecg_201,ecg,SPAN,2.0000,128,50,167,167,11.9760,19.93613000,7.147580e-04,0.23000000,0,-1.00000000
ecg_201,ecg,REF_INTERP_ERROR,-1.0000,128,100,147,147,13.6054,16.98115254,1.411422e-03,0.14556604,0,-1.00000000
ecg_201,ecg,REF_VW_AREA,-1.0000,128,100,147,147,13.6054,21.37875386,5.127393e-04,0.13750000,0,-1.00000000
ecg_201,ecg,SPAN,0.0000,128,100,147,147,13.6054,16.98115254,1.411422e-03,0.14556604,0,-1.00000000
ecg_201,ecg,SPAN,0.2500,128,100,147,147,13.6054,17.68327364,1.200728e-03,0.16000000,0,-1.00000000
ecg_201,ecg,SPAN,0.5000,128,100,147,147,13.6054,21.25125783,5.280150e-04,0.14083333,0,-1.00000000
ecg_201,ecg,SPAN,0.7500,128,100,147,147,13.6054,21.66643967,4.798749e-04,0.15357143,0,-1.00000000
ecg_201,ecg,SPAN,1.0000,128,100,147,147,13.6054,21.37875386,5.127393e-04,0.13750000,0,-1.00000000
ecg_201,ecg,SPAN,1.2500,128,100,147,147,13.6054,20.12911619,6.836919e-04,0.22000000,0,-1.00000000
ecg_201,ecg,SPAN,1.5000,128,100,147,147,13.6054,19.90747217,7.194901e-04,0.22000000,0,-1.00000000
ecg_201,ecg,SPAN,2.0000,128,100,147,147,13.6054,18.58474353,9.756581e-04,0.22326087,0,-1.00000000
ecg_201,ecg,REF_INTERP_ERROR,-1.0000,256,2,1255,1255,1.5936,43.92255713,2.854410e-06,0.00500000,0,-1.00000000
ecg_201,ecg,REF_VW_AREA,-1.0000,256,2,1255,1255,1.5936,43.30429480,3.291111e-06,0.00750000,0,-1.00000000
ecg_201,ecg,SPAN,0.0000,256,2,1255,1255,1.5936,43.92255713,2.854410e-06,0.00500000,0,-1.00000000
ecg_201,ecg,SPAN,0.2500,256,2,1255,1255,1.5936,43.80899258,2.930035e-06,0.00666667,0,-1.00000000
ecg_201,ecg,SPAN,0.5000,256,2,1255,1255,1.5936,43.81434833,2.926424e-06,0.00750000,0,-1.00000000
ecg_201,ecg,SPAN,0.7500,256,2,1255,1255,1.5936,43.67300956,3.023229e-06,0.00750000,0,-1.00000000
ecg_201,ecg,SPAN,1.0000,256,2,1255,1255,1.5936,43.30429480,3.291111e-06,0.00750000,0,-1.00000000
ecg_201,ecg,SPAN,1.2500,256,2,1255,1255,1.5936,43.19042746,3.378542e-06,0.00833333,0,-1.00000000
ecg_201,ecg,SPAN,1.5000,256,2,1255,1255,1.5936,43.15570772,3.405660e-06,0.00833333,0,-1.00000000
ecg_201,ecg,SPAN,2.0000,256,2,1255,1255,1.5936,42.22113094,4.223368e-06,0.01000000,0,-1.00000000
ecg_201,ecg,REF_INTERP_ERROR,-1.0000,256,3,922,922,2.1692,38.35837625,1.027861e-05,0.01250000,0,-1.00000000
ecg_201,ecg,REF_VW_AREA,-1.0000,256,3,922,922,2.1692,37.88256283,1.146874e-05,0.01750000,0,-1.00000000
ecg_201,ecg,SPAN,0.0000,256,3,922,922,2.1692,38.35837625,1.027861e-05,0.01250000,0,-1.00000000
ecg_201,ecg,SPAN,0.2500,256,3,922,922,2.1692,38.32533889,1.035710e-05,0.01250000,0,-1.00000000
ecg_201,ecg,SPAN,0.5000,256,3,922,922,2.1692,38.23776631,1.056806e-05,0.01500000,0,-1.00000000
ecg_201,ecg,SPAN,0.7500,256,3,922,922,2.1692,38.17611135,1.071916e-05,0.01500000,0,-1.00000000
ecg_201,ecg,SPAN,1.0000,256,3,922,922,2.1692,37.88256283,1.146874e-05,0.01750000,0,-1.00000000
ecg_201,ecg,SPAN,1.2500,256,3,922,922,2.1692,37.53078857,1.243636e-05,0.01833333,0,-1.00000000
ecg_201,ecg,SPAN,1.5000,256,3,922,922,2.1692,37.30267608,1.310703e-05,0.02250000,0,-1.00000000
ecg_201,ecg,SPAN,2.0000,256,3,922,922,2.1692,36.51039878,1.573012e-05,0.03000000,0,-1.00000000
ecg_201,ecg,REF_INTERP_ERROR,-1.0000,256,5,655,655,3.0534,33.90955267,2.862970e-05,0.02363636,0,-1.00000000
ecg_201,ecg,REF_VW_AREA,-1.0000,256,5,655,655,3.0534,32.79571115,3.699993e-05,0.03666667,0,-1.00000000
ecg_201,ecg,SPAN,0.0000,256,5,655,655,3.0534,33.90955267,2.862970e-05,0.02363636,0,-1.00000000
ecg_201,ecg,SPAN,0.2500,256,5,655,655,3.0534,33.79492768,2.939539e-05,0.02750000,0,-1.00000000
ecg_201,ecg,SPAN,0.5000,256,5,655,655,3.0534,33.41640697,3.207239e-05,0.02750000,0,-1.00000000
ecg_201,ecg,SPAN,0.7500,256,5,655,655,3.0534,33.12074912,3.433184e-05,0.03166667,0,-1.00000000
ecg_201,ecg,SPAN,1.0000,256,5,655,655,3.0534,32.79571115,3.699993e-05,0.03666667,0,-1.00000000
ecg_201,ecg,SPAN,1.2500,256,5,655,655,3.0534,32.43007200,4.024990e-05,0.04000000,0,-1.00000000
ecg_201,ecg,SPAN,1.5000,256,5,655,655,3.0534,32.31863593,4.129604e-05,0.05750000,0,-1.00000000
ecg_201,ecg,SPAN,2.0000,256,5,655,655,3.0534,31.64613795,4.821234e-05,0.05750000,0,-1.00000000
ecg_201,ecg,REF_INTERP_ERROR,-1.0000,256,10,455,455,4.3956,30.93814076,5.674897e-05,0.02833333,0,-1.00000000
ecg_201,ecg,REF_VW_AREA,-1.0000,256,10,455,455,4.3956,30.07553694,6.921789e-05,0.05500000,0,-1.00000000
ecg_201,ecg,SPAN,0.0000,256,10,455,455,4.3956,30.93814076,5.674897e-05,0.02833333,0,-1.00000000
ecg_201,ecg,SPAN,0.2500,256,10,455,455,4.3956,30.62082363,6.105056e-05,0.03758621,0,-1.00000000
ecg_201,ecg,SPAN,0.5000,256,10,455,455,4.3956,30.74390473,5.934465e-05,0.03250000,0,-1.00000000
ecg_201,ecg,SPAN,0.7500,256,10,455,455,4.3956,30.59580026,6.140334e-05,0.04000000,0,-1.00000000
ecg_201,ecg,SPAN,1.0000,256,10,455,455,4.3956,30.07553694,6.921789e-05,0.05500000,0,-1.00000000
ecg_201,ecg,SPAN,1.2500,256,10,455,455,4.3956,29.63626934,7.658524e-05,0.05750000,0,-1.00000000
ecg_201,ecg,SPAN,1.5000,256,10,455,455,4.3956,29.49194094,7.917315e-05,0.05750000,0,-1.00000000
ecg_201,ecg,SPAN,2.0000,256,10,455,455,4.3956,28.79971329,9.285402e-05,0.05750000,0,-1.00000000
ecg_201,ecg,REF_INTERP_ERROR,-1.0000,256,20,355,355,5.6338,29.11494911,8.635294e-05,0.03409091,0,-1.00000000
ecg_201,ecg,REF_VW_AREA,-1.0000,256,20,355,355,5.6338,28.47340204,1.000995e-04,0.05700000,0,-1.00000000
ecg_201,ecg,SPAN,0.0000,256,20,355,355,5.6338,29.11494911,8.635294e-05,0.03409091,0,-1.00000000
ecg_201,ecg,SPAN,0.2500,256,20,355,355,5.6338,28.84294538,9.193428e-05,0.04843750,0,-1.00000000
ecg_201,ecg,SPAN,0.5000,256,20,355,355,5.6338,29.57786563,7.762211e-05,0.03576923,0,-1.00000000
ecg_201,ecg,SPAN,0.7500,256,20,355,355,5.6338,28.83011552,9.220627e-05,0.05000000,0,-1.00000000
ecg_201,ecg,SPAN,1.0000,256,20,355,355,5.6338,28.47340204,1.000995e-04,0.05700000,0,-1.00000000
ecg_201,ecg,SPAN,1.2500,256,20,355,355,5.6338,28.50129542,9.945863e-05,0.05750000,0,-1.00000000
ecg_201,ecg,SPAN,1.5000,256,20,355,355,5.6338,28.19212090,1.067972e-04,0.05750000,0,-1.00000000
ecg_201,ecg,SPAN,2.0000,256,20,355,355,5.6338,27.03450170,1.394190e-04,0.08166667,0,-1.00000000
ecg_201,ecg,REF_INTERP_ERROR,-1.0000,256,50,295,295,6.7797,25.34916616,2.055206e-04,0.07107143,0,-1.00000000
ecg_201,ecg,REF_VW_AREA,-1.0000,256,50,295,295,6.7797,27.85495796,1.154187e-04,0.05500000,0,-1.00000000
ecg_201,ecg,SPAN,0.0000,256,50,295,295,6.7797,25.34916616,2.055206e-04,0.07107143,0,-1.00000000
ecg_201,ecg,SPAN,0.2500,256,50,295,295,6.7797,27.79287858,1.170804e-04,0.04600000,0,-1.00000000
ecg_201,ecg,SPAN,0.5000,256,50,295,295,6.7797,27.91429783,1.138524e-04,0.04600000,0,-1.00000000
ecg_201,ecg,SPAN,0.7500,256,50,295,295,6.7797,28.00730209,1.114402e-04,0.05000000,0,-1.00000000
ecg_201,ecg,SPAN,1.0000,256,50,295,295,6.7797,27.85495796,1.154187e-04,0.05500000,0,-1.00000000
ecg_201,ecg,SPAN,1.2500,256,50,295,295,6.7797,27.82461863,1.162278e-04,0.05700000,0,-1.00000000
ecg_201,ecg,SPAN,1.5000,256,50,295,295,6.7797,26.93813144,1.425473e-04,0.08166667,0,-1.00000000
ecg_201,ecg,SPAN,2.0000,256,50,295,295,6.7797,26.03185027,1.756253e-04,0.10166667,0,-1.00000000
ecg_201,ecg,REF_INTERP_ERROR,-1.0000,256,100,275,275,7.2727,24.90749162,2.275217e-04,0.07107143,0,-1.00000000
ecg_201,ecg,REF_VW_AREA,-1.0000,256,100,275,275,7.2727,27.66183426,1.206670e-04,0.05700000,0,-1.00000000
ecg_201,ecg,SPAN,0.0000,256,100,275,275,7.2727,24.90749162,2.275217e-04,0.07107143,0,-1.00000000
ecg_201,ecg,SPAN,0.2500,256,100,275,275,7.2727,27.94310093,1.130998e-04,0.04147059,0,-1.00000000
ecg_201,ecg,SPAN,0.5000,256,100,275,275,7.2727,27.65381659,1.208900e-04,0.04600000,0,-1.00000000
ecg_201,ecg,SPAN,0.7500,256,100,275,275,7.2727,27.56339647,1.234333e-04,0.05700000,0,-1.00000000
ecg_201,ecg,SPAN,1.0000,256,100,275,275,7.2727,27.66183426,1.206670e-04,0.05700000,0,-1.00000000
ecg_201,ecg,SPAN,1.2500,256,100,275,275,7.2727,26.92841445,1.428666e-04,0.09166667,0,-1.00000000
ecg_201,ecg,SPAN,1.5000,256,100,275,275,7.2727,26.34087387,1.635628e-04,0.08166667,0,-1.00000000
ecg_201,ecg,SPAN,2.0000,256,100,275,275,7.2727,25.05040766,2.201564e-04,0.15357143,0,-1.00000000
ecg_201,ecg,REF_INTERP_ERROR,-1.0000,512,2,1511,1511,1.3236,48.36019547,1.027431e-06,0.00500000,0,-1.00000000
ecg_201,ecg,REF_VW_AREA,-1.0000,512,2,1511,1511,1.3236,47.77926707,1.174479e-06,0.00500000,0,-1.00000000
ecg_201,ecg,SPAN,0.0000,512,2,1511,1511,1.3236,48.36019547,1.027431e-06,0.00500000,0,-1.00000000
ecg_201,ecg,SPAN,0.2500,512,2,1511,1511,1.3236,48.39512018,1.019201e-06,0.00500000,0,-1.00000000
ecg_201,ecg,SPAN,0.5000,512,2,1511,1511,1.3236,48.42779304,1.011562e-06,0.00500000,0,-1.00000000
ecg_201,ecg,SPAN,0.7500,512,2,1511,1511,1.3236,48.42973142,1.011111e-06,0.00500000,0,-1.00000000
ecg_201,ecg,SPAN,1.0000,512,2,1511,1511,1.3236,47.77926707,1.174479e-06,0.00500000,0,-1.00000000
ecg_201,ecg,SPAN,1.2500,512,2,1511,1511,1.3236,47.34176804,1.298958e-06,0.00500000,0,-1.00000000
ecg_201,ecg,SPAN,1.5000,512,2,1511,1511,1.3236,47.34176804,1.298958e-06,0.00500000,0,-1.00000000
ecg_201,ecg,SPAN,2.0000,512,2,1511,1511,1.3236,47.34176804,1.298958e-06,0.00500000,0,-1.00000000
ecg_201,ecg,REF_INTERP_ERROR,-1.0000,512,3,1178,1178,1.6978,42.33495380,4.114117e-06,0.00750000,0,-1.00000000
ecg_201,ecg,REF_VW_AREA,-1.0000,512,3,1178,1178,1.6978,41.87971330,4.568785e-06,0.01000000,0,-1.00000000
ecg_201,ecg,SPAN,0.0000,512,3,1178,1178,1.6978,42.33495380,4.114117e-06,0.00750000,0,-1.00000000
ecg_201,ecg,SPAN,0.2500,512,3,1178,1178,1.6978,42.16677201,4.276562e-06,0.00833333,0,-1.00000000
ecg_201,ecg,SPAN,0.5000,512,3,1178,1178,1.6978,42.19706097,4.246840e-06,0.00800000,0,-1.00000000
ecg_201,ecg,SPAN,0.7500,512,3,1178,1178,1.6978,42.09300101,4.349826e-06,0.00800000,0,-1.00000000
ecg_201,ecg,SPAN,1.0000,512,3,1178,1178,1.6978,41.87971330,4.568785e-06,0.01000000,0,-1.00000000
ecg_201,ecg,SPAN,1.2500,512,3,1178,1178,1.6978,41.59788125,4.875104e-06,0.01000000,0,-1.00000000
ecg_201,ecg,SPAN,1.5000,512,3,1178,1178,1.6978,41.57748318,4.898056e-06,0.01000000,0,-1.00000000
ecg_201,ecg,SPAN,2.0000,512,3,1178,1178,1.6978,40.92241228,5.695486e-06,0.01250000,0,-1.00000000
ecg_201,ecg,REF_INTERP_ERROR,-1.0000,512,5,911,911,2.1954,38.30136986,1.041442e-05,0.01214286,0,-1.00000000
ecg_201,ecg,REF_VW_AREA,-1.0000,512,5,911,911,2.1954,37.82855419,1.161226e-05,0.01500000,0,-1.00000000
ecg_201,ecg,SPAN,0.0000,512,5,911,911,2.1954,38.30136986,1.041442e-05,0.01214286,0,-1.00000000
ecg_201,ecg,SPAN,0.2500,512,5,911,911,2.1954,38.41851995,1.013725e-05,0.01214286,0,-1.00000000
ecg_201,ecg,SPAN,0.5000,512,5,911,911,2.1954,38.32559896,1.035648e-05,0.01250000,0,-1.00000000
ecg_201,ecg,SPAN,0.7500,512,5,911,911,2.1954,38.07194668,1.097937e-05,0.01500000,0,-1.00000000
ecg_201,ecg,SPAN,1.0000,512,5,911,911,2.1954,37.82855419,1.161226e-05,0.01500000,0,-1.00000000
ecg_201,ecg,SPAN,1.2500,512,5,911,911,2.1954,37.69381415,1.197817e-05,0.01750000,0,-1.00000000
ecg_201,ecg,SPAN,1.5000,512,5,911,911,2.1954,37.14018115,1.360673e-05,0.02500000,0,-1.00000000
ecg_201,ecg,SPAN,2.0000,512,5,911,911,2.1954,36.50217087,1.575995e-05,0.02500000,0,-1.00000000
ecg_201,ecg,REF_INTERP_ERROR,-1.0000,512,10,711,711,2.8129,34.90448936,2.276791e-05,0.02035714,0,-1.00000000
ecg_201,ecg,REF_VW_AREA,-1.0000,512,10,711,711,2.8129,34.61807047,2.432008e-05,0.02500000,0,-1.00000000
ecg_201,ecg,SPAN,0.0000,512,10,711,711,2.8129,34.90448936,2.276791e-05,0.02035714,0,-1.00000000
ecg_201,ecg,SPAN,0.2500,512,10,711,711,2.8129,35.11605608,2.168535e-05,0.01900000,0,-1.00000000
ecg_201,ecg,SPAN,0.5000,512,10,711,711,2.8129,35.03075829,2.211547e-05,0.02000000,0,-1.00000000
ecg_201,ecg,SPAN,0.7500,512,10,711,711,2.8129,34.90557595,2.276221e-05,0.02500000,0,-1.00000000
ecg_201,ecg,SPAN,1.0000,512,10,711,711,2.8129,34.61807047,2.432008e-05,0.02500000,0,-1.00000000
ecg_201,ecg,SPAN,1.2500,512,10,711,711,2.8129,34.25056983,2.646763e-05,0.03000000,0,-1.00000000
ecg_201,ecg,SPAN,1.5000,512,10,711,711,2.8129,33.94395763,2.840379e-05,0.03500000,0,-1.00000000
ecg_201,ecg,SPAN,2.0000,512,10,711,711,2.8129,33.32834894,3.272933e-05,0.04000000,0,-1.00000000
ecg_201,ecg,REF_INTERP_ERROR,-1.0000,512,20,611,611,3.2733,33.81202111,2.927992e-05,0.02156250,0,-1.00000000
ecg_201,ecg,REF_VW_AREA,-1.0000,512,20,611,611,3.2733,33.30704257,3.289029e-05,0.03000000,0,-1.00000000
ecg_201,ecg,SPAN,0.0000,512,20,611,611,3.2733,33.81202111,2.927992e-05,0.02156250,0,-1.00000000
ecg_201,ecg,SPAN,0.2500,512,20,611,611,3.2733,33.98420829,2.814176e-05,0.02000000,0,-1.00000000
ecg_201,ecg,SPAN,0.5000,512,20,611,611,3.2733,33.71119926,2.996761e-05,0.02500000,0,-1.00000000
ecg_201,ecg,SPAN,0.7500,512,20,611,611,3.2733,33.33310368,3.269352e-05,0.02500000,0,-1.00000000
ecg_201,ecg,SPAN,1.0000,512,20,611,611,3.2733,33.30704257,3.289029e-05,0.03000000,0,-1.00000000
ecg_201,ecg,SPAN,1.2500,512,20,611,611,3.2733,32.95193308,3.569264e-05,0.03750000,0,-1.00000000
ecg_201,ecg,SPAN,1.5000,512,20,611,611,3.2733,32.75200289,3.737419e-05,0.04000000,0,-1.00000000
ecg_201,ecg,SPAN,2.0000,512,20,611,611,3.2733,32.21536339,4.228981e-05,0.05750000,0,-1.00000000
ecg_201,ecg,REF_INTERP_ERROR,-1.0000,512,50,551,551,3.6298,32.54533661,3.919569e-05,0.03000000,0,-1.00000000
ecg_201,ecg,REF_VW_AREA,-1.0000,512,50,551,551,3.6298,32.46810453,3.989896e-05,0.03250000,0,-1.00000000
ecg_201,ecg,SPAN,0.0000,512,50,551,551,3.6298,32.54533661,3.919569e-05,0.03000000,0,-1.00000000
ecg_201,ecg,SPAN,0.2500,512,50,551,551,3.6298,32.89087392,3.619800e-05,0.02205882,0,-1.00000000
ecg_201,ecg,SPAN,0.5000,512,50,551,551,3.6298,32.84129397,3.661362e-05,0.02750000,0,-1.00000000
ecg_201,ecg,SPAN,0.7500,512,50,551,551,3.6298,32.66471115,3.813299e-05,0.02750000,0,-1.00000000
ecg_201,ecg,SPAN,1.0000,512,50,551,551,3.6298,32.46810453,3.989896e-05,0.03250000,0,-1.00000000
ecg_201,ecg,SPAN,1.2500,512,50,551,551,3.6298,32.05066633,4.392435e-05,0.04000000,0,-1.00000000
ecg_201,ecg,SPAN,1.5000,512,50,551,551,3.6298,31.91026815,4.536754e-05,0.05000000,0,-1.00000000
ecg_201,ecg,SPAN,2.0000,512,50,551,551,3.6298,31.29893768,5.222498e-05,0.05750000,0,-1.00000000
ecg_201,ecg,REF_INTERP_ERROR,-1.0000,512,100,531,531,3.7665,32.44915969,4.007339e-05,0.02923077,0,-1.00000000
ecg_201,ecg,REF_VW_AREA,-1.0000,512,100,531,531,3.7665,32.35723975,4.093059e-05,0.03250000,0,-1.00000000
ecg_201,ecg,SPAN,0.0000,512,100,531,531,3.7665,32.44915969,4.007339e-05,0.02923077,0,-1.00000000
ecg_201,ecg,SPAN,0.2500,512,100,531,531,3.7665,32.51679422,3.945414e-05,0.02857143,0,-1.00000000
ecg_201,ecg,SPAN,0.5000,512,100,531,531,3.7665,32.68752043,3.793324e-05,0.02750000,0,-1.00000000
ecg_201,ecg,SPAN,0.7500,512,100,531,531,3.7665,32.29574365,4.151429e-05,0.02875000,0,-1.00000000
ecg_201,ecg,SPAN,1.0000,512,100,531,531,3.7665,32.35723975,4.093059e-05,0.03250000,0,-1.00000000
ecg_201,ecg,SPAN,1.2500,512,100,531,531,3.7665,32.07782973,4.365048e-05,0.04000000,0,-1.00000000
ecg_201,ecg,SPAN,1.5000,512,100,531,531,3.7665,31.60722711,4.864624e-05,0.05000000,0,-1.00000000
ecg_201,ecg,SPAN,2.0000,512,100,531,531,3.7665,31.10516766,5.460787e-05,0.05750000,0,-1.00000000
ecg_205,ecg,REF_INTERP_ERROR,-1.0000,32,2,1031,1031,1.9399,46.66236481,4.144836e-06,0.00833333,0,-1.00000000
ecg_205,ecg,REF_VW_AREA,-1.0000,32,2,1031,1031,1.9399,46.06615543,4.754757e-06,0.01250000,0,-1.00000000
ecg_205,ecg,SPAN,0.0000,32,2,1031,1031,1.9399,46.66236481,4.144836e-06,0.00833333,0,-1.00000000
ecg_205,ecg,SPAN,0.2500,32,2,1031,1031,1.9399,46.58095646,4.223264e-06,0.00900000,0,-1.00000000
ecg_205,ecg,SPAN,0.5000,32,2,1031,1031,1.9399,46.44291963,4.359653e-06,0.01000000,0,-1.00000000
ecg_205,ecg,SPAN,0.7500,32,2,1031,1031,1.9399,46.18286655,4.628681e-06,0.01250000,0,-1.00000000
ecg_205,ecg,SPAN,1.0000,32,2,1031,1031,1.9399,46.06615543,4.754757e-06,0.01250000,0,-1.00000000
ecg_205,ecg,SPAN,1.2500,32,2,1031,1031,1.9399,45.72622350,5.141875e-06,0.01250000,0,-1.00000000
ecg_205,ecg,SPAN,1.5000,32,2,1031,1031,1.9399,45.57209084,5.327639e-06,0.01500000,0,-1.00000000
ecg_205,ecg,SPAN,2.0000,32,2,1031,1031,1.9399,44.27386357,7.183854e-06,0.02000000,0,-1.00000000
ecg_205,ecg,REF_INTERP_ERROR,-1.0000,32,3,698,698,2.8653,41.65516538,1.312887e-05,0.01500000,0,-1.00000000
ecg_205,ecg,REF_VW_AREA,-1.0000,32,3,698,698,2.8653,40.82700007,1.588707e-05,0.02250000,0,-1.00000000
ecg_205,ecg,SPAN,0.0000,32,3,698,698,2.8653,41.65516538,1.312887e-05,0.01500000,0,-1.00000000
ecg_205,ecg,SPAN,0.2500,32,3,698,698,2.8653,41.68766199,1.303100e-05,0.02000000,0,-1.00000000
ecg_205,ecg,SPAN,0.5000,32,3,698,698,2.8653,41.45835539,1.373752e-05,0.02000000,0,-1.00000000
ecg_205,ecg,SPAN,0.7500,32,3,698,698,2.8653,41.32622423,1.416190e-05,0.02100000,0,-1.00000000
ecg_205,ecg,SPAN,1.0000,32,3,698,698,2.8653,40.82700007,1.588707e-05,0.02250000,0,-1.00000000
ecg_205,ecg,SPAN,1.2500,32,3,698,698,2.8653,40.18041715,1.843750e-05,0.02750000,0,-1.00000000
ecg_205,ecg,SPAN,1.5000,32,3,698,698,2.8653,39.80473112,2.010346e-05,0.03000000,0,-1.00000000
ecg_205,ecg,SPAN,2.0000,32,3,698,698,2.8653,38.52997076,2.696167e-05,0.04500000,0,-1.00000000
ecg_205,ecg,REF_INTERP_ERROR,-1.0000,32,5,431,431,4.6404,36.35644423,4.447331e-05,0.02500000,0,-1.00000000
ecg_205,ecg,REF_VW_AREA,-1.0000,32,5,431,431,4.6404,34.69262603,6.523509e-05,0.06000000,0,-1.00000000
ecg_205,ecg,SPAN,0.0000,32,5,431,431,4.6404,36.35644423,4.447331e-05,0.02500000,0,-1.00000000
ecg_205,ecg,SPAN,0.2500,32,5,431,431,4.6404,36.31106392,4.494046e-05,0.03125000,0,-1.00000000
ecg_205,ecg,SPAN,0.5000,32,5,431,431,4.6404,35.71022302,5.160854e-05,0.05000000,0,-1.00000000
ecg_205,ecg,SPAN,0.7500,32,5,431,431,4.6404,35.52398247,5.386983e-05,0.05250000,0,-1.00000000
ecg_205,ecg,SPAN,1.0000,32,5,431,431,4.6404,34.69262603,6.523509e-05,0.06000000,0,-1.00000000
ecg_205,ecg,SPAN,1.2500,32,5,431,431,4.6404,34.23729029,7.244607e-05,0.06500000,0,-1.00000000
ecg_205,ecg,SPAN,1.5000,32,5,431,431,4.6404,33.50026240,8.584552e-05,0.07500000,0,-1.00000000
ecg_205,ecg,SPAN,2.0000,32,5,431,431,4.6404,32.98489021,9.666179e-05,0.07250000,0,-1.00000000
ecg_205,ecg,REF_INTERP_ERROR,-1.0000,32,10,231,231,8.6580,29.55046805,2.131558e-04,0.10840909,0,-1.00000000
ecg_205,ecg,REF_VW_AREA,-1.0000,32,10,231,231,8.6580,28.07214010,2.995918e-04,0.14000000,0,-1.00000000
ecg_205,ecg,SPAN,0.0000,32,10,231,231,8.6580,29.55046805,2.131558e-04,0.10840909,0,-1.00000000
ecg_205,ecg,SPAN,0.2500,32,10,231,231,8.6580,29.80031069,2.012393e-04,0.10840909,0,-1.00000000
ecg_205,ecg,SPAN,0.5000,32,10,231,231,8.6580,29.61569195,2.099784e-04,0.10900000,0,-1.00000000
ecg_205,ecg,SPAN,0.7500,32,10,231,231,8.6580,28.44862003,2.747147e-04,0.14857143,0,-1.00000000
ecg_205,ecg,SPAN,1.0000,32,10,231,231,8.6580,28.07214010,2.995918e-04,0.14000000,0,-1.00000000
ecg_205,ecg,SPAN,1.2500,32,10,231,231,8.6580,27.19518624,3.666277e-04,0.14857143,0,-1.00000000
ecg_205,ecg,SPAN,1.5000,32,10,231,231,8.6580,26.35365330,4.450190e-04,0.16388889,0,-1.00000000
ecg_205,ecg,SPAN,2.0000,32,10,231,231,8.6580,24.79701572,6.368575e-04,0.21750000,0,-1.00000000
ecg_205,ecg,REF_INTERP_ERROR,-1.0000,32,20,131,131,15.2672,24.68589777,6.533623e-04,0.18108911,0,-1.00000000
ecg_205,ecg,REF_VW_AREA,-1.0000,32,20,131,131,15.2672,22.28981208,1.134391e-03,0.33000000,0,-1.00000000
ecg_205,ecg,SPAN,0.0000,32,20,131,131,15.2672,24.68589777,6.533623e-04,0.18108911,0,-1.00000000
ecg_205,ecg,SPAN,0.2500,32,20,131,131,15.2672,25.11207454,5.922927e-04,0.18416667,0,-1.00000000
ecg_205,ecg,SPAN,0.5000,32,20,131,131,15.2672,25.40335273,5.538710e-04,0.18073171,0,-1.00000000
ecg_205,ecg,SPAN,0.7500,32,20,131,131,15.2672,24.05855057,7.548989e-04,0.26928571,0,-1.00000000
ecg_205,ecg,SPAN,1.0000,32,20,131,131,15.2672,22.28981208,1.134391e-03,0.33000000,0,-1.00000000
ecg_205,ecg,SPAN,1.2500,32,20,131,131,15.2672,21.97093168,1.220817e-03,0.27714286,0,-1.00000000
ecg_205,ecg,SPAN,1.5000,32,20,131,131,15.2672,21.01402900,1.521742e-03,0.35714286,0,-1.00000000
ecg_205,ecg,SPAN,2.0000,32,20,131,131,15.2672,19.86560389,1.982364e-03,0.51769231,0,-1.00000000
ecg_205,ecg,REF_INTERP_ERROR,-1.0000,32,50,71,71,28.1690,19.40439441,2.204471e-03,0.17063636,0,-1.00000000
ecg_205,ecg,REF_VW_AREA,-1.0000,32,50,71,71,28.1690,13.99727941,7.656247e-03,0.96537037,0,-1.00000000
ecg_205,ecg,SPAN,0.0000,32,50,71,71,28.1690,19.40439441,2.204471e-03,0.17063636,0,-1.00000000
ecg_205,ecg,SPAN,0.2500,32,50,71,71,28.1690,19.54105765,2.136181e-03,0.25250000,0,-1.00000000
ecg_205,ecg,SPAN,0.5000,32,50,71,71,28.1690,12.80062208,1.008513e-02,1.06478261,0,-1.00000000
ecg_205,ecg,SPAN,0.7500,32,50,71,71,28.1690,14.14186475,7.405551e-03,0.96537037,0,-1.00000000
ecg_205,ecg,SPAN,1.0000,32,50,71,71,28.1690,13.99727941,7.656247e-03,0.96537037,0,-1.00000000
ecg_205,ecg,SPAN,1.2500,32,50,71,71,28.1690,10.08920410,1.882884e-02,1.23920000,0,-1.00000000
ecg_205,ecg,SPAN,1.5000,32,50,71,71,28.1690,10.74608440,1.618585e-02,1.11600000,0,-1.00000000
ecg_205,ecg,SPAN,2.0000,32,50,71,71,28.1690,10.48575624,1.718574e-02,1.32576471,0,-1.00000000
ecg_205,ecg,REF_INTERP_ERROR,-1.0000,32,100,51,51,39.2157,16.43157173,4.371059e-03,0.19086283,0,-1.00000000
ecg_205,ecg,REF_VW_AREA,-1.0000,32,100,51,51,39.2157,7.76649896,3.214356e-02,1.17791667,0,-1.00000000
ecg_205,ecg,SPAN,0.0000,32,100,51,51,39.2157,16.43157173,4.371059e-03,0.19086283,0,-1.00000000
ecg_205,ecg,SPAN,0.2500,32,100,51,51,39.2157,8.72360494,2.578596e-02,1.22100000,0,-1.00000000
ecg_205,ecg,SPAN,0.5000,32,100,51,51,39.2157,8.33658320,2.818938e-02,1.17791667,0,-1.00000000
ecg_205,ecg,SPAN,0.7500,32,100,51,51,39.2157,8.33828314,2.817835e-02,1.17791667,0,-1.00000000
ecg_205,ecg,SPAN,1.0000,32,100,51,51,39.2157,7.76649896,3.214356e-02,1.17791667,0,-1.00000000
ecg_205,ecg,SPAN,1.2500,32,100,51,51,39.2157,6.48939819,4.313244e-02,1.22100000,0,-1.00000000
ecg_205,ecg,SPAN,1.5000,32,100,51,51,39.2157,6.74307577,4.068518e-02,1.28164474,0,-1.00000000
ecg_205,ecg,SPAN,2.0000,32,100,51,51,39.2157,6.03758947,4.786135e-02,1.30657143,0,-1.00000000
ecg_205,ecg,REF_INTERP_ERROR,-1.0000,64,2,1063,1063,1.8815,47.29241485,3.585109e-06,0.00500000,0,-1.00000000
ecg_205,ecg,REF_VW_AREA,-1.0000,64,2,1063,1063,1.8815,46.75903023,4.053600e-06,0.00833333,0,-1.00000000
ecg_205,ecg,SPAN,0.0000,64,2,1063,1063,1.8815,47.29241485,3.585109e-06,0.00500000,0,-1.00000000
ecg_205,ecg,SPAN,0.2500,64,2,1063,1063,1.8815,47.31709106,3.564797e-06,0.00750000,0,-1.00000000
ecg_205,ecg,SPAN,0.5000,64,2,1063,1063,1.8815,47.24294440,3.626181e-06,0.00750000,0,-1.00000000
ecg_205,ecg,SPAN,0.7500,64,2,1063,1063,1.8815,47.05420801,3.787242e-06,0.00833333,0,-1.00000000
ecg_205,ecg,SPAN,1.0000,64,2,1063,1063,1.8815,46.75903023,4.053600e-06,0.00833333,0,-1.00000000
ecg_205,ecg,SPAN,1.2500,64,2,1063,1063,1.8815,46.52041463,4.282550e-06,0.00833333,0,-1.00000000
ecg_205,ecg,SPAN,1.5000,64,2,1063,1063,1.8815,46.32405267,4.480625e-06,0.01250000,0,-1.00000000
ecg_205,ecg,SPAN,2.0000,64,2,1063,1063,1.8815,45.32146707,5.644132e-06,0.01000000,0,-1.00000000
ecg_205,ecg,REF_INTERP_ERROR,-1.0000,64,3,730,730,2.7397,42.57911276,1.061286e-05,0.01500000,0,-1.00000000
ecg_205,ecg,REF_VW_AREA,-1.0000,64,3,730,730,2.7397,41.97236588,1.220414e-05,0.01750000,0,-1.00000000
ecg_205,ecg,SPAN,0.0000,64,3,730,730,2.7397,42.57911276,1.061286e-05,0.01500000,0,-1.00000000
ecg_205,ecg,SPAN,0.2500,64,3,730,730,2.7397,42.51178930,1.077866e-05,0.01500000,0,-1.00000000
ecg_205,ecg,SPAN,0.5000,64,3,730,730,2.7397,42.42074513,1.100701e-05,0.01500000,0,-1.00000000
ecg_205,ecg,SPAN,0.7500,64,3,730,730,2.7397,42.32352559,1.125619e-05,0.01750000,0,-1.00000000
ecg_205,ecg,SPAN,1.0000,64,3,730,730,2.7397,41.97236588,1.220414e-05,0.01750000,0,-1.00000000
ecg_205,ecg,SPAN,1.2500,64,3,730,730,2.7397,41.34300219,1.410729e-05,0.02000000,0,-1.00000000
ecg_205,ecg,SPAN,1.5000,64,3,730,730,2.7397,41.04357377,1.511425e-05,0.02000000,0,-1.00000000
ecg_205,ecg,SPAN,2.0000,64,3,730,730,2.7397,40.16361887,1.850896e-05,0.02500000,0,-1.00000000
ecg_205,ecg,REF_INTERP_ERROR,-1.0000,64,5,463,463,4.3197,37.02341276,3.814192e-05,0.02437500,0,-1.00000000
ecg_205,ecg,REF_VW_AREA,-1.0000,64,5,463,463,4.3197,35.85905216,4.986992e-05,0.05000000,0,-1.00000000
ecg_205,ecg,SPAN,0.0000,64,5,463,463,4.3197,37.02341276,3.814192e-05,0.02437500,0,-1.00000000
ecg_205,ecg,SPAN,0.2500,64,5,463,463,4.3197,37.13360600,3.718633e-05,0.02600000,0,-1.00000000
ecg_205,ecg,SPAN,0.5000,64,5,463,463,4.3197,37.10684559,3.741617e-05,0.03125000,0,-1.00000000
ecg_205,ecg,SPAN,0.7500,64,5,463,463,4.3197,36.56165087,4.242079e-05,0.05000000,0,-1.00000000
ecg_205,ecg,SPAN,1.0000,64,5,463,463,4.3197,35.85905216,4.986992e-05,0.05000000,0,-1.00000000
ecg_205,ecg,SPAN,1.2500,64,5,463,463,4.3197,35.19331113,5.813166e-05,0.06000000,0,-1.00000000
ecg_205,ecg,SPAN,1.5000,64,5,463,463,4.3197,33.96523507,7.712947e-05,0.07250000,0,-1.00000000
ecg_205,ecg,SPAN,2.0000,64,5,463,463,4.3197,33.44878469,8.686911e-05,0.07250000,0,-1.00000000
ecg_205,ecg,REF_INTERP_ERROR,-1.0000,64,10,263,263,7.6046,30.26542573,1.808012e-04,0.10840909,0,-1.00000000
ecg_205,ecg,REF_VW_AREA,-1.0000,64,10,263,263,7.6046,28.72664923,2.576789e-04,0.14857143,0,-1.00000000
ecg_205,ecg,SPAN,0.0000,64,10,263,263,7.6046,30.26542573,1.808012e-04,0.10840909,0,-1.00000000
ecg_205,ecg,SPAN,0.2500,64,10,263,263,7.6046,30.31709923,1.786627e-04,0.10840909,0,-1.00000000
ecg_205,ecg,SPAN,0.5000,64,10,263,263,7.6046,30.11659019,1.871048e-04,0.10166667,0,-1.00000000
ecg_205,ecg,SPAN,0.7500,64,10,263,263,7.6046,28.89130429,2.480924e-04,0.14857143,0,-1.00000000
ecg_205,ecg,SPAN,1.0000,64,10,263,263,7.6046,28.72664923,2.576789e-04,0.14857143,0,-1.00000000
ecg_205,ecg,SPAN,1.2500,64,10,263,263,7.6046,28.11228085,2.968355e-04,0.14857143,0,-1.00000000
ecg_205,ecg,SPAN,1.5000,64,10,263,263,7.6046,27.10150477,3.746221e-04,0.17166667,0,-1.00000000
ecg_205,ecg,SPAN,2.0000,64,10,263,263,7.6046,25.83892912,5.010153e-04,0.21750000,0,-1.00000000
ecg_205,ecg,REF_INTERP_ERROR,-1.0000,64,20,163,163,12.2699,25.97898391,4.851159e-04,0.10047170,0,-1.00000000
ecg_205,ecg,REF_VW_AREA,-1.0000,64,20,163,163,12.2699,23.34331486,8.900458e-04,0.33000000,0,-1.00000000
ecg_205,ecg,SPAN,0.0000,64,20,163,163,12.2699,25.97898391,4.851159e-04,0.10047170,0,-1.00000000
ecg_205,ecg,SPAN,0.2500,64,20,163,163,12.2699,26.53519450,4.268000e-04,0.10642857,0,-1.00000000
ecg_205,ecg,SPAN,0.5000,64,20,163,163,12.2699,26.11814936,4.698172e-04,0.18073171,0,-1.00000000
ecg_205,ecg,SPAN,0.7500,64,20,163,163,12.2699,25.88897662,4.952748e-04,0.13666667,0,-1.00000000
ecg_205,ecg,SPAN,1.0000,64,20,163,163,12.2699,23.34331486,8.900458e-04,0.33000000,0,-1.00000000
ecg_205,ecg,SPAN,1.2500,64,20,163,163,12.2699,24.04239150,7.577130e-04,0.16714286,0,-1.00000000
ecg_205,ecg,SPAN,1.5000,64,20,163,163,12.2699,22.88027106,9.901859e-04,0.33000000,0,-1.00000000
ecg_205,ecg,SPAN,2.0000,64,20,163,163,12.2699,22.62772549,1.049473e-03,0.27714286,0,-1.00000000
ecg_205,ecg,REF_INTERP_ERROR,-1.0000,64,50,103,103,19.4175,21.55986553,1.342015e-03,0.18451327,0,-1.00000000
ecg_205,ecg,REF_VW_AREA,-1.0000,64,50,103,103,19.4175,20.78479408,1.604222e-03,0.27400000,0,-1.00000000
ecg_205,ecg,SPAN,0.0000,64,50,103,103,19.4175,21.55986553,1.342015e-03,0.18451327,0,-1.00000000
ecg_205,ecg,SPAN,0.2500,64,50,103,103,19.4175,21.52345353,1.353314e-03,0.13704762,0,-1.00000000
ecg_205,ecg,SPAN,0.5000,64,50,103,103,19.4175,21.52406388,1.353124e-03,0.23437500,0,-1.00000000
ecg_205,ecg,SPAN,0.7500,64,50,103,103,19.4175,21.77396621,1.277460e-03,0.23437500,0,-1.00000000
ecg_205,ecg,SPAN,1.0000,64,50,103,103,19.4175,20.78479408,1.604222e-03,0.27400000,0,-1.00000000
ecg_205,ecg,SPAN,1.2500,64,50,103,103,19.4175,19.78912847,2.017581e-03,0.46500000,0,-1.00000000
ecg_205,ecg,SPAN,1.5000,64,50,103,103,19.4175,15.49589784,5.421932e-03,0.90391304,0,-1.00000000
ecg_205,ecg,SPAN,2.0000,64,50,103,103,19.4175,14.76503342,6.415648e-03,0.83166667,0,-1.00000000
ecg_205,ecg,REF_INTERP_ERROR,-1.0000,64,100,83,83,24.0964,19.01915981,2.408951e-03,0.18242718,0,-1.00000000
ecg_205,ecg,REF_VW_AREA,-1.0000,64,100,83,83,24.0964,14.90164391,6.216980e-03,0.96103448,0,-1.00000000
ecg_205,ecg,SPAN,0.0000,64,100,83,83,24.0964,19.01915981,2.408951e-03,0.18242718,0,-1.00000000
ecg_205,ecg,SPAN,0.2500,64,100,83,83,24.0964,19.02103293,2.407912e-03,0.16011111,0,-1.00000000
ecg_205,ecg,SPAN,0.5000,64,100,83,83,24.0964,19.80024510,2.012423e-03,0.26928571,0,-1.00000000
ecg_205,ecg,SPAN,0.7500,64,100,83,83,24.0964,20.13774699,1.861955e-03,0.36954545,0,-1.00000000
ecg_205,ecg,SPAN,1.0000,64,100,83,83,24.0964,14.90164391,6.216980e-03,0.96103448,0,-1.00000000
ecg_205,ecg,SPAN,1.2500,64,100,83,83,24.0964,15.66835707,5.210845e-03,0.95625000,0,-1.00000000
ecg_205,ecg,SPAN,1.5000,64,100,83,83,24.0964,12.64261669,1.045881e-02,1.02600000,0,-1.00000000
ecg_205,ecg,SPAN,2.0000,64,100,83,83,24.0964,12.40353224,1.105072e-02,0.96103448,0,-1.00000000
ecg_205,ecg,REF_INTERP_ERROR,-1.0000,128,2,1127,1127,1.7746,47.92118878,3.101880e-06,0.00500000,0,-1.00000000
ecg_205,ecg,REF_VW_AREA,-1.0000,128,2,1127,1127,1.7746,47.51976755,3.402257e-06,0.00750000,0,-1.00000000
ecg_205,ecg,SPAN,0.0000,128,2,1127,1127,1.7746,47.92118878,3.101880e-06,0.00500000,0,-1.00000000
ecg_205,ecg,SPAN,0.2500,128,2,1127,1127,1.7746,47.94564119,3.084464e-06,0.00750000,0,-1.00000000
ecg_205,ecg,SPAN,0.5000,128,2,1127,1127,1.7746,47.87160130,3.137500e-06,0.00750000,0,-1.00000000
ecg_205,ecg,SPAN,0.7500,128,2,1127,1127,1.7746,47.62583071,3.320174e-06,0.00750000,0,-1.00000000
ecg_205,ecg,SPAN,1.0000,128,2,1127,1127,1.7746,47.51976755,3.402257e-06,0.00750000,0,-1.00000000
ecg_205,ecg,SPAN,1.2500,128,2,1127,1127,1.7746,47.13809402,3.714792e-06,0.00833333,0,-1.00000000
ecg_205,ecg,SPAN,1.5000,128,2,1127,1127,1.7746,47.01597611,3.820729e-06,0.00833333,0,-1.00000000
ecg_205,ecg,SPAN,2.0000,128,2,1127,1127,1.7746,45.82079956,5.031111e-06,0.01000000,0,-1.00000000
ecg_205,ecg,REF_INTERP_ERROR,-1.0000,128,3,794,794,2.5189,43.20041122,9.198198e-06,0.01166667,0,-1.00000000
ecg_205,ecg,REF_VW_AREA,-1.0000,128,3,794,794,2.5189,42.65079375,1.043913e-05,0.01500000,0,-1.00000000
ecg_205,ecg,SPAN,0.0000,128,3,794,794,2.5189,43.20041122,9.198198e-06,0.01166667,0,-1.00000000
ecg_205,ecg,SPAN,0.2500,128,3,794,794,2.5189,43.27078544,9.050349e-06,0.01500000,0,-1.00000000
ecg_205,ecg,SPAN,0.5000,128,3,794,794,2.5189,43.11677659,9.377049e-06,0.01428571,0,-1.00000000
ecg_205,ecg,SPAN,0.7500,128,3,794,794,2.5189,42.84076786,9.992337e-06,0.01500000,0,-1.00000000
ecg_205,ecg,SPAN,1.0000,128,3,794,794,2.5189,42.65079375,1.043913e-05,0.01500000,0,-1.00000000
ecg_205,ecg,SPAN,1.2500,128,3,794,794,2.5189,41.88054520,1.246492e-05,0.01750000,0,-1.00000000
ecg_205,ecg,SPAN,1.5000,128,3,794,794,2.5189,41.59671997,1.330675e-05,0.02000000,0,-1.00000000
ecg_205,ecg,SPAN,2.0000,128,3,794,794,2.5189,40.91687895,1.556166e-05,0.02500000,0,-1.00000000
ecg_205,ecg,REF_INTERP_ERROR,-1.0000,128,5,527,527,3.7951,38.10412626,2.973933e-05,0.02238095,0,-1.00000000
ecg_205,ecg,REF_VW_AREA,-1.0000,128,5,527,527,3.7951,37.13080518,3.721032e-05,0.04500000,0,-1.00000000
ecg_205,ecg,SPAN,0.0000,128,5,527,527,3.7951,38.10412626,2.973933e-05,0.02238095,0,-1.00000000
ecg_205,ecg,SPAN,0.2500,128,5,527,527,3.7951,38.39653052,2.780295e-05,0.02000000,0,-1.00000000
ecg_205,ecg,SPAN,0.5000,128,5,527,527,3.7951,38.26022305,2.868941e-05,0.02833333,0,-1.00000000
ecg_205,ecg,SPAN,0.7500,128,5,527,527,3.7951,37.85572348,3.148992e-05,0.04166667,0,-1.00000000
ecg_205,ecg,SPAN,1.0000,128,5,527,527,3.7951,37.13080518,3.721032e-05,0.04500000,0,-1.00000000
ecg_205,ecg,SPAN,1.2500,128,5,527,527,3.7951,36.36630013,4.437250e-05,0.05250000,0,-1.00000000
ecg_205,ecg,SPAN,1.5000,128,5,527,527,3.7951,35.39411639,5.550502e-05,0.07250000,0,-1.00000000
ecg_205,ecg,SPAN,2.0000,128,5,527,527,3.7951,34.15141223,7.389289e-05,0.07500000,0,-1.00000000
ecg_205,ecg,REF_INTERP_ERROR,-1.0000,128,10,327,327,6.1162,31.98918435,1.215697e-04,0.05272727,0,-1.00000000
ecg_205,ecg,REF_VW_AREA,-1.0000,128,10,327,327,6.1162,30.79895607,1.598999e-04,0.10900000,0,-1.00000000
ecg_205,ecg,SPAN,0.0000,128,10,327,327,6.1162,31.98918435,1.215697e-04,0.05272727,0,-1.00000000
ecg_205,ecg,SPAN,0.2500,128,10,327,327,6.1162,32.19538608,1.159325e-04,0.06111111,0,-1.00000000
ecg_205,ecg,SPAN,0.5000,128,10,327,327,6.1162,31.45909043,1.373519e-04,0.08000000,0,-1.00000000
ecg_205,ecg,SPAN,0.7500,128,10,327,327,6.1162,31.35910991,1.405507e-04,0.08000000,0,-1.00000000
ecg_205,ecg,SPAN,1.0000,128,10,327,327,6.1162,30.79895607,1.598999e-04,0.10900000,0,-1.00000000
ecg_205,ecg,SPAN,1.2500,128,10,327,327,6.1162,30.26793728,1.806967e-04,0.11250000,0,-1.00000000
ecg_205,ecg,SPAN,1.5000,128,10,327,327,6.1162,28.72015244,2.580647e-04,0.14857143,0,-1.00000000
ecg_205,ecg,SPAN,2.0000,128,10,327,327,6.1162,27.09027042,3.755924e-04,0.21750000,0,-1.00000000
ecg_205,ecg,REF_INTERP_ERROR,-1.0000,128,20,227,227,8.8106,28.60507452,2.649942e-04,0.08875000,0,-1.00000000
ecg_205,ecg,REF_VW_AREA,-1.0000,128,20,227,227,8.8106,27.34663486,3.540629e-04,0.14812500,0,-1.00000000
ecg_205,ecg,SPAN,0.0000,128,20,227,227,8.8106,28.60507452,2.649942e-04,0.08875000,0,-1.00000000
ecg_205,ecg,SPAN,0.2500,128,20,227,227,8.8106,28.25965874,2.869313e-04,0.10642857,0,-1.00000000
ecg_205,ecg,SPAN,0.5000,128,20,227,227,8.8106,28.75455995,2.560282e-04,0.08875000,0,-1.00000000
ecg_205,ecg,SPAN,0.7500,128,20,227,227,8.8106,27.94781321,3.082922e-04,0.11250000,0,-1.00000000
ecg_205,ecg,SPAN,1.0000,128,20,227,227,8.8106,27.34663486,3.540629e-04,0.14812500,0,-1.00000000
ecg_205,ecg,SPAN,1.2500,128,20,227,227,8.8106,26.42532249,4.377353e-04,0.14333333,0,-1.00000000
ecg_205,ecg,SPAN,1.5000,128,20,227,227,8.8106,25.15715178,5.861769e-04,0.26928571,0,-1.00000000
ecg_205,ecg,SPAN,2.0000,128,20,227,227,8.8106,24.49942859,6.820261e-04,0.24250000,0,-1.00000000
ecg_205,ecg,REF_INTERP_ERROR,-1.0000,128,50,167,167,11.9760,24.40577429,6.968935e-04,0.11705882,0,-1.00000000
ecg_205,ecg,REF_VW_AREA,-1.0000,128,50,167,167,11.9760,25.90035834,4.939785e-04,0.15200000,0,-1.00000000
ecg_205,ecg,SPAN,0.0000,128,50,167,167,11.9760,24.40577429,6.968935e-04,0.11705882,0,-1.00000000
ecg_205,ecg,SPAN,0.2500,128,50,167,167,11.9760,24.63968919,6.603512e-04,0.12052632,0,-1.00000000
ecg_205,ecg,SPAN,0.5000,128,50,167,167,11.9760,25.30638062,5.663773e-04,0.15659574,0,-1.00000000
ecg_205,ecg,SPAN,0.7500,128,50,167,167,11.9760,25.71323410,5.157277e-04,0.15650000,0,-1.00000000
ecg_205,ecg,SPAN,1.0000,128,50,167,167,11.9760,25.90035834,4.939785e-04,0.15200000,0,-1.00000000
ecg_205,ecg,SPAN,1.2500,128,50,167,167,11.9760,24.51989432,6.788197e-04,0.26928571,0,-1.00000000
ecg_205,ecg,SPAN,1.5000,128,50,167,167,11.9760,23.87836161,7.868785e-04,0.26928571,0,-1.00000000
ecg_205,ecg,SPAN,2.0000,128,50,167,167,11.9760,23.35387737,8.878838e-04,0.26928571,0,-1.00000000
ecg_205,ecg,REF_INTERP_ERROR,-1.0000,128,100,147,147,13.6054,19.63913912,2.088478e-03,0.15622449,0,-1.00000000
ecg_205,ecg,REF_VW_AREA,-1.0000,128,100,147,147,13.6054,24.72760709,6.471175e-04,0.22400000,0,-1.00000000
ecg_205,ecg,SPAN,0.0000,128,100,147,147,13.6054,19.63913912,2.088478e-03,0.15622449,0,-1.00000000
ecg_205,ecg,SPAN,0.2500,128,100,147,147,13.6054,21.50722611,1.358380e-03,0.15170000,0,-1.00000000
ecg_205,ecg,SPAN,0.5000,128,100,147,147,13.6054,23.78224509,8.044876e-04,0.15814286,0,-1.00000000
ecg_205,ecg,SPAN,0.7500,128,100,147,147,13.6054,25.19963866,5.804703e-04,0.15200000,0,-1.00000000
ecg_205,ecg,SPAN,1.0000,128,100,147,147,13.6054,24.72760709,6.471175e-04,0.22400000,0,-1.00000000
ecg_205,ecg,SPAN,1.2500,128,100,147,147,13.6054,24.71500497,6.489980e-04,0.16333333,0,-1.00000000
ecg_205,ecg,SPAN,1.5000,128,100,147,147,13.6054,23.72110667,8.158930e-04,0.18600000,0,-1.00000000
ecg_205,ecg,SPAN,2.0000,128,100,147,147,13.6054,22.94232617,9.761381e-04,0.26928571,0,-1.00000000
ecg_205,ecg,REF_INTERP_ERROR,-1.0000,256,2,1255,1255,1.5936,49.48045234,2.166200e-06,0.00500000,0,-1.00000000
ecg_205,ecg,REF_VW_AREA,-1.0000,256,2,1255,1255,1.5936,49.16045065,2.331840e-06,0.00750000,0,-1.00000000
ecg_205,ecg,SPAN,0.0000,256,2,1255,1255,1.5936,49.48045234,2.166200e-06,0.00500000,0,-1.00000000
ecg_205,ecg,SPAN,0.2500,256,2,1255,1255,1.5936,49.62260712,2.096443e-06,0.00600000,0,-1.00000000
ecg_205,ecg,SPAN,0.5000,256,2,1255,1255,1.5936,49.54210799,2.135665e-06,0.00600000,0,-1.00000000
ecg_205,ecg,SPAN,0.7500,256,2,1255,1255,1.5936,49.47110437,2.170868e-06,0.00600000,0,-1.00000000
ecg_205,ecg,SPAN,1.0000,256,2,1255,1255,1.5936,49.16045065,2.331840e-06,0.00750000,0,-1.00000000
ecg_205,ecg,SPAN,1.2500,256,2,1255,1255,1.5936,48.95372498,2.445521e-06,0.00750000,0,-1.00000000
ecg_205,ecg,SPAN,1.5000,256,2,1255,1255,1.5936,48.84352603,2.508368e-06,0.00750000,0,-1.00000000
ecg_205,ecg,SPAN,2.0000,256,2,1255,1255,1.5936,47.63997883,3.309375e-06,0.01000000,0,-1.00000000
ecg_205,ecg,REF_INTERP_ERROR,-1.0000,256,3,922,922,2.1692,44.74529634,6.444871e-06,0.00900000,0,-1.00000000
ecg_205,ecg,REF_VW_AREA,-1.0000,256,3,922,922,2.1692,43.97128892,7.702203e-06,0.01312500,0,-1.00000000
ecg_205,ecg,SPAN,0.0000,256,3,922,922,2.1692,44.74529634,6.444871e-06,0.00900000,0,-1.00000000
ecg_205,ecg,SPAN,0.2500,256,3,922,922,2.1692,44.62632127,6.623869e-06,0.01000000,0,-1.00000000
ecg_205,ecg,SPAN,0.5000,256,3,922,922,2.1692,44.54609113,6.747374e-06,0.01000000,0,-1.00000000
ecg_205,ecg,SPAN,0.7500,256,3,922,922,2.1692,44.39858043,6.980489e-06,0.01312500,0,-1.00000000
ecg_205,ecg,SPAN,1.0000,256,3,922,922,2.1692,43.97128892,7.702203e-06,0.01312500,0,-1.00000000
ecg_205,ecg,SPAN,1.2500,256,3,922,922,2.1692,43.33446034,8.918624e-06,0.01666667,0,-1.00000000
ecg_205,ecg,SPAN,1.5000,256,3,922,922,2.1692,42.86723790,9.931620e-06,0.01875000,0,-1.00000000
ecg_205,ecg,SPAN,2.0000,256,3,922,922,2.1692,42.11839494,1.180061e-05,0.02000000,0,-1.00000000
ecg_205,ecg,REF_INTERP_ERROR,-1.0000,256,5,655,655,3.0534,40.52982782,1.701222e-05,0.02000000,0,-1.00000000
ecg_205,ecg,REF_VW_AREA,-1.0000,256,5,655,655,3.0534,39.49486477,2.159024e-05,0.03333333,0,-1.00000000
ecg_205,ecg,SPAN,0.0000,256,5,655,655,3.0534,40.52982782,1.701222e-05,0.02000000,0,-1.00000000
ecg_205,ecg,SPAN,0.2500,256,5,655,655,3.0534,40.75718370,1.614453e-05,0.01666667,0,-1.00000000
ecg_205,ecg,SPAN,0.5000,256,5,655,655,3.0534,40.53859930,1.697790e-05,0.02300000,0,-1.00000000
ecg_205,ecg,SPAN,0.7500,256,5,655,655,3.0534,40.10699891,1.875184e-05,0.02166667,0,-1.00000000
ecg_205,ecg,SPAN,1.0000,256,5,655,655,3.0534,39.49486477,2.159024e-05,0.03333333,0,-1.00000000
ecg_205,ecg,SPAN,1.2500,256,5,655,655,3.0534,39.34036756,2.237212e-05,0.04166667,0,-1.00000000
ecg_205,ecg,SPAN,1.5000,256,5,655,655,3.0534,38.45761097,2.741465e-05,0.04500000,0,-1.00000000
ecg_205,ecg,SPAN,2.0000,256,5,655,655,3.0534,36.46890197,4.333648e-05,0.06500000,0,-1.00000000
ecg_205,ecg,REF_INTERP_ERROR,-1.0000,256,10,455,455,4.3956,35.12526585,5.904964e-05,0.03909091,0,-1.00000000
ecg_205,ecg,REF_VW_AREA,-1.0000,256,10,455,455,4.3956,34.69234665,6.523929e-05,0.05750000,0,-1.00000000
ecg_205,ecg,SPAN,0.0000,256,10,455,455,4.3956,35.12526585,5.904964e-05,0.03909091,0,-1.00000000
ecg_205,ecg,SPAN,0.2500,256,10,455,455,4.3956,35.05247918,6.004764e-05,0.03909091,0,-1.00000000
ecg_205,ecg,SPAN,0.5000,256,10,455,455,4.3956,35.00330953,6.073135e-05,0.05000000,0,-1.00000000
ecg_205,ecg,SPAN,0.7500,256,10,455,455,4.3956,35.23242717,5.761043e-05,0.05000000,0,-1.00000000
ecg_205,ecg,SPAN,1.0000,256,10,455,455,4.3956,34.69234665,6.523929e-05,0.05750000,0,-1.00000000
ecg_205,ecg,SPAN,1.2500,256,10,455,455,4.3956,33.59391157,8.401420e-05,0.06750000,0,-1.00000000
ecg_205,ecg,SPAN,1.5000,256,10,455,455,4.3956,33.34580875,8.895349e-05,0.07250000,0,-1.00000000
ecg_205,ecg,SPAN,2.0000,256,10,455,455,4.3956,32.26651648,1.140492e-04,0.09333333,0,-1.00000000
ecg_205,ecg,REF_INTERP_ERROR,-1.0000,256,20,355,355,5.6338,31.84323415,1.257247e-04,0.05181818,0,-1.00000000
ecg_205,ecg,REF_VW_AREA,-1.0000,256,20,355,355,5.6338,32.07867259,1.190904e-04,0.08000000,0,-1.00000000
ecg_205,ecg,SPAN,0.0000,256,20,355,355,5.6338,31.84323415,1.257247e-04,0.05181818,0,-1.00000000
ecg_205,ecg,SPAN,0.2500,256,20,355,355,5.6338,32.49480898,1.082089e-04,0.05000000,0,-1.00000000
ecg_205,ecg,SPAN,0.5000,256,20,355,355,5.6338,32.66442038,1.040643e-04,0.06111111,0,-1.00000000
ecg_205,ecg,SPAN,0.7500,256,20,355,355,5.6338,32.44277742,1.095131e-04,0.06250000,0,-1.00000000
ecg_205,ecg,SPAN,1.0000,256,20,355,355,5.6338,32.07867259,1.190904e-04,0.08000000,0,-1.00000000
ecg_205,ecg,SPAN,1.2500,256,20,355,355,5.6338,31.09612130,1.493247e-04,0.10900000,0,-1.00000000
ecg_205,ecg,SPAN,1.5000,256,20,355,355,5.6338,30.32938683,1.781579e-04,0.11833333,0,-1.00000000
ecg_205,ecg,SPAN,2.0000,256,20,355,355,5.6338,29.06296538,2.384775e-04,0.14812500,0,-1.00000000
ecg_205,ecg,REF_INTERP_ERROR,-1.0000,256,50,295,295,6.7797,29.65906190,2.078920e-04,0.08050000,0,-1.00000000
ecg_205,ecg,REF_VW_AREA,-1.0000,256,50,295,295,6.7797,30.35617644,1.770623e-04,0.09700000,0,-1.00000000
ecg_205,ecg,SPAN,0.0000,256,50,295,295,6.7797,29.65906190,2.078920e-04,0.08050000,0,-1.00000000
ecg_205,ecg,SPAN,0.2500,256,50,295,295,6.7797,30.34518013,1.775112e-04,0.09281609,0,-1.00000000
ecg_205,ecg,SPAN,0.5000,256,50,295,295,6.7797,30.92435219,1.553491e-04,0.09411765,0,-1.00000000
ecg_205,ecg,SPAN,0.7500,256,50,295,295,6.7797,30.32614263,1.782911e-04,0.10538462,0,-1.00000000
ecg_205,ecg,SPAN,1.0000,256,50,295,295,6.7797,30.35617644,1.770623e-04,0.09700000,0,-1.00000000
ecg_205,ecg,SPAN,1.2500,256,50,295,295,6.7797,29.43592014,2.188527e-04,0.11250000,0,-1.00000000
ecg_205,ecg,SPAN,1.5000,256,50,295,295,6.7797,28.55904829,2.678176e-04,0.14631579,0,-1.00000000
ecg_205,ecg,SPAN,2.0000,256,50,295,295,6.7797,27.61226091,3.330564e-04,0.14166667,0,-1.00000000
ecg_205,ecg,REF_INTERP_ERROR,-1.0000,256,100,275,275,7.2727,26.21797232,4.591416e-04,0.14394737,0,-1.00000000
ecg_205,ecg,REF_VW_AREA,-1.0000,256,100,275,275,7.2727,29.87621137,1.977528e-04,0.11250000,0,-1.00000000
ecg_205,ecg,SPAN,0.0000,256,100,275,275,7.2727,26.21797232,4.591416e-04,0.14394737,0,-1.00000000
ecg_205,ecg,SPAN,0.2500,256,100,275,275,7.2727,30.47653451,1.722227e-04,0.06039063,0,-1.00000000
ecg_205,ecg,SPAN,0.5000,256,100,275,275,7.2727,30.70998877,1.632093e-04,0.09367470,0,-1.00000000
ecg_205,ecg,SPAN,0.7500,256,100,275,275,7.2727,29.93729415,1.949909e-04,0.10538462,0,-1.00000000
ecg_205,ecg,SPAN,1.0000,256,100,275,275,7.2727,29.87621137,1.977528e-04,0.11250000,0,-1.00000000
ecg_205,ecg,SPAN,1.2500,256,100,275,275,7.2727,28.93337110,2.457009e-04,0.14631579,0,-1.00000000
ecg_205,ecg,SPAN,1.5000,256,100,275,275,7.2727,27.64661236,3.304324e-04,0.14333333,0,-1.00000000
ecg_205,ecg,SPAN,2.0000,256,100,275,275,7.2727,27.33146296,3.553019e-04,0.14166667,0,-1.00000000
ecg_205,ecg,REF_INTERP_ERROR,-1.0000,512,2,1511,1511,1.3236,54.67456522,6.550694e-07,0.00333333,0,-1.00000000
ecg_205,ecg,REF_VW_AREA,-1.0000,512,2,1511,1511,1.3236,53.75277463,8.099653e-07,0.00500000,0,-1.00000000
ecg_205,ecg,SPAN,0.0000,512,2,1511,1511,1.3236,54.67456522,6.550694e-07,0.00333333,0,-1.00000000
ecg_205,ecg,SPAN,0.2500,512,2,1511,1511,1.3236,54.68747557,6.531250e-07,0.00333333,0,-1.00000000
ecg_205,ecg,SPAN,0.5000,512,2,1511,1511,1.3236,54.68747557,6.531250e-07,0.00333333,0,-1.00000000
ecg_205,ecg,SPAN,0.7500,512,2,1511,1511,1.3236,54.68747557,6.531250e-07,0.00333333,0,-1.00000000
ecg_205,ecg,SPAN,1.0000,512,2,1511,1511,1.3236,53.75277463,8.099653e-07,0.00500000,0,-1.00000000
ecg_205,ecg,SPAN,1.2500,512,2,1511,1511,1.3236,52.97687838,9.684028e-07,0.00500000,0,-1.00000000
ecg_205,ecg,SPAN,1.5000,512,2,1511,1511,1.3236,52.97687838,9.684028e-07,0.00500000,0,-1.00000000
ecg_205,ecg,SPAN,2.0000,512,2,1511,1511,1.3236,52.97687838,9.684028e-07,0.00500000,0,-1.00000000
ecg_205,ecg,REF_INTERP_ERROR,-1.0000,512,3,1178,1178,1.6978,48.10430354,2.973812e-06,0.00500000,0,-1.00000000
ecg_205,ecg,REF_VW_AREA,-1.0000,512,3,1178,1178,1.6978,47.59807815,3.341458e-06,0.00750000,0,-1.00000000
ecg_205,ecg,SPAN,0.0000,512,3,1178,1178,1.6978,48.10430354,2.973812e-06,0.00500000,0,-1.00000000
ecg_205,ecg,SPAN,0.2500,512,3,1178,1178,1.6978,48.03088282,3.024514e-06,0.00666667,0,-1.00000000
ecg_205,ecg,SPAN,0.5000,512,3,1178,1178,1.6978,48.01413432,3.036200e-06,0.00666667,0,-1.00000000
ecg_205,ecg,SPAN,0.7500,512,3,1178,1178,1.6978,47.80139269,3.188633e-06,0.00750000,0,-1.00000000
ecg_205,ecg,SPAN,1.0000,512,3,1178,1178,1.6978,47.59807815,3.341458e-06,0.00750000,0,-1.00000000
ecg_205,ecg,SPAN,1.2500,512,3,1178,1178,1.6978,47.34370159,3.543021e-06,0.00833333,0,-1.00000000
ecg_205,ecg,SPAN,1.5000,512,3,1178,1178,1.6978,47.30699875,3.573090e-06,0.00833333,0,-1.00000000
ecg_205,ecg,SPAN,2.0000,512,3,1178,1178,1.6978,46.26943844,4.537326e-06,0.01125000,0,-1.00000000
ecg_205,ecg,REF_INTERP_ERROR,-1.0000,512,5,911,911,2.1954,44.69815227,6.515213e-06,0.01000000,0,-1.00000000
ecg_205,ecg,REF_VW_AREA,-1.0000,512,5,911,911,2.1954,43.88845577,7.850518e-06,0.01428571,0,-1.00000000
ecg_205,ecg,SPAN,0.0000,512,5,911,911,2.1954,44.69815227,6.515213e-06,0.01000000,0,-1.00000000
ecg_205,ecg,SPAN,0.2500,512,5,911,911,2.1954,44.43966894,6.914758e-06,0.01083333,0,-1.00000000
ecg_205,ecg,SPAN,0.5000,512,5,911,911,2.1954,44.25563914,7.214063e-06,0.01083333,0,-1.00000000
ecg_205,ecg,SPAN,0.7500,512,5,911,911,2.1954,44.00394789,7.644500e-06,0.01250000,0,-1.00000000
ecg_205,ecg,SPAN,1.0000,512,5,911,911,2.1954,43.88845577,7.850518e-06,0.01428571,0,-1.00000000
ecg_205,ecg,SPAN,1.2500,512,5,911,911,2.1954,43.46674714,8.651057e-06,0.01250000,0,-1.00000000
ecg_205,ecg,SPAN,1.5000,512,5,911,911,2.1954,43.21788660,9.161260e-06,0.01625000,0,-1.00000000
ecg_205,ecg,SPAN,2.0000,512,5,911,911,2.1954,42.39850857,1.106351e-05,0.02000000,0,-1.00000000
ecg_205,ecg,REF_INTERP_ERROR,-1.0000,512,10,711,711,2.8129,41.87582184,1.247848e-05,0.01357143,0,-1.00000000
ecg_205,ecg,REF_VW_AREA,-1.0000,512,10,711,711,2.8129,41.45971537,1.373322e-05,0.02166667,0,-1.00000000
ecg_205,ecg,SPAN,0.0000,512,10,711,711,2.8129,41.87582184,1.247848e-05,0.01357143,0,-1.00000000
ecg_205,ecg,SPAN,0.2500,512,10,711,711,2.8129,41.89583089,1.242112e-05,0.01400000,0,-1.00000000
ecg_205,ecg,SPAN,0.5000,512,10,711,711,2.8129,41.98331490,1.217341e-05,0.01428571,0,-1.00000000
ecg_205,ecg,SPAN,0.7500,512,10,711,711,2.8129,41.82883478,1.261422e-05,0.01500000,0,-1.00000000
ecg_205,ecg,SPAN,1.0000,512,10,711,711,2.8129,41.45971537,1.373322e-05,0.02166667,0,-1.00000000
ecg_205,ecg,SPAN,1.2500,512,10,711,711,2.8129,41.17234828,1.467267e-05,0.02200000,0,-1.00000000
ecg_205,ecg,SPAN,1.5000,512,10,711,711,2.8129,40.97972294,1.533810e-05,0.02500000,0,-1.00000000
ecg_205,ecg,SPAN,2.0000,512,10,711,711,2.8129,39.86271730,1.983682e-05,0.03625000,0,-1.00000000
ecg_205,ecg,REF_INTERP_ERROR,-1.0000,512,20,611,611,3.2733,40.37399531,1.763374e-05,0.02357143,0,-1.00000000
ecg_205,ecg,REF_VW_AREA,-1.0000,512,20,611,611,3.2733,40.06345578,1.894080e-05,0.02166667,0,-1.00000000
ecg_205,ecg,SPAN,0.0000,512,20,611,611,3.2733,40.37399531,1.763374e-05,0.02357143,0,-1.00000000
ecg_205,ecg,SPAN,0.2500,512,20,611,611,3.2733,40.38405987,1.759292e-05,0.02076923,0,-1.00000000
ecg_205,ecg,SPAN,0.5000,512,20,611,611,3.2733,40.67550310,1.645105e-05,0.01833333,0,-1.00000000
ecg_205,ecg,SPAN,0.7500,512,20,611,611,3.2733,40.34510657,1.775142e-05,0.02166667,0,-1.00000000
ecg_205,ecg,SPAN,1.0000,512,20,611,611,3.2733,40.06345578,1.894080e-05,0.02166667,0,-1.00000000
ecg_205,ecg,SPAN,1.2500,512,20,611,611,3.2733,39.67232019,2.072583e-05,0.03333333,0,-1.00000000
ecg_205,ecg,SPAN,1.5000,512,20,611,611,3.2733,39.39165249,2.210948e-05,0.03333333,0,-1.00000000
ecg_205,ecg,SPAN,2.0000,512,20,611,611,3.2733,37.59034916,3.347410e-05,0.05000000,0,-1.00000000
ecg_205,ecg,REF_INTERP_ERROR,-1.0000,512,50,551,551,3.6298,38.72381834,2.578470e-05,0.02882353,0,-1.00000000
ecg_205,ecg,REF_VW_AREA,-1.0000,512,50,551,551,3.6298,39.50099823,2.155977e-05,0.02500000,0,-1.00000000
ecg_205,ecg,SPAN,0.0000,512,50,551,551,3.6298,38.72381834,2.578470e-05,0.02882353,0,-1.00000000
ecg_205,ecg,SPAN,0.2500,512,50,551,551,3.6298,39.56689032,2.123513e-05,0.02357143,0,-1.00000000
ecg_205,ecg,SPAN,0.5000,512,50,551,551,3.6298,39.66370121,2.076700e-05,0.02300000,0,-1.00000000
ecg_205,ecg,SPAN,0.7500,512,50,551,551,3.6298,39.67136929,2.073036e-05,0.02300000,0,-1.00000000
ecg_205,ecg,SPAN,1.0000,512,50,551,551,3.6298,39.50099823,2.155977e-05,0.02500000,0,-1.00000000
ecg_205,ecg,SPAN,1.2500,512,50,551,551,3.6298,38.96826353,2.437348e-05,0.03333333,0,-1.00000000
ecg_205,ecg,SPAN,1.5000,512,50,551,551,3.6298,38.78104174,2.544718e-05,0.04250000,0,-1.00000000
ecg_205,ecg,SPAN,2.0000,512,50,551,551,3.6298,37.05412230,3.787317e-05,0.05250000,0,-1.00000000
ecg_205,ecg,REF_INTERP_ERROR,-1.0000,512,100,531,531,3.7665,38.28601642,2.851952e-05,0.03272727,0,-1.00000000
ecg_205,ecg,REF_VW_AREA,-1.0000,512,100,531,531,3.7665,38.86257871,2.497388e-05,0.03333333,0,-1.00000000
ecg_205,ecg,SPAN,0.0000,512,100,531,531,3.7665,38.28601642,2.851952e-05,0.03272727,0,-1.00000000
ecg_205,ecg,SPAN,0.2500,512,100,531,531,3.7665,39.08169254,2.374513e-05,0.02421053,0,-1.00000000
ecg_205,ecg,SPAN,0.5000,512,100,531,531,3.7665,39.41590037,2.198638e-05,0.02300000,0,-1.00000000
ecg_205,ecg,SPAN,0.7500,512,100,531,531,3.7665,39.33415597,2.240414e-05,0.02300000,0,-1.00000000
ecg_205,ecg,SPAN,1.0000,512,100,531,531,3.7665,38.86257871,2.497388e-05,0.03333333,0,-1.00000000
ecg_205,ecg,SPAN,1.2500,512,100,531,531,3.7665,38.94664681,2.449510e-05,0.03333333,0,-1.00000000
ecg_205,ecg,SPAN,1.5000,512,100,531,531,3.7665,38.30825055,2.837389e-05,0.04250000,0,-1.00000000
ecg_205,ecg,SPAN,2.0000,512,100,531,531,3.7665,36.13270028,4.682457e-05,0.06250000,0,-1.00000000
ecg_212,ecg,REF_INTERP_ERROR,-1.0000,32,2,1031,1031,1.9399,40.39176503,1.054698e-05,0.01375000,0,-1.00000000
ecg_212,ecg,REF_VW_AREA,-1.0000,32,2,1031,1031,1.9399,39.53678638,1.284181e-05,0.02000000,0,-1.00000000
ecg_212,ecg,SPAN,0.0000,32,2,1031,1031,1.9399,40.39176503,1.054698e-05,0.01375000,0,-1.00000000
ecg_212,ecg,SPAN,0.2500,32,2,1031,1031,1.9399,40.15265248,1.114396e-05,0.01500000,0,-1.00000000
ecg_212,ecg,SPAN,0.5000,32,2,1031,1031,1.9399,39.96985711,1.162302e-05,0.01750000,0,-1.00000000
ecg_212,ecg,SPAN,0.7500,32,2,1031,1031,1.9399,39.82153184,1.202684e-05,0.02000000,0,-1.00000000
ecg_212,ecg,SPAN,1.0000,32,2,1031,1031,1.9399,39.53678638,1.284181e-05,0.02000000,0,-1.00000000
ecg_212,ecg,SPAN,1.2500,32,2,1031,1031,1.9399,39.30771827,1.353733e-05,0.02500000,0,-1.00000000
ecg_212,ecg,SPAN,1.5000,32,2,1031,1031,1.9399,39.13546806,1.408503e-05,0.02500000,0,-1.00000000
ecg_212,ecg,SPAN,2.0000,32,2,1031,1031,1.9399,38.27061310,1.718872e-05,0.02750000,0,-1.00000000
ecg_212,ecg,REF_INTERP_ERROR,-1.0000,32,3,698,698,2.8653,34.34677474,4.242553e-05,0.02500000,0,-1.00000000
ecg_212,ecg,REF_VW_AREA,-1.0000,32,3,698,698,2.8653,33.39475504,5.282375e-05,0.06250000,0,-1.00000000
ecg_212,ecg,SPAN,0.0000,32,3,698,698,2.8653,34.34677474,4.242553e-05,0.02500000,0,-1.00000000
ecg_212,ecg,SPAN,0.2500,32,3,698,698,2.8653,34.17415555,4.414578e-05,0.03000000,0,-1.00000000
ecg_212,ecg,SPAN,0.5000,32,3,698,698,2.8653,33.87103940,4.733701e-05,0.04500000,0,-1.00000000
ecg_212,ecg,SPAN,0.7500,32,3,698,698,2.8653,33.72700941,4.893322e-05,0.04500000,0,-1.00000000
ecg_212,ecg,SPAN,1.0000,32,3,698,698,2.8653,33.39475504,5.282375e-05,0.06250000,0,-1.00000000
ecg_212,ecg,SPAN,1.2500,32,3,698,698,2.8653,32.94490452,5.858876e-05,0.06250000,0,-1.00000000
ecg_212,ecg,SPAN,1.5000,32,3,698,698,2.8653,32.73694343,6.146252e-05,0.07000000,0,-1.00000000
ecg_212,ecg,SPAN,2.0000,32,3,698,698,2.8653,31.04681393,9.070335e-05,0.09000000,0,-1.00000000
ecg_212,ecg,REF_INTERP_ERROR,-1.0000,32,5,431,431,4.6404,28.83662965,1.508835e-04,0.05142857,0,-1.00000000
ecg_212,ecg,REF_VW_AREA,-1.0000,32,5,431,431,4.6404,27.70321163,1.958771e-04,0.07500000,0,-1.00000000
ecg_212,ecg,SPAN,0.0000,32,5,431,431,4.6404,28.83662965,1.508835e-04,0.05142857,0,-1.00000000
ecg_212,ecg,SPAN,0.2500,32,5,431,431,4.6404,28.84812907,1.504845e-04,0.04800000,0,-1.00000000
ecg_212,ecg,SPAN,0.5000,32,5,431,431,4.6404,28.68127572,1.563785e-04,0.06750000,0,-1.00000000
ecg_212,ecg,SPAN,0.7500,32,5,431,431,4.6404,28.02216842,1.820069e-04,0.07500000,0,-1.00000000
ecg_212,ecg,SPAN,1.0000,32,5,431,431,4.6404,27.70321163,1.958771e-04,0.07500000,0,-1.00000000
ecg_212,ecg,SPAN,1.2500,32,5,431,431,4.6404,27.07950978,2.261277e-04,0.10000000,0,-1.00000000
ecg_212,ecg,SPAN,1.5000,32,5,431,431,4.6404,26.64315314,2.500284e-04,0.10500000,0,-1.00000000
ecg_212,ecg,SPAN,2.0000,32,5,431,431,4.6404,25.94227946,2.938169e-04,0.14500000,0,-1.00000000
ecg_212,ecg,REF_INTERP_ERROR,-1.0000,32,10,231,231,8.6580,24.65143626,3.955133e-04,0.11136364,0,-1.00000000
ecg_212,ecg,REF_VW_AREA,-1.0000,32,10,231,231,8.6580,22.76718974,6.103596e-04,0.18214286,0,-1.00000000
ecg_212,ecg,SPAN,0.0000,32,10,231,231,8.6580,24.65143626,3.955133e-04,0.11136364,0,-1.00000000
ecg_212,ecg,SPAN,0.2500,32,10,231,231,8.6580,24.50832653,4.087635e-04,0.10416667,0,-1.00000000
ecg_212,ecg,SPAN,0.5000,32,10,231,231,8.6580,24.21737890,4.370859e-04,0.10000000,0,-1.00000000
ecg_212,ecg,SPAN,0.7500,32,10,231,231,8.6580,22.88029284,5.946692e-04,0.18214286,0,-1.00000000
ecg_212,ecg,SPAN,1.0000,32,10,231,231,8.6580,22.76718974,6.103596e-04,0.18214286,0,-1.00000000
ecg_212,ecg,SPAN,1.2500,32,10,231,231,8.6580,21.25958004,8.636678e-04,0.28555556,0,-1.00000000
ecg_212,ecg,SPAN,1.5000,32,10,231,231,8.6580,20.58506237,1.008785e-03,0.30500000,0,-1.00000000
ecg_212,ecg,SPAN,2.0000,32,10,231,231,8.6580,19.18352504,1.393004e-03,0.41125000,0,-1.00000000
ecg_212,ecg,REF_INTERP_ERROR,-1.0000,32,20,131,131,15.2672,16.19108429,2.774574e-03,0.24630435,0,-1.00000000
ecg_212,ecg,REF_VW_AREA,-1.0000,32,20,131,131,15.2672,16.07111013,2.852290e-03,0.41125000,0,-1.00000000
ecg_212,ecg,SPAN,0.0000,32,20,131,131,15.2672,16.19108429,2.774574e-03,0.24630435,0,-1.00000000
ecg_212,ecg,SPAN,0.2500,32,20,131,131,15.2672,16.69328706,2.471588e-03,0.26260000,0,-1.00000000
ecg_212,ecg,SPAN,0.5000,32,20,131,131,15.2672,16.85924680,2.378921e-03,0.30500000,0,-1.00000000
ecg_212,ecg,SPAN,0.7500,32,20,131,131,15.2672,15.91549275,2.956347e-03,0.41125000,0,-1.00000000
ecg_212,ecg,SPAN,1.0000,32,20,131,131,15.2672,16.07111013,2.852290e-03,0.41125000,0,-1.00000000
ecg_212,ecg,SPAN,1.2500,32,20,131,131,15.2672,15.00391311,3.646812e-03,0.41333333,0,-1.00000000
ecg_212,ecg,SPAN,1.5000,32,20,131,131,15.2672,12.21270300,6.934808e-03,1.00500000,0,-1.00000000
ecg_212,ecg,SPAN,2.0000,32,20,131,131,15.2672,11.51874329,8.136365e-03,0.87692308,0,-1.00000000
ecg_212,ecg,REF_INTERP_ERROR,-1.0000,32,50,71,71,28.1690,8.53643439,1.616819e-02,0.44769231,0,-1.00000000
ecg_212,ecg,REF_VW_AREA,-1.0000,32,50,71,71,28.1690,2.56716184,6.391290e-02,1.40913793,0,-1.00000000
ecg_212,ecg,SPAN,0.0000,32,50,71,71,28.1690,8.53643439,1.616819e-02,0.44769231,0,-1.00000000
ecg_212,ecg,SPAN,0.2500,32,50,71,71,28.1690,3.95168654,4.646608e-02,1.42777778,0,-1.00000000
ecg_212,ecg,SPAN,0.5000,32,50,71,71,28.1690,2.42428400,6.605053e-02,1.53875000,0,-1.00000000
ecg_212,ecg,SPAN,0.7500,32,50,71,71,28.1690,2.34623251,6.724833e-02,1.40913793,0,-1.00000000
ecg_212,ecg,SPAN,1.0000,32,50,71,71,28.1690,2.56716184,6.391290e-02,1.40913793,0,-1.00000000
ecg_212,ecg,SPAN,1.2500,32,50,71,71,28.1690,2.69611342,6.204309e-02,1.42777778,0,-1.00000000
ecg_212,ecg,SPAN,1.5000,32,50,71,71,28.1690,2.74922969,6.128889e-02,1.42777778,0,-1.00000000
ecg_212,ecg,SPAN,2.0000,32,50,71,71,28.1690,2.67133456,6.239809e-02,1.42777778,0,-1.00000000
ecg_212,ecg,REF_INTERP_ERROR,-1.0000,32,100,51,51,39.2157,2.56216968,6.398641e-02,1.43545455,0,-1.00000000
ecg_212,ecg,REF_VW_AREA,-1.0000,32,100,51,51,39.2157,0.30412871,1.076197e-01,1.68000000,0,-1.00000000
ecg_212,ecg,SPAN,0.0000,32,100,51,51,39.2157,2.56216968,6.398641e-02,1.43545455,0,-1.00000000
ecg_212,ecg,SPAN,0.2500,32,100,51,51,39.2157,-0.46526718,1.284788e-01,1.68000000,0,-1.00000000
ecg_212,ecg,SPAN,0.5000,32,100,51,51,39.2157,-0.98480726,1.448056e-01,1.65856164,0,-1.00000000
ecg_212,ecg,SPAN,0.7500,32,100,51,51,39.2157,0.51591257,1.024975e-01,1.52958333,0,-1.00000000
ecg_212,ecg,SPAN,1.0000,32,100,51,51,39.2157,0.30412871,1.076197e-01,1.68000000,0,-1.00000000
ecg_212,ecg,SPAN,1.2500,32,100,51,51,39.2157,0.95123796,9.272160e-02,1.68000000,0,-1.00000000
ecg_212,ecg,SPAN,1.5000,32,100,51,51,39.2157,1.00956303,9.148469e-02,1.68000000,0,-1.00000000
ecg_212,ecg,SPAN,2.0000,32,100,51,51,39.2157,-1.31079244,1.560932e-01,1.68000000,0,-1.00000000
ecg_212,ecg,REF_INTERP_ERROR,-1.0000,64,2,1063,1063,1.8815,40.90425145,9.373021e-06,0.01250000,0,-1.00000000
ecg_212,ecg,REF_VW_AREA,-1.0000,64,2,1063,1063,1.8815,40.25156393,1.089302e-05,0.01500000,0,-1.00000000
ecg_212,ecg,SPAN,0.0000,64,2,1063,1063,1.8815,40.90425145,9.373021e-06,0.01250000,0,-1.00000000
ecg_212,ecg,SPAN,0.2500,64,2,1063,1063,1.8815,40.80233032,9.595590e-06,0.01500000,0,-1.00000000
ecg_212,ecg,SPAN,0.5000,64,2,1063,1063,1.8815,40.72973895,9.757326e-06,0.01250000,0,-1.00000000
ecg_212,ecg,SPAN,0.7500,64,2,1063,1063,1.8815,40.48366473,1.032615e-05,0.01250000,0,-1.00000000
ecg_212,ecg,SPAN,1.0000,64,2,1063,1063,1.8815,40.25156393,1.089302e-05,0.01500000,0,-1.00000000
ecg_212,ecg,SPAN,1.2500,64,2,1063,1063,1.8815,40.13513723,1.118899e-05,0.01500000,0,-1.00000000
ecg_212,ecg,SPAN,1.5000,64,2,1063,1063,1.8815,39.88320496,1.185726e-05,0.01833333,0,-1.00000000
ecg_212,ecg,SPAN,2.0000,64,2,1063,1063,1.8815,39.11351178,1.415642e-05,0.01750000,0,-1.00000000
ecg_212,ecg,REF_INTERP_ERROR,-1.0000,64,3,730,730,2.7397,34.81818589,3.806152e-05,0.02400000,0,-1.00000000
ecg_212,ecg,REF_VW_AREA,-1.0000,64,3,730,730,2.7397,34.17748239,4.411197e-05,0.04333333,0,-1.00000000
ecg_212,ecg,SPAN,0.0000,64,3,730,730,2.7397,34.81818589,3.806152e-05,0.02400000,0,-1.00000000
ecg_212,ecg,SPAN,0.2500,64,3,730,730,2.7397,34.83737817,3.789369e-05,0.02250000,0,-1.00000000
ecg_212,ecg,SPAN,0.5000,64,3,730,730,2.7397,34.83216658,3.793919e-05,0.02750000,0,-1.00000000
ecg_212,ecg,SPAN,0.7500,64,3,730,730,2.7397,34.52317698,4.073681e-05,0.02833333,0,-1.00000000
ecg_212,ecg,SPAN,1.0000,64,3,730,730,2.7397,34.17748239,4.411197e-05,0.04333333,0,-1.00000000
ecg_212,ecg,SPAN,1.2500,64,3,730,730,2.7397,34.00243291,4.592630e-05,0.04500000,0,-1.00000000
ecg_212,ecg,SPAN,1.5000,64,3,730,730,2.7397,33.28549087,5.416960e-05,0.06000000,0,-1.00000000
ecg_212,ecg,SPAN,2.0000,64,3,730,730,2.7397,32.06660612,7.172063e-05,0.09000000,0,-1.00000000
ecg_212,ecg,REF_INTERP_ERROR,-1.0000,64,5,463,463,4.3197,29.23341333,1.377093e-04,0.05357143,0,-1.00000000
ecg_212,ecg,REF_VW_AREA,-1.0000,64,5,463,463,4.3197,28.12927043,1.775733e-04,0.07250000,0,-1.00000000
ecg_212,ecg,SPAN,0.0000,64,5,463,463,4.3197,29.23341333,1.377093e-04,0.05357143,0,-1.00000000
ecg_212,ecg,SPAN,0.2500,64,5,463,463,4.3197,29.45427129,1.308813e-04,0.04800000,0,-1.00000000
ecg_212,ecg,SPAN,0.5000,64,5,463,463,4.3197,29.14632173,1.404988e-04,0.05500000,0,-1.00000000
ecg_212,ecg,SPAN,0.7500,64,5,463,463,4.3197,28.64926215,1.575355e-04,0.06250000,0,-1.00000000
ecg_212,ecg,SPAN,1.0000,64,5,463,463,4.3197,28.12927043,1.775733e-04,0.07250000,0,-1.00000000
ecg_212,ecg,SPAN,1.2500,64,5,463,463,4.3197,27.75775193,1.934325e-04,0.08500000,0,-1.00000000
ecg_212,ecg,SPAN,1.5000,64,5,463,463,4.3197,27.15877107,2.220382e-04,0.10500000,0,-1.00000000
ecg_212,ecg,SPAN,2.0000,64,5,463,463,4.3197,26.39200575,2.649135e-04,0.14500000,0,-1.00000000
ecg_212,ecg,REF_INTERP_ERROR,-1.0000,64,10,263,263,7.6046,25.33811437,3.376706e-04,0.08875000,0,-1.00000000
ecg_212,ecg,REF_VW_AREA,-1.0000,64,10,263,263,7.6046,23.83613867,4.771895e-04,0.16300000,0,-1.00000000
ecg_212,ecg,SPAN,0.0000,64,10,263,263,7.6046,25.33811437,3.376706e-04,0.08875000,0,-1.00000000
ecg_212,ecg,SPAN,0.2500,64,10,263,263,7.6046,25.07968850,3.583735e-04,0.08875000,0,-1.00000000
ecg_212,ecg,SPAN,0.5000,64,10,263,263,7.6046,24.73221501,3.882248e-04,0.10000000,0,-1.00000000
ecg_212,ecg,SPAN,0.7500,64,10,263,263,7.6046,24.19470880,4.393735e-04,0.11700000,0,-1.00000000
ecg_212,ecg,SPAN,1.0000,64,10,263,263,7.6046,23.83613867,4.771895e-04,0.16300000,0,-1.00000000
ecg_212,ecg,SPAN,1.2500,64,10,263,263,7.6046,22.50320551,6.486108e-04,0.19166667,0,-1.00000000
ecg_212,ecg,SPAN,1.5000,64,10,263,263,7.6046,21.02004606,9.126413e-04,0.29200000,0,-1.00000000
ecg_212,ecg,SPAN,2.0000,64,10,263,263,7.6046,20.69497308,9.835749e-04,0.30500000,0,-1.00000000
ecg_212,ecg,REF_INTERP_ERROR,-1.0000,64,20,163,163,12.2699,18.33185557,1.694803e-03,0.20100000,0,-1.00000000
ecg_212,ecg,REF_VW_AREA,-1.0000,64,20,163,163,12.2699,17.73704140,1.943572e-03,0.37333333,0,-1.00000000
ecg_212,ecg,SPAN,0.0000,64,20,163,163,12.2699,18.33185557,1.694803e-03,0.20100000,0,-1.00000000
ecg_212,ecg,SPAN,0.2500,64,20,163,163,12.2699,18.85334498,1.503039e-03,0.19842105,0,-1.00000000
ecg_212,ecg,SPAN,0.5000,64,20,163,163,12.2699,17.82614200,1.904103e-03,0.29200000,0,-1.00000000
ecg_212,ecg,SPAN,0.7500,64,20,163,163,12.2699,18.42107978,1.660339e-03,0.24181818,0,-1.00000000
ecg_212,ecg,SPAN,1.0000,64,20,163,163,12.2699,17.73704140,1.943572e-03,0.37333333,0,-1.00000000
ecg_212,ecg,SPAN,1.2500,64,20,163,163,12.2699,15.80809024,3.030370e-03,0.50187500,0,-1.00000000
ecg_212,ecg,SPAN,1.5000,64,20,163,163,12.2699,15.95125169,2.932105e-03,0.50187500,0,-1.00000000
ecg_212,ecg,SPAN,2.0000,64,20,163,163,12.2699,14.89730503,3.737440e-03,0.81500000,0,-1.00000000
ecg_212,ecg,REF_INTERP_ERROR,-1.0000,64,50,103,103,19.4175,10.25123179,1.089385e-02,0.54610465,0,-1.00000000
ecg_212,ecg,REF_VW_AREA,-1.0000,64,50,103,103,19.4175,7.82589829,1.904210e-02,1.35814815,0,-1.00000000
ecg_212,ecg,SPAN,0.0000,64,50,103,103,19.4175,10.25123179,1.089385e-02,0.54610465,0,-1.00000000
ecg_212,ecg,SPAN,0.2500,64,50,103,103,19.4175,11.40501941,8.352237e-03,0.44769231,0,-1.00000000
ecg_212,ecg,SPAN,0.5000,64,50,103,103,19.4175,11.72691677,7.755558e-03,0.40894737,0,-1.00000000
ecg_212,ecg,SPAN,0.7500,64,50,103,103,19.4175,12.22225227,6.919576e-03,0.40894737,0,-1.00000000
ecg_212,ecg,SPAN,1.0000,64,50,103,103,19.4175,7.82589829,1.904210e-02,1.35814815,0,-1.00000000
ecg_212,ecg,SPAN,1.2500,64,50,103,103,19.4175,9.02508035,1.444763e-02,1.21394737,0,-1.00000000
ecg_212,ecg,SPAN,1.5000,64,50,103,103,19.4175,6.90606954,2.353411e-02,1.35814815,0,-1.00000000
ecg_212,ecg,SPAN,2.0000,64,50,103,103,19.4175,6.71191989,2.461006e-02,1.25333333,0,-1.00000000
ecg_212,ecg,REF_INTERP_ERROR,-1.0000,64,100,83,83,24.0964,6.74569398,2.441942e-02,0.64487805,0,-1.00000000
ecg_212,ecg,REF_VW_AREA,-1.0000,64,100,83,83,24.0964,3.91335611,4.687800e-02,1.45015152,0,-1.00000000
ecg_212,ecg,SPAN,0.0000,64,100,83,83,24.0964,6.74569398,2.441942e-02,0.64487805,0,-1.00000000
ecg_212,ecg,SPAN,0.2500,64,100,83,83,24.0964,6.82436175,2.398107e-02,0.69076923,0,-1.00000000
ecg_212,ecg,SPAN,0.5000,64,100,83,83,24.0964,9.89487330,1.182544e-02,0.40894737,0,-1.00000000
ecg_212,ecg,SPAN,0.7500,64,100,83,83,24.0964,7.79606692,1.917335e-02,1.25321429,0,-1.00000000
ecg_212,ecg,SPAN,1.0000,64,100,83,83,24.0964,3.91335611,4.687800e-02,1.45015152,0,-1.00000000
ecg_212,ecg,SPAN,1.2500,64,100,83,83,24.0964,5.97964881,2.912996e-02,1.37517857,0,-1.00000000
ecg_212,ecg,SPAN,1.5000,64,100,83,83,24.0964,5.64764563,3.144417e-02,1.25333333,0,-1.00000000
ecg_212,ecg,SPAN,2.0000,64,100,83,83,24.0964,6.03071624,2.878943e-02,1.24938144,0,-1.00000000
ecg_212,ecg,REF_INTERP_ERROR,-1.0000,128,2,1127,1127,1.7746,41.70673533,7.791682e-06,0.01000000,0,-1.00000000
ecg_212,ecg,REF_VW_AREA,-1.0000,128,2,1127,1127,1.7746,40.83626597,9.520903e-06,0.01250000,0,-1.00000000
ecg_212,ecg,SPAN,0.0000,128,2,1127,1127,1.7746,41.70673533,7.791682e-06,0.01000000,0,-1.00000000
ecg_212,ecg,SPAN,0.2500,128,2,1127,1127,1.7746,41.45909274,8.248889e-06,0.01000000,0,-1.00000000
ecg_212,ecg,SPAN,0.5000,128,2,1127,1127,1.7746,41.24819921,8.659340e-06,0.01166667,0,-1.00000000
ecg_212,ecg,SPAN,0.7500,128,2,1127,1127,1.7746,41.05186516,9.059792e-06,0.01250000,0,-1.00000000
ecg_212,ecg,SPAN,1.0000,128,2,1127,1127,1.7746,40.83626597,9.520903e-06,0.01250000,0,-1.00000000
ecg_212,ecg,SPAN,1.2500,128,2,1127,1127,1.7746,40.55255204,1.016365e-05,0.01250000,0,-1.00000000
ecg_212,ecg,SPAN,1.5000,128,2,1127,1127,1.7746,40.39675913,1.053486e-05,0.01500000,0,-1.00000000
ecg_212,ecg,SPAN,2.0000,128,2,1127,1127,1.7746,39.84576070,1.195993e-05,0.01750000,0,-1.00000000
ecg_212,ecg,REF_INTERP_ERROR,-1.0000,128,3,794,794,2.5189,35.68845708,3.115007e-05,0.02200000,0,-1.00000000
ecg_212,ecg,REF_VW_AREA,-1.0000,128,3,794,794,2.5189,34.91440537,3.722753e-05,0.03000000,0,-1.00000000
ecg_212,ecg,SPAN,0.0000,128,3,794,794,2.5189,35.68845708,3.115007e-05,0.02200000,0,-1.00000000
ecg_212,ecg,SPAN,0.2500,128,3,794,794,2.5189,35.37934915,3.344797e-05,0.02250000,0,-1.00000000
ecg_212,ecg,SPAN,0.5000,128,3,794,794,2.5189,35.27137640,3.428997e-05,0.02500000,0,-1.00000000
ecg_212,ecg,SPAN,0.7500,128,3,794,794,2.5189,35.06969359,3.591992e-05,0.03000000,0,-1.00000000
ecg_212,ecg,SPAN,1.0000,128,3,794,794,2.5189,34.91440537,3.722753e-05,0.03000000,0,-1.00000000
ecg_212,ecg,SPAN,1.2500,128,3,794,794,2.5189,34.43402179,4.158173e-05,0.04500000,0,-1.00000000
ecg_212,ecg,SPAN,1.5000,128,3,794,794,2.5189,34.15265350,4.436489e-05,0.04500000,0,-1.00000000
ecg_212,ecg,SPAN,2.0000,128,3,794,794,2.5189,32.94424463,5.859766e-05,0.06500000,0,-1.00000000
ecg_212,ecg,REF_INTERP_ERROR,-1.0000,128,5,527,527,3.7951,30.12325960,1.121964e-04,0.05357143,0,-1.00000000
ecg_212,ecg,REF_VW_AREA,-1.0000,128,5,527,527,3.7951,28.78490765,1.526912e-04,0.07125000,0,-1.00000000
ecg_212,ecg,SPAN,0.0000,128,5,527,527,3.7951,30.12325960,1.121964e-04,0.05357143,0,-1.00000000
ecg_212,ecg,SPAN,0.2500,128,5,527,527,3.7951,30.30088324,1.077002e-04,0.04800000,0,-1.00000000
ecg_212,ecg,SPAN,0.5000,128,5,527,527,3.7951,29.98990722,1.156948e-04,0.04625000,0,-1.00000000
ecg_212,ecg,SPAN,0.7500,128,5,527,527,3.7951,29.63278742,1.256105e-04,0.05750000,0,-1.00000000
ecg_212,ecg,SPAN,1.0000,128,5,527,527,3.7951,28.78490765,1.526912e-04,0.07125000,0,-1.00000000
ecg_212,ecg,SPAN,1.2500,128,5,527,527,3.7951,28.42336503,1.659465e-04,0.07500000,0,-1.00000000
ecg_212,ecg,SPAN,1.5000,128,5,527,527,3.7951,27.79855315,1.916238e-04,0.10500000,0,-1.00000000
ecg_212,ecg,SPAN,2.0000,128,5,527,527,3.7951,27.10006183,2.250601e-04,0.10500000,0,-1.00000000
ecg_212,ecg,REF_INTERP_ERROR,-1.0000,128,10,327,327,6.1162,26.49541540,2.586802e-04,0.06272727,0,-1.00000000
ecg_212,ecg,REF_VW_AREA,-1.0000,128,10,327,327,6.1162,25.36133591,3.358699e-04,0.10500000,0,-1.00000000
ecg_212,ecg,SPAN,0.0000,128,10,327,327,6.1162,26.49541540,2.586802e-04,0.06272727,0,-1.00000000
ecg_212,ecg,SPAN,0.2500,128,10,327,327,6.1162,26.13300139,2.811931e-04,0.08875000,0,-1.00000000
ecg_212,ecg,SPAN,0.5000,128,10,327,327,6.1162,25.78746072,3.044799e-04,0.08875000,0,-1.00000000
ecg_212,ecg,SPAN,0.7500,128,10,327,327,6.1162,25.31749574,3.392776e-04,0.11500000,0,-1.00000000
ecg_212,ecg,SPAN,1.0000,128,10,327,327,6.1162,25.36133591,3.358699e-04,0.10500000,0,-1.00000000
ecg_212,ecg,SPAN,1.2500,128,10,327,327,6.1162,24.36155039,4.228143e-04,0.16625000,0,-1.00000000
ecg_212,ecg,SPAN,1.5000,128,10,327,327,6.1162,23.77949406,4.834542e-04,0.19166667,0,-1.00000000
ecg_212,ecg,SPAN,2.0000,128,10,327,327,6.1162,22.57253215,6.383392e-04,0.29200000,0,-1.00000000
ecg_212,ecg,REF_INTERP_ERROR,-1.0000,128,20,227,227,8.8106,21.65687986,7.881643e-04,0.12421053,0,-1.00000000
ecg_212,ecg,REF_VW_AREA,-1.0000,128,20,227,227,8.8106,22.10319027,7.111901e-04,0.19166667,0,-1.00000000
ecg_212,ecg,SPAN,0.0000,128,20,227,227,8.8106,21.65687986,7.881643e-04,0.12421053,0,-1.00000000
ecg_212,ecg,SPAN,0.2500,128,20,227,227,8.8106,22.66089342,6.254828e-04,0.12421053,0,-1.00000000
ecg_212,ecg,SPAN,0.5000,128,20,227,227,8.8106,23.06388674,5.700541e-04,0.11500000,0,-1.00000000
ecg_212,ecg,SPAN,0.7500,128,20,227,227,8.8106,22.22911065,6.908657e-04,0.17416667,0,-1.00000000
ecg_212,ecg,SPAN,1.0000,128,20,227,227,8.8106,22.10319027,7.111901e-04,0.19166667,0,-1.00000000
ecg_212,ecg,SPAN,1.2500,128,20,227,227,8.8106,21.44369290,8.278191e-04,0.19000000,0,-1.00000000
ecg_212,ecg,SPAN,1.5000,128,20,227,227,8.8106,20.53877788,1.019593e-03,0.22333333,0,-1.00000000
ecg_212,ecg,SPAN,2.0000,128,20,227,227,8.8106,18.87576933,1.495298e-03,0.37333333,0,-1.00000000
ecg_212,ecg,REF_INTERP_ERROR,-1.0000,128,50,167,167,11.9760,15.58428064,3.190632e-03,0.28029412,0,-1.00000000
ecg_212,ecg,REF_VW_AREA,-1.0000,128,50,167,167,11.9760,19.02420803,1.445053e-03,0.22333333,0,-1.00000000
ecg_212,ecg,SPAN,0.0000,128,50,167,167,11.9760,15.58428064,3.190632e-03,0.28029412,0,-1.00000000
ecg_212,ecg,SPAN,0.2500,128,50,167,167,11.9760,19.87814699,1.187107e-03,0.21357143,0,-1.00000000
ecg_212,ecg,SPAN,0.5000,128,50,167,167,11.9760,18.94097543,1.473015e-03,0.21586957,0,-1.00000000
ecg_212,ecg,SPAN,0.7500,128,50,167,167,11.9760,19.28588587,1.360555e-03,0.19166667,0,-1.00000000
ecg_212,ecg,SPAN,1.0000,128,50,167,167,11.9760,19.02420803,1.445053e-03,0.22333333,0,-1.00000000
ecg_212,ecg,SPAN,1.2500,128,50,167,167,11.9760,18.90540809,1.485128e-03,0.37333333,0,-1.00000000
ecg_212,ecg,SPAN,1.5000,128,50,167,167,11.9760,18.89592851,1.488373e-03,0.37333333,0,-1.00000000
ecg_212,ecg,SPAN,2.0000,128,50,167,167,11.9760,17.93041053,1.858933e-03,0.37333333,0,-1.00000000
ecg_212,ecg,REF_INTERP_ERROR,-1.0000,128,100,147,147,13.6054,11.51192059,8.149157e-03,0.32950000,0,-1.00000000
ecg_212,ecg,REF_VW_AREA,-1.0000,128,100,147,147,13.6054,18.38403161,1.674563e-03,0.26333333,0,-1.00000000
ecg_212,ecg,SPAN,0.0000,128,100,147,147,13.6054,11.51192059,8.149157e-03,0.32950000,0,-1.00000000
ecg_212,ecg,SPAN,0.2500,128,100,147,147,13.6054,15.47237481,3.273914e-03,0.28638298,0,-1.00000000
ecg_212,ecg,SPAN,0.5000,128,100,147,147,13.6054,17.21986559,2.189365e-03,0.21750000,0,-1.00000000
ecg_212,ecg,SPAN,0.7500,128,100,147,147,13.6054,17.54374690,2.032030e-03,0.26333333,0,-1.00000000
ecg_212,ecg,SPAN,1.0000,128,100,147,147,13.6054,18.38403161,1.674563e-03,0.26333333,0,-1.00000000
ecg_212,ecg,SPAN,1.2500,128,100,147,147,13.6054,18.00438555,1.827537e-03,0.37333333,0,-1.00000000
ecg_212,ecg,SPAN,1.5000,128,100,147,147,13.6054,17.92863847,1.859691e-03,0.37333333,0,-1.00000000
ecg_212,ecg,SPAN,2.0000,128,100,147,147,13.6054,14.87715020,3.754825e-03,0.78409091,0,-1.00000000
ecg_212,ecg,REF_INTERP_ERROR,-1.0000,256,2,1255,1255,1.5936,43.14898315,5.589931e-06,0.00833333,0,-1.00000000
ecg_212,ecg,REF_VW_AREA,-1.0000,256,2,1255,1255,1.5936,42.53995267,6.431458e-06,0.01000000,0,-1.00000000
ecg_212,ecg,SPAN,0.0000,256,2,1255,1255,1.5936,43.14898315,5.589931e-06,0.00833333,0,-1.00000000
ecg_212,ecg,SPAN,0.2500,256,2,1255,1255,1.5936,43.08051978,5.678750e-06,0.00833333,0,-1.00000000
ecg_212,ecg,SPAN,0.5000,256,2,1255,1255,1.5936,42.75119858,6.126111e-06,0.01000000,0,-1.00000000
ecg_212,ecg,SPAN,0.7500,256,2,1255,1255,1.5936,42.67869935,6.229236e-06,0.01000000,0,-1.00000000
ecg_212,ecg,SPAN,1.0000,256,2,1255,1255,1.5936,42.53995267,6.431458e-06,0.01000000,0,-1.00000000
ecg_212,ecg,SPAN,1.2500,256,2,1255,1255,1.5936,42.09249038,7.129444e-06,0.01000000,0,-1.00000000
ecg_212,ecg,SPAN,1.5000,256,2,1255,1255,1.5936,42.04714696,7.204271e-06,0.01250000,0,-1.00000000
ecg_212,ecg,SPAN,2.0000,256,2,1255,1255,1.5936,41.32555948,8.506458e-06,0.01600000,0,-1.00000000
ecg_212,ecg,REF_INTERP_ERROR,-1.0000,256,3,922,922,2.1692,37.58481857,2.012903e-05,0.01750000,0,-1.00000000
ecg_212,ecg,REF_VW_AREA,-1.0000,256,3,922,922,2.1692,36.46924129,2.602439e-05,0.02750000,0,-1.00000000
ecg_212,ecg,SPAN,0.0000,256,3,922,922,2.1692,37.58481857,2.012903e-05,0.01750000,0,-1.00000000
ecg_212,ecg,SPAN,0.2500,256,3,922,922,2.1692,37.25823154,2.170109e-05,0.01833333,0,-1.00000000
ecg_212,ecg,SPAN,0.5000,256,3,922,922,2.1692,36.91997978,2.345885e-05,0.02000000,0,-1.00000000
ecg_212,ecg,SPAN,0.7500,256,3,922,922,2.1692,36.70140206,2.466974e-05,0.02250000,0,-1.00000000
ecg_212,ecg,SPAN,1.0000,256,3,922,922,2.1692,36.46924129,2.602439e-05,0.02750000,0,-1.00000000
ecg_212,ecg,SPAN,1.2500,256,3,922,922,2.1692,36.12937906,2.814277e-05,0.03500000,0,-1.00000000
ecg_212,ecg,SPAN,1.5000,256,3,922,922,2.1692,35.91012932,2.960001e-05,0.03500000,0,-1.00000000
ecg_212,ecg,SPAN,2.0000,256,3,922,922,2.1692,34.98872027,3.659592e-05,0.05500000,0,-1.00000000
ecg_212,ecg,REF_INTERP_ERROR,-1.0000,256,5,655,655,3.0534,32.26820592,6.846745e-05,0.03933333,0,-1.00000000
ecg_212,ecg,REF_VW_AREA,-1.0000,256,5,655,655,3.0534,31.00331850,9.161633e-05,0.06000000,0,-1.00000000
ecg_212,ecg,SPAN,0.0000,256,5,655,655,3.0534,32.26820592,6.846745e-05,0.03933333,0,-1.00000000
ecg_212,ecg,SPAN,0.2500,256,5,655,655,3.0534,32.08446290,7.142635e-05,0.04800000,0,-1.00000000
ecg_212,ecg,SPAN,0.5000,256,5,655,655,3.0534,32.10882957,7.102672e-05,0.03500000,0,-1.00000000
ecg_212,ecg,SPAN,0.7500,256,5,655,655,3.0534,31.53287919,8.109924e-05,0.04625000,0,-1.00000000
ecg_212,ecg,SPAN,1.0000,256,5,655,655,3.0534,31.00331850,9.161633e-05,0.06000000,0,-1.00000000
ecg_212,ecg,SPAN,1.2500,256,5,655,655,3.0534,30.32361684,1.071379e-04,0.07500000,0,-1.00000000
ecg_212,ecg,SPAN,1.5000,256,5,655,655,3.0534,29.93607150,1.171379e-04,0.07500000,0,-1.00000000
ecg_212,ecg,SPAN,2.0000,256,5,655,655,3.0534,28.98035775,1.459718e-04,0.11750000,0,-1.00000000
ecg_212,ecg,REF_INTERP_ERROR,-1.0000,256,10,455,455,4.3956,28.49351628,1.632876e-04,0.05500000,0,-1.00000000
ecg_212,ecg,REF_VW_AREA,-1.0000,256,10,455,455,4.3956,27.51463047,2.045699e-04,0.07500000,0,-1.00000000
ecg_212,ecg,SPAN,0.0000,256,10,455,455,4.3956,28.49351628,1.632876e-04,0.05500000,0,-1.00000000
ecg_212,ecg,SPAN,0.2500,256,10,455,455,4.3956,28.37652889,1.677459e-04,0.07666667,0,-1.00000000
ecg_212,ecg,SPAN,0.5000,256,10,455,455,4.3956,28.71972353,1.550002e-04,0.05500000,0,-1.00000000
ecg_212,ecg,SPAN,0.7500,256,10,455,455,4.3956,28.26029207,1.722961e-04,0.06500000,0,-1.00000000
ecg_212,ecg,SPAN,1.0000,256,10,455,455,4.3956,27.51463047,2.045699e-04,0.07500000,0,-1.00000000
ecg_212,ecg,SPAN,1.2500,256,10,455,455,4.3956,26.79268540,2.415662e-04,0.10500000,0,-1.00000000
ecg_212,ecg,SPAN,1.5000,256,10,455,455,4.3956,26.68506581,2.476271e-04,0.10500000,0,-1.00000000
ecg_212,ecg,SPAN,2.0000,256,10,455,455,4.3956,25.74914466,3.071781e-04,0.16300000,0,-1.00000000
ecg_212,ecg,REF_INTERP_ERROR,-1.0000,256,20,355,355,5.6338,26.07183050,2.851817e-04,0.07555556,0,-1.00000000
ecg_212,ecg,REF_VW_AREA,-1.0000,256,20,355,355,5.6338,25.69091323,3.113246e-04,0.11500000,0,-1.00000000
ecg_212,ecg,SPAN,0.0000,256,20,355,355,5.6338,26.07183050,2.851817e-04,0.07555556,0,-1.00000000
ecg_212,ecg,SPAN,0.2500,256,20,355,355,5.6338,26.38967108,2.650560e-04,0.08500000,0,-1.00000000
ecg_212,ecg,SPAN,0.5000,256,20,355,355,5.6338,26.56632352,2.544910e-04,0.08000000,0,-1.00000000
ecg_212,ecg,SPAN,0.7500,256,20,355,355,5.6338,26.52626876,2.568490e-04,0.07500000,0,-1.00000000
ecg_212,ecg,SPAN,1.0000,256,20,355,355,5.6338,25.69091323,3.113246e-04,0.11500000,0,-1.00000000
ecg_212,ecg,SPAN,1.2500,256,20,355,355,5.6338,25.57718800,3.195847e-04,0.11500000,0,-1.00000000
ecg_212,ecg,SPAN,1.5000,256,20,355,355,5.6338,24.90670453,3.729360e-04,0.16545455,0,-1.00000000
ecg_212,ecg,SPAN,2.0000,256,20,355,355,5.6338,24.42982142,4.162197e-04,0.16545455,0,-1.00000000
ecg_212,ecg,REF_INTERP_ERROR,-1.0000,256,50,295,295,6.7797,23.19148596,5.535491e-04,0.11939394,0,-1.00000000
ecg_212,ecg,REF_VW_AREA,-1.0000,256,50,295,295,6.7797,25.31781324,3.392528e-04,0.10500000,0,-1.00000000
ecg_212,ecg,SPAN,0.0000,256,50,295,295,6.7797,23.19148596,5.535491e-04,0.11939394,0,-1.00000000
ecg_212,ecg,SPAN,0.2500,256,50,295,295,6.7797,24.44684861,4.145910e-04,0.11526316,0,-1.00000000
ecg_212,ecg,SPAN,0.5000,256,50,295,295,6.7797,25.30278540,3.404287e-04,0.08136364,0,-1.00000000
ecg_212,ecg,SPAN,0.7500,256,50,295,295,6.7797,25.34329448,3.372681e-04,0.10000000,0,-1.00000000
ecg_212,ecg,SPAN,1.0000,256,50,295,295,6.7797,25.31781324,3.392528e-04,0.10500000,0,-1.00000000
ecg_212,ecg,SPAN,1.2500,256,50,295,295,6.7797,24.66252884,3.945044e-04,0.16545455,0,-1.00000000
ecg_212,ecg,SPAN,1.5000,256,50,295,295,6.7797,24.37605895,4.214042e-04,0.16545455,0,-1.00000000
ecg_212,ecg,SPAN,2.0000,256,50,295,295,6.7797,23.56415300,5.080301e-04,0.19166667,0,-1.00000000
ecg_212,ecg,REF_INTERP_ERROR,-1.0000,256,100,275,275,7.2727,22.21817175,6.926081e-04,0.17073529,0,-1.00000000
ecg_212,ecg,REF_VW_AREA,-1.0000,256,100,275,275,7.2727,24.75761601,3.859607e-04,0.11500000,0,-1.00000000
ecg_212,ecg,SPAN,0.0000,256,100,275,275,7.2727,22.21817175,6.926081e-04,0.17073529,0,-1.00000000
ecg_212,ecg,SPAN,0.2500,256,100,275,275,7.2727,24.77030639,3.848346e-04,0.08458333,0,-1.00000000
ecg_212,ecg,SPAN,0.5000,256,100,275,275,7.2727,24.83080730,3.795107e-04,0.10117647,0,-1.00000000
ecg_212,ecg,SPAN,0.7500,256,100,275,275,7.2727,25.14723054,3.528431e-04,0.10000000,0,-1.00000000
ecg_212,ecg,SPAN,1.0000,256,100,275,275,7.2727,24.75761601,3.859607e-04,0.11500000,0,-1.00000000
ecg_212,ecg,SPAN,1.2500,256,100,275,275,7.2727,24.37660787,4.213509e-04,0.16545455,0,-1.00000000
ecg_212,ecg,SPAN,1.5000,256,100,275,275,7.2727,23.87826447,4.725832e-04,0.16545455,0,-1.00000000
ecg_212,ecg,SPAN,2.0000,256,100,275,275,7.2727,22.78998617,6.071641e-04,0.19166667,0,-1.00000000
ecg_212,ecg,REF_INTERP_ERROR,-1.0000,512,2,1511,1511,1.3236,47.49625006,2.054375e-06,0.00500000,0,-1.00000000
ecg_212,ecg,REF_VW_AREA,-1.0000,512,2,1511,1511,1.3236,47.05688043,2.273090e-06,0.00750000,0,-1.00000000
ecg_212,ecg,SPAN,0.0000,512,2,1511,1511,1.3236,47.49625006,2.054375e-06,0.00500000,0,-1.00000000
ecg_212,ecg,SPAN,0.2500,512,2,1511,1511,1.3236,47.53273725,2.037187e-06,0.00500000,0,-1.00000000
ecg_212,ecg,SPAN,0.5000,512,2,1511,1511,1.3236,47.59498966,2.008194e-06,0.00500000,0,-1.00000000
ecg_212,ecg,SPAN,0.7500,512,2,1511,1511,1.3236,47.43314403,2.084444e-06,0.00750000,0,-1.00000000
ecg_212,ecg,SPAN,1.0000,512,2,1511,1511,1.3236,47.05688043,2.273090e-06,0.00750000,0,-1.00000000
ecg_212,ecg,SPAN,1.2500,512,2,1511,1511,1.3236,46.98744975,2.309722e-06,0.00750000,0,-1.00000000
ecg_212,ecg,SPAN,1.5000,512,2,1511,1511,1.3236,46.98744975,2.309722e-06,0.00750000,0,-1.00000000
ecg_212,ecg,SPAN,2.0000,512,2,1511,1511,1.3236,46.47563436,2.598611e-06,0.00750000,0,-1.00000000
ecg_212,ecg,REF_INTERP_ERROR,-1.0000,512,3,1178,1178,1.6978,41.54675331,8.084058e-06,0.01000000,0,-1.00000000
ecg_212,ecg,REF_VW_AREA,-1.0000,512,3,1178,1178,1.6978,40.88566096,9.413229e-06,0.01250000,0,-1.00000000
ecg_212,ecg,SPAN,0.0000,512,3,1178,1178,1.6978,41.54675331,8.084058e-06,0.01000000,0,-1.00000000
ecg_212,ecg,SPAN,0.2500,512,3,1178,1178,1.6978,41.39654172,8.368557e-06,0.01375000,0,-1.00000000
ecg_212,ecg,SPAN,0.5000,512,3,1178,1178,1.6978,41.21123951,8.733348e-06,0.01375000,0,-1.00000000
ecg_212,ecg,SPAN,0.7500,512,3,1178,1178,1.6978,40.98777594,9.194479e-06,0.01250000,0,-1.00000000
ecg_212,ecg,SPAN,1.0000,512,3,1178,1178,1.6978,40.88566096,9.413229e-06,0.01250000,0,-1.00000000
ecg_212,ecg,SPAN,1.2500,512,3,1178,1178,1.6978,40.80753517,9.584097e-06,0.01250000,0,-1.00000000
ecg_212,ecg,SPAN,1.5000,512,3,1178,1178,1.6978,40.47505727,1.034663e-05,0.01500000,0,-1.00000000
ecg_212,ecg,SPAN,2.0000,512,3,1178,1178,1.6978,39.94796045,1.168177e-05,0.01833333,0,-1.00000000
ecg_212,ecg,REF_INTERP_ERROR,-1.0000,512,5,911,911,2.1954,37.30237490,2.148163e-05,0.01833333,0,-1.00000000
ecg_212,ecg,REF_VW_AREA,-1.0000,512,5,911,911,2.1954,36.76251436,2.432502e-05,0.02500000,0,-1.00000000
ecg_212,ecg,SPAN,0.0000,512,5,911,911,2.1954,37.30237490,2.148163e-05,0.01833333,0,-1.00000000
ecg_212,ecg,SPAN,0.2500,512,5,911,911,2.1954,37.26491084,2.166774e-05,0.01833333,0,-1.00000000
ecg_212,ecg,SPAN,0.5000,512,5,911,911,2.1954,37.05431667,2.274433e-05,0.02000000,0,-1.00000000
ecg_212,ecg,SPAN,0.7500,512,5,911,911,2.1954,36.84601786,2.386179e-05,0.02250000,0,-1.00000000
ecg_212,ecg,SPAN,1.0000,512,5,911,911,2.1954,36.76251436,2.432502e-05,0.02500000,0,-1.00000000
ecg_212,ecg,SPAN,1.2500,512,5,911,911,2.1954,36.47898176,2.596609e-05,0.02750000,0,-1.00000000
ecg_212,ecg,SPAN,1.5000,512,5,911,911,2.1954,36.32018941,2.693307e-05,0.03500000,0,-1.00000000
ecg_212,ecg,SPAN,2.0000,512,5,911,911,2.1954,35.24568750,3.449340e-05,0.04750000,0,-1.00000000
ecg_212,ecg,REF_INTERP_ERROR,-1.0000,512,10,711,711,2.8129,33.73333270,4.886202e-05,0.03833333,0,-1.00000000
ecg_212,ecg,REF_VW_AREA,-1.0000,512,10,711,711,2.8129,33.35779375,5.327523e-05,0.03500000,0,-1.00000000
ecg_212,ecg,SPAN,0.0000,512,10,711,711,2.8129,33.73333270,4.886202e-05,0.03833333,0,-1.00000000
ecg_212,ecg,SPAN,0.2500,512,10,711,711,2.8129,33.76954638,4.845628e-05,0.03444444,0,-1.00000000
ecg_212,ecg,SPAN,0.5000,512,10,711,711,2.8129,33.67277394,4.954814e-05,0.03444444,0,-1.00000000
ecg_212,ecg,SPAN,0.7500,512,10,711,711,2.8129,33.49822457,5.158011e-05,0.03500000,0,-1.00000000
ecg_212,ecg,SPAN,1.0000,512,10,711,711,2.8129,33.35779375,5.327523e-05,0.03500000,0,-1.00000000
ecg_212,ecg,SPAN,1.2500,512,10,711,711,2.8129,32.95777470,5.841539e-05,0.04750000,0,-1.00000000
ecg_212,ecg,SPAN,1.5000,512,10,711,711,2.8129,32.67670456,6.232098e-05,0.06000000,0,-1.00000000
ecg_212,ecg,SPAN,2.0000,512,10,711,711,2.8129,30.73550171,9.744388e-05,0.09000000,0,-1.00000000
ecg_212,ecg,REF_INTERP_ERROR,-1.0000,512,20,611,611,3.2733,32.19060653,6.970181e-05,0.03833333,0,-1.00000000
ecg_212,ecg,REF_VW_AREA,-1.0000,512,20,611,611,3.2733,31.49975928,8.172008e-05,0.05500000,0,-1.00000000
ecg_212,ecg,SPAN,0.0000,512,20,611,611,3.2733,32.19060653,6.970181e-05,0.03833333,0,-1.00000000
ecg_212,ecg,SPAN,0.2500,512,20,611,611,3.2733,32.24512383,6.883231e-05,0.03500000,0,-1.00000000
ecg_212,ecg,SPAN,0.5000,512,20,611,611,3.2733,32.08680142,7.138790e-05,0.03750000,0,-1.00000000
ecg_212,ecg,SPAN,0.7500,512,20,611,611,3.2733,31.66722059,7.862898e-05,0.04818182,0,-1.00000000
ecg_212,ecg,SPAN,1.0000,512,20,611,611,3.2733,31.49975928,8.172008e-05,0.05500000,0,-1.00000000
ecg_212,ecg,SPAN,1.2500,512,20,611,611,3.2733,31.02266531,9.120911e-05,0.06500000,0,-1.00000000
ecg_212,ecg,SPAN,1.5000,512,20,611,611,3.2733,29.98703489,1.157714e-04,0.07500000,0,-1.00000000
ecg_212,ecg,SPAN,2.0000,512,20,611,611,3.2733,28.96908948,1.463510e-04,0.11750000,0,-1.00000000
ecg_212,ecg,REF_INTERP_ERROR,-1.0000,512,50,551,551,3.6298,31.22468449,8.706353e-05,0.04000000,0,-1.00000000
ecg_212,ecg,REF_VW_AREA,-1.0000,512,50,551,551,3.6298,30.36159723,1.062050e-04,0.06000000,0,-1.00000000
ecg_212,ecg,SPAN,0.0000,512,50,551,551,3.6298,31.22468449,8.706353e-05,0.04000000,0,-1.00000000
ecg_212,ecg,SPAN,0.2500,512,50,551,551,3.6298,31.23893530,8.677831e-05,0.03933333,0,-1.00000000
ecg_212,ecg,SPAN,0.5000,512,50,551,551,3.6298,31.00059323,9.167384e-05,0.04250000,0,-1.00000000
ecg_212,ecg,SPAN,0.7500,512,50,551,551,3.6298,30.89756847,9.387455e-05,0.04818182,0,-1.00000000
ecg_212,ecg,SPAN,1.0000,512,50,551,551,3.6298,30.36159723,1.062050e-04,0.06000000,0,-1.00000000
ecg_212,ecg,SPAN,1.2500,512,50,551,551,3.6298,29.50935048,1.292319e-04,0.07250000,0,-1.00000000
ecg_212,ecg,SPAN,1.5000,512,50,551,551,3.6298,29.15069861,1.403573e-04,0.08500000,0,-1.00000000
ecg_212,ecg,SPAN,2.0000,512,50,551,551,3.6298,28.43992763,1.653149e-04,0.11750000,0,-1.00000000
ecg_212,ecg,REF_INTERP_ERROR,-1.0000,512,100,531,531,3.7665,30.73356933,9.748724e-05,0.05115385,0,-1.00000000
ecg_212,ecg,REF_VW_AREA,-1.0000,512,100,531,531,3.7665,30.17613348,1.108387e-04,0.06000000,0,-1.00000000
ecg_212,ecg,SPAN,0.0000,512,100,531,531,3.7665,30.73356933,9.748724e-05,0.05115385,0,-1.00000000
ecg_212,ecg,SPAN,0.2500,512,100,531,531,3.7665,30.97825444,9.214659e-05,0.03933333,0,-1.00000000
ecg_212,ecg,SPAN,0.5000,512,100,531,531,3.7665,30.96397138,9.245014e-05,0.04250000,0,-1.00000000
ecg_212,ecg,SPAN,0.7500,512,100,531,531,3.7665,30.38399572,1.056587e-04,0.05033333,0,-1.00000000
ecg_212,ecg,SPAN,1.0000,512,100,531,531,3.7665,30.17613348,1.108387e-04,0.06000000,0,-1.00000000
ecg_212,ecg,SPAN,1.2500,512,100,531,531,3.7665,29.30756202,1.353781e-04,0.07250000,0,-1.00000000
ecg_212,ecg,SPAN,1.5000,512,100,531,531,3.7665,29.11957003,1.413669e-04,0.08500000,0,-1.00000000
ecg_212,ecg,SPAN,2.0000,512,100,531,531,3.7665,28.13634299,1.772844e-04,0.11750000,0,-1.00000000
ecg_215,ecg,REF_INTERP_ERROR,-1.0000,32,2,1031,1031,1.9399,38.47410806,1.046438e-05,0.01300000,0,-1.00000000
ecg_215,ecg,REF_VW_AREA,-1.0000,32,2,1031,1031,1.9399,37.62657143,1.271941e-05,0.01750000,0,-1.00000000
ecg_215,ecg,SPAN,0.0000,32,2,1031,1031,1.9399,38.47410806,1.046438e-05,0.01300000,0,-1.00000000
ecg_215,ecg,SPAN,0.2500,32,2,1031,1031,1.9399,38.36117011,1.074007e-05,0.01333333,0,-1.00000000
ecg_215,ecg,SPAN,0.5000,32,2,1031,1031,1.9399,38.12100339,1.135073e-05,0.01500000,0,-1.00000000
ecg_215,ecg,SPAN,0.7500,32,2,1031,1031,1.9399,37.92569040,1.187285e-05,0.01750000,0,-1.00000000
ecg_215,ecg,SPAN,1.0000,32,2,1031,1031,1.9399,37.62657143,1.271941e-05,0.01750000,0,-1.00000000
ecg_215,ecg,SPAN,1.2500,32,2,1031,1031,1.9399,37.35804014,1.353069e-05,0.02000000,0,-1.00000000
ecg_215,ecg,SPAN,1.5000,32,2,1031,1031,1.9399,37.01785987,1.463316e-05,0.02250000,0,-1.00000000
ecg_215,ecg,SPAN,2.0000,32,2,1031,1031,1.9399,36.31402817,1.720764e-05,0.02750000,0,-1.00000000
ecg_215,ecg,REF_INTERP_ERROR,-1.0000,32,3,698,698,2.8653,32.04627834,4.597230e-05,0.02500000,0,-1.00000000
ecg_215,ecg,REF_VW_AREA,-1.0000,32,3,698,698,2.8653,31.31313360,5.442654e-05,0.05000000,0,-1.00000000
ecg_215,ecg,SPAN,0.0000,32,3,698,698,2.8653,32.04627834,4.597230e-05,0.02500000,0,-1.00000000
ecg_215,ecg,SPAN,0.2500,32,3,698,698,2.8653,32.24162270,4.395030e-05,0.02750000,0,-1.00000000
ecg_215,ecg,SPAN,0.5000,32,3,698,698,2.8653,31.98335945,4.664318e-05,0.03250000,0,-1.00000000
ecg_215,ecg,SPAN,0.7500,32,3,698,698,2.8653,31.69631189,4.983023e-05,0.04000000,0,-1.00000000
ecg_215,ecg,SPAN,1.0000,32,3,698,698,2.8653,31.31313360,5.442654e-05,0.05000000,0,-1.00000000
ecg_215,ecg,SPAN,1.2500,32,3,698,698,2.8653,30.71786094,6.242205e-05,0.05750000,0,-1.00000000
ecg_215,ecg,SPAN,1.5000,32,3,698,698,2.8653,30.59008387,6.428590e-05,0.05000000,0,-1.00000000
ecg_215,ecg,SPAN,2.0000,32,3,698,698,2.8653,29.72550210,7.844656e-05,0.06750000,0,-1.00000000
ecg_215,ecg,REF_INTERP_ERROR,-1.0000,32,5,431,431,4.6404,26.80799035,1.535766e-04,0.04900000,0,-1.00000000
ecg_215,ecg,REF_VW_AREA,-1.0000,32,5,431,431,4.6404,25.40635831,2.120744e-04,0.10142857,0,-1.00000000
ecg_215,ecg,SPAN,0.0000,32,5,431,431,4.6404,26.80799035,1.535766e-04,0.04900000,0,-1.00000000
ecg_215,ecg,SPAN,0.2500,32,5,431,431,4.6404,26.73797125,1.560727e-04,0.04900000,0,-1.00000000
ecg_215,ecg,SPAN,0.5000,32,5,431,431,4.6404,26.69816461,1.575098e-04,0.05500000,0,-1.00000000
ecg_215,ecg,SPAN,0.7500,32,5,431,431,4.6404,25.83847496,1.919891e-04,0.06750000,0,-1.00000000
ecg_215,ecg,SPAN,1.0000,32,5,431,431,4.6404,25.40635831,2.120744e-04,0.10142857,0,-1.00000000
ecg_215,ecg,SPAN,1.2500,32,5,431,431,4.6404,25.01240919,2.322112e-04,0.10142857,0,-1.00000000
ecg_215,ecg,SPAN,1.5000,32,5,431,431,4.6404,24.68255727,2.505350e-04,0.10625000,0,-1.00000000
ecg_215,ecg,SPAN,2.0000,32,5,431,431,4.6404,23.69510521,3.144949e-04,0.12666667,0,-1.00000000
ecg_215,ecg,REF_INTERP_ERROR,-1.0000,32,10,231,231,8.6580,22.19678760,4.440638e-04,0.10937500,0,-1.00000000
ecg_215,ecg,REF_VW_AREA,-1.0000,32,10,231,231,8.6580,20.19463379,7.041428e-04,0.15000000,0,-1.00000000
ecg_215,ecg,SPAN,0.0000,32,10,231,231,8.6580,22.19678760,4.440638e-04,0.10937500,0,-1.00000000
ecg_215,ecg,SPAN,0.2500,32,10,231,231,8.6580,21.62097601,5.070216e-04,0.11333333,0,-1.00000000
ecg_215,ecg,SPAN,0.5000,32,10,231,231,8.6580,21.70778737,4.969874e-04,0.10739130,0,-1.00000000
ecg_215,ecg,SPAN,0.7500,32,10,231,231,8.6580,21.11176826,5.700951e-04,0.13700000,0,-1.00000000
ecg_215,ecg,SPAN,1.0000,32,10,231,231,8.6580,20.19463379,7.041428e-04,0.15000000,0,-1.00000000
ecg_215,ecg,SPAN,1.2500,32,10,231,231,8.6580,19.59201712,8.089513e-04,0.20900000,0,-1.00000000
ecg_215,ecg,SPAN,1.5000,32,10,231,231,8.6580,18.54471256,1.029563e-03,0.33454545,0,-1.00000000
ecg_215,ecg,SPAN,2.0000,32,10,231,231,8.6580,17.24364458,1.389184e-03,0.33900000,0,-1.00000000
ecg_215,ecg,REF_INTERP_ERROR,-1.0000,32,20,131,131,15.2672,14.86624015,2.401597e-03,0.34450000,0,-1.00000000
ecg_215,ecg,REF_VW_AREA,-1.0000,32,20,131,131,15.2672,13.65151633,3.176673e-03,0.40333333,0,-1.00000000
ecg_215,ecg,SPAN,0.0000,32,20,131,131,15.2672,14.86624015,2.401597e-03,0.34450000,0,-1.00000000
ecg_215,ecg,SPAN,0.2500,32,20,131,131,15.2672,15.59123676,2.032359e-03,0.34450000,0,-1.00000000
ecg_215,ecg,SPAN,0.5000,32,20,131,131,15.2672,15.15181055,2.248760e-03,0.34450000,0,-1.00000000
ecg_215,ecg,SPAN,0.7500,32,20,131,131,15.2672,14.48289413,2.623220e-03,0.34450000,0,-1.00000000
ecg_215,ecg,SPAN,1.0000,32,20,131,131,15.2672,13.65151633,3.176673e-03,0.40333333,0,-1.00000000
ecg_215,ecg,SPAN,1.2500,32,20,131,131,15.2672,13.01050199,3.681916e-03,0.54576923,0,-1.00000000
ecg_215,ecg,SPAN,1.5000,32,20,131,131,15.2672,13.34463795,3.409261e-03,0.41800000,0,-1.00000000
ecg_215,ecg,SPAN,2.0000,32,20,131,131,15.2672,8.46582400,1.048435e-02,1.16500000,0,-1.00000000
ecg_215,ecg,REF_INTERP_ERROR,-1.0000,32,50,71,71,28.1690,6.76370849,1.551505e-02,0.49250000,0,-1.00000000
ecg_215,ecg,REF_VW_AREA,-1.0000,32,50,71,71,28.1690,2.02490422,4.619912e-02,1.36650000,0,-1.00000000
ecg_215,ecg,SPAN,0.0000,32,50,71,71,28.1690,6.76370849,1.551505e-02,0.49250000,0,-1.00000000
ecg_215,ecg,SPAN,0.2500,32,50,71,71,28.1690,5.66084329,2.000045e-02,1.13025641,0,-1.00000000
ecg_215,ecg,SPAN,0.5000,32,50,71,71,28.1690,4.26304738,2.759430e-02,1.27343750,0,-1.00000000
ecg_215,ecg,SPAN,0.7500,32,50,71,71,28.1690,3.18429037,3.537489e-02,1.36650000,0,-1.00000000
ecg_215,ecg,SPAN,1.0000,32,50,71,71,28.1690,2.02490422,4.619912e-02,1.36650000,0,-1.00000000
ecg_215,ecg,SPAN,1.2500,32,50,71,71,28.1690,1.76505988,4.904764e-02,1.36650000,0,-1.00000000
ecg_215,ecg,SPAN,1.5000,32,50,71,71,28.1690,2.34207443,4.294540e-02,1.34967391,0,-1.00000000
ecg_215,ecg,SPAN,2.0000,32,50,71,71,28.1690,1.70314159,4.975193e-02,1.36650000,0,-1.00000000
ecg_215,ecg,REF_INTERP_ERROR,-1.0000,32,100,51,51,39.2157,-0.25045119,7.801340e-02,1.13125000,0,-1.00000000
ecg_215,ecg,REF_VW_AREA,-1.0000,32,100,51,51,39.2157,0.97048994,5.889455e-02,1.39890000,0,-1.00000000
ecg_215,ecg,SPAN,0.0000,32,100,51,51,39.2157,-0.25045119,7.801340e-02,1.13125000,0,-1.00000000
ecg_215,ecg,SPAN,0.2500,32,100,51,51,39.2157,0.29060955,6.887524e-02,1.13025641,0,-1.00000000
ecg_215,ecg,SPAN,0.5000,32,100,51,51,39.2157,1.53049186,5.176961e-02,1.27650000,0,-1.00000000
ecg_215,ecg,SPAN,0.7500,32,100,51,51,39.2157,1.42870164,5.299732e-02,1.39910377,0,-1.00000000
ecg_215,ecg,SPAN,1.0000,32,100,51,51,39.2157,0.97048994,5.889455e-02,1.39890000,0,-1.00000000
ecg_215,ecg,SPAN,1.2500,32,100,51,51,39.2157,1.65539580,5.030192e-02,1.41389610,0,-1.00000000
ecg_215,ecg,SPAN,1.5000,32,100,51,51,39.2157,1.36463270,5.378496e-02,1.41389610,0,-1.00000000
ecg_215,ecg,SPAN,2.0000,32,100,51,51,39.2157,0.29050660,6.887688e-02,1.41389610,0,-1.00000000
ecg_215,ecg,REF_INTERP_ERROR,-1.0000,64,2,1063,1063,1.8815,38.91323606,9.458026e-06,0.01000000,0,-1.00000000
ecg_215,ecg,REF_VW_AREA,-1.0000,64,2,1063,1063,1.8815,38.06561155,1.149643e-05,0.01666667,0,-1.00000000
ecg_215,ecg,SPAN,0.0000,64,2,1063,1063,1.8815,38.91323606,9.458026e-06,0.01000000,0,-1.00000000
ecg_215,ecg,SPAN,0.2500,64,2,1063,1063,1.8815,38.80930842,9.687088e-06,0.01125000,0,-1.00000000
ecg_215,ecg,SPAN,0.5000,64,2,1063,1063,1.8815,38.66809050,1.000726e-05,0.01000000,0,-1.00000000
ecg_215,ecg,SPAN,0.7500,64,2,1063,1063,1.8815,38.39054179,1.066768e-05,0.01333333,0,-1.00000000
ecg_215,ecg,SPAN,1.0000,64,2,1063,1063,1.8815,38.06561155,1.149643e-05,0.01666667,0,-1.00000000
ecg_215,ecg,SPAN,1.2500,64,2,1063,1063,1.8815,38.02975615,1.159174e-05,0.01500000,0,-1.00000000
ecg_215,ecg,SPAN,1.5000,64,2,1063,1063,1.8815,37.57660394,1.286660e-05,0.01750000,0,-1.00000000
ecg_215,ecg,SPAN,2.0000,64,2,1063,1063,1.8815,36.96583297,1.480951e-05,0.02250000,0,-1.00000000
ecg_215,ecg,REF_INTERP_ERROR,-1.0000,64,3,730,730,2.7397,32.84370282,3.826078e-05,0.02142857,0,-1.00000000
ecg_215,ecg,REF_VW_AREA,-1.0000,64,3,730,730,2.7397,32.05386202,4.589210e-05,0.03250000,0,-1.00000000
ecg_215,ecg,SPAN,0.0000,64,3,730,730,2.7397,32.84370282,3.826078e-05,0.02142857,0,-1.00000000
ecg_215,ecg,SPAN,0.2500,64,3,730,730,2.7397,32.65316875,3.997673e-05,0.02750000,0,-1.00000000
ecg_215,ecg,SPAN,0.5000,64,3,730,730,2.7397,32.54890229,4.094811e-05,0.02750000,0,-1.00000000
ecg_215,ecg,SPAN,0.7500,64,3,730,730,2.7397,32.43828360,4.200449e-05,0.03000000,0,-1.00000000
ecg_215,ecg,SPAN,1.0000,64,3,730,730,2.7397,32.05386202,4.589210e-05,0.03250000,0,-1.00000000
ecg_215,ecg,SPAN,1.2500,64,3,730,730,2.7397,31.85618242,4.802926e-05,0.03250000,0,-1.00000000
ecg_215,ecg,SPAN,1.5000,64,3,730,730,2.7397,31.57712833,5.121666e-05,0.03250000,0,-1.00000000
ecg_215,ecg,SPAN,2.0000,64,3,730,730,2.7397,30.21478552,7.008830e-05,0.06000000,0,-1.00000000
ecg_215,ecg,REF_INTERP_ERROR,-1.0000,64,5,463,463,4.3197,27.22254031,1.395951e-04,0.04900000,0,-1.00000000
ecg_215,ecg,REF_VW_AREA,-1.0000,64,5,463,463,4.3197,25.83772710,1.920222e-04,0.10142857,0,-1.00000000
ecg_215,ecg,SPAN,0.0000,64,5,463,463,4.3197,27.22254031,1.395951e-04,0.04900000,0,-1.00000000
ecg_215,ecg,SPAN,0.2500,64,5,463,463,4.3197,27.03160666,1.458691e-04,0.04900000,0,-1.00000000
ecg_215,ecg,SPAN,0.5000,64,5,463,463,4.3197,27.05820372,1.449785e-04,0.05500000,0,-1.00000000
ecg_215,ecg,SPAN,0.7500,64,5,463,463,4.3197,26.54913093,1.630088e-04,0.06750000,0,-1.00000000
ecg_215,ecg,SPAN,1.0000,64,5,463,463,4.3197,25.83772710,1.920222e-04,0.10142857,0,-1.00000000
ecg_215,ecg,SPAN,1.2500,64,5,463,463,4.3197,25.41076334,2.118594e-04,0.10142857,0,-1.00000000
ecg_215,ecg,SPAN,1.5000,64,5,463,463,4.3197,25.04638293,2.304018e-04,0.10625000,0,-1.00000000
ecg_215,ecg,SPAN,2.0000,64,5,463,463,4.3197,24.36097618,2.697904e-04,0.09900000,0,-1.00000000
ecg_215,ecg,REF_INTERP_ERROR,-1.0000,64,10,263,263,7.6046,22.76391539,3.897019e-04,0.10937500,0,-1.00000000
ecg_215,ecg,REF_VW_AREA,-1.0000,64,10,263,263,7.6046,20.98412605,5.870992e-04,0.16000000,0,-1.00000000
ecg_215,ecg,SPAN,0.0000,64,10,263,263,7.6046,22.76391539,3.897019e-04,0.10937500,0,-1.00000000
ecg_215,ecg,SPAN,0.2500,64,10,263,263,7.6046,22.54068313,4.102568e-04,0.10142857,0,-1.00000000
ecg_215,ecg,SPAN,0.5000,64,10,263,263,7.6046,22.21890187,4.418083e-04,0.10739130,0,-1.00000000
ecg_215,ecg,SPAN,0.7500,64,10,263,263,7.6046,21.76841179,4.900980e-04,0.15772727,0,-1.00000000
ecg_215,ecg,SPAN,1.0000,64,10,263,263,7.6046,20.98412605,5.870992e-04,0.16000000,0,-1.00000000
ecg_215,ecg,SPAN,1.2500,64,10,263,263,7.6046,20.17926242,7.066394e-04,0.20900000,0,-1.00000000
ecg_215,ecg,SPAN,1.5000,64,10,263,263,7.6046,19.00047343,9.269936e-04,0.33454545,0,-1.00000000
ecg_215,ecg,SPAN,2.0000,64,10,263,263,7.6046,18.58316899,1.020486e-03,0.32375000,0,-1.00000000
ecg_215,ecg,REF_INTERP_ERROR,-1.0000,64,20,163,163,12.2699,16.61217073,1.606597e-03,0.34450000,0,-1.00000000
ecg_215,ecg,REF_VW_AREA,-1.0000,64,20,163,163,12.2699,15.31095865,2.167845e-03,0.34450000,0,-1.00000000
ecg_215,ecg,SPAN,0.0000,64,20,163,163,12.2699,16.61217073,1.606597e-03,0.34450000,0,-1.00000000
ecg_215,ecg,SPAN,0.2500,64,20,163,163,12.2699,16.17097520,1.778388e-03,0.34450000,0,-1.00000000
ecg_215,ecg,SPAN,0.5000,64,20,163,163,12.2699,16.48963162,1.652574e-03,0.34450000,0,-1.00000000
ecg_215,ecg,SPAN,0.7500,64,20,163,163,12.2699,16.20291901,1.765356e-03,0.34450000,0,-1.00000000
ecg_215,ecg,SPAN,1.0000,64,20,163,163,12.2699,15.31095865,2.167845e-03,0.34450000,0,-1.00000000
ecg_215,ecg,SPAN,1.2500,64,20,163,163,12.2699,15.25160019,2.197678e-03,0.34450000,0,-1.00000000
ecg_215,ecg,SPAN,1.5000,64,20,163,163,12.2699,14.05602317,2.894155e-03,0.38333333,0,-1.00000000
ecg_215,ecg,SPAN,2.0000,64,20,163,163,12.2699,13.66053226,3.170085e-03,0.40333333,0,-1.00000000
ecg_215,ecg,REF_INTERP_ERROR,-1.0000,64,50,103,103,19.4175,10.33432423,6.818544e-03,0.40200000,0,-1.00000000
ecg_215,ecg,REF_VW_AREA,-1.0000,64,50,103,103,19.4175,9.89136999,7.550698e-03,0.43823529,0,-1.00000000
ecg_215,ecg,SPAN,0.0000,64,50,103,103,19.4175,10.33432423,6.818544e-03,0.40200000,0,-1.00000000
ecg_215,ecg,SPAN,0.2500,64,50,103,103,19.4175,10.32400392,6.834767e-03,0.40200000,0,-1.00000000
ecg_215,ecg,SPAN,0.5000,64,50,103,103,19.4175,10.24755535,6.956144e-03,0.43823529,0,-1.00000000
ecg_215,ecg,SPAN,0.7500,64,50,103,103,19.4175,9.74936650,7.801668e-03,0.43823529,0,-1.00000000
ecg_215,ecg,SPAN,1.0000,64,50,103,103,19.4175,9.89136999,7.550698e-03,0.43823529,0,-1.00000000
ecg_215,ecg,SPAN,1.2500,64,50,103,103,19.4175,5.94967796,1.871356e-02,1.21846154,0,-1.00000000
ecg_215,ecg,SPAN,1.5000,64,50,103,103,19.4175,6.33272300,1.713373e-02,1.21846154,0,-1.00000000
ecg_215,ecg,SPAN,2.0000,64,50,103,103,19.4175,5.79975024,1.937087e-02,1.35142857,0,-1.00000000
ecg_215,ecg,REF_INTERP_ERROR,-1.0000,64,100,83,83,24.0964,4.06557646,2.887796e-02,0.66557895,0,-1.00000000
ecg_215,ecg,REF_VW_AREA,-1.0000,64,100,83,83,24.0964,6.12853420,1.795853e-02,1.21846154,0,-1.00000000
ecg_215,ecg,SPAN,0.0000,64,100,83,83,24.0964,4.06557646,2.887796e-02,0.66557895,0,-1.00000000
ecg_215,ecg,SPAN,0.2500,64,100,83,83,24.0964,5.42264914,2.112804e-02,0.66557895,0,-1.00000000
ecg_215,ecg,SPAN,0.5000,64,100,83,83,24.0964,7.35217434,1.354898e-02,0.46230769,0,-1.00000000
ecg_215,ecg,SPAN,0.7500,64,100,83,83,24.0964,5.28937888,2.178644e-02,1.30777778,0,-1.00000000
ecg_215,ecg,SPAN,1.0000,64,100,83,83,24.0964,6.12853420,1.795853e-02,1.21846154,0,-1.00000000
ecg_215,ecg,SPAN,1.2500,64,100,83,83,24.0964,5.86701762,1.907315e-02,1.13025641,0,-1.00000000
ecg_215,ecg,SPAN,1.5000,64,100,83,83,24.0964,6.32466995,1.716553e-02,0.93333333,0,-1.00000000
ecg_215,ecg,SPAN,2.0000,64,100,83,83,24.0964,5.38613107,2.130645e-02,1.15320000,0,-1.00000000
ecg_215,ecg,REF_INTERP_ERROR,-1.0000,128,2,1127,1127,1.7746,39.45883665,8.341429e-06,0.01000000,0,-1.00000000
ecg_215,ecg,REF_VW_AREA,-1.0000,128,2,1127,1127,1.7746,38.71878802,9.891116e-06,0.01666667,0,-1.00000000
ecg_215,ecg,SPAN,0.0000,128,2,1127,1127,1.7746,39.45883665,8.341429e-06,0.01000000,0,-1.00000000
ecg_215,ecg,SPAN,0.2500,128,2,1127,1127,1.7746,39.37674763,8.500595e-06,0.01125000,0,-1.00000000
ecg_215,ecg,SPAN,0.5000,128,2,1127,1127,1.7746,39.13017329,8.997188e-06,0.01333333,0,-1.00000000
ecg_215,ecg,SPAN,0.7500,128,2,1127,1127,1.7746,38.93843644,9.403304e-06,0.01333333,0,-1.00000000
ecg_215,ecg,SPAN,1.0000,128,2,1127,1127,1.7746,38.71878802,9.891116e-06,0.01666667,0,-1.00000000
ecg_215,ecg,SPAN,1.2500,128,2,1127,1127,1.7746,38.62478858,1.010753e-05,0.01333333,0,-1.00000000
ecg_215,ecg,SPAN,1.5000,128,2,1127,1127,1.7746,38.29527471,1.090427e-05,0.01500000,0,-1.00000000
ecg_215,ecg,SPAN,2.0000,128,2,1127,1127,1.7746,37.80335576,1.221205e-05,0.01750000,0,-1.00000000
ecg_215,ecg,REF_INTERP_ERROR,-1.0000,128,3,794,794,2.5189,33.43196029,3.341397e-05,0.02142857,0,-1.00000000
ecg_215,ecg,REF_VW_AREA,-1.0000,128,3,794,794,2.5189,32.84192879,3.827641e-05,0.03000000,0,-1.00000000
ecg_215,ecg,SPAN,0.0000,128,3,794,794,2.5189,33.43196029,3.341397e-05,0.02142857,0,-1.00000000
ecg_215,ecg,SPAN,0.2500,128,3,794,794,2.5189,33.32094002,3.427915e-05,0.02250000,0,-1.00000000
ecg_215,ecg,SPAN,0.5000,128,3,794,794,2.5189,33.30359697,3.441632e-05,0.02750000,0,-1.00000000
ecg_215,ecg,SPAN,0.7500,128,3,794,794,2.5189,33.15406015,3.562198e-05,0.02750000,0,-1.00000000
ecg_215,ecg,SPAN,1.0000,128,3,794,794,2.5189,32.84192879,3.827641e-05,0.03000000,0,-1.00000000
ecg_215,ecg,SPAN,1.2500,128,3,794,794,2.5189,32.58433771,4.061536e-05,0.03250000,0,-1.00000000
ecg_215,ecg,SPAN,1.5000,128,3,794,794,2.5189,32.25662384,4.379875e-05,0.03250000,0,-1.00000000
ecg_215,ecg,SPAN,2.0000,128,3,794,794,2.5189,31.01620859,5.827781e-05,0.05000000,0,-1.00000000
ecg_215,ecg,REF_INTERP_ERROR,-1.0000,128,5,527,527,3.7951,27.96132761,1.177582e-04,0.04444444,0,-1.00000000
ecg_215,ecg,REF_VW_AREA,-1.0000,128,5,527,527,3.7951,26.52809801,1.638002e-04,0.10142857,0,-1.00000000
ecg_215,ecg,SPAN,0.0000,128,5,527,527,3.7951,27.96132761,1.177582e-04,0.04444444,0,-1.00000000
ecg_215,ecg,SPAN,0.2500,128,5,527,527,3.7951,27.84290801,1.210134e-04,0.04444444,0,-1.00000000
ecg_215,ecg,SPAN,0.5000,128,5,527,527,3.7951,27.78419840,1.226604e-04,0.04750000,0,-1.00000000
ecg_215,ecg,SPAN,0.7500,128,5,527,527,3.7951,27.26519268,1.382308e-04,0.06250000,0,-1.00000000
ecg_215,ecg,SPAN,1.0000,128,5,527,527,3.7951,26.52809801,1.638002e-04,0.10142857,0,-1.00000000
ecg_215,ecg,SPAN,1.2500,128,5,527,527,3.7951,26.09218604,1.810946e-04,0.10142857,0,-1.00000000
ecg_215,ecg,SPAN,1.5000,128,5,527,527,3.7951,25.92136151,1.883597e-04,0.10142857,0,-1.00000000
ecg_215,ecg,SPAN,2.0000,128,5,527,527,3.7951,25.01270289,2.321955e-04,0.10625000,0,-1.00000000
ecg_215,ecg,REF_INTERP_ERROR,-1.0000,128,10,327,327,6.1162,23.68631328,3.151322e-04,0.07500000,0,-1.00000000
ecg_215,ecg,REF_VW_AREA,-1.0000,128,10,327,327,6.1162,22.41550644,4.222537e-04,0.12500000,0,-1.00000000
ecg_215,ecg,SPAN,0.0000,128,10,327,327,6.1162,23.68631328,3.151322e-04,0.07500000,0,-1.00000000
ecg_215,ecg,SPAN,0.2500,128,10,327,327,6.1162,23.63685356,3.187416e-04,0.10142857,0,-1.00000000
ecg_215,ecg,SPAN,0.5000,128,10,327,327,6.1162,23.28091230,3.459656e-04,0.10739130,0,-1.00000000
ecg_215,ecg,SPAN,0.7500,128,10,327,327,6.1162,22.82821549,3.839746e-04,0.10625000,0,-1.00000000
ecg_215,ecg,SPAN,1.0000,128,10,327,327,6.1162,22.41550644,4.222537e-04,0.12500000,0,-1.00000000
ecg_215,ecg,SPAN,1.2500,128,10,327,327,6.1162,22.05457859,4.588453e-04,0.15250000,0,-1.00000000
ecg_215,ecg,SPAN,1.5000,128,10,327,327,6.1162,21.53805271,5.167956e-04,0.15250000,0,-1.00000000
ecg_215,ecg,SPAN,2.0000,128,10,327,327,6.1162,20.91357604,5.967144e-04,0.16000000,0,-1.00000000
ecg_215,ecg,REF_INTERP_ERROR,-1.0000,128,20,227,227,8.8106,21.19227750,5.596240e-04,0.11000000,0,-1.00000000
ecg_215,ecg,REF_VW_AREA,-1.0000,128,20,227,227,8.8106,20.30094609,6.871151e-04,0.16500000,0,-1.00000000
ecg_215,ecg,SPAN,0.0000,128,20,227,227,8.8106,21.19227750,5.596240e-04,0.11000000,0,-1.00000000
ecg_215,ecg,SPAN,0.2500,128,20,227,227,8.8106,21.57586193,5.123160e-04,0.11900000,0,-1.00000000
ecg_215,ecg,SPAN,0.5000,128,20,227,227,8.8106,21.56999091,5.130090e-04,0.10628205,0,-1.00000000
ecg_215,ecg,SPAN,0.7500,128,20,227,227,8.8106,21.11171588,5.701019e-04,0.12500000,0,-1.00000000
ecg_215,ecg,SPAN,1.0000,128,20,227,227,8.8106,20.30094609,6.871151e-04,0.16500000,0,-1.00000000
ecg_215,ecg,SPAN,1.2500,128,20,227,227,8.8106,19.95241645,7.445304e-04,0.20500000,0,-1.00000000
ecg_215,ecg,SPAN,1.5000,128,20,227,227,8.8106,20.00758406,7.351326e-04,0.20900000,0,-1.00000000
ecg_215,ecg,SPAN,2.0000,128,20,227,227,8.8106,18.16943912,1.122484e-03,0.21600000,0,-1.00000000
ecg_215,ecg,REF_INTERP_ERROR,-1.0000,128,50,167,167,11.9760,16.04336852,1.831417e-03,0.21950980,0,-1.00000000
ecg_215,ecg,REF_VW_AREA,-1.0000,128,50,167,167,11.9760,16.21988005,1.758475e-03,0.34409091,0,-1.00000000
ecg_215,ecg,SPAN,0.0000,128,50,167,167,11.9760,16.04336852,1.831417e-03,0.21950980,0,-1.00000000
ecg_215,ecg,SPAN,0.2500,128,50,167,167,11.9760,18.50160197,1.039834e-03,0.15545455,0,-1.00000000
ecg_215,ecg,SPAN,0.5000,128,50,167,167,11.9760,14.82539507,2.424290e-03,0.40200000,0,-1.00000000
ecg_215,ecg,SPAN,0.7500,128,50,167,167,11.9760,16.42214074,1.678456e-03,0.28785714,0,-1.00000000
ecg_215,ecg,SPAN,1.0000,128,50,167,167,11.9760,16.21988005,1.758475e-03,0.34409091,0,-1.00000000
ecg_215,ecg,SPAN,1.2500,128,50,167,167,11.9760,15.74653788,1.960967e-03,0.38142857,0,-1.00000000
ecg_215,ecg,SPAN,1.5000,128,50,167,167,11.9760,16.09204399,1.811005e-03,0.29428571,0,-1.00000000
ecg_215,ecg,SPAN,2.0000,128,50,167,167,11.9760,14.97286435,2.343353e-03,0.36263158,0,-1.00000000
ecg_215,ecg,REF_INTERP_ERROR,-1.0000,128,100,147,147,13.6054,12.08215737,4.559407e-03,0.44856522,0,-1.00000000
ecg_215,ecg,REF_VW_AREA,-1.0000,128,100,147,147,13.6054,14.98693006,2.335775e-03,0.38375000,0,-1.00000000
ecg_215,ecg,SPAN,0.0000,128,100,147,147,13.6054,12.08215737,4.559407e-03,0.44856522,0,-1.00000000
ecg_215,ecg,SPAN,0.2500,128,100,147,147,13.6054,16.17485764,1.776799e-03,0.20388889,0,-1.00000000
ecg_215,ecg,SPAN,0.5000,128,100,147,147,13.6054,13.77616975,3.086790e-03,0.40200000,0,-1.00000000
ecg_215,ecg,SPAN,0.7500,128,100,147,147,13.6054,14.72590602,2.480467e-03,0.40200000,0,-1.00000000
ecg_215,ecg,SPAN,1.0000,128,100,147,147,13.6054,14.98693006,2.335775e-03,0.38375000,0,-1.00000000
ecg_215,ecg,SPAN,1.2500,128,100,147,147,13.6054,15.12110928,2.264713e-03,0.34409091,0,-1.00000000
ecg_215,ecg,SPAN,1.5000,128,100,147,147,13.6054,15.26695910,2.189920e-03,0.34409091,0,-1.00000000
ecg_215,ecg,SPAN,2.0000,128,100,147,147,13.6054,14.17411079,2.816521e-03,0.43000000,0,-1.00000000
ecg_215,ecg,REF_INTERP_ERROR,-1.0000,256,2,1255,1255,1.5936,40.88279739,6.009583e-06,0.01000000,0,-1.00000000
ecg_215,ecg,REF_VW_AREA,-1.0000,256,2,1255,1255,1.5936,40.43127152,6.668021e-06,0.01000000,0,-1.00000000
ecg_215,ecg,SPAN,0.0000,256,2,1255,1255,1.5936,40.88279739,6.009583e-06,0.01000000,0,-1.00000000
ecg_215,ecg,SPAN,0.2500,256,2,1255,1255,1.5936,40.80148160,6.123165e-06,0.01000000,0,-1.00000000
ecg_215,ecg,SPAN,0.5000,256,2,1255,1255,1.5936,40.60073207,6.412847e-06,0.01000000,0,-1.00000000
ecg_215,ecg,SPAN,0.7500,256,2,1255,1255,1.5936,40.51882794,6.534936e-06,0.01000000,0,-1.00000000
ecg_215,ecg,SPAN,1.0000,256,2,1255,1255,1.5936,40.43127152,6.668021e-06,0.01000000,0,-1.00000000
ecg_215,ecg,SPAN,1.2500,256,2,1255,1255,1.5936,40.15120903,7.112188e-06,0.01000000,0,-1.00000000
ecg_215,ecg,SPAN,1.5000,256,2,1255,1255,1.5936,39.93720740,7.471424e-06,0.01375000,0,-1.00000000
ecg_215,ecg,SPAN,2.0000,256,2,1255,1255,1.5936,39.53429798,8.197743e-06,0.01375000,0,-1.00000000
ecg_215,ecg,REF_INTERP_ERROR,-1.0000,256,3,922,922,2.1692,35.07469627,2.289046e-05,0.02000000,0,-1.00000000
ecg_215,ecg,REF_VW_AREA,-1.0000,256,3,922,922,2.1692,34.34674668,2.706758e-05,0.02750000,0,-1.00000000
ecg_215,ecg,SPAN,0.0000,256,3,922,922,2.1692,35.07469627,2.289046e-05,0.02000000,0,-1.00000000
ecg_215,ecg,SPAN,0.2500,256,3,922,922,2.1692,34.92480995,2.369426e-05,0.02166667,0,-1.00000000
ecg_215,ecg,SPAN,0.5000,256,3,922,922,2.1692,34.66498480,2.515508e-05,0.02750000,0,-1.00000000
ecg_215,ecg,SPAN,0.7500,256,3,922,922,2.1692,34.48453607,2.622228e-05,0.02750000,0,-1.00000000
ecg_215,ecg,SPAN,1.0000,256,3,922,922,2.1692,34.34674668,2.706758e-05,0.02750000,0,-1.00000000
ecg_215,ecg,SPAN,1.2500,256,3,922,922,2.1692,33.95874021,2.959716e-05,0.02750000,0,-1.00000000
ecg_215,ecg,SPAN,1.5000,256,3,922,922,2.1692,33.57758540,3.231213e-05,0.03250000,0,-1.00000000
ecg_215,ecg,SPAN,2.0000,256,3,922,922,2.1692,32.61358302,4.034278e-05,0.04750000,0,-1.00000000
ecg_215,ecg,REF_INTERP_ERROR,-1.0000,256,5,655,655,3.0534,29.76196157,7.779075e-05,0.03687500,0,-1.00000000
ecg_215,ecg,REF_VW_AREA,-1.0000,256,5,655,655,3.0534,28.74207897,9.838213e-05,0.06250000,0,-1.00000000
ecg_215,ecg,SPAN,0.0000,256,5,655,655,3.0534,29.76196157,7.779075e-05,0.03687500,0,-1.00000000
ecg_215,ecg,SPAN,0.2500,256,5,655,655,3.0534,29.50689225,8.249638e-05,0.04444444,0,-1.00000000
ecg_215,ecg,SPAN,0.5000,256,5,655,655,3.0534,29.49998257,8.262773e-05,0.04444444,0,-1.00000000
ecg_215,ecg,SPAN,0.7500,256,5,655,655,3.0534,29.18871995,8.876712e-05,0.04750000,0,-1.00000000
ecg_215,ecg,SPAN,1.0000,256,5,655,655,3.0534,28.74207897,9.838213e-05,0.06250000,0,-1.00000000
ecg_215,ecg,SPAN,1.2500,256,5,655,655,3.0534,28.38343166,1.068516e-04,0.08250000,0,-1.00000000
ecg_215,ecg,SPAN,1.5000,256,5,655,655,3.0534,27.99832760,1.167593e-04,0.08500000,0,-1.00000000
ecg_215,ecg,SPAN,2.0000,256,5,655,655,3.0534,27.55194444,1.293986e-04,0.08500000,0,-1.00000000
ecg_215,ecg,REF_INTERP_ERROR,-1.0000,256,10,455,455,4.3956,26.67432862,1.583767e-04,0.04714286,0,-1.00000000
ecg_215,ecg,REF_VW_AREA,-1.0000,256,10,455,455,4.3956,25.28756185,2.179555e-04,0.08500000,0,-1.00000000
ecg_215,ecg,SPAN,0.0000,256,10,455,455,4.3956,26.67432862,1.583767e-04,0.04714286,0,-1.00000000
ecg_215,ecg,SPAN,0.2500,256,10,455,455,4.3956,26.27700414,1.735496e-04,0.05333333,0,-1.00000000
ecg_215,ecg,SPAN,0.5000,256,10,455,455,4.3956,25.96589093,1.864382e-04,0.05500000,0,-1.00000000
ecg_215,ecg,SPAN,0.7500,256,10,455,455,4.3956,26.09319512,1.810525e-04,0.06750000,0,-1.00000000
ecg_215,ecg,SPAN,1.0000,256,10,455,455,4.3956,25.28756185,2.179555e-04,0.08500000,0,-1.00000000
ecg_215,ecg,SPAN,1.2500,256,10,455,455,4.3956,24.53585841,2.591423e-04,0.10625000,0,-1.00000000
ecg_215,ecg,SPAN,1.5000,256,10,455,455,4.3956,24.34700334,2.706598e-04,0.10625000,0,-1.00000000
ecg_215,ecg,SPAN,2.0000,256,10,455,455,4.3956,23.47688409,3.307011e-04,0.11166667,0,-1.00000000
ecg_215,ecg,REF_INTERP_ERROR,-1.0000,256,20,355,355,5.6338,24.47853331,2.625855e-04,0.06285714,0,-1.00000000
ecg_215,ecg,REF_VW_AREA,-1.0000,256,20,355,355,5.6338,23.95844349,2.959918e-04,0.10625000,0,-1.00000000
ecg_215,ecg,SPAN,0.0000,256,20,355,355,5.6338,24.47853331,2.625855e-04,0.06285714,0,-1.00000000
ecg_215,ecg,SPAN,0.2500,256,20,355,355,5.6338,24.66968985,2.512784e-04,0.06500000,0,-1.00000000
ecg_215,ecg,SPAN,0.5000,256,20,355,355,5.6338,24.64725547,2.525798e-04,0.07300000,0,-1.00000000
ecg_215,ecg,SPAN,0.7500,256,20,355,355,5.6338,24.13566312,2.841566e-04,0.10142857,0,-1.00000000
ecg_215,ecg,SPAN,1.0000,256,20,355,355,5.6338,23.95844349,2.959918e-04,0.10625000,0,-1.00000000
ecg_215,ecg,SPAN,1.2500,256,20,355,355,5.6338,23.79569092,3.072947e-04,0.10625000,0,-1.00000000
ecg_215,ecg,SPAN,1.5000,256,20,355,355,5.6338,23.24398689,3.489196e-04,0.11166667,0,-1.00000000
ecg_215,ecg,SPAN,2.0000,256,20,355,355,5.6338,22.52906214,4.113560e-04,0.14666667,0,-1.00000000
ecg_215,ecg,REF_INTERP_ERROR,-1.0000,256,50,295,295,6.7797,22.12542521,4.514208e-04,0.11823529,0,-1.00000000
ecg_215,ecg,REF_VW_AREA,-1.0000,256,50,295,295,6.7797,22.93905566,3.742989e-04,0.08625000,0,-1.00000000
ecg_215,ecg,SPAN,0.0000,256,50,295,295,6.7797,22.12542521,4.514208e-04,0.11823529,0,-1.00000000
ecg_215,ecg,SPAN,0.2500,256,50,295,295,6.7797,23.62432650,3.196623e-04,0.07875000,0,-1.00000000
ecg_215,ecg,SPAN,0.5000,256,50,295,295,6.7797,23.25795028,3.477996e-04,0.10142857,0,-1.00000000
ecg_215,ecg,SPAN,0.7500,256,50,295,295,6.7797,22.89822580,3.778344e-04,0.09000000,0,-1.00000000
ecg_215,ecg,SPAN,1.0000,256,50,295,295,6.7797,22.93905566,3.742989e-04,0.08625000,0,-1.00000000
ecg_215,ecg,SPAN,1.2500,256,50,295,295,6.7797,22.43159530,4.206923e-04,0.09500000,0,-1.00000000
ecg_215,ecg,SPAN,1.5000,256,50,295,295,6.7797,21.64405291,5.043347e-04,0.15545455,0,-1.00000000
ecg_215,ecg,SPAN,2.0000,256,50,295,295,6.7797,21.28564666,5.477211e-04,0.14333333,0,-1.00000000
ecg_215,ecg,REF_INTERP_ERROR,-1.0000,256,100,275,275,7.2727,21.02242975,5.819439e-04,0.10285714,0,-1.00000000
ecg_215,ecg,REF_VW_AREA,-1.0000,256,100,275,275,7.2727,23.00084928,3.690109e-04,0.08625000,0,-1.00000000
ecg_215,ecg,SPAN,0.0000,256,100,275,275,7.2727,21.02242975,5.819439e-04,0.10285714,0,-1.00000000
ecg_215,ecg,SPAN,0.2500,256,100,275,275,7.2727,23.28005135,3.460342e-04,0.07875000,0,-1.00000000
ecg_215,ecg,SPAN,0.5000,256,100,275,275,7.2727,23.09542177,3.610621e-04,0.10142857,0,-1.00000000
ecg_215,ecg,SPAN,0.7500,256,100,275,275,7.2727,22.63427681,4.015100e-04,0.09000000,0,-1.00000000
ecg_215,ecg,SPAN,1.0000,256,100,275,275,7.2727,23.00084928,3.690109e-04,0.08625000,0,-1.00000000
ecg_215,ecg,SPAN,1.2500,256,100,275,275,7.2727,22.21577439,4.421266e-04,0.15545455,0,-1.00000000
ecg_215,ecg,SPAN,1.5000,256,100,275,275,7.2727,21.64974657,5.036739e-04,0.15545455,0,-1.00000000
ecg_215,ecg,SPAN,2.0000,256,100,275,275,7.2727,20.79765595,6.128561e-04,0.15066667,0,-1.00000000
ecg_215,ecg,REF_INTERP_ERROR,-1.0000,512,2,1511,1511,1.3236,45.42077614,2.113715e-06,0.00500000,0,-1.00000000
ecg_215,ecg,REF_VW_AREA,-1.0000,512,2,1511,1511,1.3236,44.85194666,2.409514e-06,0.00800000,0,-1.00000000
ecg_215,ecg,SPAN,0.0000,512,2,1511,1511,1.3236,45.42077614,2.113715e-06,0.00500000,0,-1.00000000
ecg_215,ecg,SPAN,0.2500,512,2,1511,1511,1.3236,45.52109122,2.065451e-06,0.00500000,0,-1.00000000
ecg_215,ecg,SPAN,0.5000,512,2,1511,1511,1.3236,45.52109122,2.065451e-06,0.00500000,0,-1.00000000
ecg_215,ecg,SPAN,0.7500,512,2,1511,1511,1.3236,45.40937639,2.119271e-06,0.00750000,0,-1.00000000
ecg_215,ecg,SPAN,1.0000,512,2,1511,1511,1.3236,44.85194666,2.409514e-06,0.00800000,0,-1.00000000
ecg_215,ecg,SPAN,1.2500,512,2,1511,1511,1.3236,44.76919070,2.455868e-06,0.00800000,0,-1.00000000
ecg_215,ecg,SPAN,1.5000,512,2,1511,1511,1.3236,44.64391174,2.527743e-06,0.00800000,0,-1.00000000
ecg_215,ecg,SPAN,2.0000,512,2,1511,1511,1.3236,44.10884628,2.859167e-06,0.00800000,0,-1.00000000
ecg_215,ecg,REF_INTERP_ERROR,-1.0000,512,3,1178,1178,1.6978,39.25095695,8.750410e-06,0.01333333,0,-1.00000000
ecg_215,ecg,REF_VW_AREA,-1.0000,512,3,1178,1178,1.6978,38.74990676,9.820496e-06,0.01500000,0,-1.00000000
ecg_215,ecg,SPAN,0.0000,512,3,1178,1178,1.6978,39.25095695,8.750410e-06,0.01333333,0,-1.00000000
ecg_215,ecg,SPAN,0.2500,512,3,1178,1178,1.6978,39.24200497,8.768466e-06,0.01333333,0,-1.00000000
ecg_215,ecg,SPAN,0.5000,512,3,1178,1178,1.6978,39.15121783,8.953695e-06,0.01333333,0,-1.00000000
ecg_215,ecg,SPAN,0.7500,512,3,1178,1178,1.6978,38.89547689,9.496781e-06,0.01625000,0,-1.00000000
ecg_215,ecg,SPAN,1.0000,512,3,1178,1178,1.6978,38.74990676,9.820496e-06,0.01500000,0,-1.00000000
ecg_215,ecg,SPAN,1.2500,512,3,1178,1178,1.6978,38.32654406,1.082604e-05,0.01600000,0,-1.00000000
ecg_215,ecg,SPAN,1.5000,512,3,1178,1178,1.6978,38.15871058,1.125260e-05,0.01750000,0,-1.00000000
ecg_215,ecg,SPAN,2.0000,512,3,1178,1178,1.6978,37.58233882,1.284962e-05,0.02000000,0,-1.00000000
ecg_215,ecg,REF_INTERP_ERROR,-1.0000,512,5,911,911,2.1954,35.10882451,2.271128e-05,0.01750000,0,-1.00000000
ecg_215,ecg,REF_VW_AREA,-1.0000,512,5,911,911,2.1954,34.41799078,2.662717e-05,0.02750000,0,-1.00000000
ecg_215,ecg,SPAN,0.0000,512,5,911,911,2.1954,35.10882451,2.271128e-05,0.01750000,0,-1.00000000
ecg_215,ecg,SPAN,0.2500,512,5,911,911,2.1954,34.89342833,2.386609e-05,0.02142857,0,-1.00000000
ecg_215,ecg,SPAN,0.5000,512,5,911,911,2.1954,34.87130761,2.398796e-05,0.02142857,0,-1.00000000
ecg_215,ecg,SPAN,0.7500,512,5,911,911,2.1954,34.48435990,2.622335e-05,0.02750000,0,-1.00000000
ecg_215,ecg,SPAN,1.0000,512,5,911,911,2.1954,34.41799078,2.662717e-05,0.02750000,0,-1.00000000
ecg_215,ecg,SPAN,1.2500,512,5,911,911,2.1954,33.97286558,2.950105e-05,0.02750000,0,-1.00000000
ecg_215,ecg,SPAN,1.5000,512,5,911,911,2.1954,33.69167967,3.147430e-05,0.03250000,0,-1.00000000
ecg_215,ecg,SPAN,2.0000,512,5,911,911,2.1954,32.90786826,3.769965e-05,0.04250000,0,-1.00000000
ecg_215,ecg,REF_INTERP_ERROR,-1.0000,512,10,711,711,2.8129,31.48713819,5.228899e-05,0.04100000,0,-1.00000000
ecg_215,ecg,REF_VW_AREA,-1.0000,512,10,711,711,2.8129,30.93524922,5.937439e-05,0.04000000,0,-1.00000000
ecg_215,ecg,SPAN,0.0000,512,10,711,711,2.8129,31.48713819,5.228899e-05,0.04100000,0,-1.00000000
ecg_215,ecg,SPAN,0.2500,512,10,711,711,2.8129,31.30910862,5.447701e-05,0.03533333,0,-1.00000000
ecg_215,ecg,SPAN,0.5000,512,10,711,711,2.8129,31.20912695,5.574570e-05,0.03062500,0,-1.00000000
ecg_215,ecg,SPAN,0.7500,512,10,711,711,2.8129,31.17691318,5.616073e-05,0.04000000,0,-1.00000000
ecg_215,ecg,SPAN,1.0000,512,10,711,711,2.8129,30.93524922,5.937439e-05,0.04000000,0,-1.00000000
ecg_215,ecg,SPAN,1.2500,512,10,711,711,2.8129,30.28820169,6.891344e-05,0.05000000,0,-1.00000000
ecg_215,ecg,SPAN,1.5000,512,10,711,711,2.8129,29.88059670,7.569452e-05,0.06000000,0,-1.00000000
ecg_215,ecg,SPAN,2.0000,512,10,711,711,2.8129,29.14584121,8.964787e-05,0.08500000,0,-1.00000000
ecg_215,ecg,REF_INTERP_ERROR,-1.0000,512,20,611,611,3.2733,29.62431537,8.029575e-05,0.03900000,0,-1.00000000
ecg_215,ecg,REF_VW_AREA,-1.0000,512,20,611,611,3.2733,29.61652976,8.043983e-05,0.05000000,0,-1.00000000
ecg_215,ecg,SPAN,0.0000,512,20,611,611,3.2733,29.62431537,8.029575e-05,0.03900000,0,-1.00000000
ecg_215,ecg,SPAN,0.2500,512,20,611,611,3.2733,29.77216167,7.760826e-05,0.05000000,0,-1.00000000
ecg_215,ecg,SPAN,0.5000,512,20,611,611,3.2733,29.85523657,7.613782e-05,0.03533333,0,-1.00000000
ecg_215,ecg,SPAN,0.7500,512,20,611,611,3.2733,29.83181487,7.654955e-05,0.04000000,0,-1.00000000
ecg_215,ecg,SPAN,1.0000,512,20,611,611,3.2733,29.61652976,8.043983e-05,0.05000000,0,-1.00000000
ecg_215,ecg,SPAN,1.2500,512,20,611,611,3.2733,29.10163546,9.056503e-05,0.06000000,0,-1.00000000
ecg_215,ecg,SPAN,1.5000,512,20,611,611,3.2733,28.44868814,1.052580e-04,0.06750000,0,-1.00000000
ecg_215,ecg,SPAN,2.0000,512,20,611,611,3.2733,27.73547790,1.240442e-04,0.08500000,0,-1.00000000
ecg_215,ecg,REF_INTERP_ERROR,-1.0000,512,50,551,551,3.6298,29.02411284,9.219616e-05,0.03700000,0,-1.00000000
ecg_215,ecg,REF_VW_AREA,-1.0000,512,50,551,551,3.6298,28.30795301,1.087248e-04,0.05500000,0,-1.00000000
ecg_215,ecg,SPAN,0.0000,512,50,551,551,3.6298,29.02411284,9.219616e-05,0.03700000,0,-1.00000000
ecg_215,ecg,SPAN,0.2500,512,50,551,551,3.6298,28.90576465,9.474311e-05,0.04375000,0,-1.00000000
ecg_215,ecg,SPAN,0.5000,512,50,551,551,3.6298,28.83493801,9.630089e-05,0.04000000,0,-1.00000000
ecg_215,ecg,SPAN,0.7500,512,50,551,551,3.6298,28.85242849,9.591383e-05,0.04250000,0,-1.00000000
ecg_215,ecg,SPAN,1.0000,512,50,551,551,3.6298,28.30795301,1.087248e-04,0.05500000,0,-1.00000000
ecg_215,ecg,SPAN,1.2500,512,50,551,551,3.6298,27.99538467,1.168384e-04,0.06750000,0,-1.00000000
ecg_215,ecg,SPAN,1.5000,512,50,551,551,3.6298,27.49803764,1.310148e-04,0.08500000,0,-1.00000000
ecg_215,ecg,SPAN,2.0000,512,50,551,551,3.6298,26.88552680,1.508591e-04,0.08500000,0,-1.00000000
ecg_215,ecg,REF_INTERP_ERROR,-1.0000,512,100,531,531,3.7665,28.77301171,9.768389e-05,0.04527778,0,-1.00000000
ecg_215,ecg,REF_VW_AREA,-1.0000,512,100,531,531,3.7665,27.71438260,1.246482e-04,0.06000000,0,-1.00000000
ecg_215,ecg,SPAN,0.0000,512,100,531,531,3.7665,28.77301171,9.768389e-05,0.04527778,0,-1.00000000
ecg_215,ecg,SPAN,0.2500,512,100,531,531,3.7665,28.51902077,1.035671e-04,0.04000000,0,-1.00000000
ecg_215,ecg,SPAN,0.5000,512,100,531,531,3.7665,28.36131507,1.073971e-04,0.06200000,0,-1.00000000
ecg_215,ecg,SPAN,0.7500,512,100,531,531,3.7665,28.44808473,1.052727e-04,0.05000000,0,-1.00000000
ecg_215,ecg,SPAN,1.0000,512,100,531,531,3.7665,27.71438260,1.246482e-04,0.06000000,0,-1.00000000
ecg_215,ecg,SPAN,1.2500,512,100,531,531,3.7665,27.66327204,1.261238e-04,0.06750000,0,-1.00000000
ecg_215,ecg,SPAN,1.5000,512,100,531,531,3.7665,27.23559106,1.391762e-04,0.08500000,0,-1.00000000
ecg_215,ecg,SPAN,2.0000,512,100,531,531,3.7665,26.56069219,1.625754e-04,0.08500000,0,-1.00000000
ecg_228,ecg,REF_INTERP_ERROR,-1.0000,32,2,1031,1031,1.9399,39.47664562,1.085942e-05,0.01500000,0,-1.00000000
ecg_228,ecg,REF_VW_AREA,-1.0000,32,2,1031,1031,1.9399,38.98318160,1.216615e-05,0.01625000,0,-1.00000000
ecg_228,ecg,SPAN,0.0000,32,2,1031,1031,1.9399,39.47664562,1.085942e-05,0.01500000,0,-1.00000000
ecg_228,ecg,SPAN,0.2500,32,2,1031,1031,1.9399,39.40291415,1.104536e-05,0.01500000,0,-1.00000000
ecg_228,ecg,SPAN,0.5000,32,2,1031,1031,1.9399,39.37850784,1.110760e-05,0.01500000,0,-1.00000000
ecg_228,ecg,SPAN,0.7500,32,2,1031,1031,1.9399,39.16334427,1.167177e-05,0.01625000,0,-1.00000000
ecg_228,ecg,SPAN,1.0000,32,2,1031,1031,1.9399,38.98318160,1.216615e-05,0.01625000,0,-1.00000000
ecg_228,ecg,SPAN,1.2500,32,2,1031,1031,1.9399,38.67637707,1.305670e-05,0.01750000,0,-1.00000000
ecg_228,ecg,SPAN,1.5000,32,2,1031,1031,1.9399,38.40995893,1.388274e-05,0.02000000,0,-1.00000000
ecg_228,ecg,SPAN,2.0000,32,2,1031,1031,1.9399,37.75677910,1.613590e-05,0.02250000,0,-1.00000000
ecg_228,ecg,REF_INTERP_ERROR,-1.0000,32,3,698,698,2.8653,34.04347043,3.794234e-05,0.03250000,0,-1.00000000
ecg_228,ecg,REF_VW_AREA,-1.0000,32,3,698,698,2.8653,33.29396955,4.508938e-05,0.03750000,0,-1.00000000
ecg_228,ecg,SPAN,0.0000,32,3,698,698,2.8653,34.04347043,3.794234e-05,0.03250000,0,-1.00000000
ecg_228,ecg,SPAN,0.2500,32,3,698,698,2.8653,33.76880430,4.041948e-05,0.03750000,0,-1.00000000
ecg_228,ecg,SPAN,0.5000,32,3,698,698,2.8653,33.47281719,4.327026e-05,0.03750000,0,-1.00000000
ecg_228,ecg,SPAN,0.7500,32,3,698,698,2.8653,33.33347254,4.468111e-05,0.03250000,0,-1.00000000
ecg_228,ecg,SPAN,1.0000,32,3,698,698,2.8653,33.29396955,4.508938e-05,0.03750000,0,-1.00000000
ecg_228,ecg,SPAN,1.2500,32,3,698,698,2.8653,32.68142193,5.191932e-05,0.04000000,0,-1.00000000
ecg_228,ecg,SPAN,1.5000,32,3,698,698,2.8653,32.46945151,5.451626e-05,0.05000000,0,-1.00000000
ecg_228,ecg,SPAN,2.0000,32,3,698,698,2.8653,31.61144545,6.642425e-05,0.05500000,0,-1.00000000
ecg_228,ecg,REF_INTERP_ERROR,-1.0000,32,5,431,431,4.6404,27.60347112,1.671568e-04,0.06892857,0,-1.00000000
ecg_228,ecg,REF_VW_AREA,-1.0000,32,5,431,431,4.6404,26.76054764,2.029628e-04,0.08000000,0,-1.00000000
ecg_228,ecg,SPAN,0.0000,32,5,431,431,4.6404,27.60347112,1.671568e-04,0.06892857,0,-1.00000000
ecg_228,ecg,SPAN,0.2500,32,5,431,431,4.6404,27.37973803,1.759938e-04,0.06423077,0,-1.00000000
ecg_228,ecg,SPAN,0.5000,32,5,431,431,4.6404,27.23901113,1.817900e-04,0.08000000,0,-1.00000000
ecg_228,ecg,SPAN,0.7500,32,5,431,431,4.6404,26.66505114,2.074751e-04,0.09125000,0,-1.00000000
ecg_228,ecg,SPAN,1.0000,32,5,431,431,4.6404,26.76054764,2.029628e-04,0.08000000,0,-1.00000000
ecg_228,ecg,SPAN,1.2500,32,5,431,431,4.6404,26.21602293,2.300747e-04,0.08000000,0,-1.00000000
ecg_228,ecg,SPAN,1.5000,32,5,431,431,4.6404,26.13379240,2.344725e-04,0.08300000,0,-1.00000000
ecg_228,ecg,SPAN,2.0000,32,5,431,431,4.6404,26.00560781,2.414963e-04,0.08300000,0,-1.00000000
ecg_228,ecg,REF_INTERP_ERROR,-1.0000,32,10,231,231,8.6580,22.12228185,5.905314e-04,0.11694444,0,-1.00000000
ecg_228,ecg,REF_VW_AREA,-1.0000,32,10,231,231,8.6580,21.14957868,7.387769e-04,0.20187500,0,-1.00000000
ecg_228,ecg,SPAN,0.0000,32,10,231,231,8.6580,22.12228185,5.905314e-04,0.11694444,0,-1.00000000
ecg_228,ecg,SPAN,0.2500,32,10,231,231,8.6580,22.05518371,5.997259e-04,0.15800000,0,-1.00000000
ecg_228,ecg,SPAN,0.5000,32,10,231,231,8.6580,21.53872132,6.754591e-04,0.20187500,0,-1.00000000
ecg_228,ecg,SPAN,0.7500,32,10,231,231,8.6580,21.28094801,7.167643e-04,0.15800000,0,-1.00000000
ecg_228,ecg,SPAN,1.0000,32,10,231,231,8.6580,21.14957868,7.387769e-04,0.20187500,0,-1.00000000
ecg_228,ecg,SPAN,1.2500,32,10,231,231,8.6580,20.08892490,9.431455e-04,0.20187500,0,-1.00000000
ecg_228,ecg,SPAN,1.5000,32,10,231,231,8.6580,20.24052570,9.107907e-04,0.20187500,0,-1.00000000
ecg_228,ecg,SPAN,2.0000,32,10,231,231,8.6580,19.42990147,1.097693e-03,0.20187500,0,-1.00000000
ecg_228,ecg,REF_INTERP_ERROR,-1.0000,32,20,131,131,15.2672,19.93860246,9.763621e-04,0.15857143,0,-1.00000000
ecg_228,ecg,REF_VW_AREA,-1.0000,32,20,131,131,15.2672,17.56692555,1.685694e-03,0.28250000,0,-1.00000000
ecg_228,ecg,SPAN,0.0000,32,20,131,131,15.2672,19.93860246,9.763621e-04,0.15857143,0,-1.00000000
ecg_228,ecg,SPAN,0.2500,32,20,131,131,15.2672,19.53551886,1.071320e-03,0.16000000,0,-1.00000000
ecg_228,ecg,SPAN,0.5000,32,20,131,131,15.2672,18.06985551,1.501363e-03,0.26100000,0,-1.00000000
ecg_228,ecg,SPAN,0.7500,32,20,131,131,15.2672,18.30159028,1.423351e-03,0.27714286,0,-1.00000000
ecg_228,ecg,SPAN,1.0000,32,20,131,131,15.2672,17.56692555,1.685694e-03,0.28250000,0,-1.00000000
ecg_228,ecg,SPAN,1.2500,32,20,131,131,15.2672,17.64902267,1.654127e-03,0.33315789,0,-1.00000000
ecg_228,ecg,SPAN,1.5000,32,20,131,131,15.2672,16.22745229,2.294700e-03,0.43235294,0,-1.00000000
ecg_228,ecg,SPAN,2.0000,32,20,131,131,15.2672,14.82561612,3.168908e-03,0.55583333,0,-1.00000000
ecg_228,ecg,REF_INTERP_ERROR,-1.0000,32,50,71,71,28.1690,11.36343917,7.032784e-03,0.54104167,0,-1.00000000
ecg_228,ecg,REF_VW_AREA,-1.0000,32,50,71,71,28.1690,9.58437317,1.059336e-02,0.81780000,0,-1.00000000
ecg_228,ecg,SPAN,0.0000,32,50,71,71,28.1690,11.36343917,7.032784e-03,0.54104167,0,-1.00000000
ecg_228,ecg,SPAN,0.2500,32,50,71,71,28.1690,10.25711732,9.073178e-03,0.54104167,0,-1.00000000
ecg_228,ecg,SPAN,0.5000,32,50,71,71,28.1690,9.65789595,1.041554e-02,0.54104167,0,-1.00000000
ecg_228,ecg,SPAN,0.7500,32,50,71,71,28.1690,9.21539880,1.153271e-02,0.81780000,0,-1.00000000
ecg_228,ecg,SPAN,1.0000,32,50,71,71,28.1690,9.58437317,1.059336e-02,0.81780000,0,-1.00000000
ecg_228,ecg,SPAN,1.2500,32,50,71,71,28.1690,8.98681778,1.215596e-02,0.78115385,0,-1.00000000
ecg_228,ecg,SPAN,1.5000,32,50,71,71,28.1690,8.76303826,1.279874e-02,0.92795082,0,-1.00000000
ecg_228,ecg,SPAN,2.0000,32,50,71,71,28.1690,9.98917196,9.650593e-03,0.80416667,0,-1.00000000
ecg_228,ecg,REF_INTERP_ERROR,-1.0000,32,100,51,51,39.2157,8.36735479,1.401960e-02,0.57142857,0,-1.00000000
ecg_228,ecg,REF_VW_AREA,-1.0000,32,100,51,51,39.2157,8.32984227,1.414122e-02,0.85858209,0,-1.00000000
ecg_228,ecg,SPAN,0.0000,32,100,51,51,39.2157,8.36735479,1.401960e-02,0.57142857,0,-1.00000000
ecg_228,ecg,SPAN,0.2500,32,100,51,51,39.2157,7.39825974,1.752448e-02,0.84360000,0,-1.00000000
ecg_228,ecg,SPAN,0.5000,32,100,51,51,39.2157,7.80615557,1.595349e-02,0.89043269,0,-1.00000000
ecg_228,ecg,SPAN,0.7500,32,100,51,51,39.2157,8.35916517,1.404606e-02,0.81900943,0,-1.00000000
ecg_228,ecg,SPAN,1.0000,32,100,51,51,39.2157,8.32984227,1.414122e-02,0.85858209,0,-1.00000000
ecg_228,ecg,SPAN,1.2500,32,100,51,51,39.2157,7.96626410,1.537605e-02,0.92263636,0,-1.00000000
ecg_228,ecg,SPAN,1.5000,32,100,51,51,39.2157,8.13599857,1.478670e-02,0.96925532,0,-1.00000000
ecg_228,ecg,SPAN,2.0000,32,100,51,51,39.2157,8.47926399,1.366296e-02,0.92795082,0,-1.00000000
ecg_228,ecg,REF_INTERP_ERROR,-1.0000,64,2,1063,1063,1.8815,39.86805566,9.923517e-06,0.01500000,0,-1.00000000
ecg_228,ecg,REF_VW_AREA,-1.0000,64,2,1063,1063,1.8815,39.49942716,1.080260e-05,0.01500000,0,-1.00000000
ecg_228,ecg,SPAN,0.0000,64,2,1063,1063,1.8815,39.86805566,9.923517e-06,0.01500000,0,-1.00000000
ecg_228,ecg,SPAN,0.2500,64,2,1063,1063,1.8815,39.86995557,9.919177e-06,0.01500000,0,-1.00000000
ecg_228,ecg,SPAN,0.5000,64,2,1063,1063,1.8815,39.77008108,1.014993e-05,0.01500000,0,-1.00000000
ecg_228,ecg,SPAN,0.7500,64,2,1063,1063,1.8815,39.68938973,1.034028e-05,0.01500000,0,-1.00000000
ecg_228,ecg,SPAN,1.0000,64,2,1063,1063,1.8815,39.49942716,1.080260e-05,0.01500000,0,-1.00000000
ecg_228,ecg,SPAN,1.2500,64,2,1063,1063,1.8815,39.08592545,1.188170e-05,0.01500000,0,-1.00000000
ecg_228,ecg,SPAN,1.5000,64,2,1063,1063,1.8815,39.02860974,1.203955e-05,0.01625000,0,-1.00000000
ecg_228,ecg,SPAN,2.0000,64,2,1063,1063,1.8815,38.23639858,1.444878e-05,0.02250000,0,-1.00000000
ecg_228,ecg,REF_INTERP_ERROR,-1.0000,64,3,730,730,2.7397,34.39911041,3.495909e-05,0.03250000,0,-1.00000000
ecg_228,ecg,REF_VW_AREA,-1.0000,64,3,730,730,2.7397,33.48880630,4.311124e-05,0.03125000,0,-1.00000000
ecg_228,ecg,SPAN,0.0000,64,3,730,730,2.7397,34.39911041,3.495909e-05,0.03250000,0,-1.00000000
ecg_228,ecg,SPAN,0.2500,64,3,730,730,2.7397,34.22408956,3.639672e-05,0.03750000,0,-1.00000000
ecg_228,ecg,SPAN,0.5000,64,3,730,730,2.7397,33.91904850,3.904508e-05,0.03750000,0,-1.00000000
ecg_228,ecg,SPAN,0.7500,64,3,730,730,2.7397,33.85235998,3.964927e-05,0.03125000,0,-1.00000000
ecg_228,ecg,SPAN,1.0000,64,3,730,730,2.7397,33.48880630,4.311124e-05,0.03125000,0,-1.00000000
ecg_228,ecg,SPAN,1.2500,64,3,730,730,2.7397,33.16922804,4.640325e-05,0.03125000,0,-1.00000000
ecg_228,ecg,SPAN,1.5000,64,3,730,730,2.7397,32.88218443,4.957386e-05,0.03500000,0,-1.00000000
ecg_228,ecg,SPAN,2.0000,64,3,730,730,2.7397,32.00592532,6.065668e-05,0.05000000,0,-1.00000000
ecg_228,ecg,REF_INTERP_ERROR,-1.0000,64,5,463,463,4.3197,28.31932845,1.417550e-04,0.06892857,0,-1.00000000
ecg_228,ecg,REF_VW_AREA,-1.0000,64,5,463,463,4.3197,27.54898517,1.692671e-04,0.08000000,0,-1.00000000
ecg_228,ecg,SPAN,0.0000,64,5,463,463,4.3197,28.31932845,1.417550e-04,0.06892857,0,-1.00000000
ecg_228,ecg,SPAN,0.2500,64,5,463,463,4.3197,28.07623081,1.499160e-04,0.06423077,0,-1.00000000
ecg_228,ecg,SPAN,0.5000,64,5,463,463,4.3197,28.12889683,1.481090e-04,0.06333333,0,-1.00000000
ecg_228,ecg,SPAN,0.7500,64,5,463,463,4.3197,27.83679268,1.584134e-04,0.06333333,0,-1.00000000
ecg_228,ecg,SPAN,1.0000,64,5,463,463,4.3197,27.54898517,1.692671e-04,0.08000000,0,-1.00000000
ecg_228,ecg,SPAN,1.2500,64,5,463,463,4.3197,27.09943977,1.877272e-04,0.08000000,0,-1.00000000
ecg_228,ecg,SPAN,1.5000,64,5,463,463,4.3197,26.80322216,2.009782e-04,0.08300000,0,-1.00000000
ecg_228,ecg,SPAN,2.0000,64,5,463,463,4.3197,26.43212451,2.189065e-04,0.08300000,0,-1.00000000
ecg_228,ecg,REF_INTERP_ERROR,-1.0000,64,10,263,263,7.6046,23.16184330,4.648222e-04,0.11000000,0,-1.00000000
ecg_228,ecg,REF_VW_AREA,-1.0000,64,10,263,263,7.6046,21.81344962,6.340540e-04,0.15800000,0,-1.00000000
ecg_228,ecg,SPAN,0.0000,64,10,263,263,7.6046,23.16184330,4.648222e-04,0.11000000,0,-1.00000000
ecg_228,ecg,SPAN,0.2500,64,10,263,263,7.6046,22.68033598,5.193230e-04,0.11694444,0,-1.00000000
ecg_228,ecg,SPAN,0.5000,64,10,263,263,7.6046,22.91834533,4.916280e-04,0.11000000,0,-1.00000000
ecg_228,ecg,SPAN,0.7500,64,10,263,263,7.6046,22.03710908,6.022271e-04,0.15800000,0,-1.00000000
ecg_228,ecg,SPAN,1.0000,64,10,263,263,7.6046,21.81344962,6.340540e-04,0.15800000,0,-1.00000000
ecg_228,ecg,SPAN,1.2500,64,10,263,263,7.6046,21.16993350,7.353225e-04,0.20187500,0,-1.00000000
ecg_228,ecg,SPAN,1.5000,64,10,263,263,7.6046,21.08823445,7.492862e-04,0.20187500,0,-1.00000000
ecg_228,ecg,SPAN,2.0000,64,10,263,263,7.6046,20.62054445,8.344815e-04,0.20187500,0,-1.00000000
ecg_228,ecg,REF_INTERP_ERROR,-1.0000,64,20,163,163,12.2699,20.41519049,8.748873e-04,0.13023810,0,-1.00000000
ecg_228,ecg,REF_VW_AREA,-1.0000,64,20,163,163,12.2699,18.55953896,1.341273e-03,0.33315789,0,-1.00000000
ecg_228,ecg,SPAN,0.0000,64,20,163,163,12.2699,20.41519049,8.748873e-04,0.13023810,0,-1.00000000
ecg_228,ecg,SPAN,0.2500,64,20,163,163,12.2699,20.17861924,9.238666e-04,0.15857143,0,-1.00000000
ecg_228,ecg,SPAN,0.5000,64,20,163,163,12.2699,20.04857154,9.519497e-04,0.15875000,0,-1.00000000
ecg_228,ecg,SPAN,0.7500,64,20,163,163,12.2699,19.76142435,1.017018e-03,0.16000000,0,-1.00000000
ecg_228,ecg,SPAN,1.0000,64,20,163,163,12.2699,18.55953896,1.341273e-03,0.33315789,0,-1.00000000
ecg_228,ecg,SPAN,1.2500,64,20,163,163,12.2699,18.61106648,1.325454e-03,0.33315789,0,-1.00000000
ecg_228,ecg,SPAN,1.5000,64,20,163,163,12.2699,18.07989870,1.497895e-03,0.33315789,0,-1.00000000
ecg_228,ecg,SPAN,2.0000,64,20,163,163,12.2699,16.40660522,2.201966e-03,0.38350000,0,-1.00000000
ecg_228,ecg,REF_INTERP_ERROR,-1.0000,64,50,103,103,19.4175,16.32071679,2.245947e-03,0.21821429,0,-1.00000000
ecg_228,ecg,REF_VW_AREA,-1.0000,64,50,103,103,19.4175,14.71621555,3.249748e-03,0.40741379,0,-1.00000000
ecg_228,ecg,SPAN,0.0000,64,50,103,103,19.4175,16.32071679,2.245947e-03,0.21821429,0,-1.00000000
ecg_228,ecg,SPAN,0.2500,64,50,103,103,19.4175,17.40042140,1.751576e-03,0.24214286,0,-1.00000000
ecg_228,ecg,SPAN,0.5000,64,50,103,103,19.4175,16.15592525,2.332806e-03,0.26307692,0,-1.00000000
ecg_228,ecg,SPAN,0.7500,64,50,103,103,19.4175,14.93066308,3.093178e-03,0.47500000,0,-1.00000000
ecg_228,ecg,SPAN,1.0000,64,50,103,103,19.4175,14.71621555,3.249748e-03,0.40741379,0,-1.00000000
ecg_228,ecg,SPAN,1.2500,64,50,103,103,19.4175,12.80594085,5.045185e-03,0.68684211,0,-1.00000000
ecg_228,ecg,SPAN,1.5000,64,50,103,103,19.4175,13.07754634,4.739326e-03,0.68684211,0,-1.00000000
ecg_228,ecg,SPAN,2.0000,64,50,103,103,19.4175,12.48250343,5.435266e-03,0.68684211,0,-1.00000000
ecg_228,ecg,REF_INTERP_ERROR,-1.0000,64,100,83,83,24.0964,10.21070342,9.170665e-03,0.66500000,0,-1.00000000
ecg_228,ecg,REF_VW_AREA,-1.0000,64,100,83,83,24.0964,10.48944638,8.600556e-03,0.57893443,0,-1.00000000
ecg_228,ecg,SPAN,0.0000,64,100,83,83,24.0964,10.21070342,9.170665e-03,0.66500000,0,-1.00000000
ecg_228,ecg,SPAN,0.2500,64,100,83,83,24.0964,10.26990198,9.046508e-03,0.66500000,0,-1.00000000
ecg_228,ecg,SPAN,0.5000,64,100,83,83,24.0964,12.80765165,5.043198e-03,0.41347458,0,-1.00000000
ecg_228,ecg,SPAN,0.7500,64,100,83,83,24.0964,12.75461557,5.105163e-03,0.65130435,0,-1.00000000
ecg_228,ecg,SPAN,1.0000,64,100,83,83,24.0964,10.48944638,8.600556e-03,0.57893443,0,-1.00000000
ecg_228,ecg,SPAN,1.2500,64,100,83,83,24.0964,11.10728122,7.460073e-03,0.81657609,0,-1.00000000
ecg_228,ecg,SPAN,1.5000,64,100,83,83,24.0964,10.75678182,8.087103e-03,0.84571429,0,-1.00000000
ecg_228,ecg,SPAN,2.0000,64,100,83,83,24.0964,11.12325433,7.432685e-03,0.80059701,0,-1.00000000
ecg_228,ecg,REF_INTERP_ERROR,-1.0000,128,2,1127,1127,1.7746,40.79057546,8.024420e-06,0.01125000,0,-1.00000000
ecg_228,ecg,REF_VW_AREA,-1.0000,128,2,1127,1127,1.7746,40.13226029,9.337812e-06,0.01500000,0,-1.00000000
ecg_228,ecg,SPAN,0.0000,128,2,1127,1127,1.7746,40.79057546,8.024420e-06,0.01125000,0,-1.00000000
ecg_228,ecg,SPAN,0.2500,128,2,1127,1127,1.7746,40.55500539,8.471701e-06,0.01500000,0,-1.00000000
ecg_228,ecg,SPAN,0.5000,128,2,1127,1127,1.7746,40.45646925,8.666111e-06,0.01500000,0,-1.00000000
ecg_228,ecg,SPAN,0.7500,128,2,1127,1127,1.7746,40.35984698,8.861076e-06,0.01250000,0,-1.00000000
ecg_228,ecg,SPAN,1.0000,128,2,1127,1127,1.7746,40.13226029,9.337812e-06,0.01500000,0,-1.00000000
ecg_228,ecg,SPAN,1.2500,128,2,1127,1127,1.7746,39.78588785,1.011306e-05,0.01500000,0,-1.00000000
ecg_228,ecg,SPAN,1.5000,128,2,1127,1127,1.7746,39.52351779,1.074285e-05,0.01750000,0,-1.00000000
ecg_228,ecg,SPAN,2.0000,128,2,1127,1127,1.7746,38.93762270,1.229444e-05,0.01750000,0,-1.00000000
ecg_228,ecg,REF_INTERP_ERROR,-1.0000,128,3,794,794,2.5189,35.34123341,2.814154e-05,0.02200000,0,-1.00000000
ecg_228,ecg,REF_VW_AREA,-1.0000,128,3,794,794,2.5189,34.33929468,3.544392e-05,0.03125000,0,-1.00000000
ecg_228,ecg,SPAN,0.0000,128,3,794,794,2.5189,35.34123341,2.814154e-05,0.02200000,0,-1.00000000
ecg_228,ecg,SPAN,0.2500,128,3,794,794,2.5189,35.09680862,2.977079e-05,0.02500000,0,-1.00000000
ecg_228,ecg,SPAN,0.5000,128,3,794,794,2.5189,34.93671496,3.088870e-05,0.03125000,0,-1.00000000
ecg_228,ecg,SPAN,0.7500,128,3,794,794,2.5189,34.73225568,3.237767e-05,0.03125000,0,-1.00000000
ecg_228,ecg,SPAN,1.0000,128,3,794,794,2.5189,34.33929468,3.544392e-05,0.03125000,0,-1.00000000
ecg_228,ecg,SPAN,1.2500,128,3,794,794,2.5189,33.93546794,3.889774e-05,0.03125000,0,-1.00000000
ecg_228,ecg,SPAN,1.5000,128,3,794,794,2.5189,33.69792257,4.108459e-05,0.03125000,0,-1.00000000
ecg_228,ecg,SPAN,2.0000,128,3,794,794,2.5189,32.57175233,5.324710e-05,0.05000000,0,-1.00000000
ecg_228,ecg,REF_INTERP_ERROR,-1.0000,128,5,527,527,3.7951,29.62965732,1.048348e-04,0.04700000,0,-1.00000000
ecg_228,ecg,REF_VW_AREA,-1.0000,128,5,527,527,3.7951,28.45823402,1.372928e-04,0.07166667,0,-1.00000000
ecg_228,ecg,SPAN,0.0000,128,5,527,527,3.7951,29.62965732,1.048348e-04,0.04700000,0,-1.00000000
ecg_228,ecg,SPAN,0.2500,128,5,527,527,3.7951,29.32570226,1.124349e-04,0.04700000,0,-1.00000000
ecg_228,ecg,SPAN,0.5000,128,5,527,527,3.7951,29.22679905,1.150247e-04,0.06423077,0,-1.00000000
ecg_228,ecg,SPAN,0.7500,128,5,527,527,3.7951,28.77271853,1.277025e-04,0.05800000,0,-1.00000000
ecg_228,ecg,SPAN,1.0000,128,5,527,527,3.7951,28.45823402,1.372928e-04,0.07166667,0,-1.00000000
ecg_228,ecg,SPAN,1.2500,128,5,527,527,3.7951,28.26899280,1.434075e-04,0.07166667,0,-1.00000000
ecg_228,ecg,SPAN,1.5000,128,5,527,527,3.7951,27.86576290,1.573602e-04,0.07166667,0,-1.00000000
ecg_228,ecg,SPAN,2.0000,128,5,527,527,3.7951,27.22821147,1.822427e-04,0.08300000,0,-1.00000000
ecg_228,ecg,REF_INTERP_ERROR,-1.0000,128,10,327,327,6.1162,24.63383164,3.311982e-04,0.07133333,0,-1.00000000
ecg_228,ecg,REF_VW_AREA,-1.0000,128,10,327,327,6.1162,23.82699448,3.988152e-04,0.10090909,0,-1.00000000
ecg_228,ecg,SPAN,0.0000,128,10,327,327,6.1162,24.63383164,3.311982e-04,0.07133333,0,-1.00000000
ecg_228,ecg,SPAN,0.2500,128,10,327,327,6.1162,24.21019903,3.651332e-04,0.10090909,0,-1.00000000
ecg_228,ecg,SPAN,0.5000,128,10,327,327,6.1162,24.12238882,3.725909e-04,0.09400000,0,-1.00000000
ecg_228,ecg,SPAN,0.7500,128,10,327,327,6.1162,24.15809827,3.695399e-04,0.09400000,0,-1.00000000
ecg_228,ecg,SPAN,1.0000,128,10,327,327,6.1162,23.82699448,3.988152e-04,0.10090909,0,-1.00000000
ecg_228,ecg,SPAN,1.2500,128,10,327,327,6.1162,23.07139410,4.746044e-04,0.15100000,0,-1.00000000
ecg_228,ecg,SPAN,1.5000,128,10,327,327,6.1162,22.30316838,5.664406e-04,0.20187500,0,-1.00000000
ecg_228,ecg,SPAN,2.0000,128,10,327,327,6.1162,21.99112146,6.086380e-04,0.20187500,0,-1.00000000
ecg_228,ecg,REF_INTERP_ERROR,-1.0000,128,20,227,227,8.8106,21.90035017,6.214929e-04,0.11000000,0,-1.00000000
ecg_228,ecg,REF_VW_AREA,-1.0000,128,20,227,227,8.8106,21.29329435,7.147296e-04,0.15800000,0,-1.00000000
ecg_228,ecg,SPAN,0.0000,128,20,227,227,8.8106,21.90035017,6.214929e-04,0.11000000,0,-1.00000000
ecg_228,ecg,SPAN,0.2500,128,20,227,227,8.8106,21.69193873,6.520446e-04,0.12519231,0,-1.00000000
ecg_228,ecg,SPAN,0.5000,128,20,227,227,8.8106,21.38962476,6.990507e-04,0.15800000,0,-1.00000000
ecg_228,ecg,SPAN,0.7500,128,20,227,227,8.8106,21.05005694,7.559020e-04,0.15800000,0,-1.00000000
ecg_228,ecg,SPAN,1.0000,128,20,227,227,8.8106,21.29329435,7.147296e-04,0.15800000,0,-1.00000000
ecg_228,ecg,SPAN,1.2500,128,20,227,227,8.8106,21.12170560,7.435336e-04,0.15800000,0,-1.00000000
ecg_228,ecg,SPAN,1.5000,128,20,227,227,8.8106,20.70514409,8.183833e-04,0.19333333,0,-1.00000000
ecg_228,ecg,SPAN,2.0000,128,20,227,227,8.8106,19.57621739,1.061328e-03,0.27714286,0,-1.00000000
ecg_228,ecg,REF_INTERP_ERROR,-1.0000,128,50,167,167,11.9760,18.35651072,1.405465e-03,0.19895522,0,-1.00000000
ecg_228,ecg,REF_VW_AREA,-1.0000,128,50,167,167,11.9760,20.46589523,8.647322e-04,0.17818182,0,-1.00000000
ecg_228,ecg,SPAN,0.0000,128,50,167,167,11.9760,18.35651072,1.405465e-03,0.19895522,0,-1.00000000
ecg_228,ecg,SPAN,0.2500,128,50,167,167,11.9760,19.27767220,1.136852e-03,0.15177966,0,-1.00000000
ecg_228,ecg,SPAN,0.5000,128,50,167,167,11.9760,20.71916561,8.157454e-04,0.14000000,0,-1.00000000
ecg_228,ecg,SPAN,0.7500,128,50,167,167,11.9760,20.17782292,9.240360e-04,0.19750000,0,-1.00000000
ecg_228,ecg,SPAN,1.0000,128,50,167,167,11.9760,20.46589523,8.647322e-04,0.17818182,0,-1.00000000
ecg_228,ecg,SPAN,1.2500,128,50,167,167,11.9760,19.77596884,1.013618e-03,0.26250000,0,-1.00000000
ecg_228,ecg,SPAN,1.5000,128,50,167,167,11.9760,18.90269525,1.239372e-03,0.26250000,0,-1.00000000
ecg_228,ecg,SPAN,2.0000,128,50,167,167,11.9760,18.64940560,1.313804e-03,0.28846154,0,-1.00000000
ecg_228,ecg,REF_INTERP_ERROR,-1.0000,128,100,147,147,13.6054,16.82701198,1.998803e-03,0.20500000,0,-1.00000000
ecg_228,ecg,REF_VW_AREA,-1.0000,128,100,147,147,13.6054,18.03982151,1.511782e-03,0.35062500,0,-1.00000000
ecg_228,ecg,SPAN,0.0000,128,100,147,147,13.6054,16.82701198,1.998803e-03,0.20500000,0,-1.00000000
ecg_228,ecg,SPAN,0.2500,128,100,147,147,13.6054,18.98577850,1.215887e-03,0.18477011,0,-1.00000000
ecg_228,ecg,SPAN,0.5000,128,100,147,147,13.6054,19.73393954,1.023475e-03,0.12428571,0,-1.00000000
ecg_228,ecg,SPAN,0.7500,128,100,147,147,13.6054,19.88228551,9.891055e-04,0.13595238,0,-1.00000000
ecg_228,ecg,SPAN,1.0000,128,100,147,147,13.6054,18.03982151,1.511782e-03,0.35062500,0,-1.00000000
ecg_228,ecg,SPAN,1.2500,128,100,147,147,13.6054,18.33130710,1.413645e-03,0.35062500,0,-1.00000000
ecg_228,ecg,SPAN,1.5000,128,100,147,147,13.6054,17.87658761,1.569685e-03,0.34500000,0,-1.00000000
ecg_228,ecg,SPAN,2.0000,128,100,147,147,13.6054,15.88727408,2.481669e-03,0.51717391,0,-1.00000000
ecg_228,ecg,REF_INTERP_ERROR,-1.0000,256,2,1255,1255,1.5936,42.32315082,5.638403e-06,0.01000000,0,-1.00000000
ecg_228,ecg,REF_VW_AREA,-1.0000,256,2,1255,1255,1.5936,41.74646196,6.439097e-06,0.01250000,0,-1.00000000
ecg_228,ecg,SPAN,0.0000,256,2,1255,1255,1.5936,42.32315082,5.638403e-06,0.01000000,0,-1.00000000
ecg_228,ecg,SPAN,0.2500,256,2,1255,1255,1.5936,42.19642978,5.805347e-06,0.01000000,0,-1.00000000
ecg_228,ecg,SPAN,0.5000,256,2,1255,1255,1.5936,42.12197652,5.905729e-06,0.01000000,0,-1.00000000
ecg_228,ecg,SPAN,0.7500,256,2,1255,1255,1.5936,41.92966107,6.173125e-06,0.01250000,0,-1.00000000
ecg_228,ecg,SPAN,1.0000,256,2,1255,1255,1.5936,41.74646196,6.439097e-06,0.01250000,0,-1.00000000
ecg_228,ecg,SPAN,1.2500,256,2,1255,1255,1.5936,41.07108982,7.522500e-06,0.01250000,0,-1.00000000
ecg_228,ecg,SPAN,1.5000,256,2,1255,1255,1.5936,40.90663777,7.812812e-06,0.01500000,0,-1.00000000
ecg_228,ecg,SPAN,2.0000,256,2,1255,1255,1.5936,40.17577312,9.244722e-06,0.01500000,0,-1.00000000
ecg_228,ecg,REF_INTERP_ERROR,-1.0000,256,3,922,922,2.1692,36.83670082,1.994349e-05,0.01750000,0,-1.00000000
ecg_228,ecg,REF_VW_AREA,-1.0000,256,3,922,922,2.1692,35.86392627,2.495046e-05,0.02750000,0,-1.00000000
ecg_228,ecg,SPAN,0.0000,256,3,922,922,2.1692,36.83670082,1.994349e-05,0.01750000,0,-1.00000000
ecg_228,ecg,SPAN,0.2500,256,3,922,922,2.1692,36.79016984,2.015831e-05,0.01666667,0,-1.00000000
ecg_228,ecg,SPAN,0.5000,256,3,922,922,2.1692,36.62451089,2.094209e-05,0.02000000,0,-1.00000000
ecg_228,ecg,SPAN,0.7500,256,3,922,922,2.1692,36.20208680,2.308142e-05,0.02750000,0,-1.00000000
ecg_228,ecg,SPAN,1.0000,256,3,922,922,2.1692,35.86392627,2.495046e-05,0.02750000,0,-1.00000000
ecg_228,ecg,SPAN,1.2500,256,3,922,922,2.1692,35.46833701,2.732986e-05,0.03125000,0,-1.00000000
ecg_228,ecg,SPAN,1.5000,256,3,922,922,2.1692,35.10523380,2.971309e-05,0.03125000,0,-1.00000000
ecg_228,ecg,SPAN,2.0000,256,3,922,922,2.1692,34.59197115,3.344060e-05,0.03125000,0,-1.00000000
ecg_228,ecg,REF_INTERP_ERROR,-1.0000,256,5,655,655,3.0534,31.77150296,6.402077e-05,0.03500000,0,-1.00000000
ecg_228,ecg,REF_VW_AREA,-1.0000,256,5,655,655,3.0534,31.30559276,7.127084e-05,0.04125000,0,-1.00000000
ecg_228,ecg,SPAN,0.0000,256,5,655,655,3.0534,31.77150296,6.402077e-05,0.03500000,0,-1.00000000
ecg_228,ecg,SPAN,0.2500,256,5,655,655,3.0534,31.60597276,6.650800e-05,0.03750000,0,-1.00000000
ecg_228,ecg,SPAN,0.5000,256,5,655,655,3.0534,31.56270668,6.717389e-05,0.03900000,0,-1.00000000
ecg_228,ecg,SPAN,0.7500,256,5,655,655,3.0534,31.32542285,7.094616e-05,0.04125000,0,-1.00000000
ecg_228,ecg,SPAN,1.0000,256,5,655,655,3.0534,31.30559276,7.127084e-05,0.04125000,0,-1.00000000
ecg_228,ecg,SPAN,1.2500,256,5,655,655,3.0534,30.97438839,7.691877e-05,0.07166667,0,-1.00000000
ecg_228,ecg,SPAN,1.5000,256,5,655,655,3.0534,30.37915053,8.821778e-05,0.07166667,0,-1.00000000
ecg_228,ecg,SPAN,2.0000,256,5,655,655,3.0534,29.94293304,9.753890e-05,0.07166667,0,-1.00000000
ecg_228,ecg,REF_INTERP_ERROR,-1.0000,256,10,455,455,4.3956,27.74333914,1.618592e-04,0.06250000,0,-1.00000000
ecg_228,ecg,REF_VW_AREA,-1.0000,256,10,455,455,4.3956,27.18817337,1.839305e-04,0.07166667,0,-1.00000000
ecg_228,ecg,SPAN,0.0000,256,10,455,455,4.3956,27.74333914,1.618592e-04,0.06250000,0,-1.00000000
ecg_228,ecg,SPAN,0.2500,256,10,455,455,4.3956,27.48248237,1.718790e-04,0.06615385,0,-1.00000000
ecg_228,ecg,SPAN,0.5000,256,10,455,455,4.3956,27.41351814,1.746302e-04,0.06615385,0,-1.00000000
ecg_228,ecg,SPAN,0.7500,256,10,455,455,4.3956,27.10375210,1.875409e-04,0.07937500,0,-1.00000000
ecg_228,ecg,SPAN,1.0000,256,10,455,455,4.3956,27.18817337,1.839305e-04,0.07166667,0,-1.00000000
ecg_228,ecg,SPAN,1.2500,256,10,455,455,4.3956,26.36289744,2.224239e-04,0.09000000,0,-1.00000000
ecg_228,ecg,SPAN,1.5000,256,10,455,455,4.3956,26.48144898,2.164344e-04,0.08300000,0,-1.00000000
ecg_228,ecg,SPAN,2.0000,256,10,455,455,4.3956,25.55244079,2.680570e-04,0.08300000,0,-1.00000000
ecg_228,ecg,REF_INTERP_ERROR,-1.0000,256,20,355,355,5.6338,25.44724961,2.746289e-04,0.07343750,0,-1.00000000
ecg_228,ecg,REF_VW_AREA,-1.0000,256,20,355,355,5.6338,25.05045182,3.009026e-04,0.09400000,0,-1.00000000
ecg_228,ecg,SPAN,0.0000,256,20,355,355,5.6338,25.44724961,2.746289e-04,0.07343750,0,-1.00000000
ecg_228,ecg,SPAN,0.2500,256,20,355,355,5.6338,25.35383126,2.806002e-04,0.08681818,0,-1.00000000
ecg_228,ecg,SPAN,0.5000,256,20,355,355,5.6338,25.17703496,2.922589e-04,0.08103448,0,-1.00000000
ecg_228,ecg,SPAN,0.7500,256,20,355,355,5.6338,25.56097326,2.675308e-04,0.08000000,0,-1.00000000
ecg_228,ecg,SPAN,1.0000,256,20,355,355,5.6338,25.05045182,3.009026e-04,0.09400000,0,-1.00000000
ecg_228,ecg,SPAN,1.2500,256,20,355,355,5.6338,24.46415285,3.443943e-04,0.11590909,0,-1.00000000
ecg_228,ecg,SPAN,1.5000,256,20,355,355,5.6338,24.01361535,3.820407e-04,0.11590909,0,-1.00000000
ecg_228,ecg,SPAN,2.0000,256,20,355,355,5.6338,23.82226738,3.992496e-04,0.11590909,0,-1.00000000
ecg_228,ecg,REF_INTERP_ERROR,-1.0000,256,50,295,295,6.7797,21.11806652,7.441569e-04,0.19895522,0,-1.00000000
ecg_228,ecg,REF_VW_AREA,-1.0000,256,50,295,295,6.7797,23.63945757,4.164141e-04,0.15666667,0,-1.00000000
ecg_228,ecg,SPAN,0.0000,256,50,295,295,6.7797,21.11806652,7.441569e-04,0.19895522,0,-1.00000000
ecg_228,ecg,SPAN,0.2500,256,50,295,295,6.7797,24.33256612,3.549887e-04,0.07750000,0,-1.00000000
ecg_228,ecg,SPAN,0.5000,256,50,295,295,6.7797,24.39706181,3.497559e-04,0.08937500,0,-1.00000000
ecg_228,ecg,SPAN,0.7500,256,50,295,295,6.7797,24.29973153,3.576828e-04,0.09956522,0,-1.00000000
ecg_228,ecg,SPAN,1.0000,256,50,295,295,6.7797,23.63945757,4.164141e-04,0.15666667,0,-1.00000000
ecg_228,ecg,SPAN,1.2500,256,50,295,295,6.7797,23.31151736,4.490756e-04,0.15666667,0,-1.00000000
ecg_228,ecg,SPAN,1.5000,256,50,295,295,6.7797,23.50871666,4.291405e-04,0.10090909,0,-1.00000000
ecg_228,ecg,SPAN,2.0000,256,50,295,295,6.7797,23.26077580,4.543532e-04,0.12428571,0,-1.00000000
ecg_228,ecg,REF_INTERP_ERROR,-1.0000,256,100,275,275,7.2727,21.99431456,6.081906e-04,0.15000000,0,-1.00000000
ecg_228,ecg,REF_VW_AREA,-1.0000,256,100,275,275,7.2727,23.04240826,4.777826e-04,0.15666667,0,-1.00000000
ecg_228,ecg,SPAN,0.0000,256,100,275,275,7.2727,21.99431456,6.081906e-04,0.15000000,0,-1.00000000
ecg_228,ecg,SPAN,0.2500,256,100,275,275,7.2727,23.65893470,4.145508e-04,0.09300000,0,-1.00000000
ecg_228,ecg,SPAN,0.5000,256,100,275,275,7.2727,24.04870423,3.789664e-04,0.08700000,0,-1.00000000
ecg_228,ecg,SPAN,0.7500,256,100,275,275,7.2727,23.48929864,4.310636e-04,0.11464286,0,-1.00000000
ecg_228,ecg,SPAN,1.0000,256,100,275,275,7.2727,23.04240826,4.777826e-04,0.15666667,0,-1.00000000
ecg_228,ecg,SPAN,1.2500,256,100,275,275,7.2727,23.40035297,4.399830e-04,0.10200000,0,-1.00000000
ecg_228,ecg,SPAN,1.5000,256,100,275,275,7.2727,23.21452744,4.592175e-04,0.10090909,0,-1.00000000
ecg_228,ecg,SPAN,2.0000,256,100,275,275,7.2727,22.75463464,5.105141e-04,0.13000000,0,-1.00000000
ecg_228,ecg,REF_INTERP_ERROR,-1.0000,512,2,1511,1511,1.3236,46.58910089,2.111354e-06,0.00625000,0,-1.00000000
ecg_228,ecg,REF_VW_AREA,-1.0000,512,2,1511,1511,1.3236,45.63962890,2.627292e-06,0.00833333,0,-1.00000000
ecg_228,ecg,SPAN,0.0000,512,2,1511,1511,1.3236,46.58910089,2.111354e-06,0.00625000,0,-1.00000000
ecg_228,ecg,SPAN,0.2500,512,2,1511,1511,1.3236,46.44219925,2.183993e-06,0.00666667,0,-1.00000000
ecg_228,ecg,SPAN,0.5000,512,2,1511,1511,1.3236,46.31261853,2.250139e-06,0.00750000,0,-1.00000000
ecg_228,ecg,SPAN,0.7500,512,2,1511,1511,1.3236,46.03876127,2.396597e-06,0.00750000,0,-1.00000000
ecg_228,ecg,SPAN,1.0000,512,2,1511,1511,1.3236,45.63962890,2.627292e-06,0.00833333,0,-1.00000000
ecg_228,ecg,SPAN,1.2500,512,2,1511,1511,1.3236,45.42611272,2.759687e-06,0.00833333,0,-1.00000000
ecg_228,ecg,SPAN,1.5000,512,2,1511,1511,1.3236,45.37904811,2.789757e-06,0.00833333,0,-1.00000000
ecg_228,ecg,SPAN,2.0000,512,2,1511,1511,1.3236,44.86047160,3.143576e-06,0.00833333,0,-1.00000000
ecg_228,ecg,REF_INTERP_ERROR,-1.0000,512,3,1178,1178,1.6978,40.74338775,8.112083e-06,0.01071429,0,-1.00000000
ecg_228,ecg,REF_VW_AREA,-1.0000,512,3,1178,1178,1.6978,40.16762494,9.262083e-06,0.01250000,0,-1.00000000
ecg_228,ecg,SPAN,0.0000,512,3,1178,1178,1.6978,40.74338775,8.112083e-06,0.01071429,0,-1.00000000
ecg_228,ecg,SPAN,0.2500,512,3,1178,1178,1.6978,40.81499873,7.979420e-06,0.01000000,0,-1.00000000
ecg_228,ecg,SPAN,0.5000,512,3,1178,1178,1.6978,40.77203495,8.058750e-06,0.01000000,0,-1.00000000
ecg_228,ecg,SPAN,0.7500,512,3,1178,1178,1.6978,40.46700948,8.645104e-06,0.01250000,0,-1.00000000
ecg_228,ecg,SPAN,1.0000,512,3,1178,1178,1.6978,40.16762494,9.262083e-06,0.01250000,0,-1.00000000
ecg_228,ecg,SPAN,1.2500,512,3,1178,1178,1.6978,39.96343585,9.707951e-06,0.01250000,0,-1.00000000
ecg_228,ecg,SPAN,1.5000,512,3,1178,1178,1.6978,39.53694380,1.070969e-05,0.01625000,0,-1.00000000
ecg_228,ecg,SPAN,2.0000,512,3,1178,1178,1.6978,38.84078321,1.257167e-05,0.01875000,0,-1.00000000
ecg_228,ecg,REF_INTERP_ERROR,-1.0000,512,5,911,911,2.1954,36.64674210,2.083517e-05,0.01928571,0,-1.00000000
ecg_228,ecg,REF_VW_AREA,-1.0000,512,5,911,911,2.1954,36.20649930,2.305798e-05,0.02333333,0,-1.00000000
ecg_228,ecg,SPAN,0.0000,512,5,911,911,2.1954,36.64674210,2.083517e-05,0.01928571,0,-1.00000000
ecg_228,ecg,SPAN,0.2500,512,5,911,911,2.1954,36.67189049,2.071487e-05,0.01928571,0,-1.00000000
ecg_228,ecg,SPAN,0.5000,512,5,911,911,2.1954,36.63486439,2.089223e-05,0.01833333,0,-1.00000000
ecg_228,ecg,SPAN,0.7500,512,5,911,911,2.1954,36.48706072,2.161549e-05,0.01833333,0,-1.00000000
ecg_228,ecg,SPAN,1.0000,512,5,911,911,2.1954,36.20649930,2.305798e-05,0.02333333,0,-1.00000000
ecg_228,ecg,SPAN,1.2500,512,5,911,911,2.1954,35.71124928,2.584320e-05,0.02666667,0,-1.00000000
ecg_228,ecg,SPAN,1.5000,512,5,911,911,2.1954,35.32138918,2.827042e-05,0.03000000,0,-1.00000000
ecg_228,ecg,SPAN,2.0000,512,5,911,911,2.1954,35.00953875,3.037507e-05,0.04000000,0,-1.00000000
ecg_228,ecg,REF_INTERP_ERROR,-1.0000,512,10,711,711,2.8129,33.64808294,4.155879e-05,0.02800000,0,-1.00000000
ecg_228,ecg,REF_VW_AREA,-1.0000,512,10,711,711,2.8129,33.20968293,4.597300e-05,0.03500000,0,-1.00000000
ecg_228,ecg,SPAN,0.0000,512,10,711,711,2.8129,33.64808294,4.155879e-05,0.02800000,0,-1.00000000
ecg_228,ecg,SPAN,0.2500,512,10,711,711,2.8129,33.84798286,3.968925e-05,0.02642857,0,-1.00000000
ecg_228,ecg,SPAN,0.5000,512,10,711,711,2.8129,33.72838387,4.079743e-05,0.02714286,0,-1.00000000
ecg_228,ecg,SPAN,0.7500,512,10,711,711,2.8129,33.34429076,4.456995e-05,0.03000000,0,-1.00000000
ecg_228,ecg,SPAN,1.0000,512,10,711,711,2.8129,33.20968293,4.597300e-05,0.03500000,0,-1.00000000
ecg_228,ecg,SPAN,1.2500,512,10,711,711,2.8129,32.97047186,4.857625e-05,0.03500000,0,-1.00000000
ecg_228,ecg,SPAN,1.5000,512,10,711,711,2.8129,32.77791584,5.077847e-05,0.04750000,0,-1.00000000
ecg_228,ecg,SPAN,2.0000,512,10,711,711,2.8129,31.96104263,6.128680e-05,0.05500000,0,-1.00000000
ecg_228,ecg,REF_INTERP_ERROR,-1.0000,512,20,611,611,3.2733,31.94831466,6.146667e-05,0.04000000,0,-1.00000000
ecg_228,ecg,REF_VW_AREA,-1.0000,512,20,611,611,3.2733,31.89405839,6.223939e-05,0.04000000,0,-1.00000000
ecg_228,ecg,SPAN,0.0000,512,20,611,611,3.2733,31.94831466,6.146667e-05,0.04000000,0,-1.00000000
ecg_228,ecg,SPAN,0.2500,512,20,611,611,3.2733,32.29947983,5.669218e-05,0.04000000,0,-1.00000000
ecg_228,ecg,SPAN,0.5000,512,20,611,611,3.2733,32.14826891,5.870084e-05,0.03666667,0,-1.00000000
ecg_228,ecg,SPAN,0.7500,512,20,611,611,3.2733,31.99222525,6.084833e-05,0.03666667,0,-1.00000000
ecg_228,ecg,SPAN,1.0000,512,20,611,611,3.2733,31.89405839,6.223939e-05,0.04000000,0,-1.00000000
ecg_228,ecg,SPAN,1.2500,512,20,611,611,3.2733,31.40913872,6.959168e-05,0.04800000,0,-1.00000000
ecg_228,ecg,SPAN,1.5000,512,20,611,611,3.2733,31.05808571,7.545058e-05,0.07166667,0,-1.00000000
ecg_228,ecg,SPAN,2.0000,512,20,611,611,3.2733,30.54564926,8.489972e-05,0.07750000,0,-1.00000000
ecg_228,ecg,REF_INTERP_ERROR,-1.0000,512,50,551,551,3.6298,31.32949849,7.087961e-05,0.04000000,0,-1.00000000
ecg_228,ecg,REF_VW_AREA,-1.0000,512,50,551,551,3.6298,31.26614127,7.192122e-05,0.04000000,0,-1.00000000
ecg_228,ecg,SPAN,0.0000,512,50,551,551,3.6298,31.32949849,7.087961e-05,0.04000000,0,-1.00000000
ecg_228,ecg,SPAN,0.2500,512,50,551,551,3.6298,31.46169176,6.875464e-05,0.03630435,0,-1.00000000
ecg_228,ecg,SPAN,0.5000,512,50,551,551,3.6298,31.59842404,6.662370e-05,0.02750000,0,-1.00000000
ecg_228,ecg,SPAN,0.7500,512,50,551,551,3.6298,31.40173173,6.971047e-05,0.04000000,0,-1.00000000
ecg_228,ecg,SPAN,1.0000,512,50,551,551,3.6298,31.26614127,7.192122e-05,0.04000000,0,-1.00000000
ecg_228,ecg,SPAN,1.2500,512,50,551,551,3.6298,31.10695176,7.460639e-05,0.04000000,0,-1.00000000
ecg_228,ecg,SPAN,1.5000,512,50,551,551,3.6298,30.38583671,8.808207e-05,0.07750000,0,-1.00000000
ecg_228,ecg,SPAN,2.0000,512,50,551,551,3.6298,29.78720167,1.011000e-04,0.07750000,0,-1.00000000
ecg_228,ecg,REF_INTERP_ERROR,-1.0000,512,100,531,531,3.7665,31.06027836,7.541250e-05,0.04000000,0,-1.00000000
ecg_228,ecg,REF_VW_AREA,-1.0000,512,100,531,531,3.7665,30.95239069,7.730937e-05,0.04000000,0,-1.00000000
ecg_228,ecg,SPAN,0.0000,512,100,531,531,3.7665,31.06027836,7.541250e-05,0.04000000,0,-1.00000000
ecg_228,ecg,SPAN,0.2500,512,100,531,531,3.7665,31.21630940,7.275121e-05,0.03630435,0,-1.00000000
ecg_228,ecg,SPAN,0.5000,512,100,531,531,3.7665,31.17063946,7.352029e-05,0.03500000,0,-1.00000000
ecg_228,ecg,SPAN,0.7500,512,100,531,531,3.7665,31.21907487,7.270490e-05,0.04000000,0,-1.00000000
ecg_228,ecg,SPAN,1.0000,512,100,531,531,3.7665,30.95239069,7.730937e-05,0.04000000,0,-1.00000000
ecg_228,ecg,SPAN,1.2500,512,100,531,531,3.7665,30.67645308,8.238077e-05,0.07166667,0,-1.00000000
ecg_228,ecg,SPAN,1.5000,512,100,531,531,3.7665,30.20573205,9.181169e-05,0.07750000,0,-1.00000000
ecg_228,ecg,SPAN,2.0000,512,100,531,531,3.7665,29.61036359,1.053016e-04,0.07750000,0,-1.00000000
vib_normal_0hp,vibration,REF_INTERP_ERROR,-1.0000,32,2,1031,1031,1.9399,24.00749817,2.170878e-05,0.01974867,0,0.99917490
vib_normal_0hp,vibration,REF_VW_AREA,-1.0000,32,2,1031,1031,1.9399,23.17050360,2.632297e-05,0.02273875,0,0.99895240
vib_normal_0hp,vibration,SPAN,0.0000,32,2,1031,1031,1.9399,24.00749817,2.170878e-05,0.01974867,0,0.99917490
vib_normal_0hp,vibration,SPAN,0.2500,32,2,1031,1031,1.9399,24.02468723,2.162303e-05,0.01974867,0,0.99917807
vib_normal_0hp,vibration,SPAN,0.5000,32,2,1031,1031,1.9399,23.85772464,2.247051e-05,0.02023600,0,0.99900566
vib_normal_0hp,vibration,SPAN,0.7500,32,2,1031,1031,1.9399,23.47025641,2.456743e-05,0.02211350,0,0.99893648
vib_normal_0hp,vibration,SPAN,1.0000,32,2,1031,1031,1.9399,23.17050360,2.632297e-05,0.02273875,0,0.99895240
vib_normal_0hp,vibration,SPAN,1.2500,32,2,1031,1031,1.9399,22.78556186,2.876267e-05,0.02868450,0,0.99891759
vib_normal_0hp,vibration,SPAN,1.5000,32,2,1031,1031,1.9399,22.27066445,3.238313e-05,0.02868450,0,0.99868988
vib_normal_0hp,vibration,SPAN,2.0000,32,2,1031,1031,1.9399,21.70292765,3.690562e-05,0.02868450,0,0.99868563
vib_normal_0hp,vibration,REF_INTERP_ERROR,-1.0000,32,3,698,698,2.8653,18.07858296,8.502116e-05,0.03671650,0,0.99677883
vib_normal_0hp,vibration,REF_VW_AREA,-1.0000,32,3,698,698,2.8653,17.08089196,1.069784e-04,0.04469550,0,0.99594333
vib_normal_0hp,vibration,SPAN,0.0000,32,3,698,698,2.8653,18.07858296,8.502116e-05,0.03671650,0,0.99677883
vib_normal_0hp,vibration,SPAN,0.2500,32,3,698,698,2.8653,17.90396750,8.850923e-05,0.04510220,0,0.99680397
vib_normal_0hp,vibration,SPAN,0.5000,32,3,698,698,2.8653,17.70483023,9.266213e-05,0.04510220,0,0.99678939
vib_normal_0hp,vibration,SPAN,0.7500,32,3,698,698,2.8653,17.36438524,1.002182e-04,0.04510220,0,0.99630338
vib_normal_0hp,vibration,SPAN,1.0000,32,3,698,698,2.8653,17.08089196,1.069784e-04,0.04469550,0,0.99594333
vib_normal_0hp,vibration,SPAN,1.2500,32,3,698,698,2.8653,16.74373757,1.156143e-04,0.04469550,0,0.99541186
vib_normal_0hp,vibration,SPAN,1.5000,32,3,698,698,2.8653,16.45594188,1.235353e-04,0.04596467,0,0.99511834
vib_normal_0hp,vibration,SPAN,2.0000,32,3,698,698,2.8653,15.61468121,1.499399e-04,0.05215333,0,0.99362400
vib_normal_0hp,vibration,REF_INTERP_ERROR,-1.0000,32,5,431,431,4.6404,11.64756007,3.737914e-04,0.08010886,0,0.98915008
vib_normal_0hp,vibration,REF_VW_AREA,-1.0000,32,5,431,431,4.6404,9.90980733,5.577051e-04,0.11855300,0,0.98494494
vib_normal_0hp,vibration,SPAN,0.0000,32,5,431,431,4.6404,11.64756007,3.737914e-04,0.08010886,0,0.98915008
vib_normal_0hp,vibration,SPAN,0.2500,32,5,431,431,4.6404,11.20420142,4.139665e-04,0.08690920,0,0.98770853
vib_normal_0hp,vibration,SPAN,0.5000,32,5,431,431,4.6404,10.87061384,4.470169e-04,0.11855300,0,0.98576242
vib_normal_0hp,vibration,SPAN,0.7500,32,5,431,431,4.6404,10.37858966,5.006409e-04,0.11855300,0,0.98154441
vib_normal_0hp,vibration,SPAN,1.0000,32,5,431,431,4.6404,9.90980733,5.577051e-04,0.11855300,0,0.98494494
vib_normal_0hp,vibration,SPAN,1.2500,32,5,431,431,4.6404,10.04726618,5.403295e-04,0.11855300,0,0.98378643
vib_normal_0hp,vibration,SPAN,1.5000,32,5,431,431,4.6404,9.63475710,5.941685e-04,0.11855300,0,0.98086801
vib_normal_0hp,vibration,SPAN,2.0000,32,5,431,431,4.6404,9.16425769,6.621548e-04,0.11855300,0,0.98131131
vib_normal_0hp,vibration,REF_INTERP_ERROR,-1.0000,32,10,231,231,8.6580,2.53359088,3.048079e-03,0.23968009,0,0.91067628
vib_normal_0hp,vibration,REF_VW_AREA,-1.0000,32,10,231,231,8.6580,1.72952129,3.668033e-03,0.29091350,0,0.90537179
vib_normal_0hp,vibration,SPAN,0.0000,32,10,231,231,8.6580,2.53359088,3.048079e-03,0.23968009,0,0.91067628
vib_normal_0hp,vibration,SPAN,0.2500,32,10,231,231,8.6580,2.19914294,3.292085e-03,0.25027893,0,0.91082906
vib_normal_0hp,vibration,SPAN,0.5000,32,10,231,231,8.6580,2.43950880,3.114831e-03,0.23786260,0,0.92542410
vib_normal_0hp,vibration,SPAN,0.7500,32,10,231,231,8.6580,2.10325992,3.365575e-03,0.25703568,0,0.92737270
vib_normal_0hp,vibration,SPAN,1.0000,32,10,231,231,8.6580,1.72952129,3.668033e-03,0.29091350,0,0.90537179
vib_normal_0hp,vibration,SPAN,1.2500,32,10,231,231,8.6580,1.62867719,3.754202e-03,0.28934900,0,0.89828442
vib_normal_0hp,vibration,SPAN,1.5000,32,10,231,231,8.6580,1.55189514,3.821165e-03,0.28934900,0,0.89381238
vib_normal_0hp,vibration,SPAN,2.0000,32,10,231,231,8.6580,1.15208804,4.189638e-03,0.26214600,0,0.88202046
vib_normal_0hp,vibration,REF_INTERP_ERROR,-1.0000,32,20,131,131,15.2672,0.74127110,4.605303e-03,0.22944217,0,0.85706295
vib_normal_0hp,vibration,REF_VW_AREA,-1.0000,32,20,131,131,15.2672,0.13873091,5.290689e-03,0.28094773,0,0.84890969
vib_normal_0hp,vibration,SPAN,0.0000,32,20,131,131,15.2672,0.74127110,4.605303e-03,0.22944217,0,0.85706295
vib_normal_0hp,vibration,SPAN,0.2500,32,20,131,131,15.2672,0.42360785,4.954782e-03,0.24391380,0,0.87350558
vib_normal_0hp,vibration,SPAN,0.5000,32,20,131,131,15.2672,0.24634853,5.161197e-03,0.28259773,0,0.87384621
vib_normal_0hp,vibration,SPAN,0.7500,32,20,131,131,15.2672,0.08653044,5.354665e-03,0.29529930,0,0.85891067
vib_normal_0hp,vibration,SPAN,1.0000,32,20,131,131,15.2672,0.13873091,5.290689e-03,0.28094773,0,0.84890969
vib_normal_0hp,vibration,SPAN,1.2500,32,20,131,131,15.2672,0.16910151,5.253820e-03,0.25547338,0,0.84119752
vib_normal_0hp,vibration,SPAN,1.5000,32,20,131,131,15.2672,0.03154751,5.422887e-03,0.28934900,0,0.81095789
vib_normal_0hp,vibration,SPAN,2.0000,32,20,131,131,15.2672,0.19166662,5.226593e-03,0.24457835,0,0.80137113
vib_normal_0hp,vibration,REF_INTERP_ERROR,-1.0000,32,50,71,71,28.1690,-0.79610865,6.561395e-03,0.29741606,0,0.78922295
vib_normal_0hp,vibration,REF_VW_AREA,-1.0000,32,50,71,71,28.1690,-0.76735642,6.518099e-03,0.30174596,0,0.73655093
vib_normal_0hp,vibration,SPAN,0.0000,32,50,71,71,28.1690,-0.79610865,6.561395e-03,0.29741606,0,0.78922295
vib_normal_0hp,vibration,SPAN,0.2500,32,50,71,71,28.1690,-0.91576327,6.744684e-03,0.31670053,0,0.75768633
vib_normal_0hp,vibration,SPAN,0.5000,32,50,71,71,28.1690,-0.73413689,6.468432e-03,0.31670053,0,0.77264036
vib_normal_0hp,vibration,SPAN,0.7500,32,50,71,71,28.1690,-0.84116917,6.629827e-03,0.27439294,0,0.59795835
vib_normal_0hp,vibration,SPAN,1.0000,32,50,71,71,28.1690,-0.76735642,6.518099e-03,0.30174596,0,0.73655093
vib_normal_0hp,vibration,SPAN,1.2500,32,50,71,71,28.1690,-1.02032890,6.909048e-03,0.27439294,0,0.67294254
vib_normal_0hp,vibration,SPAN,1.5000,32,50,71,71,28.1690,-1.17466963,7.158999e-03,0.28912441,0,0.59543378
vib_normal_0hp,vibration,SPAN,2.0000,32,50,71,71,28.1690,-1.16888365,7.149467e-03,0.30019718,0,0.47589406
vib_normal_0hp,vibration,REF_INTERP_ERROR,-1.0000,32,100,51,51,39.2157,-2.25596133,9.182934e-03,0.37202020,0,0.73626734
vib_normal_0hp,vibration,REF_VW_AREA,-1.0000,32,100,51,51,39.2157,-1.63164790,7.953350e-03,0.37627147,0,0.49856275
vib_normal_0hp,vibration,SPAN,0.0000,32,100,51,51,39.2157,-2.25596133,9.182934e-03,0.37202020,0,0.73626734
vib_normal_0hp,vibration,SPAN,0.2500,32,100,51,51,39.2157,-1.95525893,8.568626e-03,0.34785025,0,0.74742467
vib_normal_0hp,vibration,SPAN,0.5000,32,100,51,51,39.2157,-1.49892575,7.713969e-03,0.35064897,0,0.69150668
vib_normal_0hp,vibration,SPAN,0.7500,32,100,51,51,39.2157,-1.76510888,8.201555e-03,0.26973950,0,0.55816642
vib_normal_0hp,vibration,SPAN,1.0000,32,100,51,51,39.2157,-1.63164790,7.953350e-03,0.37627147,0,0.49856275
vib_normal_0hp,vibration,SPAN,1.2500,32,100,51,51,39.2157,-1.71897070,8.114885e-03,0.29383414,0,0.45834958
vib_normal_0hp,vibration,SPAN,1.5000,32,100,51,51,39.2157,-1.88307455,8.427384e-03,0.35038724,0,0.49553419
vib_normal_0hp,vibration,SPAN,2.0000,32,100,51,51,39.2157,-1.31773250,7.398754e-03,0.31261031,0,0.51439672
vib_normal_0hp,vibration,REF_INTERP_ERROR,-1.0000,64,2,1063,1063,1.8815,24.68498129,1.857322e-05,0.01529933,0,0.99935521
vib_normal_0hp,vibration,REF_VW_AREA,-1.0000,64,2,1063,1063,1.8815,23.84686044,2.252679e-05,0.02273875,0,0.99930035
vib_normal_0hp,vibration,SPAN,0.0000,64,2,1063,1063,1.8815,24.68498129,1.857322e-05,0.01529933,0,0.99935521
vib_normal_0hp,vibration,SPAN,0.2500,64,2,1063,1063,1.8815,24.69719930,1.852104e-05,0.01512450,0,0.99940156
vib_normal_0hp,vibration,SPAN,0.5000,64,2,1063,1063,1.8815,24.59653087,1.895537e-05,0.01689750,0,0.99939759
vib_normal_0hp,vibration,SPAN,0.7500,64,2,1063,1063,1.8815,24.17548207,2.088513e-05,0.01898350,0,0.99933867
vib_normal_0hp,vibration,SPAN,1.0000,64,2,1063,1063,1.8815,23.84686044,2.252679e-05,0.02273875,0,0.99930035
vib_normal_0hp,vibration,SPAN,1.2500,64,2,1063,1063,1.8815,23.50143848,2.439167e-05,0.02273875,0,0.99917627
vib_normal_0hp,vibration,SPAN,1.5000,64,2,1063,1063,1.8815,23.11355706,2.667040e-05,0.02211350,0,0.99912432
vib_normal_0hp,vibration,SPAN,2.0000,64,2,1063,1063,1.8815,22.35624909,3.175122e-05,0.02388650,0,0.99903734
vib_normal_0hp,vibration,REF_INTERP_ERROR,-1.0000,64,3,730,730,2.7397,18.51481139,7.689607e-05,0.03558980,0,0.99762165
vib_normal_0hp,vibration,REF_VW_AREA,-1.0000,64,3,730,730,2.7397,17.60663000,9.478122e-05,0.04469550,0,0.99719466
vib_normal_0hp,vibration,SPAN,0.0000,64,3,730,730,2.7397,18.51481139,7.689607e-05,0.03558980,0,0.99762165
vib_normal_0hp,vibration,SPAN,0.2500,64,3,730,730,2.7397,18.40750018,7.881979e-05,0.04510220,0,0.99773184
vib_normal_0hp,vibration,SPAN,0.5000,64,3,730,730,2.7397,18.20124796,8.265336e-05,0.04510220,0,0.99771731
vib_normal_0hp,vibration,SPAN,0.7500,64,3,730,730,2.7397,17.81395177,9.036289e-05,0.04510220,0,0.99733789
vib_normal_0hp,vibration,SPAN,1.0000,64,3,730,730,2.7397,17.60663000,9.478122e-05,0.04469550,0,0.99719466
vib_normal_0hp,vibration,SPAN,1.2500,64,3,730,730,2.7397,17.24129293,1.030994e-04,0.04469550,0,0.99702935
vib_normal_0hp,vibration,SPAN,1.5000,64,3,730,730,2.7397,16.96636879,1.098369e-04,0.04596467,0,0.99686281
vib_normal_0hp,vibration,SPAN,2.0000,64,3,730,730,2.7397,16.11014703,1.337737e-04,0.04846833,0,0.99595066
vib_normal_0hp,vibration,REF_INTERP_ERROR,-1.0000,64,5,463,463,4.3197,12.17887431,3.307485e-04,0.07775443,0,0.99189261
vib_normal_0hp,vibration,REF_VW_AREA,-1.0000,64,5,463,463,4.3197,10.73975825,4.606907e-04,0.09784125,0,0.99201028
vib_normal_0hp,vibration,SPAN,0.0000,64,5,463,463,4.3197,12.17887431,3.307485e-04,0.07775443,0,0.99189261
vib_normal_0hp,vibration,SPAN,0.2500,64,5,463,463,4.3197,11.68835100,3.702970e-04,0.08690920,0,0.99256072
vib_normal_0hp,vibration,SPAN,0.5000,64,5,463,463,4.3197,11.46315904,3.900043e-04,0.09099820,0,0.99191348
vib_normal_0hp,vibration,SPAN,0.7500,64,5,463,463,4.3197,11.27081605,4.076653e-04,0.09099820,0,0.99125570
vib_normal_0hp,vibration,SPAN,1.0000,64,5,463,463,4.3197,10.73975825,4.606907e-04,0.09784125,0,0.99201028
vib_normal_0hp,vibration,SPAN,1.2500,64,5,463,463,4.3197,10.59677119,4.761110e-04,0.11855300,0,0.99142785
vib_normal_0hp,vibration,SPAN,1.5000,64,5,463,463,4.3197,10.22399281,5.187834e-04,0.11855300,0,0.99102676
vib_normal_0hp,vibration,SPAN,2.0000,64,5,463,463,4.3197,9.65269663,5.917192e-04,0.11855300,0,0.98774320
vib_normal_0hp,vibration,REF_INTERP_ERROR,-1.0000,64,10,263,263,7.6046,3.72385157,2.317395e-03,0.23143064,0,0.97046327
vib_normal_0hp,vibration,REF_VW_AREA,-1.0000,64,10,263,263,7.6046,2.47837303,3.087081e-03,0.29495314,0,0.96660252
vib_normal_0hp,vibration,SPAN,0.0000,64,10,263,263,7.6046,3.72385157,2.317395e-03,0.23143064,0,0.97046327
vib_normal_0hp,vibration,SPAN,0.2500,64,10,263,263,7.6046,3.48201498,2.450100e-03,0.24173292,0,0.96870157
vib_normal_0hp,vibration,SPAN,0.5000,64,10,263,263,7.6046,3.34096620,2.530980e-03,0.21492600,0,0.96316632
vib_normal_0hp,vibration,SPAN,0.7500,64,10,263,263,7.6046,2.91447834,2.792142e-03,0.22882889,0,0.96244847
vib_normal_0hp,vibration,SPAN,1.0000,64,10,263,263,7.6046,2.47837303,3.087081e-03,0.29495314,0,0.96660252
vib_normal_0hp,vibration,SPAN,1.2500,64,10,263,263,7.6046,2.39162326,3.149365e-03,0.28934900,0,0.95666789
vib_normal_0hp,vibration,SPAN,1.5000,64,10,263,263,7.6046,1.99079122,3.453872e-03,0.28934900,0,0.95611059
vib_normal_0hp,vibration,SPAN,2.0000,64,10,263,263,7.6046,1.57557068,3.800391e-03,0.28934900,0,0.94405741
vib_normal_0hp,vibration,REF_INTERP_ERROR,-1.0000,64,20,163,163,12.2699,1.03230103,4.306805e-03,0.22944217,0,0.94564821
vib_normal_0hp,vibration,REF_VW_AREA,-1.0000,64,20,163,163,12.2699,0.60358065,4.753650e-03,0.29529930,0,0.92081294
vib_normal_0hp,vibration,SPAN,0.0000,64,20,163,163,12.2699,1.03230103,4.306805e-03,0.22944217,0,0.94564821
vib_normal_0hp,vibration,SPAN,0.2500,64,20,163,163,12.2699,1.07028502,4.269301e-03,0.25111774,0,0.90033783
vib_normal_0hp,vibration,SPAN,0.5000,64,20,163,163,12.2699,0.88075887,4.459739e-03,0.29347073,0,0.92630029
vib_normal_0hp,vibration,SPAN,0.7500,64,20,163,163,12.2699,0.59853383,4.759178e-03,0.29529930,0,0.91817339
vib_normal_0hp,vibration,SPAN,1.0000,64,20,163,163,12.2699,0.60358065,4.753650e-03,0.29529930,0,0.92081294
vib_normal_0hp,vibration,SPAN,1.2500,64,20,163,163,12.2699,1.03076308,4.308330e-03,0.26492700,0,0.92053690
vib_normal_0hp,vibration,SPAN,1.5000,64,20,163,163,12.2699,0.77167127,4.573179e-03,0.26307479,0,0.89368169
vib_normal_0hp,vibration,SPAN,2.0000,64,20,163,163,12.2699,0.71701138,4.631100e-03,0.26563131,0,0.88907983
vib_normal_0hp,vibration,REF_INTERP_ERROR,-1.0000,64,50,103,103,19.4175,-0.47675420,6.096221e-03,0.29741606,0,0.89005826
vib_normal_0hp,vibration,REF_VW_AREA,-1.0000,64,50,103,103,19.4175,0.16327951,5.260867e-03,0.28165276,0,0.81785667
vib_normal_0hp,vibration,SPAN,0.0000,64,50,103,103,19.4175,-0.47675420,6.096221e-03,0.29741606,0,0.89005826
vib_normal_0hp,vibration,SPAN,0.2500,64,50,103,103,19.4175,-0.38502129,5.968806e-03,0.28332240,0,0.86386297
vib_normal_0hp,vibration,SPAN,0.5000,64,50,103,103,19.4175,-0.22376360,5.751242e-03,0.24336761,0,0.83976624
vib_normal_0hp,vibration,SPAN,0.7500,64,50,103,103,19.4175,0.21456699,5.199105e-03,0.24850744,0,0.85759323
vib_normal_0hp,vibration,SPAN,1.0000,64,50,103,103,19.4175,0.16327951,5.260867e-03,0.28165276,0,0.81785667
vib_normal_0hp,vibration,SPAN,1.2500,64,50,103,103,19.4175,-0.40891835,6.001740e-03,0.28865460,0,0.83818789
vib_normal_0hp,vibration,SPAN,1.5000,64,50,103,103,19.4175,-0.09950009,5.589016e-03,0.29300062,0,0.79970805
vib_normal_0hp,vibration,SPAN,2.0000,64,50,103,103,19.4175,-0.72296843,6.451819e-03,0.27032111,0,0.72163414
vib_normal_0hp,vibration,REF_INTERP_ERROR,-1.0000,64,100,83,83,24.0964,-1.98117747,8.619916e-03,0.37202020,0,0.88227776
vib_normal_0hp,vibration,REF_VW_AREA,-1.0000,64,100,83,83,24.0964,-0.51198120,6.145871e-03,0.24592863,0,0.75453059
vib_normal_0hp,vibration,SPAN,0.0000,64,100,83,83,24.0964,-1.98117747,8.619916e-03,0.37202020,0,0.88227776
vib_normal_0hp,vibration,SPAN,0.2500,64,100,83,83,24.0964,-1.08806738,7.017656e-03,0.27166265,0,0.87016141
vib_normal_0hp,vibration,SPAN,0.5000,64,100,83,83,24.0964,-0.37892471,5.960433e-03,0.29154651,0,0.89188213
vib_normal_0hp,vibration,SPAN,0.7500,64,100,83,83,24.0964,-0.73018088,6.462542e-03,0.28202111,0,0.80372239
vib_normal_0hp,vibration,SPAN,1.0000,64,100,83,83,24.0964,-0.51198120,6.145871e-03,0.24592863,0,0.75453059
vib_normal_0hp,vibration,SPAN,1.2500,64,100,83,83,24.0964,-0.58488362,6.249909e-03,0.31956334,0,0.74407933
vib_normal_0hp,vibration,SPAN,1.5000,64,100,83,83,24.0964,-0.58469820,6.249642e-03,0.28536709,0,0.59178846
vib_normal_0hp,vibration,SPAN,2.0000,64,100,83,83,24.0964,-1.10638770,7.047321e-03,0.31956334,0,0.56809231
vib_normal_0hp,vibration,REF_INTERP_ERROR,-1.0000,128,2,1127,1127,1.7746,25.43980664,1.561006e-05,0.01376867,0,0.99970752
vib_normal_0hp,vibration,REF_VW_AREA,-1.0000,128,2,1127,1127,1.7746,24.73388429,1.836525e-05,0.01835800,0,0.99963428
vib_normal_0hp,vibration,SPAN,0.0000,128,2,1127,1127,1.7746,25.43980664,1.561006e-05,0.01376867,0,0.99970752
vib_normal_0hp,vibration,SPAN,0.2500,128,2,1127,1127,1.7746,25.44364351,1.559628e-05,0.01376867,0,0.99970555
vib_normal_0hp,vibration,SPAN,0.5000,128,2,1127,1127,1.7746,25.23762027,1.635397e-05,0.01481100,0,0.99965116
vib_normal_0hp,vibration,SPAN,0.7500,128,2,1127,1127,1.7746,24.97061108,1.739099e-05,0.01689800,0,0.99965370
vib_normal_0hp,vibration,SPAN,1.0000,128,2,1127,1127,1.7746,24.73388429,1.836525e-05,0.01835800,0,0.99963428
vib_normal_0hp,vibration,SPAN,1.2500,128,2,1127,1127,1.7746,24.36880559,1.997583e-05,0.01835800,0,0.99959039
vib_normal_0hp,vibration,SPAN,1.5000,128,2,1127,1127,1.7746,23.97149788,2.188948e-05,0.01919250,0,0.99958565
vib_normal_0hp,vibration,SPAN,2.0000,128,2,1127,1127,1.7746,23.10642895,2.671421e-05,0.02378167,0,0.99956601
vib_normal_0hp,vibration,REF_INTERP_ERROR,-1.0000,128,3,794,794,2.5189,19.39865662,6.273641e-05,0.03041660,0,0.99875073
vib_normal_0hp,vibration,REF_VW_AREA,-1.0000,128,3,794,794,2.5189,18.37404326,7.942935e-05,0.04510220,0,0.99866237
vib_normal_0hp,vibration,SPAN,0.0000,128,3,794,794,2.5189,19.39865662,6.273641e-05,0.03041660,0,0.99875073
vib_normal_0hp,vibration,SPAN,0.2500,128,3,794,794,2.5189,19.26353336,6.471903e-05,0.03558980,0,0.99882178
vib_normal_0hp,vibration,SPAN,0.5000,128,3,794,794,2.5189,19.02024378,6.844803e-05,0.03843675,0,0.99884349
vib_normal_0hp,vibration,SPAN,0.7500,128,3,794,794,2.5189,18.58366357,7.568659e-05,0.04510220,0,0.99865717
vib_normal_0hp,vibration,SPAN,1.0000,128,3,794,794,2.5189,18.37404326,7.942935e-05,0.04510220,0,0.99866237
vib_normal_0hp,vibration,SPAN,1.2500,128,3,794,794,2.5189,18.17629837,8.312956e-05,0.03671625,0,0.99872571
vib_normal_0hp,vibration,SPAN,1.5000,128,3,794,794,2.5189,17.96069084,8.736072e-05,0.03991467,0,0.99854636
vib_normal_0hp,vibration,SPAN,2.0000,128,3,794,794,2.5189,17.31286282,1.014143e-04,0.04469550,0,0.99818169
vib_normal_0hp,vibration,REF_INTERP_ERROR,-1.0000,128,5,527,527,3.7951,13.13869546,2.651647e-04,0.06146518,0,0.99613547
vib_normal_0hp,vibration,REF_VW_AREA,-1.0000,128,5,527,527,3.7951,11.89285537,3.532643e-04,0.09099820,0,0.99564339
vib_normal_0hp,vibration,SPAN,0.0000,128,5,527,527,3.7951,13.13869546,2.651647e-04,0.06146518,0,0.99613547
vib_normal_0hp,vibration,SPAN,0.2500,128,5,527,527,3.7951,12.61190902,2.993604e-04,0.07790314,0,0.99605427
vib_normal_0hp,vibration,SPAN,0.5000,128,5,527,527,3.7951,12.45447032,3.104118e-04,0.08690920,0,0.99610013
vib_normal_0hp,vibration,SPAN,0.7500,128,5,527,527,3.7951,12.25484724,3.250129e-04,0.09099820,0,0.99632697
vib_normal_0hp,vibration,SPAN,1.0000,128,5,527,527,3.7951,11.89285537,3.532643e-04,0.09099820,0,0.99564339
vib_normal_0hp,vibration,SPAN,1.2500,128,5,527,527,3.7951,11.42323683,3.936059e-04,0.11855300,0,0.99521219
vib_normal_0hp,vibration,SPAN,1.5000,128,5,527,527,3.7951,11.31427400,4.036063e-04,0.11855300,0,0.99493981
vib_normal_0hp,vibration,SPAN,2.0000,128,5,527,527,3.7951,10.75900306,4.586538e-04,0.11855300,0,0.99462318
vib_normal_0hp,vibration,REF_INTERP_ERROR,-1.0000,128,10,327,327,6.1162,4.87413164,1.778165e-03,0.21492600,0,0.98837307
vib_normal_0hp,vibration,REF_VW_AREA,-1.0000,128,10,327,327,6.1162,4.59562435,1.895933e-03,0.21492600,0,0.98651500
vib_normal_0hp,vibration,SPAN,0.0000,128,10,327,327,6.1162,4.87413164,1.778165e-03,0.21492600,0,0.98837307
vib_normal_0hp,vibration,SPAN,0.2500,128,10,327,327,6.1162,5.12133003,1.679780e-03,0.24173292,0,0.99009970
vib_normal_0hp,vibration,SPAN,0.5000,128,10,327,327,6.1162,4.66296203,1.866763e-03,0.21492600,0,0.98700270
vib_normal_0hp,vibration,SPAN,0.7500,128,10,327,327,6.1162,4.88029984,1.775642e-03,0.21492600,0,0.98809587
vib_normal_0hp,vibration,SPAN,1.0000,128,10,327,327,6.1162,4.59562435,1.895933e-03,0.21492600,0,0.98651500
vib_normal_0hp,vibration,SPAN,1.2500,128,10,327,327,6.1162,4.21721252,2.068541e-03,0.21492600,0,0.98193418
vib_normal_0hp,vibration,SPAN,1.5000,128,10,327,327,6.1162,4.12460701,2.113122e-03,0.22473305,0,0.97893752
vib_normal_0hp,vibration,SPAN,2.0000,128,10,327,327,6.1162,4.25691854,2.049715e-03,0.22697350,0,0.97799482
vib_normal_0hp,vibration,REF_INTERP_ERROR,-1.0000,128,20,227,227,8.8106,2.31271858,3.207107e-03,0.23454133,0,0.97225591
vib_normal_0hp,vibration,REF_VW_AREA,-1.0000,128,20,227,227,8.8106,1.77665098,3.628442e-03,0.29529930,0,0.96449997
vib_normal_0hp,vibration,SPAN,0.0000,128,20,227,227,8.8106,2.31271858,3.207107e-03,0.23454133,0,0.97225591
vib_normal_0hp,vibration,SPAN,0.2500,128,20,227,227,8.8106,2.42629043,3.124325e-03,0.22944217,0,0.97618061
vib_normal_0hp,vibration,SPAN,0.5000,128,20,227,227,8.8106,2.43732321,3.116399e-03,0.23590160,0,0.97161878
vib_normal_0hp,vibration,SPAN,0.7500,128,20,227,227,8.8106,1.93825132,3.495909e-03,0.29529930,0,0.96865676
vib_normal_0hp,vibration,SPAN,1.0000,128,20,227,227,8.8106,1.77665098,3.628442e-03,0.29529930,0,0.96449997
vib_normal_0hp,vibration,SPAN,1.2500,128,20,227,227,8.8106,2.39273320,3.148560e-03,0.23776863,0,0.96291521
vib_normal_0hp,vibration,SPAN,1.5000,128,20,227,227,8.8106,1.85620035,3.562585e-03,0.24346836,0,0.95023739
vib_normal_0hp,vibration,SPAN,2.0000,128,20,227,227,8.8106,1.72541656,3.671501e-03,0.22977316,0,0.93793880
vib_normal_0hp,vibration,REF_INTERP_ERROR,-1.0000,128,50,167,167,11.9760,0.28365436,5.117053e-03,0.26836580,0,0.96561962
vib_normal_0hp,vibration,REF_VW_AREA,-1.0000,128,50,167,167,11.9760,0.82068474,4.521857e-03,0.24788763,0,0.93821120
vib_normal_0hp,vibration,SPAN,0.0000,128,50,167,167,11.9760,0.28365436,5.117053e-03,0.26836580,0,0.96561962
vib_normal_0hp,vibration,SPAN,0.2500,128,50,167,167,11.9760,1.25633579,4.090268e-03,0.25926874,0,0.96216479
vib_normal_0hp,vibration,SPAN,0.5000,128,50,167,167,11.9760,1.28216865,4.066010e-03,0.28803570,0,0.95824510
vib_normal_0hp,vibration,SPAN,0.7500,128,50,167,167,11.9760,1.32485366,4.026243e-03,0.24746145,0,0.94196357
vib_normal_0hp,vibration,SPAN,1.0000,128,50,167,167,11.9760,0.82068474,4.521857e-03,0.24788763,0,0.93821120
vib_normal_0hp,vibration,SPAN,1.2500,128,50,167,167,11.9760,0.99288744,4.346068e-03,0.26814000,0,0.89761613
vib_normal_0hp,vibration,SPAN,1.5000,128,50,167,167,11.9760,1.01364192,4.325349e-03,0.23849509,0,0.88297687
vib_normal_0hp,vibration,SPAN,2.0000,128,50,167,167,11.9760,0.87576109,4.464874e-03,0.29347073,0,0.82678082
vib_normal_0hp,vibration,REF_INTERP_ERROR,-1.0000,128,100,147,147,13.6054,-0.05834000,5.536296e-03,0.29315500,0,0.96433353
vib_normal_0hp,vibration,REF_VW_AREA,-1.0000,128,100,147,147,13.6054,0.73789762,4.608882e-03,0.26651241,0,0.91818399
vib_normal_0hp,vibration,SPAN,0.0000,128,100,147,147,13.6054,-0.05834000,5.536296e-03,0.29315500,0,0.96433353
vib_normal_0hp,vibration,SPAN,0.2500,128,100,147,147,13.6054,0.67411710,4.677067e-03,0.24556936,0,0.95758848
vib_normal_0hp,vibration,SPAN,0.5000,128,100,147,147,13.6054,0.62021585,4.735477e-03,0.25893462,0,0.95560119
vib_normal_0hp,vibration,SPAN,0.7500,128,100,147,147,13.6054,1.03938428,4.299786e-03,0.31323002,0,0.92050718
vib_normal_0hp,vibration,SPAN,1.0000,128,100,147,147,13.6054,0.73789762,4.608882e-03,0.26651241,0,0.91818399
vib_normal_0hp,vibration,SPAN,1.2500,128,100,147,147,13.6054,0.45640237,4.917508e-03,0.26814000,0,0.86682374
vib_normal_0hp,vibration,SPAN,1.5000,128,100,147,147,13.6054,0.42220197,4.956386e-03,0.30762500,0,0.83553468
vib_normal_0hp,vibration,SPAN,2.0000,128,100,147,147,13.6054,0.27175259,5.131095e-03,0.30603850,0,0.82348532
vib_normal_0hp,vibration,REF_INTERP_ERROR,-1.0000,256,2,1255,1255,1.5936,26.69248262,1.169869e-05,0.01512475,0,0.99993719
vib_normal_0hp,vibration,REF_VW_AREA,-1.0000,256,2,1255,1255,1.5936,26.17488362,1.317944e-05,0.01835800,0,0.99993666
vib_normal_0hp,vibration,SPAN,0.0000,256,2,1255,1255,1.5936,26.69248262,1.169869e-05,0.01512475,0,0.99993719
vib_normal_0hp,vibration,SPAN,0.2500,256,2,1255,1255,1.5936,26.71625751,1.163482e-05,0.01324700,0,0.99993932
vib_normal_0hp,vibration,SPAN,0.5000,256,2,1255,1255,1.5936,26.61724510,1.190312e-05,0.01408200,0,0.99994355
vib_normal_0hp,vibration,SPAN,0.7500,256,2,1255,1255,1.5936,26.38228316,1.256484e-05,0.01481100,0,0.99993890
vib_normal_0hp,vibration,SPAN,1.0000,256,2,1255,1255,1.5936,26.17488362,1.317944e-05,0.01835800,0,0.99993666
vib_normal_0hp,vibration,SPAN,1.2500,256,2,1255,1255,1.5936,25.94373744,1.389990e-05,0.01835800,0,0.99993557
vib_normal_0hp,vibration,SPAN,1.5000,256,2,1255,1255,1.5936,25.57348967,1.513688e-05,0.01773250,0,0.99993893
vib_normal_0hp,vibration,SPAN,2.0000,256,2,1255,1255,1.5936,24.70166892,1.850199e-05,0.01940200,0,0.99993437
vib_normal_0hp,vibration,REF_INTERP_ERROR,-1.0000,256,3,922,922,2.1692,21.12799398,4.212946e-05,0.02635433,0,0.99960306
vib_normal_0hp,vibration,REF_VW_AREA,-1.0000,256,3,922,922,2.1692,20.08658106,5.354602e-05,0.03671625,0,0.99944015
vib_normal_0hp,vibration,SPAN,0.0000,256,3,922,922,2.1692,21.12799398,4.212946e-05,0.02635433,0,0.99960306
vib_normal_0hp,vibration,SPAN,0.2500,256,3,922,922,2.1692,21.14208440,4.199300e-05,0.02579833,0,0.99958845
vib_normal_0hp,vibration,SPAN,0.5000,256,3,922,922,2.1692,20.78203208,4.562282e-05,0.02677233,0,0.99960132
vib_normal_0hp,vibration,SPAN,0.7500,256,3,922,922,2.1692,20.32159127,5.072548e-05,0.03671625,0,0.99954085
vib_normal_0hp,vibration,SPAN,1.0000,256,3,922,922,2.1692,20.08658106,5.354602e-05,0.03671625,0,0.99944015
vib_normal_0hp,vibration,SPAN,1.2500,256,3,922,922,2.1692,19.86620292,5.633328e-05,0.03671625,0,0.99941212
vib_normal_0hp,vibration,SPAN,1.5000,256,3,922,922,2.1692,19.66337990,5.902654e-05,0.03796750,0,0.99944627
vib_normal_0hp,vibration,SPAN,2.0000,256,3,922,922,2.1692,19.00876978,6.862910e-05,0.04469550,0,0.99946837
vib_normal_0hp,vibration,REF_INTERP_ERROR,-1.0000,256,5,655,655,3.0534,15.58823228,1.508558e-04,0.04699829,0,0.99793466
vib_normal_0hp,vibration,REF_VW_AREA,-1.0000,256,5,655,655,3.0534,14.77381550,1.819717e-04,0.06795650,0,0.99823647
vib_normal_0hp,vibration,SPAN,0.0000,256,5,655,655,3.0534,15.58823228,1.508558e-04,0.04699829,0,0.99793466
vib_normal_0hp,vibration,SPAN,0.2500,256,5,655,655,3.0534,15.56583449,1.516358e-04,0.04699829,0,0.99816508
vib_normal_0hp,vibration,SPAN,0.5000,256,5,655,655,3.0534,15.24071622,1.634232e-04,0.05020700,0,0.99832304
vib_normal_0hp,vibration,SPAN,0.7500,256,5,655,655,3.0534,14.89363220,1.770199e-04,0.05949660,0,0.99823592
vib_normal_0hp,vibration,SPAN,1.0000,256,5,655,655,3.0534,14.77381550,1.819717e-04,0.06795650,0,0.99823647
vib_normal_0hp,vibration,SPAN,1.2500,256,5,655,655,3.0534,14.33610941,2.012678e-04,0.07032633,0,0.99818420
vib_normal_0hp,vibration,SPAN,1.5000,256,5,655,655,3.0534,14.03022655,2.159547e-04,0.07501740,0,0.99799628
vib_normal_0hp,vibration,SPAN,2.0000,256,5,655,655,3.0534,13.41192228,2.489964e-04,0.08715920,0,0.99770344
vib_normal_0hp,vibration,REF_INTERP_ERROR,-1.0000,256,10,455,455,4.3956,10.71349632,4.634850e-04,0.13045444,0,0.99338192
vib_normal_0hp,vibration,REF_VW_AREA,-1.0000,256,10,455,455,4.3956,9.79796801,5.722536e-04,0.13142760,0,0.99445273
vib_normal_0hp,vibration,SPAN,0.0000,256,10,455,455,4.3956,10.71349632,4.634850e-04,0.13045444,0,0.99338192
vib_normal_0hp,vibration,SPAN,0.2500,256,10,455,455,4.3956,10.13779183,5.291833e-04,0.13045444,0,0.99317641
vib_normal_0hp,vibration,SPAN,0.5000,256,10,455,455,4.3956,9.69714483,5.856941e-04,0.14290133,0,0.99305954
vib_normal_0hp,vibration,SPAN,0.7500,256,10,455,455,4.3956,9.64855329,5.922840e-04,0.13142760,0,0.99311338
vib_normal_0hp,vibration,SPAN,1.0000,256,10,455,455,4.3956,9.79796801,5.722536e-04,0.13142760,0,0.99445273
vib_normal_0hp,vibration,SPAN,1.2500,256,10,455,455,4.3956,9.40764907,6.260664e-04,0.13045444,0,0.99274645
vib_normal_0hp,vibration,SPAN,1.5000,256,10,455,455,4.3956,9.44778654,6.203070e-04,0.13045444,0,0.99221576
vib_normal_0hp,vibration,SPAN,2.0000,256,10,455,455,4.3956,8.79568317,7.208037e-04,0.15783830,0,0.99224807
vib_normal_0hp,vibration,REF_INTERP_ERROR,-1.0000,256,20,355,355,5.6338,6.99113149,1.092125e-03,0.15245421,0,0.98898445
vib_normal_0hp,vibration,REF_VW_AREA,-1.0000,256,20,355,355,5.6338,6.73545660,1.158350e-03,0.16382585,0,0.98216167
vib_normal_0hp,vibration,SPAN,0.0000,256,20,355,355,5.6338,6.99113149,1.092125e-03,0.15245421,0,0.98898445
vib_normal_0hp,vibration,SPAN,0.2500,256,20,355,355,5.6338,6.57248294,1.202644e-03,0.16449300,0,0.98711689
vib_normal_0hp,vibration,SPAN,0.5000,256,20,355,355,5.6338,6.18770014,1.314060e-03,0.21428555,0,0.98738466
vib_normal_0hp,vibration,SPAN,0.7500,256,20,355,355,5.6338,6.43350325,1.241752e-03,0.16382585,0,0.98739423
vib_normal_0hp,vibration,SPAN,1.0000,256,20,355,355,5.6338,6.73545660,1.158350e-03,0.16382585,0,0.98216167
vib_normal_0hp,vibration,SPAN,1.2500,256,20,355,355,5.6338,6.44039522,1.239783e-03,0.17320782,0,0.97988198
vib_normal_0hp,vibration,SPAN,1.5000,256,20,355,355,5.6338,6.18876991,1.313737e-03,0.17320782,0,0.98037700
vib_normal_0hp,vibration,SPAN,2.0000,256,20,355,355,5.6338,5.89958363,1.404193e-03,0.17320782,0,0.97363607
vib_normal_0hp,vibration,REF_INTERP_ERROR,-1.0000,256,50,295,295,6.7797,5.04287845,1.710399e-03,0.19437886,0,0.97897685
vib_normal_0hp,vibration,REF_VW_AREA,-1.0000,256,50,295,295,6.7797,4.17207935,2.090150e-03,0.24612423,0,0.97113261
vib_normal_0hp,vibration,SPAN,0.0000,256,50,295,295,6.7797,5.04287845,1.710399e-03,0.19437886,0,0.97897685
vib_normal_0hp,vibration,SPAN,0.2500,256,50,295,295,6.7797,5.03108931,1.715048e-03,0.22024962,0,0.97561440
vib_normal_0hp,vibration,SPAN,0.5000,256,50,295,295,6.7797,4.81084263,1.804268e-03,0.22197604,0,0.97400017
vib_normal_0hp,vibration,SPAN,0.7500,256,50,295,295,6.7797,4.58308737,1.901414e-03,0.23965656,0,0.97176764
vib_normal_0hp,vibration,SPAN,1.0000,256,50,295,295,6.7797,4.17207935,2.090150e-03,0.24612423,0,0.97113261
vib_normal_0hp,vibration,SPAN,1.2500,256,50,295,295,6.7797,4.22576157,2.064473e-03,0.26270282,0,0.96057881
vib_normal_0hp,vibration,SPAN,1.5000,256,50,295,295,6.7797,4.10730597,2.121557e-03,0.27203425,0,0.96126993
vib_normal_0hp,vibration,SPAN,2.0000,256,50,295,295,6.7797,4.39032404,1.987709e-03,0.21428555,0,0.96260631
vib_normal_0hp,vibration,REF_INTERP_ERROR,-1.0000,256,100,275,275,7.2727,5.22277930,1.640995e-03,0.21538705,0,0.96873881
vib_normal_0hp,vibration,REF_VW_AREA,-1.0000,256,100,275,275,7.2727,4.37833151,1.993206e-03,0.24096857,0,0.96732315
vib_normal_0hp,vibration,SPAN,0.0000,256,100,275,275,7.2727,5.22277930,1.640995e-03,0.21538705,0,0.96873881
vib_normal_0hp,vibration,SPAN,0.2500,256,100,275,275,7.2727,4.80642614,1.806104e-03,0.21481124,0,0.96937971
vib_normal_0hp,vibration,SPAN,0.5000,256,100,275,275,7.2727,4.54196395,1.919504e-03,0.18563200,0,0.96402166
vib_normal_0hp,vibration,SPAN,0.7500,256,100,275,275,7.2727,4.22546697,2.064613e-03,0.23605353,0,0.96629527
vib_normal_0hp,vibration,SPAN,1.0000,256,100,275,275,7.2727,4.37833151,1.993206e-03,0.24096857,0,0.96732315
vib_normal_0hp,vibration,SPAN,1.2500,256,100,275,275,7.2727,3.81565339,2.268924e-03,0.24612423,0,0.95696388
vib_normal_0hp,vibration,SPAN,1.5000,256,100,275,275,7.2727,4.20048068,2.076525e-03,0.26270282,0,0.95742795
vib_normal_0hp,vibration,SPAN,2.0000,256,100,275,275,7.2727,4.09595816,2.127108e-03,0.24460075,0,0.95919111
vib_normal_0hp,vibration,REF_INTERP_ERROR,-1.0000,512,2,1511,1511,1.3236,31.14673928,4.194801e-06,0.00820567,0,1.00000000
vib_normal_0hp,vibration,REF_VW_AREA,-1.0000,512,2,1511,1511,1.3236,30.94826035,4.390958e-06,0.01011750,0,1.00000000
vib_normal_0hp,vibration,SPAN,0.0000,512,2,1511,1511,1.3236,31.14673928,4.194801e-06,0.00820567,0,1.00000000
vib_normal_0hp,vibration,SPAN,0.2500,512,2,1511,1511,1.3236,31.26884410,4.078504e-06,0.00844900,0,1.00000000
vib_normal_0hp,vibration,SPAN,0.5000,512,2,1511,1511,1.3236,31.19754591,4.146014e-06,0.00886600,0,1.00000000
vib_normal_0hp,vibration,SPAN,0.7500,512,2,1511,1511,1.3236,31.04751731,4.291742e-06,0.00949200,0,1.00000000
vib_normal_0hp,vibration,SPAN,1.0000,512,2,1511,1511,1.3236,30.94826035,4.390958e-06,0.01011750,0,1.00000000
vib_normal_0hp,vibration,SPAN,1.2500,512,2,1511,1511,1.3236,30.50851971,4.858848e-06,0.01084800,0,1.00000000
vib_normal_0hp,vibration,SPAN,1.5000,512,2,1511,1511,1.3236,30.40198781,4.979509e-06,0.01147400,0,1.00000000
vib_normal_0hp,vibration,SPAN,2.0000,512,2,1511,1511,1.3236,29.85057522,5.653635e-06,0.01282950,0,1.00000000
vib_normal_0hp,vibration,REF_INTERP_ERROR,-1.0000,512,3,1178,1178,1.6978,25.09843534,1.688658e-05,0.01369867,0,0.99993591
vib_normal_0hp,vibration,REF_VW_AREA,-1.0000,512,3,1178,1178,1.6978,24.05545594,2.147038e-05,0.02044400,0,0.99992729
vib_normal_0hp,vibration,SPAN,0.0000,512,3,1178,1178,1.6978,25.09843534,1.688658e-05,0.01369867,0,0.99993591
vib_normal_0hp,vibration,SPAN,0.2500,512,3,1178,1178,1.6978,24.88457186,1.773896e-05,0.01877533,0,0.99993591
vib_normal_0hp,vibration,SPAN,0.5000,512,3,1178,1178,1.6978,24.71110572,1.846183e-05,0.01877533,0,0.99992710
vib_normal_0hp,vibration,SPAN,0.7500,512,3,1178,1178,1.6978,24.28356408,2.037178e-05,0.01877533,0,0.99992907
vib_normal_0hp,vibration,SPAN,1.0000,512,3,1178,1178,1.6978,24.05545594,2.147038e-05,0.02044400,0,0.99992729
vib_normal_0hp,vibration,SPAN,1.2500,512,3,1178,1178,1.6978,23.71601622,2.321580e-05,0.02378167,0,0.99991875
vib_normal_0hp,vibration,SPAN,1.5000,512,3,1178,1178,1.6978,23.49525078,2.442644e-05,0.02388650,0,0.99991875
vib_normal_0hp,vibration,SPAN,2.0000,512,3,1178,1178,1.6978,22.60847017,2.995976e-05,0.02889350,0,0.99991227
vib_normal_0hp,vibration,REF_INTERP_ERROR,-1.0000,512,5,911,911,2.1954,21.23799426,4.107579e-05,0.02315650,0,0.99947120
vib_normal_0hp,vibration,REF_VW_AREA,-1.0000,512,5,911,911,2.1954,20.33365719,5.058475e-05,0.03181400,0,0.99935365
vib_normal_0hp,vibration,SPAN,0.0000,512,5,911,911,2.1954,21.23799426,4.107579e-05,0.02315650,0,0.99947120
vib_normal_0hp,vibration,SPAN,0.2500,512,5,911,911,2.1954,21.08972856,4.250230e-05,0.02663367,0,0.99949113
vib_normal_0hp,vibration,SPAN,0.5000,512,5,911,911,2.1954,21.08070732,4.259068e-05,0.02663367,0,0.99944309
vib_normal_0hp,vibration,SPAN,0.7500,512,5,911,911,2.1954,20.55400317,4.808227e-05,0.02868500,0,0.99940101
vib_normal_0hp,vibration,SPAN,1.0000,512,5,911,911,2.1954,20.33365719,5.058475e-05,0.03181400,0,0.99935365
vib_normal_0hp,vibration,SPAN,1.2500,512,5,911,911,2.1954,19.94278925,5.534857e-05,0.03796750,0,0.99937985
vib_normal_0hp,vibration,SPAN,1.5000,512,5,911,911,2.1954,19.74047208,5.798800e-05,0.03796750,0,0.99936999
vib_normal_0hp,vibration,SPAN,2.0000,512,5,911,911,2.1954,19.51056562,6.114047e-05,0.03796750,0,0.99934003
vib_normal_0hp,vibration,REF_INTERP_ERROR,-1.0000,512,10,711,711,2.8129,17.75954115,9.150213e-05,0.04641650,0,0.99736100
vib_normal_0hp,vibration,REF_VW_AREA,-1.0000,512,10,711,711,2.8129,17.15740845,1.051101e-04,0.04351086,0,0.99788542
vib_normal_0hp,vibration,SPAN,0.0000,512,10,711,711,2.8129,17.75954115,9.150213e-05,0.04641650,0,0.99736100
vib_normal_0hp,vibration,SPAN,0.2500,512,10,711,711,2.8129,17.52886581,9.649365e-05,0.04351086,0,0.99738474
vib_normal_0hp,vibration,SPAN,0.5000,512,10,711,711,2.8129,17.37360300,1.000058e-04,0.04351086,0,0.99771585
vib_normal_0hp,vibration,SPAN,0.7500,512,10,711,711,2.8129,17.27289328,1.023519e-04,0.04351086,0,0.99770690
vib_normal_0hp,vibration,SPAN,1.0000,512,10,711,711,2.8129,17.15740845,1.051101e-04,0.04351086,0,0.99788542
vib_normal_0hp,vibration,SPAN,1.2500,512,10,711,711,2.8129,16.84491241,1.129520e-04,0.04351086,0,0.99746682
vib_normal_0hp,vibration,SPAN,1.5000,512,10,711,711,2.8129,16.69861261,1.168218e-04,0.04469550,0,0.99733137
vib_normal_0hp,vibration,SPAN,2.0000,512,10,711,711,2.8129,16.11781577,1.335377e-04,0.04707733,0,0.99696371
vib_normal_0hp,vibration,REF_INTERP_ERROR,-1.0000,512,20,611,611,3.2733,16.04744481,1.357191e-04,0.05150188,0,0.99609713
vib_normal_0hp,vibration,REF_VW_AREA,-1.0000,512,20,611,611,3.2733,15.29534543,1.613804e-04,0.06335914,0,0.99599964
vib_normal_0hp,vibration,SPAN,0.0000,512,20,611,611,3.2733,16.04744481,1.357191e-04,0.05150188,0,0.99609713
vib_normal_0hp,vibration,SPAN,0.2500,512,20,611,611,3.2733,16.12150780,1.334242e-04,0.04641650,0,0.99608339
vib_normal_0hp,vibration,SPAN,0.5000,512,20,611,611,3.2733,15.98527185,1.376760e-04,0.05105129,0,0.99613829
vib_normal_0hp,vibration,SPAN,0.7500,512,20,611,611,3.2733,15.55379079,1.520569e-04,0.06335914,0,0.99631765
vib_normal_0hp,vibration,SPAN,1.0000,512,20,611,611,3.2733,15.29534543,1.613804e-04,0.06335914,0,0.99599964
vib_normal_0hp,vibration,SPAN,1.2500,512,20,611,611,3.2733,14.83938316,1.792450e-04,0.06335914,0,0.99566410
vib_normal_0hp,vibration,SPAN,1.5000,512,20,611,611,3.2733,14.48020144,1.946996e-04,0.06680950,0,0.99471602
vib_normal_0hp,vibration,SPAN,2.0000,512,20,611,611,3.2733,14.25655340,2.049887e-04,0.06680950,0,0.99427420
vib_normal_0hp,vibration,REF_INTERP_ERROR,-1.0000,512,50,551,551,3.6298,14.78067755,1.816844e-04,0.08372400,0,0.99466740
vib_normal_0hp,vibration,REF_VW_AREA,-1.0000,512,50,551,551,3.6298,14.51880134,1.929768e-04,0.06335914,0,0.99498624
vib_normal_0hp,vibration,SPAN,0.0000,512,50,551,551,3.6298,14.78067755,1.816844e-04,0.08372400,0,0.99466740
vib_normal_0hp,vibration,SPAN,0.2500,512,50,551,551,3.6298,14.87835540,1.776437e-04,0.08372400,0,0.99485659
vib_normal_0hp,vibration,SPAN,0.5000,512,50,551,551,3.6298,14.78449214,1.815249e-04,0.08372400,0,0.99490122
vib_normal_0hp,vibration,SPAN,0.7500,512,50,551,551,3.6298,14.63970723,1.876785e-04,0.07640500,0,0.99480741
vib_normal_0hp,vibration,SPAN,1.0000,512,50,551,551,3.6298,14.51880134,1.929768e-04,0.06335914,0,0.99498624
vib_normal_0hp,vibration,SPAN,1.2500,512,50,551,551,3.6298,14.01706400,2.166102e-04,0.06688280,0,0.99368935
vib_normal_0hp,vibration,SPAN,1.5000,512,50,551,551,3.6298,13.92814710,2.210908e-04,0.06688280,0,0.99241504
vib_normal_0hp,vibration,SPAN,2.0000,512,50,551,551,3.6298,13.35584491,2.522324e-04,0.07322371,0,0.99174551
vib_normal_0hp,vibration,REF_INTERP_ERROR,-1.0000,512,100,531,531,3.7665,14.66466521,1.866031e-04,0.08372400,0,0.99439126
vib_normal_0hp,vibration,REF_VW_AREA,-1.0000,512,100,531,531,3.7665,14.08510650,2.132429e-04,0.07640500,0,0.99462165
vib_normal_0hp,vibration,SPAN,0.0000,512,100,531,531,3.7665,14.66466521,1.866031e-04,0.08372400,0,0.99439126
vib_normal_0hp,vibration,SPAN,0.2500,512,100,531,531,3.7665,14.43581171,1.966999e-04,0.08372400,0,0.99453576
vib_normal_0hp,vibration,SPAN,0.5000,512,100,531,531,3.7665,14.48510704,1.944798e-04,0.08372400,0,0.99458269
vib_normal_0hp,vibration,SPAN,0.7500,512,100,531,531,3.7665,14.25341186,2.051371e-04,0.08372400,0,0.99438434
vib_normal_0hp,vibration,SPAN,1.0000,512,100,531,531,3.7665,14.08510650,2.132429e-04,0.07640500,0,0.99462165
vib_normal_0hp,vibration,SPAN,1.2500,512,100,531,531,3.7665,13.81329473,2.270157e-04,0.06688280,0,0.99357496
vib_normal_0hp,vibration,SPAN,1.5000,512,100,531,531,3.7665,13.78486374,2.285067e-04,0.06688280,0,0.99204270
vib_normal_0hp,vibration,SPAN,2.0000,512,100,531,531,3.7665,13.07380728,2.691563e-04,0.07322371,0,0.99099202
vib_inner_race_007,vibration,REF_INTERP_ERROR,-1.0000,32,2,1031,1031,1.9399,12.33738059,4.896642e-03,0.33904275,0,0.97273028
vib_inner_race_007,vibration,REF_VW_AREA,-1.0000,32,2,1031,1031,1.9399,10.99769382,6.666027e-03,0.46158700,0,0.96285838
vib_inner_race_007,vibration,SPAN,0.0000,32,2,1031,1031,1.9399,12.33738059,4.896642e-03,0.33904275,0,0.97273028
vib_inner_race_007,vibration,SPAN,0.2500,32,2,1031,1031,1.9399,12.10038154,5.171283e-03,0.40616900,0,0.96448192
vib_inner_race_007,vibration,SPAN,0.5000,32,2,1031,1031,1.9399,11.82325206,5.512026e-03,0.42709600,0,0.96878311
vib_inner_race_007,vibration,SPAN,0.7500,32,2,1031,1031,1.9399,11.34509804,6.153563e-03,0.46158700,0,0.96484936
vib_inner_race_007,vibration,SPAN,1.0000,32,2,1031,1031,1.9399,10.99769382,6.666027e-03,0.46158700,0,0.96285838
vib_inner_race_007,vibration,SPAN,1.2500,32,2,1031,1031,1.9399,10.43653018,7.585486e-03,0.65428833,0,0.95630946
vib_inner_race_007,vibration,SPAN,1.5000,32,2,1031,1031,1.9399,10.22394803,7.966025e-03,0.54838150,0,0.95831716
vib_inner_race_007,vibration,SPAN,2.0000,32,2,1031,1031,1.9399,9.54459783,9.314867e-03,0.68726275,0,0.94561328
vib_inner_race_007,vibration,REF_INTERP_ERROR,-1.0000,32,3,698,698,2.8653,7.24325980,1.582379e-02,0.43787100,0,0.91484986
vib_inner_race_007,vibration,REF_VW_AREA,-1.0000,32,3,698,698,2.8653,6.12098985,2.048979e-02,0.64633000,0,0.88090057
vib_inner_race_007,vibration,SPAN,0.0000,32,3,698,698,2.8653,7.24325980,1.582379e-02,0.43787100,0,0.91484986
vib_inner_race_007,vibration,SPAN,0.2500,32,3,698,698,2.8653,7.00077347,1.673243e-02,0.52704733,0,0.89903965
vib_inner_race_007,vibration,SPAN,0.5000,32,3,698,698,2.8653,6.93265311,1.699696e-02,0.57885380,0,0.90197672
vib_inner_race_007,vibration,SPAN,0.7500,32,3,698,698,2.8653,6.32248531,1.956086e-02,0.64633000,0,0.89554265
vib_inner_race_007,vibration,SPAN,1.0000,32,3,698,698,2.8653,6.12098985,2.048979e-02,0.64633000,0,0.88090057
vib_inner_race_007,vibration,SPAN,1.2500,32,3,698,698,2.8653,5.54609810,2.338981e-02,0.87565500,0,0.86291338
vib_inner_race_007,vibration,SPAN,1.5000,32,3,698,698,2.8653,5.39007206,2.424539e-02,0.69790200,0,0.84877199
vib_inner_race_007,vibration,SPAN,2.0000,32,3,698,698,2.8653,4.63458633,2.885213e-02,0.98452000,0,0.81295993
vib_inner_race_007,vibration,REF_INTERP_ERROR,-1.0000,32,5,431,431,4.6404,2.50248639,4.713981e-02,0.78583890,0,0.67140841
vib_inner_race_007,vibration,REF_VW_AREA,-1.0000,32,5,431,431,4.6404,1.97591722,5.321631e-02,1.23182650,0,0.59842834
vib_inner_race_007,vibration,SPAN,0.0000,32,5,431,431,4.6404,2.50248639,4.713981e-02,0.78583890,0,0.67140841
vib_inner_race_007,vibration,SPAN,0.2500,32,5,431,431,4.6404,3.04573248,4.159711e-02,0.80298200,0,0.73883299
vib_inner_race_007,vibration,SPAN,0.5000,32,5,431,431,4.6404,2.79691453,4.404991e-02,0.93416450,0,0.74972210
vib_inner_race_007,vibration,SPAN,0.7500,32,5,431,431,4.6404,2.36304437,4.867792e-02,0.93416450,0,0.66016792
vib_inner_race_007,vibration,SPAN,1.0000,32,5,431,431,4.6404,1.97591722,5.321631e-02,1.23182650,0,0.59842834
vib_inner_race_007,vibration,SPAN,1.2500,32,5,431,431,4.6404,1.57214455,5.840123e-02,1.17180712,0,0.58274737
vib_inner_race_007,vibration,SPAN,1.5000,32,5,431,431,4.6404,0.87116686,6.863091e-02,1.55704933,0,0.42219326
vib_inner_race_007,vibration,SPAN,2.0000,32,5,431,431,4.6404,0.47174319,7.524231e-02,1.58662625,0,0.48778746
vib_inner_race_007,vibration,REF_INTERP_ERROR,-1.0000,32,10,231,231,8.6580,-1.06582936,1.072061e-01,1.12562100,0,0.36257327
vib_inner_race_007,vibration,REF_VW_AREA,-1.0000,32,10,231,231,8.6580,-1.09335638,1.078877e-01,1.79957271,0,0.17807910
vib_inner_race_007,vibration,SPAN,0.0000,32,10,231,231,8.6580,-1.06582936,1.072061e-01,1.12562100,0,0.36257327
vib_inner_race_007,vibration,SPAN,0.2500,32,10,231,231,8.6580,-0.32615361,9.041736e-02,1.17180712,0,0.35322245
vib_inner_race_007,vibration,SPAN,0.5000,32,10,231,231,8.6580,-0.38310520,9.161086e-02,1.43682067,0,0.23804648
vib_inner_race_007,vibration,SPAN,0.7500,32,10,231,231,8.6580,-0.51308227,9.439406e-02,1.47903667,0,0.25480257
vib_inner_race_007,vibration,SPAN,1.0000,32,10,231,231,8.6580,-1.09335638,1.078877e-01,1.79957271,0,0.17807910
vib_inner_race_007,vibration,SPAN,1.2500,32,10,231,231,8.6580,-1.28884785,1.128551e-01,1.79642433,0,0.17170806
vib_inner_race_007,vibration,SPAN,1.5000,32,10,231,231,8.6580,-1.67379748,1.233151e-01,2.12624645,0,0.16706386
vib_inner_race_007,vibration,SPAN,2.0000,32,10,231,231,8.6580,-1.69551403,1.239333e-01,2.06942400,0,0.04751244
vib_inner_race_007,vibration,REF_INTERP_ERROR,-1.0000,32,20,131,131,15.2672,-4.01447948,2.113900e-01,1.64212781,0,0.21284280
vib_inner_race_007,vibration,REF_VW_AREA,-1.0000,32,20,131,131,15.2672,-2.24858613,1.407651e-01,2.13318691,0,0.05670733
vib_inner_race_007,vibration,SPAN,0.0000,32,20,131,131,15.2672,-4.01447948,2.113900e-01,1.64212781,0,0.21284280
vib_inner_race_007,vibration,SPAN,0.2500,32,20,131,131,15.2672,-2.60627883,1.528496e-01,1.76419068,0,0.16040218
vib_inner_race_007,vibration,SPAN,0.5000,32,20,131,131,15.2672,-1.90390414,1.300250e-01,2.12505115,0,0.12769125
vib_inner_race_007,vibration,SPAN,0.7500,32,20,131,131,15.2672,-2.28052755,1.418042e-01,2.13318691,0,0.07420754
vib_inner_race_007,vibration,SPAN,1.0000,32,20,131,131,15.2672,-2.24858613,1.407651e-01,2.13318691,0,0.05670733
vib_inner_race_007,vibration,SPAN,1.2500,32,20,131,131,15.2672,-2.34077338,1.437851e-01,2.44556300,0,-0.01741964
vib_inner_race_007,vibration,SPAN,1.5000,32,20,131,131,15.2672,-2.47849614,1.484178e-01,2.19105500,0,-0.00400548
vib_inner_race_007,vibration,SPAN,2.0000,32,20,131,131,15.2672,-2.46946103,1.481094e-01,2.07592133,0,-0.03001562
vib_inner_race_007,vibration,REF_INTERP_ERROR,-1.0000,32,50,71,71,28.1690,-5.91812898,3.276796e-01,1.64405395,0,0.02634791
vib_inner_race_007,vibration,REF_VW_AREA,-1.0000,32,50,71,71,28.1690,-3.23953944,1.768440e-01,2.29398408,0,-0.08368704
vib_inner_race_007,vibration,SPAN,0.0000,32,50,71,71,28.1690,-5.91812898,3.276796e-01,1.64405395,0,0.02634791
vib_inner_race_007,vibration,SPAN,0.2500,32,50,71,71,28.1690,-3.73429708,1.981829e-01,2.26902261,0,-0.01785894
vib_inner_race_007,vibration,SPAN,0.5000,32,50,71,71,28.1690,-3.21276867,1.757573e-01,2.23442363,0,0.04496543
vib_inner_race_007,vibration,SPAN,0.7500,32,50,71,71,28.1690,-2.98680113,1.668463e-01,2.06942400,0,-0.05664885
vib_inner_race_007,vibration,SPAN,1.0000,32,50,71,71,28.1690,-3.23953944,1.768440e-01,2.29398408,0,-0.08368704
vib_inner_race_007,vibration,SPAN,1.2500,32,50,71,71,28.1690,-3.15494122,1.734325e-01,2.34693432,0,-0.10789838
vib_inner_race_007,vibration,SPAN,1.5000,32,50,71,71,28.1690,-2.91466404,1.640978e-01,2.38959021,0,-0.07175159
vib_inner_race_007,vibration,SPAN,2.0000,32,50,71,71,28.1690,-3.49037876,1.873589e-01,2.34693432,0,-0.11570924
vib_inner_race_007,vibration,REF_INTERP_ERROR,-1.0000,32,100,51,51,39.2157,-7.42368017,4.634517e-01,2.19364424,0,-0.02275708
vib_inner_race_007,vibration,REF_VW_AREA,-1.0000,32,100,51,51,39.2157,-3.41706970,1.842228e-01,2.33048655,0,-0.08376095
vib_inner_race_007,vibration,SPAN,0.0000,32,100,51,51,39.2157,-7.42368017,4.634517e-01,2.19364424,0,-0.02275708
vib_inner_race_007,vibration,SPAN,0.2500,32,100,51,51,39.2157,-4.59660344,2.417112e-01,2.34693432,0,-0.04795824
vib_inner_race_007,vibration,SPAN,0.5000,32,100,51,51,39.2157,-4.26235368,2.238060e-01,2.15471529,0,-0.10062413
vib_inner_race_007,vibration,SPAN,0.7500,32,100,51,51,39.2157,-3.43423052,1.849522e-01,1.91109508,0,-0.08786319
vib_inner_race_007,vibration,SPAN,1.0000,32,100,51,51,39.2157,-3.41706970,1.842228e-01,2.33048655,0,-0.08376095
vib_inner_race_007,vibration,SPAN,1.2500,32,100,51,51,39.2157,-2.80990092,1.601867e-01,2.03163078,0,-0.10443815
vib_inner_race_007,vibration,SPAN,1.5000,32,100,51,51,39.2157,-3.08650896,1.707212e-01,1.82653629,0,-0.12744502
vib_inner_race_007,vibration,SPAN,2.0000,32,100,51,51,39.2157,-2.83350054,1.610596e-01,1.96443947,0,-0.09749113
vib_inner_race_007,vibration,REF_INTERP_ERROR,-1.0000,64,2,1063,1063,1.8815,13.04347282,4.161876e-03,0.26139887,0,0.98222853
vib_inner_race_007,vibration,REF_VW_AREA,-1.0000,64,2,1063,1063,1.8815,11.74820292,5.608105e-03,0.34826050,0,0.97419728
vib_inner_race_007,vibration,SPAN,0.0000,64,2,1063,1063,1.8815,13.04347282,4.161876e-03,0.26139887,0,0.98222853
vib_inner_race_007,vibration,SPAN,0.2500,64,2,1063,1063,1.8815,12.82654718,4.375037e-03,0.27727700,0,0.98054557
vib_inner_race_007,vibration,SPAN,0.5000,64,2,1063,1063,1.8815,12.46682979,4.752843e-03,0.42709600,0,0.97736368
vib_inner_race_007,vibration,SPAN,0.7500,64,2,1063,1063,1.8815,12.15258199,5.109498e-03,0.33904275,0,0.97646060
vib_inner_race_007,vibration,SPAN,1.0000,64,2,1063,1063,1.8815,11.74820292,5.608105e-03,0.34826050,0,0.97419728
vib_inner_race_007,vibration,SPAN,1.2500,64,2,1063,1063,1.8815,11.42202803,6.045520e-03,0.38562150,0,0.97385061
vib_inner_race_007,vibration,SPAN,1.5000,64,2,1063,1063,1.8815,11.20618617,6.353570e-03,0.38562150,0,0.97465849
vib_inner_race_007,vibration,SPAN,2.0000,64,2,1063,1063,1.8815,10.39579414,7.656971e-03,0.47528550,0,0.96645742
vib_inner_race_007,vibration,REF_INTERP_ERROR,-1.0000,64,3,730,730,2.7397,7.73260455,1.413761e-02,0.44217517,0,0.93607991
vib_inner_race_007,vibration,REF_VW_AREA,-1.0000,64,3,730,730,2.7397,6.58021724,1.843379e-02,0.63581150,0,0.91520743
vib_inner_race_007,vibration,SPAN,0.0000,64,3,730,730,2.7397,7.73260455,1.413761e-02,0.44217517,0,0.93607991
vib_inner_race_007,vibration,SPAN,0.2500,64,3,730,730,2.7397,7.57556823,1.465817e-02,0.45823000,0,0.93360428
vib_inner_race_007,vibration,SPAN,0.5000,64,3,730,730,2.7397,7.21423480,1.592990e-02,0.52704733,0,0.92465777
vib_inner_race_007,vibration,SPAN,0.7500,64,3,730,730,2.7397,6.96445583,1.687294e-02,0.54838150,0,0.91869621
vib_inner_race_007,vibration,SPAN,1.0000,64,3,730,730,2.7397,6.58021724,1.843379e-02,0.63581150,0,0.91520743
vib_inner_race_007,vibration,SPAN,1.2500,64,3,730,730,2.7397,6.04953206,2.082971e-02,0.69790200,0,0.91763092
vib_inner_race_007,vibration,SPAN,1.5000,64,3,730,730,2.7397,5.87905681,2.166361e-02,0.69885044,0,0.90750386
vib_inner_race_007,vibration,SPAN,2.0000,64,3,730,730,2.7397,5.07414730,2.607484e-02,0.93416450,0,0.86312632
vib_inner_race_007,vibration,REF_INTERP_ERROR,-1.0000,64,5,463,463,4.3197,3.14545720,4.065282e-02,0.72144371,0,0.80342005
vib_inner_race_007,vibration,REF_VW_AREA,-1.0000,64,5,463,463,4.3197,2.50163748,4.714902e-02,1.12139833,0,0.78390727
vib_inner_race_007,vibration,SPAN,0.0000,64,5,463,463,4.3197,3.14545720,4.065282e-02,0.72144371,0,0.80342005
vib_inner_race_007,vibration,SPAN,0.2500,64,5,463,463,4.3197,3.23697807,3.980509e-02,0.76017676,0,0.82939540
vib_inner_race_007,vibration,SPAN,0.5000,64,5,463,463,4.3197,2.94874300,4.253654e-02,1.03176500,0,0.77094188
vib_inner_race_007,vibration,SPAN,0.7500,64,5,463,463,4.3197,2.77466703,4.427614e-02,0.93416450,0,0.79949784
vib_inner_race_007,vibration,SPAN,1.0000,64,5,463,463,4.3197,2.50163748,4.714902e-02,1.12139833,0,0.78390727
vib_inner_race_007,vibration,SPAN,1.2500,64,5,463,463,4.3197,2.02272618,5.264581e-02,1.23182650,0,0.77362919
vib_inner_race_007,vibration,SPAN,1.5000,64,5,463,463,4.3197,1.80149224,5.539712e-02,1.17180712,0,0.77062622
vib_inner_race_007,vibration,SPAN,2.0000,64,5,463,463,4.3197,0.78973008,6.992998e-02,1.55704933,0,0.68528017
vib_inner_race_007,vibration,REF_INTERP_ERROR,-1.0000,64,10,263,263,7.6046,-1.15119471,1.093342e-01,1.12562100,0,0.44635894
vib_inner_race_007,vibration,REF_VW_AREA,-1.0000,64,10,263,263,7.6046,-0.45502716,9.314063e-02,1.67860443,0,0.44503823
vib_inner_race_007,vibration,SPAN,0.0000,64,10,263,263,7.6046,-1.15119471,1.093342e-01,1.12562100,0,0.44635894
vib_inner_race_007,vibration,SPAN,0.2500,64,10,263,263,7.6046,-0.02456686,8.435156e-02,1.12562100,0,0.52725052
vib_inner_race_007,vibration,SPAN,0.5000,64,10,263,263,7.6046,-0.03953540,8.464279e-02,1.27570060,0,0.49140421
vib_inner_race_007,vibration,SPAN,0.7500,64,10,263,263,7.6046,-0.08561330,8.554562e-02,1.33808633,0,0.50499814
vib_inner_race_007,vibration,SPAN,1.0000,64,10,263,263,7.6046,-0.45502716,9.314063e-02,1.67860443,0,0.44503823
vib_inner_race_007,vibration,SPAN,1.2500,64,10,263,263,7.6046,-0.91196068,1.034743e-01,1.79642433,0,0.35799388
vib_inner_race_007,vibration,SPAN,1.5000,64,10,263,263,7.6046,-1.38905931,1.154895e-01,2.13318691,0,0.27232559
vib_inner_race_007,vibration,SPAN,2.0000,64,10,263,263,7.6046,-1.45357894,1.172180e-01,2.06942400,0,0.34694870
vib_inner_race_007,vibration,REF_INTERP_ERROR,-1.0000,64,20,163,163,12.2699,-3.37170017,1.823083e-01,1.64212781,0,0.26734628
vib_inner_race_007,vibration,REF_VW_AREA,-1.0000,64,20,163,163,12.2699,-1.79008613,1.266616e-01,1.82378075,0,0.29608321
vib_inner_race_007,vibration,SPAN,0.0000,64,20,163,163,12.2699,-3.37170017,1.823083e-01,1.64212781,0,0.26734628
vib_inner_race_007,vibration,SPAN,0.2500,64,20,163,163,12.2699,-1.94221905,1.311772e-01,1.38752958,0,0.38518691
vib_inner_race_007,vibration,SPAN,0.5000,64,20,163,163,12.2699,-1.29044043,1.128965e-01,1.63981127,0,0.36882267
vib_inner_race_007,vibration,SPAN,0.7500,64,20,163,163,12.2699,-1.65606004,1.228125e-01,1.72662080,0,0.31179536
vib_inner_race_007,vibration,SPAN,1.0000,64,20,163,163,12.2699,-1.79008613,1.266616e-01,1.82378075,0,0.29608321
vib_inner_race_007,vibration,SPAN,1.2500,64,20,163,163,12.2699,-2.22693764,1.400652e-01,2.54030014,0,0.08020018
vib_inner_race_007,vibration,SPAN,1.5000,64,20,163,163,12.2699,-2.23302765,1.402617e-01,2.19105500,0,0.08739544
vib_inner_race_007,vibration,SPAN,2.0000,64,20,163,163,12.2699,-2.60852411,1.529286e-01,2.07592133,0,-0.03005692
vib_inner_race_007,vibration,REF_INTERP_ERROR,-1.0000,64,50,103,103,19.4175,-3.95258485,2.083987e-01,1.60297208,0,0.21204792
vib_inner_race_007,vibration,REF_VW_AREA,-1.0000,64,50,103,103,19.4175,-2.55430220,1.510312e-01,2.39477311,0,-0.00965156
vib_inner_race_007,vibration,SPAN,0.0000,64,50,103,103,19.4175,-3.95258485,2.083987e-01,1.60297208,0,0.21204792
vib_inner_race_007,vibration,SPAN,0.2500,64,50,103,103,19.4175,-2.90218821,1.636271e-01,1.81068244,0,0.14081249
vib_inner_race_007,vibration,SPAN,0.5000,64,50,103,103,19.4175,-3.04884793,1.692471e-01,2.16481609,0,0.19709168
vib_inner_race_007,vibration,SPAN,0.7500,64,50,103,103,19.4175,-2.59698297,1.525228e-01,2.19946457,0,0.14244564
vib_inner_race_007,vibration,SPAN,1.0000,64,50,103,103,19.4175,-2.55430220,1.510312e-01,2.39477311,0,-0.00965156
vib_inner_race_007,vibration,SPAN,1.2500,64,50,103,103,19.4175,-2.36201004,1.444899e-01,1.89347400,0,-0.05741609
vib_inner_race_007,vibration,SPAN,1.5000,64,50,103,103,19.4175,-2.73866622,1.575807e-01,2.44661480,0,-0.06822760
vib_inner_race_007,vibration,SPAN,2.0000,64,50,103,103,19.4175,-2.64624904,1.542628e-01,2.31550085,0,-0.07468248
vib_inner_race_007,vibration,REF_INTERP_ERROR,-1.0000,64,100,83,83,24.0964,-5.02069078,2.665051e-01,1.60297208,0,0.08090990
vib_inner_race_007,vibration,REF_VW_AREA,-1.0000,64,100,83,83,24.0964,-2.47732699,1.483779e-01,1.82089780,0,-0.01648975
vib_inner_race_007,vibration,SPAN,0.0000,64,100,83,83,24.0964,-5.02069078,2.665051e-01,1.60297208,0,0.08090990
vib_inner_race_007,vibration,SPAN,0.2500,64,100,83,83,24.0964,-3.87329488,2.046284e-01,1.94292625,0,0.02971903
vib_inner_race_007,vibration,SPAN,0.5000,64,100,83,83,24.0964,-3.73339892,1.981419e-01,2.13424377,0,-0.01189739
vib_inner_race_007,vibration,SPAN,0.7500,64,100,83,83,24.0964,-2.90866206,1.638712e-01,2.16236367,0,-0.09347010
vib_inner_race_007,vibration,SPAN,1.0000,64,100,83,83,24.0964,-2.47732699,1.483779e-01,1.82089780,0,-0.01648975
vib_inner_race_007,vibration,SPAN,1.2500,64,100,83,83,24.0964,-3.19276759,1.749497e-01,1.89347400,0,-0.09114583
vib_inner_race_007,vibration,SPAN,1.5000,64,100,83,83,24.0964,-2.55988372,1.512254e-01,2.06942400,0,-0.08539820
vib_inner_race_007,vibration,SPAN,2.0000,64,100,83,83,24.0964,-2.38688344,1.453198e-01,2.13318691,0,-0.11518896
vib_inner_race_007,vibration,REF_INTERP_ERROR,-1.0000,128,2,1127,1127,1.7746,13.76151008,3.527650e-03,0.23071564,0,0.99215840
vib_inner_race_007,vibration,REF_VW_AREA,-1.0000,128,2,1127,1127,1.7746,12.69614123,4.508399e-03,0.30034250,0,0.99131801
vib_inner_race_007,vibration,SPAN,0.0000,128,2,1127,1127,1.7746,13.76151008,3.527650e-03,0.23071564,0,0.99215840
vib_inner_race_007,vibration,SPAN,0.2500,128,2,1127,1127,1.7746,13.67776148,3.596336e-03,0.25577080,0,0.99187316
vib_inner_race_007,vibration,SPAN,0.5000,128,2,1127,1127,1.7746,13.46605330,3.775992e-03,0.28117567,0,0.99187316
vib_inner_race_007,vibration,SPAN,0.7500,128,2,1127,1127,1.7746,13.07432410,4.132416e-03,0.28117567,0,0.99181742
vib_inner_race_007,vibration,SPAN,1.0000,128,2,1127,1127,1.7746,12.69614123,4.508399e-03,0.30034250,0,0.99131801
vib_inner_race_007,vibration,SPAN,1.2500,128,2,1127,1127,1.7746,12.45544055,4.765323e-03,0.32007850,0,0.99096847
vib_inner_race_007,vibration,SPAN,1.5000,128,2,1127,1127,1.7746,11.97551286,5.322126e-03,0.37595675,0,0.99092966
vib_inner_race_007,vibration,SPAN,2.0000,128,2,1127,1127,1.7746,11.36600614,6.124009e-03,0.39033150,0,0.98855176
vib_inner_race_007,vibration,REF_INTERP_ERROR,-1.0000,128,3,794,794,2.5189,8.40952517,1.209717e-02,0.44217517,0,0.96961021
vib_inner_race_007,vibration,REF_VW_AREA,-1.0000,128,3,794,794,2.5189,7.10962380,1.631827e-02,0.58882700,0,0.95950396
vib_inner_race_007,vibration,SPAN,0.0000,128,3,794,794,2.5189,8.40952517,1.209717e-02,0.44217517,0,0.96961021
vib_inner_race_007,vibration,SPAN,0.2500,128,3,794,794,2.5189,8.24844660,1.255428e-02,0.44217517,0,0.96591917
vib_inner_race_007,vibration,SPAN,0.5000,128,3,794,794,2.5189,7.99087795,1.332136e-02,0.52704733,0,0.96715933
vib_inner_race_007,vibration,SPAN,0.7500,128,3,794,794,2.5189,7.61648933,1.452070e-02,0.50403650,0,0.96233203
vib_inner_race_007,vibration,SPAN,1.0000,128,3,794,794,2.5189,7.10962380,1.631827e-02,0.58882700,0,0.95950396
vib_inner_race_007,vibration,SPAN,1.2500,128,3,794,794,2.5189,6.78887790,1.756907e-02,0.69790200,0,0.95889080
vib_inner_race_007,vibration,SPAN,1.5000,128,3,794,794,2.5189,6.52234992,1.868106e-02,0.69790200,0,0.95609337
vib_inner_race_007,vibration,SPAN,2.0000,128,3,794,794,2.5189,5.90674661,2.152592e-02,0.93416450,0,0.94794559
vib_inner_race_007,vibration,REF_INTERP_ERROR,-1.0000,128,5,527,527,3.7951,3.65900210,3.611904e-02,0.61845796,0,0.86020557
vib_inner_race_007,vibration,REF_VW_AREA,-1.0000,128,5,527,527,3.7951,2.99269413,4.210823e-02,1.01191667,0,0.85591676
vib_inner_race_007,vibration,SPAN,0.0000,128,5,527,527,3.7951,3.65900210,3.611904e-02,0.61845796,0,0.86020557
vib_inner_race_007,vibration,SPAN,0.2500,128,5,527,527,3.7951,4.11665991,3.250652e-02,0.75743500,0,0.90627008
vib_inner_race_007,vibration,SPAN,0.5000,128,5,527,527,3.7951,3.78414457,3.509312e-02,1.03176500,0,0.89441832
vib_inner_race_007,vibration,SPAN,0.7500,128,5,527,527,3.7951,3.37000626,3.860431e-02,0.93416450,0,0.88925657
vib_inner_race_007,vibration,SPAN,1.0000,128,5,527,527,3.7951,2.99269413,4.210823e-02,1.01191667,0,0.85591676
vib_inner_race_007,vibration,SPAN,1.2500,128,5,527,527,3.7951,2.54139033,4.671942e-02,1.07115167,0,0.85339665
vib_inner_race_007,vibration,SPAN,1.5000,128,5,527,527,3.7951,2.10683581,5.163603e-02,1.16005800,0,0.81896749
vib_inner_race_007,vibration,SPAN,2.0000,128,5,527,527,3.7951,1.54698828,5.874050e-02,1.34734467,0,0.81638034
vib_inner_race_007,vibration,REF_INTERP_ERROR,-1.0000,128,10,327,327,6.1162,0.57784927,7.342628e-02,1.12562100,0,0.64211585
vib_inner_race_007,vibration,REF_VW_AREA,-1.0000,128,10,327,327,6.1162,0.36263568,7.715656e-02,1.67860443,0,0.68590012
vib_inner_race_007,vibration,SPAN,0.0000,128,10,327,327,6.1162,0.57784927,7.342628e-02,1.12562100,0,0.64211585
vib_inner_race_007,vibration,SPAN,0.2500,128,10,327,327,6.1162,0.97222920,6.705228e-02,1.12562100,0,0.69301240
vib_inner_race_007,vibration,SPAN,0.5000,128,10,327,327,6.1162,0.83650167,6.918091e-02,1.29661189,0,0.68702254
vib_inner_race_007,vibration,SPAN,0.7500,128,10,327,327,6.1162,0.66647747,7.194303e-02,1.42899550,0,0.75206375
vib_inner_race_007,vibration,SPAN,1.0000,128,10,327,327,6.1162,0.36263568,7.715656e-02,1.67860443,0,0.68590012
vib_inner_race_007,vibration,SPAN,1.2500,128,10,327,327,6.1162,-0.09667977,8.576388e-02,1.60502133,0,0.65929253
vib_inner_race_007,vibration,SPAN,1.5000,128,10,327,327,6.1162,-0.52442903,9.464101e-02,1.68357420,0,0.59801380
vib_inner_race_007,vibration,SPAN,2.0000,128,10,327,327,6.1162,-1.06936038,1.072933e-01,2.06942400,0,0.46162565
vib_inner_race_007,vibration,REF_INTERP_ERROR,-1.0000,128,20,227,227,8.8106,-1.28305647,1.127047e-01,1.24241808,0,0.49241204
vib_inner_race_007,vibration,REF_VW_AREA,-1.0000,128,20,227,227,8.8106,-1.12203302,1.086025e-01,1.72662080,0,0.32635468
vib_inner_race_007,vibration,SPAN,0.0000,128,20,227,227,8.8106,-1.28305647,1.127047e-01,1.24241808,0,0.49241204
vib_inner_race_007,vibration,SPAN,0.2500,128,20,227,227,8.8106,-0.84871664,1.019784e-01,1.56546850,0,0.42260202
vib_inner_race_007,vibration,SPAN,0.5000,128,20,227,227,8.8106,-0.51972968,9.453865e-02,1.32297275,0,0.57150616
vib_inner_race_007,vibration,SPAN,0.7500,128,20,227,227,8.8106,-0.58607450,9.599396e-02,2.03651460,0,0.50487752
vib_inner_race_007,vibration,SPAN,1.0000,128,20,227,227,8.8106,-1.12203302,1.086025e-01,1.72662080,0,0.32635468
vib_inner_race_007,vibration,SPAN,1.2500,128,20,227,227,8.8106,-1.35890139,1.146903e-01,2.33010886,0,0.37921517
vib_inner_race_007,vibration,SPAN,1.5000,128,20,227,227,8.8106,-1.57914114,1.206565e-01,2.54030014,0,0.31137317
vib_inner_race_007,vibration,SPAN,2.0000,128,20,227,227,8.8106,-1.78807557,1.266030e-01,2.09889217,0,0.16190066
vib_inner_race_007,vibration,REF_INTERP_ERROR,-1.0000,128,50,167,167,11.9760,-2.64022316,1.540490e-01,1.39215700,0,0.27758342
vib_inner_race_007,vibration,REF_VW_AREA,-1.0000,128,50,167,167,11.9760,-1.93282232,1.308937e-01,2.13318691,0,0.04733216
vib_inner_race_007,vibration,SPAN,0.0000,128,50,167,167,11.9760,-2.64022316,1.540490e-01,1.39215700,0,0.27758342
vib_inner_race_007,vibration,SPAN,0.2500,128,50,167,167,11.9760,-1.75932298,1.257676e-01,1.36573557,0,0.38188755
vib_inner_race_007,vibration,SPAN,0.5000,128,50,167,167,11.9760,-1.27286965,1.124407e-01,1.42241650,0,0.31435579
vib_inner_race_007,vibration,SPAN,0.7500,128,50,167,167,11.9760,-1.89849152,1.298630e-01,2.09178511,0,0.15279883
vib_inner_race_007,vibration,SPAN,1.0000,128,50,167,167,11.9760,-1.93282232,1.308937e-01,2.13318691,0,0.04733216
vib_inner_race_007,vibration,SPAN,1.2500,128,50,167,167,11.9760,-2.04614334,1.343541e-01,2.41010936,0,0.06227110
vib_inner_race_007,vibration,SPAN,1.5000,128,50,167,167,11.9760,-2.02419341,1.336767e-01,2.12624645,0,0.03306589
vib_inner_race_007,vibration,SPAN,2.0000,128,50,167,167,11.9760,-2.14096712,1.373198e-01,2.28849500,0,-0.05032112
vib_inner_race_007,vibration,REF_INTERP_ERROR,-1.0000,128,100,147,147,13.6054,-3.05989787,1.696783e-01,1.36305085,0,0.24728287
vib_inner_race_007,vibration,REF_VW_AREA,-1.0000,128,100,147,147,13.6054,-2.08738268,1.356359e-01,2.13318691,0,-0.03161553
vib_inner_race_007,vibration,SPAN,0.0000,128,100,147,147,13.6054,-3.05989787,1.696783e-01,1.36305085,0,0.24728287
vib_inner_race_007,vibration,SPAN,0.2500,128,100,147,147,13.6054,-1.84080694,1.281496e-01,1.56546850,0,0.31493532
vib_inner_race_007,vibration,SPAN,0.5000,128,100,147,147,13.6054,-1.63151878,1.221204e-01,1.67433700,0,0.32059292
vib_inner_race_007,vibration,SPAN,0.7500,128,100,147,147,13.6054,-2.11237473,1.364187e-01,1.88538473,0,0.08007116
vib_inner_race_007,vibration,SPAN,1.0000,128,100,147,147,13.6054,-2.08738268,1.356359e-01,2.13318691,0,-0.03161553
vib_inner_race_007,vibration,SPAN,1.2500,128,100,147,147,13.6054,-2.11753253,1.365808e-01,1.72662080,0,-0.03969301
vib_inner_race_007,vibration,SPAN,1.5000,128,100,147,147,13.6054,-2.19035156,1.388902e-01,1.89347400,0,-0.03925783
vib_inner_race_007,vibration,SPAN,2.0000,128,100,147,147,13.6054,-2.26033456,1.411464e-01,2.16236367,0,-0.05434254
vib_inner_race_007,vibration,REF_INTERP_ERROR,-1.0000,256,2,1255,1255,1.5936,15.43468286,2.399762e-03,0.18598843,0,0.99879824
vib_inner_race_007,vibration,REF_VW_AREA,-1.0000,256,2,1255,1255,1.5936,14.38094626,3.058735e-03,0.25794750,0,0.99825207
vib_inner_race_007,vibration,SPAN,0.0000,256,2,1255,1255,1.5936,15.43468286,2.399762e-03,0.18598843,0,0.99879824
vib_inner_race_007,vibration,SPAN,0.2500,256,2,1255,1255,1.5936,15.34894690,2.447607e-03,0.20393700,0,0.99854138
vib_inner_race_007,vibration,SPAN,0.5000,256,2,1255,1255,1.5936,15.05200254,2.620814e-03,0.22334850,0,0.99854138
vib_inner_race_007,vibration,SPAN,0.7500,256,2,1255,1255,1.5936,14.80036666,2.777153e-03,0.26796383,0,0.99825207
vib_inner_race_007,vibration,SPAN,1.0000,256,2,1255,1255,1.5936,14.38094626,3.058735e-03,0.25794750,0,0.99825207
vib_inner_race_007,vibration,SPAN,1.2500,256,2,1255,1255,1.5936,14.14871809,3.226745e-03,0.28242000,0,0.99817417
vib_inner_race_007,vibration,SPAN,1.5000,256,2,1255,1255,1.5936,13.94518874,3.381564e-03,0.28677900,0,0.99803168
vib_inner_race_007,vibration,SPAN,2.0000,256,2,1255,1255,1.5936,13.30797322,3.915968e-03,0.32024100,0,0.99783813
vib_inner_race_007,vibration,REF_INTERP_ERROR,-1.0000,256,3,922,922,2.1692,9.88513340,8.612378e-03,0.35773567,0,0.98782864
vib_inner_race_007,vibration,REF_VW_AREA,-1.0000,256,3,922,922,2.1692,8.81518093,1.101840e-02,0.50403650,0,0.98316437
vib_inner_race_007,vibration,SPAN,0.0000,256,3,922,922,2.1692,9.88513340,8.612378e-03,0.35773567,0,0.98782864
vib_inner_race_007,vibration,SPAN,0.2500,256,3,922,922,2.1692,9.50757791,9.394608e-03,0.44217517,0,0.98709304
vib_inner_race_007,vibration,SPAN,0.5000,256,3,922,922,2.1692,9.38477223,9.664051e-03,0.39534254,0,0.98765470
vib_inner_race_007,vibration,SPAN,0.7500,256,3,922,922,2.1692,9.05736884,1.042076e-02,0.52704733,0,0.98638576
vib_inner_race_007,vibration,SPAN,1.0000,256,3,922,922,2.1692,8.81518093,1.101840e-02,0.50403650,0,0.98316437
vib_inner_race_007,vibration,SPAN,1.2500,256,3,922,922,2.1692,8.07711805,1.305944e-02,0.58452250,0,0.98344698
vib_inner_race_007,vibration,SPAN,1.5000,256,3,922,922,2.1692,7.65865341,1.438040e-02,0.64633000,0,0.98313993
vib_inner_race_007,vibration,SPAN,2.0000,256,3,922,922,2.1692,6.93664988,1.698132e-02,0.93416450,0,0.98011684
vib_inner_race_007,vibration,REF_INTERP_ERROR,-1.0000,256,5,655,655,3.0534,5.39046791,2.424318e-02,0.61845796,0,0.95386484
vib_inner_race_007,vibration,REF_VW_AREA,-1.0000,256,5,655,655,3.0534,4.51209909,2.967745e-02,1.00417450,0,0.94365648
vib_inner_race_007,vibration,SPAN,0.0000,256,5,655,655,3.0534,5.39046791,2.424318e-02,0.61845796,0,0.95386484
vib_inner_race_007,vibration,SPAN,0.2500,256,5,655,655,3.0534,5.53352844,2.345760e-02,0.61469500,0,0.95513253
vib_inner_race_007,vibration,SPAN,0.5000,256,5,655,655,3.0534,5.39238012,2.423251e-02,0.64633000,0,0.95918118
vib_inner_race_007,vibration,SPAN,0.7500,256,5,655,655,3.0534,5.00913481,2.646811e-02,0.70142720,0,0.94103880
vib_inner_race_007,vibration,SPAN,1.0000,256,5,655,655,3.0534,4.51209909,2.967745e-02,1.00417450,0,0.94365648
vib_inner_race_007,vibration,SPAN,1.2500,256,5,655,655,3.0534,4.44235315,3.015790e-02,0.93416450,0,0.93280588
vib_inner_race_007,vibration,SPAN,1.5000,256,5,655,655,3.0534,3.77672545,3.515312e-02,1.00417450,0,0.92589351
vib_inner_race_007,vibration,SPAN,2.0000,256,5,655,655,3.0534,3.14083299,4.069613e-02,1.10883633,0,0.92016886
vib_inner_race_007,vibration,REF_INTERP_ERROR,-1.0000,256,10,455,455,4.3956,2.55625104,4.655982e-02,1.09741150,0,0.82683990
vib_inner_race_007,vibration,REF_VW_AREA,-1.0000,256,10,455,455,4.3956,1.86189062,5.463204e-02,1.09483600,0,0.84794427
vib_inner_race_007,vibration,SPAN,0.0000,256,10,455,455,4.3956,2.55625104,4.655982e-02,1.09741150,0,0.82683990
vib_inner_race_007,vibration,SPAN,0.2500,256,10,455,455,4.3956,2.77421114,4.428079e-02,0.98461740,0,0.86377812
vib_inner_race_007,vibration,SPAN,0.5000,256,10,455,455,4.3956,2.62045526,4.587657e-02,0.93416450,0,0.86159289
vib_inner_race_007,vibration,SPAN,0.7500,256,10,455,455,4.3956,2.36408471,4.866626e-02,0.96153450,0,0.86792372
vib_inner_race_007,vibration,SPAN,1.0000,256,10,455,455,4.3956,1.86189062,5.463204e-02,1.09483600,0,0.84794427
vib_inner_race_007,vibration,SPAN,1.2500,256,10,455,455,4.3956,1.50291499,5.933964e-02,1.42899550,0,0.84081837
vib_inner_race_007,vibration,SPAN,1.5000,256,10,455,455,4.3956,1.23333170,6.313981e-02,1.32326120,0,0.79517266
vib_inner_race_007,vibration,SPAN,2.0000,256,10,455,455,4.3956,0.35000311,7.738132e-02,1.65531180,0,0.67163071
vib_inner_race_007,vibration,REF_INTERP_ERROR,-1.0000,256,20,355,355,5.6338,1.02893399,6.618248e-02,0.91397203,0,0.62871948
vib_inner_race_007,vibration,REF_VW_AREA,-1.0000,256,20,355,355,5.6338,0.81599424,6.950836e-02,1.42520544,0,0.70158758
vib_inner_race_007,vibration,SPAN,0.0000,256,20,355,355,5.6338,1.02893399,6.618248e-02,0.91397203,0,0.62871948
vib_inner_race_007,vibration,SPAN,0.2500,256,20,355,355,5.6338,1.41747123,6.051866e-02,0.84675516,0,0.69416470
vib_inner_race_007,vibration,SPAN,0.5000,256,20,355,355,5.6338,1.44330901,6.015968e-02,1.28368588,0,0.72295540
vib_inner_race_007,vibration,SPAN,0.7500,256,20,355,355,5.6338,1.38301284,6.100075e-02,1.35839167,0,0.74525558
vib_inner_race_007,vibration,SPAN,1.0000,256,20,355,355,5.6338,0.81599424,6.950836e-02,1.42520544,0,0.70158758
vib_inner_race_007,vibration,SPAN,1.2500,256,20,355,355,5.6338,0.44620930,7.568599e-02,1.49219223,0,0.60049492
vib_inner_race_007,vibration,SPAN,1.5000,256,20,355,355,5.6338,0.14983125,8.103140e-02,1.49521600,0,0.54925171
vib_inner_race_007,vibration,SPAN,2.0000,256,20,355,355,5.6338,-0.31623234,9.021104e-02,1.78676229,0,0.50627785
vib_inner_race_007,vibration,REF_INTERP_ERROR,-1.0000,256,50,295,295,6.7797,-0.30019090,8.987844e-02,1.19607333,0,0.52142443
vib_inner_race_007,vibration,REF_VW_AREA,-1.0000,256,50,295,295,6.7797,0.24264835,7.931797e-02,1.38948800,0,0.43243309
vib_inner_race_007,vibration,SPAN,0.0000,256,50,295,295,6.7797,-0.30019090,8.987844e-02,1.19607333,0,0.52142443
vib_inner_race_007,vibration,SPAN,0.2500,256,50,295,295,6.7797,0.57958151,7.339700e-02,1.03227471,0,0.55133303
vib_inner_race_007,vibration,SPAN,0.5000,256,50,295,295,6.7797,0.69865808,7.141191e-02,1.04780838,0,0.60611787
vib_inner_race_007,vibration,SPAN,0.7500,256,50,295,295,6.7797,0.44592410,7.569096e-02,1.32189720,0,0.62890744
vib_inner_race_007,vibration,SPAN,1.0000,256,50,295,295,6.7797,0.24264835,7.931797e-02,1.38948800,0,0.43243309
vib_inner_race_007,vibration,SPAN,1.2500,256,50,295,295,6.7797,-0.29999866,8.987446e-02,1.75170033,0,0.41682072
vib_inner_race_007,vibration,SPAN,1.5000,256,50,295,295,6.7797,-0.47100817,9.348399e-02,1.67860443,0,0.37684309
vib_inner_race_007,vibration,SPAN,2.0000,256,50,295,295,6.7797,-1.16858610,1.097729e-01,1.90601400,0,0.24891497
vib_inner_race_007,vibration,REF_INTERP_ERROR,-1.0000,256,100,275,275,7.2727,-0.62774035,9.691935e-02,1.30129711,0,0.49366949
vib_inner_race_007,vibration,REF_VW_AREA,-1.0000,256,100,275,275,7.2727,-0.06107715,8.506368e-02,1.49219223,0,0.40573822
vib_inner_race_007,vibration,SPAN,0.0000,256,100,275,275,7.2727,-0.62774035,9.691935e-02,1.30129711,0,0.49366949
vib_inner_race_007,vibration,SPAN,0.2500,256,100,275,275,7.2727,0.51288607,7.453287e-02,1.12562100,0,0.52195692
vib_inner_race_007,vibration,SPAN,0.5000,256,100,275,275,7.2727,0.05113601,8.289395e-02,1.42899550,0,0.59049629
vib_inner_race_007,vibration,SPAN,0.7500,256,100,275,275,7.2727,0.10399604,8.189113e-02,1.32189720,0,0.49103466
vib_inner_race_007,vibration,SPAN,1.0000,256,100,275,275,7.2727,-0.06107715,8.506368e-02,1.49219223,0,0.40573822
vib_inner_race_007,vibration,SPAN,1.2500,256,100,275,275,7.2727,-0.36514676,9.123282e-02,1.59352900,0,0.37764717
vib_inner_race_007,vibration,SPAN,1.5000,256,100,275,275,7.2727,-0.68443718,9.819292e-02,1.75170033,0,0.35405986
vib_inner_race_007,vibration,SPAN,2.0000,256,100,275,275,7.2727,-1.33851113,1.141531e-01,1.93655200,0,0.21115384
vib_inner_race_007,vibration,REF_INTERP_ERROR,-1.0000,512,2,1511,1511,1.3236,20.28393807,7.856745e-04,0.11427250,0,1.00000000
vib_inner_race_007,vibration,REF_VW_AREA,-1.0000,512,2,1511,1511,1.3236,19.79127451,8.800533e-04,0.13790700,0,1.00000000
vib_inner_race_007,vibration,SPAN,0.0000,512,2,1511,1511,1.3236,20.28393807,7.856745e-04,0.11427250,0,1.00000000
vib_inner_race_007,vibration,SPAN,0.2500,512,2,1511,1511,1.3236,20.19480123,8.019667e-04,0.11833350,0,1.00000000
vib_inner_race_007,vibration,SPAN,0.5000,512,2,1511,1511,1.3236,20.04436199,8.302335e-04,0.13498400,0,1.00000000
vib_inner_race_007,vibration,SPAN,0.7500,512,2,1511,1511,1.3236,19.89450234,8.593819e-04,0.13677000,0,1.00000000
vib_inner_race_007,vibration,SPAN,1.0000,512,2,1511,1511,1.3236,19.79127451,8.800533e-04,0.13790700,0,1.00000000
vib_inner_race_007,vibration,SPAN,1.2500,512,2,1511,1511,1.3236,19.57102711,9.258353e-04,0.16319400,0,1.00000000
vib_inner_race_007,vibration,SPAN,1.5000,512,2,1511,1511,1.3236,19.23578978,1.000132e-03,0.16319400,0,1.00000000
vib_inner_race_007,vibration,SPAN,2.0000,512,2,1511,1511,1.3236,19.04403279,1.045281e-03,0.16319400,0,1.00000000
vib_inner_race_007,vibration,REF_INTERP_ERROR,-1.0000,512,3,1178,1178,1.6978,13.55434758,3.700000e-03,0.25169300,0,0.99869462
vib_inner_race_007,vibration,REF_VW_AREA,-1.0000,512,3,1178,1178,1.6978,12.20905974,5.043482e-03,0.34566150,0,0.99827634
vib_inner_race_007,vibration,SPAN,0.0000,512,3,1178,1178,1.6978,13.55434758,3.700000e-03,0.25169300,0,0.99869462
vib_inner_race_007,vibration,SPAN,0.2500,512,3,1178,1178,1.6978,13.51262112,3.735720e-03,0.26504000,0,0.99845560
vib_inner_race_007,vibration,SPAN,0.5000,512,3,1178,1178,1.6978,13.18646585,4.027076e-03,0.26671850,0,0.99845560
vib_inner_race_007,vibration,SPAN,0.7500,512,3,1178,1178,1.6978,12.71538883,4.488462e-03,0.30034250,0,0.99845560
vib_inner_race_007,vibration,SPAN,1.0000,512,3,1178,1178,1.6978,12.20905974,5.043482e-03,0.34566150,0,0.99827634
vib_inner_race_007,vibration,SPAN,1.2500,512,3,1178,1178,1.6978,11.83831645,5.492939e-03,0.38172250,0,0.99827634
vib_inner_race_007,vibration,SPAN,1.5000,512,3,1178,1178,1.6978,11.59170271,5.813881e-03,0.40933700,0,0.99827634
vib_inner_race_007,vibration,SPAN,2.0000,512,3,1178,1178,1.6978,11.13354877,6.460730e-03,0.44442200,0,0.99800830
vib_inner_race_007,vibration,REF_INTERP_ERROR,-1.0000,512,5,911,911,2.1954,9.34759848,9.747126e-03,0.41533162,0,0.98624089
vib_inner_race_007,vibration,REF_VW_AREA,-1.0000,512,5,911,911,2.1954,8.73105386,1.123391e-02,0.47528550,0,0.98099708
vib_inner_race_007,vibration,SPAN,0.0000,512,5,911,911,2.1954,9.34759848,9.747126e-03,0.41533162,0,0.98624089
vib_inner_race_007,vibration,SPAN,0.2500,512,5,911,911,2.1954,9.53011327,9.345986e-03,0.41533162,0,0.98590587
vib_inner_race_007,vibration,SPAN,0.5000,512,5,911,911,2.1954,9.32134434,9.806228e-03,0.40222975,0,0.98459798
vib_inner_race_007,vibration,SPAN,0.7500,512,5,911,911,2.1954,8.99514633,1.057114e-02,0.43816950,0,0.98367644
vib_inner_race_007,vibration,SPAN,1.0000,512,5,911,911,2.1954,8.73105386,1.123391e-02,0.47528550,0,0.98099708
vib_inner_race_007,vibration,SPAN,1.2500,512,5,911,911,2.1954,8.08738349,1.302861e-02,0.55958950,0,0.97998632
vib_inner_race_007,vibration,SPAN,1.5000,512,5,911,911,2.1954,7.64701946,1.441898e-02,0.64633000,0,0.97788262
vib_inner_race_007,vibration,SPAN,2.0000,512,5,911,911,2.1954,7.10462464,1.633706e-02,0.93416450,0,0.97620185
vib_inner_race_007,vibration,REF_INTERP_ERROR,-1.0000,512,10,711,711,2.8129,6.69392617,1.795742e-02,0.57084329,0,0.95235168
vib_inner_race_007,vibration,REF_VW_AREA,-1.0000,512,10,711,711,2.8129,6.10314549,2.057415e-02,0.64633000,0,0.93471247
vib_inner_race_007,vibration,SPAN,0.0000,512,10,711,711,2.8129,6.69392617,1.795742e-02,0.57084329,0,0.95235168
vib_inner_race_007,vibration,SPAN,0.2500,512,10,711,711,2.8129,6.96697792,1.686315e-02,0.45581171,0,0.94927470
vib_inner_race_007,vibration,SPAN,0.5000,512,10,711,711,2.8129,6.84797865,1.733160e-02,0.52172755,0,0.93989740
vib_inner_race_007,vibration,SPAN,0.7500,512,10,711,711,2.8129,6.45627966,1.896743e-02,0.58882700,0,0.93472816
vib_inner_race_007,vibration,SPAN,1.0000,512,10,711,711,2.8129,6.10314549,2.057415e-02,0.64633000,0,0.93471247
vib_inner_race_007,vibration,SPAN,1.2500,512,10,711,711,2.8129,5.77016597,2.221365e-02,0.72098440,0,0.92504013
vib_inner_race_007,vibration,SPAN,1.5000,512,10,711,711,2.8129,5.47356217,2.378374e-02,0.93416450,0,0.91898650
vib_inner_race_007,vibration,SPAN,2.0000,512,10,711,711,2.8129,4.75595939,2.805695e-02,1.00417450,0,0.90708101
vib_inner_race_007,vibration,REF_INTERP_ERROR,-1.0000,512,20,611,611,3.2733,5.39328742,2.422745e-02,0.61287676,0,0.91950953
vib_inner_race_007,vibration,REF_VW_AREA,-1.0000,512,20,611,611,3.2733,4.97209925,2.669479e-02,0.79918150,0,0.89512720
vib_inner_race_007,vibration,SPAN,0.0000,512,20,611,611,3.2733,5.39328742,2.422745e-02,0.61287676,0,0.91950953
vib_inner_race_007,vibration,SPAN,0.2500,512,20,611,611,3.2733,5.56071884,2.331120e-02,0.61469500,0,0.90951890
vib_inner_race_007,vibration,SPAN,0.5000,512,20,611,611,3.2733,5.53124292,2.346995e-02,0.59788963,0,0.89889277
vib_inner_race_007,vibration,SPAN,0.7500,512,20,611,611,3.2733,5.29921916,2.475794e-02,0.69790200,0,0.89265306
vib_inner_race_007,vibration,SPAN,1.0000,512,20,611,611,3.2733,4.97209925,2.669479e-02,0.79918150,0,0.89512720
vib_inner_race_007,vibration,SPAN,1.2500,512,20,611,611,3.2733,4.69456540,2.845640e-02,0.93416450,0,0.87743565
vib_inner_race_007,vibration,SPAN,1.5000,512,20,611,611,3.2733,4.10723492,3.257714e-02,1.00417450,0,0.84983470
vib_inner_race_007,vibration,SPAN,2.0000,512,20,611,611,3.2733,3.53582381,3.715815e-02,1.22328044,0,0.83998505
vib_inner_race_007,vibration,REF_INTERP_ERROR,-1.0000,512,50,551,551,3.6298,4.18327319,3.201173e-02,0.61287676,0,0.86973554
vib_inner_race_007,vibration,REF_VW_AREA,-1.0000,512,50,551,551,3.6298,4.20552607,3.184812e-02,0.94528222,0,0.85393659
vib_inner_race_007,vibration,SPAN,0.0000,512,50,551,551,3.6298,4.18327319,3.201173e-02,0.61287676,0,0.86973554
vib_inner_race_007,vibration,SPAN,0.2500,512,50,551,551,3.6298,4.87394376,2.730499e-02,0.74232892,0,0.87888593
vib_inner_race_007,vibration,SPAN,0.5000,512,50,551,551,3.6298,4.76510521,2.799793e-02,0.69408567,0,0.85776129
vib_inner_race_007,vibration,SPAN,0.7500,512,50,551,551,3.6298,4.52019315,2.962219e-02,0.85738633,0,0.84792238
vib_inner_race_007,vibration,SPAN,1.0000,512,50,551,551,3.6298,4.20552607,3.184812e-02,0.94528222,0,0.85393659
vib_inner_race_007,vibration,SPAN,1.2500,512,50,551,551,3.6298,3.95662667,3.372669e-02,1.00014000,0,0.81354718
vib_inner_race_007,vibration,SPAN,1.5000,512,50,551,551,3.6298,3.45188454,3.788332e-02,1.00417450,0,0.79533864
vib_inner_race_007,vibration,SPAN,2.0000,512,50,551,551,3.6298,2.61962784,4.588531e-02,1.31442480,0,0.78659456
vib_inner_race_007,vibration,REF_INTERP_ERROR,-1.0000,512,100,531,531,3.7665,3.88818421,3.426242e-02,0.68041507,0,0.85300249
vib_inner_race_007,vibration,REF_VW_AREA,-1.0000,512,100,531,531,3.7665,3.99758474,3.341011e-02,0.94528222,0,0.82470287
vib_inner_race_007,vibration,SPAN,0.0000,512,100,531,531,3.7665,3.88818421,3.426242e-02,0.68041507,0,0.85300249
vib_inner_race_007,vibration,SPAN,0.2500,512,100,531,531,3.7665,4.39164621,3.051208e-02,0.74232892,0,0.87032099
vib_inner_race_007,vibration,SPAN,0.5000,512,100,531,531,3.7665,4.58720278,2.916864e-02,0.71264325,0,0.84387925
vib_inner_race_007,vibration,SPAN,0.7500,512,100,531,531,3.7665,4.21082372,3.180930e-02,0.69790200,0,0.82714221
vib_inner_race_007,vibration,SPAN,1.0000,512,100,531,531,3.7665,3.99758474,3.341011e-02,0.94528222,0,0.82470287
vib_inner_race_007,vibration,SPAN,1.2500,512,100,531,531,3.7665,3.49557921,3.750408e-02,1.00417450,0,0.80026387
vib_inner_race_007,vibration,SPAN,1.5000,512,100,531,531,3.7665,3.15003605,4.060999e-02,1.22379846,0,0.77591026
vib_inner_race_007,vibration,SPAN,2.0000,512,100,531,531,3.7665,2.42005510,4.804309e-02,1.36468200,0,0.75399434
vib_ball_fault_007,vibration,REF_INTERP_ERROR,-1.0000,32,2,1031,1031,1.9399,8.62866468,2.506711e-03,0.24064750,0,0.96593717
vib_ball_fault_007,vibration,REF_VW_AREA,-1.0000,32,2,1031,1031,1.9399,7.48512003,3.261811e-03,0.28190650,0,0.95533113
vib_ball_fault_007,vibration,SPAN,0.0000,32,2,1031,1031,1.9399,8.62866468,2.506711e-03,0.24064750,0,0.96593717
vib_ball_fault_007,vibration,SPAN,0.2500,32,2,1031,1031,1.9399,8.11550021,2.821115e-03,0.28190650,0,0.96147465
vib_ball_fault_007,vibration,SPAN,0.5000,32,2,1031,1031,1.9399,7.79190645,3.039346e-03,0.34793625,0,0.96137039
vib_ball_fault_007,vibration,SPAN,0.7500,32,2,1031,1031,1.9399,7.58229183,3.189640e-03,0.32872750,0,0.95454664
vib_ball_fault_007,vibration,SPAN,1.0000,32,2,1031,1031,1.9399,7.48512003,3.261811e-03,0.28190650,0,0.95533113
vib_ball_fault_007,vibration,SPAN,1.2500,32,2,1031,1031,1.9399,7.13162570,3.538411e-03,0.29904350,0,0.95596424
vib_ball_fault_007,vibration,SPAN,1.5000,32,2,1031,1031,1.9399,6.77405453,3.842071e-03,0.36750975,0,0.95663435
vib_ball_fault_007,vibration,SPAN,2.0000,32,2,1031,1031,1.9399,6.37267206,4.214088e-03,0.35276825,0,0.94872141
vib_ball_fault_007,vibration,REF_INTERP_ERROR,-1.0000,32,3,698,698,2.8653,3.53299857,8.103469e-03,0.42081908,0,0.87894430
vib_ball_fault_007,vibration,REF_VW_AREA,-1.0000,32,3,698,698,2.8653,2.85515564,9.472296e-03,0.48811767,0,0.81847839
vib_ball_fault_007,vibration,SPAN,0.0000,32,3,698,698,2.8653,3.53299857,8.103469e-03,0.42081908,0,0.87894430
vib_ball_fault_007,vibration,SPAN,0.2500,32,3,698,698,2.8653,3.70228011,7.793684e-03,0.48811767,0,0.85178681
vib_ball_fault_007,vibration,SPAN,0.5000,32,3,698,698,2.8653,3.45438156,8.251495e-03,0.48811767,0,0.83793644
vib_ball_fault_007,vibration,SPAN,0.7500,32,3,698,698,2.8653,3.33652365,8.478489e-03,0.48811767,0,0.82103464
vib_ball_fault_007,vibration,SPAN,1.0000,32,3,698,698,2.8653,2.85515564,9.472296e-03,0.48811767,0,0.81847839
vib_ball_fault_007,vibration,SPAN,1.2500,32,3,698,698,2.8653,2.55784235,1.014347e-02,0.41101500,0,0.80418756
vib_ball_fault_007,vibration,SPAN,1.5000,32,3,698,698,2.8653,2.13020133,1.119311e-02,0.46099067,0,0.77846694
vib_ball_fault_007,vibration,SPAN,2.0000,32,3,698,698,2.8653,1.63432458,1.254696e-02,0.61113533,0,0.75803752
vib_ball_fault_007,vibration,REF_INTERP_ERROR,-1.0000,32,5,431,431,4.6404,0.72802483,1.545853e-02,0.46099067,0,0.63500421
vib_ball_fault_007,vibration,REF_VW_AREA,-1.0000,32,5,431,431,4.6404,0.06308171,1.801618e-02,0.57539933,0,0.49250017
vib_ball_fault_007,vibration,SPAN,0.0000,32,5,431,431,4.6404,0.72802483,1.545853e-02,0.46099067,0,0.63500421
vib_ball_fault_007,vibration,SPAN,0.2500,32,5,431,431,4.6404,0.64044936,1.577342e-02,0.47471650,0,0.57951618
vib_ball_fault_007,vibration,SPAN,0.5000,32,5,431,431,4.6404,0.55317446,1.609361e-02,0.49575157,0,0.59978193
vib_ball_fault_007,vibration,SPAN,0.7500,32,5,431,431,4.6404,0.44317845,1.650642e-02,0.61692817,0,0.55946431
vib_ball_fault_007,vibration,SPAN,1.0000,32,5,431,431,4.6404,0.06308171,1.801618e-02,0.57539933,0,0.49250017
vib_ball_fault_007,vibration,SPAN,1.2500,32,5,431,431,4.6404,-0.37279504,1.991821e-02,0.67246846,0,0.46410286
vib_ball_fault_007,vibration,SPAN,1.5000,32,5,431,431,4.6404,-0.50584384,2.053786e-02,0.61411300,0,0.46163323
vib_ball_fault_007,vibration,SPAN,2.0000,32,5,431,431,4.6404,-0.78742707,2.191359e-02,0.70951650,0,0.37785659
vib_ball_fault_007,vibration,REF_INTERP_ERROR,-1.0000,32,10,231,231,8.6580,-2.19918496,3.033118e-02,0.58233674,0,0.39185726
vib_ball_fault_007,vibration,REF_VW_AREA,-1.0000,32,10,231,231,8.6580,-1.39390488,2.519772e-02,0.67564875,0,0.31764326
vib_ball_fault_007,vibration,SPAN,0.0000,32,10,231,231,8.6580,-2.19918496,3.033118e-02,0.58233674,0,0.39185726
vib_ball_fault_007,vibration,SPAN,0.2500,32,10,231,231,8.6580,-1.24429956,2.434449e-02,0.68742500,0,0.33449370
vib_ball_fault_007,vibration,SPAN,0.5000,32,10,231,231,8.6580,-1.46897926,2.563709e-02,0.59841125,0,0.36040973
vib_ball_fault_007,vibration,SPAN,0.7500,32,10,231,231,8.6580,-1.60180033,2.643327e-02,0.74429622,0,0.34216293
vib_ball_fault_007,vibration,SPAN,1.0000,32,10,231,231,8.6580,-1.39390488,2.519772e-02,0.67564875,0,0.31764326
vib_ball_fault_007,vibration,SPAN,1.2500,32,10,231,231,8.6580,-1.67792540,2.690069e-02,0.76496435,0,0.29357411
vib_ball_fault_007,vibration,SPAN,1.5000,32,10,231,231,8.6580,-1.74342749,2.730949e-02,0.75380717,0,0.28717774
vib_ball_fault_007,vibration,SPAN,2.0000,32,10,231,231,8.6580,-1.69529972,2.700852e-02,0.75380717,0,0.17937317
vib_ball_fault_007,vibration,REF_INTERP_ERROR,-1.0000,32,20,131,131,15.2672,-3.37766986,3.978669e-02,0.65952675,0,0.14988019
vib_ball_fault_007,vibration,REF_VW_AREA,-1.0000,32,20,131,131,15.2672,-2.21171305,3.041880e-02,0.82015575,0,0.19820168
vib_ball_fault_007,vibration,SPAN,0.0000,32,20,131,131,15.2672,-3.37766986,3.978669e-02,0.65952675,0,0.14988019
vib_ball_fault_007,vibration,SPAN,0.2500,32,20,131,131,15.2672,-2.23181186,3.055991e-02,0.66962220,0,0.24491137
vib_ball_fault_007,vibration,SPAN,0.5000,32,20,131,131,15.2672,-2.76604073,3.456009e-02,0.74429622,0,0.22983743
vib_ball_fault_007,vibration,SPAN,0.7500,32,20,131,131,15.2672,-2.32153393,3.119782e-02,0.79889385,0,0.16420534
vib_ball_fault_007,vibration,SPAN,1.0000,32,20,131,131,15.2672,-2.21171305,3.041880e-02,0.82015575,0,0.19820168
vib_ball_fault_007,vibration,SPAN,1.2500,32,20,131,131,15.2672,-2.45488784,3.217063e-02,0.73153238,0,0.11920429
vib_ball_fault_007,vibration,SPAN,1.5000,32,20,131,131,15.2672,-2.50077693,3.251236e-02,0.85756770,0,0.03263211
vib_ball_fault_007,vibration,SPAN,2.0000,32,20,131,131,15.2672,-2.57123208,3.304411e-02,0.82015575,0,0.05853233
vib_ball_fault_007,vibration,REF_INTERP_ERROR,-1.0000,32,50,71,71,28.1690,-4.19237220,4.799633e-02,0.65073500,0,0.16599495
vib_ball_fault_007,vibration,REF_VW_AREA,-1.0000,32,50,71,71,28.1690,-2.63912091,3.356471e-02,0.79341078,0,0.02486904
vib_ball_fault_007,vibration,SPAN,0.0000,32,50,71,71,28.1690,-4.19237220,4.799633e-02,0.65073500,0,0.16599495
vib_ball_fault_007,vibration,SPAN,0.2500,32,50,71,71,28.1690,-3.17672932,3.798777e-02,0.83999364,0,0.16932756
vib_ball_fault_007,vibration,SPAN,0.5000,32,50,71,71,28.1690,-3.56497177,4.154014e-02,0.85862548,0,0.08985897
vib_ball_fault_007,vibration,SPAN,0.7500,32,50,71,71,28.1690,-3.00263142,3.649505e-02,0.84477421,0,0.04187675
vib_ball_fault_007,vibration,SPAN,1.0000,32,50,71,71,28.1690,-2.63912091,3.356471e-02,0.79341078,0,0.02486904
vib_ball_fault_007,vibration,SPAN,1.2500,32,50,71,71,28.1690,-2.70081307,3.404490e-02,0.67368196,0,-0.00255259
vib_ball_fault_007,vibration,SPAN,1.5000,32,50,71,71,28.1690,-2.73583906,3.432059e-02,0.87141227,0,-0.00254357
vib_ball_fault_007,vibration,SPAN,2.0000,32,50,71,71,28.1690,-2.71131702,3.412735e-02,0.81103900,0,-0.01876687
vib_ball_fault_007,vibration,REF_INTERP_ERROR,-1.0000,32,100,51,51,39.2157,-3.57640610,4.164966e-02,0.75045033,0,0.17104520
vib_ball_fault_007,vibration,REF_VW_AREA,-1.0000,32,100,51,51,39.2157,-3.47215408,4.066176e-02,0.72090979,0,0.01971936
vib_ball_fault_007,vibration,SPAN,0.0000,32,100,51,51,39.2157,-3.57640610,4.164966e-02,0.75045033,0,0.17104520
vib_ball_fault_007,vibration,SPAN,0.2500,32,100,51,51,39.2157,-4.19936580,4.807368e-02,0.70593126,0,0.14752485
vib_ball_fault_007,vibration,SPAN,0.5000,32,100,51,51,39.2157,-3.05161722,3.690902e-02,0.74429622,0,0.01150529
vib_ball_fault_007,vibration,SPAN,0.7500,32,100,51,51,39.2157,-3.46657479,4.060956e-02,0.74241386,0,-0.00987435
vib_ball_fault_007,vibration,SPAN,1.0000,32,100,51,51,39.2157,-3.47215408,4.066176e-02,0.72090979,0,0.01971936
vib_ball_fault_007,vibration,SPAN,1.2500,32,100,51,51,39.2157,-2.98169458,3.631953e-02,0.71552669,0,-0.03383568
vib_ball_fault_007,vibration,SPAN,1.5000,32,100,51,51,39.2157,-2.98828789,3.637472e-02,0.66622410,0,-0.00456517
vib_ball_fault_007,vibration,SPAN,2.0000,32,100,51,51,39.2157,-2.95552036,3.610130e-02,0.71034969,0,0.01840337
vib_ball_fault_007,vibration,REF_INTERP_ERROR,-1.0000,64,2,1063,1063,1.8815,9.18208760,2.206795e-03,0.19677667,0,0.97764281
vib_ball_fault_007,vibration,REF_VW_AREA,-1.0000,64,2,1063,1063,1.8815,8.28932160,2.710433e-03,0.25659300,0,0.97356346
vib_ball_fault_007,vibration,SPAN,0.0000,64,2,1063,1063,1.8815,9.18208760,2.206795e-03,0.19677667,0,0.97764281
vib_ball_fault_007,vibration,SPAN,0.2500,64,2,1063,1063,1.8815,9.05995803,2.269734e-03,0.20824200,0,0.97721964
vib_ball_fault_007,vibration,SPAN,0.5000,64,2,1063,1063,1.8815,8.82649728,2.395086e-03,0.20824200,0,0.97507917
vib_ball_fault_007,vibration,SPAN,0.7500,64,2,1063,1063,1.8815,8.48713699,2.589746e-03,0.25659300,0,0.97427679
vib_ball_fault_007,vibration,SPAN,1.0000,64,2,1063,1063,1.8815,8.28932160,2.710433e-03,0.25659300,0,0.97356346
vib_ball_fault_007,vibration,SPAN,1.2500,64,2,1063,1063,1.8815,7.99088503,2.903236e-03,0.25745950,0,0.97223675
vib_ball_fault_007,vibration,SPAN,1.5000,64,2,1063,1063,1.8815,7.61940215,3.162500e-03,0.28190650,0,0.97050602
vib_ball_fault_007,vibration,SPAN,2.0000,64,2,1063,1063,1.8815,7.17218585,3.505518e-03,0.28418000,0,0.96963044
vib_ball_fault_007,vibration,REF_INTERP_ERROR,-1.0000,64,3,730,730,2.7397,4.31550628,6.767374e-03,0.31815600,0,0.91619008
vib_ball_fault_007,vibration,REF_VW_AREA,-1.0000,64,3,730,730,2.7397,3.26874131,8.611854e-03,0.40895733,0,0.89246693
vib_ball_fault_007,vibration,SPAN,0.0000,64,3,730,730,2.7397,4.31550628,6.767374e-03,0.31815600,0,0.91619008
vib_ball_fault_007,vibration,SPAN,0.2500,64,3,730,730,2.7397,4.33338665,6.739569e-03,0.37251800,0,0.90587225
vib_ball_fault_007,vibration,SPAN,0.5000,64,3,730,730,2.7397,4.12421383,7.072117e-03,0.34900800,0,0.89531804
vib_ball_fault_007,vibration,SPAN,0.7500,64,3,730,730,2.7397,3.89278527,7.459201e-03,0.40186400,0,0.89738699
vib_ball_fault_007,vibration,SPAN,1.0000,64,3,730,730,2.7397,3.26874131,8.611854e-03,0.40895733,0,0.89246693
vib_ball_fault_007,vibration,SPAN,1.2500,64,3,730,730,2.7397,2.91196931,9.349188e-03,0.42696050,0,0.88101202
vib_ball_fault_007,vibration,SPAN,1.5000,64,3,730,730,2.7397,2.87891296,9.420621e-03,0.40895733,0,0.88010595
vib_ball_fault_007,vibration,SPAN,2.0000,64,3,730,730,2.7397,2.16031475,1.111576e-02,0.53376133,0,0.86750366
vib_ball_fault_007,vibration,REF_INTERP_ERROR,-1.0000,64,5,463,463,4.3197,0.66132301,1.569779e-02,0.45595600,0,0.72441765
vib_ball_fault_007,vibration,REF_VW_AREA,-1.0000,64,5,463,463,4.3197,0.37623928,1.676281e-02,0.57539933,0,0.68208971
vib_ball_fault_007,vibration,SPAN,0.0000,64,5,463,463,4.3197,0.66132301,1.569779e-02,0.45595600,0,0.72441765
vib_ball_fault_007,vibration,SPAN,0.2500,64,5,463,463,4.3197,1.13547503,1.407419e-02,0.43136725,0,0.78516123
vib_ball_fault_007,vibration,SPAN,0.5000,64,5,463,463,4.3197,0.97792498,1.459413e-02,0.48672020,0,0.74371485
vib_ball_fault_007,vibration,SPAN,0.7500,64,5,463,463,4.3197,0.67554065,1.564648e-02,0.47471650,0,0.69834383
vib_ball_fault_007,vibration,SPAN,1.0000,64,5,463,463,4.3197,0.37623928,1.676281e-02,0.57539933,0,0.68208971
vib_ball_fault_007,vibration,SPAN,1.2500,64,5,463,463,4.3197,0.10354413,1.784910e-02,0.57539933,0,0.67483225
vib_ball_fault_007,vibration,SPAN,1.5000,64,5,463,463,4.3197,-0.17009626,1.900993e-02,0.57539933,0,0.65020599
vib_ball_fault_007,vibration,SPAN,2.0000,64,5,463,463,4.3197,-0.44156994,2.023615e-02,0.70951650,0,0.62892658
vib_ball_fault_007,vibration,REF_INTERP_ERROR,-1.0000,64,10,263,263,7.6046,-1.72317010,2.718240e-02,0.58233674,0,0.46578309
vib_ball_fault_007,vibration,REF_VW_AREA,-1.0000,64,10,263,263,7.6046,-1.19306929,2.405901e-02,0.67564875,0,0.51674517
vib_ball_fault_007,vibration,SPAN,0.0000,64,10,263,263,7.6046,-1.72317010,2.718240e-02,0.58233674,0,0.46578309
vib_ball_fault_007,vibration,SPAN,0.2500,64,10,263,263,7.6046,-1.03962204,2.322379e-02,0.54709956,0,0.46359171
vib_ball_fault_007,vibration,SPAN,0.5000,64,10,263,263,7.6046,-1.17235053,2.394451e-02,0.53836712,0,0.52641229
vib_ball_fault_007,vibration,SPAN,0.7500,64,10,263,263,7.6046,-1.13564226,2.374297e-02,0.74429622,0,0.51806546
vib_ball_fault_007,vibration,SPAN,1.0000,64,10,263,263,7.6046,-1.19306929,2.405901e-02,0.67564875,0,0.51674517
vib_ball_fault_007,vibration,SPAN,1.2500,64,10,263,263,7.6046,-1.52446738,2.596675e-02,0.74429622,0,0.44796283
vib_ball_fault_007,vibration,SPAN,1.5000,64,10,263,263,7.6046,-1.47051074,2.564613e-02,0.80669350,0,0.44227651
vib_ball_fault_007,vibration,SPAN,2.0000,64,10,263,263,7.6046,-1.56409842,2.620479e-02,0.75380717,0,0.34469384
vib_ball_fault_007,vibration,REF_INTERP_ERROR,-1.0000,64,20,163,163,12.2699,-3.15934421,3.783600e-02,0.73610914,0,0.38099901
vib_ball_fault_007,vibration,REF_VW_AREA,-1.0000,64,20,163,163,12.2699,-1.94431990,2.860242e-02,0.69563500,0,0.25669701
vib_ball_fault_007,vibration,SPAN,0.0000,64,20,163,163,12.2699,-3.15934421,3.783600e-02,0.73610914,0,0.38099901
vib_ball_fault_007,vibration,SPAN,0.2500,64,20,163,163,12.2699,-1.99111179,2.891226e-02,0.62756368,0,0.41422543
vib_ball_fault_007,vibration,SPAN,0.5000,64,20,163,163,12.2699,-1.97190909,2.878470e-02,0.74429622,0,0.38525215
vib_ball_fault_007,vibration,SPAN,0.7500,64,20,163,163,12.2699,-1.89514457,2.828038e-02,0.61944667,0,0.36872540
vib_ball_fault_007,vibration,SPAN,1.0000,64,20,163,163,12.2699,-1.94431990,2.860242e-02,0.69563500,0,0.25669701
vib_ball_fault_007,vibration,SPAN,1.2500,64,20,163,163,12.2699,-2.17831961,3.018581e-02,0.82015575,0,0.19820126
vib_ball_fault_007,vibration,SPAN,1.5000,64,20,163,163,12.2699,-2.27554022,3.086916e-02,0.82223573,0,0.25434508
vib_ball_fault_007,vibration,SPAN,2.0000,64,20,163,163,12.2699,-2.35658306,3.145061e-02,0.69522190,0,0.12862471
vib_ball_fault_007,vibration,REF_INTERP_ERROR,-1.0000,64,50,103,103,19.4175,-3.93795827,4.526543e-02,0.65073500,0,0.28573926
vib_ball_fault_007,vibration,REF_VW_AREA,-1.0000,64,50,103,103,19.4175,-2.55375442,3.291139e-02,0.81011446,0,0.12822912
vib_ball_fault_007,vibration,SPAN,0.0000,64,50,103,103,19.4175,-3.93795827,4.526543e-02,0.65073500,0,0.28573926
vib_ball_fault_007,vibration,SPAN,0.2500,64,50,103,103,19.4175,-2.40607963,3.181111e-02,0.61604343,0,0.31098919
vib_ball_fault_007,vibration,SPAN,0.5000,64,50,103,103,19.4175,-2.49451049,3.246548e-02,0.69380638,0,0.13141398
vib_ball_fault_007,vibration,SPAN,0.7500,64,50,103,103,19.4175,-2.72644680,3.424644e-02,0.77967230,0,0.08798487
vib_ball_fault_007,vibration,SPAN,1.0000,64,50,103,103,19.4175,-2.55375442,3.291139e-02,0.81011446,0,0.12822912
vib_ball_fault_007,vibration,SPAN,1.2500,64,50,103,103,19.4175,-2.63440876,3.352831e-02,0.72272385,0,0.09712766
vib_ball_fault_007,vibration,SPAN,1.5000,64,50,103,103,19.4175,-2.31530838,3.115313e-02,0.78379820,0,0.06760313
vib_ball_fault_007,vibration,SPAN,2.0000,64,50,103,103,19.4175,-2.54147311,3.281845e-02,0.80061617,0,0.00511462
vib_ball_fault_007,vibration,REF_INTERP_ERROR,-1.0000,64,100,83,83,24.0964,-3.13023101,3.758321e-02,0.65073500,0,0.22116530
vib_ball_fault_007,vibration,REF_VW_AREA,-1.0000,64,100,83,83,24.0964,-3.04435893,3.684739e-02,0.88860186,0,-0.00969543
vib_ball_fault_007,vibration,SPAN,0.0000,64,100,83,83,24.0964,-3.13023101,3.758321e-02,0.65073500,0,0.22116530
vib_ball_fault_007,vibration,SPAN,0.2500,64,100,83,83,24.0964,-3.48969256,4.082630e-02,0.65073500,0,0.20936359
vib_ball_fault_007,vibration,SPAN,0.5000,64,100,83,83,24.0964,-3.08333738,3.717959e-02,0.74429622,0,0.05523022
vib_ball_fault_007,vibration,SPAN,0.7500,64,100,83,83,24.0964,-2.67751483,3.386276e-02,0.85862548,0,0.05262651
vib_ball_fault_007,vibration,SPAN,1.0000,64,100,83,83,24.0964,-3.04435893,3.684739e-02,0.88860186,0,-0.00969543
vib_ball_fault_007,vibration,SPAN,1.2500,64,100,83,83,24.0964,-2.55910653,3.295198e-02,0.84363980,0,0.01686932
vib_ball_fault_007,vibration,SPAN,1.5000,64,100,83,83,24.0964,-2.76185505,3.452680e-02,0.69921089,0,0.01005084
vib_ball_fault_007,vibration,SPAN,2.0000,64,100,83,83,24.0964,-2.85763720,3.529673e-02,0.87145142,0,0.03891959
vib_ball_fault_007,vibration,REF_INTERP_ERROR,-1.0000,128,2,1127,1127,1.7746,9.99924451,1.828295e-03,0.15082100,0,0.99037413
vib_ball_fault_007,vibration,REF_VW_AREA,-1.0000,128,2,1127,1127,1.7746,9.01194999,2.294964e-03,0.25659300,0,0.98915542
vib_ball_fault_007,vibration,SPAN,0.0000,128,2,1127,1127,1.7746,9.99924451,1.828295e-03,0.15082100,0,0.99037413
vib_ball_fault_007,vibration,SPAN,0.2500,128,2,1127,1127,1.7746,9.75872281,1.932407e-03,0.19232300,0,0.99037413
vib_ball_fault_007,vibration,SPAN,0.5000,128,2,1127,1127,1.7746,9.37632102,2.110273e-03,0.19719600,0,0.98909976
vib_ball_fault_007,vibration,SPAN,0.7500,128,2,1127,1127,1.7746,9.16118698,2.217441e-03,0.25659300,0,0.98909976
vib_ball_fault_007,vibration,SPAN,1.0000,128,2,1127,1127,1.7746,9.01194999,2.294964e-03,0.25659300,0,0.98915542
vib_ball_fault_007,vibration,SPAN,1.2500,128,2,1127,1127,1.7746,8.63310307,2.504151e-03,0.23609900,0,0.98817508
vib_ball_fault_007,vibration,SPAN,1.5000,128,2,1127,1127,1.7746,8.49357994,2.585907e-03,0.22302350,0,0.98771577
vib_ball_fault_007,vibration,SPAN,2.0000,128,2,1127,1127,1.7746,7.94000617,2.937448e-03,0.24828200,0,0.98669909
vib_ball_fault_007,vibration,REF_INTERP_ERROR,-1.0000,128,3,794,794,2.5189,4.94562534,5.853401e-03,0.26226700,0,0.95681597
vib_ball_fault_007,vibration,REF_VW_AREA,-1.0000,128,3,794,794,2.5189,3.96966109,7.328325e-03,0.40186400,0,0.94872155
vib_ball_fault_007,vibration,SPAN,0.0000,128,3,794,794,2.5189,4.94562534,5.853401e-03,0.26226700,0,0.95681597
vib_ball_fault_007,vibration,SPAN,0.2500,128,3,794,794,2.5189,4.99073721,5.792914e-03,0.32292122,0,0.95377866
vib_ball_fault_007,vibration,SPAN,0.5000,128,3,794,794,2.5189,4.81546608,6.031484e-03,0.31815600,0,0.95308045
vib_ball_fault_007,vibration,SPAN,0.7500,128,3,794,794,2.5189,4.40346045,6.631698e-03,0.40186400,0,0.95202377
vib_ball_fault_007,vibration,SPAN,1.0000,128,3,794,794,2.5189,3.96966109,7.328325e-03,0.40186400,0,0.94872155
vib_ball_fault_007,vibration,SPAN,1.2500,128,3,794,794,2.5189,3.34282189,8.466202e-03,0.42696050,0,0.95127993
vib_ball_fault_007,vibration,SPAN,1.5000,128,3,794,794,2.5189,3.33836258,8.474899e-03,0.44945800,0,0.93945853
vib_ball_fault_007,vibration,SPAN,2.0000,128,3,794,794,2.5189,2.77887833,9.640132e-03,0.44945800,0,0.92126464
vib_ball_fault_007,vibration,REF_INTERP_ERROR,-1.0000,128,5,527,527,3.7951,1.67319964,1.243514e-02,0.45595600,0,0.83948315
vib_ball_fault_007,vibration,REF_VW_AREA,-1.0000,128,5,527,527,3.7951,0.96695401,1.463105e-02,0.53759500,0,0.83142458
vib_ball_fault_007,vibration,SPAN,0.0000,128,5,527,527,3.7951,1.67319964,1.243514e-02,0.45595600,0,0.83948315
vib_ball_fault_007,vibration,SPAN,0.2500,128,5,527,527,3.7951,1.56952749,1.273556e-02,0.45331057,0,0.85496250
vib_ball_fault_007,vibration,SPAN,0.5000,128,5,527,527,3.7951,1.58380683,1.269376e-02,0.42906647,0,0.85415278
vib_ball_fault_007,vibration,SPAN,0.7500,128,5,527,527,3.7951,1.06496749,1.430455e-02,0.50151850,0,0.83938525
vib_ball_fault_007,vibration,SPAN,1.0000,128,5,527,527,3.7951,0.96695401,1.463105e-02,0.53759500,0,0.83142458
vib_ball_fault_007,vibration,SPAN,1.2500,128,5,527,527,3.7951,0.59671646,1.593306e-02,0.53759500,0,0.81826363
vib_ball_fault_007,vibration,SPAN,1.5000,128,5,527,527,3.7951,0.27587649,1.715470e-02,0.57539933,0,0.80026395
vib_ball_fault_007,vibration,SPAN,2.0000,128,5,527,527,3.7951,0.00714207,1.824974e-02,0.70951650,0,0.75102293
vib_ball_fault_007,vibration,REF_INTERP_ERROR,-1.0000,128,10,327,327,6.1162,-0.80808736,2.201809e-02,0.53866740,0,0.67018719
vib_ball_fault_007,vibration,REF_VW_AREA,-1.0000,128,10,327,327,6.1162,-0.85479362,2.225616e-02,0.60266117,0,0.61209299
vib_ball_fault_007,vibration,SPAN,0.0000,128,10,327,327,6.1162,-0.80808736,2.201809e-02,0.53866740,0,0.67018719
vib_ball_fault_007,vibration,SPAN,0.2500,128,10,327,327,6.1162,-0.15905931,1.896168e-02,0.50346767,0,0.66641930
vib_ball_fault_007,vibration,SPAN,0.5000,128,10,327,327,6.1162,-0.64421673,2.120276e-02,0.54709956,0,0.63271059
vib_ball_fault_007,vibration,SPAN,0.7500,128,10,327,327,6.1162,-0.63589189,2.116216e-02,0.62885629,0,0.65822039
vib_ball_fault_007,vibration,SPAN,1.0000,128,10,327,327,6.1162,-0.85479362,2.225616e-02,0.60266117,0,0.61209299
vib_ball_fault_007,vibration,SPAN,1.2500,128,10,327,327,6.1162,-1.04012989,2.322650e-02,0.62821767,0,0.59137154
vib_ball_fault_007,vibration,SPAN,1.5000,128,10,327,327,6.1162,-1.25015657,2.437735e-02,0.70951650,0,0.59507728
vib_ball_fault_007,vibration,SPAN,2.0000,128,10,327,327,6.1162,-1.32728696,2.481416e-02,0.81103900,0,0.57628657
vib_ball_fault_007,vibration,REF_INTERP_ERROR,-1.0000,128,20,227,227,8.8106,-1.94388365,2.859955e-02,0.53863462,0,0.46651832
vib_ball_fault_007,vibration,REF_VW_AREA,-1.0000,128,20,227,227,8.8106,-1.47087999,2.564831e-02,0.70840080,0,0.42148220
vib_ball_fault_007,vibration,SPAN,0.0000,128,20,227,227,8.8106,-1.94388365,2.859955e-02,0.53863462,0,0.46651832
vib_ball_fault_007,vibration,SPAN,0.2500,128,20,227,227,8.8106,-1.45072595,2.552956e-02,0.67246846,0,0.43297639
vib_ball_fault_007,vibration,SPAN,0.5000,128,20,227,227,8.8106,-1.21416854,2.417618e-02,0.62607867,0,0.47094022
vib_ball_fault_007,vibration,SPAN,0.7500,128,20,227,227,8.8106,-1.56662097,2.622001e-02,0.63360522,0,0.44220959
vib_ball_fault_007,vibration,SPAN,1.0000,128,20,227,227,8.8106,-1.47087999,2.564831e-02,0.70840080,0,0.42148220
vib_ball_fault_007,vibration,SPAN,1.2500,128,20,227,227,8.8106,-1.75084085,2.735615e-02,0.80189571,0,0.42091893
vib_ball_fault_007,vibration,SPAN,1.5000,128,20,227,227,8.8106,-1.81130693,2.773968e-02,0.64277971,0,0.30299140
vib_ball_fault_007,vibration,SPAN,2.0000,128,20,227,227,8.8106,-1.72965004,2.722299e-02,0.69563500,0,0.29825785
vib_ball_fault_007,vibration,REF_INTERP_ERROR,-1.0000,128,50,167,167,11.9760,-3.10269805,3.734570e-02,0.69058114,0,0.38422597
vib_ball_fault_007,vibration,REF_VW_AREA,-1.0000,128,50,167,167,11.9760,-2.16247445,3.007587e-02,0.81011446,0,0.24292321
vib_ball_fault_007,vibration,SPAN,0.0000,128,50,167,167,11.9760,-3.10269805,3.734570e-02,0.69058114,0,0.38422597
vib_ball_fault_007,vibration,SPAN,0.2500,128,50,167,167,11.9760,-2.36433546,3.150680e-02,0.61435479,0,0.36374739
vib_ball_fault_007,vibration,SPAN,0.5000,128,50,167,167,11.9760,-2.24015274,3.061865e-02,0.62607867,0,0.30514585
vib_ball_fault_007,vibration,SPAN,0.7500,128,50,167,167,11.9760,-2.13581850,2.989184e-02,0.74429622,0,0.22344849
vib_ball_fault_007,vibration,SPAN,1.0000,128,50,167,167,11.9760,-2.16247445,3.007587e-02,0.81011446,0,0.24292321
vib_ball_fault_007,vibration,SPAN,1.2500,128,50,167,167,11.9760,-1.91974359,2.844102e-02,0.81011446,0,0.13265271
vib_ball_fault_007,vibration,SPAN,1.5000,128,50,167,167,11.9760,-2.20169670,3.034873e-02,0.81011446,0,0.14546292
vib_ball_fault_007,vibration,SPAN,2.0000,128,50,167,167,11.9760,-2.41097571,3.184699e-02,0.90471982,0,0.13542773
vib_ball_fault_007,vibration,REF_INTERP_ERROR,-1.0000,128,100,147,147,13.6054,-3.47833212,4.071965e-02,0.64681530,0,0.31994619
vib_ball_fault_007,vibration,REF_VW_AREA,-1.0000,128,100,147,147,13.6054,-2.23846423,3.060675e-02,0.81011446,0,0.11745963
vib_ball_fault_007,vibration,SPAN,0.0000,128,100,147,147,13.6054,-3.47833212,4.071965e-02,0.64681530,0,0.31994619
vib_ball_fault_007,vibration,SPAN,0.2500,128,100,147,147,13.6054,-2.72428670,3.422942e-02,0.62288440,0,0.33174176
vib_ball_fault_007,vibration,SPAN,0.5000,128,100,147,147,13.6054,-2.45632365,3.218127e-02,0.69166077,0,0.17224175
vib_ball_fault_007,vibration,SPAN,0.7500,128,100,147,147,13.6054,-2.28378039,3.092779e-02,0.70840080,0,0.11409986
vib_ball_fault_007,vibration,SPAN,1.0000,128,100,147,147,13.6054,-2.23846423,3.060675e-02,0.81011446,0,0.11745963
vib_ball_fault_007,vibration,SPAN,1.2500,128,100,147,147,13.6054,-2.06982855,2.944108e-02,0.69921089,0,0.10395353
vib_ball_fault_007,vibration,SPAN,1.5000,128,100,147,147,13.6054,-2.32696334,3.123684e-02,0.82152714,0,0.07878380
vib_ball_fault_007,vibration,SPAN,2.0000,128,100,147,147,13.6054,-2.45399023,3.216398e-02,0.82802272,0,0.02315286
vib_ball_fault_007,vibration,REF_INTERP_ERROR,-1.0000,256,2,1255,1255,1.5936,11.36391194,1.335302e-03,0.13736109,0,0.99777538
vib_ball_fault_007,vibration,REF_VW_AREA,-1.0000,256,2,1255,1255,1.5936,10.63748713,1.578418e-03,0.16294883,0,0.99690754
vib_ball_fault_007,vibration,SPAN,0.0000,256,2,1255,1255,1.5936,11.36391194,1.335302e-03,0.13736109,0,0.99777538
vib_ball_fault_007,vibration,SPAN,0.2500,256,2,1255,1255,1.5936,11.25105900,1.370455e-03,0.14267200,0,0.99751961
vib_ball_fault_007,vibration,SPAN,0.5000,256,2,1255,1255,1.5936,10.95360328,1.467609e-03,0.14267200,0,0.99749998
vib_ball_fault_007,vibration,SPAN,0.7500,256,2,1255,1255,1.5936,10.76799887,1.531690e-03,0.16294883,0,0.99725343
vib_ball_fault_007,vibration,SPAN,1.0000,256,2,1255,1255,1.5936,10.63748713,1.578418e-03,0.16294883,0,0.99690754
vib_ball_fault_007,vibration,SPAN,1.2500,256,2,1255,1255,1.5936,10.33543879,1.692104e-03,0.18290150,0,0.99661484
vib_ball_fault_007,vibration,SPAN,1.5000,256,2,1255,1255,1.5936,10.16577917,1.759515e-03,0.19232300,0,0.99663098
vib_ball_fault_007,vibration,SPAN,2.0000,256,2,1255,1255,1.5936,9.79097167,1.918111e-03,0.20743000,0,0.99663098
vib_ball_fault_007,vibration,REF_INTERP_ERROR,-1.0000,256,3,922,922,2.1692,6.40622927,4.181652e-03,0.22873000,0,0.97954519
vib_ball_fault_007,vibration,REF_VW_AREA,-1.0000,256,3,922,922,2.1692,5.00212271,5.777747e-03,0.40895733,0,0.98031966
vib_ball_fault_007,vibration,SPAN,0.0000,256,3,922,922,2.1692,6.40622927,4.181652e-03,0.22873000,0,0.97954519
vib_ball_fault_007,vibration,SPAN,0.2500,256,3,922,922,2.1692,6.54795052,4.047397e-03,0.23202200,0,0.97941768
vib_ball_fault_007,vibration,SPAN,0.5000,256,3,922,922,2.1692,6.13360190,4.452569e-03,0.27827529,0,0.97987769
vib_ball_fault_007,vibration,SPAN,0.7500,256,3,922,922,2.1692,5.60549942,5.028296e-03,0.29896200,0,0.98003673
vib_ball_fault_007,vibration,SPAN,1.0000,256,3,922,922,2.1692,5.00212271,5.777747e-03,0.40895733,0,0.98031966
vib_ball_fault_007,vibration,SPAN,1.2500,256,3,922,922,2.1692,4.94457033,5.854823e-03,0.40895733,0,0.97585890
vib_ball_fault_007,vibration,SPAN,1.5000,256,3,922,922,2.1692,4.68692890,6.212665e-03,0.40895733,0,0.97585890
vib_ball_fault_007,vibration,SPAN,2.0000,256,3,922,922,2.1692,4.09107348,7.126290e-03,0.42696050,0,0.97629974
vib_ball_fault_007,vibration,REF_INTERP_ERROR,-1.0000,256,5,655,655,3.0534,2.73361699,9.741125e-03,0.37247133,0,0.94228794
vib_ball_fault_007,vibration,REF_VW_AREA,-1.0000,256,5,655,655,3.0534,2.14598694,1.115250e-02,0.42980333,0,0.93654736
vib_ball_fault_007,vibration,SPAN,0.0000,256,5,655,655,3.0534,2.73361699,9.741125e-03,0.37247133,0,0.94228794
vib_ball_fault_007,vibration,SPAN,0.2500,256,5,655,655,3.0534,3.15929544,8.831638e-03,0.40335860,0,0.94176003
vib_ball_fault_007,vibration,SPAN,0.5000,256,5,655,655,3.0534,3.07864188,8.997184e-03,0.38632478,0,0.94534510
vib_ball_fault_007,vibration,SPAN,0.7500,256,5,655,655,3.0534,2.64465782,9.942716e-03,0.42980333,0,0.94372284
vib_ball_fault_007,vibration,SPAN,1.0000,256,5,655,655,3.0534,2.14598694,1.115250e-02,0.42980333,0,0.93654736
vib_ball_fault_007,vibration,SPAN,1.2500,256,5,655,655,3.0534,1.55093326,1.279020e-02,0.51432367,0,0.91950750
vib_ball_fault_007,vibration,SPAN,1.5000,256,5,655,655,3.0534,1.35304639,1.338647e-02,0.51432367,0,0.91331009
vib_ball_fault_007,vibration,SPAN,2.0000,256,5,655,655,3.0534,1.06555905,1.430260e-02,0.51432367,0,0.89435079
vib_ball_fault_007,vibration,REF_INTERP_ERROR,-1.0000,256,10,455,455,4.3956,0.11570826,1.779918e-02,0.41615838,0,0.78472953
vib_ball_fault_007,vibration,REF_VW_AREA,-1.0000,256,10,455,455,4.3956,0.35735294,1.683587e-02,0.50480507,0,0.77753569
vib_ball_fault_007,vibration,SPAN,0.0000,256,10,455,455,4.3956,0.11570826,1.779918e-02,0.41615838,0,0.78472953
vib_ball_fault_007,vibration,SPAN,0.2500,256,10,455,455,4.3956,0.83822393,1.507122e-02,0.50346767,0,0.82190741
vib_ball_fault_007,vibration,SPAN,0.5000,256,10,455,455,4.3956,0.82062491,1.513242e-02,0.45595600,0,0.79617453
vib_ball_fault_007,vibration,SPAN,0.7500,256,10,455,455,4.3956,0.51254292,1.624488e-02,0.50480507,0,0.77380987
vib_ball_fault_007,vibration,SPAN,1.0000,256,10,455,455,4.3956,0.35735294,1.683587e-02,0.50480507,0,0.77753569
vib_ball_fault_007,vibration,SPAN,1.2500,256,10,455,455,4.3956,0.16557361,1.759598e-02,0.52763830,0,0.77242463
vib_ball_fault_007,vibration,SPAN,1.5000,256,10,455,455,4.3956,0.06058293,1.802655e-02,0.61692817,0,0.73130867
vib_ball_fault_007,vibration,SPAN,2.0000,256,10,455,455,4.3956,-0.59811173,2.097886e-02,0.73501900,0,0.70037263
vib_ball_fault_007,vibration,REF_INTERP_ERROR,-1.0000,256,20,355,355,5.6338,-0.59006817,2.094005e-02,0.53863462,0,0.61246699
vib_ball_fault_007,vibration,REF_VW_AREA,-1.0000,256,20,355,355,5.6338,-0.32304608,1.969135e-02,0.49096764,0,0.63452384
vib_ball_fault_007,vibration,SPAN,0.0000,256,20,355,355,5.6338,-0.59006817,2.094005e-02,0.53863462,0,0.61246699
vib_ball_fault_007,vibration,SPAN,0.2500,256,20,355,355,5.6338,0.22061608,1.737438e-02,0.50544433,0,0.67275313
vib_ball_fault_007,vibration,SPAN,0.5000,256,20,355,355,5.6338,-0.09323434,1.867645e-02,0.55453029,0,0.65184140
vib_ball_fault_007,vibration,SPAN,0.7500,256,20,355,355,5.6338,-0.27491042,1.947430e-02,0.50346767,0,0.67473344
vib_ball_fault_007,vibration,SPAN,1.0000,256,20,355,355,5.6338,-0.32304608,1.969135e-02,0.49096764,0,0.63452384
vib_ball_fault_007,vibration,SPAN,1.2500,256,20,355,355,5.6338,-0.70518995,2.150254e-02,0.71991300,0,0.57122368
vib_ball_fault_007,vibration,SPAN,1.5000,256,20,355,355,5.6338,-1.09167780,2.350383e-02,0.73626433,0,0.54146551
vib_ball_fault_007,vibration,SPAN,2.0000,256,20,355,355,5.6338,-1.22084523,2.421338e-02,0.65465412,0,0.49186832
vib_ball_fault_007,vibration,REF_INTERP_ERROR,-1.0000,256,50,295,295,6.7797,-1.39549048,2.520692e-02,0.56092245,0,0.56394309
vib_ball_fault_007,vibration,REF_VW_AREA,-1.0000,256,50,295,295,6.7797,-0.91412637,2.256230e-02,0.62315500,0,0.43991111
vib_ball_fault_007,vibration,SPAN,0.0000,256,50,295,295,6.7797,-1.39549048,2.520692e-02,0.56092245,0,0.56394309
vib_ball_fault_007,vibration,SPAN,0.2500,256,50,295,295,6.7797,-0.60147796,2.099513e-02,0.54742297,0,0.57527927
vib_ball_fault_007,vibration,SPAN,0.5000,256,50,295,295,6.7797,-0.86049983,2.228542e-02,0.59218383,0,0.50670270
vib_ball_fault_007,vibration,SPAN,0.7500,256,50,295,295,6.7797,-0.83968606,2.217887e-02,0.59240100,0,0.44995087
vib_ball_fault_007,vibration,SPAN,1.0000,256,50,295,295,6.7797,-0.91412637,2.256230e-02,0.62315500,0,0.43991111
vib_ball_fault_007,vibration,SPAN,1.2500,256,50,295,295,6.7797,-1.18409746,2.400936e-02,0.62607867,0,0.39272335
vib_ball_fault_007,vibration,SPAN,1.5000,256,50,295,295,6.7797,-1.43736091,2.545112e-02,0.73626433,0,0.35874181
vib_ball_fault_007,vibration,SPAN,2.0000,256,50,295,295,6.7797,-1.36358865,2.502244e-02,0.68360825,0,0.30089798
vib_ball_fault_007,vibration,REF_INTERP_ERROR,-1.0000,256,100,275,275,7.2727,-1.99066106,2.890926e-02,0.56616022,0,0.50093253
vib_ball_fault_007,vibration,REF_VW_AREA,-1.0000,256,100,275,275,7.2727,-1.00431706,2.303576e-02,0.60688064,0,0.35819055
vib_ball_fault_007,vibration,SPAN,0.0000,256,100,275,275,7.2727,-1.99066106,2.890926e-02,0.56616022,0,0.50093253
vib_ball_fault_007,vibration,SPAN,0.2500,256,100,275,275,7.2727,-0.81379730,2.204705e-02,0.51623971,0,0.54268188
vib_ball_fault_007,vibration,SPAN,0.5000,256,100,275,275,7.2727,-0.75013933,2.172625e-02,0.49875345,0,0.46559597
vib_ball_fault_007,vibration,SPAN,0.7500,256,100,275,275,7.2727,-0.91277176,2.255527e-02,0.59478273,0,0.42262422
vib_ball_fault_007,vibration,SPAN,1.0000,256,100,275,275,7.2727,-1.00431706,2.303576e-02,0.60688064,0,0.35819055
vib_ball_fault_007,vibration,SPAN,1.2500,256,100,275,275,7.2727,-1.61678677,2.652464e-02,0.59831360,0,0.32848335
vib_ball_fault_007,vibration,SPAN,1.5000,256,100,275,275,7.2727,-1.63348046,2.662679e-02,0.69903950,0,0.22959088
vib_ball_fault_007,vibration,SPAN,2.0000,256,100,275,275,7.2727,-1.63961613,2.666444e-02,0.74492700,0,0.16910377
vib_ball_fault_007,vibration,REF_INTERP_ERROR,-1.0000,512,2,1511,1511,1.3236,15.56534491,5.075003e-04,0.08950150,0,1.00000000
vib_ball_fault_007,vibration,REF_VW_AREA,-1.0000,512,2,1511,1511,1.3236,14.94366562,5.856043e-04,0.10160350,0,1.00000000
vib_ball_fault_007,vibration,SPAN,0.0000,512,2,1511,1511,1.3236,15.56534491,5.075003e-04,0.08950150,0,1.00000000
vib_ball_fault_007,vibration,SPAN,0.2500,512,2,1511,1511,1.3236,15.32254766,5.366808e-04,0.09404950,0,1.00000000
vib_ball_fault_007,vibration,SPAN,0.5000,512,2,1511,1511,1.3236,15.18610449,5.538095e-04,0.09599900,0,1.00000000
vib_ball_fault_007,vibration,SPAN,0.7500,512,2,1511,1511,1.3236,14.98896914,5.795273e-04,0.10103500,0,1.00000000
vib_ball_fault_007,vibration,SPAN,1.0000,512,2,1511,1511,1.3236,14.94366562,5.856043e-04,0.10160350,0,1.00000000
vib_ball_fault_007,vibration,SPAN,1.2500,512,2,1511,1511,1.3236,14.81533035,6.031673e-04,0.10631400,0,1.00000000
vib_ball_fault_007,vibration,SPAN,1.5000,512,2,1511,1511,1.3236,14.73373241,6.146071e-04,0.10810050,0,1.00000000
vib_ball_fault_007,vibration,SPAN,2.0000,512,2,1511,1511,1.3236,14.57209380,6.379130e-04,0.11013100,0,1.00000000
vib_ball_fault_007,vibration,REF_INTERP_ERROR,-1.0000,512,3,1178,1178,1.6978,9.89568423,1.872416e-03,0.16395133,0,0.99621756
vib_ball_fault_007,vibration,REF_VW_AREA,-1.0000,512,3,1178,1178,1.6978,8.86258668,2.375265e-03,0.22302350,0,0.99585995
vib_ball_fault_007,vibration,SPAN,0.0000,512,3,1178,1178,1.6978,9.89568423,1.872416e-03,0.16395133,0,0.99621756
vib_ball_fault_007,vibration,SPAN,0.2500,512,3,1178,1178,1.6978,9.59936912,2.004629e-03,0.16925767,0,0.99621756
vib_ball_fault_007,vibration,SPAN,0.5000,512,3,1178,1178,1.6978,9.31864238,2.138487e-03,0.23336533,0,0.99596681
vib_ball_fault_007,vibration,SPAN,0.7500,512,3,1178,1178,1.6978,9.19108966,2.202226e-03,0.20824200,0,0.99560630
vib_ball_fault_007,vibration,SPAN,1.0000,512,3,1178,1178,1.6978,8.86258668,2.375265e-03,0.22302350,0,0.99585995
vib_ball_fault_007,vibration,SPAN,1.2500,512,3,1178,1178,1.6978,8.53889747,2.559064e-03,0.24998750,0,0.99585995
vib_ball_fault_007,vibration,SPAN,1.5000,512,3,1178,1178,1.6978,8.41684731,2.632001e-03,0.28702250,0,0.99585995
vib_ball_fault_007,vibration,SPAN,2.0000,512,3,1178,1178,1.6978,7.93188473,2.942946e-03,0.28889050,0,0.99586530
vib_ball_fault_007,vibration,REF_INTERP_ERROR,-1.0000,512,5,911,911,2.1954,6.20178206,4.383213e-03,0.25110840,0,0.97698395
vib_ball_fault_007,vibration,REF_VW_AREA,-1.0000,512,5,911,911,2.1954,5.22120155,5.493519e-03,0.36206700,0,0.97292419
vib_ball_fault_007,vibration,SPAN,0.0000,512,5,911,911,2.1954,6.20178206,4.383213e-03,0.25110840,0,0.97698395
vib_ball_fault_007,vibration,SPAN,0.2500,512,5,911,911,2.1954,6.45998058,4.130216e-03,0.24996944,0,0.97307179
vib_ball_fault_007,vibration,SPAN,0.5000,512,5,911,911,2.1954,6.10317278,4.483875e-03,0.27337867,0,0.97261462
vib_ball_fault_007,vibration,SPAN,0.7500,512,5,911,911,2.1954,5.78870817,4.820588e-03,0.29904350,0,0.97320639
vib_ball_fault_007,vibration,SPAN,1.0000,512,5,911,911,2.1954,5.22120155,5.493519e-03,0.36206700,0,0.97292419
vib_ball_fault_007,vibration,SPAN,1.2500,512,5,911,911,2.1954,4.76327371,6.104406e-03,0.40895733,0,0.97264861
vib_ball_fault_007,vibration,SPAN,1.5000,512,5,911,911,2.1954,4.75113992,6.121485e-03,0.33081520,0,0.97245401
vib_ball_fault_007,vibration,SPAN,2.0000,512,5,911,911,2.1954,3.93844944,7.381181e-03,0.40895733,0,0.97247205
vib_ball_fault_007,vibration,REF_INTERP_ERROR,-1.0000,512,10,711,711,2.8129,4.15107582,7.028509e-03,0.29455669,0,0.93161884
vib_ball_fault_007,vibration,REF_VW_AREA,-1.0000,512,10,711,711,2.8129,3.21709317,8.714882e-03,0.37749900,0,0.91552005
vib_ball_fault_007,vibration,SPAN,0.0000,512,10,711,711,2.8129,4.15107582,7.028509e-03,0.29455669,0,0.93161884
vib_ball_fault_007,vibration,SPAN,0.2500,512,10,711,711,2.8129,3.96192801,7.341385e-03,0.31985786,0,0.93483272
vib_ball_fault_007,vibration,SPAN,0.5000,512,10,711,711,2.8129,3.97121290,7.325707e-03,0.34650100,0,0.93648139
vib_ball_fault_007,vibration,SPAN,0.7500,512,10,711,711,2.8129,3.44364644,8.271917e-03,0.36950667,0,0.92368899
vib_ball_fault_007,vibration,SPAN,1.0000,512,10,711,711,2.8129,3.21709317,8.714882e-03,0.37749900,0,0.91552005
vib_ball_fault_007,vibration,SPAN,1.2500,512,10,711,711,2.8129,2.90093424,9.372974e-03,0.37749900,0,0.90751166
vib_ball_fault_007,vibration,SPAN,1.5000,512,10,711,711,2.8129,2.26323253,1.085544e-02,0.48162033,0,0.89143120
vib_ball_fault_007,vibration,SPAN,2.0000,512,10,711,711,2.8129,1.71095715,1.232750e-02,0.40895733,0,0.86583540
vib_ball_fault_007,vibration,REF_INTERP_ERROR,-1.0000,512,20,611,611,3.2733,2.49943527,1.028081e-02,0.40468033,0,0.82849975
vib_ball_fault_007,vibration,REF_VW_AREA,-1.0000,512,20,611,611,3.2733,2.24201421,1.090861e-02,0.45421514,0,0.79996844
vib_ball_fault_007,vibration,SPAN,0.0000,512,20,611,611,3.2733,2.49943527,1.028081e-02,0.40468033,0,0.82849975
vib_ball_fault_007,vibration,SPAN,0.2500,512,20,611,611,3.2733,2.77371825,9.651593e-03,0.35203641,0,0.87044533
vib_ball_fault_007,vibration,SPAN,0.5000,512,20,611,611,3.2733,2.88034260,9.417520e-03,0.40485290,0,0.86970965
vib_ball_fault_007,vibration,SPAN,0.7500,512,20,611,611,3.2733,2.63126418,9.973427e-03,0.37749900,0,0.81778937
vib_ball_fault_007,vibration,SPAN,1.0000,512,20,611,611,3.2733,2.24201421,1.090861e-02,0.45421514,0,0.79996844
vib_ball_fault_007,vibration,SPAN,1.2500,512,20,611,611,3.2733,1.90501624,1.178879e-02,0.39512300,0,0.78493153
vib_ball_fault_007,vibration,SPAN,1.5000,512,20,611,611,3.2733,1.33157146,1.345283e-02,0.51432367,0,0.79499694
vib_ball_fault_007,vibration,SPAN,2.0000,512,20,611,611,3.2733,0.78984156,1.524006e-02,0.45421514,0,0.78766283
vib_ball_fault_007,vibration,REF_INTERP_ERROR,-1.0000,512,50,551,551,3.6298,1.60996028,1.261754e-02,0.40468033,0,0.80833934
vib_ball_fault_007,vibration,REF_VW_AREA,-1.0000,512,50,551,551,3.6298,1.69711081,1.236687e-02,0.38632478,0,0.76365496
vib_ball_fault_007,vibration,SPAN,0.0000,512,50,551,551,3.6298,1.60996028,1.261754e-02,0.40468033,0,0.80833934
vib_ball_fault_007,vibration,SPAN,0.2500,512,50,551,551,3.6298,2.34413357,1.065510e-02,0.47258459,0,0.82858660
vib_ball_fault_007,vibration,SPAN,0.5000,512,50,551,551,3.6298,2.10280669,1.126394e-02,0.37888775,0,0.78507784
vib_ball_fault_007,vibration,SPAN,0.7500,512,50,551,551,3.6298,1.79548173,1.208990e-02,0.50346767,0,0.77397724
vib_ball_fault_007,vibration,SPAN,1.0000,512,50,551,551,3.6298,1.69711081,1.236687e-02,0.38632478,0,0.76365496
vib_ball_fault_007,vibration,SPAN,1.2500,512,50,551,551,3.6298,1.18000521,1.393062e-02,0.51432367,0,0.74842543
vib_ball_fault_007,vibration,SPAN,1.5000,512,50,551,551,3.6298,0.95473206,1.467228e-02,0.47152586,0,0.74388034
vib_ball_fault_007,vibration,SPAN,2.0000,512,50,551,551,3.6298,0.35929536,1.682834e-02,0.48922220,0,0.66059720
vib_ball_fault_007,vibration,REF_INTERP_ERROR,-1.0000,512,100,531,531,3.7665,1.64018711,1.253003e-02,0.41615838,0,0.77448640
vib_ball_fault_007,vibration,REF_VW_AREA,-1.0000,512,100,531,531,3.7665,1.34594620,1.340838e-02,0.46884167,0,0.72878159
vib_ball_fault_007,vibration,SPAN,0.0000,512,100,531,531,3.7665,1.64018711,1.253003e-02,0.41615838,0,0.77448640
vib_ball_fault_007,vibration,SPAN,0.2500,512,100,531,531,3.7665,2.25310723,1.088078e-02,0.47258459,0,0.82377752
vib_ball_fault_007,vibration,SPAN,0.5000,512,100,531,531,3.7665,1.98832213,1.156481e-02,0.38302112,0,0.77852695
vib_ball_fault_007,vibration,SPAN,0.7500,512,100,531,531,3.7665,1.80690017,1.205815e-02,0.40498453,0,0.76459422
vib_ball_fault_007,vibration,SPAN,1.0000,512,100,531,531,3.7665,1.34594620,1.340838e-02,0.46884167,0,0.72878159
vib_ball_fault_007,vibration,SPAN,1.2500,512,100,531,531,3.7665,0.99099399,1.455028e-02,0.51432367,0,0.73357471
vib_ball_fault_007,vibration,SPAN,1.5000,512,100,531,531,3.7665,0.92580976,1.477032e-02,0.43616114,0,0.71399189
vib_ball_fault_007,vibration,SPAN,2.0000,512,100,531,531,3.7665,0.26819993,1.718505e-02,0.49169100,0,0.63952333
