alpha,beta,gamma,window_half,signal,trial,snr_db,mse,deriv_ratio,max_error,drops,snr_saturated
0.1,0.1,0.8,2,sine,0,24.6665,1.702568e-03,0.6958,1.9108e-01,534,0
0.1,0.1,0.8,2,sine,1,24.4638,1.783886e-03,0.6970,1.9108e-01,534,0
0.1,0.1,0.8,2,sine,2,24.8324,1.638755e-03,0.6940,1.9108e-01,537,0
0.1,0.1,0.8,2,chirp,0,24.4714,1.715768e-03,0.7529,1.5828e-01,533,0
0.1,0.1,0.8,2,chirp,1,24.4948,1.706566e-03,0.7472,1.5018e-01,533,0
0.1,0.1,0.8,2,chirp,2,24.4667,1.717625e-03,0.7462,1.6752e-01,535,0
0.1,0.1,0.8,2,spikes,0,11.9455,1.455440e-03,0.7648,1.6322e-01,530,0
0.1,0.1,0.8,2,spikes,1,11.7935,1.507262e-03,0.7561,2.0016e-01,536,0
0.1,0.1,0.8,2,spikes,2,11.7546,1.520843e-03,0.7519,1.6595e-01,532,0
0.1,0.1,0.8,2,ecg,0,33.9089,5.320014e-11,0.8797,3.1667e-05,531,0
0.1,0.1,0.8,2,ecg,1,33.3905,5.994426e-11,0.8767,3.3077e-05,538,0
0.1,0.1,0.8,2,ecg,2,33.6583,5.636037e-11,0.8752,3.1667e-05,537,0
0.1,0.2,0.7,2,sine,0,25.5557,1.387331e-03,0.6995,1.4706e-01,537,0
0.1,0.2,0.7,2,sine,1,24.9652,1.589385e-03,0.6973,1.9373e-01,535,0
0.1,0.2,0.7,2,sine,2,25.4630,1.417273e-03,0.7017,1.4934e-01,537,0
0.1,0.2,0.7,2,chirp,0,24.1386,1.852426e-03,0.7254,1.5105e-01,537,0
0.1,0.2,0.7,2,chirp,1,23.9647,1.928084e-03,0.7327,2.1545e-01,533,0
0.1,0.2,0.7,2,chirp,2,24.3850,1.750243e-03,0.7267,1.6293e-01,533,0
0.1,0.2,0.7,2,spikes,0,11.5131,1.607821e-03,0.7463,1.5584e-01,536,0
0.1,0.2,0.7,2,spikes,1,11.6382,1.562149e-03,0.7542,1.4973e-01,537,0
0.1,0.2,0.7,2,spikes,2,11.1919,1.731226e-03,0.7462,1.5570e-01,535,0
0.1,0.2,0.7,2,ecg,0,33.1999,6.263441e-11,0.8792,3.4444e-05,535,0
0.1,0.2,0.7,2,ecg,1,33.6250,5.679396e-11,0.8802,3.0789e-05,537,0
0.1,0.2,0.7,2,ecg,2,33.8721,5.365243e-11,0.8752,3.3000e-05,535,0
0.1,0.3,0.6,2,sine,0,25.5218,1.398218e-03,0.6774,1.4706e-01,532,0
0.1,0.3,0.6,2,sine,1,25.4199,1.431407e-03,0.6892,1.6357e-01,527,0
0.1,0.3,0.6,2,sine,2,24.9487,1.595423e-03,0.6729,1.7942e-01,533,0
0.1,0.3,0.6,2,chirp,0,24.3143,1.778980e-03,0.7242,1.4722e-01,533,0
0.1,0.3,0.6,2,chirp,1,24.2886,1.789515e-03,0.7126,1.4177e-01,533,0
0.1,0.3,0.6,2,chirp,2,24.2005,1.826210e-03,0.7085,1.7176e-01,533,0
0.1,0.3,0.6,2,spikes,0,11.6377,1.562339e-03,0.7480,1.5322e-01,536,0
0.1,0.3,0.6,2,spikes,1,11.4555,1.629283e-03,0.7481,1.5322e-01,535,0
0.1,0.3,0.6,2,spikes,2,11.3042,1.687029e-03,0.7439,1.7327e-01,535,0
0.1,0.3,0.6,2,ecg,0,33.8618,5.377982e-11,0.8782,2.8333e-05,533,0
0.1,0.3,0.6,2,ecg,1,33.4577,5.902436e-11,0.8827,4.0000e-05,534,0
0.1,0.3,0.6,2,ecg,2,33.6764,5.612481e-11,0.8807,3.4444e-05,533,0
0.1,0.4,0.5,2,sine,0,25.1366,1.527877e-03,0.6691,1.4934e-01,532,0
0.1,0.4,0.5,2,sine,1,25.1221,1.533004e-03,0.6690,1.8310e-01,537,0
0.1,0.4,0.5,2,sine,2,24.7077,1.686458e-03,0.6648,1.9373e-01,535,0
0.1,0.4,0.5,2,chirp,0,23.9163,1.949691e-03,0.6874,2.1545e-01,535,0
0.1,0.4,0.5,2,chirp,1,23.9705,1.925540e-03,0.6966,2.1545e-01,534,0
0.1,0.4,0.5,2,chirp,2,23.4624,2.164523e-03,0.6894,2.1545e-01,537,0
0.1,0.4,0.5,2,spikes,0,11.0789,1.776852e-03,0.7313,1.9398e-01,536,0
0.1,0.4,0.5,2,spikes,1,11.2063,1.725493e-03,0.7375,1.7566e-01,539,0
0.1,0.4,0.5,2,spikes,2,11.8214,1.497631e-03,0.7391,1.8030e-01,533,0
0.1,0.4,0.5,2,ecg,0,33.3305,6.077848e-11,0.8772,4.2500e-05,537,0
0.1,0.4,0.5,2,ecg,1,34.1671,5.012860e-11,0.8713,3.2273e-05,537,0
0.1,0.4,0.5,2,ecg,2,33.6522,5.643919e-11,0.8812,3.0833e-05,531,0
0.1,0.5,0.4,2,sine,0,24.9050,1.611578e-03,0.6602,1.9373e-01,530,0
0.1,0.5,0.4,2,sine,1,25.2563,1.486345e-03,0.6613,1.8595e-01,534,0
0.1,0.5,0.4,2,sine,2,24.7664,1.663841e-03,0.6587,1.9373e-01,537,0
0.1,0.5,0.4,2,chirp,0,24.3769,1.753499e-03,0.6915,1.6963e-01,537,0
0.1,0.5,0.4,2,chirp,1,24.1993,1.826732e-03,0.6868,1.8165e-01,537,0
0.1,0.5,0.4,2,chirp,2,24.2443,1.807871e-03,0.6864,1.6986e-01,539,0
0.1,0.5,0.4,2,spikes,0,11.5179,1.606045e-03,0.7293,1.6355e-01,527,0
0.1,0.5,0.4,2,spikes,1,12.0695,1.414457e-03,0.7278,1.3435e-01,536,0
0.1,0.5,0.4,2,spikes,2,11.6469,1.559033e-03,0.7335,1.6355e-01,537,0
0.1,0.5,0.4,2,ecg,0,33.4830,5.868135e-11,0.8713,5.8333e-05,536,0
0.1,0.5,0.4,2,ecg,1,33.2142,6.242823e-11,0.8618,5.8333e-05,538,0
0.1,0.5,0.4,2,ecg,2,33.5606,5.764146e-11,0.8708,5.8333e-05,534,0
0.1,0.6,0.3,2,sine,0,25.0364,1.563537e-03,0.6568,1.6357e-01,531,0
0.1,0.6,0.3,2,sine,1,24.8923,1.616306e-03,0.6414,1.8310e-01,534,0
0.1,0.6,0.3,2,sine,2,25.1192,1.534013e-03,0.6412,1.8310e-01,537,0
0.1,0.6,0.3,2,chirp,0,24.2276,1.814856e-03,0.6868,1.8340e-01,535,0
0.1,0.6,0.3,2,chirp,1,24.0839,1.875883e-03,0.6729,1.8341e-01,534,0
0.1,0.6,0.3,2,chirp,2,24.2566,1.802757e-03,0.6945,1.6868e-01,533,0
0.1,0.6,0.3,2,spikes,0,11.3448,1.671327e-03,0.7131,1.6669e-01,536,0
0.1,0.6,0.3,2,spikes,1,11.8053,1.503183e-03,0.7277,1.6355e-01,534,0
0.1,0.6,0.3,2,spikes,2,11.6731,1.549638e-03,0.7274,1.7033e-01,523,0
0.1,0.6,0.3,2,ecg,0,32.8963,6.716841e-11,0.8663,5.8333e-05,524,0
0.1,0.6,0.3,2,ecg,1,33.1400,6.350430e-11,0.8738,5.8333e-05,535,0
0.1,0.6,0.3,2,ecg,2,33.1872,6.281801e-11,0.8693,5.8333e-05,536,0
0.1,0.7,0.2,2,sine,0,24.7958,1.652600e-03,0.6196,1.7517e-01,528,0
0.1,0.7,0.2,2,sine,1,24.8133,1.645961e-03,0.6063,1.8310e-01,536,0
0.1,0.7,0.2,2,sine,2,24.7316,1.677234e-03,0.6346,1.7517e-01,534,0
0.1,0.7,0.2,2,chirp,0,23.8533,1.978217e-03,0.6540,1.6934e-01,537,0
0.1,0.7,0.2,2,chirp,1,23.9209,1.947633e-03,0.6579,1.7176e-01,533,0
0.1,0.7,0.2,2,chirp,2,24.0020,1.911603e-03,0.6513,1.5979e-01,536,0
0.1,0.7,0.2,2,spikes,0,11.1814,1.735415e-03,0.7027,1.6669e-01,532,0
0.1,0.7,0.2,2,spikes,1,11.6755,1.548803e-03,0.7110,1.5794e-01,534,0
0.1,0.7,0.2,2,spikes,2,11.2480,1.709006e-03,0.7149,1.7385e-01,534,0
0.1,0.7,0.2,2,ecg,0,32.5359,7.298134e-11,0.8638,7.0000e-05,531,0
0.1,0.7,0.2,2,ecg,1,32.0048,8.247523e-11,0.8613,7.0000e-05,537,0
0.1,0.7,0.2,2,ecg,2,32.9766,6.593889e-11,0.8583,5.8333e-05,535,0
0.1,0.8,0.1,2,sine,0,24.5881,1.733548e-03,0.5981,1.7517e-01,537,0
0.1,0.8,0.1,2,sine,1,24.9032,1.612239e-03,0.6056,1.8654e-01,537,0
0.1,0.8,0.1,2,sine,2,24.4782,1.777981e-03,0.6053,2.2835e-01,537,0
0.1,0.8,0.1,2,chirp,0,23.9543,1.932720e-03,0.6524,1.6934e-01,534,0
0.1,0.8,0.1,2,chirp,1,23.8753,1.968202e-03,0.6417,1.6934e-01,534,0
0.1,0.8,0.1,2,chirp,2,24.1044,1.867055e-03,0.6572,1.6934e-01,532,0
0.1,0.8,0.1,2,spikes,0,11.5630,1.589450e-03,0.7114,1.6669e-01,534,0
0.1,0.8,0.1,2,spikes,1,11.3301,1.676984e-03,0.6939,1.6669e-01,533,0
0.1,0.8,0.1,2,spikes,2,11.5953,1.577664e-03,0.7018,1.7385e-01,536,0
0.1,0.8,0.1,2,ecg,0,32.6498,7.109205e-11,0.8623,7.0000e-05,534,0
0.1,0.8,0.1,2,ecg,1,32.7491,6.948414e-11,0.8663,5.7500e-05,535,0
0.1,0.8,0.1,2,ecg,2,32.6276,7.145673e-11,0.8583,7.0000e-05,534,0
0.2,0.1,0.7,2,sine,0,24.2619,1.868810e-03,0.7067,1.8306e-01,535,0
0.2,0.1,0.7,2,sine,1,24.6220,1.720097e-03,0.7169,1.7391e-01,537,0
0.2,0.1,0.7,2,sine,2,24.3480,1.832099e-03,0.7053,1.7391e-01,534,0
0.2,0.1,0.7,2,chirp,0,23.4597,2.165852e-03,0.7568,1.9823e-01,530,0
0.2,0.1,0.7,2,chirp,1,23.3667,2.212730e-03,0.7531,1.9823e-01,536,0
0.2,0.1,0.7,2,chirp,2,23.5499,2.121349e-03,0.7591,2.1830e-01,533,0
0.2,0.1,0.7,2,spikes,0,11.3879,1.654826e-03,0.7659,1.5148e-01,537,0
0.2,0.1,0.7,2,spikes,1,11.4756,1.621736e-03,0.7676,1.5148e-01,533,0
0.2,0.1,0.7,2,spikes,2,11.5025,1.611736e-03,0.7739,1.6264e-01,534,0
0.2,0.1,0.7,2,ecg,0,33.3708,6.021688e-11,0.8926,3.0000e-05,529,0
0.2,0.1,0.7,2,ecg,1,33.1580,6.324148e-11,0.8807,3.3750e-05,537,0
0.2,0.1,0.7,2,ecg,2,33.1767,6.296876e-11,0.8847,3.1667e-05,533,0
0.2,0.2,0.6,2,sine,0,24.8034,1.649717e-03,0.7023,1.8241e-01,528,0
0.2,0.2,0.6,2,sine,1,24.8666,1.625884e-03,0.6886,1.6357e-01,540,0
0.2,0.2,0.6,2,sine,2,25.0945,1.542777e-03,0.7011,1.6357e-01,529,0
0.2,0.2,0.6,2,chirp,0,22.4046,2.761485e-03,0.7443,3.3940e-01,536,0
0.2,0.2,0.6,2,chirp,1,24.0293,1.899621e-03,0.7473,2.1830e-01,533,0
0.2,0.2,0.6,2,chirp,2,23.5314,2.130375e-03,0.7503,2.0070e-01,538,0
0.2,0.2,0.6,2,spikes,0,10.8642,1.866916e-03,0.7648,1.9361e-01,531,0
0.2,0.2,0.6,2,spikes,1,11.0319,1.796173e-03,0.7553,1.9097e-01,537,0
0.2,0.2,0.6,2,spikes,2,10.9965,1.810878e-03,0.7617,1.5095e-01,534,0
0.2,0.2,0.6,2,ecg,0,33.4120,5.964818e-11,0.8832,3.3846e-05,529,0
0.2,0.2,0.6,2,ecg,1,33.9591,5.258807e-11,0.8807,3.1667e-05,533,0
0.2,0.2,0.6,2,ecg,2,33.6992,5.583212e-11,0.8792,3.1667e-05,534,0
0.2,0.3,0.5,2,sine,0,24.8419,1.635157e-03,0.6883,1.9373e-01,537,0
0.2,0.3,0.5,2,sine,1,24.5642,1.743125e-03,0.6933,1.9373e-01,534,0
0.2,0.3,0.5,2,sine,2,24.5720,1.739996e-03,0.6952,1.9373e-01,534,0
0.2,0.3,0.5,2,chirp,0,23.7330,2.033775e-03,0.7308,2.1545e-01,531,0
0.2,0.3,0.5,2,chirp,1,23.2733,2.260819e-03,0.7305,2.1545e-01,534,0
0.2,0.3,0.5,2,chirp,2,23.7188,2.040440e-03,0.7248,2.1545e-01,537,0
0.2,0.3,0.5,2,spikes,0,11.4675,1.624774e-03,0.7578,1.7327e-01,534,0
0.2,0.3,0.5,2,spikes,1,11.2337,1.714652e-03,0.7600,2.0428e-01,533,0
0.2,0.3,0.5,2,spikes,2,11.5430,1.596766e-03,0.7547,1.8066e-01,534,0
0.2,0.3,0.5,2,ecg,0,33.8521,5.390037e-11,0.8777,2.8000e-05,534,0
0.2,0.3,0.5,2,ecg,1,33.5071,5.835622e-11,0.8812,2.8333e-05,533,0
0.2,0.3,0.5,2,ecg,2,33.6114,5.697187e-11,0.8797,3.3077e-05,534,0
0.2,0.4,0.4,2,sine,0,25.2265,1.496578e-03,0.6990,1.9373e-01,532,0
0.2,0.4,0.4,2,sine,1,24.5754,1.738634e-03,0.6876,1.9373e-01,531,0
0.2,0.4,0.4,2,sine,2,24.8086,1.647745e-03,0.6887,1.9373e-01,532,0
0.2,0.4,0.4,2,chirp,0,23.8124,1.996899e-03,0.7226,2.1830e-01,534,0
0.2,0.4,0.4,2,chirp,1,23.7685,2.017206e-03,0.7287,2.1830e-01,534,0
0.2,0.4,0.4,2,chirp,2,23.8484,1.980455e-03,0.7257,1.9575e-01,535,0
0.2,0.4,0.4,2,spikes,0,11.1890,1.732363e-03,0.7452,1.9833e-01,535,0
0.2,0.4,0.4,2,spikes,1,11.3865,1.655350e-03,0.7518,1.9833e-01,521,0
0.2,0.4,0.4,2,spikes,2,11.2676,1.701299e-03,0.7454,1.9361e-01,534,0
0.2,0.4,0.4,2,ecg,0,33.6878,5.597852e-11,0.8802,3.5000e-05,533,0
0.2,0.4,0.4,2,ecg,1,33.2151,6.241462e-11,0.8797,4.0000e-05,534,0
0.2,0.4,0.4,2,ecg,2,33.7046,5.576220e-11,0.8807,2.8333e-05,534,0
0.2,0.5,0.3,2,sine,0,24.6853,1.695205e-03,0.6940,1.9373e-01,534,0
0.2,0.5,0.3,2,sine,1,24.7516,1.669497e-03,0.6949,1.9373e-01,536,0
0.2,0.5,0.3,2,sine,2,24.5518,1.748121e-03,0.6928,1.9373e-01,534,0
0.2,0.5,0.3,2,chirp,0,23.2759,2.259499e-03,0.7089,2.1830e-01,533,0
0.2,0.5,0.3,2,chirp,1,23.7753,2.014044e-03,0.7031,2.1830e-01,533,0
0.2,0.5,0.3,2,chirp,2,23.3203,2.236518e-03,0.6960,2.1830e-01,536,0
0.2,0.5,0.3,2,spikes,0,11.0547,1.786802e-03,0.7478,1.7348e-01,532,0
0.2,0.5,0.3,2,spikes,1,10.9852,1.815626e-03,0.7435,1.8030e-01,537,0
0.2,0.5,0.3,2,spikes,2,11.7604,1.518806e-03,0.7541,1.7348e-01,529,0
0.2,0.5,0.3,2,ecg,0,33.3865,6.000037e-11,0.8797,3.4444e-05,537,0
0.2,0.5,0.3,2,ecg,1,33.4414,5.924620e-11,0.8728,3.4444e-05,535,0
0.2,0.5,0.3,2,ecg,2,33.7279,5.546403e-11,0.8812,3.7143e-05,534,0
0.2,0.6,0.2,2,sine,0,24.5914,1.732230e-03,0.6809,1.9373e-01,533,0
0.2,0.6,0.2,2,sine,1,24.6721,1.700342e-03,0.6879,1.9373e-01,535,0
0.2,0.6,0.2,2,sine,2,24.2721,1.864413e-03,0.6802,1.9627e-01,535,0
0.2,0.6,0.2,2,chirp,0,23.6468,2.074526e-03,0.6969,2.1830e-01,537,0
0.2,0.6,0.2,2,chirp,1,23.6128,2.090832e-03,0.6906,2.1830e-01,534,0
0.2,0.6,0.2,2,chirp,2,23.7924,2.006124e-03,0.6957,2.1830e-01,536,0
0.2,0.6,0.2,2,spikes,0,11.6541,1.556441e-03,0.7396,1.8030e-01,532,0
0.2,0.6,0.2,2,spikes,1,11.6508,1.557611e-03,0.7274,1.8030e-01,533,0
0.2,0.6,0.2,2,spikes,2,11.1328,1.754926e-03,0.7412,2.0016e-01,533,0
0.2,0.6,0.2,2,ecg,0,32.9962,6.564099e-11,0.8812,4.1304e-05,535,0
0.2,0.6,0.2,2,ecg,1,33.4622,5.896251e-11,0.8772,4.1304e-05,531,0
0.2,0.6,0.2,2,ecg,2,33.2513,6.189660e-11,0.8807,4.0000e-05,536,0
0.2,0.7,0.1,2,sine,0,25.3453,1.456214e-03,0.6684,1.7517e-01,534,0
0.2,0.7,0.1,2,sine,1,24.9284,1.602932e-03,0.6816,1.9373e-01,533,0
0.2,0.7,0.1,2,sine,2,24.7349,1.675940e-03,0.6738,1.9373e-01,535,0
0.2,0.7,0.1,2,chirp,0,24.0257,1.901198e-03,0.6886,1.9017e-01,534,0
0.2,0.7,0.1,2,chirp,1,24.0962,1.870576e-03,0.6884,1.9311e-01,536,0
0.2,0.7,0.1,2,chirp,2,24.0458,1.892424e-03,0.6977,1.9575e-01,533,0
0.2,0.7,0.1,2,spikes,0,11.7002,1.540024e-03,0.7488,1.7516e-01,533,0
0.2,0.7,0.1,2,spikes,1,11.4232,1.641428e-03,0.7204,1.7516e-01,532,0
0.2,0.7,0.1,2,spikes,2,11.5114,1.608418e-03,0.7322,1.8123e-01,538,0
0.2,0.7,0.1,2,ecg,0,33.8739,5.363073e-11,0.8822,3.2273e-05,534,0
0.2,0.7,0.1,2,ecg,1,33.3970,5.985507e-11,0.8787,3.1923e-05,534,0
0.2,0.7,0.1,2,ecg,2,33.6672,5.624469e-11,0.8782,3.1923e-05,533,0
0.3,0.1,0.6,2,sine,0,24.7201,1.681680e-03,0.7231,1.8306e-01,533,0
0.3,0.1,0.6,2,sine,1,24.7178,1.682561e-03,0.7239,1.8306e-01,533,0
0.3,0.1,0.6,2,sine,2,24.7964,1.652398e-03,0.7295,1.8306e-01,534,0
0.3,0.1,0.6,2,chirp,0,23.2232,2.287077e-03,0.7593,2.1545e-01,533,0
0.3,0.1,0.6,2,chirp,1,23.4190,2.186230e-03,0.7632,2.1830e-01,534,0
0.3,0.1,0.6,2,chirp,2,23.0319,2.390071e-03,0.7539,2.1830e-01,535,0
0.3,0.1,0.6,2,spikes,0,11.3231,1.679698e-03,0.7847,1.6322e-01,533,0
0.3,0.1,0.6,2,spikes,1,11.3091,1.685135e-03,0.7813,1.6322e-01,534,0
0.3,0.1,0.6,2,spikes,2,11.2060,1.725593e-03,0.7770,1.9433e-01,533,0
0.3,0.1,0.6,2,ecg,0,33.6879,5.597654e-11,0.8827,3.4667e-05,536,0
0.3,0.1,0.6,2,ecg,1,33.9437,5.277529e-11,0.8877,2.8333e-05,544,0
0.3,0.1,0.6,2,ecg,2,33.7255,5.549397e-11,0.8917,2.8889e-05,532,0
0.3,0.2,0.5,2,sine,0,23.9990,1.985403e-03,0.7110,1.9373e-01,533,0
0.3,0.2,0.5,2,sine,1,24.3953,1.812264e-03,0.7124,1.7391e-01,533,0
0.3,0.2,0.5,2,sine,2,24.3894,1.814744e-03,0.7157,1.7391e-01,533,0
0.3,0.2,0.5,2,chirp,0,23.7028,2.047959e-03,0.7614,2.1830e-01,536,0
0.3,0.2,0.5,2,chirp,1,23.7905,2.006995e-03,0.7521,2.1545e-01,533,0
0.3,0.2,0.5,2,chirp,2,23.8599,1.975180e-03,0.7575,2.1545e-01,534,0
0.3,0.2,0.5,2,spikes,0,11.3587,1.666005e-03,0.7702,1.5380e-01,533,0
0.3,0.2,0.5,2,spikes,1,11.3262,1.678519e-03,0.7728,1.6264e-01,533,0
0.3,0.2,0.5,2,spikes,2,11.4255,1.640546e-03,0.7705,1.6264e-01,531,0
0.3,0.2,0.5,2,ecg,0,33.3651,6.029600e-11,0.8817,3.1667e-05,532,0
0.3,0.2,0.5,2,ecg,1,33.4849,5.865528e-11,0.8817,2.8889e-05,538,0
0.3,0.2,0.5,2,ecg,2,33.4787,5.873929e-11,0.8857,3.0000e-05,533,0
0.3,0.3,0.4,2,sine,0,24.8499,1.632138e-03,0.7103,1.6357e-01,532,0
0.3,0.3,0.4,2,sine,1,24.4205,1.801778e-03,0.7014,1.9373e-01,534,0
0.3,0.3,0.4,2,sine,2,24.5353,1.754760e-03,0.7038,1.9373e-01,536,0
0.3,0.3,0.4,2,chirp,0,23.3958,2.197939e-03,0.7413,2.1830e-01,533,0
0.3,0.3,0.4,2,chirp,1,23.3512,2.220651e-03,0.7470,2.1830e-01,537,0
0.3,0.3,0.4,2,chirp,2,23.6345,2.080401e-03,0.7429,2.1830e-01,534,0
0.3,0.3,0.4,2,spikes,0,11.2865,1.693911e-03,0.7492,1.4932e-01,537,0
0.3,0.3,0.4,2,spikes,1,11.1204,1.759945e-03,0.7588,1.7519e-01,533,0
0.3,0.3,0.4,2,spikes,2,10.9984,1.810117e-03,0.7513,1.9361e-01,537,0
0.3,0.3,0.4,2,ecg,0,33.8490,5.393845e-11,0.8837,3.1667e-05,527,0
0.3,0.3,0.4,2,ecg,1,33.7236,5.551818e-11,0.8802,3.1667e-05,534,0
0.3,0.3,0.4,2,ecg,2,33.5149,5.825193e-11,0.8787,3.1667e-05,534,0
0.3,0.4,0.3,2,sine,0,24.0759,1.950569e-03,0.6905,1.9373e-01,537,0
0.3,0.4,0.3,2,sine,1,24.5148,1.763087e-03,0.6913,1.9373e-01,537,0
0.3,0.4,0.3,2,sine,2,24.3413,1.834949e-03,0.6947,1.9373e-01,533,0
0.3,0.4,0.3,2,chirp,0,23.1433,2.329545e-03,0.7236,2.1830e-01,537,0
0.3,0.4,0.3,2,chirp,1,23.5141,2.138888e-03,0.7260,2.1830e-01,537,0
0.3,0.4,0.3,2,chirp,2,23.4863,2.152618e-03,0.7299,2.1830e-01,530,0
0.3,0.4,0.3,2,spikes,0,10.8583,1.869455e-03,0.7569,1.9097e-01,534,0
0.3,0.4,0.3,2,spikes,1,10.8402,1.877269e-03,0.7562,1.9097e-01,533,0
0.3,0.4,0.3,2,spikes,2,10.9107,1.847025e-03,0.7527,1.9097e-01,534,0
0.3,0.4,0.3,2,ecg,0,33.5961,5.717286e-11,0.8782,3.3000e-05,531,0
0.3,0.4,0.3,2,ecg,1,33.6315,5.670894e-11,0.8802,3.0789e-05,534,0
0.3,0.4,0.3,2,ecg,2,33.8850,5.349315e-11,0.8852,2.8333e-05,533,0
0.3,0.5,0.2,2,sine,0,24.2481,1.874718e-03,0.6912,1.9373e-01,532,0
0.3,0.5,0.2,2,sine,1,24.6428,1.711869e-03,0.7100,1.9373e-01,534,0
0.3,0.5,0.2,2,sine,2,24.6014,1.728265e-03,0.7089,1.9373e-01,534,0
0.3,0.5,0.2,2,chirp,0,23.2439,2.276219e-03,0.7289,2.1830e-01,535,0
0.3,0.5,0.2,2,chirp,1,23.4720,2.159724e-03,0.7275,2.1830e-01,532,0
0.3,0.5,0.2,2,chirp,2,23.3033,2.245304e-03,0.7218,2.1830e-01,534,0
0.3,0.5,0.2,2,spikes,0,11.4448,1.633289e-03,0.7561,1.8030e-01,533,0
0.3,0.5,0.2,2,spikes,1,11.1549,1.746053e-03,0.7591,2.0428e-01,534,0
0.3,0.5,0.2,2,spikes,2,11.6229,1.567681e-03,0.7596,1.8030e-01,532,0
0.3,0.5,0.2,2,ecg,0,33.2792,6.150068e-11,0.8797,3.3000e-05,532,0
0.3,0.5,0.2,2,ecg,1,33.0221,6.525126e-11,0.8802,3.4444e-05,530,0
0.3,0.5,0.2,2,ecg,2,33.7412,5.529410e-11,0.8842,2.9643e-05,533,0
0.3,0.6,0.1,2,sine,0,24.2226,1.885778e-03,0.6879,1.9373e-01,534,0
0.3,0.6,0.1,2,sine,1,24.8039,1.649526e-03,0.6827,1.8571e-01,534,0
0.3,0.6,0.1,2,sine,2,24.2626,1.868470e-03,0.6949,1.9373e-01,534,0
0.3,0.6,0.1,2,chirp,0,23.3864,2.202702e-03,0.7122,2.1830e-01,530,0
0.3,0.6,0.1,2,chirp,1,23.5079,2.141976e-03,0.7140,2.1830e-01,537,0
0.3,0.6,0.1,2,chirp,2,23.3899,2.200944e-03,0.7047,2.1830e-01,536,0
0.3,0.6,0.1,2,spikes,0,11.3082,1.685478e-03,0.7499,2.3238e-01,534,0
0.3,0.6,0.1,2,spikes,1,11.2266,1.717442e-03,0.7503,2.3238e-01,534,0
0.3,0.6,0.1,2,spikes,2,11.0911,1.771866e-03,0.7644,2.3238e-01,523,0
0.3,0.6,0.1,2,ecg,0,33.9409,5.280880e-11,0.8822,3.0789e-05,535,0
0.3,0.6,0.1,2,ecg,1,33.3399,6.064709e-11,0.8772,4.0000e-05,531,0
0.3,0.6,0.1,2,ecg,2,33.3594,6.037476e-11,0.8787,4.0000e-05,534,0
0.4,0.1,0.5,2,sine,0,24.7537,1.668702e-03,0.7382,1.8306e-01,537,0
0.4,0.1,0.5,2,sine,1,24.8285,1.640228e-03,0.7327,1.8306e-01,532,0
0.4,0.1,0.5,2,sine,2,24.6805,1.697076e-03,0.7364,1.8306e-01,534,0
0.4,0.1,0.5,2,chirp,0,23.4978,2.146944e-03,0.7688,1.9823e-01,533,0
0.4,0.1,0.5,2,chirp,1,23.8950,1.959281e-03,0.7679,1.8266e-01,536,0
0.4,0.1,0.5,2,chirp,2,24.0153,1.905756e-03,0.7764,1.8707e-01,534,0
0.4,0.1,0.5,2,spikes,0,11.2351,1.714102e-03,0.7893,1.8282e-01,539,0
0.4,0.1,0.5,2,spikes,1,11.3281,1.677783e-03,0.7920,1.8282e-01,533,0
0.4,0.1,0.5,2,spikes,2,11.3610,1.665111e-03,0.7887,1.6322e-01,532,0
0.4,0.1,0.5,2,ecg,0,33.9150,5.312490e-11,0.8912,2.9000e-05,535,0
0.4,0.1,0.5,2,ecg,1,33.5945,5.719332e-11,0.8912,3.0000e-05,537,0
0.4,0.1,0.5,2,ecg,2,33.9799,5.233678e-11,0.8921,2.5000e-05,538,0
0.4,0.2,0.4,2,sine,0,24.3201,1.843915e-03,0.7153,1.7391e-01,535,0
0.4,0.2,0.4,2,sine,1,24.2267,1.884004e-03,0.7259,1.9373e-01,528,0
0.4,0.2,0.4,2,sine,2,24.3495,1.831463e-03,0.7257,1.9373e-01,527,0
0.4,0.2,0.4,2,chirp,0,22.9785,2.419611e-03,0.7630,2.1830e-01,537,0
0.4,0.2,0.4,2,chirp,1,23.5097,2.141066e-03,0.7600,2.1830e-01,536,0
0.4,0.2,0.4,2,chirp,2,23.3248,2.234210e-03,0.7650,2.1830e-01,534,0
0.4,0.2,0.4,2,spikes,0,11.1009,1.767869e-03,0.7751,1.4749e-01,534,0
0.4,0.2,0.4,2,spikes,1,11.3022,1.687817e-03,0.7775,1.4749e-01,533,0
0.4,0.2,0.4,2,spikes,2,11.1129,1.763014e-03,0.7745,1.9433e-01,534,0
0.4,0.2,0.4,2,ecg,0,33.6568,5.637973e-11,0.8882,2.9545e-05,537,0
0.4,0.2,0.4,2,ecg,1,32.9810,6.587177e-11,0.8867,4.5000e-05,533,0
0.4,0.2,0.4,2,ecg,2,33.4329,5.936234e-11,0.8847,3.0000e-05,537,0
0.4,0.3,0.3,2,sine,0,24.4176,1.802988e-03,0.7219,1.8571e-01,533,0
0.4,0.3,0.3,2,sine,1,24.1755,1.906361e-03,0.7133,1.9373e-01,535,0
0.4,0.3,0.3,2,sine,2,24.7749,1.660582e-03,0.7100,1.6762e-01,533,0
0.4,0.3,0.3,2,chirp,0,23.0143,2.399787e-03,0.7471,2.1830e-01,533,0
0.4,0.3,0.3,2,chirp,1,22.7804,2.532574e-03,0.7507,2.1830e-01,531,0
0.4,0.3,0.3,2,chirp,2,23.6356,2.079888e-03,0.7532,2.1830e-01,536,0
0.4,0.3,0.3,2,spikes,0,11.5617,1.589903e-03,0.7695,1.8066e-01,527,0
0.4,0.3,0.3,2,spikes,1,11.3613,1.665012e-03,0.7687,1.8629e-01,534,0
0.4,0.3,0.3,2,spikes,2,11.3723,1.660778e-03,0.7678,1.8629e-01,538,0
0.4,0.3,0.3,2,ecg,0,33.1405,6.349708e-11,0.8772,3.3750e-05,537,0
0.4,0.3,0.3,2,ecg,1,33.2548,6.184644e-11,0.8797,3.3077e-05,534,0
0.4,0.3,0.3,2,ecg,2,33.5661,5.756852e-11,0.8837,3.1667e-05,532,0
0.4,0.4,0.2,2,sine,0,23.9046,2.029058e-03,0.7080,1.9373e-01,531,0
0.4,0.4,0.2,2,sine,1,23.7941,2.081314e-03,0.7053,1.9373e-01,536,0
0.4,0.4,0.2,2,sine,2,23.7826,2.086868e-03,0.7052,1.9373e-01,534,0
0.4,0.4,0.2,2,chirp,0,23.6091,2.092606e-03,0.7384,2.1830e-01,538,0
0.4,0.4,0.2,2,chirp,1,22.8299,2.503864e-03,0.7412,2.1830e-01,534,0
0.4,0.4,0.2,2,chirp,2,22.7532,2.548455e-03,0.7472,2.1830e-01,534,0
0.4,0.4,0.2,2,spikes,0,10.8034,1.893249e-03,0.7579,1.6440e-01,538,0
0.4,0.4,0.2,2,spikes,1,11.0541,1.787018e-03,0.7578,1.9361e-01,533,0
0.4,0.4,0.2,2,spikes,2,10.5976,1.985102e-03,0.7597,2.0428e-01,534,0
0.4,0.4,0.2,2,ecg,0,34.1504,5.032229e-11,0.8842,3.1667e-05,531,0
0.4,0.4,0.2,2,ecg,1,33.5253,5.811201e-11,0.8777,3.3077e-05,538,0
0.4,0.4,0.2,2,ecg,2,33.5831,5.734360e-11,0.8807,3.0833e-05,538,0
0.4,0.5,0.1,2,sine,0,24.0922,1.943257e-03,0.6891,1.9373e-01,537,0
0.4,0.5,0.1,2,sine,1,23.9667,2.000224e-03,0.6924,1.9373e-01,535,0
0.4,0.5,0.1,2,sine,2,24.1685,1.909421e-03,0.6950,1.9373e-01,536,0
0.4,0.5,0.1,2,chirp,0,22.7028,2.578239e-03,0.7199,2.1830e-01,534,0
0.4,0.5,0.1,2,chirp,1,22.7115,2.573081e-03,0.7195,2.1830e-01,538,0
0.4,0.5,0.1,2,chirp,2,22.8101,2.515285e-03,0.7228,2.1830e-01,533,0
0.4,0.5,0.1,2,spikes,0,10.4742,2.042302e-03,0.7519,1.9097e-01,533,0
0.4,0.5,0.1,2,spikes,1,10.6581,1.957648e-03,0.7472,2.0428e-01,536,0
0.4,0.5,0.1,2,spikes,2,10.4986,2.030859e-03,0.7461,1.9005e-01,534,0
0.4,0.5,0.1,2,ecg,0,33.4203,5.953478e-11,0.8757,3.1667e-05,535,0
0.4,0.5,0.1,2,ecg,1,33.6048,5.705837e-11,0.8752,2.8333e-05,534,0
0.4,0.5,0.1,2,ecg,2,33.4194,5.954738e-11,0.8797,3.1000e-05,538,0
0.5,0.1,0.4,2,sine,0,24.8196,1.643570e-03,0.7378,1.8306e-01,534,0
0.5,0.1,0.4,2,sine,1,24.7098,1.685672e-03,0.7392,1.8306e-01,533,0
0.5,0.1,0.4,2,sine,2,24.7124,1.684640e-03,0.7423,1.8306e-01,534,0
0.5,0.1,0.4,2,chirp,0,23.9369,1.940490e-03,0.7723,1.8266e-01,533,0
0.5,0.1,0.4,2,chirp,1,24.0765,1.879116e-03,0.7702,1.8266e-01,533,0
0.5,0.1,0.4,2,chirp,2,23.9435,1.937554e-03,0.7728,2.1830e-01,537,0
0.5,0.1,0.4,2,spikes,0,11.0698,1.780596e-03,0.7881,1.8282e-01,537,0
0.5,0.1,0.4,2,spikes,1,11.2497,1.708338e-03,0.7929,1.9004e-01,536,0
0.5,0.1,0.4,2,spikes,2,11.3341,1.675468e-03,0.7961,1.8282e-01,529,0
0.5,0.1,0.4,2,ecg,0,33.6458,5.652290e-11,0.8887,2.9000e-05,536,0
0.5,0.1,0.4,2,ecg,1,33.5051,5.838328e-11,0.8907,3.0000e-05,536,0
0.5,0.1,0.4,2,ecg,2,33.6960,5.587218e-11,0.8902,2.9000e-05,534,0
0.5,0.2,0.3,2,sine,0,24.5459,1.750509e-03,0.7233,1.6357e-01,536,0
0.5,0.2,0.3,2,sine,1,24.4833,1.775914e-03,0.7236,1.7391e-01,533,0
0.5,0.2,0.3,2,sine,2,24.4242,1.800229e-03,0.7175,1.7391e-01,534,0
0.5,0.2,0.3,2,chirp,0,23.0854,2.360815e-03,0.7630,2.1545e-01,534,0
0.5,0.2,0.3,2,chirp,1,23.1923,2.303395e-03,0.7699,2.1545e-01,533,0
0.5,0.2,0.3,2,chirp,2,23.0669,2.370878e-03,0.7614,2.1545e-01,531,0
0.5,0.2,0.3,2,spikes,0,11.2953,1.690479e-03,0.7800,1.4499e-01,534,0
0.5,0.2,0.3,2,spikes,1,11.0863,1.773846e-03,0.7796,1.9433e-01,534,0
0.5,0.2,0.3,2,spikes,2,11.2305,1.715896e-03,0.7783,1.9004e-01,531,0
0.5,0.2,0.3,2,ecg,0,33.7861,5.472542e-11,0.8926,2.8333e-05,530,0
0.5,0.2,0.3,2,ecg,1,33.3186,6.094588e-11,0.8907,3.0000e-05,533,0
0.5,0.2,0.3,2,ecg,2,33.4856,5.864627e-11,0.8902,2.9545e-05,538,0
0.5,0.3,0.2,2,sine,0,24.2781,1.861819e-03,0.7088,1.8571e-01,538,0
0.5,0.3,0.2,2,sine,1,23.9341,2.015312e-03,0.7132,1.9373e-01,532,0
0.5,0.3,0.2,2,sine,2,24.2429,1.876992e-03,0.7030,1.8571e-01,534,0
0.5,0.3,0.2,2,chirp,0,22.9300,2.446781e-03,0.7622,2.1830e-01,536,0
0.5,0.3,0.2,2,chirp,1,23.3171,2.238144e-03,0.7711,2.1830e-01,532,0
0.5,0.3,0.2,2,chirp,2,22.9453,2.438201e-03,0.7606,2.1830e-01,536,0
0.5,0.3,0.2,2,spikes,0,10.7406,1.920817e-03,0.7706,1.9361e-01,533,0
0.5,0.3,0.2,2,spikes,1,10.9252,1.840856e-03,0.7669,1.9361e-01,536,0
0.5,0.3,0.2,2,spikes,2,10.8192,1.886360e-03,0.7710,1.9361e-01,533,0
0.5,0.3,0.2,2,ecg,0,33.2252,6.226951e-11,0.8807,3.4667e-05,535,0
0.5,0.3,0.2,2,ecg,1,33.0748,6.446368e-11,0.8787,3.3750e-05,537,0
0.5,0.3,0.2,2,ecg,2,33.5767,5.742906e-11,0.8837,3.3077e-05,533,0
0.5,0.4,0.1,2,sine,0,24.0777,1.949761e-03,0.7125,1.9373e-01,534,0
0.5,0.4,0.1,2,sine,1,23.9887,1.990107e-03,0.7005,1.9373e-01,538,0
0.5,0.4,0.1,2,sine,2,24.2518,1.873150e-03,0.7086,1.9373e-01,534,0
0.5,0.4,0.1,2,chirp,0,23.2858,2.254363e-03,0.7521,2.1830e-01,533,0
0.5,0.4,0.1,2,chirp,1,23.4050,2.193287e-03,0.7525,2.1830e-01,537,0
0.5,0.4,0.1,2,chirp,2,23.3747,2.208684e-03,0.7409,2.1830e-01,534,0
0.5,0.4,0.1,2,spikes,0,11.0903,1.772204e-03,0.7736,1.9361e-01,532,0
0.5,0.4,0.1,2,spikes,1,10.9556,1.828018e-03,0.7667,1.9361e-01,534,0
0.5,0.4,0.1,2,spikes,2,11.3420,1.672395e-03,0.7657,1.8066e-01,534,0
0.5,0.4,0.1,2,ecg,0,33.4429,5.922535e-11,0.8842,3.1667e-05,529,0
0.5,0.4,0.1,2,ecg,1,33.2185,6.236641e-11,0.8812,3.3750e-05,532,0
0.5,0.4,0.1,2,ecg,2,33.8031,5.451173e-11,0.8867,2.7353e-05,531,0
0.6,0.1,0.3,2,sine,0,24.8895,1.617343e-03,0.7255,1.7240e-01,537,0
0.6,0.1,0.3,2,sine,1,24.6999,1.689497e-03,0.7435,1.8508e-01,531,0
0.6,0.1,0.3,2,sine,2,24.9346,1.600639e-03,0.7394,1.8508e-01,534,0
0.6,0.1,0.3,2,chirp,0,23.7194,2.040148e-03,0.7724,2.4615e-01,536,0
0.6,0.1,0.3,2,chirp,1,23.6753,2.060939e-03,0.7768,2.4615e-01,534,0
0.6,0.1,0.3,2,chirp,2,23.8423,1.983195e-03,0.7691,1.8266e-01,536,0
0.6,0.1,0.3,2,spikes,0,11.2442,1.710509e-03,0.7897,1.9004e-01,534,0
0.6,0.1,0.3,2,spikes,1,10.9924,1.812623e-03,0.7882,1.9004e-01,537,0
0.6,0.1,0.3,2,spikes,2,10.9942,1.811841e-03,0.7871,1.8282e-01,536,0
0.6,0.1,0.3,2,ecg,0,34.0345,5.168341e-11,0.8941,2.5000e-05,533,0
0.6,0.1,0.3,2,ecg,1,33.5878,5.728187e-11,0.8887,2.9000e-05,534,0
0.6,0.1,0.3,2,ecg,2,33.3139,6.101135e-11,0.8902,3.0000e-05,537,0
0.6,0.2,0.2,2,sine,0,24.2474,1.875055e-03,0.7226,1.7391e-01,535,0
0.6,0.2,0.2,2,sine,1,24.4675,1.782385e-03,0.7299,1.7391e-01,535,0
0.6,0.2,0.2,2,sine,2,24.5873,1.733869e-03,0.7364,1.7391e-01,525,0
0.6,0.2,0.2,2,chirp,0,23.2601,2.267729e-03,0.7614,1.9823e-01,537,0
0.6,0.2,0.2,2,chirp,1,23.2768,2.259014e-03,0.7692,2.0156e-01,528,0
0.6,0.2,0.2,2,chirp,2,23.4496,2.170879e-03,0.7676,2.0156e-01,530,0
0.6,0.2,0.2,2,spikes,0,11.0355,1.794702e-03,0.7812,1.9433e-01,531,0
0.6,0.2,0.2,2,spikes,1,10.8090,1.890776e-03,0.7766,1.8995e-01,537,0
0.6,0.2,0.2,2,spikes,2,10.8025,1.893631e-03,0.7752,1.9004e-01,536,0
0.6,0.2,0.2,2,ecg,0,33.7323,5.540771e-11,0.8892,2.9545e-05,536,0
0.6,0.2,0.2,2,ecg,1,33.4359,5.932098e-11,0.8877,3.4667e-05,536,0
0.6,0.2,0.2,2,ecg,2,33.6934,5.590623e-11,0.8882,2.8333e-05,537,0
0.6,0.3,0.1,2,sine,0,24.2364,1.879791e-03,0.7163,1.8571e-01,533,0
0.6,0.3,0.1,2,sine,1,23.9270,2.018587e-03,0.7249,1.9373e-01,535,0
0.6,0.3,0.1,2,sine,2,24.3564,1.828567e-03,0.7128,1.8571e-01,531,0
0.6,0.3,0.1,2,chirp,0,22.8593,2.486978e-03,0.7633,2.1830e-01,531,0
0.6,0.3,0.1,2,chirp,1,22.9171,2.454080e-03,0.7665,2.1830e-01,533,0
0.6,0.3,0.1,2,chirp,2,23.0271,2.392705e-03,0.7555,2.1830e-01,538,0
0.6,0.3,0.1,2,spikes,0,10.8246,1.884018e-03,0.7733,1.9433e-01,537,0
0.6,0.3,0.1,2,spikes,1,10.8412,1.876820e-03,0.7712,1.9361e-01,537,0
0.6,0.3,0.1,2,spikes,2,10.7692,1.908194e-03,0.7739,1.9433e-01,533,0
0.6,0.3,0.1,2,ecg,0,33.6640,5.628564e-11,0.8857,2.9545e-05,535,0
0.6,0.3,0.1,2,ecg,1,33.7571,5.509260e-11,0.8892,2.9545e-05,533,0
0.6,0.3,0.1,2,ecg,2,33.7349,5.537397e-11,0.8897,2.9545e-05,531,0
0.7,0.1,0.2,2,sine,0,24.8584,1.628964e-03,0.7303,1.7240e-01,534,0
0.7,0.1,0.2,2,sine,1,24.7875,1.655771e-03,0.7312,1.8508e-01,537,0
0.7,0.1,0.2,2,sine,2,24.8622,1.627536e-03,0.7324,1.7240e-01,534,0
0.7,0.1,0.2,2,chirp,0,23.8299,1.988909e-03,0.7820,2.4615e-01,533,0
0.7,0.1,0.2,2,chirp,1,23.6653,2.065702e-03,0.7726,2.4615e-01,536,0
0.7,0.1,0.2,2,chirp,2,23.7414,2.029825e-03,0.7736,2.4615e-01,534,0
0.7,0.1,0.2,2,spikes,0,10.8937,1.854259e-03,0.7817,2.0317e-01,535,0
0.7,0.1,0.2,2,spikes,1,11.0346,1.795076e-03,0.7897,1.9004e-01,533,0
0.7,0.1,0.2,2,spikes,2,11.1233,1.758781e-03,0.7877,2.0317e-01,537,0
0.7,0.1,0.2,2,ecg,0,33.9894,5.222256e-11,0.8946,2.6818e-05,531,0
0.7,0.1,0.2,2,ecg,1,33.1901,6.277520e-11,0.8877,3.3750e-05,536,0
0.7,0.1,0.2,2,ecg,2,33.6344,5.667025e-11,0.8902,2.9000e-05,537,0
0.7,0.2,0.1,2,sine,0,24.1655,1.910741e-03,0.7453,1.9373e-01,533,0
0.7,0.2,0.1,2,sine,1,24.2290,1.883021e-03,0.7444,1.9373e-01,535,0
0.7,0.2,0.1,2,sine,2,24.5375,1.753886e-03,0.7460,1.9373e-01,532,0
0.7,0.2,0.1,2,chirp,0,23.4574,2.167011e-03,0.7770,2.0156e-01,532,0
0.7,0.2,0.1,2,chirp,1,23.7625,2.019971e-03,0.7652,2.0156e-01,536,0
0.7,0.2,0.1,2,chirp,2,23.3010,2.246452e-03,0.7726,2.0156e-01,534,0
0.7,0.2,0.1,2,spikes,0,11.0934,1.770921e-03,0.7888,1.8282e-01,530,0
0.7,0.2,0.1,2,spikes,1,11.0326,1.795890e-03,0.7846,1.9004e-01,532,0
0.7,0.2,0.1,2,spikes,2,11.0023,1.808477e-03,0.7851,1.8995e-01,537,0
0.7,0.2,0.1,2,ecg,0,33.8422,5.402312e-11,0.8931,3.0000e-05,531,0
0.7,0.2,0.1,2,ecg,1,33.5665,5.756349e-11,0.8936,2.9000e-05,537,0
0.7,0.2,0.1,2,ecg,2,33.6751,5.614197e-11,0.8917,2.8889e-05,534,0
0.8,0.1,0.1,2,sine,0,24.7617,1.665642e-03,0.7294,1.7240e-01,536,0
0.8,0.1,0.1,2,sine,1,24.4359,1.795413e-03,0.7319,1.8508e-01,538,0
0.8,0.1,0.1,2,sine,2,24.8036,1.649639e-03,0.7328,1.8508e-01,536,0
0.8,0.1,0.1,2,chirp,0,23.7874,2.008438e-03,0.7838,2.4615e-01,531,0
0.8,0.1,0.1,2,chirp,1,23.5706,2.111236e-03,0.7778,2.4615e-01,533,0
0.8,0.1,0.1,2,chirp,2,23.7214,2.039211e-03,0.7764,1.8266e-01,535,0
0.8,0.1,0.1,2,spikes,0,11.0266,1.798387e-03,0.7864,2.0317e-01,537,0
0.8,0.1,0.1,2,spikes,1,11.0658,1.782210e-03,0.7903,2.0317e-01,533,0
0.8,0.1,0.1,2,spikes,2,10.9525,1.829322e-03,0.7852,2.0317e-01,536,0
0.8,0.1,0.1,2,ecg,0,34.0276,5.176594e-11,0.8961,2.9000e-05,526,0
0.8,0.1,0.1,2,ecg,1,33.8454,5.398283e-11,0.8902,2.7500e-05,535,0
0.8,0.1,0.1,2,ecg,2,33.4519,5.910334e-11,0.8936,2.7500e-05,534,0
0.1,0.1,0.8,3,sine,0,24.4362,1.795258e-03,0.6777,1.7391e-01,537,0
0.1,0.1,0.8,3,sine,1,24.8553,1.630117e-03,0.6851,1.6357e-01,533,0
0.1,0.1,0.8,3,sine,2,24.5702,1.740714e-03,0.6883,1.9373e-01,528,0
0.1,0.1,0.8,3,chirp,0,24.0078,1.909064e-03,0.7426,1.9575e-01,534,0
0.1,0.1,0.8,3,chirp,1,23.8026,2.001436e-03,0.7490,1.9575e-01,533,0
0.1,0.1,0.8,3,chirp,2,23.9415,1.938409e-03,0.7346,1.9575e-01,533,0
0.1,0.1,0.8,3,spikes,0,11.4098,1.646495e-03,0.7431,1.4973e-01,534,0
0.1,0.1,0.8,3,spikes,1,11.1925,1.730976e-03,0.7405,1.4973e-01,536,0
0.1,0.1,0.8,3,spikes,2,11.1679,1.740830e-03,0.7338,1.8763e-01,538,0
0.1,0.1,0.8,3,ecg,0,33.1231,6.375150e-11,0.8792,3.1923e-05,537,0
0.1,0.1,0.8,3,ecg,1,33.2493,6.192494e-11,0.8817,3.1923e-05,536,0
0.1,0.1,0.8,3,ecg,2,33.1088,6.396223e-11,0.8817,3.3846e-05,534,0
0.1,0.2,0.7,3,sine,0,24.7988,1.651484e-03,0.6910,1.9373e-01,533,0
0.1,0.2,0.7,3,sine,1,24.9007,1.613184e-03,0.6875,1.9373e-01,533,0
0.1,0.2,0.7,3,sine,2,24.8058,1.648818e-03,0.6872,1.9373e-01,533,0
0.1,0.2,0.7,3,chirp,0,24.2877,1.789908e-03,0.7322,1.6932e-01,536,0
0.1,0.2,0.7,3,chirp,1,24.1036,1.867408e-03,0.7273,1.6963e-01,536,0
0.1,0.2,0.7,3,chirp,2,23.6875,2.055164e-03,0.7251,2.0070e-01,534,0
0.1,0.2,0.7,3,spikes,0,11.0987,1.768766e-03,0.7458,2.0641e-01,536,0
0.1,0.2,0.7,3,spikes,1,10.9888,1.814100e-03,0.7495,2.0428e-01,539,0
0.1,0.2,0.7,3,spikes,2,11.5489,1.594617e-03,0.7458,1.4878e-01,534,0
0.1,0.2,0.7,3,ecg,0,33.2892,6.135891e-11,0.8782,3.1923e-05,536,0
0.1,0.2,0.7,3,ecg,1,33.0258,6.519630e-11,0.8723,3.7143e-05,536,0
0.1,0.2,0.7,3,ecg,2,32.9204,6.679690e-11,0.8733,4.1304e-05,532,0
0.1,0.3,0.6,3,sine,0,24.8527,1.631116e-03,0.6836,1.9373e-01,531,0
0.1,0.3,0.6,3,sine,1,24.5308,1.756581e-03,0.6806,1.9108e-01,538,0
0.1,0.3,0.6,3,sine,2,24.8552,1.630165e-03,0.6758,1.6403e-01,537,0
0.1,0.3,0.6,3,chirp,0,23.7961,2.004427e-03,0.7214,2.0445e-01,532,0
0.1,0.3,0.6,3,chirp,1,24.1802,1.834743e-03,0.7202,2.0162e-01,534,0
0.1,0.3,0.6,3,chirp,2,24.1742,1.837317e-03,0.7267,2.0162e-01,534,0
0.1,0.3,0.6,3,spikes,0,11.4975,1.613596e-03,0.7403,1.8030e-01,533,0
0.1,0.3,0.6,3,spikes,1,11.7302,1.529404e-03,0.7524,1.5322e-01,533,0
0.1,0.3,0.6,3,spikes,2,11.5020,1.611937e-03,0.7468,1.9097e-01,532,0
0.1,0.3,0.6,3,ecg,0,33.6226,5.682503e-11,0.8802,3.4444e-05,533,0
0.1,0.3,0.6,3,ecg,1,33.4738,5.880577e-11,0.8748,3.1923e-05,534,0
0.1,0.3,0.6,3,ecg,2,33.8563,5.384850e-11,0.8757,3.1923e-05,530,0
0.1,0.4,0.5,3,sine,0,24.9466,1.596194e-03,0.6733,1.9373e-01,534,0
0.1,0.4,0.5,3,sine,1,25.3375,1.458820e-03,0.6660,1.7874e-01,536,0
0.1,0.4,0.5,3,sine,2,25.0315,1.565313e-03,0.6712,1.9373e-01,525,0
0.1,0.4,0.5,3,chirp,0,23.6473,2.074296e-03,0.7053,2.1545e-01,540,0
0.1,0.4,0.5,3,chirp,1,23.8376,1.985369e-03,0.6995,2.1545e-01,533,0
0.1,0.4,0.5,3,chirp,2,24.2182,1.818768e-03,0.6936,1.6986e-01,530,0
0.1,0.4,0.5,3,spikes,0,11.8646,1.482818e-03,0.7445,1.5544e-01,533,0
0.1,0.4,0.5,3,spikes,1,11.7637,1.517651e-03,0.7326,1.5322e-01,532,0
0.1,0.4,0.5,3,spikes,2,11.2070,1.725221e-03,0.7290,1.9097e-01,537,0
0.1,0.4,0.5,3,ecg,0,33.3305,6.077880e-11,0.8718,3.0000e-05,537,0
0.1,0.4,0.5,3,ecg,1,33.7781,5.482682e-11,0.8713,3.2273e-05,535,0
0.1,0.4,0.5,3,ecg,2,33.8076,5.445518e-11,0.8792,3.1667e-05,526,0
0.1,0.5,0.4,3,sine,0,25.0467,1.559845e-03,0.6541,1.9373e-01,538,0
0.1,0.5,0.4,3,sine,1,24.7247,1.679896e-03,0.6455,1.9373e-01,534,0
0.1,0.5,0.4,3,sine,2,24.8450,1.634005e-03,0.6528,1.9373e-01,533,0
0.1,0.5,0.4,3,chirp,0,23.9642,1.928337e-03,0.6937,1.7454e-01,533,0
0.1,0.5,0.4,3,chirp,1,23.7349,2.032864e-03,0.6869,1.8165e-01,537,0
0.1,0.5,0.4,3,chirp,2,24.0307,1.899034e-03,0.6805,1.6963e-01,538,0
0.1,0.5,0.4,3,spikes,0,11.6283,1.565731e-03,0.7405,1.6669e-01,533,0
0.1,0.5,0.4,3,spikes,1,11.4848,1.618310e-03,0.7171,1.6669e-01,536,0
0.1,0.5,0.4,3,spikes,2,11.5098,1.609023e-03,0.7259,1.7237e-01,533,0
0.1,0.5,0.4,3,ecg,0,33.0563,6.473944e-11,0.8633,5.8333e-05,537,0
0.1,0.5,0.4,3,ecg,1,33.2663,6.168307e-11,0.8673,3.0000e-05,537,0
0.1,0.5,0.4,3,ecg,2,33.5271,5.808793e-11,0.8683,5.8333e-05,534,0
0.1,0.6,0.3,3,sine,0,24.5939,1.731254e-03,0.6414,1.8037e-01,533,0
0.1,0.6,0.3,3,sine,1,24.7623,1.665400e-03,0.6358,1.8037e-01,535,0
0.1,0.6,0.3,3,sine,2,25.0407,1.561994e-03,0.6388,1.8037e-01,536,0
0.1,0.6,0.3,3,chirp,0,23.9088,1.953072e-03,0.6655,1.5922e-01,534,0
0.1,0.6,0.3,3,chirp,1,24.1248,1.858312e-03,0.6668,1.5957e-01,536,0
0.1,0.6,0.3,3,chirp,2,23.7662,2.018270e-03,0.6672,1.6934e-01,535,0
0.1,0.6,0.3,3,spikes,0,10.9945,1.811740e-03,0.6970,1.9035e-01,534,0
0.1,0.6,0.3,3,spikes,1,11.5069,1.610100e-03,0.7155,1.9035e-01,535,0
0.1,0.6,0.3,3,spikes,2,11.1473,1.749090e-03,0.7130,1.7516e-01,536,0
0.1,0.6,0.3,3,ecg,0,32.6806,7.058912e-11,0.8628,7.0000e-05,538,0
0.1,0.6,0.3,3,ecg,1,32.2723,7.754838e-11,0.8549,7.0000e-05,536,0
0.1,0.6,0.3,3,ecg,2,32.5689,7.242826e-11,0.8633,7.0000e-05,536,0
0.1,0.7,0.2,3,sine,0,24.3182,1.844717e-03,0.6117,1.7517e-01,535,0
0.1,0.7,0.2,3,sine,1,24.7478,1.670968e-03,0.6170,1.8310e-01,536,0
0.1,0.7,0.2,3,sine,2,24.8153,1.645207e-03,0.6127,1.9040e-01,538,0
0.1,0.7,0.2,3,chirp,0,23.9773,1.922516e-03,0.6430,1.6934e-01,537,0
0.1,0.7,0.2,3,chirp,1,23.9201,1.947983e-03,0.6732,1.8782e-01,534,0
0.1,0.7,0.2,3,chirp,2,24.0802,1.877511e-03,0.6336,1.8782e-01,538,0
0.1,0.7,0.2,3,spikes,0,11.2365,1.713526e-03,0.7140,1.8235e-01,534,0
0.1,0.7,0.2,3,spikes,1,11.2162,1.721545e-03,0.7091,1.7516e-01,534,0
0.1,0.7,0.2,3,spikes,2,11.3529,1.668225e-03,0.7216,1.6669e-01,533,0
0.1,0.7,0.2,3,ecg,0,31.9708,8.312235e-11,0.8559,7.0000e-05,538,0
0.1,0.7,0.2,3,ecg,1,32.5525,7.270259e-11,0.8638,5.8333e-05,536,0
0.1,0.7,0.2,3,ecg,2,31.6861,8.875438e-11,0.8588,7.0000e-05,537,0
0.1,0.8,0.1,3,sine,0,24.0490,1.962662e-03,0.6065,2.2835e-01,533,0
0.1,0.8,0.1,3,sine,1,24.5456,1.750610e-03,0.5798,1.7517e-01,534,0
0.1,0.8,0.1,3,sine,2,25.0452,1.560388e-03,0.6161,1.7517e-01,533,0
0.1,0.8,0.1,3,chirp,0,23.8947,1.959418e-03,0.6444,1.9591e-01,534,0
0.1,0.8,0.1,3,chirp,1,23.7084,2.045316e-03,0.6537,1.8782e-01,535,0
0.1,0.8,0.1,3,chirp,2,23.8663,1.972275e-03,0.6518,1.6934e-01,535,0
0.1,0.8,0.1,3,spikes,0,11.2789,1.696903e-03,0.6751,1.9035e-01,532,0
0.1,0.8,0.1,3,spikes,1,11.1369,1.753288e-03,0.7123,1.7516e-01,533,0
0.1,0.8,0.1,3,spikes,2,11.3816,1.657221e-03,0.6957,1.7385e-01,535,0
0.1,0.8,0.1,3,ecg,0,32.4819,7.389396e-11,0.8613,5.7500e-05,532,0
0.1,0.8,0.1,3,ecg,1,33.1645,6.314645e-11,0.8683,5.7500e-05,534,0
0.1,0.8,0.1,3,ecg,2,32.7519,6.943954e-11,0.8648,7.0000e-05,536,0
0.2,0.1,0.7,3,sine,0,24.2542,1.872121e-03,0.7082,1.8033e-01,535,0
0.2,0.1,0.7,3,sine,1,24.5037,1.767595e-03,0.7098,1.7391e-01,538,0
0.2,0.1,0.7,3,sine,2,24.9399,1.598686e-03,0.7128,1.7391e-01,533,0
0.2,0.1,0.7,3,chirp,0,23.6581,2.069161e-03,0.7618,2.1830e-01,534,0
0.2,0.1,0.7,3,chirp,1,23.3082,2.242763e-03,0.7668,2.1545e-01,533,0
0.2,0.1,0.7,3,chirp,2,22.5198,2.689202e-03,0.7594,2.5029e-01,537,0
0.2,0.1,0.7,3,spikes,0,11.5155,1.606934e-03,0.7713,1.9004e-01,523,0
0.2,0.1,0.7,3,spikes,1,11.5380,1.598607e-03,0.7652,1.3884e-01,538,0
0.2,0.1,0.7,3,spikes,2,11.6617,1.553724e-03,0.7717,1.4499e-01,535,0
0.2,0.1,0.7,3,ecg,0,32.7617,6.928361e-11,0.8817,4.5667e-05,536,0
0.2,0.1,0.7,3,ecg,1,32.0043,8.248377e-11,0.8842,4.5667e-05,534,0
0.2,0.1,0.7,3,ecg,2,32.4964,7.364818e-11,0.8822,4.5667e-05,539,0
0.2,0.2,0.6,3,sine,0,24.8863,1.618546e-03,0.7042,1.9373e-01,531,0
0.2,0.2,0.6,3,sine,1,24.6335,1.715523e-03,0.7000,1.9373e-01,533,0
0.2,0.2,0.6,3,sine,2,24.8342,1.638078e-03,0.7052,1.9373e-01,533,0
0.2,0.2,0.6,3,chirp,0,23.3888,2.201487e-03,0.7412,2.1545e-01,534,0
0.2,0.2,0.6,3,chirp,1,22.8309,2.503260e-03,0.7384,2.1545e-01,532,0
0.2,0.2,0.6,3,chirp,2,23.3665,2.212865e-03,0.7508,2.0070e-01,527,0
0.2,0.2,0.6,3,spikes,0,10.5768,1.994650e-03,0.7586,1.9361e-01,534,0
0.2,0.2,0.6,3,spikes,1,10.9506,1.830130e-03,0.7526,2.0428e-01,534,0
0.2,0.2,0.6,3,spikes,2,11.2550,1.706241e-03,0.7550,1.4757e-01,536,0
0.2,0.2,0.6,3,ecg,0,33.4581,5.901909e-11,0.8817,3.1923e-05,536,0
0.2,0.2,0.6,3,ecg,1,33.0720,6.450564e-11,0.8807,3.1923e-05,538,0
0.2,0.2,0.6,3,ecg,2,33.4330,5.936136e-11,0.8817,3.1923e-05,537,0
0.2,0.3,0.5,3,sine,0,24.4425,1.792673e-03,0.6830,1.9373e-01,536,0
0.2,0.3,0.5,3,sine,1,24.5092,1.765362e-03,0.6914,1.9373e-01,537,0
0.2,0.3,0.5,3,sine,2,24.3570,1.828299e-03,0.6906,1.9373e-01,538,0
0.2,0.3,0.5,3,chirp,0,23.0545,2.377685e-03,0.7275,2.1830e-01,535,0
0.2,0.3,0.5,3,chirp,1,23.2508,2.272582e-03,0.7240,2.1830e-01,533,0
0.2,0.3,0.5,3,chirp,2,23.2953,2.249440e-03,0.7315,2.1830e-01,534,0
0.2,0.3,0.5,3,spikes,0,11.2627,1.703222e-03,0.7539,1.7663e-01,532,0
0.2,0.3,0.5,3,spikes,1,11.5018,1.612004e-03,0.7649,1.7327e-01,532,0
0.2,0.3,0.5,3,spikes,2,10.8569,1.870065e-03,0.7519,2.0641e-01,536,0
0.2,0.3,0.5,3,ecg,0,33.3212,6.090876e-11,0.8757,3.1923e-05,536,0
0.2,0.3,0.5,3,ecg,1,33.4291,5.941367e-11,0.8762,3.1923e-05,534,0
0.2,0.3,0.5,3,ecg,2,33.4671,5.889598e-11,0.8713,3.1923e-05,536,0
0.2,0.4,0.4,3,sine,0,24.9881,1.581030e-03,0.6978,1.9373e-01,532,0
0.2,0.4,0.4,3,sine,1,24.7219,1.680990e-03,0.6937,1.8571e-01,534,0
0.2,0.4,0.4,3,sine,2,24.5171,1.762122e-03,0.6888,1.9373e-01,528,0
0.2,0.4,0.4,3,chirp,0,23.6296,2.082769e-03,0.7228,2.1830e-01,534,0
0.2,0.4,0.4,3,chirp,1,23.4420,2.174696e-03,0.7154,2.1830e-01,535,0
0.2,0.4,0.4,3,chirp,2,23.5508,2.120907e-03,0.7318,2.1830e-01,531,0
0.2,0.4,0.4,3,spikes,0,11.1996,1.728168e-03,0.7452,1.5000e-01,537,0
0.2,0.4,0.4,3,spikes,1,11.4135,1.645089e-03,0.7445,1.8030e-01,535,0
0.2,0.4,0.4,3,spikes,2,11.1924,1.731039e-03,0.7460,1.8030e-01,537,0
0.2,0.4,0.4,3,ecg,0,33.7166,5.560799e-11,0.8748,3.1923e-05,534,0
0.2,0.4,0.4,3,ecg,1,32.9182,6.683179e-11,0.8757,4.0000e-05,534,0
0.2,0.4,0.4,3,ecg,2,33.3575,6.040236e-11,0.8787,3.3077e-05,538,0
0.2,0.5,0.3,3,sine,0,24.6811,1.696840e-03,0.6864,1.9373e-01,533,0
0.2,0.5,0.3,3,sine,1,24.8681,1.625333e-03,0.6852,1.6357e-01,533,0
0.2,0.5,0.3,3,sine,2,24.4548,1.787604e-03,0.6849,1.9373e-01,534,0
0.2,0.5,0.3,3,chirp,0,23.6195,2.087626e-03,0.7046,2.1830e-01,535,0
0.2,0.5,0.3,3,chirp,1,23.6101,2.092113e-03,0.7054,2.1830e-01,528,0
0.2,0.5,0.3,3,chirp,2,23.5294,2.131396e-03,0.7062,2.1830e-01,534,0
0.2,0.5,0.3,3,spikes,0,11.8365,1.492418e-03,0.7407,1.7348e-01,537,0
0.2,0.5,0.3,3,spikes,1,11.2407,1.711871e-03,0.7471,1.7708e-01,533,0
0.2,0.5,0.3,3,spikes,2,11.2072,1.725131e-03,0.7411,1.8030e-01,531,0
0.2,0.5,0.3,3,ecg,0,33.2564,6.182431e-11,0.8703,3.1667e-05,534,0
0.2,0.5,0.3,3,ecg,1,33.7115,5.567426e-11,0.8797,3.5333e-05,531,0
0.2,0.5,0.3,3,ecg,2,33.6511,5.645306e-11,0.8777,3.1923e-05,536,0
0.2,0.6,0.2,3,sine,0,24.6100,1.724860e-03,0.6675,1.9373e-01,538,0
0.2,0.6,0.2,3,sine,1,24.4644,1.783643e-03,0.6756,1.9373e-01,535,0
0.2,0.6,0.2,3,sine,2,24.9028,1.612381e-03,0.6841,1.9373e-01,537,0
0.2,0.6,0.2,3,chirp,0,23.6327,2.081279e-03,0.7013,2.1830e-01,534,0
0.2,0.6,0.2,3,chirp,1,23.8208,1.993056e-03,0.6844,2.1830e-01,536,0
0.2,0.6,0.2,3,chirp,2,23.7733,2.014966e-03,0.6972,2.1830e-01,534,0
0.2,0.6,0.2,3,spikes,0,11.3227,1.679877e-03,0.7319,1.8235e-01,535,0
0.2,0.6,0.2,3,spikes,1,11.6188,1.569154e-03,0.7329,1.7725e-01,537,0
0.2,0.6,0.2,3,spikes,2,11.3052,1.686646e-03,0.7445,1.8235e-01,536,0
0.2,0.6,0.2,3,ecg,0,33.6308,5.671760e-11,0.8787,3.4444e-05,537,0
0.2,0.6,0.2,3,ecg,1,33.2317,6.217683e-11,0.8762,3.4444e-05,533,0
0.2,0.6,0.2,3,ecg,2,33.4758,5.877812e-11,0.8708,3.1923e-05,534,0
0.2,0.7,0.1,3,sine,0,25.0018,1.576038e-03,0.6875,1.9373e-01,538,0
0.2,0.7,0.1,3,sine,1,25.0454,1.560300e-03,0.6815,1.9373e-01,530,0
0.2,0.7,0.1,3,sine,2,24.7098,1.685678e-03,0.6634,1.9096e-01,536,0
0.2,0.7,0.1,3,chirp,0,23.4996,2.146036e-03,0.6854,2.0162e-01,537,0
0.2,0.7,0.1,3,chirp,1,23.7766,2.013434e-03,0.6841,1.9017e-01,533,0
0.2,0.7,0.1,3,chirp,2,24.1506,1.847316e-03,0.6849,1.9575e-01,534,0
0.2,0.7,0.1,3,spikes,0,11.6965,1.541318e-03,0.7302,1.7516e-01,533,0
0.2,0.7,0.1,3,spikes,1,10.9599,1.826233e-03,0.7138,2.0016e-01,539,0
0.2,0.7,0.1,3,spikes,2,10.9494,1.830656e-03,0.7296,2.0016e-01,535,0
0.2,0.7,0.1,3,ecg,0,33.5960,5.717466e-11,0.8673,3.1923e-05,534,0
0.2,0.7,0.1,3,ecg,1,33.5018,5.842789e-11,0.8683,3.2273e-05,532,0
0.2,0.7,0.1,3,ecg,2,33.5486,5.780218e-11,0.8688,3.1923e-05,537,0
0.3,0.1,0.6,3,sine,0,24.2282,1.883330e-03,0.7297,1.9373e-01,533,0
0.3,0.1,0.6,3,sine,1,24.0989,1.940273e-03,0.7247,1.9373e-01,535,0
0.3,0.1,0.6,3,sine,2,24.0454,1.964324e-03,0.7159,1.9373e-01,534,0
0.3,0.1,0.6,3,chirp,0,23.3312,2.230903e-03,0.7736,2.1830e-01,533,0
0.3,0.1,0.6,3,chirp,1,23.4941,2.148752e-03,0.7768,2.0070e-01,533,0
0.3,0.1,0.6,3,chirp,2,23.3529,2.219782e-03,0.7815,1.9823e-01,533,0
0.3,0.1,0.6,3,spikes,0,11.2842,1.694834e-03,0.7840,1.9004e-01,528,0
0.3,0.1,0.6,3,spikes,1,11.3480,1.670117e-03,0.7761,1.9004e-01,535,0
0.3,0.1,0.6,3,spikes,2,10.9627,1.825064e-03,0.7711,1.9004e-01,532,0
0.3,0.1,0.6,3,ecg,0,32.8475,6.792862e-11,0.8892,3.3750e-05,537,0
0.3,0.1,0.6,3,ecg,1,33.5371,5.795472e-11,0.8936,3.3077e-05,532,0
0.3,0.1,0.6,3,ecg,2,32.6686,7.078527e-11,0.8867,4.5667e-05,532,0
0.3,0.2,0.5,3,sine,0,24.3148,1.846178e-03,0.7178,1.9373e-01,536,0
0.3,0.2,0.5,3,sine,1,24.2010,1.895162e-03,0.7169,1.9373e-01,534,0
0.3,0.2,0.5,3,sine,2,24.3886,1.815072e-03,0.7138,1.9373e-01,534,0
0.3,0.2,0.5,3,chirp,0,23.3832,2.204340e-03,0.7547,2.1830e-01,537,0
0.3,0.2,0.5,3,chirp,1,23.4626,2.164404e-03,0.7589,2.1830e-01,534,0
0.3,0.2,0.5,3,chirp,2,22.9372,2.442737e-03,0.7548,2.5029e-01,537,0
0.3,0.2,0.5,3,spikes,0,11.4919,1.615658e-03,0.7667,2.0428e-01,538,0
0.3,0.2,0.5,3,spikes,1,10.9732,1.820645e-03,0.7568,2.0641e-01,538,0
0.3,0.2,0.5,3,spikes,2,10.6017,1.983236e-03,0.7584,2.0641e-01,533,0
0.3,0.2,0.5,3,ecg,0,33.3004,6.120099e-11,0.8842,3.2692e-05,536,0
0.3,0.2,0.5,3,ecg,1,33.2670,6.167415e-11,0.8812,3.3750e-05,533,0
0.3,0.2,0.5,3,ecg,2,33.3171,6.096612e-11,0.8832,3.0909e-05,537,0
0.3,0.3,0.4,3,sine,0,24.0701,1.953188e-03,0.7117,1.9373e-01,534,0
0.3,0.3,0.4,3,sine,1,24.2209,1.886511e-03,0.7047,1.9373e-01,533,0
0.3,0.3,0.4,3,sine,2,24.2260,1.884292e-03,0.7148,1.9373e-01,529,0
0.3,0.3,0.4,3,chirp,0,23.4322,2.179641e-03,0.7429,2.1830e-01,529,0
0.3,0.3,0.4,3,chirp,1,22.8431,2.496235e-03,0.7361,2.5029e-01,538,0
0.3,0.3,0.4,3,chirp,2,23.1001,2.352854e-03,0.7326,2.1830e-01,538,0
0.3,0.3,0.4,3,spikes,0,11.2095,1.724229e-03,0.7556,1.8995e-01,533,0
0.3,0.3,0.4,3,spikes,1,11.3959,1.651786e-03,0.7504,1.8995e-01,534,0
0.3,0.3,0.4,3,spikes,2,11.1532,1.746715e-03,0.7520,2.0428e-01,534,0
0.3,0.3,0.4,3,ecg,0,33.4697,5.886170e-11,0.8832,3.1923e-05,533,0
0.3,0.3,0.4,3,ecg,1,33.2484,6.193860e-11,0.8852,3.5833e-05,535,0
0.3,0.3,0.4,3,ecg,2,33.1496,6.336400e-11,0.8807,3.5833e-05,534,0
0.3,0.4,0.3,3,sine,0,23.9923,1.988479e-03,0.6972,1.9373e-01,533,0
0.3,0.4,0.3,3,sine,1,24.4484,1.790243e-03,0.6970,1.9373e-01,536,0
0.3,0.4,0.3,3,sine,2,24.4277,1.798775e-03,0.7032,1.9373e-01,532,0
0.3,0.4,0.3,3,chirp,0,22.8413,2.497321e-03,0.7284,2.1830e-01,534,0
0.3,0.4,0.3,3,chirp,1,23.0829,2.362184e-03,0.7328,2.1830e-01,533,0
0.3,0.4,0.3,3,chirp,2,22.9986,2.408436e-03,0.7304,2.1830e-01,533,0
0.3,0.4,0.3,3,spikes,0,11.1010,1.767843e-03,0.7446,1.7725e-01,534,0
0.3,0.4,0.3,3,spikes,1,10.8132,1.888946e-03,0.7556,2.0428e-01,533,0
0.3,0.4,0.3,3,spikes,2,11.2731,1.699168e-03,0.7510,1.6440e-01,531,0
0.3,0.4,0.3,3,ecg,0,32.8917,6.724093e-11,0.8748,4.1304e-05,532,0
0.3,0.4,0.3,3,ecg,1,33.2776,6.152390e-11,0.8792,3.3077e-05,532,0
0.3,0.4,0.3,3,ecg,2,33.1961,6.268948e-11,0.8743,3.1923e-05,533,0
0.3,0.5,0.2,3,sine,0,24.2682,1.866075e-03,0.6926,1.9373e-01,531,0
0.3,0.5,0.2,3,sine,1,24.2602,1.869517e-03,0.6971,1.9373e-01,533,0
0.3,0.5,0.2,3,sine,2,23.9995,1.985201e-03,0.6894,1.9373e-01,534,0
0.3,0.5,0.2,3,chirp,0,22.9913,2.412509e-03,0.7203,2.1830e-01,534,0
0.3,0.5,0.2,3,chirp,1,23.4008,2.195442e-03,0.7180,2.1830e-01,537,0
0.3,0.5,0.2,3,chirp,2,23.2453,2.275460e-03,0.7094,2.1830e-01,536,0
0.3,0.5,0.2,3,spikes,0,10.9569,1.827480e-03,0.7554,1.8030e-01,530,0
0.3,0.5,0.2,3,spikes,1,11.3783,1.658500e-03,0.7511,1.8030e-01,534,0
0.3,0.5,0.2,3,spikes,2,10.9975,1.810482e-03,0.7506,1.8030e-01,534,0
0.3,0.5,0.2,3,ecg,0,33.9181,5.308667e-11,0.8777,3.3077e-05,533,0
0.3,0.5,0.2,3,ecg,1,33.4483,5.915156e-11,0.8767,3.0789e-05,536,0
0.3,0.5,0.2,3,ecg,2,32.9524,6.630635e-11,0.8762,4.0000e-05,534,0
0.3,0.6,0.1,3,sine,0,24.7117,1.684936e-03,0.6882,2.3222e-01,533,0
0.3,0.6,0.1,3,sine,1,24.3037,1.850885e-03,0.6942,1.9373e-01,537,0
0.3,0.6,0.1,3,sine,2,24.3352,1.837508e-03,0.6889,2.3222e-01,534,0
0.3,0.6,0.1,3,chirp,0,23.7285,2.035881e-03,0.7067,2.1830e-01,533,0
0.3,0.6,0.1,3,chirp,1,23.3926,2.199579e-03,0.7093,2.1830e-01,537,0
0.3,0.6,0.1,3,chirp,2,23.3424,2.225148e-03,0.7202,2.1830e-01,531,0
0.3,0.6,0.1,3,spikes,0,11.5035,1.611347e-03,0.7475,2.3238e-01,534,0
0.3,0.6,0.1,3,spikes,1,11.0994,1.768484e-03,0.7519,2.3238e-01,534,0
0.3,0.6,0.1,3,spikes,2,11.4835,1.618791e-03,0.7489,2.3238e-01,534,0
0.3,0.6,0.1,3,ecg,0,32.8197,6.836473e-11,0.8752,4.1304e-05,535,0
0.3,0.6,0.1,3,ecg,1,33.0114,6.541293e-11,0.8767,3.3077e-05,534,0
0.3,0.6,0.1,3,ecg,2,32.9567,6.624150e-11,0.8708,3.1923e-05,535,0
0.4,0.1,0.5,3,sine,0,24.3315,1.839069e-03,0.7337,1.9373e-01,537,0
0.4,0.1,0.5,3,sine,1,24.2594,1.869881e-03,0.7321,1.9373e-01,536,0
0.4,0.1,0.5,3,sine,2,24.2587,1.870164e-03,0.7309,1.9373e-01,530,0
0.4,0.1,0.5,3,chirp,0,23.9695,1.925964e-03,0.7719,1.8707e-01,533,0
0.4,0.1,0.5,3,chirp,1,23.6609,2.067816e-03,0.7822,2.3412e-01,532,0
0.4,0.1,0.5,3,chirp,2,23.7132,2.043046e-03,0.7676,1.8266e-01,536,0
0.4,0.1,0.5,3,spikes,0,11.1543,1.746259e-03,0.7869,1.8282e-01,534,0
0.4,0.1,0.5,3,spikes,1,11.1270,1.757300e-03,0.7824,1.8282e-01,540,0
0.4,0.1,0.5,3,spikes,2,10.9296,1.839026e-03,0.7824,1.9004e-01,536,0
0.4,0.1,0.5,3,ecg,0,33.2203,6.234100e-11,0.8946,3.2692e-05,533,0
0.4,0.1,0.5,3,ecg,1,33.6706,5.620003e-11,0.8887,3.0000e-05,538,0
0.4,0.1,0.5,3,ecg,2,33.1491,6.337030e-11,0.8907,3.0000e-05,537,0
0.4,0.2,0.4,3,sine,0,24.2491,1.874322e-03,0.7188,1.9373e-01,537,0
0.4,0.2,0.4,3,sine,1,24.0280,1.972205e-03,0.7121,1.9373e-01,535,0
0.4,0.2,0.4,3,sine,2,24.5050,1.767045e-03,0.7181,1.9373e-01,533,0
0.4,0.2,0.4,3,chirp,0,23.3704,2.210869e-03,0.7648,2.1830e-01,536,0
0.4,0.2,0.4,3,chirp,1,22.9535,2.433620e-03,0.7616,2.1830e-01,535,0
0.4,0.2,0.4,3,chirp,2,22.9172,2.454013e-03,0.7600,2.1830e-01,534,0
0.4,0.2,0.4,3,spikes,0,10.9343,1.837024e-03,0.7747,1.9361e-01,531,0
0.4,0.2,0.4,3,spikes,1,10.8146,1.888360e-03,0.7707,1.9361e-01,533,0
0.4,0.2,0.4,3,spikes,2,11.3435,1.671852e-03,0.7718,1.8995e-01,533,0
0.4,0.2,0.4,3,ecg,0,33.1951,6.270268e-11,0.8897,3.2692e-05,533,0
0.4,0.2,0.4,3,ecg,1,33.4750,5.878913e-11,0.8867,3.2692e-05,532,0
0.4,0.2,0.4,3,ecg,2,33.2215,6.232391e-11,0.8867,3.2692e-05,533,0
0.4,0.3,0.3,3,sine,0,24.0392,1.967115e-03,0.7092,1.9373e-01,534,0
0.4,0.3,0.3,3,sine,1,24.3167,1.845337e-03,0.7023,1.9108e-01,537,0
0.4,0.3,0.3,3,sine,2,24.4842,1.775548e-03,0.7028,1.8571e-01,534,0
0.4,0.3,0.3,3,chirp,0,22.8470,2.494034e-03,0.7491,2.1830e-01,532,0
0.4,0.3,0.3,3,chirp,1,22.8123,2.514000e-03,0.7528,2.1830e-01,536,0
0.4,0.3,0.3,3,chirp,2,22.4435,2.736870e-03,0.7493,2.5029e-01,533,0
0.4,0.3,0.3,3,spikes,0,10.6310,1.969895e-03,0.7677,1.9361e-01,533,0
0.4,0.3,0.3,3,spikes,1,11.2134,1.722687e-03,0.7643,1.7519e-01,537,0
0.4,0.3,0.3,3,spikes,2,10.6737,1.950614e-03,0.7616,1.9361e-01,533,0
0.4,0.3,0.3,3,ecg,0,33.1527,6.331815e-11,0.8837,3.3750e-05,537,0
0.4,0.3,0.3,3,ecg,1,32.8610,6.771782e-11,0.8817,3.3750e-05,534,0
0.4,0.3,0.3,3,ecg,2,33.2322,6.216955e-11,0.8822,3.3077e-05,534,0
0.4,0.4,0.2,3,sine,0,23.4989,2.227743e-03,0.7162,1.9373e-01,533,0
0.4,0.4,0.2,3,sine,1,23.7907,2.082938e-03,0.6994,1.9373e-01,538,0
0.4,0.4,0.2,3,sine,2,23.9823,1.993065e-03,0.7019,1.9373e-01,534,0
0.4,0.4,0.2,3,chirp,0,23.3326,2.230174e-03,0.7343,2.1830e-01,534,0
0.4,0.4,0.2,3,chirp,1,22.8652,2.483609e-03,0.7312,2.1830e-01,537,0
0.4,0.4,0.2,3,chirp,2,23.2548,2.270466e-03,0.7424,2.1830e-01,534,0
0.4,0.4,0.2,3,spikes,0,10.2968,2.127483e-03,0.7463,1.9663e-01,535,0
0.4,0.4,0.2,3,spikes,1,10.7673,1.909034e-03,0.7538,1.7663e-01,535,0
0.4,0.4,0.2,3,spikes,2,10.7853,1.901131e-03,0.7533,1.7663e-01,537,0
0.4,0.4,0.2,3,ecg,0,33.2531,6.187112e-11,0.8807,3.1923e-05,535,0
0.4,0.4,0.2,3,ecg,1,33.2838,6.143490e-11,0.8767,3.1923e-05,534,0
0.4,0.4,0.2,3,ecg,2,33.3981,5.983983e-11,0.8832,3.1923e-05,532,0
0.4,0.5,0.1,3,sine,0,23.7363,2.109200e-03,0.6864,1.9373e-01,538,0
0.4,0.5,0.1,3,sine,1,23.9927,1.988288e-03,0.7037,1.9373e-01,532,0
0.4,0.5,0.1,3,sine,2,24.0428,1.965494e-03,0.6992,1.9373e-01,534,0
0.4,0.5,0.1,3,chirp,0,23.3101,2.241762e-03,0.7250,2.1830e-01,530,0
0.4,0.5,0.1,3,chirp,1,22.6778,2.593120e-03,0.7141,2.1830e-01,537,0
0.4,0.5,0.1,3,chirp,2,22.8488,2.492979e-03,0.7075,2.1830e-01,538,0
0.4,0.5,0.1,3,spikes,0,10.8656,1.866290e-03,0.7555,1.9005e-01,527,0
0.4,0.5,0.1,3,spikes,1,10.9650,1.824069e-03,0.7501,2.0428e-01,529,0
0.4,0.5,0.1,3,spikes,2,10.5845,1.991104e-03,0.7416,1.9097e-01,537,0
0.4,0.5,0.1,3,ecg,0,33.0860,6.429826e-11,0.8762,3.7143e-05,532,0
0.4,0.5,0.1,3,ecg,1,33.3749,6.016066e-11,0.8757,3.3077e-05,535,0
0.4,0.5,0.1,3,ecg,2,33.1128,6.390249e-11,0.8757,3.3077e-05,537,0
0.5,0.1,0.4,3,sine,0,24.6474,1.710063e-03,0.7380,1.7391e-01,534,0
0.5,0.1,0.4,3,sine,1,24.9738,1.586262e-03,0.7418,1.8508e-01,523,0
0.5,0.1,0.4,3,sine,2,24.6703,1.701080e-03,0.7367,1.7391e-01,534,0
0.5,0.1,0.4,3,chirp,0,24.1021,1.868065e-03,0.7748,1.8266e-01,534,0
0.5,0.1,0.4,3,chirp,1,23.8594,1.975414e-03,0.7687,1.8266e-01,540,0
0.5,0.1,0.4,3,chirp,2,23.6744,2.061373e-03,0.7765,2.3412e-01,533,0
0.5,0.1,0.4,3,spikes,0,10.8641,1.866934e-03,0.7844,1.8995e-01,535,0
0.5,0.1,0.4,3,spikes,1,11.1023,1.767293e-03,0.7828,1.9004e-01,532,0
0.5,0.1,0.4,3,spikes,2,11.1927,1.730895e-03,0.7829,1.9004e-01,534,0
0.5,0.1,0.4,3,ecg,0,31.7822,8.681100e-11,0.8907,4.5667e-05,534,0
0.5,0.1,0.4,3,ecg,1,32.3852,7.555811e-11,0.8862,4.5000e-05,534,0
0.5,0.1,0.4,3,ecg,2,33.8674,5.371066e-11,0.8921,3.0000e-05,533,0
0.5,0.2,0.3,3,sine,0,23.8599,2.050048e-03,0.7151,1.9373e-01,538,0
0.5,0.2,0.3,3,sine,1,24.3669,1.824156e-03,0.7169,1.8571e-01,533,0
0.5,0.2,0.3,3,sine,2,24.2272,1.883799e-03,0.7153,1.8571e-01,532,0
0.5,0.2,0.3,3,chirp,0,22.6944,2.583230e-03,0.7608,2.3412e-01,538,0
0.5,0.2,0.3,3,chirp,1,23.0992,2.353326e-03,0.7645,2.1830e-01,538,0
0.5,0.2,0.3,3,chirp,2,22.9781,2.419886e-03,0.7694,2.1830e-01,533,0
0.5,0.2,0.3,3,spikes,0,11.0252,1.798977e-03,0.7744,1.8282e-01,533,0
0.5,0.2,0.3,3,spikes,1,11.1043,1.766503e-03,0.7784,1.8282e-01,535,0
0.5,0.2,0.3,3,spikes,2,10.9948,1.811617e-03,0.7729,1.9433e-01,534,0
0.5,0.2,0.3,3,ecg,0,33.1081,6.397154e-11,0.8867,3.3750e-05,530,0
0.5,0.2,0.3,3,ecg,1,33.7702,5.492655e-11,0.8931,3.2692e-05,525,0
0.5,0.2,0.3,3,ecg,2,32.6665,7.081910e-11,0.8877,4.5000e-05,532,0
0.5,0.3,0.2,3,sine,0,23.9677,1.999780e-03,0.7096,1.9373e-01,536,0
0.5,0.3,0.2,3,sine,1,23.9804,1.993924e-03,0.7168,1.9373e-01,533,0
0.5,0.3,0.2,3,sine,2,24.1654,1.910782e-03,0.7052,1.8571e-01,542,0
0.5,0.3,0.2,3,chirp,0,22.7755,2.535399e-03,0.7533,2.1830e-01,537,0
0.5,0.3,0.2,3,chirp,1,22.7979,2.522387e-03,0.7562,2.1830e-01,536,0
0.5,0.3,0.2,3,chirp,2,23.4796,2.155943e-03,0.7619,2.1830e-01,537,0
0.5,0.3,0.2,3,spikes,0,10.6806,1.947524e-03,0.7665,1.9361e-01,533,0
0.5,0.3,0.2,3,spikes,1,11.0469,1.789989e-03,0.7663,1.7663e-01,531,0
0.5,0.3,0.2,3,spikes,2,10.7975,1.895805e-03,0.7646,1.9361e-01,537,0
0.5,0.3,0.2,3,ecg,0,33.4390,5.927893e-11,0.8857,2.8571e-05,537,0
0.5,0.3,0.2,3,ecg,1,33.3774,6.012596e-11,0.8802,2.9375e-05,535,0
0.5,0.3,0.2,3,ecg,2,33.3757,6.014952e-11,0.8862,3.3750e-05,529,0
0.5,0.4,0.1,3,sine,0,24.1326,1.925265e-03,0.7076,1.9373e-01,532,0
0.5,0.4,0.1,3,sine,1,24.1725,1.907658e-03,0.7082,1.9373e-01,534,0
0.5,0.4,0.1,3,sine,2,24.1813,1.903806e-03,0.7122,1.9373e-01,532,0
0.5,0.4,0.1,3,chirp,0,22.9742,2.422017e-03,0.7524,2.1830e-01,534,0
0.5,0.4,0.1,3,chirp,1,22.5734,2.656183e-03,0.7446,2.1830e-01,536,0
0.5,0.4,0.1,3,chirp,2,23.2816,2.256512e-03,0.7501,2.1830e-01,534,0
0.5,0.4,0.1,3,spikes,0,11.4551,1.629436e-03,0.7668,1.7519e-01,537,0
0.5,0.4,0.1,3,spikes,1,10.9884,1.814289e-03,0.7596,1.9353e-01,534,0
0.5,0.4,0.1,3,spikes,2,11.4615,1.627020e-03,0.7695,1.7519e-01,533,0
0.5,0.4,0.1,3,ecg,0,33.1569,6.325779e-11,0.8812,3.2692e-05,539,0
0.5,0.4,0.1,3,ecg,1,32.8835,6.736690e-11,0.8852,3.3750e-05,537,0
0.5,0.4,0.1,3,ecg,2,33.8279,5.420174e-11,0.8837,3.1667e-05,534,0
0.6,0.1,0.3,3,sine,0,24.3188,1.844486e-03,0.7385,1.8508e-01,537,0
0.6,0.1,0.3,3,sine,1,24.7755,1.660359e-03,0.7437,1.8508e-01,537,0
0.6,0.1,0.3,3,sine,2,24.5890,1.733214e-03,0.7304,1.8508e-01,538,0
0.6,0.1,0.3,3,chirp,0,24.0665,1.883448e-03,0.7767,1.8266e-01,533,0
0.6,0.1,0.3,3,chirp,1,23.7569,2.022585e-03,0.7700,2.4615e-01,537,0
0.6,0.1,0.3,3,chirp,2,23.8687,1.971181e-03,0.7723,1.8266e-01,533,0
0.6,0.1,0.3,3,spikes,0,10.9973,1.810544e-03,0.7883,1.9004e-01,529,0
0.6,0.1,0.3,3,spikes,1,10.8135,1.888851e-03,0.7873,1.9004e-01,537,0
0.6,0.1,0.3,3,spikes,2,10.9159,1.844826e-03,0.7827,1.9004e-01,532,0
0.6,0.1,0.3,3,ecg,0,33.2595,6.177997e-11,0.8926,3.5833e-05,535,0
0.6,0.1,0.3,3,ecg,1,33.2551,6.184217e-11,0.8931,3.2692e-05,533,0
0.6,0.1,0.3,3,ecg,2,32.1963,7.891732e-11,0.8862,4.5000e-05,533,0
0.6,0.2,0.2,3,sine,0,24.3528,1.830074e-03,0.7237,1.7391e-01,534,0
0.6,0.2,0.2,3,sine,1,24.1020,1.938868e-03,0.7262,1.9373e-01,534,0
0.6,0.2,0.2,3,sine,2,24.4196,1.802160e-03,0.7189,1.7391e-01,536,0
0.6,0.2,0.2,3,chirp,0,23.1754,2.312368e-03,0.7728,2.1830e-01,533,0
0.6,0.2,0.2,3,chirp,1,23.6470,2.074422e-03,0.7654,2.1830e-01,537,0
0.6,0.2,0.2,3,chirp,2,23.3373,2.227755e-03,0.7693,2.3412e-01,535,0
0.6,0.2,0.2,3,spikes,0,11.0173,1.802240e-03,0.7835,1.8282e-01,534,0
0.6,0.2,0.2,3,spikes,1,11.0239,1.799507e-03,0.7827,1.8282e-01,531,0
0.6,0.2,0.2,3,spikes,2,11.0650,1.782538e-03,0.7794,1.9004e-01,536,0
0.6,0.2,0.2,3,ecg,0,33.1995,6.263976e-11,0.8902,3.3750e-05,533,0
0.6,0.2,0.2,3,ecg,1,33.3873,5.998832e-11,0.8892,3.0000e-05,536,0
0.6,0.2,0.2,3,ecg,2,33.1319,6.362262e-11,0.8917,3.2692e-05,535,0
0.6,0.3,0.1,3,sine,0,23.9273,2.018462e-03,0.7199,1.9373e-01,536,0
0.6,0.3,0.1,3,sine,1,24.0288,1.971819e-03,0.7087,1.8571e-01,533,0
0.6,0.3,0.1,3,sine,2,24.0164,1.977474e-03,0.7199,1.9373e-01,533,0
0.6,0.3,0.1,3,chirp,0,23.7759,2.013772e-03,0.7785,2.1830e-01,526,0
0.6,0.3,0.1,3,chirp,1,22.8947,2.466759e-03,0.7685,2.1830e-01,530,0
0.6,0.3,0.1,3,chirp,2,22.6973,2.581475e-03,0.7553,2.3412e-01,538,0
0.6,0.3,0.1,3,spikes,0,10.7480,1.917531e-03,0.7746,1.9361e-01,532,0
0.6,0.3,0.1,3,spikes,1,10.8348,1.879584e-03,0.7724,1.9361e-01,532,0
0.6,0.3,0.1,3,spikes,2,10.7211,1.929427e-03,0.7676,1.9361e-01,539,0
0.6,0.3,0.1,3,ecg,0,33.1311,6.363402e-11,0.8892,3.2692e-05,533,0
0.6,0.3,0.1,3,ecg,1,33.3398,6.064885e-11,0.8842,3.2692e-05,533,0
0.6,0.3,0.1,3,ecg,2,33.0821,6.435573e-11,0.8892,3.3750e-05,532,0
0.7,0.1,0.2,3,sine,0,24.7174,1.682703e-03,0.7372,1.8508e-01,534,0
0.7,0.1,0.2,3,sine,1,24.8588,1.628824e-03,0.7461,1.8508e-01,527,0
0.7,0.1,0.2,3,sine,2,24.6460,1.710609e-03,0.7320,1.8508e-01,537,0
0.7,0.1,0.2,3,chirp,0,23.8006,2.002350e-03,0.7772,2.4615e-01,533,0
0.7,0.1,0.2,3,chirp,1,23.8682,1.971423e-03,0.7743,2.4615e-01,534,0
0.7,0.1,0.2,3,chirp,2,24.0239,1.902008e-03,0.7701,1.8266e-01,539,0
0.7,0.1,0.2,3,spikes,0,10.9519,1.829569e-03,0.7789,1.9004e-01,537,0
0.7,0.1,0.2,3,spikes,1,10.8298,1.881769e-03,0.7823,1.8995e-01,534,0
0.7,0.1,0.2,3,spikes,2,10.8553,1.870746e-03,0.7807,1.9433e-01,535,0
0.7,0.1,0.2,3,ecg,0,32.3368,7.640478e-11,0.8867,4.5000e-05,537,0
0.7,0.1,0.2,3,ecg,1,33.1862,6.283203e-11,0.8936,3.3750e-05,529,0
0.7,0.1,0.2,3,ecg,2,33.2762,6.154290e-11,0.8961,3.5833e-05,533,0
0.7,0.2,0.1,3,sine,0,24.3237,1.842386e-03,0.7376,1.9373e-01,536,0
0.7,0.2,0.1,3,sine,1,24.3717,1.822143e-03,0.7440,1.9373e-01,532,0
0.7,0.2,0.1,3,sine,2,24.4944,1.771393e-03,0.7425,1.9373e-01,536,0
0.7,0.2,0.1,3,chirp,0,23.0972,2.354400e-03,0.7635,2.1830e-01,537,0
0.7,0.2,0.1,3,chirp,1,23.4858,2.152894e-03,0.7728,2.1830e-01,533,0
0.7,0.2,0.1,3,chirp,2,23.6885,2.054698e-03,0.7700,2.1830e-01,534,0
0.7,0.2,0.1,3,spikes,0,10.8117,1.889606e-03,0.7830,1.9004e-01,536,0
0.7,0.2,0.1,3,spikes,1,10.9369,1.835910e-03,0.7840,1.9004e-01,533,0
0.7,0.2,0.1,3,spikes,2,11.0099,1.805303e-03,0.7885,1.9004e-01,534,0
0.7,0.2,0.1,3,ecg,0,33.1271,6.369243e-11,0.8867,3.3750e-05,537,0
0.7,0.2,0.1,3,ecg,1,31.6278,8.995384e-11,0.8842,4.5667e-05,536,0
0.7,0.2,0.1,3,ecg,2,33.1141,6.388329e-11,0.8912,3.5833e-05,537,0
0.8,0.1,0.1,3,sine,0,24.6462,1.710513e-03,0.7304,1.8508e-01,538,0
0.8,0.1,0.1,3,sine,1,24.6505,1.708837e-03,0.7454,1.8508e-01,530,0
0.8,0.1,0.1,3,sine,2,24.6855,1.695125e-03,0.7366,1.8508e-01,534,0
0.8,0.1,0.1,3,chirp,0,23.2400,2.278250e-03,0.7781,2.4615e-01,534,0
0.8,0.1,0.1,3,chirp,1,23.7914,2.006584e-03,0.7752,1.8266e-01,537,0
0.8,0.1,0.1,3,chirp,2,23.2730,2.261011e-03,0.7803,2.4615e-01,530,0
0.8,0.1,0.1,3,spikes,0,10.9645,1.824308e-03,0.7866,2.0317e-01,527,0
0.8,0.1,0.1,3,spikes,1,11.0489,1.789185e-03,0.7856,1.8995e-01,534,0
0.8,0.1,0.1,3,spikes,2,10.9496,1.830548e-03,0.7829,2.0317e-01,534,0
0.8,0.1,0.1,3,ecg,0,31.9355,8.380084e-11,0.8897,4.5667e-05,535,0
0.8,0.1,0.1,3,ecg,1,32.6855,7.050947e-11,0.8921,4.5667e-05,536,0
0.8,0.1,0.1,3,ecg,2,32.0340,8.192184e-11,0.8882,4.5667e-05,537,0
0.1,0.1,0.8,4,sine,0,24.2143,1.889394e-03,0.6883,1.9373e-01,537,0
0.1,0.1,0.8,4,sine,1,24.2103,1.891119e-03,0.6879,1.9373e-01,535,0
0.1,0.1,0.8,4,sine,2,24.2904,1.856547e-03,0.6839,1.6357e-01,533,0
0.1,0.1,0.8,4,chirp,0,23.5497,2.121425e-03,0.7339,2.0070e-01,536,0
0.1,0.1,0.8,4,chirp,1,23.2860,2.254244e-03,0.7272,2.1904e-01,534,0
0.1,0.1,0.8,4,chirp,2,22.9643,2.427574e-03,0.7286,2.5029e-01,535,0
0.1,0.1,0.8,4,spikes,0,11.0992,1.768574e-03,0.7392,1.6355e-01,534,0
0.1,0.1,0.8,4,spikes,1,11.2205,1.719847e-03,0.7466,1.5370e-01,533,0
0.1,0.1,0.8,4,spikes,2,11.3104,1.684637e-03,0.7344,1.8763e-01,533,0
0.1,0.1,0.8,4,ecg,0,33.2685,6.165290e-11,0.8817,3.1429e-05,531,0
0.1,0.1,0.8,4,ecg,1,33.4808,5.871108e-11,0.8802,3.1000e-05,534,0
0.1,0.1,0.8,4,ecg,2,33.2517,6.189141e-11,0.8827,3.3077e-05,534,0
0.1,0.2,0.7,4,sine,0,24.5695,1.740988e-03,0.6786,1.9373e-01,538,0
0.1,0.2,0.7,4,sine,1,24.1701,1.908690e-03,0.6816,1.9373e-01,533,0
0.1,0.2,0.7,4,sine,2,24.3606,1.826803e-03,0.6875,1.9373e-01,532,0
0.1,0.2,0.7,4,chirp,0,22.8491,2.492799e-03,0.7156,2.6905e-01,534,0
0.1,0.2,0.7,4,chirp,1,23.2303,2.283349e-03,0.7208,2.4139e-01,534,0
0.1,0.2,0.7,4,chirp,2,23.4059,2.192854e-03,0.7168,2.5029e-01,534,0
0.1,0.2,0.7,4,spikes,0,11.5234,1.603985e-03,0.7470,1.5322e-01,534,0
0.1,0.2,0.7,4,spikes,1,11.3405,1.672972e-03,0.7403,1.9833e-01,535,0
0.1,0.2,0.7,4,spikes,2,11.3923,1.653165e-03,0.7455,2.0641e-01,532,0
0.1,0.2,0.7,4,ecg,0,33.7035,5.577666e-11,0.8787,3.3000e-05,537,0
0.1,0.2,0.7,4,ecg,1,33.5917,5.723144e-11,0.8787,3.3000e-05,529,0
0.1,0.2,0.7,4,ecg,2,33.6894,5.595806e-11,0.8807,3.0000e-05,537,0
0.1,0.3,0.6,4,sine,0,25.1932,1.508116e-03,0.6853,1.9373e-01,534,0
0.1,0.3,0.6,4,sine,1,24.5073,1.766110e-03,0.6691,1.9373e-01,538,0
0.1,0.3,0.6,4,sine,2,25.1996,1.505894e-03,0.6765,1.6357e-01,536,0
0.1,0.3,0.6,4,chirp,0,23.6670,2.064888e-03,0.7093,2.5029e-01,533,0
0.1,0.3,0.6,4,chirp,1,23.3506,2.220935e-03,0.6974,2.1830e-01,537,0
0.1,0.3,0.6,4,chirp,2,24.0341,1.897555e-03,0.6911,1.8165e-01,536,0
0.1,0.3,0.6,4,spikes,0,11.5687,1.587345e-03,0.7386,1.5322e-01,532,0
0.1,0.3,0.6,4,spikes,1,11.3926,1.653024e-03,0.7400,1.7253e-01,537,0
0.1,0.3,0.6,4,spikes,2,11.6443,1.559961e-03,0.7377,1.9097e-01,535,0
0.1,0.3,0.6,4,ecg,0,33.9275,5.297270e-11,0.8832,3.0000e-05,531,0
0.1,0.3,0.6,4,ecg,1,34.0811,5.113218e-11,0.8797,2.7500e-05,534,0
0.1,0.3,0.6,4,ecg,2,32.9772,6.593015e-11,0.8872,4.1304e-05,539,0
0.1,0.4,0.5,4,sine,0,24.7452,1.671960e-03,0.6660,1.9373e-01,535,0
0.1,0.4,0.5,4,sine,1,24.9990,1.577085e-03,0.6849,1.9373e-01,531,0
0.1,0.4,0.5,4,sine,2,24.8843,1.619266e-03,0.6665,1.9373e-01,535,0
0.1,0.4,0.5,4,chirp,0,23.7148,2.042294e-03,0.7015,2.2080e-01,536,0
0.1,0.4,0.5,4,chirp,1,23.7583,2.021945e-03,0.6867,2.0298e-01,537,0
0.1,0.4,0.5,4,chirp,2,24.1892,1.830968e-03,0.7008,1.7176e-01,534,0
0.1,0.4,0.5,4,spikes,0,11.7355,1.527554e-03,0.7419,1.8030e-01,538,0
0.1,0.4,0.5,4,spikes,1,11.4694,1.624076e-03,0.7453,1.8030e-01,539,0
0.1,0.4,0.5,4,spikes,2,11.5136,1.607628e-03,0.7363,1.7237e-01,534,0
0.1,0.4,0.5,4,ecg,0,33.5189,5.819822e-11,0.8748,4.2500e-05,533,0
0.1,0.4,0.5,4,ecg,1,33.6366,5.664182e-11,0.8693,3.0833e-05,537,0
0.1,0.4,0.5,4,ecg,2,33.7926,5.464331e-11,0.8728,3.2273e-05,534,0
0.1,0.5,0.4,4,sine,0,24.8590,1.628746e-03,0.6492,1.8227e-01,536,0
0.1,0.5,0.4,4,sine,1,24.7675,1.663409e-03,0.6468,1.8425e-01,533,0
0.1,0.5,0.4,4,sine,2,24.8590,1.628739e-03,0.6571,1.8306e-01,538,0
0.1,0.5,0.4,4,chirp,0,24.2772,1.794236e-03,0.6921,1.5957e-01,534,0
0.1,0.5,0.4,4,chirp,1,24.2663,1.798765e-03,0.6811,1.6934e-01,537,0
0.1,0.5,0.4,4,chirp,2,24.0557,1.888109e-03,0.6913,1.8095e-01,534,0
0.1,0.5,0.4,4,spikes,0,11.8431,1.490175e-03,0.7374,1.6669e-01,533,0
0.1,0.5,0.4,4,spikes,1,11.5769,1.584356e-03,0.7329,1.8123e-01,536,0
0.1,0.5,0.4,4,spikes,2,11.8453,1.489410e-03,0.7262,1.7237e-01,537,0
0.1,0.5,0.4,4,ecg,0,33.0460,6.489311e-11,0.8708,5.8333e-05,536,0
0.1,0.5,0.4,4,ecg,1,33.0596,6.469057e-11,0.8688,5.8333e-05,533,0
0.1,0.5,0.4,4,ecg,2,33.2655,6.169485e-11,0.8718,4.0000e-05,534,0
0.1,0.6,0.3,4,sine,0,24.6982,1.690175e-03,0.6312,1.8289e-01,534,0
0.1,0.6,0.3,4,sine,1,24.3362,1.837072e-03,0.6382,1.9373e-01,538,0
0.1,0.6,0.3,4,sine,2,24.5026,1.768048e-03,0.6454,1.9373e-01,533,0
0.1,0.6,0.3,4,chirp,0,24.3825,1.751272e-03,0.6597,1.7304e-01,533,0
0.1,0.6,0.3,4,chirp,1,23.9625,1.929082e-03,0.6559,1.7304e-01,530,0
0.1,0.6,0.3,4,chirp,2,24.2414,1.809078e-03,0.6611,1.6963e-01,534,0
0.1,0.6,0.3,4,spikes,0,11.4044,1.648540e-03,0.7081,1.7516e-01,532,0
0.1,0.6,0.3,4,spikes,1,11.5747,1.585150e-03,0.7181,1.7516e-01,532,0
0.1,0.6,0.3,4,spikes,2,11.6509,1.557596e-03,0.7205,1.7516e-01,524,0
0.1,0.6,0.3,4,ecg,0,32.8252,6.827833e-11,0.8623,5.8333e-05,536,0
0.1,0.6,0.3,4,ecg,1,32.4282,7.481423e-11,0.8668,7.0000e-05,533,0
0.1,0.6,0.3,4,ecg,2,31.9430,8.365597e-11,0.8534,7.0000e-05,534,0
0.1,0.7,0.2,4,sine,0,24.7063,1.687029e-03,0.6225,1.7517e-01,533,0
0.1,0.7,0.2,4,sine,1,24.6004,1.728669e-03,0.6287,1.9040e-01,536,0
0.1,0.7,0.2,4,sine,2,24.7499,1.670180e-03,0.6194,1.8310e-01,537,0
0.1,0.7,0.2,4,chirp,0,24.0997,1.869073e-03,0.6597,1.7304e-01,532,0
0.1,0.7,0.2,4,chirp,1,23.8402,1.984195e-03,0.6358,1.7183e-01,533,0
0.1,0.7,0.2,4,chirp,2,24.1121,1.863749e-03,0.6596,1.7304e-01,538,0
0.1,0.7,0.2,4,spikes,0,11.2810,1.696073e-03,0.7123,1.5322e-01,537,0
0.1,0.7,0.2,4,spikes,1,11.0330,1.795736e-03,0.6981,1.7516e-01,533,0
0.1,0.7,0.2,4,spikes,2,11.3332,1.675797e-03,0.7027,1.9035e-01,538,0
0.1,0.7,0.2,4,ecg,0,32.2583,7.779769e-11,0.8633,7.0000e-05,536,0
0.1,0.7,0.2,4,ecg,1,31.7671,8.711458e-11,0.8673,7.0000e-05,537,0
0.1,0.7,0.2,4,ecg,2,31.9987,8.259108e-11,0.8569,7.0000e-05,528,0
0.1,0.8,0.1,4,sine,0,24.4877,1.774110e-03,0.6030,1.7517e-01,529,0
0.1,0.8,0.1,4,sine,1,24.3265,1.841200e-03,0.5925,2.2236e-01,534,0
0.1,0.8,0.1,4,sine,2,24.5172,1.762097e-03,0.6130,2.2835e-01,531,0
0.1,0.8,0.1,4,chirp,0,24.1886,1.831222e-03,0.6647,1.8782e-01,522,0
0.1,0.8,0.1,4,chirp,1,23.7375,2.031674e-03,0.6332,1.8782e-01,534,0
0.1,0.8,0.1,4,chirp,2,23.7687,2.017091e-03,0.6474,1.9432e-01,533,0
0.1,0.8,0.1,4,spikes,0,11.5392,1.598185e-03,0.7056,1.9035e-01,533,0
0.1,0.8,0.1,4,spikes,1,11.1137,1.762675e-03,0.6822,1.6322e-01,535,0
0.1,0.8,0.1,4,spikes,2,11.2608,1.703983e-03,0.6930,1.7516e-01,533,0
0.1,0.8,0.1,4,ecg,0,32.1889,7.905168e-11,0.8603,6.9167e-05,536,0
0.1,0.8,0.1,4,ecg,1,32.7133,7.006048e-11,0.8638,5.7500e-05,532,0
0.1,0.8,0.1,4,ecg,2,32.4624,7.422596e-11,0.8529,7.0000e-05,539,0
0.2,0.1,0.7,4,sine,0,24.1142,1.933433e-03,0.7027,1.8571e-01,537,0
0.2,0.1,0.7,4,sine,1,24.0772,1.949993e-03,0.7186,1.9373e-01,534,0
0.2,0.1,0.7,4,sine,2,24.2746,1.863326e-03,0.7051,1.8571e-01,533,0
0.2,0.1,0.7,4,chirp,0,23.4177,2.186910e-03,0.7576,2.1904e-01,536,0
0.2,0.1,0.7,4,chirp,1,22.5019,2.700289e-03,0.7575,2.5029e-01,535,0
0.2,0.1,0.7,4,chirp,2,23.4343,2.178584e-03,0.7726,2.3412e-01,534,0
0.2,0.1,0.7,4,spikes,0,11.4994,1.612879e-03,0.7647,1.8629e-01,536,0
0.2,0.1,0.7,4,spikes,1,11.4561,1.629061e-03,0.7601,1.8629e-01,533,0
0.2,0.1,0.7,4,spikes,2,11.4598,1.627658e-03,0.7665,1.8629e-01,533,0
0.2,0.1,0.7,4,ecg,0,33.1232,6.375055e-11,0.8862,3.9444e-05,533,0
0.2,0.1,0.7,4,ecg,1,33.1310,6.363495e-11,0.8832,3.3077e-05,537,0
0.2,0.1,0.7,4,ecg,2,32.7976,6.871258e-11,0.8867,3.6250e-05,534,0
0.2,0.2,0.6,4,sine,0,24.5527,1.747760e-03,0.7016,1.9373e-01,534,0
0.2,0.2,0.6,4,sine,1,24.4180,1.802796e-03,0.6963,1.8571e-01,538,0
0.2,0.2,0.6,4,sine,2,24.5128,1.763884e-03,0.6967,1.9373e-01,537,0
0.2,0.2,0.6,4,chirp,0,23.0270,2.392749e-03,0.7346,2.1830e-01,533,0
0.2,0.2,0.6,4,chirp,1,23.2870,2.253706e-03,0.7262,2.0070e-01,536,0
0.2,0.2,0.6,4,chirp,2,23.6971,2.050665e-03,0.7355,2.1830e-01,534,0
0.2,0.2,0.6,4,spikes,0,11.2839,1.694932e-03,0.7446,1.5370e-01,537,0
0.2,0.2,0.6,4,spikes,1,11.1888,1.732456e-03,0.7467,1.8135e-01,531,0
0.2,0.2,0.6,4,spikes,2,10.9784,1.818440e-03,0.7453,2.0370e-01,534,0
0.2,0.2,0.6,4,ecg,0,33.3546,6.044227e-11,0.8832,2.8333e-05,533,0
0.2,0.2,0.6,4,ecg,1,33.2631,6.172851e-11,0.8748,3.0556e-05,538,0
0.2,0.2,0.6,4,ecg,2,32.3279,7.656102e-11,0.8787,4.5667e-05,532,0
0.2,0.3,0.5,4,sine,0,24.5595,1.745034e-03,0.6982,1.9373e-01,534,0
0.2,0.3,0.5,4,sine,1,24.5718,1.740071e-03,0.6922,1.8571e-01,531,0
0.2,0.3,0.5,4,sine,2,24.3447,1.833478e-03,0.7002,1.9373e-01,522,0
0.2,0.3,0.5,4,chirp,0,22.6361,2.618124e-03,0.7196,2.1830e-01,533,0
0.2,0.3,0.5,4,chirp,1,23.2265,2.285351e-03,0.7334,2.1830e-01,536,0
0.2,0.3,0.5,4,chirp,2,22.6900,2.585824e-03,0.7259,2.5029e-01,534,0
0.2,0.3,0.5,4,spikes,0,11.1436,1.750569e-03,0.7496,1.9005e-01,537,0
0.2,0.3,0.5,4,spikes,1,11.2977,1.689560e-03,0.7479,1.8995e-01,534,0
0.2,0.3,0.5,4,spikes,2,11.1395,1.752237e-03,0.7532,1.9203e-01,531,0
0.2,0.3,0.5,4,ecg,0,33.9614,5.256033e-11,0.8822,2.8333e-05,532,0
0.2,0.3,0.5,4,ecg,1,33.0196,6.528947e-11,0.8782,3.9231e-05,534,0
0.2,0.3,0.5,4,ecg,2,33.4069,5.971846e-11,0.8807,3.0000e-05,540,0
0.2,0.4,0.4,4,sine,0,24.4709,1.780972e-03,0.6922,1.9373e-01,538,0
0.2,0.4,0.4,4,sine,1,24.4470,1.790814e-03,0.6876,1.8571e-01,538,0
0.2,0.4,0.4,4,sine,2,24.4066,1.807552e-03,0.7025,1.9373e-01,531,0
0.2,0.4,0.4,4,chirp,0,23.5493,2.121629e-03,0.7101,2.1830e-01,533,0
0.2,0.4,0.4,4,chirp,1,23.5043,2.143733e-03,0.7177,2.1830e-01,531,0
0.2,0.4,0.4,4,chirp,2,23.8224,1.992343e-03,0.7223,2.1830e-01,537,0
0.2,0.4,0.4,4,spikes,0,11.1246,1.758271e-03,0.7407,1.7348e-01,535,0
0.2,0.4,0.4,4,spikes,1,11.6857,1.545159e-03,0.7459,1.4932e-01,532,0
0.2,0.4,0.4,4,spikes,2,11.3340,1.675478e-03,0.7565,1.9361e-01,528,0
0.2,0.4,0.4,4,ecg,0,32.8630,6.768561e-11,0.8748,4.1304e-05,534,0
0.2,0.4,0.4,4,ecg,1,33.5752,5.744855e-11,0.8807,3.1765e-05,534,0
0.2,0.4,0.4,4,ecg,2,33.7926,5.464307e-11,0.8772,3.0000e-05,534,0
0.2,0.5,0.3,4,sine,0,24.5474,1.749876e-03,0.6817,1.9373e-01,534,0
0.2,0.5,0.3,4,sine,1,24.7087,1.686097e-03,0.6853,1.9373e-01,533,0
0.2,0.5,0.3,4,sine,2,24.6487,1.709545e-03,0.6767,1.9373e-01,533,0
0.2,0.5,0.3,4,chirp,0,23.7695,2.016751e-03,0.7052,2.1830e-01,536,0
0.2,0.5,0.3,4,chirp,1,23.3935,2.199142e-03,0.7220,2.1830e-01,531,0
0.2,0.5,0.3,4,chirp,2,23.5898,2.101945e-03,0.7144,2.1830e-01,531,0
0.2,0.5,0.3,4,spikes,0,10.9209,1.842695e-03,0.7421,1.8066e-01,533,0
0.2,0.5,0.3,4,spikes,1,11.2754,1.698271e-03,0.7382,1.7348e-01,531,0
0.2,0.5,0.3,4,spikes,2,11.1709,1.739602e-03,0.7314,1.9097e-01,537,0
0.2,0.5,0.3,4,ecg,0,33.8574,5.383473e-11,0.8797,3.1667e-05,533,0
0.2,0.5,0.3,4,ecg,1,33.4253,5.946616e-11,0.8812,3.5333e-05,533,0
0.2,0.5,0.3,4,ecg,2,33.9541,5.264919e-11,0.8847,2.8333e-05,534,0
0.2,0.6,0.2,4,sine,0,24.6575,1.706078e-03,0.6774,1.9373e-01,531,0
0.2,0.6,0.2,4,sine,1,24.6263,1.718367e-03,0.6691,1.9108e-01,530,0
0.2,0.6,0.2,4,sine,2,25.0416,1.561663e-03,0.6774,1.7874e-01,535,0
0.2,0.6,0.2,4,chirp,0,23.9411,1.938605e-03,0.6980,2.1830e-01,534,0
0.2,0.6,0.2,4,chirp,1,24.3002,1.784763e-03,0.7002,2.1830e-01,533,0
0.2,0.6,0.2,4,chirp,2,23.8091,1.998414e-03,0.6995,2.1830e-01,534,0
0.2,0.6,0.2,4,spikes,0,11.4730,1.622724e-03,0.7329,1.6440e-01,531,0
0.2,0.6,0.2,4,spikes,1,11.0740,1.778880e-03,0.7315,1.8030e-01,534,0
0.2,0.6,0.2,4,spikes,2,11.6594,1.554549e-03,0.7379,2.0370e-01,538,0
0.2,0.6,0.2,4,ecg,0,33.7232,5.552351e-11,0.8837,2.8333e-05,534,0
0.2,0.6,0.2,4,ecg,1,33.3253,6.085159e-11,0.8787,3.3000e-05,536,0
0.2,0.6,0.2,4,ecg,2,33.3624,6.033367e-11,0.8857,3.7143e-05,537,0
0.2,0.7,0.1,4,sine,0,24.8646,1.626634e-03,0.6788,1.9373e-01,537,0
0.2,0.7,0.1,4,sine,1,24.3995,1.810510e-03,0.6728,1.9373e-01,538,0
0.2,0.7,0.1,4,sine,2,24.4760,1.778910e-03,0.6581,1.9373e-01,538,0
0.2,0.7,0.1,4,chirp,0,23.7155,2.041980e-03,0.6839,1.6995e-01,535,0
0.2,0.7,0.1,4,chirp,1,24.0133,1.906626e-03,0.6801,1.9017e-01,534,0
0.2,0.7,0.1,4,chirp,2,24.0230,1.902401e-03,0.6930,2.0162e-01,535,0
0.2,0.7,0.1,4,spikes,0,11.7797,1.512075e-03,0.7239,1.7516e-01,535,0
0.2,0.7,0.1,4,spikes,1,11.2166,1.721403e-03,0.7249,1.7516e-01,531,0
0.2,0.7,0.1,4,spikes,2,11.1729,1.738800e-03,0.7311,1.7516e-01,536,0
0.2,0.7,0.1,4,ecg,0,33.8883,5.345290e-11,0.8797,3.2143e-05,535,0
0.2,0.7,0.1,4,ecg,1,33.5275,5.808283e-11,0.8767,4.2500e-05,532,0
0.2,0.7,0.1,4,ecg,2,33.7700,5.492854e-11,0.8752,3.2273e-05,534,0
0.3,0.1,0.6,4,sine,0,24.3687,1.823397e-03,0.7218,1.8571e-01,534,0
0.3,0.1,0.6,4,sine,1,24.5570,1.746041e-03,0.7232,1.7391e-01,533,0
0.3,0.1,0.6,4,sine,2,24.4746,1.779465e-03,0.7227,1.8571e-01,537,0
0.3,0.1,0.6,4,chirp,0,23.1540,2.323785e-03,0.7634,2.3412e-01,532,0
0.3,0.1,0.6,4,chirp,1,23.0189,2.397225e-03,0.7552,2.3412e-01,537,0
0.3,0.1,0.6,4,chirp,2,23.5386,2.126887e-03,0.7703,2.1830e-01,533,0
0.3,0.1,0.6,4,spikes,0,11.3443,1.671513e-03,0.7795,1.8282e-01,519,0
0.3,0.1,0.6,4,spikes,1,10.9194,1.843334e-03,0.7759,1.9004e-01,536,0
0.3,0.1,0.6,4,spikes,2,11.2310,1.715706e-03,0.7707,1.9004e-01,538,0
0.3,0.1,0.6,4,ecg,0,32.5492,7.275833e-11,0.8847,4.5000e-05,536,0
0.3,0.1,0.6,4,ecg,1,32.0685,8.127278e-11,0.8832,4.5667e-05,534,0
0.3,0.1,0.6,4,ecg,2,32.8732,6.752682e-11,0.8877,4.5667e-05,534,0
0.3,0.2,0.5,4,sine,0,24.0468,1.963683e-03,0.7053,1.9373e-01,537,0
0.3,0.2,0.5,4,sine,1,24.4383,1.794421e-03,0.7116,1.8571e-01,535,0
0.3,0.2,0.5,4,sine,2,24.2246,1.884920e-03,0.7128,1.9373e-01,534,0
0.3,0.2,0.5,4,chirp,0,23.8295,1.989092e-03,0.7602,2.1830e-01,535,0
0.3,0.2,0.5,4,chirp,1,22.9134,2.456173e-03,0.7462,2.1830e-01,536,0
0.3,0.2,0.5,4,chirp,2,23.9228,1.946788e-03,0.7590,1.8707e-01,537,0
0.3,0.2,0.5,4,spikes,0,11.2967,1.689965e-03,0.7656,1.8629e-01,536,0
0.3,0.2,0.5,4,spikes,1,10.9050,1.849449e-03,0.7676,1.9361e-01,535,0
0.3,0.2,0.5,4,spikes,2,10.8994,1.851837e-03,0.7668,1.9361e-01,536,0
0.3,0.2,0.5,4,ecg,0,33.2426,6.202108e-11,0.8787,3.5833e-05,536,0
0.3,0.2,0.5,4,ecg,1,32.8868,6.731654e-11,0.8797,3.6250e-05,536,0
0.3,0.2,0.5,4,ecg,2,32.8865,6.732117e-11,0.8812,3.6250e-05,536,0
0.3,0.3,0.4,4,sine,0,24.1036,1.938157e-03,0.7090,1.9373e-01,535,0
0.3,0.3,0.4,4,sine,1,24.1377,1.923022e-03,0.7065,1.9373e-01,536,0
0.3,0.3,0.4,4,sine,2,24.0508,1.961874e-03,0.7119,1.9373e-01,532,0
0.3,0.3,0.4,4,chirp,0,23.5050,2.143408e-03,0.7432,1.9646e-01,532,0
0.3,0.3,0.4,4,chirp,1,22.5012,2.700700e-03,0.7349,2.1830e-01,534,0
0.3,0.3,0.4,4,chirp,2,23.3691,2.211529e-03,0.7348,2.1830e-01,534,0
0.3,0.3,0.4,4,spikes,0,11.1248,1.758180e-03,0.7617,1.8995e-01,530,0
0.3,0.3,0.4,4,spikes,1,10.5212,2.020329e-03,0.7509,1.9361e-01,534,0
0.3,0.3,0.4,4,spikes,2,11.0217,1.800436e-03,0.7549,1.6440e-01,534,0
0.3,0.3,0.4,4,ecg,0,33.5102,5.831443e-11,0.8817,3.0833e-05,534,0
0.3,0.3,0.4,4,ecg,1,33.3967,5.985880e-11,0.8787,3.0000e-05,533,0
0.3,0.3,0.4,4,ecg,2,33.2536,6.186433e-11,0.8842,3.1429e-05,534,0
0.3,0.4,0.3,4,sine,0,24.1905,1.899764e-03,0.7005,1.9373e-01,537,0
0.3,0.4,0.3,4,sine,1,24.2132,1.889848e-03,0.6924,1.9373e-01,536,0
0.3,0.4,0.3,4,sine,2,24.1870,1.901313e-03,0.6914,1.9373e-01,532,0
0.3,0.4,0.3,4,chirp,0,22.5331,2.680950e-03,0.7112,2.1830e-01,537,0
0.3,0.4,0.3,4,chirp,1,22.8129,2.513683e-03,0.7278,2.1830e-01,534,0
0.3,0.4,0.3,4,chirp,2,22.8802,2.475024e-03,0.7168,2.1830e-01,535,0
0.3,0.4,0.3,4,spikes,0,10.6136,1.977798e-03,0.7479,2.0826e-01,534,0
0.3,0.4,0.3,4,spikes,1,10.6926,1.942161e-03,0.7433,2.0826e-01,533,0
0.3,0.4,0.3,4,spikes,2,10.7055,1.936395e-03,0.7444,2.0432e-01,532,0
0.3,0.4,0.3,4,ecg,0,33.6149,5.692537e-11,0.8822,2.8333e-05,534,0
0.3,0.4,0.3,4,ecg,1,33.0431,6.493659e-11,0.8777,3.9231e-05,534,0
0.3,0.4,0.3,4,ecg,2,33.5385,5.793566e-11,0.8817,3.3000e-05,534,0
0.3,0.5,0.2,4,sine,0,24.4293,1.798143e-03,0.6930,1.9373e-01,533,0
0.3,0.5,0.2,4,sine,1,24.2582,1.870370e-03,0.6991,1.9373e-01,532,0
0.3,0.5,0.2,4,sine,2,24.4070,1.807390e-03,0.7021,1.9373e-01,534,0
0.3,0.5,0.2,4,chirp,0,23.0680,2.370291e-03,0.7124,2.1830e-01,538,0
0.3,0.5,0.2,4,chirp,1,23.2727,2.261166e-03,0.7167,2.1830e-01,535,0
0.3,0.5,0.2,4,chirp,2,23.5916,2.101051e-03,0.7200,2.1830e-01,536,0
0.3,0.5,0.2,4,spikes,0,11.0802,1.776319e-03,0.7386,1.8983e-01,534,0
0.3,0.5,0.2,4,spikes,1,10.9244,1.841227e-03,0.7407,1.9270e-01,535,0
0.3,0.5,0.2,4,spikes,2,11.0495,1.788911e-03,0.7388,1.5000e-01,537,0
0.3,0.5,0.2,4,ecg,0,33.8047,5.449107e-11,0.8762,2.8333e-05,538,0
0.3,0.5,0.2,4,ecg,1,33.1963,6.268576e-11,0.8802,3.5000e-05,537,0
0.3,0.5,0.2,4,ecg,2,33.1650,6.313964e-11,0.8822,3.5333e-05,534,0
0.3,0.6,0.1,4,sine,0,24.4622,1.784566e-03,0.7016,2.3222e-01,535,0
0.3,0.6,0.1,4,sine,1,24.0846,1.946644e-03,0.6813,2.3222e-01,534,0
0.3,0.6,0.1,4,sine,2,24.2344,1.880661e-03,0.6887,2.3222e-01,535,0
0.3,0.6,0.1,4,chirp,0,23.5280,2.132041e-03,0.7087,2.1830e-01,533,0
0.3,0.6,0.1,4,chirp,1,22.9349,2.444055e-03,0.7095,2.5029e-01,531,0
0.3,0.6,0.1,4,chirp,2,23.4339,2.178780e-03,0.7258,2.1830e-01,529,0
0.3,0.6,0.1,4,spikes,0,10.9078,1.848274e-03,0.7462,2.3238e-01,533,0
0.3,0.6,0.1,4,spikes,1,10.9650,1.824095e-03,0.7392,2.3238e-01,532,0
0.3,0.6,0.1,4,spikes,2,11.1358,1.753729e-03,0.7438,2.3238e-01,536,0
0.3,0.6,0.1,4,ecg,0,33.6194,5.686696e-11,0.8797,3.1765e-05,533,0
0.3,0.6,0.1,4,ecg,1,33.6428,5.656139e-11,0.8812,3.5333e-05,536,0
0.3,0.6,0.1,4,ecg,2,33.1407,6.349369e-11,0.8752,4.1304e-05,530,0
0.4,0.1,0.5,4,sine,0,24.6533,1.707729e-03,0.7403,1.9373e-01,533,0
0.4,0.1,0.5,4,sine,1,24.4721,1.780500e-03,0.7441,1.9373e-01,532,0
0.4,0.1,0.5,4,sine,2,24.5110,1.764625e-03,0.7322,1.9373e-01,531,0
0.4,0.1,0.5,4,chirp,0,23.1710,2.314717e-03,0.7666,2.3412e-01,533,0
0.4,0.1,0.5,4,chirp,1,23.6230,2.085935e-03,0.7656,2.1545e-01,531,0
0.4,0.1,0.5,4,chirp,2,23.6092,2.092578e-03,0.7644,2.1545e-01,533,0
0.4,0.1,0.5,4,spikes,0,10.8474,1.874141e-03,0.7848,1.9004e-01,536,0
0.4,0.1,0.5,4,spikes,1,10.9787,1.818316e-03,0.7843,1.9004e-01,534,0
0.4,0.1,0.5,4,spikes,2,10.7020,1.937935e-03,0.7802,1.9433e-01,534,0
0.4,0.1,0.5,4,ecg,0,32.3671,7.587344e-11,0.8882,4.5000e-05,535,0
0.4,0.1,0.5,4,ecg,1,32.6278,7.145332e-11,0.8887,4.5667e-05,533,0
0.4,0.1,0.5,4,ecg,2,33.2708,6.161984e-11,0.8887,3.5833e-05,538,0
0.4,0.2,0.4,4,sine,0,24.0044,1.982951e-03,0.7194,1.9373e-01,531,0
0.4,0.2,0.4,4,sine,1,24.1256,1.928389e-03,0.7140,1.8571e-01,536,0
0.4,0.2,0.4,4,sine,2,24.3231,1.842622e-03,0.7237,1.9373e-01,535,0
0.4,0.2,0.4,4,chirp,0,23.1852,2.307175e-03,0.7634,2.1830e-01,537,0
0.4,0.2,0.4,4,chirp,1,23.2636,2.265913e-03,0.7588,2.3412e-01,537,0
0.4,0.2,0.4,4,chirp,2,23.2239,2.286705e-03,0.7523,2.0070e-01,538,0
0.4,0.2,0.4,4,spikes,0,10.6535,1.959708e-03,0.7645,1.9433e-01,534,0
0.4,0.2,0.4,4,spikes,1,10.9418,1.833849e-03,0.7695,1.9361e-01,534,0
0.4,0.2,0.4,4,spikes,2,10.6973,1.940029e-03,0.7690,1.9433e-01,534,0
0.4,0.2,0.4,4,ecg,0,33.1785,6.294297e-11,0.8872,3.3077e-05,536,0
0.4,0.2,0.4,4,ecg,1,33.4257,5.946076e-11,0.8907,3.2692e-05,536,0
0.4,0.2,0.4,4,ecg,2,33.3384,6.066733e-11,0.8907,3.3077e-05,535,0
0.4,0.3,0.3,4,sine,0,24.1157,1.932760e-03,0.6956,1.9373e-01,538,0
0.4,0.3,0.3,4,sine,1,24.0180,1.976749e-03,0.7173,1.9373e-01,527,0
0.4,0.3,0.3,4,sine,2,23.9661,2.000501e-03,0.6897,1.9373e-01,533,0
0.4,0.3,0.3,4,chirp,0,22.3301,2.809258e-03,0.7469,2.3412e-01,538,0
0.4,0.3,0.3,4,chirp,1,22.8777,2.476453e-03,0.7561,2.1830e-01,533,0
0.4,0.3,0.3,4,chirp,2,22.7892,2.527456e-03,0.7528,2.1830e-01,536,0
0.4,0.3,0.3,4,spikes,0,11.3030,1.687500e-03,0.7673,1.5712e-01,526,0
0.4,0.3,0.3,4,spikes,1,10.9527,1.829236e-03,0.7641,1.9361e-01,534,0
0.4,0.3,0.3,4,spikes,2,11.4105,1.646245e-03,0.7679,1.5268e-01,534,0
0.4,0.3,0.3,4,ecg,0,32.6244,7.150811e-11,0.8807,4.5667e-05,530,0
0.4,0.3,0.3,4,ecg,1,32.8161,6.842106e-11,0.8757,3.5833e-05,537,0
0.4,0.3,0.3,4,ecg,2,32.3958,7.537436e-11,0.8777,4.5667e-05,534,0
0.4,0.4,0.2,4,sine,0,23.5829,2.185024e-03,0.6952,1.9373e-01,536,0
0.4,0.4,0.2,4,sine,1,23.8810,2.040084e-03,0.7152,1.9373e-01,534,0
0.4,0.4,0.2,4,sine,2,23.6403,2.156366e-03,0.7119,1.9373e-01,534,0
0.4,0.4,0.2,4,chirp,0,22.6687,2.598547e-03,0.7419,2.1830e-01,534,0
0.4,0.4,0.2,4,chirp,1,22.7438,2.554023e-03,0.7440,2.1830e-01,533,0
0.4,0.4,0.2,4,chirp,2,22.6077,2.635282e-03,0.7401,2.1830e-01,534,0
0.4,0.4,0.2,4,spikes,0,10.8456,1.874929e-03,0.7519,1.6440e-01,537,0
0.4,0.4,0.2,4,spikes,1,10.7701,1.907781e-03,0.7535,1.7708e-01,534,0
0.4,0.4,0.2,4,spikes,2,10.6778,1.948784e-03,0.7546,1.9361e-01,533,0
0.4,0.4,0.2,4,ecg,0,32.6842,7.053146e-11,0.8787,4.5667e-05,537,0
0.4,0.4,0.2,4,ecg,1,33.6113,5.697249e-11,0.8837,3.0833e-05,530,0
0.4,0.4,0.2,4,ecg,2,33.3289,6.080021e-11,0.8807,3.3077e-05,532,0
0.4,0.5,0.1,4,sine,0,23.9965,1.986545e-03,0.6939,1.9373e-01,534,0
0.4,0.5,0.1,4,sine,1,23.9444,2.010523e-03,0.6893,1.9373e-01,534,0
0.4,0.5,0.1,4,sine,2,24.3137,1.846650e-03,0.6898,1.9373e-01,534,0
0.4,0.5,0.1,4,chirp,0,22.6245,2.625139e-03,0.7220,2.1830e-01,533,0
0.4,0.5,0.1,4,chirp,1,22.7532,2.548450e-03,0.7212,2.1830e-01,534,0
0.4,0.5,0.1,4,chirp,2,22.7514,2.549516e-03,0.7239,2.1830e-01,536,0
0.4,0.5,0.1,4,spikes,0,10.8246,1.883996e-03,0.7457,2.0428e-01,536,0
0.4,0.5,0.1,4,spikes,1,10.6375,1.966958e-03,0.7503,2.0428e-01,532,0
0.4,0.5,0.1,4,spikes,2,10.7602,1.912144e-03,0.7426,2.0428e-01,535,0
0.4,0.5,0.1,4,ecg,0,33.5529,5.774435e-11,0.8807,2.8000e-05,537,0
0.4,0.5,0.1,4,ecg,1,33.8685,5.369637e-11,0.8827,3.0000e-05,531,0
0.4,0.5,0.1,4,ecg,2,33.2072,6.252848e-11,0.8782,3.9231e-05,536,0
0.5,0.1,0.4,4,sine,0,24.6114,1.724306e-03,0.7449,1.7391e-01,527,0
0.5,0.1,0.4,4,sine,1,24.5386,1.753428e-03,0.7392,1.7391e-01,534,0
0.5,0.1,0.4,4,sine,2,24.7296,1.677980e-03,0.7364,1.7240e-01,536,0
0.5,0.1,0.4,4,chirp,0,23.7327,2.033894e-03,0.7717,2.1545e-01,533,0
0.5,0.1,0.4,4,chirp,1,23.7964,2.004270e-03,0.7688,2.1545e-01,537,0
0.5,0.1,0.4,4,chirp,2,23.7093,2.044872e-03,0.7720,2.1545e-01,530,0
0.5,0.1,0.4,4,spikes,0,11.0425,1.791822e-03,0.7841,1.9433e-01,536,0
0.5,0.1,0.4,4,spikes,1,11.0204,1.800949e-03,0.7892,1.8995e-01,528,0
0.5,0.1,0.4,4,spikes,2,11.0322,1.796058e-03,0.7805,1.9004e-01,537,0
0.5,0.1,0.4,4,ecg,0,33.4925,5.855247e-11,0.8931,3.0000e-05,530,0
0.5,0.1,0.4,4,ecg,1,32.3664,7.588588e-11,0.8867,4.5000e-05,538,0
0.5,0.1,0.4,4,ecg,2,32.2305,7.829762e-11,0.8907,4.5667e-05,526,0
0.5,0.2,0.3,4,sine,0,23.8937,2.034160e-03,0.7181,1.9373e-01,536,0
0.5,0.2,0.3,4,sine,1,24.0641,1.955873e-03,0.7143,1.8571e-01,534,0
0.5,0.2,0.3,4,sine,2,24.2154,1.888904e-03,0.7266,1.8571e-01,534,0
0.5,0.2,0.3,4,chirp,0,22.9732,2.422609e-03,0.7615,2.1545e-01,534,0
0.5,0.2,0.3,4,chirp,1,22.7311,2.561455e-03,0.7673,2.1830e-01,532,0
0.5,0.2,0.3,4,chirp,2,22.9468,2.437360e-03,0.7738,2.1830e-01,533,0
0.5,0.2,0.3,4,spikes,0,10.9070,1.848615e-03,0.7716,1.9361e-01,532,0
0.5,0.2,0.3,4,spikes,1,10.6345,1.968331e-03,0.7667,1.9433e-01,537,0
0.5,0.2,0.3,4,spikes,2,10.8399,1.877390e-03,0.7723,1.9361e-01,536,0
0.5,0.2,0.3,4,ecg,0,33.6272,5.676519e-11,0.8882,2.7778e-05,537,0
0.5,0.2,0.3,4,ecg,1,32.7968,6.872652e-11,0.8882,4.5667e-05,534,0
0.5,0.2,0.3,4,ecg,2,32.9209,6.678937e-11,0.8862,4.5667e-05,537,0
0.5,0.3,0.2,4,sine,0,23.9791,1.994533e-03,0.7159,1.8571e-01,537,0
0.5,0.3,0.2,4,sine,1,24.1992,1.895973e-03,0.7188,1.8571e-01,529,0
0.5,0.3,0.2,4,sine,2,24.0872,1.945515e-03,0.7196,1.9373e-01,529,0
0.5,0.3,0.2,4,chirp,0,22.8182,2.510609e-03,0.7585,2.1830e-01,535,0
0.5,0.3,0.2,4,chirp,1,22.8563,2.488663e-03,0.7580,2.1830e-01,532,0
0.5,0.3,0.2,4,chirp,2,23.1358,2.333570e-03,0.7663,2.1830e-01,536,0
0.5,0.3,0.2,4,spikes,0,11.0105,1.805073e-03,0.7629,1.9361e-01,538,0
0.5,0.3,0.2,4,spikes,1,10.8333,1.880226e-03,0.7688,1.9833e-01,533,0
0.5,0.3,0.2,4,spikes,2,10.8514,1.872424e-03,0.7666,1.9361e-01,534,0
0.5,0.3,0.2,4,ecg,0,32.9108,6.694459e-11,0.8817,3.6250e-05,536,0
0.5,0.3,0.2,4,ecg,1,33.0430,6.493860e-11,0.8862,3.6250e-05,535,0
0.5,0.3,0.2,4,ecg,2,33.3335,6.073681e-11,0.8902,3.2692e-05,533,0
0.5,0.4,0.1,4,sine,0,24.3184,1.844645e-03,0.7112,1.8571e-01,533,0
0.5,0.4,0.1,4,sine,1,24.2877,1.857704e-03,0.7120,1.8571e-01,534,0
0.5,0.4,0.1,4,sine,2,24.2057,1.893130e-03,0.7093,1.8571e-01,534,0
0.5,0.4,0.1,4,chirp,0,23.0026,2.406258e-03,0.7459,2.1830e-01,536,0
0.5,0.4,0.1,4,chirp,1,22.7719,2.537529e-03,0.7547,2.1830e-01,534,0
0.5,0.4,0.1,4,chirp,2,22.5290,2.683503e-03,0.7498,2.1830e-01,534,0
0.5,0.4,0.1,4,spikes,0,11.0023,1.808492e-03,0.7631,1.8066e-01,533,0
0.5,0.4,0.1,4,spikes,1,11.2241,1.718416e-03,0.7616,1.5712e-01,536,0
0.5,0.4,0.1,4,spikes,2,10.7180,1.930835e-03,0.7631,1.9361e-01,533,0
0.5,0.4,0.1,4,ecg,0,33.4829,5.868322e-11,0.8827,3.5833e-05,533,0
0.5,0.4,0.1,4,ecg,1,32.8796,6.742752e-11,0.8827,4.5667e-05,528,0
0.5,0.4,0.1,4,ecg,2,33.1379,6.353471e-11,0.8822,3.8750e-05,536,0
0.6,0.1,0.3,4,sine,0,24.6837,1.695810e-03,0.7362,1.8508e-01,539,0
0.6,0.1,0.3,4,sine,1,24.8550,1.630223e-03,0.7434,1.8508e-01,533,0
0.6,0.1,0.3,4,sine,2,24.6878,1.694237e-03,0.7413,1.8508e-01,537,0
0.6,0.1,0.3,4,chirp,0,23.6994,2.049536e-03,0.7681,2.4615e-01,540,0
0.6,0.1,0.3,4,chirp,1,24.0359,1.896744e-03,0.7718,1.8266e-01,536,0
0.6,0.1,0.3,4,chirp,2,23.8448,1.982070e-03,0.7744,2.4615e-01,534,0
0.6,0.1,0.3,4,spikes,0,10.8530,1.871716e-03,0.7836,2.0317e-01,534,0
0.6,0.1,0.3,4,spikes,1,10.9475,1.831424e-03,0.7852,2.0317e-01,533,0
0.6,0.1,0.3,4,spikes,2,10.9499,1.830448e-03,0.7818,2.0317e-01,535,0
0.6,0.1,0.3,4,ecg,0,31.8999,8.449124e-11,0.8852,4.5667e-05,535,0
0.6,0.1,0.3,4,ecg,1,33.0324,6.509610e-11,0.8907,3.3750e-05,535,0
0.6,0.1,0.3,4,ecg,2,31.9891,8.277393e-11,0.8877,4.5667e-05,535,0
0.6,0.2,0.2,4,sine,0,24.0925,1.943130e-03,0.7344,1.9373e-01,530,0
0.6,0.2,0.2,4,sine,1,24.1805,1.904163e-03,0.7348,1.9373e-01,529,0
0.6,0.2,0.2,4,sine,2,24.3978,1.811212e-03,0.7249,1.7391e-01,536,0
0.6,0.2,0.2,4,chirp,0,23.7056,2.046621e-03,0.7779,2.1830e-01,532,0
0.6,0.2,0.2,4,chirp,1,23.1538,2.323912e-03,0.7690,2.3412e-01,534,0
0.6,0.2,0.2,4,chirp,2,23.2325,2.282160e-03,0.7663,2.1830e-01,535,0
0.6,0.2,0.2,4,spikes,0,10.9448,1.832569e-03,0.7820,1.9433e-01,532,0
0.6,0.2,0.2,4,spikes,1,11.1003,1.768126e-03,0.7809,1.9004e-01,534,0
0.6,0.2,0.2,4,spikes,2,10.8976,1.852602e-03,0.7766,1.9433e-01,535,0
0.6,0.2,0.2,4,ecg,0,33.0516,6.480995e-11,0.8912,3.3750e-05,534,0
0.6,0.2,0.2,4,ecg,1,32.9883,6.576183e-11,0.8842,3.3750e-05,537,0
0.6,0.2,0.2,4,ecg,2,32.8122,6.848191e-11,0.8872,4.5667e-05,533,0
0.6,0.3,0.1,4,sine,0,24.0935,1.942680e-03,0.7164,1.8571e-01,535,0
0.6,0.3,0.1,4,sine,1,24.0726,1.952045e-03,0.7129,1.8571e-01,535,0
0.6,0.3,0.1,4,sine,2,24.1658,1.910615e-03,0.7163,1.9373e-01,536,0
0.6,0.3,0.1,4,chirp,0,23.1231,2.340405e-03,0.7620,2.1830e-01,534,0
0.6,0.3,0.1,4,chirp,1,22.9221,2.451252e-03,0.7623,2.1830e-01,533,0
0.6,0.3,0.1,4,chirp,2,23.1448,2.328761e-03,0.7667,2.1830e-01,533,0
0.6,0.3,0.1,4,spikes,0,10.8154,1.888026e-03,0.7660,1.9361e-01,533,0
0.6,0.3,0.1,4,spikes,1,10.7986,1.895332e-03,0.7677,1.9361e-01,534,0
0.6,0.3,0.1,4,spikes,2,11.0366,1.794255e-03,0.7718,1.9361e-01,535,0
0.6,0.3,0.1,4,ecg,0,33.3100,6.106642e-11,0.8897,3.3077e-05,537,0
0.6,0.3,0.1,4,ecg,1,33.2727,6.159273e-11,0.8882,3.2692e-05,533,0
0.6,0.3,0.1,4,ecg,2,32.7914,6.881088e-11,0.8862,3.3750e-05,533,0
0.7,0.1,0.2,4,sine,0,24.7569,1.667497e-03,0.7421,1.8508e-01,534,0
0.7,0.1,0.2,4,sine,1,24.7484,1.670765e-03,0.7343,1.8508e-01,534,0
0.7,0.1,0.2,4,sine,2,24.6698,1.701245e-03,0.7364,1.8508e-01,534,0
0.7,0.1,0.2,4,chirp,0,23.9784,1.922037e-03,0.7767,1.8266e-01,536,0
0.7,0.1,0.2,4,chirp,1,23.8147,1.995861e-03,0.7755,2.4615e-01,534,0
0.7,0.1,0.2,4,chirp,2,24.0368,1.896337e-03,0.7741,1.8266e-01,529,0
0.7,0.1,0.2,4,spikes,0,11.0116,1.804592e-03,0.7825,1.9004e-01,531,0
0.7,0.1,0.2,4,spikes,1,10.9043,1.849762e-03,0.7808,1.9004e-01,534,0
0.7,0.1,0.2,4,spikes,2,10.9786,1.818370e-03,0.7808,2.0317e-01,534,0
0.7,0.1,0.2,4,ecg,0,33.1230,6.375224e-11,0.8936,4.5667e-05,529,0
0.7,0.1,0.2,4,ecg,1,32.0837,8.099043e-11,0.8902,4.5667e-05,534,0
0.7,0.1,0.2,4,ecg,2,33.3306,6.077707e-11,0.8902,3.3750e-05,536,0
0.7,0.2,0.1,4,sine,0,24.1991,1.895999e-03,0.7382,1.9373e-01,535,0
0.7,0.2,0.1,4,sine,1,24.3055,1.850130e-03,0.7345,1.9373e-01,535,0
0.7,0.2,0.1,4,sine,2,24.2856,1.858614e-03,0.7410,1.9373e-01,535,0
0.7,0.2,0.1,4,chirp,0,23.4077,2.191965e-03,0.7740,1.9823e-01,534,0
0.7,0.2,0.1,4,chirp,1,23.4330,2.179202e-03,0.7712,2.1830e-01,535,0
0.7,0.2,0.1,4,chirp,2,23.3468,2.222884e-03,0.7763,2.1830e-01,534,0
0.7,0.2,0.1,4,spikes,0,10.9481,1.831199e-03,0.7848,1.8282e-01,537,0
0.7,0.2,0.1,4,spikes,1,10.8765,1.861612e-03,0.7838,1.9004e-01,535,0
0.7,0.2,0.1,4,spikes,2,10.8531,1.871687e-03,0.7821,1.8282e-01,534,0
0.7,0.2,0.1,4,ecg,0,33.6784,5.610010e-11,0.8931,3.3077e-05,532,0
0.7,0.2,0.1,4,ecg,1,32.9587,6.621118e-11,0.8907,4.5667e-05,533,0
0.7,0.2,0.1,4,ecg,2,33.4997,5.845623e-11,0.8946,3.5833e-05,533,0
0.8,0.1,0.1,4,sine,0,24.6735,1.699823e-03,0.7356,1.8508e-01,533,0
0.8,0.1,0.1,4,sine,1,24.3959,1.812005e-03,0.7304,1.8508e-01,537,0
0.8,0.1,0.1,4,sine,2,24.4868,1.774472e-03,0.7283,1.8508e-01,538,0
0.8,0.1,0.1,4,chirp,0,23.4988,2.146456e-03,0.7774,2.4615e-01,534,0
0.8,0.1,0.1,4,chirp,1,23.8929,1.960246e-03,0.7749,1.8266e-01,538,0
0.8,0.1,0.1,4,chirp,2,23.6382,2.078648e-03,0.7728,2.4615e-01,534,0
0.8,0.1,0.1,4,spikes,0,11.2323,1.715181e-03,0.7852,1.8995e-01,535,0
0.8,0.1,0.1,4,spikes,1,10.9586,1.826770e-03,0.7772,2.0317e-01,537,0
0.8,0.1,0.1,4,spikes,2,11.0952,1.770188e-03,0.7829,1.9004e-01,537,0
0.8,0.1,0.1,4,ecg,0,33.5357,5.797353e-11,0.8912,3.0000e-05,531,0
0.8,0.1,0.1,4,ecg,1,31.9596,8.333811e-11,0.8882,4.5667e-05,536,0
0.8,0.1,0.1,4,ecg,2,33.6062,5.703995e-11,0.8907,3.0909e-05,537,0
0.1,0.1,0.8,5,sine,0,24.3953,1.812268e-03,0.6867,1.7391e-01,534,0
0.1,0.1,0.8,5,sine,1,24.2995,1.852688e-03,0.6842,1.9373e-01,534,0
0.1,0.1,0.8,5,sine,2,24.4077,1.807096e-03,0.6895,1.8033e-01,533,0
0.1,0.1,0.8,5,chirp,0,23.3943,2.198707e-03,0.7363,2.1830e-01,530,0
0.1,0.1,0.8,5,chirp,1,22.1826,2.906303e-03,0.7263,3.0563e-01,536,0
0.1,0.1,0.8,5,chirp,2,22.8142,2.512933e-03,0.7402,3.0563e-01,532,0
0.1,0.1,0.8,5,spikes,0,11.0571,1.785821e-03,0.7418,1.9341e-01,529,0
0.1,0.1,0.8,5,spikes,1,11.2723,1.699451e-03,0.7453,1.7725e-01,534,0
0.1,0.1,0.8,5,spikes,2,10.5973,1.985252e-03,0.7380,1.8793e-01,536,0
0.1,0.1,0.8,5,ecg,0,33.7135,5.564855e-11,0.8862,3.1923e-05,536,0
0.1,0.1,0.8,5,ecg,1,33.4422,5.923551e-11,0.8762,3.1923e-05,537,0
0.1,0.1,0.8,5,ecg,2,33.6117,5.696722e-11,0.8822,3.1923e-05,532,0
0.1,0.2,0.7,5,sine,0,24.6759,1.698868e-03,0.6805,1.9373e-01,533,0
0.1,0.2,0.7,5,sine,1,24.5335,1.755485e-03,0.6821,1.9373e-01,534,0
0.1,0.2,0.7,5,sine,2,24.2375,1.879332e-03,0.6755,1.9373e-01,534,0
0.1,0.2,0.7,5,chirp,0,23.9626,1.929041e-03,0.7266,1.8707e-01,530,0
0.1,0.2,0.7,5,chirp,1,23.8923,1.960508e-03,0.7136,2.1830e-01,532,0
0.1,0.2,0.7,5,chirp,2,23.5500,2.121304e-03,0.7186,2.1830e-01,534,0
0.1,0.2,0.7,5,spikes,0,11.0995,1.768436e-03,0.7413,1.6624e-01,535,0
0.1,0.2,0.7,5,spikes,1,10.5597,2.002498e-03,0.7419,1.9398e-01,537,0
0.1,0.2,0.7,5,spikes,2,10.8213,1.885433e-03,0.7383,2.0641e-01,538,0
0.1,0.2,0.7,5,ecg,0,33.2545,6.185174e-11,0.8757,3.1923e-05,532,0
0.1,0.2,0.7,5,ecg,1,33.3410,6.063185e-11,0.8752,4.1304e-05,534,0
0.1,0.2,0.7,5,ecg,2,33.1056,6.400862e-11,0.8757,4.1304e-05,538,0
0.1,0.3,0.6,5,sine,0,24.7502,1.670041e-03,0.6760,1.9373e-01,537,0
0.1,0.3,0.6,5,sine,1,24.8018,1.650330e-03,0.6744,1.9373e-01,536,0
0.1,0.3,0.6,5,sine,2,24.7184,1.682334e-03,0.6877,1.9373e-01,535,0
0.1,0.3,0.6,5,chirp,0,24.3017,1.784165e-03,0.7063,1.6963e-01,534,0
0.1,0.3,0.6,5,chirp,1,24.6696,1.639220e-03,0.7052,1.9017e-01,531,0
0.1,0.3,0.6,5,chirp,2,23.6427,2.076474e-03,0.7003,2.5029e-01,529,0
0.1,0.3,0.6,5,spikes,0,11.5925,1.578693e-03,0.7345,1.9041e-01,538,0
0.1,0.3,0.6,5,spikes,1,11.4433,1.633845e-03,0.7426,1.9041e-01,533,0
0.1,0.3,0.6,5,spikes,2,11.2998,1.688750e-03,0.7322,1.5095e-01,535,0
0.1,0.3,0.6,5,ecg,0,32.9800,6.588666e-11,0.8733,4.1304e-05,529,0
0.1,0.3,0.6,5,ecg,1,33.3845,6.002789e-11,0.8738,3.5333e-05,532,0
0.1,0.3,0.6,5,ecg,2,33.7288,5.545174e-11,0.8812,3.1923e-05,534,0
0.1,0.4,0.5,5,sine,0,24.6373,1.714021e-03,0.6664,1.9373e-01,533,0
0.1,0.4,0.5,5,sine,1,24.4014,1.809721e-03,0.6589,1.9373e-01,536,0
0.1,0.4,0.5,5,sine,2,24.6168,1.722146e-03,0.6694,1.9108e-01,534,0
0.1,0.4,0.5,5,chirp,0,24.0060,1.909841e-03,0.6817,2.0162e-01,539,0
0.1,0.4,0.5,5,chirp,1,24.0392,1.895299e-03,0.6900,2.2080e-01,534,0
0.1,0.4,0.5,5,chirp,2,23.8324,1.987756e-03,0.7022,1.6986e-01,534,0
0.1,0.4,0.5,5,spikes,0,11.1626,1.742947e-03,0.7397,1.9361e-01,533,0
0.1,0.4,0.5,5,spikes,1,11.0614,1.784015e-03,0.7284,1.8763e-01,534,0
0.1,0.4,0.5,5,spikes,2,11.1011,1.767797e-03,0.7309,2.0370e-01,537,0
0.1,0.4,0.5,5,ecg,0,34.1364,5.048498e-11,0.8757,3.1429e-05,533,0
0.1,0.4,0.5,5,ecg,1,32.7473,6.951411e-11,0.8698,4.4400e-05,532,0
0.1,0.4,0.5,5,ecg,2,33.6115,5.697004e-11,0.8708,3.0714e-05,533,0
0.1,0.5,0.4,5,sine,0,24.6784,1.697909e-03,0.6620,1.9373e-01,520,0
0.1,0.5,0.4,5,sine,1,24.6700,1.701198e-03,0.6446,1.9373e-01,534,0
0.1,0.5,0.4,5,sine,2,25.3161,1.466027e-03,0.6685,1.6357e-01,534,0
0.1,0.5,0.4,5,chirp,0,24.3287,1.773084e-03,0.6982,1.6934e-01,529,0
0.1,0.5,0.4,5,chirp,1,24.2577,1.802333e-03,0.6805,1.6934e-01,538,0
0.1,0.5,0.4,5,chirp,2,24.0121,1.907178e-03,0.6706,1.6986e-01,534,0
0.1,0.5,0.4,5,spikes,0,11.4028,1.649164e-03,0.7141,1.7516e-01,537,0
0.1,0.5,0.4,5,spikes,1,11.1083,1.764866e-03,0.7172,1.7516e-01,533,0
0.1,0.5,0.4,5,spikes,2,11.1750,1.737969e-03,0.7194,1.8030e-01,541,0
0.1,0.5,0.4,5,ecg,0,33.1781,6.294869e-11,0.8648,4.0000e-05,536,0
0.1,0.5,0.4,5,ecg,1,32.6644,7.085266e-11,0.8658,5.8333e-05,533,0
0.1,0.5,0.4,5,ecg,2,33.3531,6.046263e-11,0.8608,5.8333e-05,536,0
0.1,0.6,0.3,5,sine,0,24.5860,1.734405e-03,0.6206,1.7517e-01,537,0
0.1,0.6,0.3,5,sine,1,24.4372,1.794869e-03,0.6322,1.7517e-01,536,0
0.1,0.6,0.3,5,sine,2,24.7222,1.680854e-03,0.6118,1.7517e-01,534,0
0.1,0.6,0.3,5,chirp,0,24.0797,1.877730e-03,0.6511,1.6595e-01,533,0
0.1,0.6,0.3,5,chirp,1,23.9600,1.930179e-03,0.6763,1.5922e-01,536,0
0.1,0.6,0.3,5,chirp,2,24.0299,1.899365e-03,0.6642,1.6934e-01,534,0
0.1,0.6,0.3,5,spikes,0,11.4304,1.638726e-03,0.7188,1.9035e-01,537,0
0.1,0.6,0.3,5,spikes,1,11.2685,1.700969e-03,0.7232,1.8030e-01,527,0
0.1,0.6,0.3,5,spikes,2,11.1724,1.739002e-03,0.7176,1.8030e-01,535,0
0.1,0.6,0.3,5,ecg,0,32.1845,7.913102e-11,0.8608,7.0000e-05,538,0
0.1,0.6,0.3,5,ecg,1,33.5997,5.712484e-11,0.8688,4.0000e-05,533,0
0.1,0.6,0.3,5,ecg,2,32.6218,7.155239e-11,0.8648,7.0000e-05,532,0
0.1,0.7,0.2,5,sine,0,24.5478,1.749738e-03,0.6134,1.9040e-01,538,0
0.1,0.7,0.2,5,sine,1,24.9900,1.580353e-03,0.6145,2.2835e-01,535,0
0.1,0.7,0.2,5,sine,2,24.6587,1.705625e-03,0.6172,1.7517e-01,533,0
0.1,0.7,0.2,5,chirp,0,23.8951,1.959268e-03,0.6492,1.7304e-01,533,0
0.1,0.7,0.2,5,chirp,1,23.8804,1.965909e-03,0.6713,1.9591e-01,529,0
0.1,0.7,0.2,5,chirp,2,23.5533,2.119691e-03,0.6564,1.8782e-01,533,0
0.1,0.7,0.2,5,spikes,0,11.4179,1.643438e-03,0.6877,1.7742e-01,535,0
0.1,0.7,0.2,5,spikes,1,10.8736,1.862860e-03,0.6959,1.6355e-01,534,0
0.1,0.7,0.2,5,spikes,2,11.2875,1.693539e-03,0.6910,1.5794e-01,533,0
0.1,0.7,0.2,5,ecg,0,32.0255,8.208154e-11,0.8579,7.0000e-05,536,0
0.1,0.7,0.2,5,ecg,1,31.5566,9.144118e-11,0.8618,7.0000e-05,532,0
0.1,0.7,0.2,5,ecg,2,32.0548,8.153011e-11,0.8638,7.0000e-05,537,0
0.1,0.8,0.1,5,sine,0,24.3716,1.822168e-03,0.6078,1.6883e-01,534,0
0.1,0.8,0.1,5,sine,1,24.6387,1.713501e-03,0.5926,2.2835e-01,531,0
0.1,0.8,0.1,5,sine,2,24.5776,1.737772e-03,0.5987,2.2835e-01,536,0
0.1,0.8,0.1,5,chirp,0,23.7797,2.012005e-03,0.6454,1.8782e-01,537,0
0.1,0.8,0.1,5,chirp,1,23.6614,2.067559e-03,0.6583,1.7304e-01,532,0
0.1,0.8,0.1,5,chirp,2,24.2560,1.803033e-03,0.6525,1.6934e-01,534,0
0.1,0.8,0.1,5,spikes,0,11.0919,1.771544e-03,0.6952,1.8241e-01,534,0
0.1,0.8,0.1,5,spikes,1,10.7838,1.901779e-03,0.6802,1.8656e-01,536,0
0.1,0.8,0.1,5,spikes,2,11.3183,1.681550e-03,0.6856,1.9035e-01,536,0
0.1,0.8,0.1,5,ecg,0,32.2869,7.728800e-11,0.8643,7.0000e-05,536,0
0.1,0.8,0.1,5,ecg,1,33.2105,6.248171e-11,0.8623,5.7500e-05,533,0
0.1,0.8,0.1,5,ecg,2,32.8900,6.726693e-11,0.8628,7.0000e-05,534,0
0.2,0.1,0.7,5,sine,0,24.2437,1.876651e-03,0.7088,1.8571e-01,537,0
0.2,0.1,0.7,5,sine,1,24.1512,1.917052e-03,0.7096,1.8571e-01,539,0
0.2,0.1,0.7,5,sine,2,23.8704,2.045079e-03,0.7106,1.9373e-01,538,0
0.2,0.1,0.7,5,chirp,0,22.9716,2.423466e-03,0.7592,2.1830e-01,533,0
0.2,0.1,0.7,5,chirp,1,23.2280,2.284569e-03,0.7566,2.3412e-01,538,0
0.2,0.1,0.7,5,chirp,2,22.4748,2.717162e-03,0.7585,2.3412e-01,534,0
0.2,0.1,0.7,5,spikes,0,10.8545,1.871102e-03,0.7616,1.9433e-01,538,0
0.2,0.1,0.7,5,spikes,1,10.8658,1.866210e-03,0.7673,1.9361e-01,533,0
0.2,0.1,0.7,5,spikes,2,11.0420,1.792014e-03,0.7653,1.9433e-01,532,0
0.2,0.1,0.7,5,ecg,0,32.9855,6.580323e-11,0.8862,4.5667e-05,532,0
0.2,0.1,0.7,5,ecg,1,33.6156,5.691655e-11,0.8936,2.8889e-05,537,0
0.2,0.1,0.7,5,ecg,2,33.6707,5.619959e-11,0.8852,3.3077e-05,532,0
0.2,0.2,0.6,5,sine,0,24.4082,1.806869e-03,0.6871,1.8571e-01,535,0
0.2,0.2,0.6,5,sine,1,24.4967,1.770433e-03,0.7075,1.9373e-01,537,0
0.2,0.2,0.6,5,sine,2,24.1246,1.928796e-03,0.7016,1.8571e-01,539,0
0.2,0.2,0.6,5,chirp,0,23.5424,2.125014e-03,0.7355,1.8129e-01,537,0
0.2,0.2,0.6,5,chirp,1,23.6932,2.052499e-03,0.7342,1.8129e-01,538,0
0.2,0.2,0.6,5,chirp,2,22.9888,2.413921e-03,0.7286,2.1904e-01,536,0
0.2,0.2,0.6,5,spikes,0,10.5563,2.004093e-03,0.7496,1.9341e-01,528,0
0.2,0.2,0.6,5,spikes,1,10.2740,2.138643e-03,0.7410,1.9341e-01,537,0
0.2,0.2,0.6,5,spikes,2,10.5444,2.009562e-03,0.7372,1.9663e-01,538,0
0.2,0.2,0.6,5,ecg,0,32.3281,7.655728e-11,0.8852,4.3043e-05,537,0
0.2,0.2,0.6,5,ecg,1,32.8398,6.804926e-11,0.8792,4.1111e-05,537,0
0.2,0.2,0.6,5,ecg,2,33.7608,5.504520e-11,0.8792,3.1923e-05,537,0
0.2,0.3,0.5,5,sine,0,24.4580,1.786302e-03,0.6832,1.9373e-01,539,0
0.2,0.3,0.5,5,sine,1,24.7469,1.671330e-03,0.6982,1.9373e-01,532,0
0.2,0.3,0.5,5,sine,2,24.4916,1.772535e-03,0.6960,1.9373e-01,537,0
0.2,0.3,0.5,5,chirp,0,22.3102,2.822164e-03,0.7221,2.5029e-01,534,0
0.2,0.3,0.5,5,chirp,1,23.4732,2.159155e-03,0.7124,2.1830e-01,534,0
0.2,0.3,0.5,5,chirp,2,22.4632,2.724431e-03,0.7136,2.1830e-01,536,0
0.2,0.3,0.5,5,spikes,0,10.6791,1.948215e-03,0.7386,1.9005e-01,533,0
0.2,0.3,0.5,5,spikes,1,10.6346,1.968276e-03,0.7413,1.9361e-01,535,0
0.2,0.3,0.5,5,spikes,2,10.7966,1.896198e-03,0.7393,1.9776e-01,534,0
0.2,0.3,0.5,5,ecg,0,33.5480,5.780912e-11,0.8782,3.1923e-05,537,0
0.2,0.3,0.5,5,ecg,1,33.1451,6.342941e-11,0.8708,3.1923e-05,534,0
0.2,0.3,0.5,5,ecg,2,33.6497,5.647169e-11,0.8792,3.1923e-05,529,0
0.2,0.4,0.4,5,sine,0,24.6632,1.703836e-03,0.6919,1.8838e-01,539,0
0.2,0.4,0.4,5,sine,1,24.7488,1.670601e-03,0.6864,1.9373e-01,534,0
0.2,0.4,0.4,5,sine,2,24.5373,1.753959e-03,0.6959,1.9373e-01,533,0
0.2,0.4,0.4,5,chirp,0,23.1321,2.335579e-03,0.7102,2.1830e-01,533,0
0.2,0.4,0.4,5,chirp,1,23.5674,2.112830e-03,0.7132,2.1830e-01,531,0
0.2,0.4,0.4,5,chirp,2,23.5972,2.098342e-03,0.7026,2.1830e-01,536,0
0.2,0.4,0.4,5,spikes,0,10.7258,1.927350e-03,0.7392,1.9097e-01,534,0
0.2,0.4,0.4,5,spikes,1,11.0015,1.808803e-03,0.7378,1.7725e-01,533,0
0.2,0.4,0.4,5,spikes,2,11.5255,1.603231e-03,0.7469,1.7725e-01,534,0
0.2,0.4,0.4,5,ecg,0,33.9471,5.273383e-11,0.8782,3.1923e-05,532,0
0.2,0.4,0.4,5,ecg,1,33.3463,6.055706e-11,0.8757,3.1923e-05,534,0
0.2,0.4,0.4,5,ecg,2,33.4807,5.871288e-11,0.8748,3.3077e-05,533,0
0.2,0.5,0.3,5,sine,0,25.0115,1.572542e-03,0.6787,1.7874e-01,537,0
0.2,0.5,0.3,5,sine,1,24.5767,1.738128e-03,0.6850,1.9373e-01,534,0
0.2,0.5,0.3,5,sine,2,24.5985,1.729410e-03,0.6893,1.9373e-01,534,0
0.2,0.5,0.3,5,chirp,0,23.5293,2.131428e-03,0.7050,2.1830e-01,534,0
0.2,0.5,0.3,5,chirp,1,23.5849,2.104314e-03,0.7028,2.1830e-01,534,0
0.2,0.5,0.3,5,chirp,2,24.0448,1.892876e-03,0.6960,2.1830e-01,537,0
0.2,0.5,0.3,5,spikes,0,10.9399,1.834633e-03,0.7438,1.7348e-01,528,0
0.2,0.5,0.3,5,spikes,1,10.8604,1.868535e-03,0.7444,2.0043e-01,538,0
0.2,0.5,0.3,5,spikes,2,10.8930,1.854549e-03,0.7394,1.9361e-01,534,0
0.2,0.5,0.3,5,ecg,0,33.6445,5.653924e-11,0.8827,3.5333e-05,533,0
0.2,0.5,0.3,5,ecg,1,33.3655,6.029122e-11,0.8842,3.5000e-05,536,0
0.2,0.5,0.3,5,ecg,2,32.9794,6.589635e-11,0.8748,3.7143e-05,537,0
0.2,0.6,0.2,5,sine,0,24.4609,1.785106e-03,0.6711,1.9373e-01,533,0
0.2,0.6,0.2,5,sine,1,24.8813,1.620380e-03,0.6830,1.8485e-01,533,0
0.2,0.6,0.2,5,sine,2,24.5584,1.745451e-03,0.6906,1.9373e-01,535,0
0.2,0.6,0.2,5,chirp,0,23.8538,1.977969e-03,0.6897,2.1830e-01,537,0
0.2,0.6,0.2,5,chirp,1,23.8820,1.965166e-03,0.7119,2.1830e-01,528,0
0.2,0.6,0.2,5,chirp,2,23.8880,1.962466e-03,0.6906,2.1830e-01,533,0
0.2,0.6,0.2,5,spikes,0,11.4123,1.645551e-03,0.7288,1.8066e-01,535,0
0.2,0.6,0.2,5,spikes,1,11.1623,1.743058e-03,0.7368,1.9433e-01,533,0
0.2,0.6,0.2,5,spikes,2,11.5597,1.590638e-03,0.7362,1.5711e-01,534,0
0.2,0.6,0.2,5,ecg,0,32.8846,6.734963e-11,0.8693,4.1304e-05,537,0
0.2,0.6,0.2,5,ecg,1,33.3783,6.011287e-11,0.8743,3.5333e-05,534,0
0.2,0.6,0.2,5,ecg,2,33.4451,5.919536e-11,0.8757,3.5333e-05,536,0
0.2,0.7,0.1,5,sine,0,25.5024,1.404459e-03,0.6746,1.5541e-01,534,0
0.2,0.7,0.1,5,sine,1,24.8646,1.626642e-03,0.6653,1.6357e-01,538,0
0.2,0.7,0.1,5,sine,2,24.6424,1.712011e-03,0.6667,1.9373e-01,533,0
0.2,0.7,0.1,5,chirp,0,23.8674,1.971788e-03,0.6871,1.9017e-01,535,0
0.2,0.7,0.1,5,chirp,1,24.0974,1.870062e-03,0.6688,1.6963e-01,533,0
0.2,0.7,0.1,5,chirp,2,23.9850,1.919126e-03,0.6929,1.6995e-01,531,0
0.2,0.7,0.1,5,spikes,0,11.3683,1.662305e-03,0.7253,1.9097e-01,538,0
0.2,0.7,0.1,5,spikes,1,11.3043,1.686977e-03,0.7203,1.8123e-01,537,0
0.2,0.7,0.1,5,spikes,2,11.6088,1.572779e-03,0.7288,1.7516e-01,533,0
0.2,0.7,0.1,5,ecg,0,33.7377,5.533865e-11,0.8718,3.2273e-05,537,0
0.2,0.7,0.1,5,ecg,1,33.8558,5.385422e-11,0.8693,3.2273e-05,533,0
0.2,0.7,0.1,5,ecg,2,33.4236,5.948963e-11,0.8688,4.2500e-05,533,0
0.3,0.1,0.6,5,sine,0,24.1075,1.936430e-03,0.7247,1.9373e-01,535,0
0.3,0.1,0.6,5,sine,1,23.9517,2.007133e-03,0.7329,2.1356e-01,532,0
0.3,0.1,0.6,5,sine,2,24.1442,1.920112e-03,0.7250,1.9373e-01,535,0
0.3,0.1,0.6,5,chirp,0,23.6211,2.086844e-03,0.7706,2.1830e-01,532,0
0.3,0.1,0.6,5,chirp,1,22.7340,2.559755e-03,0.7734,2.3412e-01,533,0
0.3,0.1,0.6,5,chirp,2,23.6110,2.091691e-03,0.7603,2.1830e-01,537,0
0.3,0.1,0.6,5,spikes,0,10.7430,1.919766e-03,0.7752,1.9663e-01,538,0
0.3,0.1,0.6,5,spikes,1,11.1014,1.767664e-03,0.7835,1.9004e-01,533,0
0.3,0.1,0.6,5,spikes,2,11.0678,1.781394e-03,0.7791,1.9004e-01,536,0
0.3,0.1,0.6,5,ecg,0,32.9145,6.688756e-11,0.8897,4.5000e-05,533,0
0.3,0.1,0.6,5,ecg,1,33.6187,5.687620e-11,0.8931,3.3077e-05,537,0
0.3,0.1,0.6,5,ecg,2,33.8295,5.418135e-11,0.8892,2.8571e-05,532,0
0.3,0.2,0.5,5,sine,0,24.1299,1.926481e-03,0.7116,1.9373e-01,533,0
0.3,0.2,0.5,5,sine,1,23.9465,2.009553e-03,0.7171,1.9373e-01,534,0
0.3,0.2,0.5,5,sine,2,24.3870,1.815736e-03,0.7203,1.9373e-01,533,0
0.3,0.2,0.5,5,chirp,0,23.5819,2.105781e-03,0.7627,2.1830e-01,537,0
0.3,0.2,0.5,5,chirp,1,23.3531,2.219673e-03,0.7580,2.1830e-01,537,0
0.3,0.2,0.5,5,chirp,2,23.0625,2.373279e-03,0.7566,2.1830e-01,533,0
0.3,0.2,0.5,5,spikes,0,11.2039,1.726438e-03,0.7640,1.9833e-01,533,0
0.3,0.2,0.5,5,spikes,1,10.7465,1.918198e-03,0.7524,1.9361e-01,537,0
0.3,0.2,0.5,5,spikes,2,10.8835,1.858613e-03,0.7574,1.9361e-01,533,0
0.3,0.2,0.5,5,ecg,0,32.9641,6.612903e-11,0.8842,4.5667e-05,531,0
0.3,0.2,0.5,5,ecg,1,33.5466,5.782802e-11,0.8852,3.3077e-05,536,0
0.3,0.2,0.5,5,ecg,2,33.6841,5.602641e-11,0.8882,3.1667e-05,533,0
0.3,0.3,0.4,5,sine,0,24.0801,1.948689e-03,0.7012,1.8571e-01,536,0
0.3,0.3,0.4,5,sine,1,23.7365,2.109131e-03,0.7065,1.9373e-01,534,0
0.3,0.3,0.4,5,sine,2,24.0965,1.941322e-03,0.7070,1.9373e-01,536,0
0.3,0.3,0.4,5,chirp,0,22.8095,2.515638e-03,0.7389,2.1830e-01,533,0
0.3,0.3,0.4,5,chirp,1,23.3794,2.206284e-03,0.7371,2.1830e-01,537,0
0.3,0.3,0.4,5,chirp,2,23.2827,2.255935e-03,0.7314,2.1830e-01,534,0
0.3,0.3,0.4,5,spikes,0,10.8858,1.857642e-03,0.7504,2.0826e-01,533,0
0.3,0.3,0.4,5,spikes,1,10.7828,1.902234e-03,0.7523,1.7821e-01,533,0
0.3,0.3,0.4,5,spikes,2,10.8262,1.883304e-03,0.7562,2.0428e-01,532,0
0.3,0.3,0.4,5,ecg,0,33.2988,6.122355e-11,0.8772,3.1923e-05,537,0
0.3,0.3,0.4,5,ecg,1,33.7721,5.490248e-11,0.8857,3.1923e-05,531,0
0.3,0.3,0.4,5,ecg,2,33.7666,5.497201e-11,0.8857,3.1923e-05,532,0
0.3,0.4,0.3,5,sine,0,24.5775,1.737792e-03,0.6868,1.8571e-01,533,0
0.3,0.4,0.3,5,sine,1,24.3648,1.825045e-03,0.6885,1.9373e-01,534,0
0.3,0.4,0.3,5,sine,2,24.0158,1.977724e-03,0.6977,1.9373e-01,533,0
0.3,0.4,0.3,5,chirp,0,22.8946,2.466820e-03,0.7140,2.1830e-01,536,0
0.3,0.4,0.3,5,chirp,1,22.8544,2.489794e-03,0.7311,2.1830e-01,534,0
0.3,0.4,0.3,5,chirp,2,23.0639,2.372513e-03,0.7252,2.1830e-01,535,0
0.3,0.4,0.3,5,spikes,0,10.4968,2.031740e-03,0.7400,2.0432e-01,536,0
0.3,0.4,0.3,5,spikes,1,10.7155,1.931937e-03,0.7379,2.0428e-01,536,0
0.3,0.4,0.3,5,spikes,2,10.7814,1.902858e-03,0.7427,1.9097e-01,528,0
0.3,0.4,0.3,5,ecg,0,33.3389,6.066096e-11,0.8748,3.1923e-05,538,0
0.3,0.4,0.3,5,ecg,1,33.8660,5.372727e-11,0.8817,3.1923e-05,533,0
0.3,0.4,0.3,5,ecg,2,33.6574,5.637115e-11,0.8757,3.3077e-05,536,0
0.3,0.5,0.2,5,sine,0,24.3698,1.822941e-03,0.6960,1.9373e-01,538,0
0.3,0.5,0.2,5,sine,1,24.2419,1.877421e-03,0.7012,2.3222e-01,535,0
0.3,0.5,0.2,5,sine,2,24.4937,1.771681e-03,0.6870,2.3222e-01,532,0
0.3,0.5,0.2,5,chirp,0,23.0901,2.358237e-03,0.7143,2.1830e-01,536,0
0.3,0.5,0.2,5,chirp,1,23.4562,2.167596e-03,0.7086,2.1830e-01,536,0
0.3,0.5,0.2,5,chirp,2,23.3959,2.197934e-03,0.7192,2.1830e-01,534,0
0.3,0.5,0.2,5,spikes,0,10.8128,1.889117e-03,0.7353,1.7725e-01,537,0
0.3,0.5,0.2,5,spikes,1,10.7883,1.899834e-03,0.7394,2.3238e-01,535,0
0.3,0.5,0.2,5,spikes,2,10.9102,1.847247e-03,0.7409,2.0428e-01,538,0
0.3,0.5,0.2,5,ecg,0,33.2463,6.196767e-11,0.8723,3.1923e-05,540,0
0.3,0.5,0.2,5,ecg,1,33.7345,5.537970e-11,0.8797,3.1923e-05,528,0
0.3,0.5,0.2,5,ecg,2,33.4702,5.885489e-11,0.8757,3.7143e-05,536,0
0.3,0.6,0.1,5,sine,0,24.4037,1.808741e-03,0.7020,2.3222e-01,523,0
0.3,0.6,0.1,5,sine,1,24.5352,1.754817e-03,0.6916,2.3222e-01,534,0
0.3,0.6,0.1,5,sine,2,24.3040,1.850754e-03,0.6842,1.9373e-01,534,0
0.3,0.6,0.1,5,chirp,0,22.9085,2.458957e-03,0.7218,2.5029e-01,534,0
0.3,0.6,0.1,5,chirp,1,23.7007,2.048967e-03,0.6993,2.1830e-01,536,0
0.3,0.6,0.1,5,chirp,2,23.3440,2.224348e-03,0.7133,2.5029e-01,531,0
0.3,0.6,0.1,5,spikes,0,10.6248,1.972720e-03,0.7355,2.3238e-01,535,0
0.3,0.6,0.1,5,spikes,1,11.0981,1.769009e-03,0.7393,2.3238e-01,536,0
0.3,0.6,0.1,5,spikes,2,10.9109,1.846929e-03,0.7361,2.3238e-01,537,0
0.3,0.6,0.1,5,ecg,0,33.0647,6.461516e-11,0.8733,3.7143e-05,538,0
0.3,0.6,0.1,5,ecg,1,33.7235,5.552041e-11,0.8772,3.1923e-05,533,0
0.3,0.6,0.1,5,ecg,2,33.5643,5.759292e-11,0.8812,3.3077e-05,534,0
0.4,0.1,0.5,5,sine,0,24.6178,1.721747e-03,0.7362,1.7240e-01,532,0
0.4,0.1,0.5,5,sine,1,24.9020,1.612682e-03,0.7376,1.8657e-01,532,0
0.4,0.1,0.5,5,sine,2,24.6804,1.697093e-03,0.7430,1.7240e-01,532,0
0.4,0.1,0.5,5,chirp,0,23.3488,2.221876e-03,0.7712,2.3412e-01,532,0
0.4,0.1,0.5,5,chirp,1,23.3720,2.210055e-03,0.7714,2.1830e-01,534,0
0.4,0.1,0.5,5,chirp,2,23.4749,2.158276e-03,0.7713,2.3412e-01,532,0
0.4,0.1,0.5,5,spikes,0,10.8525,1.871948e-03,0.7816,1.8282e-01,536,0
0.4,0.1,0.5,5,spikes,1,10.8792,1.860479e-03,0.7772,1.9663e-01,528,0
0.4,0.1,0.5,5,spikes,2,10.9251,1.840925e-03,0.7820,1.9004e-01,537,0
0.4,0.1,0.5,5,ecg,0,32.7188,6.997117e-11,0.8892,4.5000e-05,531,0
0.4,0.1,0.5,5,ecg,1,32.4273,7.482857e-11,0.8802,4.5000e-05,538,0
0.4,0.1,0.5,5,ecg,2,33.3241,6.086834e-11,0.8907,2.8889e-05,534,0
0.4,0.2,0.4,5,sine,0,24.0904,1.944055e-03,0.7207,1.8571e-01,534,0
0.4,0.2,0.4,5,sine,1,23.8206,2.068676e-03,0.7182,1.9373e-01,538,0
0.4,0.2,0.4,5,sine,2,24.1193,1.931191e-03,0.7140,1.8571e-01,536,0
0.4,0.2,0.4,5,chirp,0,22.4726,2.718554e-03,0.7583,2.3412e-01,533,0
0.4,0.2,0.4,5,chirp,1,22.4953,2.704388e-03,0.7652,2.3412e-01,536,0
0.4,0.2,0.4,5,chirp,2,22.9795,2.419105e-03,0.7684,2.1830e-01,533,0
0.4,0.2,0.4,5,spikes,0,10.6070,1.980823e-03,0.7650,1.9361e-01,536,0
0.4,0.2,0.4,5,spikes,1,10.5764,1.994837e-03,0.7641,1.9433e-01,534,0
0.4,0.2,0.4,5,spikes,2,10.9123,1.846356e-03,0.7680,1.8995e-01,535,0
0.4,0.2,0.4,5,ecg,0,33.5769,5.742636e-11,0.8902,3.3077e-05,534,0
0.4,0.2,0.4,5,ecg,1,32.8811,6.740423e-11,0.8847,3.3077e-05,535,0
0.4,0.2,0.4,5,ecg,2,32.8938,6.720738e-11,0.8842,4.5667e-05,534,0
0.4,0.3,0.3,5,sine,0,23.7103,2.121861e-03,0.7043,1.9373e-01,535,0
0.4,0.3,0.3,5,sine,1,23.9103,2.026398e-03,0.7063,1.8571e-01,537,0
0.4,0.3,0.3,5,sine,2,23.9988,1.985491e-03,0.7061,1.9373e-01,536,0
0.4,0.3,0.3,5,chirp,0,22.4908,2.707215e-03,0.7493,2.1830e-01,537,0
0.4,0.3,0.3,5,chirp,1,22.8736,2.478794e-03,0.7425,2.1904e-01,536,0
0.4,0.3,0.3,5,chirp,2,22.8932,2.467650e-03,0.7411,2.1830e-01,538,0
0.4,0.3,0.3,5,spikes,0,10.8106,1.890107e-03,0.7599,1.9833e-01,536,0
0.4,0.3,0.3,5,spikes,1,11.1703,1.739845e-03,0.7670,1.8629e-01,530,0
0.4,0.3,0.3,5,spikes,2,11.3279,1.677861e-03,0.7671,1.8629e-01,533,0
0.4,0.3,0.3,5,ecg,0,33.3307,6.077518e-11,0.8827,3.3077e-05,536,0
0.4,0.3,0.3,5,ecg,1,33.5732,5.747572e-11,0.8817,3.1667e-05,536,0
0.4,0.3,0.3,5,ecg,2,32.7446,6.955639e-11,0.8807,4.5667e-05,536,0
0.4,0.4,0.2,5,sine,0,23.5404,2.206526e-03,0.7063,1.9373e-01,536,0
0.4,0.4,0.2,5,sine,1,23.8706,2.044990e-03,0.7103,1.9373e-01,536,0
0.4,0.4,0.2,5,sine,2,23.9241,2.019961e-03,0.7032,1.9373e-01,535,0
0.4,0.4,0.2,5,chirp,0,22.7198,2.568173e-03,0.7316,2.1830e-01,536,0
0.4,0.4,0.2,5,chirp,1,22.6931,2.583999e-03,0.7335,2.1830e-01,537,0
0.4,0.4,0.2,5,chirp,2,23.1297,2.336858e-03,0.7334,2.1830e-01,536,0
0.4,0.4,0.2,5,spikes,0,10.8668,1.865811e-03,0.7500,2.0641e-01,535,0
0.4,0.4,0.2,5,spikes,1,10.3102,2.120922e-03,0.7407,1.9433e-01,534,0
0.4,0.4,0.2,5,spikes,2,10.9119,1.846516e-03,0.7534,1.7725e-01,536,0
0.4,0.4,0.2,5,ecg,0,33.6730,5.616935e-11,0.8872,3.1923e-05,536,0
0.4,0.4,0.2,5,ecg,1,32.8610,6.771677e-11,0.8772,3.7857e-05,536,0
0.4,0.4,0.2,5,ecg,2,33.7646,5.499702e-11,0.8802,3.1923e-05,538,0
0.4,0.5,0.1,5,sine,0,24.0451,1.964457e-03,0.6938,1.9373e-01,535,0
0.4,0.5,0.1,5,sine,1,24.0151,1.978072e-03,0.6916,1.9373e-01,533,0
0.4,0.5,0.1,5,sine,2,24.4143,1.804345e-03,0.6956,1.8571e-01,531,0
0.4,0.5,0.1,5,chirp,0,23.1227,2.340641e-03,0.7304,2.1830e-01,535,0
0.4,0.5,0.1,5,chirp,1,22.9493,2.435987e-03,0.7250,2.1830e-01,535,0
0.4,0.5,0.1,5,chirp,2,22.5489,2.671227e-03,0.7155,2.1830e-01,536,0
0.4,0.5,0.1,5,spikes,0,10.5550,2.004689e-03,0.7424,2.0641e-01,533,0
0.4,0.5,0.1,5,spikes,1,10.4596,2.049218e-03,0.7428,1.9097e-01,535,0
0.4,0.5,0.1,5,spikes,2,10.3345,2.109088e-03,0.7320,1.9097e-01,538,0
0.4,0.5,0.1,5,ecg,0,32.5166,7.330537e-11,0.8762,4.4400e-05,533,0
0.4,0.5,0.1,5,ecg,1,33.7908,5.466632e-11,0.8762,3.1923e-05,534,0
0.4,0.5,0.1,5,ecg,2,33.5673,5.755326e-11,0.8718,3.3077e-05,533,0
0.5,0.1,0.4,5,sine,0,24.8128,1.646145e-03,0.7389,1.7240e-01,534,0
0.5,0.1,0.4,5,sine,1,24.8818,1.620193e-03,0.7436,1.8508e-01,535,0
0.5,0.1,0.4,5,sine,2,24.8218,1.642762e-03,0.7428,1.8508e-01,533,0
0.5,0.1,0.4,5,chirp,0,23.8819,1.965193e-03,0.7739,1.8266e-01,536,0
0.5,0.1,0.4,5,chirp,1,23.8419,1.983405e-03,0.7712,1.8266e-01,534,0
0.5,0.1,0.4,5,chirp,2,23.7297,2.035303e-03,0.7648,2.4615e-01,536,0
0.5,0.1,0.4,5,spikes,0,10.7751,1.905592e-03,0.7779,1.9004e-01,536,0
0.5,0.1,0.4,5,spikes,1,10.9488,1.830904e-03,0.7800,1.9004e-01,535,0
0.5,0.1,0.4,5,spikes,2,10.7880,1.899940e-03,0.7861,1.8282e-01,533,0
0.5,0.1,0.4,5,ecg,0,31.8532,8.540517e-11,0.8852,4.5667e-05,535,0
0.5,0.1,0.4,5,ecg,1,33.1562,6.326784e-11,0.8882,3.5833e-05,534,0
0.5,0.1,0.4,5,ecg,2,32.8798,6.742503e-11,0.8936,4.5667e-05,524,0
0.5,0.2,0.3,5,sine,0,24.0994,1.940027e-03,0.7269,1.9373e-01,528,0
0.5,0.2,0.3,5,sine,1,24.0229,1.974501e-03,0.7175,1.8571e-01,528,0
0.5,0.2,0.3,5,sine,2,23.9655,2.000782e-03,0.7248,1.9373e-01,533,0
0.5,0.2,0.3,5,chirp,0,22.6632,2.601848e-03,0.7666,2.3412e-01,533,0
0.5,0.2,0.3,5,chirp,1,22.8433,2.496172e-03,0.7678,2.1830e-01,533,0
0.5,0.2,0.3,5,chirp,2,22.9788,2.419475e-03,0.7614,2.1830e-01,534,0
0.5,0.2,0.3,5,spikes,0,10.7661,1.909554e-03,0.7737,1.9004e-01,533,0
0.5,0.2,0.3,5,spikes,1,10.8219,1.885172e-03,0.7754,1.9004e-01,536,0
0.5,0.2,0.3,5,spikes,2,10.9767,1.819154e-03,0.7820,1.9004e-01,514,0
0.5,0.2,0.3,5,ecg,0,33.3552,6.043408e-11,0.8852,3.3077e-05,537,0
0.5,0.2,0.3,5,ecg,1,33.8106,5.441819e-11,0.8872,3.0000e-05,532,0
0.5,0.2,0.3,5,ecg,2,33.3530,6.046499e-11,0.8862,3.0909e-05,536,0
0.5,0.3,0.2,5,sine,0,23.9738,1.996975e-03,0.7060,1.9373e-01,536,0
0.5,0.3,0.2,5,sine,1,24.5061,1.766623e-03,0.7168,1.8571e-01,534,0
0.5,0.3,0.2,5,sine,2,23.9544,2.005922e-03,0.7162,1.9373e-01,535,0
0.5,0.3,0.2,5,chirp,0,23.0768,2.365460e-03,0.7596,2.1830e-01,537,0
0.5,0.3,0.2,5,chirp,1,23.1050,2.350156e-03,0.7710,2.3412e-01,533,0
0.5,0.3,0.2,5,chirp,2,22.9187,2.453156e-03,0.7720,2.1830e-01,534,0
0.5,0.3,0.2,5,spikes,0,10.6552,1.958949e-03,0.7672,1.9833e-01,533,0
0.5,0.3,0.2,5,spikes,1,10.7160,1.931699e-03,0.7687,1.9361e-01,527,0
0.5,0.3,0.2,5,spikes,2,10.6369,1.967232e-03,0.7620,1.9833e-01,537,0
0.5,0.3,0.2,5,ecg,0,33.6581,5.636275e-11,0.8907,3.1667e-05,531,0
0.5,0.3,0.2,5,ecg,1,33.7012,5.580612e-11,0.8867,3.1667e-05,533,0
0.5,0.3,0.2,5,ecg,2,33.3930,5.991034e-11,0.8852,3.8750e-05,537,0
0.5,0.4,0.1,5,sine,0,24.3148,1.846144e-03,0.7086,1.9373e-01,529,0
0.5,0.4,0.1,5,sine,1,23.6717,2.140826e-03,0.7131,1.9373e-01,534,0
0.5,0.4,0.1,5,sine,2,24.1313,1.925835e-03,0.7016,1.9373e-01,536,0
0.5,0.4,0.1,5,chirp,0,22.9438,2.439062e-03,0.7563,2.1830e-01,537,0
0.5,0.4,0.1,5,chirp,1,23.0801,2.363696e-03,0.7529,2.1830e-01,534,0
0.5,0.4,0.1,5,chirp,2,23.0193,2.397004e-03,0.7518,2.1830e-01,534,0
0.5,0.4,0.1,5,spikes,0,10.5165,2.022521e-03,0.7526,1.9361e-01,536,0
0.5,0.4,0.1,5,spikes,1,11.2505,1.708040e-03,0.7648,1.7519e-01,534,0
0.5,0.4,0.1,5,spikes,2,10.6971,1.940147e-03,0.7620,1.9361e-01,534,0
0.5,0.4,0.1,5,ecg,0,33.6053,5.705122e-11,0.8842,3.1667e-05,537,0
0.5,0.4,0.1,5,ecg,1,33.5218,5.815925e-11,0.8842,3.1667e-05,535,0
0.5,0.4,0.1,5,ecg,2,33.6537,5.642013e-11,0.8887,3.1667e-05,534,0
0.6,0.1,0.3,5,sine,0,24.8492,1.632429e-03,0.7427,1.7240e-01,535,0
0.6,0.1,0.3,5,sine,1,24.5621,1.743960e-03,0.7341,1.7240e-01,534,0
0.6,0.1,0.3,5,sine,2,24.5937,1.731351e-03,0.7319,1.7240e-01,537,0
0.6,0.1,0.3,5,chirp,0,23.8213,1.992812e-03,0.7721,2.4615e-01,536,0
0.6,0.1,0.3,5,chirp,1,23.8278,1.989829e-03,0.7785,2.4615e-01,533,0
0.6,0.1,0.3,5,chirp,2,23.5778,2.107741e-03,0.7727,2.4615e-01,535,0
0.6,0.1,0.3,5,spikes,0,10.7699,1.907905e-03,0.7779,1.9004e-01,536,0
0.6,0.1,0.3,5,spikes,1,10.9178,1.843996e-03,0.7771,1.9004e-01,537,0
0.6,0.1,0.3,5,spikes,2,11.0243,1.799346e-03,0.7863,1.8995e-01,530,0
0.6,0.1,0.3,5,ecg,0,32.3368,7.640390e-11,0.8857,4.5000e-05,530,0
0.6,0.1,0.3,5,ecg,1,32.5202,7.324559e-11,0.8862,4.5667e-05,536,0
0.6,0.1,0.3,5,ecg,2,32.2965,7.711679e-11,0.8847,4.5000e-05,537,0
0.6,0.2,0.2,5,sine,0,24.1976,1.896654e-03,0.7216,1.8571e-01,536,0
0.6,0.2,0.2,5,sine,1,23.7418,2.106550e-03,0.7177,1.9373e-01,534,0
0.6,0.2,0.2,5,sine,2,24.0679,1.954151e-03,0.7192,1.8571e-01,533,0
0.6,0.2,0.2,5,chirp,0,22.8983,2.464729e-03,0.7644,2.1830e-01,538,0
0.6,0.2,0.2,5,chirp,1,23.5220,2.135023e-03,0.7660,2.1830e-01,536,0
0.6,0.2,0.2,5,chirp,2,23.4706,2.160406e-03,0.7687,2.1830e-01,534,0
0.6,0.2,0.2,5,spikes,0,10.9728,1.820801e-03,0.7825,1.9004e-01,535,0
0.6,0.2,0.2,5,spikes,1,10.8762,1.861746e-03,0.7800,1.8995e-01,535,0
0.6,0.2,0.2,5,spikes,2,11.0842,1.774685e-03,0.7839,1.8282e-01,534,0
0.6,0.2,0.2,5,ecg,0,33.4516,5.910707e-11,0.8887,3.0909e-05,534,0
0.6,0.2,0.2,5,ecg,1,33.4180,5.956670e-11,0.8907,3.3077e-05,526,0
0.6,0.2,0.2,5,ecg,2,32.9146,6.688606e-11,0.8892,4.5000e-05,536,0
0.6,0.3,0.1,5,sine,0,24.0698,1.953318e-03,0.7088,1.8571e-01,536,0
0.6,0.3,0.1,5,sine,1,23.9032,2.029697e-03,0.7159,1.9373e-01,537,0
0.6,0.3,0.1,5,sine,2,23.6677,2.142818e-03,0.7184,1.9373e-01,535,0
0.6,0.3,0.1,5,chirp,0,23.4623,2.164572e-03,0.7767,2.1830e-01,531,0
0.6,0.3,0.1,5,chirp,1,23.2054,2.296490e-03,0.7680,2.1830e-01,533,0
0.6,0.3,0.1,5,chirp,2,22.8156,2.512133e-03,0.7536,2.1830e-01,539,0
0.6,0.3,0.1,5,spikes,0,10.5367,2.013146e-03,0.7664,1.9361e-01,538,0
0.6,0.3,0.1,5,spikes,1,10.6760,1.949598e-03,0.7668,1.9361e-01,533,0
0.6,0.3,0.1,5,spikes,2,10.8067,1.891810e-03,0.7680,1.9361e-01,533,0
0.6,0.3,0.1,5,ecg,0,33.7109,5.568089e-11,0.8917,2.9375e-05,534,0
0.6,0.3,0.1,5,ecg,1,33.7356,5.536529e-11,0.8912,3.1667e-05,531,0
0.6,0.3,0.1,5,ecg,2,33.6579,5.636476e-11,0.8887,3.3077e-05,529,0
0.7,0.1,0.2,5,sine,0,24.7017,1.688816e-03,0.7315,1.8508e-01,536,0
0.7,0.1,0.2,5,sine,1,24.7163,1.683144e-03,0.7326,1.8508e-01,536,0
0.7,0.1,0.2,5,sine,2,24.4301,1.797811e-03,0.7321,1.7240e-01,536,0
0.7,0.1,0.2,5,chirp,0,23.7299,2.035237e-03,0.7763,1.8266e-01,534,0
0.7,0.1,0.2,5,chirp,1,23.6829,2.057341e-03,0.7727,1.8266e-01,537,0
0.7,0.1,0.2,5,chirp,2,23.6272,2.083894e-03,0.7738,2.4615e-01,532,0
0.7,0.1,0.2,5,spikes,0,10.8236,1.884428e-03,0.7752,1.8995e-01,532,0
0.7,0.1,0.2,5,spikes,1,10.7304,1.925336e-03,0.7824,1.9004e-01,532,0
0.7,0.1,0.2,5,spikes,2,10.7124,1.933311e-03,0.7798,2.0317e-01,535,0
0.7,0.1,0.2,5,ecg,0,32.5423,7.287403e-11,0.8887,4.5667e-05,533,0
0.7,0.1,0.2,5,ecg,1,32.2751,7.749750e-11,0.8862,4.5000e-05,537,0
0.7,0.1,0.2,5,ecg,2,33.2038,6.257835e-11,0.8877,3.2692e-05,536,0
0.7,0.2,0.1,5,sine,0,24.1396,1.922150e-03,0.7328,1.9373e-01,533,0
0.7,0.2,0.1,5,sine,1,24.4164,1.803495e-03,0.7435,1.9373e-01,535,0
0.7,0.2,0.1,5,sine,2,24.4539,1.787957e-03,0.7497,1.9373e-01,526,0
0.7,0.2,0.1,5,chirp,0,23.6334,2.080930e-03,0.7674,2.1830e-01,534,0
0.7,0.2,0.1,5,chirp,1,23.2066,2.295838e-03,0.7649,2.1830e-01,536,0
0.7,0.2,0.1,5,chirp,2,23.4719,2.159794e-03,0.7699,2.1830e-01,533,0
0.7,0.2,0.1,5,spikes,0,10.6388,1.966373e-03,0.7743,1.9004e-01,537,0
0.7,0.2,0.1,5,spikes,1,10.7754,1.905464e-03,0.7798,1.8995e-01,537,0
0.7,0.2,0.1,5,spikes,2,10.8005,1.894487e-03,0.7781,1.8995e-01,537,0
0.7,0.2,0.1,5,ecg,0,32.6666,7.081792e-11,0.8867,4.5000e-05,535,0
0.7,0.2,0.1,5,ecg,1,33.4065,5.972427e-11,0.8862,3.0909e-05,539,0
0.7,0.2,0.1,5,ecg,2,33.6045,5.706268e-11,0.8872,3.3077e-05,535,0
0.8,0.1,0.1,5,sine,0,24.6123,1.723946e-03,0.7358,1.8508e-01,535,0
0.8,0.1,0.1,5,sine,1,24.5610,1.744403e-03,0.7356,1.8508e-01,535,0
0.8,0.1,0.1,5,sine,2,24.3817,1.817945e-03,0.7348,1.7240e-01,534,0
0.8,0.1,0.1,5,chirp,0,23.7948,2.005038e-03,0.7782,2.4615e-01,533,0
0.8,0.1,0.1,5,chirp,1,23.6860,2.055908e-03,0.7762,2.4615e-01,535,0
0.8,0.1,0.1,5,chirp,2,23.4760,2.157736e-03,0.7733,2.4615e-01,536,0
0.8,0.1,0.1,5,spikes,0,10.8826,1.859007e-03,0.7765,1.9004e-01,532,0
0.8,0.1,0.1,5,spikes,1,10.8830,1.858865e-03,0.7821,2.0317e-01,532,0
0.8,0.1,0.1,5,spikes,2,10.9771,1.819007e-03,0.7839,1.8995e-01,527,0
0.8,0.1,0.1,5,ecg,0,32.3993,7.531282e-11,0.8897,4.5000e-05,533,0
0.8,0.1,0.1,5,ecg,1,33.3506,6.049724e-11,0.8912,3.2692e-05,536,0
0.8,0.1,0.1,5,ecg,2,32.4297,7.478761e-11,0.8897,4.5000e-05,533,0
